anon_polygon_id,status,start,end,n_days,severity_max,mean_zscore,observed_n,reconstructed_n,weather_context
AOI-0001,critical,2011-04-18,2011-04-19,2,critical,-5.802177676532419,2,0,dry_context
AOI-0001,critical,2011-04-23,2011-04-23,1,critical,-11.686047419323378,1,0,dry_context
AOI-0001,critical,2011-04-26,2011-04-26,1,critical,-9.757489739673126,1,0,dry_context
AOI-0001,critical,2011-05-09,2011-05-09,1,critical,-12.499992164880316,1,0,weather_unavailable_or_unusual
AOI-0001,critical,2011-05-25,2011-05-25,1,critical,-5.411272693572652,1,0,dry_context
AOI-0001,critical,2011-05-28,2011-05-28,1,critical,-10.131388369994461,1,0,dry_context
AOI-0001,suppression,2011-06-06,2011-06-06,1,moderate,-1.0426223901764482,1,0,dry_context
AOI-0001,critical,2012-05-08,2012-05-08,1,moderate,-2.3823944256035094,1,0,weather_unavailable_or_unusual
AOI-0001,critical,2012-06-23,2012-06-23,1,critical,-5.244239726724348,1,0,dry_context
AOI-0001,critical,2012-06-25,2012-06-25,1,critical,-3.872130986342105,1,0,dry_context
AOI-0001,suppression,2012-07-09,2012-07-09,1,moderate,-1.7194148583089002,0,1,weather_unavailable_or_unusual
AOI-0001,suppression,2012-07-11,2012-07-11,1,moderate,-1.2920823813762239,0,1,weather_unavailable_or_unusual
AOI-0001,suppression,2012-08-10,2012-08-10,1,moderate,-1.1227627193049388,0,1,weather_unavailable_or_unusual
AOI-0001,suppression,2012-09-27,2012-09-27,1,moderate,-1.396166541448925,1,0,dry_context
AOI-0001,suppression,2013-06-26,2013-06-26,1,moderate,-1.5032986662322734,1,0,dry_context
AOI-0001,suppression,2014-04-10,2014-04-10,1,moderate,-1.1583516812388923,1,0,dry_context
AOI-0001,critical,2014-04-18,2014-04-18,1,moderate,-2.610455938195784,0,1,weather_unavailable_or_unusual
AOI-0001,critical,2014-04-23,2014-04-23,1,critical,-4.707416515938597,1,0,dry_context
AOI-0001,critical,2014-04-27,2014-04-27,1,critical,-5.811739313964714,1,0,dry_context
AOI-0001,critical,2014-05-04,2014-05-04,1,critical,-6.683864711214203,1,0,dry_context
AOI-0001,critical,2014-05-09,2014-05-09,1,critical,-6.829694493389799,1,0,dry_context
AOI-0001,critical,2014-05-20,2014-05-21,2,critical,-5.6783054953536505,2,0,dry_context
AOI-0001,suppression,2015-07-12,2015-07-12,1,moderate,-1.6261305529676373,1,0,dry_context
AOI-0001,suppression,2015-08-03,2015-08-03,1,moderate,-1.0652618866863417,1,0,dry_context
AOI-0001,suppression,2015-08-12,2015-08-12,1,moderate,-1.074360593075078,0,1,weather_unavailable_or_unusual
AOI-0001,suppression,2015-09-29,2015-09-29,1,moderate,-1.8254843600856718,1,0,dry_context
AOI-0001,suppression,2015-10-06,2015-10-06,1,moderate,-1.0708666502989057,1,0,dry_context
AOI-0001,suppression,2016-04-22,2016-04-22,1,moderate,-1.6972293213383924,1,0,dry_context
AOI-0001,critical,2016-04-23,2016-04-24,2,moderate,-2.3167564366192632,2,0,dry_context
AOI-0001,critical,2016-05-02,2016-05-02,1,high,-3.4095336445118734,1,0,dry_context
AOI-0001,critical,2016-05-08,2016-05-08,1,critical,-3.974101796306844,1,0,dry_context
AOI-0001,critical,2016-05-10,2016-05-10,1,moderate,-2.3909450849705247,1,0,dry_context
AOI-0001,critical,2016-05-25,2016-05-25,1,moderate,-2.1236950242015746,1,0,dry_context
AOI-0001,critical,2016-06-10,2016-06-10,1,moderate,-2.0039376320647095,1,0,weather_unavailable_or_unusual
AOI-0001,suppression,2018-06-10,2018-06-10,1,moderate,-1.0866786011701244,1,0,dry_context
AOI-0001,suppression,2018-06-24,2018-06-24,1,moderate,-1.0219849017542524,1,0,dry_context
AOI-0001,suppression,2018-07-18,2018-07-18,1,moderate,-1.1218331769723207,1,0,dry_context
AOI-0001,suppression,2018-07-26,2018-07-26,1,moderate,-1.2094144401030014,1,0,dry_context
AOI-0001,suppression,2018-08-27,2018-08-27,1,moderate,-1.1906722667409129,1,0,dry_context
AOI-0001,suppression,2018-09-28,2018-09-28,1,moderate,-1.0308574796048005,0,1,weather_unavailable_or_unusual
AOI-0001,suppression,2018-10-30,2018-10-30,1,moderate,-1.6292584611484238,1,0,dry_context
AOI-0001,suppression,2019-04-01,2019-04-01,1,moderate,-1.3610794284350356,1,0,weather_unavailable_or_unusual
AOI-0001,suppression,2019-04-06,2019-04-06,1,moderate,-1.4069129627023438,1,0,dry_context
AOI-0001,suppression,2019-04-21,2019-04-21,1,moderate,-1.4928111058345477,1,0,dry_context
AOI-0001,critical,2019-04-26,2019-04-26,1,moderate,-2.3144440887761655,1,0,dry_context
AOI-0001,critical,2019-05-01,2019-05-02,2,critical,-3.262080180483085,2,0,weather_unavailable_or_unusual
AOI-0001,critical,2019-05-06,2019-05-06,1,moderate,-2.178242109208582,1,0,dry_context
AOI-0001,suppression,2019-05-09,2019-05-09,1,moderate,-1.3373797325900163,1,0,weather_unavailable_or_unusual
AOI-0001,critical,2019-05-11,2019-05-11,1,high,-2.754333652713485,0,1,weather_unavailable_or_unusual
AOI-0001,suppression,2019-05-16,2019-05-16,1,moderate,-1.4011172228607003,1,0,dry_context
AOI-0001,suppression,2019-05-21,2019-05-21,1,moderate,-1.043137598681398,1,0,dry_context
AOI-0001,suppression,2019-08-24,2019-08-24,1,moderate,-1.587327710757057,1,0,dry_and_hot_context
AOI-0001,critical,2019-09-18,2019-09-18,1,moderate,-2.485118620180422,0,1,weather_unavailable_or_unusual
AOI-0001,critical,2019-09-23,2019-09-23,1,critical,-3.6206810694679015,1,0,dry_context
AOI-0001,suppression,2020-05-15,2020-05-15,1,moderate,-1.628366747090303,1,0,weather_unavailable_or_unusual
AOI-0001,suppression,2020-07-04,2020-07-04,1,moderate,-1.1103767181570616,1,0,dry_context
AOI-0001,suppression,2020-07-14,2020-07-14,1,moderate,-1.2514807606496932,0,1,weather_unavailable_or_unusual
AOI-0001,suppression,2020-07-19,2020-07-19,1,moderate,-1.2572597741712064,1,0,dry_context
AOI-0001,suppression,2020-07-24,2020-07-24,1,moderate,-1.07817862792512,1,0,dry_context
AOI-0001,suppression,2020-07-31,2020-07-31,1,moderate,-1.1529221197097428,1,0,dry_context
AOI-0001,suppression,2020-08-03,2020-08-03,1,moderate,-1.5152805184531448,1,0,dry_context
AOI-0001,suppression,2020-08-08,2020-08-08,1,moderate,-1.1708510927424658,0,1,weather_unavailable_or_unusual
AOI-0001,suppression,2020-10-12,2020-10-12,1,moderate,-1.4647476604372056,0,1,weather_unavailable_or_unusual
AOI-0001,suppression,2021-04-06,2021-04-06,1,moderate,-1.4393948619250887,1,0,dry_context
AOI-0001,suppression,2021-04-15,2021-04-15,1,moderate,-1.1693106916343166,1,0,dry_context
AOI-0001,suppression,2021-04-29,2021-04-29,1,moderate,-1.6910723366790883,1,0,dry_context
AOI-0001,suppression,2021-05-05,2021-05-05,1,moderate,-1.3434623179069063,1,0,dry_context
AOI-0001,suppression,2021-05-08,2021-05-08,1,moderate,-1.1585917701293034,1,0,dry_context
AOI-0001,critical,2021-05-15,2021-05-15,1,moderate,-2.484453828315282,0,1,weather_unavailable_or_unusual
AOI-0001,critical,2021-05-20,2021-05-20,1,high,-2.8410665468746465,0,1,weather_unavailable_or_unusual
AOI-0001,suppression,2021-05-23,2021-05-23,1,moderate,-1.8865197629599573,1,0,dry_context
AOI-0001,suppression,2021-05-25,2021-05-25,1,moderate,-1.1036760482952277,1,0,weather_unavailable_or_unusual
AOI-0001,critical,2021-05-31,2021-05-31,1,moderate,-2.1956777015961833,1,0,dry_context
AOI-0001,critical,2021-06-09,2021-06-09,1,moderate,-2.516988718200566,1,0,weather_unavailable_or_unusual
AOI-0001,critical,2021-08-12,2021-08-12,1,critical,-7.476368532912606,1,0,weather_unavailable_or_unusual
AOI-0001,suppression,2021-09-02,2021-09-02,1,moderate,-1.3653980115191764,1,0,weather_unavailable_or_unusual
AOI-0001,suppression,2021-10-07,2021-10-07,1,moderate,-1.0680248649033048,1,0,dry_context
AOI-0001,critical,2021-10-12,2021-10-12,1,moderate,-2.7437544098268183,1,0,dry_context
AOI-0001,suppression,2022-08-03,2022-08-03,1,moderate,-1.0756324378321012,1,0,weather_unavailable_or_unusual
AOI-0001,suppression,2022-08-28,2022-08-28,1,moderate,-1.0717888781467446,1,0,dry_context
AOI-0001,critical,2022-09-17,2022-09-17,1,critical,-4.439045489194447,1,0,dry_context
AOI-0001,suppression,2023-08-03,2023-08-03,1,moderate,-1.0817873721726456,0,1,weather_unavailable_or_unusual
AOI-0001,suppression,2023-08-23,2023-08-23,1,moderate,-1.0452111084154327,1,0,dry_context
AOI-0001,suppression,2023-10-02,2023-10-02,1,moderate,-1.074792011634523,1,0,dry_context
AOI-0001,critical,2023-10-26,2023-10-26,1,critical,-4.246409735190015,1,0,weather_unavailable_or_unusual
AOI-0001,suppression,2024-08-12,2024-08-12,1,moderate,-1.4151523644513928,1,0,dry_context
AOI-0001,suppression,2024-08-17,2024-08-17,1,moderate,-1.393160867026252,1,0,dry_context
AOI-0001,suppression,2024-08-22,2024-08-22,1,moderate,-1.5522916688766049,1,0,dry_context
AOI-0001,suppression,2024-08-27,2024-08-27,1,moderate,-1.7815683755526295,1,0,dry_context
AOI-0001,suppression,2024-09-01,2024-09-01,1,moderate,-1.6018674875431205,1,0,dry_context
AOI-0001,suppression,2024-09-06,2024-09-06,1,moderate,-1.1782247125123528,1,0,dry_context
AOI-0001,suppression,2024-09-11,2024-09-11,1,moderate,-1.5355822947623128,0,1,weather_unavailable_or_unusual
AOI-0001,suppression,2024-09-16,2024-09-16,1,moderate,-1.196774236236661,0,1,weather_unavailable_or_unusual
AOI-0001,suppression,2024-09-21,2024-09-21,1,moderate,-1.3067809138983113,1,0,dry_context
AOI-0001,suppression,2024-09-26,2024-09-26,1,moderate,-1.5156570526300277,1,0,dry_context
AOI-0001,suppression,2024-10-01,2024-10-01,1,moderate,-1.2546252380404124,1,0,dry_context
AOI-0001,suppression,2024-10-06,2024-10-06,1,moderate,-1.534587198830259,1,0,dry_context
AOI-0001,suppression,2024-10-11,2024-10-11,1,moderate,-1.428043980713231,1,0,dry_context
AOI-0001,critical,2024-10-26,2024-10-26,1,moderate,-2.0553173814755143,1,0,dry_context
AOI-0001,suppression,2025-04-01,2025-04-01,1,moderate,-1.1708526568830866,1,0,dry_context
AOI-0001,critical,2025-05-01,2025-05-01,1,moderate,-2.4339911336337345,1,0,dry_context
AOI-0001,critical,2025-05-03,2025-05-04,2,moderate,-2.2480161300879065,1,1,dry_context
AOI-0001,suppression,2025-05-09,2025-05-09,1,moderate,-1.6132052319555645,1,0,weather_unavailable_or_unusual
AOI-0001,critical,2025-05-14,2025-05-14,1,moderate,-2.6133252171794052,1,0,dry_context
AOI-0001,critical,2025-05-19,2025-05-19,1,critical,-4.047634547672774,1,0,weather_unavailable_or_unusual
AOI-0001,critical,2025-05-24,2025-05-24,1,high,-3.0860594470307325,1,0,dry_context
AOI-0001,suppression,2025-05-25,2025-05-25,1,moderate,-1.4569385886798718,1,0,dry_context
AOI-0001,critical,2025-06-03,2025-06-03,1,moderate,-2.3196441486535173,0,1,weather_unavailable_or_unusual
AOI-0001,suppression,2025-06-08,2025-06-08,1,moderate,-1.8322652531046695,1,0,dry_context
AOI-0001,suppression,2025-09-08,2025-09-08,1,moderate,-1.444123613769155,1,0,dry_context
AOI-0001,suppression,2025-09-11,2025-09-11,1,moderate,-1.4039763731028099,1,0,dry_context
AOI-0002,suppression,2025-06-08,2025-06-08,1,moderate,-1.0858233794502874,1,0,dry_context
AOI-0002,suppression,2025-06-10,2025-06-10,1,moderate,-1.2151853949051594,1,0,weather_unavailable_or_unusual
AOI-0002,suppression,2025-06-13,2025-06-13,1,moderate,-1.231271948273007,1,0,dry_context
AOI-0003,suppression,2025-06-27,2025-06-28,2,moderate,-1.1295420416713646,2,0,dry_context
AOI-0003,suppression,2025-06-30,2025-06-30,1,moderate,-1.494773866573618,1,0,dry_context
AOI-0003,suppression,2025-07-03,2025-07-03,1,moderate,-1.329994361350917,1,0,weather_unavailable_or_unusual
AOI-0003,suppression,2025-07-05,2025-07-05,1,moderate,-1.108194228011333,1,0,dry_context
AOI-0003,suppression,2025-07-07,2025-07-08,2,moderate,-1.0369344391531627,1,1,dry_context
AOI-0003,suppression,2025-07-17,2025-07-17,1,moderate,-1.0521364390704677,1,0,dry_context
AOI-0003,suppression,2025-07-23,2025-07-23,1,moderate,-1.0058837101347113,1,0,dry_context
AOI-0003,suppression,2025-08-02,2025-08-02,1,moderate,-1.1454265827822523,1,0,dry_context
AOI-0003,suppression,2025-08-24,2025-08-24,1,moderate,-1.0611378663606879,1,0,dry_context
AOI-0003,suppression,2025-09-08,2025-09-08,1,moderate,-1.063366340122364,1,0,dry_context
AOI-0006,suppression,2025-05-01,2025-05-01,1,moderate,-1.144483871213169,1,0,weather_unavailable_or_unusual
AOI-0006,suppression,2025-05-03,2025-05-04,2,moderate,-1.0755899650144873,2,0,weather_unavailable_or_unusual
AOI-0006,suppression,2025-05-14,2025-05-14,1,moderate,-1.5149961087913908,1,0,weather_unavailable_or_unusual
AOI-0006,suppression,2025-05-19,2025-05-19,1,moderate,-1.5238370250980136,1,0,weather_unavailable_or_unusual
AOI-0006,suppression,2025-05-24,2025-05-24,1,moderate,-1.3405091188899505,1,0,weather_unavailable_or_unusual
AOI-0007,critical,2025-06-13,2025-06-13,1,moderate,-2.4079961342733256,1,0,dry_context
AOI-0007,suppression,2025-06-15,2025-06-15,1,moderate,-1.0083150756235715,1,0,weather_unavailable_or_unusual
AOI-0007,suppression,2025-06-28,2025-06-28,1,moderate,-1.447563447874368,1,0,dry_context
AOI-0007,suppression,2025-06-30,2025-06-30,1,moderate,-1.002544310912894,1,0,weather_unavailable_or_unusual
AOI-0007,suppression,2025-07-10,2025-07-10,1,moderate,-1.032947775907754,1,0,dry_and_hot_context
AOI-0007,suppression,2025-07-13,2025-07-13,1,moderate,-1.016136647102703,1,0,dry_and_hot_context
AOI-0007,suppression,2025-07-15,2025-07-15,1,moderate,-1.0556723309788787,1,0,dry_context
AOI-0007,suppression,2025-07-17,2025-07-18,2,moderate,-1.1030783211476163,2,0,dry_context
AOI-0007,suppression,2025-07-23,2025-07-23,1,moderate,-1.0680609621024582,1,0,dry_context
AOI-0007,suppression,2025-07-25,2025-07-25,1,moderate,-1.0463504156813233,1,0,dry_context
AOI-0007,suppression,2025-07-30,2025-07-30,1,moderate,-1.01139180097033,1,0,dry_context
AOI-0007,suppression,2025-08-02,2025-08-02,1,moderate,-1.4806120418879842,1,0,dry_context
AOI-0007,suppression,2025-08-06,2025-08-06,1,moderate,-1.0266616614079653,1,0,dry_context
AOI-0007,suppression,2025-08-09,2025-08-09,1,moderate,-1.1145050842165405,1,0,dry_context
AOI-0007,suppression,2025-08-24,2025-08-24,1,moderate,-1.0336522754207704,1,0,dry_context
AOI-0007,suppression,2025-09-01,2025-09-01,1,moderate,-1.0251940742539165,1,0,dry_context
AOI-0007,suppression,2025-09-05,2025-09-05,1,moderate,-1.1396307592230113,1,0,dry_context
AOI-0008,suppression,2025-07-05,2025-07-05,1,moderate,-1.0211295855117506,1,0,weather_unavailable_or_unusual
AOI-0008,suppression,2025-07-07,2025-07-07,1,moderate,-1.02775066934865,1,0,weather_unavailable_or_unusual
AOI-0008,suppression,2025-07-30,2025-07-30,1,moderate,-1.0228688955518146,1,0,weather_unavailable_or_unusual
AOI-0008,suppression,2025-08-06,2025-08-07,2,moderate,-1.0808941160458332,2,0,weather_unavailable_or_unusual
AOI-0008,suppression,2025-08-09,2025-08-09,1,moderate,-1.0058684013040053,1,0,weather_unavailable_or_unusual
AOI-0008,suppression,2025-08-24,2025-08-24,1,moderate,-1.0513886386912912,1,0,weather_unavailable_or_unusual
AOI-0008,suppression,2025-09-01,2025-09-01,1,moderate,-1.0040100883950895,0,1,weather_unavailable_or_unusual
AOI-0009,suppression,2025-06-07,2025-06-08,2,moderate,-1.1175944575694312,2,0,dry_context
AOI-0009,suppression,2025-06-10,2025-06-10,1,moderate,-1.2249421426591844,1,0,weather_unavailable_or_unusual
AOI-0009,suppression,2025-06-13,2025-06-13,1,moderate,-1.3840661178682423,1,0,dry_context
AOI-0009,suppression,2025-06-15,2025-06-15,1,moderate,-1.4072523496875722,1,0,weather_unavailable_or_unusual
AOI-0009,suppression,2025-06-27,2025-06-27,1,moderate,-1.08879183131403,1,0,dry_context
AOI-0009,suppression,2025-06-30,2025-06-30,1,moderate,-1.1797153697088318,0,1,weather_unavailable_or_unusual
AOI-0009,suppression,2025-07-05,2025-07-05,1,moderate,-1.031855944287869,0,1,weather_unavailable_or_unusual
AOI-0009,suppression,2025-07-07,2025-07-08,2,moderate,-1.091910520720543,2,0,dry_context
AOI-0009,suppression,2025-07-10,2025-07-10,1,moderate,-1.0730372279732194,0,1,weather_unavailable_or_unusual
AOI-0009,suppression,2025-07-15,2025-07-15,1,moderate,-1.0267977910774029,1,0,dry_context
AOI-0009,suppression,2025-07-17,2025-07-17,1,moderate,-1.0136476161616557,1,0,dry_context
AOI-0009,suppression,2025-08-02,2025-08-02,1,moderate,-1.2510692756006248,1,0,dry_context
AOI-0009,suppression,2025-09-05,2025-09-05,1,moderate,-1.5756126380698874,1,0,dry_context
AOI-0009,suppression,2025-10-05,2025-10-05,1,moderate,-1.6515408665436448,1,0,weather_unavailable_or_unusual
AOI-0009,suppression,2025-10-13,2025-10-13,1,moderate,-1.0786672182660688,1,0,dry_context
AOI-0010,critical,2011-04-19,2011-04-19,1,critical,-3.977501395563933,1,0,weather_unavailable_or_unusual
AOI-0010,suppression,2011-08-17,2011-08-17,1,moderate,-1.8379730437641801,1,0,weather_unavailable_or_unusual
AOI-0010,critical,2011-09-02,2011-09-02,1,moderate,-2.6320331052048833,1,0,weather_unavailable_or_unusual
AOI-0010,suppression,2011-09-18,2011-09-18,1,moderate,-1.0175344434793434,1,0,weather_unavailable_or_unusual
AOI-0010,suppression,2012-04-06,2012-04-06,1,moderate,-1.5386894636360426,1,0,weather_unavailable_or_unusual
AOI-0010,suppression,2012-04-13,2012-04-13,1,moderate,-1.7504700787340122,0,1,weather_unavailable_or_unusual
AOI-0010,suppression,2012-04-29,2012-04-29,1,moderate,-1.5618715973153332,1,0,weather_unavailable_or_unusual
AOI-0010,critical,2012-05-08,2012-05-08,1,critical,-9.873695864527246,1,0,weather_unavailable_or_unusual
AOI-0010,critical,2012-05-24,2012-05-24,1,critical,-15.893318537698523,1,0,weather_unavailable_or_unusual
AOI-0010,suppression,2012-06-09,2012-06-09,1,moderate,-1.8354370165772205,1,0,weather_unavailable_or_unusual
AOI-0010,suppression,2012-07-18,2012-07-18,1,moderate,-1.7315528206191682,1,0,weather_unavailable_or_unusual
AOI-0010,critical,2012-09-04,2012-09-04,1,high,-3.4736676147510566,1,0,weather_unavailable_or_unusual
AOI-0010,suppression,2012-10-06,2012-10-06,1,moderate,-1.259474270473268,1,0,weather_unavailable_or_unusual
AOI-0010,critical,2013-05-25,2013-05-25,1,critical,-4.10790247429144,0,1,weather_unavailable_or_unusual
AOI-0010,suppression,2013-08-06,2013-08-06,1,moderate,-1.713943689746515,1,0,weather_unavailable_or_unusual
AOI-0010,critical,2013-08-14,2013-08-14,1,high,-2.8837288000325025,1,0,weather_unavailable_or_unusual
AOI-0010,critical,2013-10-09,2013-10-09,1,moderate,-2.002530184114875,1,0,weather_unavailable_or_unusual
AOI-0010,critical,2013-10-25,2013-10-25,1,critical,-3.7086555864028887,1,0,weather_unavailable_or_unusual
AOI-0010,critical,2014-05-25,2014-05-25,1,critical,-3.792560629393482,1,0,weather_unavailable_or_unusual
AOI-0010,suppression,2014-06-22,2014-06-22,1,moderate,-1.3810259514539642,1,0,weather_unavailable_or_unusual
AOI-0010,critical,2014-06-30,2014-06-30,1,moderate,-2.043046507595716,1,0,weather_unavailable_or_unusual
AOI-0010,critical,2014-07-24,2014-07-24,1,moderate,-2.331794677328508,1,0,weather_unavailable_or_unusual
AOI-0010,suppression,2014-08-09,2014-08-09,1,moderate,-1.0514868078584465,1,0,weather_unavailable_or_unusual
AOI-0010,suppression,2014-08-25,2014-08-25,1,moderate,-1.2459815429272585,1,0,weather_unavailable_or_unusual
AOI-0010,critical,2014-09-02,2014-09-02,1,high,-2.905799480366276,1,0,weather_unavailable_or_unusual
AOI-0010,suppression,2014-09-18,2014-09-18,1,moderate,-1.5392101197132797,1,0,weather_unavailable_or_unusual
AOI-0010,critical,2014-09-26,2014-09-26,1,moderate,-2.279087216979626,1,0,weather_unavailable_or_unusual
AOI-0010,suppression,2014-10-04,2014-10-04,1,moderate,-1.9122047076200637,1,0,weather_unavailable_or_unusual
AOI-0010,critical,2014-10-12,2014-10-12,1,moderate,-2.486040568578726,1,0,weather_unavailable_or_unusual
AOI-0010,critical,2014-10-28,2014-10-28,1,critical,-4.684873600241485,1,0,weather_unavailable_or_unusual
AOI-0010,critical,2015-04-06,2015-04-07,2,high,-2.4326802536092056,1,1,weather_unavailable_or_unusual
AOI-0010,suppression,2015-04-14,2015-04-14,1,moderate,-1.8069096512290923,0,1,weather_unavailable_or_unusual
AOI-0010,critical,2015-04-23,2015-04-23,1,moderate,-2.7050727078228816,1,0,weather_unavailable_or_unusual
AOI-0010,critical,2015-04-30,2015-04-30,1,high,-2.939261607981152,1,0,weather_unavailable_or_unusual
AOI-0010,critical,2015-05-09,2015-05-09,1,critical,-4.599035825893396,1,0,weather_unavailable_or_unusual
AOI-0010,critical,2015-05-24,2015-05-25,2,critical,-7.433440211922432,1,1,weather_unavailable_or_unusual
AOI-0010,suppression,2015-06-01,2015-06-01,1,moderate,-1.3134898733038767,1,0,weather_unavailable_or_unusual
AOI-0010,suppression,2015-06-09,2015-06-09,1,moderate,-1.190335611150368,1,0,weather_unavailable_or_unusual
AOI-0010,suppression,2015-07-27,2015-07-27,1,moderate,-1.2867102213960884,1,0,weather_unavailable_or_unusual
AOI-0010,suppression,2015-08-12,2015-08-12,1,moderate,-1.594152516884713,1,0,weather_unavailable_or_unusual
AOI-0010,suppression,2016-06-27,2016-06-27,1,moderate,-1.2081715898434102,1,0,weather_unavailable_or_unusual
AOI-0010,suppression,2016-09-15,2016-09-15,1,moderate,-1.7038197042562844,1,0,weather_unavailable_or_unusual
AOI-0010,suppression,2017-04-03,2017-04-03,1,moderate,-1.7362184140569592,0,1,weather_unavailable_or_unusual
AOI-0010,suppression,2017-04-13,2017-04-13,1,moderate,-1.1084331555666063,1,0,weather_unavailable_or_unusual
AOI-0010,suppression,2017-07-02,2017-07-02,1,moderate,-1.0278751488921456,1,0,weather_unavailable_or_unusual
AOI-0010,suppression,2017-07-16,2017-07-16,1,moderate,-1.307271020442143,1,0,weather_unavailable_or_unusual
AOI-0010,suppression,2017-07-27,2017-07-27,1,moderate,-1.5277673038217459,1,0,weather_unavailable_or_unusual
AOI-0010,suppression,2017-08-01,2017-08-01,1,moderate,-1.5940358688081857,0,1,weather_unavailable_or_unusual
AOI-0010,suppression,2017-08-04,2017-08-04,1,moderate,-1.6385150171973752,0,1,weather_unavailable_or_unusual
AOI-0010,critical,2017-08-06,2017-08-06,1,moderate,-2.0297601526704225,1,0,weather_unavailable_or_unusual
AOI-0010,critical,2017-08-09,2017-08-09,1,moderate,-2.3462423218739024,1,0,weather_unavailable_or_unusual
AOI-0010,suppression,2017-08-11,2017-08-11,1,moderate,-1.749428534503577,1,0,weather_unavailable_or_unusual
AOI-0010,suppression,2017-08-14,2017-08-14,1,moderate,-1.904233488440773,1,0,weather_unavailable_or_unusual
AOI-0010,suppression,2017-08-17,2017-08-17,1,moderate,-1.4857376924978085,1,0,weather_unavailable_or_unusual
AOI-0010,suppression,2017-08-21,2017-08-21,1,moderate,-1.476387367189279,1,0,weather_unavailable_or_unusual
AOI-0010,suppression,2017-08-26,2017-08-26,1,moderate,-1.6889686022658004,1,0,weather_unavailable_or_unusual
AOI-0010,suppression,2017-09-05,2017-09-05,1,moderate,-1.1299554387237751,1,0,weather_unavailable_or_unusual
AOI-0010,suppression,2017-09-13,2017-09-13,1,moderate,-1.0042344117159416,1,0,weather_unavailable_or_unusual
AOI-0010,suppression,2017-09-15,2017-09-15,1,moderate,-1.1532302122337086,1,0,weather_unavailable_or_unusual
AOI-0010,suppression,2017-09-20,2017-09-20,1,moderate,-1.0765601981837978,1,0,weather_unavailable_or_unusual
AOI-0010,suppression,2017-09-25,2017-09-25,1,moderate,-1.299767754455283,1,0,weather_unavailable_or_unusual
AOI-0010,suppression,2017-10-05,2017-10-05,1,moderate,-1.0367844550990308,1,0,weather_unavailable_or_unusual
AOI-0010,suppression,2017-10-08,2017-10-08,1,moderate,-1.0305770776882293,1,0,weather_unavailable_or_unusual
AOI-0010,suppression,2018-05-25,2018-05-25,1,moderate,-1.5905257089580567,1,0,weather_unavailable_or_unusual
AOI-0010,critical,2018-07-02,2018-07-02,1,moderate,-2.6073045586515864,1,0,weather_unavailable_or_unusual
AOI-0010,suppression,2018-09-05,2018-09-05,1,moderate,-1.1216998088683912,1,0,weather_unavailable_or_unusual
AOI-0010,suppression,2018-09-13,2018-09-13,1,moderate,-1.3003000168735657,1,0,weather_unavailable_or_unusual
AOI-0010,critical,2019-04-01,2019-04-01,1,moderate,-2.3025130299732925,1,0,weather_unavailable_or_unusual
AOI-0010,suppression,2019-04-06,2019-04-06,1,moderate,-1.2198277177381107,0,1,weather_unavailable_or_unusual
AOI-0010,suppression,2019-06-05,2019-06-05,1,moderate,-1.3212970047230894,1,0,weather_unavailable_or_unusual
AOI-0010,suppression,2019-06-20,2019-06-20,1,moderate,-1.27669680976829,0,1,weather_unavailable_or_unusual
AOI-0010,suppression,2019-06-22,2019-06-22,1,moderate,-1.8335599631620885,1,0,weather_unavailable_or_unusual
AOI-0010,critical,2019-06-25,2019-06-25,1,moderate,-2.310310062300939,1,0,weather_unavailable_or_unusual
AOI-0010,critical,2019-06-27,2019-06-27,1,moderate,-2.6584033603294657,0,1,weather_unavailable_or_unusual
AOI-0010,suppression,2019-06-28,2019-06-28,1,moderate,-1.5510777252527674,1,0,weather_unavailable_or_unusual
AOI-0010,critical,2019-07-02,2019-07-02,1,moderate,-2.515247658407386,1,0,weather_unavailable_or_unusual
AOI-0010,critical,2019-07-05,2019-07-05,1,moderate,-2.196371724225359,1,0,weather_unavailable_or_unusual
AOI-0010,suppression,2019-07-06,2019-07-06,1,moderate,-1.8003362803350007,1,0,weather_unavailable_or_unusual
AOI-0010,critical,2019-07-07,2019-07-07,1,critical,-3.9660884686793363,1,0,weather_unavailable_or_unusual
AOI-0010,critical,2019-07-17,2019-07-17,1,moderate,-2.1765253066430357,1,0,weather_unavailable_or_unusual
AOI-0010,suppression,2019-07-20,2019-07-20,1,moderate,-1.636640699519848,0,1,weather_unavailable_or_unusual
AOI-0010,suppression,2019-07-22,2019-07-22,1,moderate,-1.512323862678099,1,0,weather_unavailable_or_unusual
AOI-0010,suppression,2019-09-23,2019-09-23,1,moderate,-1.9332656602278875,0,1,weather_unavailable_or_unusual
AOI-0010,suppression,2019-10-20,2019-10-20,1,moderate,-1.3140090878370794,1,0,weather_unavailable_or_unusual
AOI-0010,suppression,2020-05-10,2020-05-10,1,moderate,-1.433974036518998,1,0,weather_unavailable_or_unusual
AOI-0010,suppression,2020-05-12,2020-05-13,2,moderate,-1.1541796533698259,2,0,weather_unavailable_or_unusual
AOI-0010,critical,2020-05-15,2020-05-15,1,moderate,-2.235374248360544,1,0,weather_unavailable_or_unusual
AOI-0010,critical,2020-05-17,2020-05-17,1,moderate,-2.644175626496258,1,0,weather_unavailable_or_unusual
AOI-0010,suppression,2020-05-24,2020-05-24,1,moderate,-1.4998889257037122,1,0,weather_unavailable_or_unusual
AOI-0010,suppression,2020-06-24,2020-06-24,1,moderate,-1.0654047089595238,1,0,weather_unavailable_or_unusual
AOI-0010,suppression,2020-06-29,2020-06-29,1,moderate,-1.3106235961150734,1,0,weather_unavailable_or_unusual
AOI-0010,suppression,2020-07-01,2020-07-01,1,moderate,-1.7999464038406197,1,0,weather_unavailable_or_unusual
AOI-0010,suppression,2020-07-04,2020-07-04,1,moderate,-1.2227390537430949,1,0,weather_unavailable_or_unusual
AOI-0010,suppression,2020-07-06,2020-07-06,1,moderate,-1.301477398185283,1,0,weather_unavailable_or_unusual
AOI-0010,suppression,2020-07-09,2020-07-09,1,moderate,-1.2458386218870654,1,0,weather_unavailable_or_unusual
AOI-0010,suppression,2020-07-11,2020-07-11,1,moderate,-1.4675976448723436,1,0,weather_unavailable_or_unusual
AOI-0010,critical,2020-07-14,2020-07-14,1,high,-2.787983556819162,1,0,weather_unavailable_or_unusual
AOI-0010,suppression,2020-07-16,2020-07-16,1,moderate,-1.7270497989146931,0,1,weather_unavailable_or_unusual
AOI-0010,suppression,2020-07-19,2020-07-19,1,moderate,-1.809087515203653,0,1,weather_unavailable_or_unusual
AOI-0010,suppression,2020-07-24,2020-07-24,1,moderate,-1.1758326911706596,1,0,weather_unavailable_or_unusual
AOI-0010,suppression,2020-07-26,2020-07-26,1,moderate,-1.6380214246760458,0,1,weather_unavailable_or_unusual
AOI-0010,suppression,2020-07-29,2020-07-29,1,moderate,-1.171901516691659,1,0,weather_unavailable_or_unusual
AOI-0010,suppression,2020-07-31,2020-07-31,1,moderate,-1.1931600824350153,0,1,weather_unavailable_or_unusual
AOI-0010,suppression,2020-08-03,2020-08-03,1,moderate,-1.9038402437068662,1,0,weather_unavailable_or_unusual
AOI-0010,suppression,2020-08-05,2020-08-05,1,moderate,-1.0184507098896258,1,0,weather_unavailable_or_unusual
AOI-0010,suppression,2020-08-18,2020-08-18,1,moderate,-1.0226458583833913,1,0,weather_unavailable_or_unusual
AOI-0010,suppression,2020-09-19,2020-09-19,1,moderate,-1.589158981685783,0,1,weather_unavailable_or_unusual
AOI-0010,suppression,2020-09-24,2020-09-24,1,moderate,-1.1628946091276111,1,0,weather_unavailable_or_unusual
AOI-0010,suppression,2020-09-27,2020-09-27,1,moderate,-1.0256028729597535,0,1,weather_unavailable_or_unusual
AOI-0010,suppression,2020-10-12,2020-10-12,1,moderate,-1.493566483531906,1,0,weather_unavailable_or_unusual
AOI-0010,suppression,2020-10-17,2020-10-17,1,moderate,-1.4994045126862805,1,0,weather_unavailable_or_unusual
AOI-0010,suppression,2020-10-27,2020-10-27,1,moderate,-1.9966213470430072,1,0,weather_unavailable_or_unusual
AOI-0010,critical,2021-04-02,2021-04-02,1,critical,-4.0656323823756795,1,0,weather_unavailable_or_unusual
AOI-0010,suppression,2021-04-06,2021-04-06,1,moderate,-1.99854893251423,1,0,weather_unavailable_or_unusual
AOI-0010,critical,2021-04-07,2021-04-07,1,moderate,-2.257793145039834,1,0,weather_unavailable_or_unusual
AOI-0010,critical,2021-04-15,2021-04-15,1,high,-3.4268764295201706,1,0,weather_unavailable_or_unusual
AOI-0010,critical,2021-04-22,2021-04-22,1,high,-3.4218350385997143,1,0,weather_unavailable_or_unusual
AOI-0010,suppression,2021-04-23,2021-04-23,1,moderate,-1.7068904708116746,1,0,weather_unavailable_or_unusual
AOI-0010,critical,2021-04-30,2021-04-30,1,moderate,-2.6528326327443796,1,0,weather_unavailable_or_unusual
AOI-0010,critical,2021-05-02,2021-05-02,1,moderate,-2.4195207163215477,1,0,weather_unavailable_or_unusual
AOI-0010,critical,2021-05-05,2021-05-05,1,high,-3.275404342130267,0,1,weather_unavailable_or_unusual
AOI-0010,critical,2021-05-08,2021-05-08,1,high,-3.4340849356666596,1,0,weather_unavailable_or_unusual
AOI-0010,suppression,2021-05-09,2021-05-09,1,moderate,-1.9788380208188323,0,1,weather_unavailable_or_unusual
AOI-0010,critical,2021-05-12,2021-05-12,1,high,-3.4050245317184427,1,0,weather_unavailable_or_unusual
AOI-0010,critical,2021-05-15,2021-05-16,2,critical,-4.035779134395053,2,0,weather_unavailable_or_unusual
AOI-0010,critical,2021-05-20,2021-05-20,1,critical,-4.545899531185274,1,0,weather_unavailable_or_unusual
AOI-0010,critical,2021-05-25,2021-05-25,1,high,-2.865413694482828,1,0,weather_unavailable_or_unusual
AOI-0010,suppression,2021-07-01,2021-07-01,1,moderate,-1.1505318591032103,1,0,weather_unavailable_or_unusual
AOI-0010,critical,2022-04-27,2022-04-27,1,moderate,-2.2017926491227175,1,0,weather_unavailable_or_unusual
AOI-0010,suppression,2022-09-14,2022-09-14,1,moderate,-1.7106765304117968,1,0,weather_unavailable_or_unusual
AOI-0010,suppression,2024-07-05,2024-07-05,1,moderate,-1.0746147792614593,1,0,weather_unavailable_or_unusual
AOI-0010,suppression,2024-07-15,2024-07-15,1,moderate,-1.2236527819411693,0,1,weather_unavailable_or_unusual
AOI-0010,suppression,2024-07-18,2024-07-18,1,moderate,-1.4305716586112855,1,0,weather_unavailable_or_unusual
AOI-0010,suppression,2024-07-20,2024-07-20,1,moderate,-1.864103025556222,1,0,weather_unavailable_or_unusual
AOI-0010,suppression,2024-07-25,2024-07-25,1,moderate,-1.3648567987499058,1,0,weather_unavailable_or_unusual
AOI-0010,critical,2025-04-01,2025-04-01,1,moderate,-2.674053888217389,1,0,weather_unavailable_or_unusual
AOI-0010,suppression,2025-04-07,2025-04-07,1,moderate,-1.7364758210795987,1,0,weather_unavailable_or_unusual
AOI-0010,critical,2025-04-14,2025-04-14,1,moderate,-2.0550505480522734,1,0,weather_unavailable_or_unusual
AOI-0010,critical,2025-04-16,2025-04-16,1,moderate,-2.0977104575128185,0,1,weather_unavailable_or_unusual
AOI-0010,suppression,2025-04-17,2025-04-19,3,moderate,-1.742466646804124,2,1,weather_unavailable_or_unusual
AOI-0010,suppression,2025-04-24,2025-04-24,1,moderate,-1.490911024095356,1,0,weather_unavailable_or_unusual
AOI-0010,suppression,2025-04-28,2025-04-28,1,moderate,-1.2341544618378033,1,0,weather_unavailable_or_unusual
AOI-0010,critical,2025-06-30,2025-06-30,1,critical,-3.5436035903805325,1,0,weather_unavailable_or_unusual
AOI-0010,suppression,2025-07-13,2025-07-13,1,moderate,-1.0231464049096264,1,0,weather_unavailable_or_unusual
AOI-0010,suppression,2025-07-15,2025-07-15,1,moderate,-1.4435838795203233,1,0,weather_unavailable_or_unusual
AOI-0010,suppression,2025-07-18,2025-07-18,1,moderate,-1.5336666637964635,1,0,weather_unavailable_or_unusual
AOI-0010,suppression,2025-07-23,2025-07-23,1,moderate,-1.6109659653973478,1,0,weather_unavailable_or_unusual
AOI-0010,suppression,2025-07-25,2025-07-25,1,moderate,-1.5164163760385116,0,1,weather_unavailable_or_unusual
AOI-0010,suppression,2025-07-28,2025-07-28,1,moderate,-1.106262572656836,1,0,weather_unavailable_or_unusual
AOI-0010,suppression,2025-07-30,2025-07-30,1,moderate,-1.0668505881768953,0,1,weather_unavailable_or_unusual
AOI-0010,critical,2025-08-02,2025-08-02,1,high,-2.879225780008406,1,0,weather_unavailable_or_unusual
AOI-0010,suppression,2025-08-06,2025-08-06,1,moderate,-1.0170001526012233,1,0,weather_unavailable_or_unusual
AOI-0010,suppression,2025-10-05,2025-10-05,1,moderate,-1.12745970457417,0,1,weather_unavailable_or_unusual
AOI-0011,suppression,2025-06-07,2025-06-08,2,moderate,-1.2004692220682482,2,0,dry_context
AOI-0011,suppression,2025-06-10,2025-06-10,1,moderate,-1.2261606107744973,1,0,weather_unavailable_or_unusual
AOI-0011,suppression,2025-06-13,2025-06-13,1,moderate,-1.322739556768388,1,0,dry_context
AOI-0011,suppression,2025-06-15,2025-06-15,1,moderate,-1.4341504347483063,1,0,weather_unavailable_or_unusual
AOI-0011,suppression,2025-06-27,2025-06-28,2,moderate,-1.322524357260733,2,0,dry_context
AOI-0011,suppression,2025-07-05,2025-07-05,1,moderate,-1.002062537355365,1,0,dry_context
AOI-0011,suppression,2025-10-05,2025-10-05,1,moderate,-1.3311029331118631,0,1,weather_unavailable_or_unusual
AOI-0011,suppression,2025-10-13,2025-10-13,1,moderate,-1.0089337119752142,1,0,dry_context
AOI-0012,suppression,2025-06-08,2025-06-08,1,moderate,-1.2235132312486532,1,0,weather_unavailable_or_unusual
AOI-0012,suppression,2025-06-10,2025-06-10,1,moderate,-1.2293101085584206,1,0,weather_unavailable_or_unusual
AOI-0012,suppression,2025-06-15,2025-06-15,1,moderate,-1.5127101420691926,0,1,weather_unavailable_or_unusual
AOI-0012,suppression,2025-06-28,2025-06-28,1,moderate,-1.625215508199801,1,0,weather_unavailable_or_unusual
AOI-0012,suppression,2025-07-05,2025-07-05,1,moderate,-1.0956223395544322,1,0,weather_unavailable_or_unusual
AOI-0012,suppression,2025-07-07,2025-07-08,2,moderate,-1.0781907958583128,2,0,weather_unavailable_or_unusual
AOI-0012,suppression,2025-07-10,2025-07-10,1,moderate,-1.0547996568413591,0,1,weather_unavailable_or_unusual
AOI-0012,suppression,2025-07-15,2025-07-15,1,moderate,-1.0744369401968374,1,0,weather_unavailable_or_unusual
AOI-0012,suppression,2025-07-18,2025-07-18,1,moderate,-1.0621665730933776,0,1,weather_unavailable_or_unusual
AOI-0012,suppression,2025-07-23,2025-07-23,1,moderate,-1.012834711798977,1,0,weather_unavailable_or_unusual
AOI-0012,suppression,2025-07-25,2025-07-25,1,moderate,-1.0152959618876298,1,0,weather_unavailable_or_unusual
AOI-0012,suppression,2025-08-02,2025-08-02,1,moderate,-1.0418483329184562,1,0,weather_unavailable_or_unusual
AOI-0013,critical,2011-04-18,2011-04-19,2,critical,-15.540082696272396,1,1,weather_unavailable_or_unusual
AOI-0013,critical,2011-04-23,2011-04-23,1,critical,-14.851077184015326,1,0,weather_unavailable_or_unusual
AOI-0013,critical,2011-04-26,2011-04-26,1,critical,-14.297416085520796,0,1,weather_unavailable_or_unusual
AOI-0013,critical,2011-05-04,2011-05-04,1,critical,-5.414216429949295,1,0,weather_unavailable_or_unusual
AOI-0013,suppression,2011-05-09,2011-05-09,1,moderate,-1.9513225586577774,1,0,weather_unavailable_or_unusual
AOI-0013,critical,2011-05-25,2011-05-25,1,high,-3.3396465863453795,1,0,weather_unavailable_or_unusual
AOI-0013,suppression,2011-06-06,2011-06-06,1,moderate,-1.0482075083017808,1,0,weather_unavailable_or_unusual
AOI-0013,critical,2012-04-22,2012-04-22,1,high,-2.821161572292575,1,0,weather_unavailable_or_unusual
AOI-0013,suppression,2012-09-29,2012-09-29,1,moderate,-1.6065978133424408,1,0,weather_unavailable_or_unusual
AOI-0013,suppression,2014-07-08,2014-07-08,1,moderate,-1.0832683276877222,1,0,weather_unavailable_or_unusual
AOI-0013,suppression,2017-04-02,2017-04-02,1,moderate,-1.0105167826593542,1,0,weather_unavailable_or_unusual
AOI-0013,suppression,2017-04-11,2017-04-11,1,moderate,-1.125867687139773,0,1,weather_unavailable_or_unusual
AOI-0013,suppression,2018-04-30,2018-05-01,2,moderate,-1.1674331354530851,2,0,weather_unavailable_or_unusual
AOI-0013,suppression,2018-05-03,2018-05-03,1,moderate,-1.4003156350289951,1,0,weather_unavailable_or_unusual
AOI-0013,suppression,2018-05-31,2018-05-31,1,moderate,-1.0114854818717085,1,0,weather_unavailable_or_unusual
AOI-0013,suppression,2018-06-02,2018-06-02,1,moderate,-1.125387238263136,1,0,weather_unavailable_or_unusual
AOI-0013,suppression,2018-06-20,2018-06-20,1,moderate,-1.1764985184968542,1,0,weather_unavailable_or_unusual
AOI-0013,suppression,2018-07-02,2018-07-02,1,moderate,-1.1004570155992626,1,0,weather_unavailable_or_unusual
AOI-0013,suppression,2018-07-10,2018-07-10,1,moderate,-1.3090839226545543,1,0,weather_unavailable_or_unusual
AOI-0013,suppression,2018-07-26,2018-07-26,1,moderate,-1.2854606966855406,1,0,weather_unavailable_or_unusual
AOI-0013,suppression,2019-08-23,2019-08-23,1,moderate,-1.1337475519487332,1,0,weather_unavailable_or_unusual
AOI-0013,critical,2019-09-23,2019-09-23,1,critical,-3.902097431842922,1,0,weather_unavailable_or_unusual
AOI-0013,suppression,2020-05-20,2020-05-20,1,moderate,-1.0969568888663115,1,0,weather_unavailable_or_unusual
AOI-0013,suppression,2020-05-30,2020-05-30,1,moderate,-1.8506122261024534,1,0,weather_unavailable_or_unusual
AOI-0013,critical,2020-08-13,2020-08-13,1,high,-3.001192671087196,1,0,weather_unavailable_or_unusual
AOI-0013,suppression,2020-09-13,2020-09-13,1,moderate,-1.478093802729687,1,0,weather_unavailable_or_unusual
AOI-0013,suppression,2020-09-29,2020-09-29,1,moderate,-1.3343829357515997,1,0,weather_unavailable_or_unusual
AOI-0013,suppression,2021-04-02,2021-04-02,1,moderate,-1.0660185061628733,1,0,weather_unavailable_or_unusual
AOI-0013,suppression,2021-04-15,2021-04-15,1,moderate,-1.0939412968373223,1,0,weather_unavailable_or_unusual
AOI-0013,suppression,2021-04-22,2021-04-22,1,moderate,-1.44237766618135,1,0,weather_unavailable_or_unusual
AOI-0013,suppression,2021-04-30,2021-04-30,1,moderate,-1.122143701873384,1,0,weather_unavailable_or_unusual
AOI-0013,suppression,2021-10-07,2021-10-07,1,moderate,-1.0437227245196528,1,0,weather_unavailable_or_unusual
AOI-0013,suppression,2022-06-24,2022-06-24,1,moderate,-1.4908597469829021,1,0,weather_unavailable_or_unusual
AOI-0013,critical,2022-09-01,2022-09-01,1,moderate,-2.1419561642484903,1,0,weather_unavailable_or_unusual
AOI-0013,suppression,2023-07-04,2023-07-04,1,moderate,-1.9998702166136366,1,0,weather_unavailable_or_unusual
AOI-0013,suppression,2023-10-17,2023-10-17,1,moderate,-1.0145070779313363,0,1,weather_unavailable_or_unusual
AOI-0013,critical,2024-07-30,2024-07-30,1,moderate,-2.5514952984921733,1,0,weather_unavailable_or_unusual
AOI-0013,suppression,2024-10-03,2024-10-03,1,moderate,-1.6129390250368882,1,0,weather_unavailable_or_unusual
AOI-0013,suppression,2024-10-15,2024-10-15,1,moderate,-1.1585613637579544,1,0,weather_unavailable_or_unusual
AOI-0013,suppression,2025-06-10,2025-06-10,1,moderate,-1.4659601557224613,1,0,weather_unavailable_or_unusual
AOI-0013,critical,2025-06-13,2025-06-13,1,moderate,-2.7129735519503075,1,0,weather_unavailable_or_unusual
AOI-0014,critical,2011-04-18,2011-04-19,2,critical,-3.441144729486285,1,1,dry_context
AOI-0014,critical,2011-04-23,2011-04-23,1,moderate,-2.2000958612343986,1,0,dry_context
AOI-0014,critical,2011-04-26,2011-04-26,1,high,-3.2606343328840457,0,1,weather_unavailable_or_unusual
AOI-0014,critical,2011-05-04,2011-05-04,1,critical,-16.642765391647508,1,0,weather_unavailable_or_unusual
AOI-0014,critical,2011-05-09,2011-05-09,1,critical,-7.224968840822251,0,1,weather_unavailable_or_unusual
AOI-0014,critical,2011-05-21,2011-05-21,1,high,-3.1922594566283955,1,0,dry_context
AOI-0014,critical,2011-05-25,2011-05-25,1,high,-3.4639426079970828,1,0,dry_context
AOI-0014,critical,2011-05-28,2011-05-28,1,critical,-6.575564430074473,0,1,weather_unavailable_or_unusual
AOI-0014,critical,2011-06-05,2011-06-06,2,critical,-3.284822092483358,2,0,dry_context
AOI-0014,critical,2011-09-25,2011-09-26,2,high,-2.8187211700042822,2,0,dry_context
AOI-0014,suppression,2012-06-09,2012-06-09,1,moderate,-1.074427006115172,1,0,dry_context
AOI-0014,critical,2012-06-23,2012-06-23,1,critical,-4.143411569144095,1,0,dry_context
AOI-0014,critical,2012-06-25,2012-06-25,1,moderate,-2.0175131013737198,0,1,weather_unavailable_or_unusual
AOI-0014,critical,2012-07-09,2012-07-09,1,high,-3.1169936133605964,1,0,dry_context
AOI-0014,suppression,2012-07-11,2012-07-11,1,moderate,-1.0978364535756062,1,0,weather_unavailable_or_unusual
AOI-0014,suppression,2012-07-18,2012-07-18,1,moderate,-1.1608880518127134,1,0,dry_context
AOI-0014,suppression,2012-07-25,2012-07-25,1,moderate,-1.3100343874623563,1,0,dry_context
AOI-0014,suppression,2012-09-20,2012-09-20,1,moderate,-1.0433351093177907,1,0,dry_context
AOI-0014,suppression,2013-04-16,2013-04-16,1,moderate,-1.0119746968312477,1,0,dry_context
AOI-0014,critical,2013-04-24,2013-04-24,1,moderate,-2.3360768131141643,1,0,dry_context
AOI-0014,critical,2013-05-01,2013-05-02,2,moderate,-2.1379611440242607,2,0,dry_context
AOI-0014,critical,2013-05-09,2013-05-09,1,high,-3.2116435990595837,0,1,weather_unavailable_or_unusual
AOI-0014,suppression,2013-06-03,2013-06-03,1,moderate,-1.9960569613097845,1,0,dry_context
AOI-0014,critical,2014-06-22,2014-06-22,1,critical,-3.724315960343013,1,0,weather_unavailable_or_unusual
AOI-0014,critical,2014-06-26,2014-06-26,1,moderate,-2.381457686233304,0,1,weather_unavailable_or_unusual
AOI-0014,suppression,2014-06-29,2014-06-30,2,moderate,-1.535115905403272,1,1,dry_context
AOI-0014,suppression,2014-07-12,2014-07-12,1,moderate,-1.2519157965978225,1,0,dry_context
AOI-0014,suppression,2014-07-24,2014-07-24,1,moderate,-1.0827105495216875,1,0,dry_context
AOI-0014,critical,2014-07-31,2014-08-01,2,moderate,-2.294749178484909,2,0,dry_context
AOI-0014,critical,2014-08-08,2014-08-09,2,high,-2.6937840439531033,2,0,dry_context
AOI-0014,suppression,2014-08-13,2014-08-13,1,moderate,-1.5057035977545026,1,0,dry_context
AOI-0014,critical,2014-08-16,2014-08-17,2,moderate,-2.4768979624389926,1,1,dry_and_hot_context
AOI-0014,suppression,2014-08-24,2014-08-24,1,moderate,-1.1855858245032962,1,0,dry_context
AOI-0014,suppression,2015-06-24,2015-06-24,1,moderate,-1.2924166778910833,1,0,weather_unavailable_or_unusual
AOI-0014,suppression,2015-09-04,2015-09-04,1,moderate,-1.034263119363497,1,0,dry_context
AOI-0014,suppression,2015-09-29,2015-09-29,1,moderate,-1.0039738830824831,1,0,dry_context
AOI-0014,suppression,2015-10-06,2015-10-06,1,moderate,-1.529714167331938,1,0,dry_context
AOI-0014,suppression,2016-04-23,2016-04-23,1,moderate,-1.0015338859575875,1,0,dry_context
AOI-0014,suppression,2016-05-01,2016-05-01,1,moderate,-1.4753458701241169,1,0,dry_context
AOI-0014,critical,2016-05-09,2016-05-10,2,high,-2.6910987895225897,1,1,dry_context
AOI-0014,critical,2016-05-18,2016-05-18,1,moderate,-2.585475802135568,1,0,weather_unavailable_or_unusual
AOI-0014,critical,2016-05-25,2016-05-25,1,moderate,-2.383005153651412,1,0,dry_context
AOI-0014,suppression,2016-10-08,2016-10-08,1,moderate,-1.200020417183857,1,0,dry_context
AOI-0014,suppression,2017-06-26,2017-06-26,1,moderate,-1.1572612762820507,1,0,dry_context
AOI-0014,suppression,2017-06-29,2017-06-30,2,moderate,-1.3233904671768464,2,0,dry_context
AOI-0014,suppression,2017-07-02,2017-07-02,1,moderate,-1.7440496846418834,1,0,dry_context
AOI-0014,suppression,2017-07-27,2017-07-27,1,moderate,-1.1755481206071305,1,0,dry_context
AOI-0014,suppression,2017-08-01,2017-08-01,1,moderate,-1.5296578193754247,1,0,dry_context
AOI-0014,suppression,2017-08-04,2017-08-04,1,moderate,-1.7955188090199994,1,0,dry_and_hot_context
AOI-0014,suppression,2017-08-06,2017-08-06,1,moderate,-1.7099430494931571,0,1,weather_unavailable_or_unusual
AOI-0014,suppression,2017-08-08,2017-08-09,2,moderate,-1.7863894816070913,2,0,dry_and_hot_context
AOI-0014,suppression,2017-08-11,2017-08-11,1,moderate,-1.9290365219347285,1,0,dry_context
AOI-0014,suppression,2017-08-14,2017-08-14,1,moderate,-1.4962952804908927,1,0,dry_context
AOI-0014,suppression,2017-08-17,2017-08-17,1,moderate,-1.5304178960385924,1,0,dry_context
AOI-0014,suppression,2017-08-21,2017-08-21,1,moderate,-1.1383335150412768,0,1,weather_unavailable_or_unusual
AOI-0014,suppression,2017-08-26,2017-08-26,1,moderate,-1.1947383977982386,1,0,dry_context
AOI-0014,suppression,2017-08-29,2017-08-29,1,moderate,-1.5230331990162733,1,0,dry_context
AOI-0014,suppression,2017-09-05,2017-09-05,1,moderate,-1.33590303916232,1,0,dry_context
AOI-0014,suppression,2017-09-08,2017-09-08,1,moderate,-1.098436421178099,1,0,dry_context
AOI-0014,suppression,2017-09-13,2017-09-13,1,moderate,-1.0849610111159838,1,0,dry_context
AOI-0014,suppression,2017-09-15,2017-09-15,1,moderate,-1.2011725996971778,1,0,dry_context
AOI-0014,suppression,2017-09-20,2017-09-20,1,moderate,-1.1060612945937178,1,0,dry_context
AOI-0014,suppression,2018-05-25,2018-05-25,1,moderate,-1.0627824629665974,1,0,dry_context
AOI-0014,suppression,2018-06-10,2018-06-10,1,moderate,-1.43623086769234,1,0,dry_context
AOI-0014,critical,2018-06-15,2018-06-15,1,moderate,-2.079246660453785,1,0,dry_context
AOI-0014,suppression,2018-06-16,2018-06-16,1,moderate,-1.5664487148670405,1,0,dry_context
AOI-0014,critical,2018-06-20,2018-06-20,1,moderate,-2.178327790927765,1,0,dry_context
AOI-0014,critical,2018-06-24,2018-06-24,1,moderate,-2.537139764124376,0,1,weather_unavailable_or_unusual
AOI-0014,suppression,2018-06-26,2018-06-26,1,moderate,-1.1928532642667702,1,0,dry_context
AOI-0014,suppression,2018-07-02,2018-07-02,1,moderate,-1.3864669961455054,1,0,dry_context
AOI-0014,suppression,2018-07-10,2018-07-10,1,moderate,-1.038892928743345,1,0,dry_context
AOI-0014,suppression,2019-04-01,2019-04-01,1,moderate,-1.3812702203298224,0,1,weather_unavailable_or_unusual
AOI-0014,suppression,2019-04-06,2019-04-06,1,moderate,-1.6498741418668446,1,0,dry_context
AOI-0014,suppression,2019-04-21,2019-04-21,1,moderate,-1.0052352340349062,0,1,weather_unavailable_or_unusual
AOI-0014,suppression,2019-04-23,2019-04-23,1,moderate,-1.037920020552524,1,0,dry_context
AOI-0014,suppression,2019-04-25,2019-04-26,2,moderate,-1.7720957386918177,2,0,dry_context
AOI-0014,suppression,2019-04-28,2019-04-28,1,moderate,-1.9513823298702881,1,0,dry_context
AOI-0014,critical,2019-05-01,2019-05-02,2,moderate,-2.1620968901145146,1,1,dry_context
AOI-0014,critical,2019-05-06,2019-05-06,1,high,-2.806521241038667,1,0,dry_context
AOI-0014,critical,2019-05-08,2019-05-08,1,high,-2.9273874769951793,1,0,weather_unavailable_or_unusual
AOI-0014,suppression,2019-05-09,2019-05-09,1,moderate,-1.070336015971661,0,1,weather_unavailable_or_unusual
AOI-0014,critical,2019-05-11,2019-05-11,1,high,-2.776736915845462,1,0,dry_context
AOI-0014,critical,2019-05-16,2019-05-16,1,high,-3.0497930048349833,1,0,dry_context
AOI-0014,critical,2019-05-18,2019-05-19,2,high,-2.767744526631523,2,0,dry_context
AOI-0014,critical,2019-05-21,2019-05-21,1,moderate,-2.5684432007013065,1,0,dry_context
AOI-0014,critical,2019-09-18,2019-09-18,1,critical,-4.461838581557077,1,0,weather_unavailable_or_unusual
AOI-0014,critical,2019-09-30,2019-09-30,1,high,-2.835331022763071,1,0,weather_unavailable_or_unusual
AOI-0014,suppression,2019-10-20,2019-10-20,1,moderate,-1.1280424533516469,1,0,dry_context
AOI-0014,suppression,2020-05-10,2020-05-10,1,moderate,-1.0083743071646227,1,0,weather_unavailable_or_unusual
AOI-0014,suppression,2020-06-06,2020-06-06,1,moderate,-1.0149442798531985,1,0,dry_context
AOI-0014,suppression,2020-06-11,2020-06-11,1,moderate,-1.7862379326521196,1,0,dry_context
AOI-0014,critical,2020-06-24,2020-06-24,1,moderate,-2.0415947829115844,1,0,dry_context
AOI-0014,suppression,2020-06-25,2020-06-26,2,moderate,-1.223740516153987,1,1,dry_context
AOI-0014,suppression,2020-06-29,2020-06-29,1,moderate,-1.4320685769303203,1,0,dry_context
AOI-0014,suppression,2020-07-01,2020-07-01,1,moderate,-1.6428662231655977,1,0,dry_context
AOI-0014,suppression,2020-07-04,2020-07-04,1,moderate,-1.5199105630793428,1,0,dry_context
AOI-0014,suppression,2020-07-06,2020-07-07,2,moderate,-1.3369545304150185,2,0,dry_and_hot_context
AOI-0014,suppression,2020-07-14,2020-07-16,3,moderate,-1.0829901766069205,3,0,dry_context
AOI-0014,suppression,2020-07-19,2020-07-19,1,moderate,-1.036085060343733,1,0,dry_context
AOI-0014,suppression,2020-07-24,2020-07-24,1,moderate,-1.1421958731667385,1,0,dry_context
AOI-0014,suppression,2020-07-31,2020-07-31,1,moderate,-1.398348464453108,1,0,dry_context
AOI-0014,suppression,2020-08-03,2020-08-03,1,moderate,-1.5359966840330868,1,0,dry_context
AOI-0014,suppression,2020-08-05,2020-08-05,1,moderate,-1.4418876256099988,1,0,dry_context
AOI-0014,suppression,2020-08-08,2020-08-08,1,moderate,-1.3213149498902992,1,0,dry_context
AOI-0014,suppression,2020-08-10,2020-08-10,1,moderate,-1.3411496066535291,1,0,dry_context
AOI-0014,suppression,2020-08-13,2020-08-13,1,moderate,-1.0771922689121776,1,0,dry_context
AOI-0014,suppression,2020-08-20,2020-08-20,1,moderate,-1.0891565727114547,1,0,dry_context
AOI-0014,suppression,2020-08-23,2020-08-23,1,moderate,-1.1993753586197853,1,0,dry_context
AOI-0014,suppression,2020-09-07,2020-09-07,1,moderate,-1.1312494851746024,1,0,dry_context
AOI-0014,suppression,2020-09-19,2020-09-19,1,moderate,-1.2698321582228613,1,0,dry_context
AOI-0014,suppression,2020-09-27,2020-09-27,1,moderate,-1.3259246472451096,1,0,dry_context
AOI-0014,suppression,2020-10-03,2020-10-03,1,moderate,-1.3274095009101068,1,0,dry_context
AOI-0014,suppression,2020-10-12,2020-10-12,1,moderate,-1.3737400538385338,1,0,dry_context
AOI-0014,suppression,2020-10-17,2020-10-17,1,moderate,-1.2316633474844465,1,0,dry_context
AOI-0014,suppression,2020-10-19,2020-10-19,1,moderate,-1.0530433135452437,1,0,weather_unavailable_or_unusual
AOI-0014,suppression,2020-10-29,2020-10-29,1,moderate,-1.7593433452117389,1,0,dry_context
AOI-0014,suppression,2021-07-31,2021-07-31,1,moderate,-1.0084655101345015,1,0,dry_context
AOI-0014,suppression,2021-08-03,2021-08-03,1,moderate,-1.0044511265533111,1,0,dry_and_hot_context
AOI-0014,suppression,2021-08-08,2021-08-08,1,moderate,-1.004285795429347,1,0,weather_unavailable_or_unusual
AOI-0014,suppression,2021-09-02,2021-09-02,1,moderate,-1.6981635912179907,1,0,weather_unavailable_or_unusual
AOI-0014,suppression,2021-09-20,2021-09-20,1,moderate,-1.5715521544207116,1,0,weather_unavailable_or_unusual
AOI-0014,suppression,2021-09-29,2021-09-29,1,moderate,-1.4073921293749185,1,0,dry_context
AOI-0014,suppression,2021-10-12,2021-10-12,1,moderate,-1.698522492998851,0,1,weather_unavailable_or_unusual
AOI-0014,suppression,2021-10-15,2021-10-15,1,moderate,-1.2773567689714689,1,0,dry_context
AOI-0014,suppression,2022-04-02,2022-04-02,1,moderate,-1.0320657525357926,1,0,dry_context
AOI-0014,suppression,2022-04-05,2022-04-05,1,moderate,-1.1879228727685267,1,0,dry_context
AOI-0014,suppression,2022-04-25,2022-04-25,1,moderate,-1.6368239629101209,1,0,dry_context
AOI-0014,suppression,2022-04-27,2022-04-27,1,moderate,-1.6428495035069763,1,0,dry_context
AOI-0014,critical,2022-05-07,2022-05-07,1,moderate,-2.039100677216892,1,0,dry_context
AOI-0014,suppression,2022-05-09,2022-05-09,1,moderate,-1.3100303412042467,1,0,dry_context
AOI-0014,critical,2022-05-10,2022-05-11,2,high,-3.088609581297667,2,0,dry_context
AOI-0014,critical,2022-05-15,2022-05-15,1,critical,-3.5955033978819557,0,1,weather_unavailable_or_unusual
AOI-0014,critical,2022-05-26,2022-05-27,2,critical,-3.160696333550151,0,2,weather_unavailable_or_unusual
AOI-0014,critical,2022-05-30,2022-05-30,1,critical,-3.950475638105412,1,0,dry_context
AOI-0014,critical,2022-06-01,2022-06-01,1,high,-3.0545933726671954,1,0,dry_context
AOI-0014,critical,2022-06-03,2022-06-03,1,moderate,-2.0781079070214004,1,0,dry_context
AOI-0014,critical,2022-06-06,2022-06-06,1,moderate,-2.4939341143531313,1,0,dry_context
AOI-0014,suppression,2022-06-09,2022-06-09,1,moderate,-1.8048746807045148,1,0,dry_context
AOI-0014,suppression,2022-06-11,2022-06-11,1,moderate,-1.128837210640863,1,0,dry_context
AOI-0014,suppression,2022-09-29,2022-09-29,1,moderate,-1.8728760293194142,1,0,dry_context
AOI-0014,suppression,2022-10-17,2022-10-17,1,moderate,-1.102043889782552,1,0,dry_context
AOI-0014,suppression,2023-06-29,2023-06-29,1,moderate,-1.048209746221176,1,0,dry_context
AOI-0014,suppression,2023-09-14,2023-09-14,1,moderate,-1.3345565903519392,1,0,dry_context
AOI-0014,suppression,2023-10-09,2023-10-09,1,moderate,-1.2171140812803614,1,0,dry_context
AOI-0014,suppression,2023-10-17,2023-10-17,1,moderate,-1.8772315339604695,1,0,dry_context
AOI-0014,suppression,2024-06-08,2024-06-09,2,moderate,-1.571192772514369,1,1,dry_context
AOI-0014,critical,2024-06-10,2024-06-10,1,moderate,-2.1232582208302615,1,0,dry_context
AOI-0014,critical,2024-06-13,2024-06-13,1,moderate,-2.3568217615964393,1,0,weather_unavailable_or_unusual
AOI-0014,suppression,2024-06-17,2024-06-17,1,moderate,-1.5799082807291798,1,0,dry_context
AOI-0014,critical,2024-06-18,2024-06-18,1,moderate,-2.3822452757418318,1,0,dry_context
AOI-0014,critical,2024-06-23,2024-06-23,1,moderate,-2.074336287521884,1,0,dry_context
AOI-0014,suppression,2024-06-24,2024-06-25,2,moderate,-1.322148600654036,2,0,dry_context
AOI-0014,suppression,2024-09-03,2024-09-03,1,moderate,-1.035855637404982,1,0,weather_unavailable_or_unusual
AOI-0014,suppression,2024-10-11,2024-10-11,1,moderate,-1.4126773202556127,1,0,dry_context
AOI-0014,suppression,2024-10-26,2024-10-26,1,moderate,-1.0018290011190436,1,0,dry_context
AOI-0014,suppression,2025-04-16,2025-04-16,1,moderate,-1.081281851365763,1,0,dry_context
AOI-0014,suppression,2025-04-24,2025-04-24,1,moderate,-1.9066333934584263,1,0,weather_unavailable_or_unusual
AOI-0014,suppression,2025-04-29,2025-04-29,1,moderate,-1.772512755276378,1,0,dry_context
AOI-0014,critical,2025-05-01,2025-05-01,1,moderate,-2.075281372566835,0,1,weather_unavailable_or_unusual
AOI-0014,suppression,2025-05-03,2025-05-03,1,moderate,-1.7920778498247392,1,0,dry_context
AOI-0014,critical,2025-05-04,2025-05-04,1,moderate,-2.2238146251230893,1,0,dry_context
AOI-0014,critical,2025-05-06,2025-05-06,1,moderate,-2.387847188049915,1,0,dry_context
AOI-0014,suppression,2025-05-09,2025-05-09,1,moderate,-1.4651816625300695,1,0,weather_unavailable_or_unusual
AOI-0014,critical,2025-05-16,2025-05-16,1,critical,-3.6559454056924654,1,0,dry_context
AOI-0014,critical,2025-05-24,2025-05-24,1,high,-2.807785329201015,1,0,dry_context
AOI-0014,suppression,2025-05-25,2025-05-25,1,moderate,-1.601520507363437,1,0,dry_context
AOI-0014,critical,2025-05-27,2025-05-28,2,moderate,-2.3747688924665757,1,1,dry_context
AOI-0014,suppression,2025-06-04,2025-06-04,1,moderate,-1.2238551831308533,1,0,dry_context
AOI-0014,suppression,2025-06-07,2025-06-08,2,moderate,-1.8165286287751263,2,0,dry_context
AOI-0014,suppression,2025-06-10,2025-06-11,2,moderate,-1.4631214783781439,2,0,weather_unavailable_or_unusual
AOI-0014,suppression,2025-06-13,2025-06-13,1,moderate,-1.9117021427887069,0,1,weather_unavailable_or_unusual
AOI-0014,suppression,2025-06-15,2025-06-15,1,moderate,-1.9356165823156606,1,0,weather_unavailable_or_unusual
AOI-0014,critical,2025-09-08,2025-09-08,1,moderate,-2.4584684793855467,1,0,dry_context
AOI-0015,suppression,2025-06-07,2025-06-08,2,moderate,-1.179267291539397,1,1,dry_context
AOI-0015,suppression,2025-06-10,2025-06-10,1,moderate,-1.5160240244092968,1,0,weather_unavailable_or_unusual
AOI-0016,suppression,2025-05-04,2025-05-04,1,moderate,-1.2721254616861057,1,0,weather_unavailable_or_unusual
AOI-0016,suppression,2025-05-06,2025-05-06,1,moderate,-1.1897307688970087,1,0,weather_unavailable_or_unusual
AOI-0016,suppression,2025-05-16,2025-05-16,1,moderate,-1.5234796779112008,1,0,weather_unavailable_or_unusual
AOI-0016,suppression,2025-05-19,2025-05-19,1,moderate,-1.0283346619268918,1,0,weather_unavailable_or_unusual
AOI-0016,suppression,2025-05-24,2025-05-24,1,moderate,-1.5809730094039005,1,0,weather_unavailable_or_unusual
AOI-0016,suppression,2025-05-27,2025-05-27,1,moderate,-1.3397639911061432,1,0,weather_unavailable_or_unusual
AOI-0017,suppression,2011-04-02,2011-04-02,1,moderate,-1.5266732895643862,1,0,weather_unavailable_or_unusual
AOI-0017,suppression,2011-04-18,2011-04-19,2,moderate,-1.393980399022258,1,1,weather_unavailable_or_unusual
AOI-0017,critical,2011-04-26,2011-04-26,1,high,-3.1845066548377576,1,0,weather_unavailable_or_unusual
AOI-0017,suppression,2011-06-30,2011-06-30,1,moderate,-1.102767946694576,1,0,weather_unavailable_or_unusual
AOI-0017,suppression,2011-07-15,2011-07-15,1,moderate,-1.9586903764065986,1,0,weather_unavailable_or_unusual
AOI-0017,critical,2011-07-16,2011-07-16,1,critical,-4.003026289626147,1,0,weather_unavailable_or_unusual
AOI-0017,suppression,2011-07-28,2011-07-28,1,moderate,-1.6260971737234948,1,0,weather_unavailable_or_unusual
AOI-0017,suppression,2011-07-31,2011-07-31,1,moderate,-1.9149853478882295,1,0,weather_unavailable_or_unusual
AOI-0017,suppression,2011-08-09,2011-08-09,1,moderate,-1.323551860559267,1,0,weather_unavailable_or_unusual
AOI-0017,suppression,2012-05-22,2012-05-22,1,moderate,-1.6870840275045658,1,0,weather_unavailable_or_unusual
AOI-0017,suppression,2012-08-12,2012-08-12,1,moderate,-1.6334190549540977,1,0,weather_unavailable_or_unusual
AOI-0017,suppression,2012-09-11,2012-09-11,1,moderate,-1.041977001815922,1,0,weather_unavailable_or_unusual
AOI-0017,suppression,2012-09-13,2012-09-13,1,moderate,-1.4782923994965496,1,0,weather_unavailable_or_unusual
AOI-0017,critical,2012-09-29,2012-09-29,1,critical,-3.7977976320533053,0,1,weather_unavailable_or_unusual
AOI-0017,suppression,2012-10-15,2012-10-15,1,moderate,-1.176167659703377,1,0,weather_unavailable_or_unusual
AOI-0017,suppression,2013-06-03,2013-06-03,1,moderate,-1.099163792255109,1,0,weather_unavailable_or_unusual
AOI-0017,suppression,2013-07-21,2013-07-21,1,moderate,-1.6109801595062259,1,0,weather_unavailable_or_unusual
AOI-0017,critical,2013-08-13,2013-08-13,1,high,-3.232588730328596,1,0,weather_unavailable_or_unusual
AOI-0017,suppression,2013-08-14,2013-08-14,1,moderate,-1.306963007891023,0,1,weather_unavailable_or_unusual
AOI-0017,critical,2013-08-29,2013-08-29,1,critical,-4.551870598464874,1,0,weather_unavailable_or_unusual
AOI-0017,suppression,2013-08-30,2013-08-30,1,moderate,-1.9513415245089725,1,0,weather_unavailable_or_unusual
AOI-0017,critical,2014-06-10,2014-06-10,1,moderate,-2.58911790130984,1,0,weather_unavailable_or_unusual
AOI-0017,suppression,2014-07-08,2014-07-08,1,moderate,-1.5415324965700345,1,0,weather_unavailable_or_unusual
AOI-0017,suppression,2014-07-24,2014-07-24,1,moderate,-1.1505389895672518,0,1,weather_unavailable_or_unusual
AOI-0017,critical,2014-07-28,2014-07-28,1,critical,-3.6959191514090564,1,0,weather_unavailable_or_unusual
AOI-0017,suppression,2014-07-31,2014-07-31,1,moderate,-1.063714439859533,1,0,weather_unavailable_or_unusual
AOI-0017,critical,2014-08-13,2014-08-13,1,high,-3.4313151257842756,1,0,weather_unavailable_or_unusual
AOI-0017,critical,2014-08-16,2014-08-16,1,moderate,-2.1769298141772992,1,0,weather_unavailable_or_unusual
AOI-0017,critical,2014-08-25,2014-08-25,1,high,-2.8087807979815977,1,0,weather_unavailable_or_unusual
AOI-0017,critical,2014-08-29,2014-08-29,1,critical,-6.212228026909992,1,0,weather_unavailable_or_unusual
AOI-0017,suppression,2014-09-14,2014-09-14,1,moderate,-1.576766187633416,1,0,weather_unavailable_or_unusual
AOI-0017,suppression,2014-09-30,2014-09-30,1,moderate,-1.0752361289859997,1,0,weather_unavailable_or_unusual
AOI-0017,suppression,2014-10-16,2014-10-16,1,moderate,-1.3110849298358764,1,0,weather_unavailable_or_unusual
AOI-0017,suppression,2015-05-24,2015-05-24,1,moderate,-1.0056284254617702,1,0,weather_unavailable_or_unusual
AOI-0017,critical,2015-06-10,2015-06-10,1,high,-2.9686699217069608,1,0,weather_unavailable_or_unusual
AOI-0017,suppression,2015-08-13,2015-08-13,1,moderate,-1.3212847363611864,1,0,weather_unavailable_or_unusual
AOI-0017,suppression,2015-08-28,2015-08-29,2,moderate,-1.7771374084978415,1,1,weather_unavailable_or_unusual
AOI-0017,suppression,2015-09-04,2015-09-04,1,moderate,-1.1415337850813803,1,0,weather_unavailable_or_unusual
AOI-0017,suppression,2015-09-30,2015-09-30,1,moderate,-1.3986886174434277,1,0,weather_unavailable_or_unusual
AOI-0017,suppression,2016-06-25,2016-06-25,1,moderate,-1.5512009836247114,1,0,weather_unavailable_or_unusual
AOI-0017,suppression,2017-04-02,2017-04-02,1,moderate,-1.2324496572053891,1,0,weather_unavailable_or_unusual
AOI-0017,suppression,2017-04-26,2017-04-28,3,moderate,-1.3625259286903224,3,0,weather_unavailable_or_unusual
AOI-0017,suppression,2017-05-01,2017-05-01,1,moderate,-1.258961377940861,1,0,weather_unavailable_or_unusual
AOI-0017,suppression,2017-09-14,2017-09-14,1,moderate,-1.037269207635197,1,0,weather_unavailable_or_unusual
AOI-0017,suppression,2017-09-30,2017-09-30,1,moderate,-1.1516322336446234,1,0,weather_unavailable_or_unusual
AOI-0017,suppression,2018-05-01,2018-05-01,1,moderate,-1.1067060707033132,1,0,weather_unavailable_or_unusual
AOI-0017,suppression,2018-05-03,2018-05-03,1,moderate,-1.2548022932326437,1,0,weather_unavailable_or_unusual
AOI-0017,critical,2018-06-10,2018-06-10,1,moderate,-2.0587140561410675,1,0,weather_unavailable_or_unusual
AOI-0017,suppression,2018-06-20,2018-06-20,1,moderate,-1.1123405076741157,0,1,weather_unavailable_or_unusual
AOI-0017,critical,2018-06-26,2018-06-26,1,moderate,-2.3902504405889307,1,0,weather_unavailable_or_unusual
AOI-0017,critical,2018-07-10,2018-07-10,1,moderate,-2.1531523610708208,1,0,weather_unavailable_or_unusual
AOI-0017,suppression,2018-07-11,2018-07-11,1,moderate,-1.43723792063746,0,1,weather_unavailable_or_unusual
AOI-0017,critical,2018-07-28,2018-07-28,1,moderate,-2.142585433316868,1,0,weather_unavailable_or_unusual
AOI-0017,critical,2018-08-13,2018-08-13,1,moderate,-2.271123313431976,1,0,weather_unavailable_or_unusual
AOI-0017,suppression,2018-08-29,2018-08-29,1,moderate,-1.486432872525155,1,0,weather_unavailable_or_unusual
AOI-0017,suppression,2018-09-14,2018-09-14,1,moderate,-1.1016303990326095,1,0,weather_unavailable_or_unusual
AOI-0017,suppression,2018-09-30,2018-09-30,1,moderate,-1.1703391535516985,1,0,weather_unavailable_or_unusual
AOI-0017,suppression,2018-10-16,2018-10-16,1,moderate,-1.7163897280961693,1,0,weather_unavailable_or_unusual
AOI-0017,suppression,2019-04-08,2019-04-08,1,moderate,-1.4550980546502263,1,0,weather_unavailable_or_unusual
AOI-0017,suppression,2019-06-07,2019-06-07,1,moderate,-1.042413640474054,1,0,weather_unavailable_or_unusual
AOI-0017,suppression,2019-08-23,2019-08-23,1,moderate,-1.4686909354779927,1,0,weather_unavailable_or_unusual
AOI-0017,suppression,2019-08-26,2019-08-26,1,moderate,-1.6692314006304323,1,0,weather_unavailable_or_unusual
AOI-0017,suppression,2019-09-14,2019-09-14,1,moderate,-1.8862615320235787,1,0,weather_unavailable_or_unusual
AOI-0017,critical,2019-09-18,2019-09-18,1,moderate,-2.6275544808505877,1,0,weather_unavailable_or_unusual
AOI-0017,critical,2019-09-23,2019-09-23,1,critical,-4.517128729662657,1,0,weather_unavailable_or_unusual
AOI-0017,suppression,2019-10-20,2019-10-20,1,moderate,-1.86437525308122,1,0,weather_unavailable_or_unusual
AOI-0017,suppression,2020-04-02,2020-04-03,2,moderate,-1.072757719078497,2,0,weather_unavailable_or_unusual
AOI-0017,suppression,2020-04-07,2020-04-07,1,moderate,-1.1071178605666476,1,0,weather_unavailable_or_unusual
AOI-0017,suppression,2020-04-10,2020-04-10,1,moderate,-1.2283190378293791,1,0,weather_unavailable_or_unusual
AOI-0017,suppression,2020-04-12,2020-04-12,1,moderate,-1.3444055324127098,1,0,weather_unavailable_or_unusual
AOI-0017,suppression,2020-04-17,2020-04-17,1,moderate,-1.2648462568793692,1,0,weather_unavailable_or_unusual
AOI-0017,suppression,2020-04-22,2020-04-22,1,moderate,-1.4146971384640694,1,0,weather_unavailable_or_unusual
AOI-0017,suppression,2020-04-25,2020-04-25,1,moderate,-1.4718724886272234,0,1,weather_unavailable_or_unusual
AOI-0017,suppression,2020-05-17,2020-05-17,1,moderate,-1.7804202557493483,1,0,weather_unavailable_or_unusual
AOI-0017,critical,2020-06-11,2020-06-11,1,critical,-3.5323171000728246,1,0,weather_unavailable_or_unusual
AOI-0017,suppression,2020-06-25,2020-06-26,2,moderate,-1.3670197758327276,1,1,weather_unavailable_or_unusual
AOI-0017,suppression,2020-07-16,2020-07-16,1,moderate,-1.7385669743446446,1,0,weather_unavailable_or_unusual
AOI-0017,suppression,2020-07-19,2020-07-19,1,moderate,-1.2203258981426799,1,0,weather_unavailable_or_unusual
AOI-0017,suppression,2020-07-23,2020-07-23,1,moderate,-1.215299085266727,1,0,weather_unavailable_or_unusual
AOI-0017,suppression,2020-07-26,2020-07-26,1,moderate,-1.567185242717282,0,1,weather_unavailable_or_unusual
AOI-0017,critical,2020-07-27,2020-07-27,1,moderate,-2.0123717084612784,1,0,weather_unavailable_or_unusual
AOI-0017,suppression,2020-07-29,2020-07-29,1,moderate,-1.6808303685850752,1,0,weather_unavailable_or_unusual
AOI-0017,suppression,2020-08-12,2020-08-12,1,moderate,-1.5344213305695795,1,0,weather_unavailable_or_unusual
AOI-0017,critical,2020-08-15,2020-08-15,1,moderate,-2.4117693300947627,1,0,weather_unavailable_or_unusual
AOI-0017,suppression,2020-08-28,2020-08-28,1,moderate,-1.9272333902156844,1,0,weather_unavailable_or_unusual
AOI-0017,suppression,2020-09-04,2020-09-04,1,moderate,-1.0669205293110782,0,1,weather_unavailable_or_unusual
AOI-0017,critical,2020-09-07,2020-09-07,1,moderate,-2.0792411279083303,1,0,weather_unavailable_or_unusual
AOI-0017,critical,2020-09-13,2020-09-13,1,moderate,-2.310502262198598,1,0,weather_unavailable_or_unusual
AOI-0017,suppression,2020-09-19,2020-09-19,1,moderate,-1.226926490007376,0,1,weather_unavailable_or_unusual
AOI-0017,critical,2020-09-29,2020-09-29,1,moderate,-2.541401365671964,1,0,weather_unavailable_or_unusual
AOI-0017,suppression,2020-10-15,2020-10-15,1,moderate,-1.2819670783041348,1,0,weather_unavailable_or_unusual
AOI-0017,critical,2020-10-19,2020-10-19,1,moderate,-2.44145106602875,1,0,weather_unavailable_or_unusual
AOI-0017,suppression,2021-04-02,2021-04-02,1,moderate,-1.1925577076495952,1,0,weather_unavailable_or_unusual
AOI-0017,critical,2021-04-22,2021-04-22,1,moderate,-2.310031968420063,1,0,weather_unavailable_or_unusual
AOI-0017,suppression,2021-04-30,2021-04-30,1,moderate,-1.5337263505854615,1,0,weather_unavailable_or_unusual
AOI-0017,suppression,2021-05-05,2021-05-05,1,moderate,-1.0020318204830738,1,0,weather_unavailable_or_unusual
AOI-0017,suppression,2021-05-12,2021-05-12,1,moderate,-1.414233452078951,1,0,weather_unavailable_or_unusual
AOI-0017,suppression,2021-05-15,2021-05-15,1,moderate,-1.367182088143678,1,0,weather_unavailable_or_unusual
AOI-0017,suppression,2021-05-20,2021-05-20,1,moderate,-1.1465001048118213,0,1,weather_unavailable_or_unusual
AOI-0017,suppression,2021-07-16,2021-07-16,1,moderate,-1.3188048328456115,1,0,weather_unavailable_or_unusual
AOI-0017,suppression,2021-07-28,2021-07-28,1,moderate,-1.563960773640437,1,0,weather_unavailable_or_unusual
AOI-0017,suppression,2021-08-12,2021-08-13,2,moderate,-1.2985928339035149,2,0,weather_unavailable_or_unusual
AOI-0017,critical,2021-09-29,2021-09-29,1,high,-2.989593418945904,1,0,weather_unavailable_or_unusual
AOI-0017,suppression,2021-10-02,2021-10-02,1,moderate,-1.8826833171748854,1,0,weather_unavailable_or_unusual
AOI-0017,suppression,2021-10-07,2021-10-07,1,moderate,-1.8251272084360277,1,0,weather_unavailable_or_unusual
AOI-0017,suppression,2021-10-16,2021-10-16,1,moderate,-1.286472282513272,1,0,weather_unavailable_or_unusual
AOI-0017,suppression,2022-06-09,2022-06-09,1,moderate,-1.169439087885887,1,0,weather_unavailable_or_unusual
AOI-0017,suppression,2022-06-16,2022-06-16,1,moderate,-1.3471942539966058,1,0,weather_unavailable_or_unusual
AOI-0017,suppression,2022-08-29,2022-08-29,1,moderate,-1.3730247902172537,1,0,weather_unavailable_or_unusual
AOI-0017,suppression,2022-09-30,2022-09-30,1,moderate,-1.1026220474088855,1,0,weather_unavailable_or_unusual
AOI-0017,critical,2022-10-17,2022-10-17,1,moderate,-2.159949178322624,1,0,weather_unavailable_or_unusual
AOI-0017,suppression,2023-05-20,2023-05-20,1,moderate,-1.0321420822827732,1,0,weather_unavailable_or_unusual
AOI-0017,suppression,2023-05-27,2023-05-27,1,moderate,-1.7420737725169921,1,0,weather_unavailable_or_unusual
AOI-0017,critical,2023-07-04,2023-07-04,1,critical,-4.60508338788039,1,0,weather_unavailable_or_unusual
AOI-0017,suppression,2023-08-29,2023-08-29,1,moderate,-1.2498295753106574,1,0,weather_unavailable_or_unusual
AOI-0017,critical,2023-09-14,2023-09-14,1,moderate,-2.320870071118833,1,0,weather_unavailable_or_unusual
AOI-0017,critical,2023-09-30,2023-09-30,1,moderate,-2.0528830325640497,1,0,weather_unavailable_or_unusual
AOI-0017,suppression,2023-10-04,2023-10-05,2,moderate,-1.5827768561390902,2,0,weather_unavailable_or_unusual
AOI-0017,suppression,2023-10-07,2023-10-07,1,moderate,-1.134571920596168,1,0,weather_unavailable_or_unusual
AOI-0017,suppression,2023-10-09,2023-10-09,1,moderate,-1.9745295583018363,1,0,weather_unavailable_or_unusual
AOI-0017,suppression,2023-10-12,2023-10-12,1,moderate,-1.240632858139459,0,1,weather_unavailable_or_unusual
AOI-0017,suppression,2023-10-14,2023-10-14,1,moderate,-1.5092398227456354,1,0,weather_unavailable_or_unusual
AOI-0017,suppression,2023-10-19,2023-10-19,1,moderate,-1.723789093569689,1,0,weather_unavailable_or_unusual
AOI-0017,suppression,2023-10-21,2023-10-21,1,moderate,-1.4380220524853318,0,1,weather_unavailable_or_unusual
AOI-0017,suppression,2024-04-26,2024-04-26,1,moderate,-1.2219642865271252,1,0,weather_unavailable_or_unusual
AOI-0017,suppression,2024-05-04,2024-05-04,1,moderate,-1.7108283267537943,1,0,weather_unavailable_or_unusual
AOI-0017,suppression,2024-05-06,2024-05-07,2,moderate,-1.6057577637445681,2,0,weather_unavailable_or_unusual
AOI-0017,critical,2024-05-09,2024-05-09,1,moderate,-2.7202906521137193,1,0,weather_unavailable_or_unusual
AOI-0017,critical,2024-05-21,2024-05-21,1,critical,-5.5750089170234745,1,0,weather_unavailable_or_unusual
AOI-0017,critical,2024-05-23,2024-05-24,2,critical,-5.035980272799712,2,0,weather_unavailable_or_unusual
AOI-0017,critical,2024-06-01,2024-06-01,1,high,-3.0949047960409026,1,0,weather_unavailable_or_unusual
AOI-0017,critical,2024-06-03,2024-06-03,1,critical,-6.120622459028812,1,0,weather_unavailable_or_unusual
AOI-0017,critical,2024-06-05,2024-06-05,1,critical,-7.298389425130133,0,1,weather_unavailable_or_unusual
AOI-0017,critical,2024-06-08,2024-06-10,3,critical,-6.283258027023501,3,0,weather_unavailable_or_unusual
AOI-0017,critical,2024-06-13,2024-06-13,1,critical,-6.55019939849046,0,1,weather_unavailable_or_unusual
AOI-0017,critical,2024-06-17,2024-06-18,2,critical,-5.1190004665226905,2,0,weather_unavailable_or_unusual
AOI-0017,critical,2024-06-20,2024-06-20,1,critical,-6.393008502857279,1,0,weather_unavailable_or_unusual
AOI-0017,critical,2024-06-23,2024-06-25,3,critical,-4.921568152031102,3,0,weather_unavailable_or_unusual
AOI-0017,critical,2024-06-28,2024-06-28,1,critical,-5.661249761947569,0,1,weather_unavailable_or_unusual
AOI-0017,critical,2024-06-30,2024-06-30,1,critical,-5.971886318558711,1,0,weather_unavailable_or_unusual
AOI-0017,critical,2024-07-02,2024-07-03,2,critical,-4.441341111346721,2,0,weather_unavailable_or_unusual
AOI-0017,critical,2024-07-05,2024-07-05,1,critical,-5.143896912679,1,0,weather_unavailable_or_unusual
AOI-0017,critical,2024-07-10,2024-07-11,2,critical,-3.489046187037782,2,0,weather_unavailable_or_unusual
AOI-0017,critical,2024-07-13,2024-07-13,1,critical,-4.798685888800204,1,0,weather_unavailable_or_unusual
AOI-0017,critical,2024-07-15,2024-07-15,1,critical,-4.70189639384324,1,0,weather_unavailable_or_unusual
AOI-0017,critical,2024-07-18,2024-07-20,3,critical,-4.03194219168097,2,1,weather_unavailable_or_unusual
AOI-0017,critical,2024-07-25,2024-07-27,3,critical,-3.1457595341746867,3,0,weather_unavailable_or_unusual
AOI-0017,critical,2024-07-30,2024-07-30,1,high,-3.388134937671447,1,0,weather_unavailable_or_unusual
AOI-0017,suppression,2024-08-03,2024-08-03,1,moderate,-1.7074580931907322,1,0,weather_unavailable_or_unusual
AOI-0017,critical,2024-08-09,2024-08-09,1,critical,-3.8615922436104073,1,0,weather_unavailable_or_unusual
AOI-0017,critical,2024-08-11,2024-08-12,2,critical,-3.7234675617116357,2,0,weather_unavailable_or_unusual
AOI-0017,critical,2024-08-14,2024-08-14,1,critical,-4.4692152709840185,1,0,weather_unavailable_or_unusual
AOI-0017,critical,2024-08-17,2024-08-17,1,critical,-4.810785497782207,1,0,weather_unavailable_or_unusual
AOI-0017,critical,2024-08-19,2024-08-20,2,critical,-3.5259970192910735,2,0,weather_unavailable_or_unusual
AOI-0017,critical,2024-08-22,2024-08-22,1,critical,-4.233593359976231,0,1,weather_unavailable_or_unusual
AOI-0017,critical,2024-08-24,2024-08-24,1,critical,-3.704892425258456,1,0,weather_unavailable_or_unusual
AOI-0017,critical,2024-08-27,2024-08-29,3,critical,-3.5885476631218243,3,0,weather_unavailable_or_unusual
AOI-0017,critical,2024-09-01,2024-09-01,1,critical,-3.595468620703873,0,1,weather_unavailable_or_unusual
AOI-0017,critical,2024-09-03,2024-09-03,1,critical,-4.2343571102284665,1,0,weather_unavailable_or_unusual
AOI-0017,critical,2024-09-06,2024-09-06,1,high,-2.7514174609152886,1,0,weather_unavailable_or_unusual
AOI-0017,critical,2024-09-08,2024-09-08,1,moderate,-2.377935687341996,1,0,weather_unavailable_or_unusual
AOI-0017,critical,2024-09-11,2024-09-11,1,moderate,-2.5958268805608546,1,0,weather_unavailable_or_unusual
AOI-0017,critical,2024-09-13,2024-09-13,1,moderate,-2.395300811949041,1,0,weather_unavailable_or_unusual
AOI-0017,suppression,2024-09-16,2024-09-16,1,moderate,-1.954349088980007,1,0,weather_unavailable_or_unusual
AOI-0017,suppression,2024-09-18,2024-09-18,1,moderate,-1.6026825008527696,1,0,weather_unavailable_or_unusual
AOI-0017,suppression,2024-09-20,2024-09-20,1,moderate,-1.1304322720542732,1,0,weather_unavailable_or_unusual
AOI-0017,critical,2024-09-21,2024-09-21,1,moderate,-2.0379723339824363,0,1,weather_unavailable_or_unusual
AOI-0017,critical,2024-09-26,2024-09-26,1,high,-2.825555729651932,1,0,weather_unavailable_or_unusual
AOI-0017,critical,2024-09-28,2024-09-28,1,moderate,-2.4916943858025,1,0,weather_unavailable_or_unusual
AOI-0017,suppression,2024-09-29,2024-09-29,1,moderate,-1.8633452034428333,0,1,weather_unavailable_or_unusual
AOI-0017,critical,2024-10-01,2024-10-01,1,moderate,-2.3844278369464478,1,0,weather_unavailable_or_unusual
AOI-0017,critical,2024-10-03,2024-10-03,1,moderate,-2.3314335513862425,1,0,weather_unavailable_or_unusual
AOI-0017,suppression,2024-10-06,2024-10-08,3,moderate,-1.7641088462058834,2,1,weather_unavailable_or_unusual
AOI-0017,suppression,2024-10-11,2024-10-11,1,moderate,-1.7673790940955911,1,0,weather_unavailable_or_unusual
AOI-0017,suppression,2024-10-15,2024-10-15,1,moderate,-1.424480361205338,1,0,weather_unavailable_or_unusual
AOI-0017,suppression,2024-10-22,2024-10-22,1,moderate,-1.2714681639970122,0,1,weather_unavailable_or_unusual
AOI-0017,suppression,2024-10-26,2024-10-26,1,moderate,-1.8800765602965686,1,0,weather_unavailable_or_unusual
AOI-0017,suppression,2024-10-30,2024-10-30,1,moderate,-1.244336319882062,1,0,weather_unavailable_or_unusual
AOI-0017,critical,2025-06-10,2025-06-10,1,moderate,-2.655137811033659,1,0,weather_unavailable_or_unusual
AOI-0017,critical,2025-06-13,2025-06-13,1,high,-2.85264852210405,1,0,weather_unavailable_or_unusual
AOI-0017,critical,2025-06-15,2025-06-15,1,moderate,-2.6242871744735736,1,0,weather_unavailable_or_unusual
AOI-0017,suppression,2025-06-26,2025-06-26,1,moderate,-1.1857408984923445,1,0,weather_unavailable_or_unusual
AOI-0017,critical,2025-06-27,2025-06-28,2,high,-2.5234001861480486,1,1,weather_unavailable_or_unusual
AOI-0017,critical,2025-06-30,2025-06-30,1,critical,-3.917761191903975,1,0,weather_unavailable_or_unusual
AOI-0017,critical,2025-07-03,2025-07-03,1,critical,-4.277678553208416,1,0,weather_unavailable_or_unusual
AOI-0017,critical,2025-07-05,2025-07-05,1,high,-3.4302540637535444,1,0,weather_unavailable_or_unusual
AOI-0017,suppression,2025-07-06,2025-07-06,1,moderate,-1.884514148448266,1,0,weather_unavailable_or_unusual
AOI-0017,critical,2025-07-07,2025-07-08,2,critical,-3.455554683162982,1,1,weather_unavailable_or_unusual
AOI-0017,critical,2025-07-10,2025-07-10,1,critical,-3.5119726688744937,1,0,weather_unavailable_or_unusual
AOI-0017,critical,2025-07-12,2025-07-15,4,critical,-3.326294761948879,4,0,weather_unavailable_or_unusual
AOI-0017,critical,2025-07-17,2025-07-18,2,high,-3.301889802487242,2,0,weather_unavailable_or_unusual
AOI-0017,critical,2025-07-21,2025-07-21,1,moderate,-2.240191680288185,1,0,weather_unavailable_or_unusual
AOI-0017,critical,2025-07-23,2025-07-23,1,high,-3.1247635355238863,1,0,weather_unavailable_or_unusual
AOI-0017,critical,2025-07-25,2025-07-25,1,high,-3.0791507624973904,1,0,weather_unavailable_or_unusual
AOI-0017,critical,2025-07-28,2025-07-30,3,high,-2.9550504556441375,3,0,weather_unavailable_or_unusual
AOI-0017,critical,2025-08-06,2025-08-07,2,critical,-3.6176314182080946,2,0,weather_unavailable_or_unusual
AOI-0017,critical,2025-08-09,2025-08-09,1,critical,-3.9207623508260174,1,0,weather_unavailable_or_unusual
AOI-0017,critical,2025-08-12,2025-08-17,6,critical,-3.8635706239157073,6,0,weather_unavailable_or_unusual
AOI-0017,critical,2025-08-19,2025-08-19,1,critical,-4.290646770789785,1,0,weather_unavailable_or_unusual
AOI-0017,critical,2025-08-22,2025-08-23,2,critical,-3.502853348067707,1,1,weather_unavailable_or_unusual
AOI-0017,critical,2025-08-27,2025-08-27,1,high,-3.4779706582097822,1,0,weather_unavailable_or_unusual
AOI-0017,critical,2025-08-29,2025-09-01,4,critical,-3.503800745064179,3,1,weather_unavailable_or_unusual
AOI-0017,critical,2025-09-07,2025-09-08,2,critical,-3.3901282126844516,2,0,weather_unavailable_or_unusual
AOI-0017,critical,2025-09-11,2025-09-11,1,high,-3.2807779308185716,1,0,weather_unavailable_or_unusual
AOI-0017,critical,2025-09-13,2025-09-16,4,high,-2.735812093884679,4,0,weather_unavailable_or_unusual
AOI-0017,critical,2025-09-21,2025-09-21,1,moderate,-2.250916370022216,1,0,weather_unavailable_or_unusual
AOI-0017,critical,2025-09-23,2025-09-23,1,moderate,-2.2173189280912005,1,0,weather_unavailable_or_unusual
AOI-0017,suppression,2025-09-24,2025-09-24,1,moderate,-1.662573735790346,1,0,weather_unavailable_or_unusual
AOI-0017,critical,2025-09-26,2025-09-26,1,moderate,-2.0150613424737234,1,0,weather_unavailable_or_unusual
AOI-0017,suppression,2025-09-30,2025-09-30,1,moderate,-1.1984467019801597,1,0,weather_unavailable_or_unusual
AOI-0017,suppression,2025-10-02,2025-10-03,2,moderate,-1.363304819209468,1,1,weather_unavailable_or_unusual
AOI-0017,suppression,2025-10-08,2025-10-08,1,moderate,-1.4128927295251006,1,0,weather_unavailable_or_unusual
AOI-0017,suppression,2025-10-13,2025-10-13,1,moderate,-1.191737368774942,1,0,weather_unavailable_or_unusual
AOI-0017,suppression,2025-10-18,2025-10-18,1,moderate,-1.114000042011393,1,0,weather_unavailable_or_unusual
AOI-0018,suppression,2025-06-07,2025-06-08,2,moderate,-1.1125857624426294,2,0,dry_context
AOI-0018,suppression,2025-06-10,2025-06-10,1,moderate,-1.589260477375845,1,0,weather_unavailable_or_unusual
AOI-0018,suppression,2025-06-13,2025-06-13,1,moderate,-1.5235906214030492,0,1,weather_unavailable_or_unusual
AOI-0018,suppression,2025-06-15,2025-06-15,1,moderate,-1.5315267209948034,0,1,weather_unavailable_or_unusual
AOI-0018,suppression,2025-06-27,2025-06-27,1,moderate,-1.1151025859559123,1,0,dry_context
AOI-0018,suppression,2025-07-03,2025-07-03,1,moderate,-1.1660896952883064,1,0,weather_unavailable_or_unusual
AOI-0018,suppression,2025-08-16,2025-08-16,1,moderate,-1.0144866370937575,1,0,dry_context
AOI-0018,suppression,2025-09-03,2025-09-03,1,moderate,-1.4456831271334758,1,0,weather_unavailable_or_unusual
AOI-0018,suppression,2025-09-08,2025-09-08,1,moderate,-1.0117250462975929,0,1,weather_unavailable_or_unusual
AOI-0019,suppression,2025-09-03,2025-09-03,1,moderate,-1.6278390305624897,1,0,weather_unavailable_or_unusual
AOI-0019,suppression,2025-10-13,2025-10-13,1,moderate,-1.6065696946758197,1,0,weather_unavailable_or_unusual
AOI-0020,suppression,2025-06-10,2025-06-10,1,moderate,-1.791797447925944,1,0,weather_unavailable_or_unusual
AOI-0020,suppression,2025-09-03,2025-09-03,1,moderate,-1.1731063620757787,1,0,weather_unavailable_or_unusual
AOI-0020,suppression,2025-10-13,2025-10-13,1,moderate,-1.0074572608283026,0,1,weather_unavailable_or_unusual
AOI-0021,suppression,2025-04-01,2025-04-01,1,moderate,-1.1261187585729204,1,0,dry_context
AOI-0021,suppression,2025-07-03,2025-07-03,1,moderate,-1.1561082117202541,1,0,weather_unavailable_or_unusual
AOI-0022,suppression,2025-07-03,2025-07-03,1,moderate,-1.0186365212355828,1,0,weather_unavailable_or_unusual
AOI-0022,suppression,2025-09-08,2025-09-08,1,moderate,-1.0855543918988144,1,0,dry_context
AOI-0022,critical,2025-10-05,2025-10-05,1,moderate,-2.402401469446703,1,0,weather_unavailable_or_unusual
AOI-0022,suppression,2025-10-13,2025-10-13,1,moderate,-1.2752999050445666,1,0,weather_unavailable_or_unusual
AOI-0023,suppression,2025-04-28,2025-04-28,1,moderate,-1.0131428233925834,1,0,dry_context
AOI-0023,suppression,2025-05-06,2025-05-06,1,moderate,-1.048899717521308,1,0,dry_context
AOI-0023,suppression,2025-05-14,2025-05-14,1,moderate,-1.0470056705495623,1,0,dry_context
AOI-0023,suppression,2025-07-27,2025-07-27,1,moderate,-1.0821338507970732,1,0,dry_context
AOI-0023,suppression,2025-09-08,2025-09-08,1,moderate,-1.0127366366560855,1,0,dry_context
AOI-0023,suppression,2025-09-11,2025-09-11,1,moderate,-1.2106062120666887,1,0,dry_context
AOI-0023,suppression,2025-10-13,2025-10-13,1,moderate,-1.041981816955376,1,0,weather_unavailable_or_unusual
AOI-0024,suppression,2025-05-06,2025-05-06,1,moderate,-1.0586546429879637,1,0,dry_context
AOI-0024,suppression,2025-05-14,2025-05-14,1,moderate,-1.4019979961675406,1,0,dry_context
AOI-0024,suppression,2025-05-16,2025-05-16,1,moderate,-1.3744322543594238,1,0,dry_context
AOI-0024,suppression,2025-05-24,2025-05-24,1,moderate,-1.3912901775394393,1,0,dry_context
AOI-0024,suppression,2025-05-28,2025-05-28,1,moderate,-1.2596700980544235,0,1,weather_unavailable_or_unusual
AOI-0024,suppression,2025-06-03,2025-06-03,1,moderate,-1.1469014997844376,1,0,dry_context
AOI-0024,suppression,2025-10-13,2025-10-13,1,moderate,-1.933493995140261,1,0,weather_unavailable_or_unusual
AOI-0025,suppression,2025-04-24,2025-04-24,1,moderate,-1.051038992271928,0,1,weather_unavailable_or_unusual
AOI-0025,suppression,2025-04-29,2025-04-29,1,moderate,-1.110207193860869,0,1,weather_unavailable_or_unusual
AOI-0025,suppression,2025-05-01,2025-05-01,1,moderate,-1.1374497763529172,1,0,weather_unavailable_or_unusual
AOI-0025,suppression,2025-05-04,2025-05-04,1,moderate,-1.2490524197310369,1,0,weather_unavailable_or_unusual
AOI-0025,suppression,2025-05-14,2025-05-14,1,moderate,-1.586861150790754,1,0,weather_unavailable_or_unusual
AOI-0025,suppression,2025-05-24,2025-05-24,1,moderate,-1.9184446623924614,1,0,weather_unavailable_or_unusual
AOI-0025,critical,2025-06-03,2025-06-03,1,moderate,-2.1662520570958548,0,1,weather_unavailable_or_unusual
AOI-0025,critical,2025-06-08,2025-06-08,1,moderate,-2.3704598311971825,1,0,weather_unavailable_or_unusual
AOI-0025,suppression,2025-06-10,2025-06-11,2,moderate,-1.5704972476840222,2,0,weather_unavailable_or_unusual
AOI-0025,suppression,2025-06-13,2025-06-13,1,moderate,-1.8588316748664915,0,1,weather_unavailable_or_unusual
AOI-0025,suppression,2025-07-08,2025-07-08,1,moderate,-1.149185924953572,1,0,weather_unavailable_or_unusual
AOI-0025,suppression,2025-07-10,2025-07-10,1,moderate,-1.0777732733865477,1,0,weather_unavailable_or_unusual
AOI-0025,suppression,2025-07-13,2025-07-13,1,moderate,-1.0642516044353365,1,0,weather_unavailable_or_unusual
AOI-0025,suppression,2025-07-18,2025-07-18,1,moderate,-1.1015012742967711,1,0,weather_unavailable_or_unusual
AOI-0025,suppression,2025-08-02,2025-08-02,1,moderate,-1.2368590536998472,1,0,weather_unavailable_or_unusual
AOI-0025,suppression,2025-08-19,2025-08-19,1,moderate,-1.0189942694427494,1,0,weather_unavailable_or_unusual
AOI-0026,suppression,2025-07-23,2025-07-23,1,moderate,-1.04426194277309,1,0,dry_context
AOI-0026,suppression,2025-07-28,2025-07-28,1,moderate,-1.0301790841332024,1,0,dry_context
AOI-0026,suppression,2025-07-30,2025-07-30,1,moderate,-1.05737064339099,0,1,weather_unavailable_or_unusual
AOI-0026,suppression,2025-08-07,2025-08-07,1,moderate,-1.1199553492536662,1,0,dry_context
AOI-0026,suppression,2025-08-09,2025-08-09,1,moderate,-1.062875624133281,1,0,weather_unavailable_or_unusual
AOI-0026,suppression,2025-08-12,2025-08-12,1,moderate,-1.0090298656726078,1,0,dry_context
AOI-0026,suppression,2025-08-17,2025-08-17,1,moderate,-1.177193400893273,1,0,dry_context
AOI-0026,suppression,2025-08-22,2025-08-22,1,moderate,-1.045193491994713,1,0,dry_context
AOI-0026,suppression,2025-08-27,2025-08-27,1,moderate,-1.0399325847561187,1,0,dry_context
AOI-0026,suppression,2025-09-01,2025-09-01,1,moderate,-1.159515073428824,1,0,dry_context
AOI-0026,suppression,2025-09-06,2025-09-06,1,moderate,-1.083702130158249,1,0,dry_context
AOI-0026,suppression,2025-09-08,2025-09-08,1,moderate,-1.0594228034757551,0,1,weather_unavailable_or_unusual
AOI-0026,suppression,2025-09-11,2025-09-11,1,moderate,-1.0838038479665268,1,0,dry_context
AOI-0026,suppression,2025-09-16,2025-09-16,1,moderate,-1.0296310872194694,1,0,dry_context
AOI-0028,suppression,2011-04-18,2011-04-18,1,moderate,-1.006672787696005,1,0,dry_context
AOI-0028,critical,2011-04-26,2011-04-26,1,critical,-10.618080682663877,1,0,dry_context
AOI-0028,critical,2011-05-25,2011-05-25,1,moderate,-2.3359641154365725,0,1,weather_unavailable_or_unusual
AOI-0028,critical,2011-05-28,2011-05-28,1,critical,-7.625495869523741,1,0,dry_context
AOI-0028,critical,2011-06-05,2011-06-05,1,critical,-7.820727110052825,1,0,dry_context
AOI-0028,suppression,2011-06-13,2011-06-13,1,moderate,-1.122302229730414,1,0,weather_unavailable_or_unusual
AOI-0028,suppression,2012-06-23,2012-06-23,1,moderate,-1.3416140093560456,1,0,dry_context
AOI-0028,critical,2012-07-09,2012-07-09,1,critical,-5.374826272492729,1,0,dry_context
AOI-0028,critical,2012-07-11,2012-07-11,1,critical,-5.606933213003438,1,0,weather_unavailable_or_unusual
AOI-0028,suppression,2012-08-10,2012-08-10,1,moderate,-1.0459860011108104,1,0,dry_context
AOI-0028,suppression,2012-08-26,2012-08-26,1,moderate,-1.4075790388449925,1,0,dry_context
AOI-0028,suppression,2012-09-13,2012-09-13,1,moderate,-1.1002945050734279,1,0,dry_context
AOI-0028,critical,2012-09-27,2012-09-27,1,high,-2.8528301239280993,0,1,weather_unavailable_or_unusual
AOI-0028,suppression,2012-09-29,2012-09-29,1,moderate,-1.35704641350211,1,0,dry_context
AOI-0028,suppression,2012-10-13,2012-10-13,1,moderate,-1.2310127490548328,1,0,dry_context
AOI-0028,critical,2013-05-01,2013-05-01,1,high,-3.3621838666353905,1,0,dry_context
AOI-0028,critical,2013-05-09,2013-05-09,1,critical,-8.431381931423024,1,0,dry_context
AOI-0028,critical,2013-05-25,2013-05-25,1,critical,-5.99953551019884,1,0,weather_unavailable_or_unusual
AOI-0028,suppression,2013-06-10,2013-06-10,1,moderate,-1.1342189731348147,0,1,weather_unavailable_or_unusual
AOI-0028,suppression,2014-08-16,2014-08-16,1,moderate,-1.8867118819128095,1,0,dry_and_hot_context
AOI-0028,suppression,2014-08-24,2014-08-24,1,moderate,-1.102192456102361,1,0,dry_context
AOI-0028,critical,2014-09-17,2014-09-17,1,moderate,-2.1676264578681654,1,0,dry_context
AOI-0028,suppression,2014-10-03,2014-10-03,1,moderate,-1.3106823514100887,1,0,dry_context
AOI-0028,critical,2015-05-09,2015-05-09,1,high,-2.8780005096604158,1,0,weather_unavailable_or_unusual
AOI-0028,critical,2015-05-15,2015-05-15,1,critical,-3.9435179152286772,1,0,dry_context
AOI-0028,critical,2015-05-23,2015-05-23,1,high,-3.480471914659013,1,0,dry_context
AOI-0028,suppression,2015-05-25,2015-05-25,1,moderate,-1.0936642388310955,1,0,dry_context
AOI-0028,suppression,2015-09-04,2015-09-04,1,moderate,-1.5004576572971908,1,0,dry_context
AOI-0028,suppression,2015-09-20,2015-09-20,1,moderate,-1.3911231403555684,1,0,dry_context
AOI-0028,suppression,2015-10-06,2015-10-06,1,moderate,-1.2705994300628665,1,0,dry_context
AOI-0028,suppression,2017-04-01,2017-04-01,1,moderate,-1.0178462968701443,1,0,dry_context
AOI-0028,suppression,2017-05-06,2017-05-06,1,moderate,-1.2245433426135939,1,0,dry_context
AOI-0028,suppression,2017-05-12,2017-05-12,1,moderate,-1.2009739547555303,1,0,dry_context
AOI-0028,suppression,2017-07-10,2017-07-10,1,moderate,-1.3872634424911012,1,0,weather_unavailable_or_unusual
AOI-0028,suppression,2017-07-25,2017-07-25,1,moderate,-1.3132629371715594,1,0,dry_context
AOI-0028,suppression,2017-08-04,2017-08-04,1,moderate,-1.3522988432565946,1,0,dry_and_hot_context
AOI-0028,suppression,2017-08-08,2017-08-09,2,moderate,-1.1047824264590846,1,1,dry_and_hot_context
AOI-0028,suppression,2017-08-14,2017-08-14,1,moderate,-1.0413352487265397,1,0,dry_context
AOI-0028,suppression,2017-08-24,2017-08-24,1,moderate,-1.1437313630657884,1,0,dry_context
AOI-0028,suppression,2017-08-29,2017-08-29,1,moderate,-1.2419970221415766,0,1,weather_unavailable_or_unusual
AOI-0028,suppression,2017-09-03,2017-09-03,1,moderate,-1.5540025281707135,1,0,dry_context
AOI-0028,suppression,2017-09-13,2017-09-13,1,moderate,-1.6818880808366232,1,0,dry_context
AOI-0028,suppression,2018-07-10,2018-07-10,1,moderate,-1.0617332713355594,1,0,dry_context
AOI-0028,suppression,2018-07-26,2018-07-26,1,moderate,-1.5205408802874412,1,0,dry_context
AOI-0028,suppression,2018-08-27,2018-08-27,1,moderate,-1.2281723852192423,1,0,dry_context
AOI-0028,suppression,2018-10-08,2018-10-08,1,moderate,-1.0553664600864114,0,1,weather_unavailable_or_unusual
AOI-0028,suppression,2018-10-14,2018-10-14,1,moderate,-1.0031124774405735,1,0,dry_context
AOI-0028,suppression,2019-04-26,2019-04-26,1,moderate,-1.0480576650622984,1,0,dry_context
AOI-0028,suppression,2019-05-01,2019-05-01,1,moderate,-1.2072972899269108,1,0,weather_unavailable_or_unusual
AOI-0028,suppression,2019-05-06,2019-05-06,1,moderate,-1.4609659787558396,1,0,dry_context
AOI-0028,suppression,2019-05-09,2019-05-09,1,moderate,-1.0237057414004158,1,0,weather_unavailable_or_unusual
AOI-0028,critical,2019-05-11,2019-05-11,1,high,-2.9809965660268003,1,0,dry_context
AOI-0028,critical,2019-05-16,2019-05-16,1,critical,-4.1270166150937815,1,0,dry_context
AOI-0028,critical,2019-05-18,2019-05-18,1,critical,-3.9939458713337572,1,0,dry_context
AOI-0028,critical,2019-05-21,2019-05-21,1,critical,-5.118198660632214,1,0,dry_context
AOI-0028,critical,2019-05-25,2019-05-25,1,high,-3.4804458449971842,0,1,weather_unavailable_or_unusual
AOI-0028,critical,2019-05-31,2019-05-31,1,critical,-3.620189919877949,1,0,dry_context
AOI-0028,suppression,2019-06-05,2019-06-05,1,moderate,-1.9526370418593586,1,0,dry_context
AOI-0028,critical,2019-06-10,2019-06-10,1,moderate,-2.388517640802694,1,0,dry_context
AOI-0028,suppression,2019-06-11,2019-06-11,1,moderate,-1.2017061877499022,1,0,dry_context
AOI-0028,suppression,2019-06-15,2019-06-15,1,moderate,-1.5346438339187274,1,0,dry_context
AOI-0028,suppression,2019-06-19,2019-06-20,2,moderate,-1.2689473269541802,2,0,dry_context
AOI-0028,suppression,2019-06-30,2019-06-30,1,moderate,-1.769777173770123,1,0,dry_context
AOI-0028,suppression,2019-07-05,2019-07-05,1,moderate,-1.6083598535834593,1,0,dry_context
AOI-0028,suppression,2019-07-15,2019-07-15,1,moderate,-1.9519260084707173,1,0,weather_unavailable_or_unusual
AOI-0028,suppression,2019-07-20,2019-07-20,1,moderate,-1.7140752597956035,1,0,dry_context
AOI-0028,critical,2019-07-25,2019-07-25,1,moderate,-2.740547090789254,1,0,weather_unavailable_or_unusual
AOI-0028,suppression,2019-08-14,2019-08-14,1,moderate,-1.1121900521308823,1,0,dry_context
AOI-0028,suppression,2019-08-19,2019-08-19,1,moderate,-1.0920377457387067,1,0,dry_context
AOI-0028,suppression,2019-08-24,2019-08-24,1,moderate,-1.7449287741654642,0,1,weather_unavailable_or_unusual
AOI-0028,suppression,2019-09-03,2019-09-03,1,moderate,-1.691222171363639,1,0,dry_context
AOI-0028,suppression,2019-09-13,2019-09-13,1,moderate,-1.6341715570383621,1,0,dry_context
AOI-0028,suppression,2019-09-15,2019-09-15,1,moderate,-1.7009488619550017,1,0,dry_context
AOI-0028,critical,2019-09-23,2019-09-23,1,moderate,-2.6946185973175227,1,0,dry_context
AOI-0028,suppression,2019-09-28,2019-09-28,1,moderate,-1.9687335904216656,1,0,dry_context
AOI-0028,suppression,2020-07-14,2020-07-14,1,moderate,-1.243577256042745,0,1,weather_unavailable_or_unusual
AOI-0028,suppression,2020-07-19,2020-07-19,1,moderate,-1.149370120492716,1,0,dry_context
AOI-0028,suppression,2020-07-24,2020-07-24,1,moderate,-1.2415625942493356,1,0,dry_context
AOI-0028,suppression,2020-07-31,2020-07-31,1,moderate,-1.4511451013574477,1,0,dry_context
AOI-0028,critical,2020-08-03,2020-08-03,1,moderate,-2.0611581670501633,0,1,weather_unavailable_or_unusual
AOI-0028,critical,2020-08-13,2020-08-13,1,moderate,-2.0320753624953825,1,0,dry_context
AOI-0028,suppression,2020-08-18,2020-08-18,1,moderate,-1.1299946330763433,1,0,dry_context
AOI-0028,suppression,2020-08-23,2020-08-23,1,moderate,-1.09112758043687,1,0,dry_context
AOI-0028,suppression,2020-09-12,2020-09-12,1,moderate,-1.03232237111936,1,0,dry_context
AOI-0028,suppression,2020-09-27,2020-09-27,1,moderate,-1.3101321148751104,1,0,dry_context
AOI-0028,suppression,2020-10-12,2020-10-12,1,moderate,-1.1208469748411984,1,0,dry_context
AOI-0028,suppression,2021-04-15,2021-04-15,1,moderate,-1.0418366995069415,1,0,weather_unavailable_or_unusual
AOI-0028,critical,2021-05-15,2021-05-15,1,high,-2.8478082916100425,1,0,dry_context
AOI-0028,critical,2021-05-20,2021-05-20,1,critical,-3.746425478327744,1,0,dry_context
AOI-0028,critical,2021-05-23,2021-05-23,1,high,-3.023383121154006,1,0,dry_context
AOI-0028,critical,2021-05-25,2021-05-25,1,critical,-3.529204595899558,1,0,dry_context
AOI-0028,critical,2021-05-31,2021-05-31,1,moderate,-2.2900901948192742,1,0,dry_context
AOI-0028,suppression,2022-07-24,2022-07-24,1,moderate,-1.2294612717220303,1,0,dry_context
AOI-0028,suppression,2022-08-03,2022-08-03,1,moderate,-1.0757709604404313,0,1,weather_unavailable_or_unusual
AOI-0028,suppression,2022-08-23,2022-08-23,1,moderate,-1.0393504860902605,1,0,dry_context
AOI-0028,suppression,2022-08-28,2022-08-28,1,moderate,-1.133898236879799,1,0,dry_context
AOI-0028,critical,2022-09-17,2022-09-17,1,moderate,-2.1058751498558874,1,0,dry_context
AOI-0028,suppression,2023-05-13,2023-05-13,1,moderate,-1.9600561803855254,1,0,dry_context
AOI-0028,critical,2023-05-15,2023-05-15,1,high,-3.3100465692483114,1,0,dry_context
AOI-0028,critical,2023-05-20,2023-05-20,1,critical,-3.6526208734363044,1,0,dry_context
AOI-0028,critical,2023-05-25,2023-05-25,1,high,-2.798212448804601,1,0,weather_unavailable_or_unusual
AOI-0028,critical,2023-06-06,2023-06-06,1,moderate,-2.6232330695315365,1,0,dry_context
AOI-0028,critical,2023-06-09,2023-06-09,1,high,-3.0258259585351626,0,1,weather_unavailable_or_unusual
AOI-0028,suppression,2023-06-10,2023-06-10,1,moderate,-1.98207092713423,1,0,dry_context
AOI-0028,suppression,2023-06-19,2023-06-19,1,moderate,-1.2986466685944422,1,0,dry_context
AOI-0028,suppression,2023-07-04,2023-07-04,1,moderate,-1.2878037661551485,1,0,dry_context
AOI-0028,suppression,2023-08-28,2023-08-28,1,moderate,-1.0969272038998392,1,0,dry_context
AOI-0028,suppression,2024-07-03,2024-07-03,1,moderate,-1.1341308044472589,1,0,dry_context
AOI-0028,suppression,2024-07-13,2024-07-13,1,moderate,-1.1364686203036707,1,0,dry_context
AOI-0028,suppression,2024-07-18,2024-07-18,1,moderate,-1.5843638740795845,1,0,dry_and_hot_context
AOI-0028,suppression,2024-08-17,2024-08-17,1,moderate,-1.2092704500535496,1,0,dry_context
AOI-0028,suppression,2024-08-22,2024-08-22,1,moderate,-1.389230611636733,1,0,dry_context
AOI-0028,suppression,2024-08-27,2024-08-27,1,moderate,-1.9140410448978165,1,0,dry_context
AOI-0028,suppression,2024-09-01,2024-09-01,1,moderate,-1.3110563428589368,1,0,dry_context
AOI-0028,suppression,2024-09-06,2024-09-06,1,moderate,-1.0627791634464556,1,0,dry_context
AOI-0028,suppression,2024-09-11,2024-09-11,1,moderate,-1.0759580685494308,0,1,weather_unavailable_or_unusual
AOI-0028,suppression,2024-09-16,2024-09-16,1,moderate,-1.0659609979330011,0,1,weather_unavailable_or_unusual
AOI-0028,suppression,2024-09-21,2024-09-21,1,moderate,-1.2510005948090164,1,0,dry_context
AOI-0028,suppression,2024-09-26,2024-09-26,1,moderate,-1.3688344353509045,1,0,dry_context
AOI-0028,suppression,2024-10-01,2024-10-01,1,moderate,-1.2252246344470115,1,0,dry_context
AOI-0028,suppression,2024-10-06,2024-10-06,1,moderate,-1.2397550519849756,1,0,dry_context
AOI-0028,suppression,2024-10-11,2024-10-11,1,moderate,-1.2666718044853218,1,0,dry_context
AOI-0028,suppression,2025-04-01,2025-04-01,1,moderate,-1.052681243117547,1,0,dry_context
AOI-0028,suppression,2025-04-04,2025-04-04,1,moderate,-1.2340717084751665,1,0,weather_unavailable_or_unusual
AOI-0028,suppression,2025-05-14,2025-05-14,1,moderate,-1.644168041808946,1,0,dry_context
AOI-0028,suppression,2025-05-21,2025-05-21,1,moderate,-1.1240000380439463,1,0,weather_unavailable_or_unusual
AOI-0028,suppression,2025-05-31,2025-05-31,1,moderate,-1.170136469771861,0,1,weather_unavailable_or_unusual
AOI-0028,suppression,2025-07-18,2025-07-18,1,moderate,-1.0586158884353087,1,0,dry_context
AOI-0028,suppression,2025-07-23,2025-07-23,1,moderate,-1.0023387716812118,0,1,weather_unavailable_or_unusual
AOI-0028,suppression,2025-07-30,2025-07-30,1,moderate,-1.0378678326196458,1,0,dry_and_hot_context
AOI-0028,suppression,2025-08-02,2025-08-02,1,moderate,-1.7060278057198905,1,0,dry_context
AOI-0028,suppression,2025-08-07,2025-08-07,1,moderate,-1.046430393399636,1,0,dry_context
AOI-0028,suppression,2025-08-09,2025-08-09,1,moderate,-1.0639095787466217,1,0,weather_unavailable_or_unusual
AOI-0028,suppression,2025-09-06,2025-09-06,1,moderate,-1.1450436586080666,1,0,dry_context
AOI-0028,suppression,2025-09-08,2025-09-08,1,moderate,-1.04593736819256,0,1,weather_unavailable_or_unusual
AOI-0029,suppression,2025-07-10,2025-07-10,1,moderate,-1.0533709743439186,1,0,dry_and_hot_context
AOI-0029,suppression,2025-07-13,2025-07-13,1,moderate,-1.1129837217332117,1,0,dry_and_hot_context
AOI-0029,suppression,2025-07-18,2025-07-18,1,moderate,-1.1710314820261385,1,0,dry_context
AOI-0029,suppression,2025-07-23,2025-07-23,1,moderate,-1.1510951211134268,1,0,dry_context
AOI-0029,suppression,2025-07-28,2025-07-28,1,moderate,-1.1061923027175868,1,0,dry_context
AOI-0029,suppression,2025-07-30,2025-07-30,1,moderate,-1.1030616256334471,1,0,dry_and_hot_context
AOI-0029,suppression,2025-08-02,2025-08-02,1,moderate,-1.2188101143318162,0,1,weather_unavailable_or_unusual
AOI-0029,suppression,2025-08-07,2025-08-07,1,moderate,-1.1537843406900035,1,0,dry_context
AOI-0029,suppression,2025-08-09,2025-08-09,1,moderate,-1.1530218983323406,1,0,weather_unavailable_or_unusual
AOI-0029,suppression,2025-08-12,2025-08-12,1,moderate,-1.0752144334514775,1,0,dry_context
AOI-0029,suppression,2025-08-17,2025-08-17,1,moderate,-1.179093981496547,1,0,dry_context
AOI-0029,suppression,2025-08-19,2025-08-19,1,moderate,-1.1000714269072063,0,1,weather_unavailable_or_unusual
AOI-0029,suppression,2025-08-22,2025-08-22,1,moderate,-1.0839764050301104,1,0,dry_context
AOI-0029,suppression,2025-08-27,2025-08-27,1,moderate,-1.0778467804618534,1,0,dry_context
AOI-0029,suppression,2025-08-29,2025-08-29,1,moderate,-1.0233838195515876,1,0,dry_context
AOI-0029,suppression,2025-09-01,2025-09-01,1,moderate,-1.1907906973803033,1,0,dry_context
AOI-0029,suppression,2025-09-06,2025-09-06,1,moderate,-1.1278276161711616,1,0,dry_context
AOI-0029,suppression,2025-09-08,2025-09-08,1,moderate,-1.1592300980461778,1,0,dry_context
AOI-0029,suppression,2025-09-21,2025-09-21,1,moderate,-1.044046527493812,1,0,dry_context
AOI-0031,critical,2011-04-23,2011-04-23,1,critical,-7.925558145957297,0,1,weather_unavailable_or_unusual
AOI-0031,critical,2011-04-28,2011-04-28,1,critical,-7.742979149953022,1,0,dry_context
AOI-0031,critical,2011-05-09,2011-05-09,1,critical,-3.8841892563696097,1,0,weather_unavailable_or_unusual
AOI-0031,critical,2011-05-14,2011-05-14,1,critical,-10.52000101741166,1,0,dry_context
AOI-0031,critical,2012-04-15,2012-04-15,1,critical,-3.9354136297334708,0,1,weather_unavailable_or_unusual
AOI-0031,critical,2012-04-22,2012-04-22,1,critical,-7.527815699208747,1,0,weather_unavailable_or_unusual
AOI-0031,critical,2012-05-01,2012-05-01,1,critical,-3.5037762910069703,1,0,dry_context
AOI-0031,critical,2012-05-08,2012-05-08,1,moderate,-2.3536846322548257,1,0,dry_context
AOI-0031,critical,2012-05-17,2012-05-17,1,moderate,-2.5833051250685437,1,0,dry_context
AOI-0031,critical,2012-05-24,2012-05-24,1,critical,-4.631310763143484,1,0,weather_unavailable_or_unusual
AOI-0031,critical,2012-06-09,2012-06-09,1,moderate,-2.5571938081752825,1,0,dry_context
AOI-0031,suppression,2012-06-25,2012-06-25,1,moderate,-1.4736639392157371,1,0,dry_context
AOI-0031,suppression,2012-07-20,2012-07-20,1,moderate,-1.0640730845999982,1,0,dry_context
AOI-0031,suppression,2012-08-21,2012-08-21,1,moderate,-1.459409912497328,1,0,weather_unavailable_or_unusual
AOI-0031,suppression,2012-09-13,2012-09-13,1,moderate,-1.4621681515242426,1,0,dry_context
AOI-0031,suppression,2013-06-10,2013-06-10,1,moderate,-1.439598890044302,1,0,dry_context
AOI-0031,critical,2014-04-07,2014-04-07,1,moderate,-2.0374157088608142,1,0,dry_context
AOI-0031,critical,2014-04-23,2014-04-23,1,critical,-4.070251554849799,1,0,weather_unavailable_or_unusual
AOI-0031,critical,2014-04-28,2014-04-28,1,critical,-4.489775703207526,1,0,dry_context
AOI-0031,suppression,2014-05-09,2014-05-09,1,moderate,-1.3456980679589707,1,0,dry_context
AOI-0031,suppression,2014-05-15,2014-05-15,1,moderate,-1.4355064303053031,1,0,dry_context
AOI-0031,suppression,2014-08-02,2014-08-02,1,moderate,-1.0418493852183548,0,1,weather_unavailable_or_unusual
AOI-0031,suppression,2014-10-05,2014-10-05,1,moderate,-1.2079153357001795,1,0,dry_context
AOI-0031,suppression,2014-10-13,2014-10-13,1,moderate,-1.1847743519661615,1,0,dry_context
AOI-0031,critical,2014-10-14,2014-10-14,1,moderate,-2.640473248332484,0,1,weather_unavailable_or_unusual
AOI-0031,suppression,2014-10-29,2014-10-30,2,moderate,-1.408216152590796,2,0,dry_context
AOI-0031,suppression,2015-04-07,2015-04-08,2,moderate,-1.2910155328729203,2,0,weather_unavailable_or_unusual
AOI-0031,critical,2015-04-23,2015-04-23,1,high,-3.360215790249248,1,0,dry_context
AOI-0031,suppression,2015-04-24,2015-04-24,1,moderate,-1.9430882705117631,1,0,dry_context
AOI-0031,suppression,2015-05-02,2015-05-02,1,moderate,-1.540851658364477,1,0,weather_unavailable_or_unusual
AOI-0031,suppression,2015-08-14,2015-08-14,1,moderate,-1.019922400673224,1,0,dry_context
AOI-0031,suppression,2017-04-03,2017-04-04,2,moderate,-1.3376660822383435,2,0,dry_context
AOI-0031,suppression,2018-04-07,2018-04-07,1,moderate,-1.0452595318741713,1,0,dry_context
AOI-0031,suppression,2018-06-02,2018-06-03,2,moderate,-1.1683482801183205,1,1,dry_context
AOI-0031,suppression,2018-06-14,2018-06-14,1,moderate,-1.306638985516585,1,0,dry_context
AOI-0031,suppression,2018-06-18,2018-06-19,2,moderate,-1.4673590308105378,2,0,dry_context
AOI-0031,critical,2018-06-24,2018-06-24,1,moderate,-2.017028896221978,1,0,dry_context
AOI-0031,suppression,2018-06-26,2018-06-27,2,moderate,-1.2848925482531677,2,0,dry_and_hot_context
AOI-0031,critical,2018-06-29,2018-06-29,1,moderate,-2.2817371735570635,1,0,dry_and_hot_context
AOI-0031,critical,2018-07-02,2018-07-02,1,moderate,-2.6623113869314152,1,0,dry_and_hot_context
AOI-0031,suppression,2018-09-30,2018-09-30,1,moderate,-1.2093292092844545,1,0,dry_context
AOI-0031,suppression,2018-10-07,2018-10-07,1,moderate,-1.126119491640857,0,1,weather_unavailable_or_unusual
AOI-0031,suppression,2019-06-02,2019-06-02,1,moderate,-1.1219661845481388,1,0,dry_context
AOI-0031,suppression,2019-06-04,2019-06-04,1,moderate,-1.4089445562744474,1,0,dry_context
AOI-0031,suppression,2019-06-09,2019-06-09,1,moderate,-1.175783702159055,1,0,dry_context
AOI-0031,suppression,2019-06-17,2019-06-17,1,moderate,-1.3024920108550977,1,0,dry_context
AOI-0031,suppression,2019-06-19,2019-06-19,1,moderate,-1.3520956254130556,1,0,dry_context
AOI-0031,suppression,2019-06-22,2019-06-22,1,moderate,-1.256600546071485,0,1,weather_unavailable_or_unusual
AOI-0031,suppression,2019-06-24,2019-06-24,1,moderate,-1.56634841654714,1,0,dry_and_hot_context
AOI-0031,suppression,2019-06-27,2019-06-27,1,moderate,-1.230188727480155,1,0,dry_context
AOI-0031,suppression,2019-07-02,2019-07-02,1,moderate,-1.3322783739749953,1,0,dry_context
AOI-0031,suppression,2019-07-04,2019-07-04,1,moderate,-1.7498020323675134,1,0,dry_context
AOI-0031,critical,2019-07-07,2019-07-07,1,moderate,-2.192667642401738,1,0,dry_context
AOI-0031,suppression,2019-07-08,2019-07-08,1,moderate,-1.675690116868601,1,0,dry_context
AOI-0031,critical,2019-07-09,2019-07-09,1,moderate,-2.201626858726028,0,1,weather_unavailable_or_unusual
AOI-0031,critical,2019-07-14,2019-07-14,1,moderate,-2.091622715607425,1,0,dry_context
AOI-0031,suppression,2019-07-15,2019-07-15,1,moderate,-1.728920730661246,1,0,dry_context
AOI-0031,suppression,2019-07-17,2019-07-17,1,moderate,-1.487514816242984,1,0,dry_context
AOI-0031,suppression,2019-07-19,2019-07-19,1,moderate,-1.6280503748407773,1,0,dry_context
AOI-0031,suppression,2019-09-25,2019-09-25,1,moderate,-1.6827330174506825,1,0,weather_unavailable_or_unusual
AOI-0031,suppression,2020-04-22,2020-04-22,1,moderate,-1.3328538327672848,1,0,dry_context
AOI-0031,suppression,2020-05-09,2020-05-09,1,moderate,-1.2028745560983005,1,0,weather_unavailable_or_unusual
AOI-0031,critical,2020-05-24,2020-05-24,1,moderate,-2.294162730804851,1,0,dry_context
AOI-0031,critical,2020-07-01,2020-07-01,1,moderate,-2.0304602901377162,1,0,dry_context
AOI-0031,suppression,2020-07-08,2020-07-08,1,moderate,-1.100232348528553,1,0,dry_and_hot_context
AOI-0031,suppression,2020-07-11,2020-07-11,1,moderate,-1.540602429285627,0,1,weather_unavailable_or_unusual
AOI-0031,critical,2020-07-16,2020-07-16,1,moderate,-2.025870540160617,1,0,dry_context
AOI-0031,suppression,2020-07-17,2020-07-18,2,moderate,-1.6171765076593907,1,1,dry_context
AOI-0031,suppression,2020-07-23,2020-07-23,1,moderate,-1.4482670706357461,1,0,dry_context
AOI-0031,suppression,2020-07-26,2020-07-26,1,moderate,-1.25895260307461,1,0,dry_context
AOI-0031,suppression,2020-07-28,2020-07-28,1,moderate,-1.5178731746669227,0,1,weather_unavailable_or_unusual
AOI-0031,suppression,2020-07-31,2020-07-31,1,moderate,-1.3615209256014362,1,0,dry_context
AOI-0031,suppression,2020-08-02,2020-08-02,1,moderate,-1.3409696268230247,1,0,dry_context
AOI-0031,suppression,2020-08-05,2020-08-05,1,moderate,-1.3720407351026993,1,0,dry_context
AOI-0031,suppression,2020-08-07,2020-08-07,1,moderate,-1.451009966035829,0,1,weather_unavailable_or_unusual
AOI-0031,suppression,2020-08-10,2020-08-12,3,moderate,-1.2824344756472044,3,0,dry_context
AOI-0031,suppression,2020-08-15,2020-08-15,1,moderate,-1.4799659160268117,1,0,dry_context
AOI-0031,suppression,2020-08-17,2020-08-18,2,moderate,-1.4875122698764636,1,1,dry_context
AOI-0031,suppression,2020-08-20,2020-08-20,1,moderate,-1.44908021958215,1,0,dry_context
AOI-0031,suppression,2020-08-22,2020-08-22,1,moderate,-1.7218659042092916,0,1,weather_unavailable_or_unusual
AOI-0031,suppression,2020-08-25,2020-08-25,1,moderate,-1.3098964040853895,1,0,dry_context
AOI-0031,suppression,2020-08-27,2020-08-27,1,moderate,-1.6735669996688627,1,0,dry_context
AOI-0031,suppression,2020-08-30,2020-08-30,1,moderate,-1.437579292638347,1,0,dry_context
AOI-0031,suppression,2020-09-01,2020-09-01,1,moderate,-1.4721253535956693,1,0,dry_context
AOI-0031,suppression,2020-09-03,2020-09-04,2,moderate,-1.515209708133008,2,0,dry_context
AOI-0031,suppression,2020-09-11,2020-09-11,1,moderate,-1.9109003352578644,1,0,dry_context
AOI-0031,critical,2020-09-12,2020-09-12,1,moderate,-2.4823749467494873,1,0,dry_context
AOI-0031,suppression,2020-09-13,2020-09-14,2,moderate,-1.4783505025738086,2,0,dry_context
AOI-0031,critical,2020-09-16,2020-09-16,1,high,-2.7552553561399504,1,0,dry_context
AOI-0031,suppression,2020-09-19,2020-09-21,3,moderate,-1.5820391090295256,3,0,dry_context
AOI-0031,critical,2020-09-24,2020-09-24,1,moderate,-2.149171598483782,1,0,dry_context
AOI-0031,suppression,2020-09-26,2020-09-27,2,moderate,-1.4066859429645424,1,1,dry_context
AOI-0031,suppression,2020-09-29,2020-09-29,1,moderate,-1.2704868541914702,1,0,dry_context
AOI-0031,suppression,2020-10-05,2020-10-06,2,moderate,-1.455844706311281,2,0,dry_context
AOI-0031,suppression,2020-10-09,2020-10-09,1,moderate,-1.670367778777325,1,0,dry_context
AOI-0031,critical,2020-10-11,2020-10-11,1,critical,-3.775827850054851,1,0,dry_context
AOI-0031,suppression,2020-10-13,2020-10-14,2,moderate,-1.4203778187088032,1,1,dry_context
AOI-0031,suppression,2020-10-16,2020-10-16,1,moderate,-1.3996227173577853,1,0,dry_context
AOI-0031,suppression,2020-10-19,2020-10-19,1,moderate,-1.949237180603834,0,1,weather_unavailable_or_unusual
AOI-0031,suppression,2020-10-24,2020-10-24,1,moderate,-1.0362299256239487,1,0,dry_context
AOI-0031,suppression,2020-10-26,2020-10-26,1,moderate,-1.180996530001771,1,0,dry_context
AOI-0031,critical,2021-04-04,2021-04-04,1,moderate,-2.3701735557577543,1,0,weather_unavailable_or_unusual
AOI-0031,suppression,2021-04-07,2021-04-07,1,moderate,-1.154349738947069,0,1,weather_unavailable_or_unusual
AOI-0031,suppression,2021-04-15,2021-04-15,1,moderate,-1.240015492213619,1,0,weather_unavailable_or_unusual
AOI-0031,suppression,2021-04-23,2021-04-23,1,moderate,-1.2621633291010252,1,0,weather_unavailable_or_unusual
AOI-0031,critical,2021-04-27,2021-04-27,1,moderate,-2.2755665741396416,1,0,dry_context
AOI-0031,critical,2021-05-02,2021-05-02,1,moderate,-2.61091685096235,1,0,dry_context
AOI-0031,suppression,2021-05-07,2021-05-07,1,moderate,-1.9872402157031366,1,0,dry_context
AOI-0031,suppression,2021-05-09,2021-05-10,2,moderate,-1.4204382969805678,2,0,weather_unavailable_or_unusual
AOI-0031,suppression,2021-05-12,2021-05-12,1,moderate,-1.4831710195970276,1,0,dry_context
AOI-0031,suppression,2021-05-14,2021-05-14,1,moderate,-1.4968722799448442,1,0,dry_context
AOI-0031,suppression,2021-05-17,2021-05-17,1,moderate,-1.3856464758060751,0,1,weather_unavailable_or_unusual
AOI-0031,suppression,2021-05-29,2021-05-29,1,moderate,-1.763053654287677,1,0,dry_context
AOI-0031,critical,2021-06-06,2021-06-06,1,moderate,-2.052575335903574,1,0,dry_context
AOI-0031,suppression,2021-06-08,2021-06-08,1,moderate,-1.7874936815503009,1,0,dry_context
AOI-0031,suppression,2021-06-11,2021-06-11,1,moderate,-1.0260393022650192,0,1,weather_unavailable_or_unusual
AOI-0031,suppression,2021-06-16,2021-06-16,1,moderate,-1.2814205602209416,1,0,dry_context
AOI-0031,suppression,2021-06-18,2021-06-18,1,moderate,-1.1944510799657948,1,0,dry_context
AOI-0031,suppression,2021-06-21,2021-06-21,1,moderate,-1.0911405377186238,1,0,dry_context
AOI-0031,suppression,2021-06-23,2021-06-23,1,moderate,-1.0965352353668854,1,0,dry_and_hot_context
AOI-0031,suppression,2021-06-26,2021-06-26,1,moderate,-1.122765839680869,1,0,dry_and_hot_context
AOI-0031,suppression,2021-06-28,2021-06-28,1,moderate,-1.3693690573255395,1,0,dry_context
AOI-0031,suppression,2021-07-01,2021-07-01,1,moderate,-1.0332117119423907,0,1,weather_unavailable_or_unusual
AOI-0031,suppression,2021-07-03,2021-07-04,2,moderate,-1.3171597203639156,2,0,dry_and_hot_context
AOI-0031,suppression,2021-07-08,2021-07-08,1,moderate,-1.0570008930843808,1,0,dry_context
AOI-0031,suppression,2021-07-11,2021-07-11,1,moderate,-1.2952066487160125,1,0,dry_context
AOI-0031,suppression,2021-07-16,2021-07-16,1,moderate,-1.2871007350082688,0,1,weather_unavailable_or_unusual
AOI-0031,suppression,2021-07-18,2021-07-18,1,moderate,-1.0639297492590254,1,0,dry_and_hot_context
AOI-0031,suppression,2021-07-21,2021-07-21,1,moderate,-1.227568346747504,0,1,weather_unavailable_or_unusual
AOI-0031,critical,2021-07-23,2021-07-23,1,moderate,-2.6242376627594917,1,0,weather_unavailable_or_unusual
AOI-0031,suppression,2021-07-26,2021-07-26,1,moderate,-1.0505509939517004,1,0,dry_context
AOI-0031,suppression,2021-08-10,2021-08-10,1,moderate,-1.3225879796029079,1,0,weather_unavailable_or_unusual
AOI-0031,suppression,2021-08-12,2021-08-12,1,moderate,-1.8861195128134716,1,0,weather_unavailable_or_unusual
AOI-0031,suppression,2021-08-17,2021-08-17,1,moderate,-1.0111536117413074,1,0,dry_context
AOI-0031,suppression,2021-08-22,2021-08-22,1,moderate,-1.1077426814321705,1,0,dry_context
AOI-0031,suppression,2021-08-30,2021-08-30,1,moderate,-1.0509651101820212,0,1,weather_unavailable_or_unusual
AOI-0031,suppression,2021-09-01,2021-09-01,1,moderate,-1.275883317804918,1,0,dry_context
AOI-0031,suppression,2021-09-04,2021-09-04,1,moderate,-1.823362275512846,1,0,dry_context
AOI-0031,suppression,2021-09-09,2021-09-09,1,moderate,-1.0191740048751587,1,0,dry_context
AOI-0031,suppression,2021-09-11,2021-09-11,1,moderate,-1.0337158480494568,1,0,dry_context
AOI-0031,critical,2021-09-16,2021-09-16,1,high,-3.0531216354196618,1,0,dry_context
AOI-0031,critical,2021-09-21,2021-09-21,1,moderate,-2.018443845806762,1,0,weather_unavailable_or_unusual
AOI-0031,suppression,2021-10-14,2021-10-14,1,moderate,-1.0021078747225214,1,0,dry_context
AOI-0031,suppression,2022-07-21,2022-07-21,1,moderate,-1.0569930122554625,1,0,dry_context
AOI-0031,suppression,2022-07-28,2022-07-28,1,moderate,-1.0588012717301207,1,0,dry_context
AOI-0031,suppression,2022-08-05,2022-08-05,1,moderate,-1.126926090356121,1,0,dry_context
AOI-0031,suppression,2022-08-10,2022-08-10,1,moderate,-1.0182126311442123,1,0,dry_context
AOI-0031,suppression,2022-08-15,2022-08-15,1,moderate,-1.093653736411073,1,0,dry_and_hot_context
AOI-0031,suppression,2022-08-17,2022-08-17,1,moderate,-1.2659544787849841,1,0,dry_and_hot_context
AOI-0031,suppression,2022-08-30,2022-08-30,1,moderate,-1.225194321751916,1,0,dry_context
AOI-0031,suppression,2022-09-01,2022-09-01,1,moderate,-1.2649680997931543,1,0,dry_context
AOI-0031,suppression,2022-09-09,2022-09-09,1,moderate,-1.1629145518880695,0,1,weather_unavailable_or_unusual
AOI-0031,suppression,2022-09-26,2022-09-26,1,moderate,-1.4172184967530934,0,1,weather_unavailable_or_unusual
AOI-0031,suppression,2022-09-29,2022-09-29,1,moderate,-1.0275686597623472,0,1,weather_unavailable_or_unusual
AOI-0031,suppression,2023-10-16,2023-10-16,1,moderate,-1.4274822246880128,1,0,dry_context
AOI-0031,suppression,2023-10-29,2023-10-29,1,moderate,-1.0813916737690634,1,0,dry_context
AOI-0031,suppression,2024-04-01,2024-04-01,1,moderate,-1.4211429048875976,1,0,dry_context
AOI-0031,suppression,2024-04-03,2024-04-03,1,moderate,-1.3304808478460142,1,0,weather_unavailable_or_unusual
AOI-0031,suppression,2024-04-06,2024-04-06,1,moderate,-1.3475146160976839,1,0,dry_context
AOI-0031,suppression,2024-04-11,2024-04-11,1,moderate,-1.0536581867340953,1,0,dry_context
AOI-0031,suppression,2024-04-13,2024-04-13,1,moderate,-1.2084653994236236,1,0,dry_context
AOI-0031,suppression,2024-04-21,2024-04-21,1,moderate,-1.296614030866886,1,0,dry_context
AOI-0031,suppression,2024-04-23,2024-04-23,1,moderate,-1.6270002491201558,1,0,dry_context
AOI-0031,suppression,2024-05-02,2024-05-03,2,moderate,-1.5041684803872581,1,1,dry_context
AOI-0031,suppression,2024-05-06,2024-05-06,1,moderate,-1.7061940496020938,1,0,dry_context
AOI-0031,suppression,2024-05-08,2024-05-11,4,moderate,-1.3189033815532998,4,0,dry_context
AOI-0031,suppression,2024-05-13,2024-05-13,1,moderate,-1.4977604645143565,1,0,dry_context
AOI-0031,suppression,2024-05-16,2024-05-16,1,moderate,-1.5241027115368306,1,0,dry_context
AOI-0031,suppression,2024-05-18,2024-05-18,1,moderate,-1.2675691491761203,1,0,dry_context
AOI-0031,suppression,2024-05-21,2024-05-21,1,moderate,-1.5647670033927374,1,0,dry_context
AOI-0031,suppression,2024-05-23,2024-05-23,1,moderate,-1.720843170154019,1,0,dry_context
AOI-0031,suppression,2024-05-28,2024-05-28,1,moderate,-1.5440985449690938,1,0,dry_context
AOI-0031,suppression,2024-06-02,2024-06-03,2,moderate,-1.4327522472439864,1,1,dry_context
AOI-0031,suppression,2024-06-07,2024-06-07,1,moderate,-1.2304151724678505,1,0,dry_context
AOI-0031,suppression,2024-06-17,2024-06-17,1,moderate,-1.1319051321356186,1,0,weather_unavailable_or_unusual
AOI-0031,suppression,2024-06-20,2024-06-20,1,moderate,-1.0005516201886189,1,0,dry_context
AOI-0031,suppression,2024-06-25,2024-06-25,1,moderate,-1.3671283511255239,1,0,dry_context
AOI-0031,suppression,2024-07-05,2024-07-05,1,moderate,-1.0524400335956212,1,0,dry_and_hot_context
AOI-0031,suppression,2024-07-07,2024-07-07,1,moderate,-1.265812618388492,1,0,dry_and_hot_context
AOI-0031,suppression,2024-07-10,2024-07-10,1,moderate,-1.157666722480136,0,1,weather_unavailable_or_unusual
AOI-0031,suppression,2024-07-12,2024-07-12,1,moderate,-1.0890770344012033,1,0,dry_context
AOI-0031,suppression,2024-07-15,2024-07-15,1,moderate,-1.103936455118804,1,0,dry_and_hot_context
AOI-0031,suppression,2024-07-17,2024-07-17,1,moderate,-1.1081365911228132,1,0,dry_and_hot_context
AOI-0031,suppression,2024-07-20,2024-07-20,1,moderate,-1.1405443043214707,1,0,dry_and_hot_context
AOI-0031,suppression,2024-08-29,2024-08-29,1,moderate,-1.0821532577779576,1,0,dry_context
AOI-0031,suppression,2024-09-03,2024-09-03,1,moderate,-1.5850775313295122,1,0,dry_context
AOI-0031,suppression,2024-09-15,2024-09-15,1,moderate,-1.0429500296233016,1,0,dry_context
AOI-0031,suppression,2024-09-30,2024-09-30,1,moderate,-1.3629992432423743,1,0,dry_context
AOI-0031,suppression,2024-10-05,2024-10-05,1,moderate,-1.0086137287173051,1,0,dry_context
AOI-0031,suppression,2024-10-10,2024-10-10,1,moderate,-1.0033265563713285,1,0,dry_context
AOI-0031,suppression,2024-10-13,2024-10-13,1,moderate,-1.0628440683178213,1,0,dry_context
AOI-0031,suppression,2024-10-20,2024-10-20,1,moderate,-1.057082516294638,1,0,dry_context
AOI-0031,suppression,2024-10-30,2024-10-30,1,moderate,-1.1795298925492155,1,0,dry_context
AOI-0031,suppression,2025-09-05,2025-09-05,1,moderate,-1.1197739286976267,1,0,dry_context
AOI-0032,suppression,2012-06-09,2012-06-09,1,moderate,-1.1150522691010092,1,0,dry_context
AOI-0032,critical,2012-09-29,2012-09-29,1,moderate,-2.1946511284581085,1,0,dry_context
AOI-0032,critical,2012-10-08,2012-10-08,1,high,-3.24500416500208,0,1,weather_unavailable_or_unusual
AOI-0032,critical,2012-10-15,2012-10-15,1,critical,-3.856533331748387,1,0,dry_context
AOI-0032,suppression,2014-07-01,2014-07-01,1,moderate,-1.2037244499713018,1,0,dry_context
AOI-0032,suppression,2014-07-10,2014-07-10,1,moderate,-1.7690142791970893,1,0,dry_context
AOI-0032,suppression,2014-07-17,2014-07-17,1,moderate,-1.128138478242664,1,0,dry_and_hot_context
AOI-0032,suppression,2014-08-02,2014-08-02,1,moderate,-1.2678702596650588,1,0,dry_context
AOI-0032,critical,2014-09-03,2014-09-03,1,moderate,-2.0340315625354815,0,1,weather_unavailable_or_unusual
AOI-0032,suppression,2014-10-14,2014-10-14,1,moderate,-1.7593274052322292,1,0,dry_context
AOI-0032,suppression,2014-10-29,2014-10-30,2,moderate,-1.3799781327826315,2,0,dry_context
AOI-0032,suppression,2015-04-08,2015-04-08,1,moderate,-1.1850936287572758,1,0,weather_unavailable_or_unusual
AOI-0032,suppression,2015-05-17,2015-05-17,1,moderate,-1.717107100854517,1,0,dry_context
AOI-0032,suppression,2016-05-20,2016-05-20,1,moderate,-1.586618750085971,1,0,dry_context
AOI-0032,suppression,2016-07-06,2016-07-06,1,moderate,-1.118131938973172,1,0,dry_context
AOI-0032,suppression,2016-09-08,2016-09-08,1,moderate,-1.625647106721285,1,0,dry_context
AOI-0032,suppression,2016-09-17,2016-09-17,1,moderate,-1.3959012749229402,1,0,dry_context
AOI-0032,suppression,2017-08-06,2017-08-06,1,moderate,-1.1471269799160697,1,0,dry_and_hot_context
AOI-0032,suppression,2017-08-11,2017-08-11,1,moderate,-1.1085767447559076,0,1,weather_unavailable_or_unusual
AOI-0032,suppression,2017-08-19,2017-08-19,1,moderate,-1.2488153925571193,0,1,weather_unavailable_or_unusual
AOI-0032,suppression,2017-08-21,2017-08-21,1,moderate,-1.2263116701118328,1,0,dry_context
AOI-0032,suppression,2017-08-26,2017-08-26,1,moderate,-1.8490792343021982,1,0,dry_context
AOI-0032,suppression,2017-08-28,2017-08-28,1,moderate,-1.7850714450675913,1,0,dry_context
AOI-0032,suppression,2017-09-04,2017-09-05,2,moderate,-1.6414677774175472,2,0,dry_context
AOI-0032,suppression,2017-09-10,2017-09-12,3,moderate,-1.5496790837940357,2,1,dry_context
AOI-0032,suppression,2017-09-15,2017-09-15,1,moderate,-1.4512846108115807,1,0,dry_context
AOI-0032,suppression,2017-09-17,2017-09-17,1,moderate,-1.2292677470720637,1,0,dry_context
AOI-0032,suppression,2017-09-20,2017-09-20,1,moderate,-1.154044548916745,1,0,dry_context
AOI-0032,suppression,2018-05-17,2018-05-18,2,moderate,-1.3753481164257328,2,0,dry_context
AOI-0032,suppression,2018-05-25,2018-05-25,1,moderate,-1.5735534679530778,1,0,dry_context
AOI-0032,suppression,2018-05-30,2018-05-30,1,moderate,-1.6488475059303842,1,0,dry_context
AOI-0032,suppression,2018-06-02,2018-06-03,2,moderate,-1.581244338229994,2,0,dry_context
AOI-0032,suppression,2018-06-19,2018-06-19,1,moderate,-1.1164655947218036,0,1,weather_unavailable_or_unusual
AOI-0032,suppression,2018-06-26,2018-06-26,1,moderate,-1.538693013239073,1,0,dry_and_hot_context
AOI-0032,suppression,2018-07-02,2018-07-02,1,moderate,-1.5843831487805469,1,0,dry_context
AOI-0032,suppression,2018-08-29,2018-08-29,1,moderate,-1.0025810556863664,1,0,dry_context
AOI-0032,suppression,2019-06-12,2019-06-12,1,moderate,-1.1022629018049575,1,0,dry_context
AOI-0032,suppression,2019-06-22,2019-06-22,1,moderate,-1.0067046601666576,1,0,dry_and_hot_context
AOI-0032,suppression,2019-06-27,2019-06-27,1,moderate,-1.1310533846235824,1,0,dry_context
AOI-0032,suppression,2019-07-02,2019-07-02,1,moderate,-1.6259400139427005,1,0,dry_context
AOI-0032,suppression,2019-07-04,2019-07-04,1,moderate,-1.0177281115709733,1,0,dry_context
AOI-0032,suppression,2019-07-07,2019-07-08,2,moderate,-1.3806866881233866,2,0,dry_context
AOI-0032,suppression,2019-07-15,2019-07-15,1,moderate,-1.0793855665224052,1,0,dry_context
AOI-0032,critical,2019-07-19,2019-07-19,1,critical,-3.741051051169155,1,0,dry_context
AOI-0032,suppression,2019-07-29,2019-07-29,1,moderate,-1.343051739605743,1,0,dry_context
AOI-0032,suppression,2019-08-23,2019-08-23,1,moderate,-1.0386908678099442,1,0,dry_and_hot_context
AOI-0032,suppression,2019-08-26,2019-08-26,1,moderate,-1.0534474783508916,1,0,dry_context
AOI-0032,suppression,2019-09-22,2019-09-22,1,moderate,-1.421561049088908,1,0,dry_context
AOI-0032,critical,2019-09-25,2019-09-25,1,moderate,-2.1409093585615904,0,1,weather_unavailable_or_unusual
AOI-0032,critical,2019-10-02,2019-10-02,1,moderate,-2.3868922097490772,1,0,dry_context
AOI-0032,suppression,2019-10-07,2019-10-07,1,moderate,-1.3824996737804565,1,0,weather_unavailable_or_unusual
AOI-0032,critical,2019-10-12,2019-10-12,1,moderate,-2.2507915464352912,1,0,weather_unavailable_or_unusual
AOI-0032,suppression,2020-06-28,2020-06-28,1,moderate,-1.0149675579073127,1,0,dry_context
AOI-0032,suppression,2020-07-01,2020-07-01,1,moderate,-1.6546664451302382,1,0,dry_context
AOI-0032,suppression,2020-07-03,2020-07-03,1,moderate,-1.0524302798873242,1,0,dry_context
AOI-0032,suppression,2020-07-06,2020-07-06,1,moderate,-1.0913077867422907,1,0,dry_and_hot_context
AOI-0032,suppression,2020-07-11,2020-07-11,1,moderate,-1.040279937196779,1,0,dry_context
AOI-0032,critical,2020-07-16,2020-07-16,1,moderate,-2.33075331874444,1,0,dry_context
AOI-0032,suppression,2020-07-17,2020-07-18,2,moderate,-1.0335412032959195,2,0,dry_context
AOI-0032,suppression,2020-07-26,2020-07-26,1,moderate,-1.0711872153160034,1,0,dry_context
AOI-0032,suppression,2020-07-28,2020-07-28,1,moderate,-1.1336683383463844,1,0,dry_context
AOI-0032,suppression,2020-07-31,2020-07-31,1,moderate,-1.1251887204628703,1,0,dry_context
AOI-0032,suppression,2020-08-02,2020-08-02,1,moderate,-1.0166177821323985,1,0,dry_context
AOI-0032,suppression,2020-08-05,2020-08-05,1,moderate,-1.224394151339738,0,1,weather_unavailable_or_unusual
AOI-0032,suppression,2020-08-07,2020-08-07,1,moderate,-1.0691208574254216,0,1,weather_unavailable_or_unusual
AOI-0032,suppression,2020-08-10,2020-08-12,3,moderate,-1.1849492332810903,3,0,dry_context
AOI-0032,suppression,2020-08-15,2020-08-15,1,moderate,-1.9659870471898335,1,0,dry_context
AOI-0032,suppression,2020-08-17,2020-08-18,2,moderate,-1.06624196337865,2,0,dry_context
AOI-0032,suppression,2020-08-20,2020-08-20,1,moderate,-1.3275378070159536,1,0,dry_context
AOI-0032,suppression,2020-08-25,2020-08-25,1,moderate,-1.0885345624657286,1,0,dry_context
AOI-0032,suppression,2020-08-27,2020-08-27,1,moderate,-1.1666884152224137,1,0,dry_context
AOI-0032,suppression,2020-08-30,2020-08-30,1,moderate,-1.1877520800183505,1,0,dry_context
AOI-0032,suppression,2020-09-01,2020-09-01,1,moderate,-1.1075759848780755,1,0,dry_context
AOI-0032,suppression,2020-09-03,2020-09-04,2,moderate,-1.1760150382488828,2,0,dry_context
AOI-0032,suppression,2020-09-11,2020-09-12,2,moderate,-1.193083779250279,2,0,dry_context
AOI-0032,suppression,2020-09-14,2020-09-14,1,moderate,-1.1896122264631204,1,0,dry_context
AOI-0032,suppression,2020-09-16,2020-09-16,1,moderate,-1.3548863138409302,1,0,dry_context
AOI-0032,suppression,2020-09-24,2020-09-24,1,moderate,-1.3042203605531135,1,0,dry_context
AOI-0032,suppression,2020-09-26,2020-09-26,1,moderate,-1.287126587537269,1,0,dry_context
AOI-0032,suppression,2020-09-28,2020-09-28,1,moderate,-1.5864060411342558,0,1,weather_unavailable_or_unusual
AOI-0032,suppression,2020-10-19,2020-10-19,1,moderate,-1.8703794940512493,1,0,weather_unavailable_or_unusual
AOI-0032,suppression,2021-04-04,2021-04-04,1,moderate,-1.4955099578412576,0,1,weather_unavailable_or_unusual
AOI-0032,suppression,2021-04-07,2021-04-08,2,moderate,-1.2298059581342429,2,0,weather_unavailable_or_unusual
AOI-0032,suppression,2021-04-15,2021-04-15,1,moderate,-1.178986246185136,1,0,dry_context
AOI-0032,suppression,2021-04-22,2021-04-22,1,moderate,-1.122489367971377,1,0,weather_unavailable_or_unusual
AOI-0032,suppression,2021-05-02,2021-05-02,1,moderate,-1.4292281071219124,1,0,dry_context
AOI-0032,suppression,2021-05-22,2021-05-22,1,moderate,-1.6342142426245363,1,0,dry_context
AOI-0032,suppression,2021-05-29,2021-05-29,1,moderate,-1.2628999029958918,1,0,dry_context
AOI-0032,suppression,2021-06-06,2021-06-06,1,moderate,-1.0690485683519402,1,0,dry_context
AOI-0032,suppression,2021-06-21,2021-06-21,1,moderate,-1.0334245210784168,1,0,dry_context
AOI-0032,suppression,2021-08-10,2021-08-10,1,moderate,-1.1900382775696878,1,0,dry_context
AOI-0032,critical,2021-08-17,2021-08-17,1,moderate,-2.5092857213355715,1,0,dry_context
AOI-0032,critical,2021-08-22,2021-08-22,1,high,-2.870104975884687,1,0,dry_context
AOI-0032,critical,2021-09-16,2021-09-16,1,high,-2.9202259956785173,1,0,dry_context
AOI-0032,suppression,2022-07-21,2022-07-21,1,moderate,-1.1420378897957415,1,0,dry_context
AOI-0032,suppression,2022-07-28,2022-07-28,1,moderate,-1.450432668654976,1,0,dry_context
AOI-0032,suppression,2022-08-02,2022-08-02,1,moderate,-1.2282650780080995,0,1,weather_unavailable_or_unusual
AOI-0032,suppression,2022-08-05,2022-08-05,1,moderate,-1.0904885528892112,1,0,dry_context
AOI-0032,suppression,2022-08-10,2022-08-10,1,moderate,-1.3675840760537588,1,0,dry_context
AOI-0032,suppression,2022-08-15,2022-08-15,1,moderate,-1.3172642288189058,0,1,weather_unavailable_or_unusual
AOI-0032,suppression,2022-08-17,2022-08-17,1,moderate,-1.5257941902154457,1,0,dry_and_hot_context
AOI-0032,suppression,2022-08-30,2022-08-30,1,moderate,-1.152943701103789,1,0,dry_context
AOI-0032,suppression,2022-09-01,2022-09-01,1,moderate,-1.3341241440586644,1,0,dry_context
AOI-0032,critical,2023-07-23,2023-07-23,1,moderate,-2.18802299373541,1,0,dry_context
AOI-0032,suppression,2023-10-19,2023-10-19,1,moderate,-1.1731640827490328,1,0,dry_context
AOI-0032,suppression,2024-06-17,2024-06-17,1,moderate,-1.3028093272491255,1,0,weather_unavailable_or_unusual
AOI-0032,suppression,2024-08-29,2024-08-29,1,moderate,-1.2011616461063765,1,0,dry_context
AOI-0032,suppression,2024-09-30,2024-09-30,1,moderate,-1.0793788930822426,1,0,dry_context
AOI-0032,suppression,2024-10-10,2024-10-10,1,moderate,-1.0749868801929776,1,0,dry_context
AOI-0032,suppression,2024-10-13,2024-10-13,1,moderate,-1.0841075702735912,1,0,dry_context
AOI-0032,suppression,2024-10-30,2024-10-30,1,moderate,-1.5848038467252423,1,0,dry_context
AOI-0032,suppression,2025-09-08,2025-09-08,1,moderate,-1.4632228569454868,1,0,dry_context
AOI-0034,suppression,2025-05-23,2025-05-23,1,moderate,-1.2751368813811605,1,0,dry_context
AOI-0034,suppression,2025-05-28,2025-05-28,1,moderate,-1.2424709176604676,1,0,dry_context
AOI-0034,suppression,2025-06-04,2025-06-05,2,moderate,-1.1286560865917241,2,0,dry_context
AOI-0034,suppression,2025-06-07,2025-06-07,1,moderate,-1.000810735374199,1,0,dry_context
AOI-0034,suppression,2025-06-17,2025-06-17,1,moderate,-1.135527068148168,1,0,weather_unavailable_or_unusual
AOI-0034,suppression,2025-06-30,2025-06-30,1,moderate,-1.0326908515196833,1,0,dry_context
AOI-0034,suppression,2025-07-07,2025-07-07,1,moderate,-1.128256463187763,0,1,weather_unavailable_or_unusual
AOI-0034,suppression,2025-07-12,2025-07-12,1,moderate,-1.019254203900069,1,0,dry_and_hot_context
AOI-0034,suppression,2025-08-09,2025-08-09,1,moderate,-1.3889941928609337,1,0,weather_unavailable_or_unusual
AOI-0034,suppression,2025-09-08,2025-09-08,1,moderate,-1.040144048172943,1,0,dry_context
AOI-0035,suppression,2025-04-05,2025-04-05,1,moderate,-1.0072647822423937,1,0,weather_unavailable_or_unusual
AOI-0035,suppression,2025-04-25,2025-04-25,1,moderate,-1.0007248706399101,1,0,weather_unavailable_or_unusual
AOI-0035,suppression,2025-05-01,2025-05-01,1,moderate,-1.011253394969778,1,0,weather_unavailable_or_unusual
AOI-0035,suppression,2025-05-08,2025-05-08,1,moderate,-1.0107499861666946,1,0,weather_unavailable_or_unusual
AOI-0035,suppression,2025-05-15,2025-05-16,2,moderate,-1.0132807950006186,1,1,weather_unavailable_or_unusual
AOI-0035,suppression,2025-05-23,2025-05-23,1,moderate,-1.311975040487026,1,0,weather_unavailable_or_unusual
AOI-0035,suppression,2025-05-28,2025-05-28,1,moderate,-1.3280641314843933,1,0,weather_unavailable_or_unusual
AOI-0035,suppression,2025-06-04,2025-06-05,2,moderate,-1.1120242201669275,1,1,weather_unavailable_or_unusual
AOI-0035,suppression,2025-06-07,2025-06-07,1,moderate,-1.0716832001625658,0,1,weather_unavailable_or_unusual
AOI-0035,suppression,2025-06-17,2025-06-17,1,moderate,-1.072434173979764,1,0,weather_unavailable_or_unusual
AOI-0035,suppression,2025-06-22,2025-06-22,1,moderate,-1.1029025578010296,1,0,weather_unavailable_or_unusual
AOI-0035,suppression,2025-07-02,2025-07-02,1,moderate,-1.0979226734294376,1,0,weather_unavailable_or_unusual
AOI-0035,suppression,2025-07-05,2025-07-05,1,moderate,-1.0445926899441629,1,0,weather_unavailable_or_unusual
AOI-0035,suppression,2025-07-14,2025-07-15,2,moderate,-1.088043982759572,2,0,weather_unavailable_or_unusual
AOI-0035,suppression,2025-07-17,2025-07-17,1,moderate,-1.0801096075875807,1,0,weather_unavailable_or_unusual
AOI-0035,suppression,2025-07-25,2025-07-25,1,moderate,-1.068684811602816,1,0,weather_unavailable_or_unusual
AOI-0035,suppression,2025-08-01,2025-08-01,1,moderate,-1.1303218202123129,1,0,weather_unavailable_or_unusual
AOI-0035,suppression,2025-08-09,2025-08-09,1,moderate,-1.0321375068428746,1,0,weather_unavailable_or_unusual
AOI-0035,suppression,2025-08-14,2025-08-14,1,moderate,-1.0732840327028559,1,0,weather_unavailable_or_unusual
AOI-0035,suppression,2025-08-16,2025-08-16,1,moderate,-1.1471333705693143,1,0,weather_unavailable_or_unusual
AOI-0035,suppression,2025-08-19,2025-08-19,1,moderate,-1.1932921916642611,1,0,weather_unavailable_or_unusual
AOI-0035,suppression,2025-08-24,2025-08-24,1,moderate,-1.3681005443856178,1,0,weather_unavailable_or_unusual
AOI-0035,suppression,2025-09-05,2025-09-05,1,moderate,-1.341595116347924,1,0,weather_unavailable_or_unusual
AOI-0035,suppression,2025-09-08,2025-09-08,1,moderate,-1.1521365167816353,1,0,weather_unavailable_or_unusual
AOI-0035,suppression,2025-09-25,2025-09-25,1,moderate,-1.0790308129294408,1,0,weather_unavailable_or_unusual
AOI-0040,suppression,2025-08-01,2025-08-01,1,moderate,-1.2054252913763466,1,0,weather_unavailable_or_unusual
AOI-0040,suppression,2025-08-04,2025-08-04,1,moderate,-1.1608773846821068,1,0,dry_context
AOI-0040,suppression,2025-09-08,2025-09-08,1,moderate,-1.0161109594885729,1,0,dry_context
AOI-0040,suppression,2025-09-25,2025-09-25,1,moderate,-1.015131220486668,1,0,dry_context
AOI-0042,suppression,2025-04-05,2025-04-05,1,moderate,-1.2132072301574106,1,0,weather_unavailable_or_unusual
AOI-0042,suppression,2025-05-08,2025-05-08,1,moderate,-1.019177171639428,1,0,weather_unavailable_or_unusual
AOI-0042,suppression,2025-05-23,2025-05-23,1,moderate,-1.0662523763249083,1,0,dry_context
AOI-0042,suppression,2025-06-04,2025-06-04,1,moderate,-1.0044066439986772,1,0,dry_context
AOI-0042,suppression,2025-06-27,2025-06-27,1,moderate,-1.1061008326250719,1,0,dry_context
AOI-0042,suppression,2025-06-30,2025-06-30,1,moderate,-1.160501339255591,1,0,dry_context
AOI-0042,suppression,2025-07-02,2025-07-02,1,moderate,-1.2115303097372112,1,0,dry_context
AOI-0042,suppression,2025-07-05,2025-07-05,1,moderate,-1.1377263727835119,1,0,dry_context
AOI-0042,suppression,2025-07-07,2025-07-07,1,moderate,-1.0459434293236636,1,0,dry_context
AOI-0042,suppression,2025-07-12,2025-07-12,1,moderate,-1.102465921790116,1,0,dry_and_hot_context
AOI-0042,suppression,2025-07-22,2025-07-22,1,moderate,-1.3625281454424518,1,0,dry_context
AOI-0042,suppression,2025-07-25,2025-07-25,1,moderate,-1.1239213718303993,1,0,dry_context
AOI-0042,suppression,2025-07-30,2025-07-30,1,moderate,-1.0171069398036705,1,0,dry_context
AOI-0042,suppression,2025-08-04,2025-08-04,1,moderate,-1.2449606158701223,1,0,dry_context
AOI-0042,suppression,2025-08-06,2025-08-06,1,moderate,-1.0652246520942976,1,0,dry_context
AOI-0042,suppression,2025-08-09,2025-08-09,1,moderate,-1.1081453501252225,1,0,dry_context
AOI-0042,suppression,2025-08-14,2025-08-14,1,moderate,-1.052749334456323,1,0,dry_context
AOI-0042,suppression,2025-08-16,2025-08-16,1,moderate,-1.1352313022474414,1,0,dry_context
AOI-0042,suppression,2025-08-23,2025-08-24,2,moderate,-1.0757389021009085,1,1,dry_context
AOI-0042,suppression,2025-08-31,2025-08-31,1,moderate,-1.081967981808672,1,0,dry_context
AOI-0042,suppression,2025-09-08,2025-09-08,1,moderate,-1.145481600300512,1,0,dry_context
AOI-0042,suppression,2025-09-12,2025-09-12,1,moderate,-1.1026062813497202,1,0,weather_unavailable_or_unusual
AOI-0042,suppression,2025-09-15,2025-09-15,1,moderate,-1.0130036118606047,0,1,weather_unavailable_or_unusual
AOI-0042,suppression,2025-09-23,2025-09-23,1,moderate,-1.000834268703191,1,0,dry_context
AOI-0042,suppression,2025-09-25,2025-09-25,1,moderate,-1.0864716566564714,1,0,dry_context
AOI-0043,suppression,2025-06-15,2025-06-15,1,moderate,-1.0357902079774959,0,1,weather_unavailable_or_unusual
AOI-0043,suppression,2025-06-17,2025-06-17,1,moderate,-1.0437107890041353,0,1,weather_unavailable_or_unusual
AOI-0043,suppression,2025-06-25,2025-06-25,1,moderate,-1.2663506674369513,0,1,weather_unavailable_or_unusual
AOI-0043,critical,2025-08-02,2025-08-02,1,critical,-3.664400451476345,1,0,dry_context
AOI-0043,suppression,2025-09-08,2025-09-08,1,moderate,-1.0622065519923745,1,0,dry_context
AOI-0043,suppression,2025-09-13,2025-09-13,1,moderate,-1.396663797825399,1,0,dry_context
AOI-0044,critical,2011-04-19,2011-04-19,1,critical,-5.976472217841557,1,0,dry_context
AOI-0044,critical,2011-05-30,2011-05-30,1,critical,-5.999774576434769,1,0,dry_context
AOI-0044,critical,2011-06-06,2011-06-06,1,moderate,-2.5355482083262695,1,0,dry_context
AOI-0044,suppression,2011-06-07,2011-06-07,1,moderate,-1.9622431700709722,1,0,dry_context
AOI-0044,suppression,2011-09-10,2011-09-11,2,moderate,-1.5574173430595675,2,0,dry_context
AOI-0044,critical,2011-09-18,2011-09-18,1,moderate,-2.5637171242524173,1,0,dry_context
AOI-0044,suppression,2011-09-19,2011-09-19,1,moderate,-1.7448137282730805,1,0,dry_context
AOI-0044,suppression,2012-06-25,2012-06-25,1,moderate,-1.8573242925563804,1,0,dry_context
AOI-0044,critical,2012-07-02,2012-07-02,1,moderate,-2.0112058218747464,1,0,dry_context
AOI-0044,suppression,2012-07-11,2012-07-11,1,moderate,-1.5591186239339219,1,0,weather_unavailable_or_unusual
AOI-0044,suppression,2012-07-18,2012-07-18,1,moderate,-1.2820543587674746,1,0,dry_context
AOI-0044,critical,2012-09-20,2012-09-20,1,moderate,-2.4090599955605154,1,0,dry_context
AOI-0044,critical,2012-09-29,2012-09-29,1,moderate,-2.594087125146383,1,0,dry_context
AOI-0044,critical,2012-10-06,2012-10-06,1,critical,-4.359846602858294,1,0,dry_context
AOI-0044,suppression,2014-04-03,2014-04-03,1,moderate,-1.596893246060461,1,0,dry_context
AOI-0044,suppression,2014-05-29,2014-05-30,2,moderate,-1.3920603327873806,2,0,weather_unavailable_or_unusual
AOI-0044,suppression,2014-06-06,2014-06-07,2,moderate,-1.782649491013804,1,1,dry_context
AOI-0044,suppression,2014-06-10,2014-06-10,1,moderate,-1.2320675463238822,1,0,weather_unavailable_or_unusual
AOI-0044,critical,2014-06-14,2014-06-14,1,critical,-3.8997139448439713,0,1,weather_unavailable_or_unusual
AOI-0044,critical,2014-06-22,2014-06-23,2,critical,-6.7636818137874375,1,1,dry_context
AOI-0044,critical,2014-06-26,2014-06-26,1,critical,-6.47129469536849,1,0,weather_unavailable_or_unusual
AOI-0044,critical,2014-06-30,2014-07-01,2,high,-2.7014796459191506,2,0,dry_context
AOI-0044,suppression,2014-07-12,2014-07-12,1,moderate,-1.5564460402640456,1,0,dry_context
AOI-0044,suppression,2014-07-17,2014-07-17,1,moderate,-1.707544229675986,1,0,dry_and_hot_context
AOI-0044,suppression,2014-07-24,2014-07-24,1,moderate,-1.2978615244790217,1,0,dry_context
AOI-0044,suppression,2014-08-02,2014-08-02,1,moderate,-1.1700449712304908,0,1,weather_unavailable_or_unusual
AOI-0044,suppression,2014-08-09,2014-08-09,1,moderate,-1.1739622027627359,0,1,weather_unavailable_or_unusual
AOI-0044,suppression,2014-08-18,2014-08-18,1,moderate,-1.0964184648711575,1,0,dry_and_hot_context
AOI-0044,suppression,2015-07-04,2015-07-04,1,moderate,-1.0145154149272662,1,0,dry_context
AOI-0044,suppression,2015-10-07,2015-10-08,2,moderate,-1.091883146227754,1,1,weather_unavailable_or_unusual
AOI-0044,suppression,2016-06-25,2016-06-25,1,moderate,-1.213765185276401,0,1,weather_unavailable_or_unusual
AOI-0044,suppression,2016-06-27,2016-06-27,1,moderate,-1.533223912321859,1,0,dry_context
AOI-0044,suppression,2017-05-29,2017-05-30,2,moderate,-1.0397945786448435,2,0,dry_context
AOI-0044,suppression,2017-06-06,2017-06-07,2,moderate,-1.368914576825001,2,0,dry_context
AOI-0044,suppression,2017-06-10,2017-06-10,1,moderate,-1.0936601503459382,1,0,weather_unavailable_or_unusual
AOI-0044,suppression,2017-06-15,2017-06-15,1,moderate,-1.0166728146197042,1,0,dry_context
AOI-0044,suppression,2017-06-22,2017-06-22,1,moderate,-1.6729095264589755,1,0,weather_unavailable_or_unusual
AOI-0044,suppression,2017-06-26,2017-06-27,2,moderate,-1.1719163471945584,1,1,dry_context
AOI-0044,suppression,2017-07-02,2017-07-02,1,moderate,-1.0517922350493825,1,0,dry_context
AOI-0044,suppression,2017-07-09,2017-07-09,1,moderate,-1.070482199220264,1,0,weather_unavailable_or_unusual
AOI-0044,suppression,2017-07-16,2017-07-16,1,moderate,-1.044316010319523,1,0,dry_context
AOI-0044,suppression,2017-07-27,2017-07-27,1,moderate,-1.2098655577153792,1,0,dry_and_hot_context
AOI-0044,suppression,2017-08-01,2017-08-01,1,moderate,-1.3425692442538593,1,0,dry_context
AOI-0044,suppression,2017-08-10,2017-08-11,2,moderate,-1.2336330309513288,1,1,dry_context
AOI-0044,suppression,2017-08-17,2017-08-17,1,moderate,-1.3048614294475722,1,0,dry_context
AOI-0044,suppression,2017-08-21,2017-08-21,1,moderate,-1.333923007788212,1,0,dry_context
AOI-0044,suppression,2017-08-26,2017-08-26,1,moderate,-1.0836506174032878,1,0,dry_context
AOI-0044,suppression,2017-09-02,2017-09-02,1,moderate,-1.4768539690766915,1,0,weather_unavailable_or_unusual
AOI-0044,suppression,2018-07-19,2018-07-19,1,moderate,-1.086503118769907,0,1,weather_unavailable_or_unusual
AOI-0044,suppression,2018-10-16,2018-10-16,1,moderate,-1.4128404219132489,1,0,dry_context
AOI-0044,suppression,2019-07-06,2019-07-07,2,moderate,-1.0716837738850113,2,0,dry_context
AOI-0044,suppression,2019-07-15,2019-07-15,1,moderate,-1.2648564300834342,1,0,dry_context
AOI-0044,suppression,2019-07-17,2019-07-17,1,moderate,-1.4798367746890972,1,0,dry_context
AOI-0044,suppression,2019-07-22,2019-07-22,1,moderate,-1.3746652437234748,1,0,weather_unavailable_or_unusual
AOI-0044,suppression,2019-10-25,2019-10-25,1,moderate,-1.5969647982576594,1,0,dry_context
AOI-0044,suppression,2020-05-02,2020-05-02,1,moderate,-1.009616548072955,1,0,weather_unavailable_or_unusual
AOI-0044,suppression,2020-05-08,2020-05-08,1,moderate,-1.0764293291709806,1,0,dry_context
AOI-0044,suppression,2020-05-12,2020-05-13,2,moderate,-1.6946027566740134,2,0,dry_context
AOI-0044,suppression,2020-05-17,2020-05-17,1,moderate,-1.7556332470400386,0,1,weather_unavailable_or_unusual
AOI-0044,suppression,2020-05-24,2020-05-24,1,moderate,-1.231517955951364,1,0,dry_context
AOI-0044,suppression,2020-05-27,2020-05-27,1,moderate,-1.7773522145212046,1,0,dry_context
AOI-0044,suppression,2020-05-29,2020-05-30,2,moderate,-1.4686084798399324,2,0,weather_unavailable_or_unusual
AOI-0044,suppression,2020-06-06,2020-06-07,2,moderate,-1.4451226629698715,2,0,dry_context
AOI-0044,suppression,2020-06-11,2020-06-11,1,moderate,-1.2876703506089986,1,0,dry_context
AOI-0044,suppression,2020-06-16,2020-06-16,1,moderate,-1.1179889007937616,1,0,dry_context
AOI-0044,suppression,2020-06-26,2020-06-26,1,moderate,-1.028146097631313,1,0,dry_context
AOI-0044,suppression,2020-07-01,2020-07-01,1,moderate,-1.180398569843355,1,0,dry_context
AOI-0044,suppression,2020-07-08,2020-07-08,1,moderate,-1.0139048403352295,1,0,dry_and_hot_context
AOI-0044,critical,2020-07-16,2020-07-16,1,moderate,-2.44835960179353,1,0,dry_context
AOI-0044,suppression,2020-07-24,2020-07-24,1,moderate,-1.5129614824209998,1,0,dry_context
AOI-0044,suppression,2020-07-26,2020-07-26,1,moderate,-1.1464526125612147,1,0,dry_context
AOI-0044,critical,2020-08-02,2020-08-02,1,high,-2.7698469174795566,1,0,dry_context
AOI-0044,suppression,2020-08-05,2020-08-05,1,moderate,-1.3758935961522336,1,0,dry_context
AOI-0044,suppression,2020-08-09,2020-08-10,2,moderate,-1.406744147125046,1,1,dry_context
AOI-0044,suppression,2020-08-15,2020-08-15,1,moderate,-1.1171142911111174,1,0,dry_context
AOI-0044,suppression,2020-08-18,2020-08-18,1,moderate,-1.406031097855942,1,0,dry_context
AOI-0044,suppression,2020-08-20,2020-08-20,1,moderate,-1.1902492881496705,1,0,dry_context
AOI-0044,suppression,2020-08-30,2020-08-30,1,moderate,-1.05285716558847,1,0,dry_context
AOI-0044,suppression,2020-09-03,2020-09-03,1,moderate,-1.090379708371152,1,0,dry_context
AOI-0044,suppression,2020-09-09,2020-09-10,2,moderate,-1.0462505781205742,0,2,weather_unavailable_or_unusual
AOI-0044,suppression,2020-09-24,2020-09-24,1,moderate,-1.413482564321035,1,0,dry_context
AOI-0044,suppression,2020-09-26,2020-09-26,1,moderate,-1.3270647269196034,0,1,weather_unavailable_or_unusual
AOI-0044,suppression,2020-10-05,2020-10-05,1,moderate,-1.0461190980819244,1,0,dry_context
AOI-0044,suppression,2020-10-09,2020-10-09,1,moderate,-1.0272217510838122,1,0,dry_context
AOI-0044,suppression,2020-10-12,2020-10-12,1,moderate,-1.577989475006598,1,0,dry_context
AOI-0044,suppression,2020-10-24,2020-10-24,1,moderate,-1.9435847404768307,1,0,dry_context
AOI-0044,suppression,2021-07-26,2021-07-26,1,moderate,-1.086993462892381,1,0,dry_context
AOI-0044,suppression,2021-07-31,2021-07-31,1,moderate,-1.3935235617731685,1,0,dry_context
AOI-0044,suppression,2021-08-05,2021-08-05,1,moderate,-1.5663482473785144,1,0,dry_context
AOI-0044,suppression,2021-08-20,2021-08-20,1,moderate,-1.6346128629232857,1,0,weather_unavailable_or_unusual
AOI-0044,critical,2021-09-04,2021-09-04,1,moderate,-2.2406363764116195,1,0,dry_context
AOI-0044,suppression,2022-07-29,2022-07-29,1,moderate,-1.0393564507041966,1,0,dry_context
AOI-0044,suppression,2022-07-31,2022-07-31,1,moderate,-1.1490300135520324,1,0,dry_context
AOI-0044,suppression,2023-04-27,2023-04-27,1,moderate,-1.061311821577673,1,0,dry_context
AOI-0044,suppression,2023-05-02,2023-05-02,1,moderate,-1.2330434904224237,1,0,dry_context
AOI-0044,suppression,2023-05-06,2023-05-06,1,moderate,-1.1397169161778529,1,0,dry_context
AOI-0044,suppression,2023-05-12,2023-05-12,1,moderate,-1.7412302901186287,1,0,dry_context
AOI-0044,suppression,2023-05-14,2023-05-15,2,moderate,-1.4681135734976831,2,0,dry_context
AOI-0044,suppression,2023-05-17,2023-05-17,1,moderate,-1.7050461600157585,1,0,dry_context
AOI-0044,suppression,2023-05-25,2023-05-25,1,moderate,-1.0211134084532487,1,0,dry_context
AOI-0044,suppression,2023-05-31,2023-05-31,1,moderate,-1.6062044863352887,1,0,dry_context
AOI-0044,suppression,2023-06-06,2023-06-08,3,moderate,-1.4240747978354988,2,1,dry_context
AOI-0044,suppression,2023-06-16,2023-06-16,1,moderate,-1.4837265782083386,1,0,weather_unavailable_or_unusual
AOI-0044,suppression,2023-06-21,2023-06-21,1,moderate,-1.2349114028981654,1,0,weather_unavailable_or_unusual
AOI-0044,suppression,2023-07-11,2023-07-11,1,moderate,-1.2017686439396058,0,1,weather_unavailable_or_unusual
AOI-0044,suppression,2023-07-31,2023-07-31,1,moderate,-1.287681314068661,1,0,dry_context
AOI-0044,suppression,2023-08-15,2023-08-15,1,moderate,-1.2290500588281508,1,0,dry_context
AOI-0044,suppression,2023-08-20,2023-08-20,1,moderate,-1.196545162325613,1,0,dry_context
AOI-0044,suppression,2023-08-25,2023-08-25,1,moderate,-1.0625827231960245,0,1,weather_unavailable_or_unusual
AOI-0044,suppression,2023-08-28,2023-08-28,1,moderate,-1.291756619475394,1,0,dry_context
AOI-0044,suppression,2023-09-14,2023-09-14,1,moderate,-1.6814639714338375,1,0,dry_context
AOI-0044,suppression,2023-10-04,2023-10-04,1,moderate,-1.1361090082241134,1,0,dry_context
AOI-0044,suppression,2024-07-10,2024-07-10,1,moderate,-1.0450298090140002,1,0,dry_and_hot_context
AOI-0044,suppression,2024-07-25,2024-07-25,1,moderate,-1.2548743979928259,1,0,dry_context
AOI-0044,suppression,2024-07-30,2024-07-30,1,moderate,-1.6838714464262865,1,0,dry_context
AOI-0044,suppression,2024-08-04,2024-08-04,1,moderate,-1.3287035004092824,1,0,dry_context
AOI-0044,suppression,2024-08-09,2024-08-09,1,moderate,-1.463920431186192,1,0,dry_context
AOI-0044,suppression,2024-08-14,2024-08-14,1,moderate,-1.4365493944604322,1,0,dry_context
AOI-0044,suppression,2024-08-19,2024-08-19,1,moderate,-1.347906662297004,1,0,dry_context
AOI-0044,suppression,2024-08-24,2024-08-24,1,moderate,-1.8103246292018438,1,0,dry_context
AOI-0044,suppression,2024-09-08,2024-09-08,1,moderate,-1.3991796630335527,1,0,dry_context
AOI-0044,suppression,2024-09-13,2024-09-13,1,moderate,-1.4033077359323012,1,0,dry_context
AOI-0044,suppression,2024-09-23,2024-09-23,1,moderate,-1.03855097285388,1,0,dry_context
AOI-0044,suppression,2024-10-08,2024-10-08,1,moderate,-1.3648460368182387,1,0,dry_context
AOI-0044,suppression,2024-10-13,2024-10-13,1,moderate,-1.0493630428483935,1,0,dry_context
AOI-0044,suppression,2024-10-23,2024-10-23,1,moderate,-1.3367666448857658,1,0,dry_context
AOI-0044,suppression,2025-04-26,2025-04-26,1,moderate,-1.0677808585733097,1,0,weather_unavailable_or_unusual
AOI-0044,suppression,2025-05-01,2025-05-01,1,moderate,-1.0403001109582373,1,0,dry_context
AOI-0044,suppression,2025-05-06,2025-05-06,1,moderate,-1.225676329966581,1,0,dry_context
AOI-0044,suppression,2025-05-08,2025-05-09,2,moderate,-1.1355104791976895,2,0,weather_unavailable_or_unusual
AOI-0044,suppression,2025-05-11,2025-05-11,1,moderate,-1.5209194851904149,1,0,dry_context
AOI-0044,suppression,2025-05-16,2025-05-16,1,moderate,-1.4549290439125901,1,0,dry_context
AOI-0044,suppression,2025-05-20,2025-05-20,1,moderate,-1.3920450038961567,0,1,weather_unavailable_or_unusual
AOI-0044,suppression,2025-05-25,2025-05-25,1,moderate,-1.2667008970522333,1,0,dry_context
AOI-0044,suppression,2025-05-27,2025-05-28,2,moderate,-1.2567064500592209,2,0,dry_context
AOI-0044,suppression,2025-05-31,2025-05-31,1,moderate,-1.688609695058084,1,0,weather_unavailable_or_unusual
AOI-0044,suppression,2025-06-04,2025-06-05,2,moderate,-1.2311492501669918,2,0,dry_context
AOI-0044,suppression,2025-06-07,2025-06-07,1,moderate,-1.2824914443336228,1,0,dry_context
AOI-0044,suppression,2025-06-10,2025-06-10,1,moderate,-1.1204201473096915,1,0,dry_context
AOI-0044,suppression,2025-06-17,2025-06-17,1,moderate,-1.61881097232594,1,0,weather_unavailable_or_unusual
AOI-0044,suppression,2025-06-25,2025-06-25,1,moderate,-1.3472956947572252,1,0,dry_context
AOI-0044,suppression,2025-06-30,2025-06-30,1,moderate,-1.0059875005701115,1,0,dry_context
AOI-0044,suppression,2025-07-05,2025-07-05,1,moderate,-1.0620974875880944,1,0,dry_context
AOI-0044,suppression,2025-07-07,2025-07-07,1,moderate,-1.0905165728209822,1,0,dry_context
AOI-0044,suppression,2025-08-16,2025-08-16,1,moderate,-1.020084641705552,1,0,dry_context
AOI-0044,suppression,2025-09-08,2025-09-08,1,moderate,-1.3874739605787734,1,0,dry_context
AOI-0044,suppression,2025-09-13,2025-09-13,1,moderate,-1.3464815154788512,1,0,dry_context
AOI-0045,suppression,2025-05-31,2025-05-31,1,moderate,-1.0225637405526578,1,0,weather_unavailable_or_unusual
AOI-0045,suppression,2025-06-15,2025-06-15,1,moderate,-1.023292188610982,0,1,weather_unavailable_or_unusual
AOI-0045,suppression,2025-06-30,2025-06-30,1,moderate,-1.1032513838849443,1,0,dry_context
AOI-0045,suppression,2025-07-07,2025-07-07,1,moderate,-1.015353609037389,1,0,dry_context
AOI-0045,suppression,2025-09-08,2025-09-08,1,moderate,-1.0971327202082528,1,0,dry_context
AOI-0046,suppression,2011-06-23,2011-06-23,1,moderate,-1.2085931583703007,1,0,dry_context
AOI-0046,suppression,2011-07-16,2011-07-16,1,moderate,-1.5185506176275856,1,0,dry_context
AOI-0046,critical,2011-07-24,2011-07-24,1,high,-3.244002996596889,1,0,dry_context
AOI-0046,critical,2011-07-28,2011-07-28,1,moderate,-2.1304309766140355,1,0,hot_context
AOI-0046,critical,2011-08-01,2011-08-02,2,critical,-9.214457680346676,2,0,dry_context
AOI-0046,critical,2011-08-09,2011-08-10,2,critical,-8.357449189987207,2,0,dry_context
AOI-0046,critical,2011-08-13,2011-08-13,1,critical,-4.811596651383617,1,0,dry_context
AOI-0046,critical,2011-08-17,2011-08-18,2,critical,-10.944773345719808,1,1,weather_unavailable_or_unusual
AOI-0046,critical,2011-08-25,2011-08-26,2,critical,-11.595071423416872,2,0,dry_context
AOI-0046,critical,2011-08-29,2011-08-29,1,critical,-5.3121470279386935,1,0,dry_context
AOI-0046,critical,2011-09-02,2011-09-02,1,critical,-7.596122739319911,1,0,dry_context
AOI-0046,critical,2011-09-10,2011-09-11,2,critical,-7.207377430224766,2,0,dry_context
AOI-0046,critical,2011-09-14,2011-09-14,1,moderate,-2.088993994808585,1,0,dry_context
AOI-0046,suppression,2011-09-26,2011-09-27,2,moderate,-1.5798076217672883,2,0,dry_context
AOI-0046,suppression,2014-07-17,2014-07-17,1,moderate,-1.2195813236112236,1,0,dry_and_hot_context
AOI-0046,suppression,2014-08-02,2014-08-02,1,moderate,-1.2123771863362798,1,0,dry_context
AOI-0046,suppression,2014-08-09,2014-08-09,1,moderate,-1.1391737657357532,1,0,dry_context
AOI-0046,suppression,2014-09-26,2014-09-26,1,moderate,-1.1224793788434875,1,0,dry_context
AOI-0046,suppression,2014-10-04,2014-10-04,1,moderate,-1.5052296580371236,1,0,dry_context
AOI-0046,critical,2014-10-05,2014-10-05,1,moderate,-2.25453387412191,1,0,dry_context
AOI-0046,suppression,2014-10-12,2014-10-13,2,moderate,-1.4499441085992573,2,0,dry_context
AOI-0046,suppression,2014-10-16,2014-10-16,1,moderate,-1.1534265697620159,1,0,dry_context
AOI-0046,suppression,2014-10-28,2014-10-29,2,moderate,-1.5011027372533388,2,0,dry_context
AOI-0046,suppression,2015-05-24,2015-05-24,1,moderate,-1.3939870962287968,1,0,dry_context
AOI-0046,suppression,2015-06-02,2015-06-02,1,moderate,-1.3200246348581872,1,0,dry_context
AOI-0046,suppression,2015-08-12,2015-08-12,1,moderate,-1.020536054047544,1,0,dry_and_hot_context
AOI-0046,suppression,2016-07-06,2016-07-06,1,moderate,-1.2789994870883847,1,0,dry_context
AOI-0046,suppression,2016-07-13,2016-07-14,2,moderate,-1.2699235271549716,1,1,dry_context
AOI-0046,suppression,2016-07-22,2016-07-22,1,moderate,-1.279176085414477,1,0,dry_context
AOI-0046,suppression,2017-07-16,2017-07-16,1,moderate,-1.0245703900176035,1,0,dry_context
AOI-0046,suppression,2017-07-25,2017-07-25,1,moderate,-1.3723694997140088,1,0,dry_context
AOI-0046,suppression,2017-07-27,2017-07-27,1,moderate,-1.435643132643736,1,0,dry_context
AOI-0046,suppression,2017-08-01,2017-08-01,1,moderate,-1.4631311637067503,1,0,dry_context
AOI-0046,suppression,2017-08-09,2017-08-11,3,moderate,-1.1772867173316424,2,1,dry_context
AOI-0046,suppression,2017-08-17,2017-08-17,1,moderate,-1.2478995406203242,1,0,dry_context
AOI-0046,suppression,2017-08-21,2017-08-21,1,moderate,-1.093917345955876,0,1,weather_unavailable_or_unusual
AOI-0046,suppression,2017-08-26,2017-08-26,1,moderate,-1.03289934411839,1,0,dry_context
AOI-0046,suppression,2017-09-02,2017-09-02,1,moderate,-1.2531694102585857,1,0,weather_unavailable_or_unusual
AOI-0046,suppression,2018-05-16,2018-05-17,2,moderate,-1.6212469543980683,2,0,dry_context
AOI-0046,suppression,2018-05-24,2018-05-25,2,moderate,-1.230907058569334,2,0,dry_context
AOI-0046,suppression,2018-06-01,2018-06-02,2,moderate,-1.287582297456125,1,1,dry_context
AOI-0046,suppression,2018-06-07,2018-06-07,1,moderate,-1.2572602363736283,1,0,dry_context
AOI-0046,suppression,2018-06-10,2018-06-10,1,moderate,-1.315864185469228,1,0,dry_context
AOI-0046,suppression,2018-06-18,2018-06-18,1,moderate,-1.1227303572204967,1,0,dry_context
AOI-0046,suppression,2018-06-26,2018-06-26,1,moderate,-1.800431030158436,1,0,dry_and_hot_context
AOI-0046,suppression,2018-07-02,2018-07-02,1,moderate,-1.8370194080471804,1,0,dry_context
AOI-0046,suppression,2018-07-11,2018-07-12,2,moderate,-1.330033083775359,2,0,dry_and_hot_context
AOI-0046,suppression,2018-07-19,2018-07-20,2,moderate,-1.3327075666269894,1,1,weather_unavailable_or_unusual
AOI-0046,suppression,2018-10-07,2018-10-07,1,moderate,-1.0543644777459955,1,0,dry_context
AOI-0046,suppression,2019-07-06,2019-07-07,2,moderate,-1.3400472121958442,2,0,dry_context
AOI-0046,suppression,2019-07-15,2019-07-15,1,moderate,-1.4762420477599947,1,0,weather_unavailable_or_unusual
AOI-0046,suppression,2019-07-17,2019-07-17,1,moderate,-1.70675234143633,1,0,dry_context
AOI-0046,suppression,2019-07-22,2019-07-22,1,moderate,-1.2947923695981476,1,0,weather_unavailable_or_unusual
AOI-0046,suppression,2020-07-01,2020-07-01,1,moderate,-1.6665599840930965,1,0,dry_context
AOI-0046,suppression,2020-07-06,2020-07-06,1,moderate,-1.4849144007469248,1,0,dry_and_hot_context
AOI-0046,suppression,2020-07-08,2020-07-08,1,moderate,-1.4373406713539134,1,0,dry_and_hot_context
AOI-0046,suppression,2020-07-11,2020-07-11,1,moderate,-1.4307969756514203,1,0,dry_context
AOI-0046,critical,2020-07-16,2020-07-16,1,moderate,-2.6483314365860355,1,0,dry_context
AOI-0046,suppression,2020-07-24,2020-07-24,1,moderate,-1.401079609859651,1,0,dry_context
AOI-0046,suppression,2020-07-26,2020-07-26,1,moderate,-1.1987385185260857,1,0,dry_context
AOI-0046,suppression,2020-08-05,2020-08-05,1,moderate,-1.4812149765127638,1,0,dry_context
AOI-0046,suppression,2020-08-09,2020-08-10,2,moderate,-1.3421145154920053,2,0,dry_context
AOI-0046,suppression,2020-08-15,2020-08-15,1,moderate,-1.5541352912583066,1,0,dry_context
AOI-0046,suppression,2020-08-18,2020-08-18,1,moderate,-1.1505146384330596,1,0,dry_context
AOI-0046,suppression,2020-08-20,2020-08-20,1,moderate,-1.205129190437775,1,0,dry_context
AOI-0046,suppression,2020-08-25,2020-08-25,1,moderate,-1.0518422957040066,1,0,dry_context
AOI-0046,suppression,2020-08-30,2020-08-30,1,moderate,-1.1213581992518475,1,0,dry_context
AOI-0046,suppression,2020-09-03,2020-09-04,2,moderate,-1.1012637140274597,2,0,dry_context
AOI-0046,suppression,2020-09-19,2020-09-19,1,moderate,-1.0364085328367738,1,0,dry_context
AOI-0046,suppression,2020-09-26,2020-09-26,1,moderate,-1.2068356692280546,0,1,weather_unavailable_or_unusual
AOI-0046,suppression,2020-10-05,2020-10-05,1,moderate,-1.240202380775665,1,0,dry_context
AOI-0046,suppression,2020-10-09,2020-10-09,1,moderate,-1.1393731626914139,1,0,dry_context
AOI-0046,suppression,2020-10-12,2020-10-12,1,moderate,-1.5788980339752865,1,0,dry_context
AOI-0046,suppression,2020-10-14,2020-10-14,1,moderate,-1.3444561465622513,1,0,dry_context
AOI-0046,suppression,2020-10-21,2020-10-21,1,moderate,-1.142968414188923,0,1,weather_unavailable_or_unusual
AOI-0046,suppression,2020-10-24,2020-10-24,1,moderate,-1.6053399301305973,1,0,dry_context
AOI-0046,critical,2021-09-04,2021-09-04,1,critical,-3.5201232044508233,1,0,dry_context
AOI-0046,suppression,2022-05-07,2022-05-07,1,moderate,-1.1546952174480176,1,0,dry_context
AOI-0046,suppression,2022-05-10,2022-05-10,1,moderate,-1.2733258835739236,1,0,dry_context
AOI-0046,suppression,2022-05-12,2022-05-12,1,moderate,-1.707942698475671,1,0,dry_context
AOI-0046,critical,2022-05-25,2022-05-25,1,moderate,-2.300951465805615,1,0,dry_context
AOI-0046,critical,2022-05-27,2022-05-27,1,moderate,-2.4331346255921464,1,0,dry_context
AOI-0046,suppression,2022-05-28,2022-05-28,1,moderate,-1.6807079967848433,1,0,dry_context
AOI-0046,critical,2022-06-01,2022-06-01,1,moderate,-2.0956473767775283,1,0,dry_context
AOI-0046,suppression,2022-06-04,2022-06-06,3,moderate,-1.2207438147274985,2,1,dry_context
AOI-0046,suppression,2022-06-08,2022-06-08,1,moderate,-1.086434010334942,1,0,dry_context
AOI-0046,suppression,2022-06-11,2022-06-11,1,moderate,-1.3592172614773934,1,0,dry_context
AOI-0046,suppression,2022-07-01,2022-07-01,1,moderate,-1.223367910994527,1,0,dry_context
AOI-0046,suppression,2022-07-06,2022-07-06,1,moderate,-1.1006512811040545,1,0,dry_context
AOI-0046,suppression,2023-08-05,2023-08-05,1,moderate,-1.0171952200013517,1,0,dry_and_hot_context
AOI-0046,suppression,2023-10-04,2023-10-04,1,moderate,-1.042438318436044,1,0,dry_context
AOI-0046,suppression,2024-07-10,2024-07-10,1,moderate,-1.2240658342374438,1,0,dry_context
AOI-0046,suppression,2024-07-15,2024-07-15,1,moderate,-1.6182189498539516,1,0,dry_context
AOI-0046,suppression,2024-07-20,2024-07-20,1,moderate,-1.2861536639667301,1,0,dry_context
AOI-0046,suppression,2024-07-25,2024-07-25,1,moderate,-1.1170986016428697,1,0,dry_context
AOI-0046,suppression,2024-07-30,2024-07-30,1,moderate,-1.519097836540569,1,0,dry_context
AOI-0046,suppression,2024-08-04,2024-08-04,1,moderate,-1.5680770862412634,1,0,dry_context
AOI-0046,suppression,2025-05-01,2025-05-01,1,moderate,-1.0264040360726674,1,0,dry_context
AOI-0046,suppression,2025-05-03,2025-05-04,2,moderate,-1.102928345058067,2,0,dry_context
AOI-0046,suppression,2025-05-06,2025-05-06,1,moderate,-1.5081903911898555,1,0,dry_context
AOI-0046,suppression,2025-05-08,2025-05-08,1,moderate,-1.4694057728428342,1,0,weather_unavailable_or_unusual
AOI-0046,suppression,2025-05-11,2025-05-11,1,moderate,-1.7910516151392417,1,0,dry_context
AOI-0046,critical,2025-05-16,2025-05-16,1,high,-3.4864065129788764,1,0,dry_context
AOI-0046,critical,2025-05-20,2025-05-20,1,high,-3.1715965265561157,1,0,weather_unavailable_or_unusual
AOI-0046,suppression,2025-05-25,2025-05-25,1,moderate,-1.4675879424699867,1,0,dry_context
AOI-0046,suppression,2025-05-27,2025-05-27,1,moderate,-1.7515046202055538,1,0,dry_context
AOI-0046,suppression,2025-05-31,2025-05-31,1,moderate,-1.0262070978372555,1,0,weather_unavailable_or_unusual
AOI-0047,suppression,2025-09-06,2025-09-06,1,moderate,-1.0950591583427054,1,0,dry_context
AOI-0047,suppression,2025-09-08,2025-09-08,1,moderate,-1.1427588353266167,1,0,dry_context
AOI-0047,critical,2025-09-13,2025-09-13,1,moderate,-2.0058542308954137,1,0,dry_context
AOI-0048,suppression,2025-07-15,2025-07-15,1,moderate,-1.088520904454909,1,0,dry_context
AOI-0048,suppression,2025-09-08,2025-09-08,1,moderate,-1.1515133229849195,1,0,dry_context
AOI-0048,suppression,2025-10-18,2025-10-18,1,moderate,-1.0977516870523287,1,0,weather_unavailable_or_unusual
AOI-0049,suppression,2025-06-03,2025-06-03,1,moderate,-1.0379519249024447,1,0,dry_context
AOI-0049,suppression,2025-06-08,2025-06-08,1,moderate,-1.5192762564735958,1,0,dry_context
AOI-0049,suppression,2025-06-10,2025-06-11,2,moderate,-1.253341201389141,2,0,weather_unavailable_or_unusual
AOI-0049,suppression,2025-06-13,2025-06-13,1,moderate,-1.8606680178413464,1,0,dry_context
AOI-0049,suppression,2025-06-18,2025-06-19,2,moderate,-1.1209364667013912,2,0,weather_unavailable_or_unusual
AOI-0049,suppression,2025-06-27,2025-06-27,1,moderate,-1.2007028468922614,0,1,weather_unavailable_or_unusual
AOI-0049,suppression,2025-07-08,2025-07-08,1,moderate,-1.178928324300766,1,0,dry_and_hot_context
AOI-0049,suppression,2025-07-10,2025-07-10,1,moderate,-1.1114279751875746,1,0,dry_and_hot_context
AOI-0049,suppression,2025-07-13,2025-07-13,1,moderate,-1.1124635119682382,1,0,dry_and_hot_context
AOI-0049,suppression,2025-07-18,2025-07-18,1,moderate,-1.0548740194480686,1,0,dry_context
AOI-0049,suppression,2025-09-01,2025-09-01,1,moderate,-1.0816936558250871,1,0,dry_context
AOI-0049,suppression,2025-09-08,2025-09-08,1,moderate,-1.0494635351076351,1,0,dry_context
AOI-0050,suppression,2025-06-03,2025-06-03,1,moderate,-1.148954625847974,1,0,weather_unavailable_or_unusual
AOI-0050,suppression,2025-06-08,2025-06-08,1,moderate,-1.3315534343700597,1,0,weather_unavailable_or_unusual
AOI-0050,suppression,2025-06-13,2025-06-13,1,moderate,-1.0973111408131597,1,0,weather_unavailable_or_unusual
AOI-0051,critical,2011-04-02,2011-04-02,1,critical,-7.738963312571413,1,0,weather_unavailable_or_unusual
AOI-0051,critical,2011-04-07,2011-04-07,1,critical,-4.315936851110563,1,0,weather_unavailable_or_unusual
AOI-0051,suppression,2011-04-18,2011-04-18,1,moderate,-1.6828636524367226,1,0,weather_unavailable_or_unusual
AOI-0051,critical,2011-04-23,2011-04-23,1,moderate,-2.449034476496266,1,0,weather_unavailable_or_unusual
AOI-0051,critical,2011-04-26,2011-04-26,1,high,-2.992625946731438,1,0,weather_unavailable_or_unusual
AOI-0051,suppression,2011-05-09,2011-05-09,1,moderate,-1.3707335742970834,1,0,weather_unavailable_or_unusual
AOI-0051,critical,2011-05-27,2011-05-28,2,high,-2.5507282443162502,2,0,weather_unavailable_or_unusual
AOI-0051,suppression,2011-06-04,2011-06-05,2,moderate,-1.4117966099538677,0,2,weather_unavailable_or_unusual
AOI-0051,critical,2012-06-14,2012-06-14,1,high,-3.373568880362419,1,0,weather_unavailable_or_unusual
AOI-0051,critical,2012-06-23,2012-06-23,1,high,-2.9919502895756067,1,0,weather_unavailable_or_unusual
AOI-0051,suppression,2012-09-13,2012-09-13,1,moderate,-1.8221591984337766,1,0,weather_unavailable_or_unusual
AOI-0051,suppression,2012-09-18,2012-09-18,1,moderate,-1.1631794101923647,0,1,weather_unavailable_or_unusual
AOI-0051,suppression,2013-06-01,2013-06-01,1,moderate,-1.4082623937390026,1,0,weather_unavailable_or_unusual
AOI-0051,critical,2013-06-09,2013-06-09,1,moderate,-2.458827046357454,1,0,weather_unavailable_or_unusual
AOI-0051,critical,2013-06-25,2013-06-25,1,high,-3.3781105592064375,1,0,weather_unavailable_or_unusual
AOI-0051,suppression,2013-06-26,2013-06-26,1,moderate,-1.5605409603751146,1,0,weather_unavailable_or_unusual
AOI-0051,suppression,2013-07-04,2013-07-04,1,moderate,-1.4962383459229323,1,0,weather_unavailable_or_unusual
AOI-0051,suppression,2013-07-11,2013-07-11,1,moderate,-1.2918447845707783,1,0,weather_unavailable_or_unusual
AOI-0051,suppression,2014-06-21,2014-06-21,1,moderate,-1.179050863568043,1,0,weather_unavailable_or_unusual
AOI-0051,suppression,2014-10-16,2014-10-16,1,moderate,-1.1051612490020213,1,0,weather_unavailable_or_unusual
AOI-0051,suppression,2014-10-26,2014-10-26,1,moderate,-1.171735495521595,1,0,weather_unavailable_or_unusual
AOI-0051,suppression,2015-04-12,2015-04-13,2,moderate,-1.084045216263016,2,0,weather_unavailable_or_unusual
AOI-0051,critical,2015-04-23,2015-04-23,1,moderate,-2.315586212592136,1,0,weather_unavailable_or_unusual
AOI-0051,critical,2015-04-28,2015-04-28,1,moderate,-2.096541028029459,1,0,weather_unavailable_or_unusual
AOI-0051,critical,2015-09-27,2015-09-27,1,moderate,-2.145248891561728,1,0,weather_unavailable_or_unusual
AOI-0051,suppression,2015-09-28,2015-09-28,1,moderate,-1.9587951982143754,1,0,weather_unavailable_or_unusual
AOI-0051,suppression,2015-09-30,2015-09-30,1,moderate,-1.7252759400499036,1,0,weather_unavailable_or_unusual
AOI-0051,critical,2015-10-05,2015-10-06,2,critical,-3.646340560485796,1,1,weather_unavailable_or_unusual
AOI-0051,suppression,2016-07-04,2016-07-04,1,moderate,-1.011028158638491,1,0,weather_unavailable_or_unusual
AOI-0051,suppression,2016-07-20,2016-07-20,1,moderate,-1.029976222988611,1,0,weather_unavailable_or_unusual
AOI-0051,critical,2016-10-16,2016-10-16,1,critical,-14.102693749655115,1,0,weather_unavailable_or_unusual
AOI-0051,critical,2016-10-24,2016-10-24,1,moderate,-2.074236828713259,0,1,weather_unavailable_or_unusual
AOI-0051,suppression,2017-04-01,2017-04-02,2,moderate,-1.3463973106786995,2,0,weather_unavailable_or_unusual
AOI-0051,suppression,2017-04-16,2017-04-16,1,moderate,-1.1702080643803705,1,0,weather_unavailable_or_unusual
AOI-0051,suppression,2017-04-25,2017-04-25,1,moderate,-1.7646053193916416,1,0,weather_unavailable_or_unusual
AOI-0051,critical,2017-04-26,2017-04-26,1,moderate,-2.3004857214803955,1,0,weather_unavailable_or_unusual
AOI-0051,critical,2017-05-01,2017-05-01,1,high,-2.7867894572135454,1,0,weather_unavailable_or_unusual
AOI-0051,suppression,2017-05-03,2017-05-04,2,moderate,-1.857429231644416,2,0,weather_unavailable_or_unusual
AOI-0051,critical,2017-05-06,2017-05-06,1,moderate,-2.536567344900751,1,0,weather_unavailable_or_unusual
AOI-0051,critical,2017-05-11,2017-05-12,2,critical,-3.8916353807982746,2,0,weather_unavailable_or_unusual
AOI-0051,critical,2017-05-19,2017-05-19,1,high,-3.4874332022699748,1,0,weather_unavailable_or_unusual
AOI-0051,critical,2017-05-27,2017-05-27,1,moderate,-2.1483012185928727,1,0,weather_unavailable_or_unusual
AOI-0051,suppression,2017-05-28,2017-05-28,1,moderate,-1.9729556260599135,0,1,weather_unavailable_or_unusual
AOI-0051,critical,2017-06-04,2017-06-05,2,high,-2.6478660572673656,2,0,weather_unavailable_or_unusual
AOI-0051,suppression,2017-09-25,2017-09-25,1,moderate,-1.0836465710330034,0,1,weather_unavailable_or_unusual
AOI-0051,critical,2017-10-08,2017-10-08,1,moderate,-2.369783783802448,1,0,weather_unavailable_or_unusual
AOI-0051,critical,2017-10-18,2017-10-18,1,high,-2.8297452646543184,1,0,weather_unavailable_or_unusual
AOI-0051,suppression,2017-10-19,2017-10-19,1,moderate,-1.2920170089593037,1,0,weather_unavailable_or_unusual
AOI-0051,suppression,2018-06-15,2018-06-16,2,moderate,-1.5320908680167866,2,0,weather_unavailable_or_unusual
AOI-0051,suppression,2018-06-20,2018-06-20,1,moderate,-1.9198052771278027,1,0,weather_unavailable_or_unusual
AOI-0051,suppression,2018-06-23,2018-06-23,1,moderate,-1.8170068185152999,1,0,weather_unavailable_or_unusual
AOI-0051,critical,2018-07-01,2018-07-02,2,moderate,-2.136441222161305,1,1,weather_unavailable_or_unusual
AOI-0051,suppression,2018-07-09,2018-07-10,2,moderate,-1.5717957374895186,2,0,weather_unavailable_or_unusual
AOI-0051,suppression,2018-07-17,2018-07-17,1,moderate,-1.4025471172075796,1,0,weather_unavailable_or_unusual
AOI-0051,suppression,2018-07-26,2018-07-26,1,moderate,-1.453012885776819,1,0,weather_unavailable_or_unusual
AOI-0051,suppression,2018-08-02,2018-08-02,1,moderate,-1.4589810617109595,0,1,weather_unavailable_or_unusual
AOI-0051,suppression,2018-08-10,2018-08-10,1,moderate,-1.5857944488068776,1,0,weather_unavailable_or_unusual
AOI-0051,suppression,2018-08-18,2018-08-19,2,moderate,-1.3866421366289168,1,1,weather_unavailable_or_unusual
AOI-0051,suppression,2018-08-26,2018-08-27,2,moderate,-1.461581087717295,2,0,weather_unavailable_or_unusual
AOI-0051,suppression,2018-09-04,2018-09-04,1,moderate,-1.9604649450823635,1,0,weather_unavailable_or_unusual
AOI-0051,suppression,2018-09-12,2018-09-12,1,moderate,-1.5343121748747022,1,0,weather_unavailable_or_unusual
AOI-0051,critical,2018-09-13,2018-09-13,1,high,-2.908077179996827,1,0,weather_unavailable_or_unusual
AOI-0051,critical,2018-09-18,2018-09-18,1,moderate,-2.5496364941240457,1,0,weather_unavailable_or_unusual
AOI-0051,suppression,2018-09-19,2018-09-20,2,moderate,-1.329397600911538,1,1,weather_unavailable_or_unusual
AOI-0051,suppression,2018-09-27,2018-09-27,1,moderate,-1.4274962872303079,1,0,weather_unavailable_or_unusual
AOI-0051,suppression,2018-10-06,2018-10-06,1,moderate,-1.129445509704439,1,0,weather_unavailable_or_unusual
AOI-0051,suppression,2018-10-08,2018-10-08,1,moderate,-1.5890610022034077,1,0,weather_unavailable_or_unusual
AOI-0051,suppression,2018-10-13,2018-10-14,2,moderate,-1.2542442973998407,1,1,weather_unavailable_or_unusual
AOI-0051,suppression,2019-06-10,2019-06-10,1,moderate,-1.4271776214016576,1,0,weather_unavailable_or_unusual
AOI-0051,suppression,2019-06-15,2019-06-15,1,moderate,-1.720445191297784,1,0,weather_unavailable_or_unusual
AOI-0051,suppression,2019-06-18,2019-06-20,3,moderate,-1.3622698924592471,3,0,weather_unavailable_or_unusual
AOI-0051,suppression,2019-06-25,2019-06-25,1,moderate,-1.611674026281606,0,1,weather_unavailable_or_unusual
AOI-0051,suppression,2019-06-27,2019-06-27,1,moderate,-1.0723215299497393,1,0,weather_unavailable_or_unusual
AOI-0051,suppression,2019-06-30,2019-06-30,1,moderate,-1.4160757149587493,0,1,weather_unavailable_or_unusual
AOI-0051,suppression,2019-07-05,2019-07-05,1,moderate,-1.5532648605527504,1,0,weather_unavailable_or_unusual
AOI-0051,suppression,2019-07-20,2019-07-20,1,moderate,-1.5859017664005253,1,0,weather_unavailable_or_unusual
AOI-0051,suppression,2019-08-05,2019-08-05,1,moderate,-1.2094107952862934,0,1,weather_unavailable_or_unusual
AOI-0051,suppression,2019-08-09,2019-08-09,1,moderate,-1.6582021388975168,1,0,weather_unavailable_or_unusual
AOI-0051,suppression,2019-08-14,2019-08-14,1,moderate,-1.563846759392389,1,0,weather_unavailable_or_unusual
AOI-0051,suppression,2019-08-19,2019-08-19,1,moderate,-1.86463856964682,1,0,weather_unavailable_or_unusual
AOI-0051,suppression,2019-08-24,2019-08-24,1,moderate,-1.695642598259595,1,0,weather_unavailable_or_unusual
AOI-0051,suppression,2019-08-29,2019-08-29,1,moderate,-1.2795298196985503,1,0,weather_unavailable_or_unusual
AOI-0051,suppression,2019-09-03,2019-09-03,1,moderate,-1.8518441242553023,1,0,weather_unavailable_or_unusual
AOI-0051,suppression,2019-09-13,2019-09-13,1,moderate,-1.468406501921707,0,1,weather_unavailable_or_unusual
AOI-0051,suppression,2019-09-15,2019-09-15,1,moderate,-1.1029695066946061,1,0,weather_unavailable_or_unusual
AOI-0051,critical,2019-09-18,2019-09-18,1,critical,-4.872908509018479,1,0,weather_unavailable_or_unusual
AOI-0051,critical,2019-09-23,2019-09-23,1,moderate,-2.705632527251696,1,0,weather_unavailable_or_unusual
AOI-0051,critical,2019-09-28,2019-09-28,1,high,-2.9935889334858614,1,0,weather_unavailable_or_unusual
AOI-0051,critical,2019-10-28,2019-10-28,1,critical,-4.019700383433457,1,0,weather_unavailable_or_unusual
AOI-0051,suppression,2020-04-25,2020-04-25,1,moderate,-1.4563235779490276,1,0,weather_unavailable_or_unusual
AOI-0051,suppression,2020-04-30,2020-04-30,1,moderate,-1.6411159907138007,1,0,weather_unavailable_or_unusual
AOI-0051,suppression,2020-07-29,2020-07-29,1,moderate,-1.3425188980787788,1,0,weather_unavailable_or_unusual
AOI-0051,suppression,2020-08-03,2020-08-03,1,moderate,-1.337170499649431,1,0,weather_unavailable_or_unusual
AOI-0051,suppression,2020-08-08,2020-08-08,1,moderate,-1.291305964872094,1,0,weather_unavailable_or_unusual
AOI-0051,suppression,2020-08-18,2020-08-18,1,moderate,-1.0470858466501174,1,0,weather_unavailable_or_unusual
AOI-0051,suppression,2020-09-02,2020-09-02,1,moderate,-1.090377259212211,1,0,weather_unavailable_or_unusual
AOI-0051,suppression,2020-09-07,2020-09-07,1,moderate,-1.2027523169526768,0,1,weather_unavailable_or_unusual
AOI-0051,suppression,2020-09-12,2020-09-12,1,moderate,-1.3838135852228297,1,0,weather_unavailable_or_unusual
AOI-0051,suppression,2020-09-17,2020-09-17,1,moderate,-1.637461829415346,1,0,weather_unavailable_or_unusual
AOI-0051,suppression,2020-09-22,2020-09-22,1,moderate,-1.5172188029942417,1,0,weather_unavailable_or_unusual
AOI-0051,suppression,2020-09-24,2020-09-24,1,moderate,-1.75324783565732,1,0,weather_unavailable_or_unusual
AOI-0051,suppression,2020-09-27,2020-09-27,1,moderate,-1.9875038199805077,1,0,weather_unavailable_or_unusual
AOI-0051,suppression,2020-10-12,2020-10-12,1,moderate,-1.23846222113241,1,0,weather_unavailable_or_unusual
AOI-0051,suppression,2020-10-17,2020-10-17,1,moderate,-1.7817211317222386,1,0,weather_unavailable_or_unusual
AOI-0051,suppression,2020-10-26,2020-10-26,1,moderate,-1.8797687215832077,1,0,weather_unavailable_or_unusual
AOI-0051,critical,2020-10-27,2020-10-27,1,moderate,-2.1474941153616323,0,1,weather_unavailable_or_unusual
AOI-0051,critical,2021-04-30,2021-04-30,1,moderate,-2.5741563337088276,1,0,weather_unavailable_or_unusual
AOI-0051,suppression,2021-05-25,2021-05-25,1,moderate,-1.7058084878421635,1,0,weather_unavailable_or_unusual
AOI-0051,suppression,2021-07-14,2021-07-14,1,moderate,-1.1827127572573555,1,0,weather_unavailable_or_unusual
AOI-0051,suppression,2021-07-19,2021-07-19,1,moderate,-1.1991140143137164,0,1,weather_unavailable_or_unusual
AOI-0051,suppression,2021-07-24,2021-07-24,1,moderate,-1.5686663819982936,1,0,weather_unavailable_or_unusual
AOI-0051,suppression,2021-07-29,2021-07-29,1,moderate,-1.3898072966629051,1,0,weather_unavailable_or_unusual
AOI-0051,suppression,2021-08-03,2021-08-03,1,moderate,-1.6148098448871462,1,0,weather_unavailable_or_unusual
AOI-0051,suppression,2021-09-27,2021-09-27,1,moderate,-1.8494648674253644,1,0,weather_unavailable_or_unusual
AOI-0051,suppression,2022-04-25,2022-04-25,1,moderate,-1.2991123769232342,1,0,weather_unavailable_or_unusual
AOI-0051,suppression,2022-05-09,2022-05-09,1,moderate,-1.3913073827043476,0,1,weather_unavailable_or_unusual
AOI-0051,critical,2022-05-10,2022-05-10,1,high,-3.2035215427933,1,0,weather_unavailable_or_unusual
AOI-0051,critical,2022-05-15,2022-05-15,1,moderate,-2.0085597975914617,1,0,weather_unavailable_or_unusual
AOI-0051,suppression,2022-05-17,2022-05-17,1,moderate,-1.88347894396043,1,0,weather_unavailable_or_unusual
AOI-0051,critical,2022-05-20,2022-05-20,1,critical,-3.6155633188172067,1,0,weather_unavailable_or_unusual
AOI-0051,suppression,2022-05-25,2022-05-27,3,moderate,-1.6480158452455058,1,2,weather_unavailable_or_unusual
AOI-0051,critical,2022-05-30,2022-05-30,1,high,-3.0685923576270917,1,0,weather_unavailable_or_unusual
AOI-0051,suppression,2022-06-02,2022-06-03,2,moderate,-1.3401788556597114,2,0,weather_unavailable_or_unusual
AOI-0051,suppression,2023-07-29,2023-07-29,1,moderate,-1.5037744588474318,1,0,weather_unavailable_or_unusual
AOI-0051,suppression,2023-08-08,2023-08-08,1,moderate,-1.4456723959997957,1,0,weather_unavailable_or_unusual
AOI-0051,suppression,2023-08-13,2023-08-13,1,moderate,-1.2167769778623807,1,0,weather_unavailable_or_unusual
AOI-0051,critical,2023-09-07,2023-09-07,1,moderate,-2.0283634365785037,1,0,weather_unavailable_or_unusual
AOI-0051,suppression,2024-04-28,2024-04-28,1,moderate,-1.4598065815252785,1,0,weather_unavailable_or_unusual
AOI-0051,suppression,2024-05-04,2024-05-04,1,moderate,-1.3844934387612127,0,1,weather_unavailable_or_unusual
AOI-0051,suppression,2024-05-06,2024-05-07,2,moderate,-1.1537403485889035,2,0,weather_unavailable_or_unusual
AOI-0051,suppression,2024-05-22,2024-05-24,3,moderate,-1.3453747472357946,2,1,weather_unavailable_or_unusual
AOI-0051,suppression,2024-07-18,2024-07-18,1,moderate,-1.092070676501976,1,0,weather_unavailable_or_unusual
AOI-0051,suppression,2024-08-12,2024-08-12,1,moderate,-1.0239558509878892,1,0,weather_unavailable_or_unusual
AOI-0051,suppression,2024-08-17,2024-08-17,1,moderate,-1.1377108146724748,1,0,weather_unavailable_or_unusual
AOI-0051,suppression,2024-08-22,2024-08-22,1,moderate,-1.2101868114831982,1,0,weather_unavailable_or_unusual
AOI-0051,suppression,2024-08-27,2024-08-27,1,moderate,-1.2342585502511185,0,1,weather_unavailable_or_unusual
AOI-0051,suppression,2024-09-01,2024-09-01,1,moderate,-1.6856488804793972,1,0,weather_unavailable_or_unusual
AOI-0051,suppression,2024-09-06,2024-09-06,1,moderate,-1.5749988605518126,1,0,weather_unavailable_or_unusual
AOI-0051,suppression,2024-09-11,2024-09-11,1,moderate,-1.7038200344166798,1,0,weather_unavailable_or_unusual
AOI-0051,suppression,2024-09-16,2024-09-16,1,moderate,-1.3387462076039935,1,0,weather_unavailable_or_unusual
AOI-0051,suppression,2024-09-21,2024-09-21,1,moderate,-1.5152965013640167,1,0,weather_unavailable_or_unusual
AOI-0051,suppression,2024-09-26,2024-09-26,1,moderate,-1.5918646521917506,1,0,weather_unavailable_or_unusual
AOI-0051,suppression,2024-10-11,2024-10-11,1,moderate,-1.15141913065874,1,0,weather_unavailable_or_unusual
AOI-0051,suppression,2025-06-13,2025-06-13,1,moderate,-1.1156871779240378,1,0,weather_unavailable_or_unusual
AOI-0051,suppression,2025-07-08,2025-07-08,1,moderate,-1.5643581643333067,1,0,weather_unavailable_or_unusual
AOI-0051,suppression,2025-07-10,2025-07-10,1,moderate,-1.4248030028976255,0,1,weather_unavailable_or_unusual
AOI-0051,suppression,2025-07-13,2025-07-13,1,moderate,-1.608715038408823,1,0,weather_unavailable_or_unusual
AOI-0051,suppression,2025-07-18,2025-07-18,1,moderate,-1.7195332074493987,1,0,weather_unavailable_or_unusual
AOI-0051,suppression,2025-07-21,2025-07-21,1,moderate,-1.1761147144046822,1,0,weather_unavailable_or_unusual
AOI-0051,suppression,2025-07-28,2025-07-30,3,moderate,-1.5829476907337552,3,0,weather_unavailable_or_unusual
AOI-0051,suppression,2025-08-05,2025-08-07,3,moderate,-1.498112503748348,2,1,weather_unavailable_or_unusual
AOI-0051,suppression,2025-08-12,2025-08-12,1,moderate,-1.4078107226511551,0,1,weather_unavailable_or_unusual
AOI-0051,suppression,2025-08-17,2025-08-17,1,moderate,-1.7269736485588023,1,0,weather_unavailable_or_unusual
AOI-0051,suppression,2025-08-19,2025-08-19,1,moderate,-1.862764296781875,1,0,weather_unavailable_or_unusual
AOI-0051,suppression,2025-08-21,2025-08-22,2,moderate,-1.3774286499279955,2,0,weather_unavailable_or_unusual
AOI-0051,suppression,2025-08-27,2025-08-27,1,moderate,-1.630917180496455,1,0,weather_unavailable_or_unusual
AOI-0051,suppression,2025-08-29,2025-08-30,2,moderate,-1.8269454717973903,2,0,weather_unavailable_or_unusual
AOI-0051,critical,2025-09-01,2025-09-01,1,high,-2.7574066636459853,1,0,weather_unavailable_or_unusual
AOI-0051,suppression,2025-09-06,2025-09-07,2,moderate,-1.6230516516317397,2,0,weather_unavailable_or_unusual
AOI-0051,critical,2025-09-08,2025-09-08,1,moderate,-2.466468101519529,1,0,weather_unavailable_or_unusual
AOI-0051,critical,2025-09-11,2025-09-11,1,moderate,-2.3530520432489848,1,0,weather_unavailable_or_unusual
AOI-0051,suppression,2025-09-15,2025-09-16,2,moderate,-1.4337686872695017,0,2,weather_unavailable_or_unusual
AOI-0051,suppression,2025-09-21,2025-09-21,1,moderate,-1.7926998124238114,1,0,weather_unavailable_or_unusual
AOI-0051,suppression,2025-09-26,2025-09-26,1,moderate,-1.838898232210967,1,0,weather_unavailable_or_unusual
AOI-0052,suppression,2025-04-24,2025-04-24,1,moderate,-1.0752102827703596,1,0,weather_unavailable_or_unusual
AOI-0052,suppression,2025-04-29,2025-04-29,1,moderate,-1.1022124246397726,1,0,dry_context
AOI-0052,suppression,2025-05-04,2025-05-04,1,moderate,-1.2678096358767976,1,0,dry_context
AOI-0052,suppression,2025-05-09,2025-05-09,1,moderate,-1.6465597395165463,1,0,weather_unavailable_or_unusual
AOI-0052,suppression,2025-05-14,2025-05-14,1,moderate,-1.6235737644095012,1,0,dry_context
AOI-0052,suppression,2025-05-19,2025-05-19,1,moderate,-1.9502956454760971,1,0,weather_unavailable_or_unusual
AOI-0052,suppression,2025-05-24,2025-05-24,1,moderate,-1.6475003641578387,1,0,dry_context
AOI-0052,suppression,2025-06-03,2025-06-03,1,moderate,-1.3923040112113243,1,0,dry_context
AOI-0052,suppression,2025-06-08,2025-06-08,1,moderate,-1.4204943273760466,0,1,weather_unavailable_or_unusual
AOI-0052,suppression,2025-06-10,2025-06-10,1,moderate,-1.788734744295295,1,0,weather_unavailable_or_unusual
AOI-0052,suppression,2025-08-07,2025-08-07,1,moderate,-1.0246004400988808,1,0,dry_context
AOI-0052,suppression,2025-08-09,2025-08-09,1,moderate,-1.078951054675733,1,0,dry_context
AOI-0052,suppression,2025-08-12,2025-08-12,1,moderate,-1.0209161553328472,1,0,dry_context
AOI-0052,suppression,2025-08-17,2025-08-17,1,moderate,-1.020809168290541,1,0,dry_context
AOI-0052,suppression,2025-08-19,2025-08-19,1,moderate,-1.093096806864847,1,0,dry_context
AOI-0052,suppression,2025-09-01,2025-09-01,1,moderate,-1.151567592650121,1,0,dry_context
AOI-0052,suppression,2025-09-08,2025-09-08,1,moderate,-1.1372643216712373,1,0,dry_context
AOI-0053,suppression,2025-06-03,2025-06-03,1,moderate,-1.0343914917542418,1,0,dry_context
AOI-0053,suppression,2025-06-08,2025-06-08,1,moderate,-1.5755194441690998,1,0,dry_context
AOI-0053,suppression,2025-06-10,2025-06-11,2,moderate,-1.198975257822409,2,0,weather_unavailable_or_unusual
AOI-0053,suppression,2025-06-13,2025-06-13,1,moderate,-1.6833878023091438,1,0,dry_context
AOI-0053,suppression,2025-06-18,2025-06-19,2,moderate,-1.118262827488332,2,0,weather_unavailable_or_unusual
AOI-0053,suppression,2025-07-08,2025-07-08,1,moderate,-1.1970549072332701,1,0,dry_and_hot_context
AOI-0053,suppression,2025-07-10,2025-07-10,1,moderate,-1.137986331862959,1,0,dry_and_hot_context
AOI-0053,suppression,2025-07-13,2025-07-13,1,moderate,-1.1521186379269601,1,0,dry_and_hot_context
AOI-0053,suppression,2025-07-18,2025-07-18,1,moderate,-1.124572036056568,1,0,dry_and_hot_context
AOI-0053,suppression,2025-07-23,2025-07-23,1,moderate,-1.0919559628982003,1,0,dry_context
AOI-0053,suppression,2025-07-30,2025-07-30,1,moderate,-1.0735262418792977,1,0,dry_and_hot_context
AOI-0053,suppression,2025-08-02,2025-08-02,1,moderate,-1.0570026586982069,0,1,weather_unavailable_or_unusual
AOI-0053,suppression,2025-08-07,2025-08-07,1,moderate,-1.0155135002252151,1,0,dry_context
AOI-0053,suppression,2025-08-09,2025-08-09,1,moderate,-1.0646467040910585,0,1,weather_unavailable_or_unusual
AOI-0053,suppression,2025-08-12,2025-08-12,1,moderate,-1.0039086372886423,0,1,weather_unavailable_or_unusual
AOI-0053,suppression,2025-08-19,2025-08-19,1,moderate,-1.0742225016635087,1,0,dry_context
AOI-0053,suppression,2025-08-22,2025-08-22,1,moderate,-1.0243709197273283,1,0,dry_context
AOI-0053,suppression,2025-09-01,2025-09-01,1,moderate,-1.092429487036172,0,1,weather_unavailable_or_unusual
AOI-0053,suppression,2025-09-08,2025-09-08,1,moderate,-1.1065794848352197,1,0,dry_context
AOI-0056,suppression,2025-06-13,2025-06-13,1,moderate,-1.0672966708042066,1,0,weather_unavailable_or_unusual
AOI-0056,suppression,2025-07-23,2025-07-23,1,moderate,-1.0439583151382044,0,1,weather_unavailable_or_unusual
AOI-0056,suppression,2025-10-28,2025-10-28,1,moderate,-1.437606588604654,1,0,weather_unavailable_or_unusual
AOI-0057,suppression,2025-05-25,2025-05-25,1,moderate,-1.025032224469779,1,0,weather_unavailable_or_unusual
AOI-0057,suppression,2025-06-08,2025-06-08,1,moderate,-1.4371225705421762,1,0,weather_unavailable_or_unusual
AOI-0057,suppression,2025-06-10,2025-06-11,2,moderate,-1.1725686112016849,2,0,weather_unavailable_or_unusual
AOI-0057,suppression,2025-06-19,2025-06-19,1,moderate,-1.1061271445056633,1,0,weather_unavailable_or_unusual
AOI-0057,suppression,2025-07-08,2025-07-08,1,moderate,-1.0045123364993558,1,0,weather_unavailable_or_unusual
AOI-0057,suppression,2025-07-10,2025-07-10,1,moderate,-1.00233106239506,0,1,weather_unavailable_or_unusual
AOI-0057,suppression,2025-08-09,2025-08-09,1,moderate,-1.015945046249926,1,0,weather_unavailable_or_unusual
AOI-0057,suppression,2025-08-19,2025-08-19,1,moderate,-1.0414648778775344,1,0,weather_unavailable_or_unusual
AOI-0057,suppression,2025-09-01,2025-09-01,1,moderate,-1.0603013461782878,0,1,weather_unavailable_or_unusual
AOI-0057,suppression,2025-09-08,2025-09-08,1,moderate,-1.1408405988226726,1,0,weather_unavailable_or_unusual
AOI-0058,critical,2011-07-06,2011-07-07,2,high,-3.0219164909835188,2,0,weather_unavailable_or_unusual
AOI-0058,suppression,2011-07-12,2011-07-12,1,moderate,-1.7754942968652851,1,0,dry_context
AOI-0058,critical,2011-07-15,2011-07-15,1,moderate,-2.377728397780032,0,1,weather_unavailable_or_unusual
AOI-0058,critical,2011-07-31,2011-07-31,1,moderate,-2.5767473342903457,1,0,dry_context
AOI-0058,suppression,2011-08-07,2011-08-08,2,moderate,-1.7256056121347738,2,0,dry_context
AOI-0058,suppression,2011-08-31,2011-09-01,2,moderate,-1.1235647619462847,1,1,dry_context
AOI-0058,critical,2011-09-16,2011-09-17,2,critical,-4.470980238325353,2,0,dry_context
AOI-0058,suppression,2011-09-24,2011-09-25,2,moderate,-1.152133797741912,2,0,dry_context
AOI-0058,suppression,2012-05-22,2012-05-22,1,moderate,-1.6443097116292171,1,0,dry_context
AOI-0058,suppression,2012-06-14,2012-06-14,1,moderate,-1.4456533071846134,1,0,dry_context
AOI-0058,suppression,2013-04-30,2013-04-30,1,moderate,-1.6229437333856918,1,0,dry_context
AOI-0058,critical,2013-05-01,2013-05-01,1,moderate,-2.0158428888010973,1,0,dry_context
AOI-0058,suppression,2013-05-09,2013-05-09,1,moderate,-1.2607151765235662,0,1,weather_unavailable_or_unusual
AOI-0058,critical,2013-05-25,2013-05-25,1,moderate,-2.1226469937596937,1,0,weather_unavailable_or_unusual
AOI-0058,suppression,2013-06-09,2013-06-09,1,moderate,-1.5790813218555206,0,1,weather_unavailable_or_unusual
AOI-0058,suppression,2013-08-20,2013-08-21,2,moderate,-1.506889432925477,2,0,dry_context
AOI-0058,suppression,2013-08-28,2013-08-28,1,moderate,-1.6156090389740259,0,1,weather_unavailable_or_unusual
AOI-0058,critical,2013-10-07,2013-10-07,1,moderate,-2.108172256398159,1,0,dry_context
AOI-0058,suppression,2013-10-08,2013-10-08,1,moderate,-1.4258093010351356,1,0,dry_context
AOI-0058,critical,2014-06-26,2014-06-26,1,moderate,-2.6292502361855714,1,0,weather_unavailable_or_unusual
AOI-0058,critical,2014-06-28,2014-06-29,2,critical,-5.4581411293464654,2,0,dry_context
AOI-0058,critical,2014-07-07,2014-07-07,1,critical,-4.673731883551061,1,0,dry_context
AOI-0058,critical,2014-07-15,2014-07-15,1,high,-3.3063240679704773,1,0,dry_context
AOI-0058,critical,2014-07-23,2014-07-23,1,moderate,-2.6106154482606545,1,0,dry_context
AOI-0058,critical,2014-07-30,2014-07-31,2,moderate,-2.258602346752178,2,0,dry_context
AOI-0058,suppression,2014-08-07,2014-08-08,2,moderate,-1.3956640307925587,2,0,dry_context
AOI-0058,suppression,2014-08-15,2014-08-16,2,moderate,-1.2698859595090806,2,0,dry_and_hot_context
AOI-0058,suppression,2014-08-23,2014-08-24,2,moderate,-1.6097814845493175,2,0,dry_context
AOI-0058,suppression,2014-08-31,2014-08-31,1,moderate,-1.3819854380367327,1,0,dry_context
AOI-0058,suppression,2014-10-11,2014-10-11,1,moderate,-1.1219107665207242,1,0,dry_context
AOI-0058,suppression,2014-10-26,2014-10-27,2,moderate,-1.6924370049730373,2,0,dry_context
AOI-0058,suppression,2015-06-24,2015-06-24,1,moderate,-1.8857456240135875,1,0,dry_context
AOI-0058,suppression,2016-07-04,2016-07-04,1,moderate,-1.0228956961925666,1,0,dry_context
AOI-0058,suppression,2016-07-12,2016-07-12,1,moderate,-1.5293277172241548,1,0,dry_context
AOI-0058,suppression,2016-07-20,2016-07-20,1,moderate,-1.0516662026518107,1,0,dry_context
AOI-0058,suppression,2017-07-06,2017-07-06,1,moderate,-1.0932481767896938,1,0,dry_context
AOI-0058,suppression,2017-07-12,2017-07-12,1,moderate,-1.0545153746384164,1,0,dry_context
AOI-0058,critical,2017-07-14,2017-07-15,2,moderate,-2.253625618770204,1,1,dry_context
AOI-0058,critical,2017-07-23,2017-07-23,1,moderate,-2.2012965479491715,1,0,weather_unavailable_or_unusual
AOI-0058,critical,2017-07-25,2017-07-25,1,moderate,-2.1947450613526183,1,0,dry_context
AOI-0058,suppression,2017-07-30,2017-07-31,2,moderate,-1.2158655267070242,2,0,dry_context
AOI-0058,suppression,2017-08-04,2017-08-04,1,moderate,-1.3691357327471247,1,0,dry_and_hot_context
AOI-0058,suppression,2017-08-08,2017-08-09,2,moderate,-1.1841948084180474,2,0,dry_and_hot_context
AOI-0058,suppression,2017-08-29,2017-08-29,1,moderate,-1.5104001399290106,1,0,dry_context
AOI-0058,suppression,2017-09-08,2017-09-08,1,moderate,-1.123515340799177,1,0,dry_context
AOI-0058,suppression,2017-09-13,2017-09-13,1,moderate,-1.5421787528819324,0,1,weather_unavailable_or_unusual
AOI-0058,suppression,2017-09-16,2017-09-17,2,moderate,-1.7609967743673018,1,1,dry_context
AOI-0058,critical,2017-09-18,2017-09-18,1,moderate,-2.310539777310231,1,0,dry_context
AOI-0058,suppression,2017-09-24,2017-09-25,2,moderate,-1.5252898002163933,2,0,dry_context
AOI-0058,suppression,2017-10-08,2017-10-08,1,moderate,-1.9667319622767583,1,0,dry_context
AOI-0058,suppression,2017-10-10,2017-10-11,2,moderate,-1.6142645004547318,2,0,dry_context
AOI-0058,critical,2017-10-18,2017-10-18,1,moderate,-2.3505812862607627,1,0,dry_context
AOI-0058,suppression,2018-04-21,2018-04-21,1,moderate,-1.151757030919492,1,0,dry_context
AOI-0058,suppression,2018-04-28,2018-04-28,1,moderate,-1.1845297219542685,1,0,dry_context
AOI-0058,suppression,2018-05-01,2018-05-01,1,moderate,-1.62513957613801,1,0,dry_context
AOI-0058,suppression,2018-05-09,2018-05-09,1,moderate,-1.0109301322191737,1,0,weather_unavailable_or_unusual
AOI-0058,suppression,2018-05-11,2018-05-11,1,moderate,-1.337981200637402,1,0,dry_context
AOI-0058,suppression,2018-06-20,2018-06-20,1,moderate,-1.1599776872719807,1,0,dry_context
AOI-0058,suppression,2018-10-30,2018-10-30,1,moderate,-1.0882702331242002,1,0,dry_context
AOI-0058,suppression,2019-06-18,2019-06-19,2,moderate,-1.5736164160102601,2,0,dry_context
AOI-0058,critical,2019-06-20,2019-06-20,1,moderate,-2.1099146995211853,1,0,dry_context
AOI-0058,critical,2019-06-25,2019-06-25,1,moderate,-2.3410677477207966,0,1,weather_unavailable_or_unusual
AOI-0058,suppression,2019-06-26,2019-06-27,2,moderate,-1.5498635504702452,1,1,dry_context
AOI-0058,critical,2019-06-30,2019-06-30,1,moderate,-2.09674551274978,1,0,dry_context
AOI-0058,suppression,2019-07-04,2019-07-05,2,moderate,-1.839468750905984,1,1,dry_context
AOI-0058,suppression,2019-07-12,2019-07-12,1,moderate,-1.3597625011407841,1,0,weather_unavailable_or_unusual
AOI-0058,critical,2019-07-20,2019-07-20,1,moderate,-2.0466315136237854,1,0,dry_context
AOI-0058,suppression,2019-07-29,2019-07-29,1,moderate,-1.0383610271117552,1,0,dry_context
AOI-0058,suppression,2019-08-09,2019-08-09,1,moderate,-1.0325412185337055,1,0,dry_context
AOI-0058,suppression,2019-08-14,2019-08-14,1,moderate,-1.3094576883702385,1,0,dry_context
AOI-0058,suppression,2019-08-21,2019-08-21,1,moderate,-1.1099631225312376,1,0,dry_context
AOI-0058,suppression,2019-08-24,2019-08-24,1,moderate,-1.4859022615940751,1,0,dry_and_hot_context
AOI-0058,suppression,2019-08-29,2019-08-30,2,moderate,-1.1834462828178711,1,1,dry_context
AOI-0058,suppression,2019-09-03,2019-09-03,1,moderate,-1.5891049999549036,1,0,dry_context
AOI-0058,suppression,2019-09-13,2019-09-15,3,moderate,-1.7116599737485396,3,0,dry_context
AOI-0058,critical,2019-09-18,2019-09-18,1,moderate,-2.5923653224765344,1,0,weather_unavailable_or_unusual
AOI-0058,critical,2019-09-23,2019-09-23,1,high,-3.347568566418388,1,0,dry_context
AOI-0058,critical,2019-09-28,2019-09-28,1,moderate,-2.135197906089945,0,1,weather_unavailable_or_unusual
AOI-0058,suppression,2019-10-09,2019-10-09,1,moderate,-1.181104434351552,1,0,dry_context
AOI-0058,suppression,2019-10-13,2019-10-13,1,moderate,-1.6780928964463293,1,0,dry_context
AOI-0058,suppression,2019-10-18,2019-10-18,1,moderate,-1.1771022272638392,1,0,dry_context
AOI-0058,critical,2019-10-28,2019-10-28,1,moderate,-2.028461599243754,1,0,dry_context
AOI-0058,suppression,2020-04-30,2020-04-30,1,moderate,-1.7486083170121036,1,0,dry_context
AOI-0058,suppression,2020-05-04,2020-05-04,1,moderate,-1.7163415124323427,0,1,weather_unavailable_or_unusual
AOI-0058,suppression,2020-05-08,2020-05-08,1,moderate,-1.695431718485524,1,0,weather_unavailable_or_unusual
AOI-0058,suppression,2020-05-19,2020-05-20,2,moderate,-1.245881128864092,2,0,weather_unavailable_or_unusual
AOI-0058,suppression,2020-05-27,2020-05-28,2,moderate,-1.4374158285609917,2,0,dry_context
AOI-0058,suppression,2020-05-30,2020-05-30,1,moderate,-1.9107718050936442,1,0,dry_context
AOI-0058,suppression,2020-06-04,2020-06-04,1,moderate,-1.6138699278359716,1,0,weather_unavailable_or_unusual
AOI-0058,suppression,2021-04-30,2021-04-30,1,moderate,-1.2604422604786394,1,0,dry_context
AOI-0058,critical,2021-05-20,2021-05-20,1,moderate,-2.1132013413794186,1,0,dry_context
AOI-0058,suppression,2021-08-08,2021-08-08,1,moderate,-1.2773988895326136,1,0,weather_unavailable_or_unusual
AOI-0058,suppression,2022-05-25,2022-05-25,1,moderate,-1.12538059282597,1,0,dry_context
AOI-0058,suppression,2022-06-29,2022-06-30,2,moderate,-1.4560031727200817,2,0,dry_context
AOI-0058,suppression,2022-07-04,2022-07-05,2,moderate,-1.5485667478831848,1,1,dry_context
AOI-0058,critical,2022-07-09,2022-07-09,1,moderate,-2.507645092725699,1,0,dry_context
AOI-0058,suppression,2022-07-12,2022-07-12,1,moderate,-1.4566195016826622,0,1,weather_unavailable_or_unusual
AOI-0058,critical,2022-07-14,2022-07-14,1,moderate,-2.1695633162279977,1,0,dry_context
AOI-0058,suppression,2022-07-17,2022-07-17,1,moderate,-1.528003991026671,0,1,weather_unavailable_or_unusual
AOI-0058,critical,2022-07-19,2022-07-19,1,moderate,-2.0547377487097793,1,0,dry_context
AOI-0058,suppression,2022-07-20,2022-07-21,2,moderate,-1.4676482159034305,2,0,dry_context
AOI-0058,suppression,2022-07-24,2022-07-24,1,moderate,-1.742185749966245,1,0,dry_context
AOI-0058,suppression,2022-07-29,2022-07-29,1,moderate,-1.1362682075023856,0,1,weather_unavailable_or_unusual
AOI-0058,suppression,2022-08-03,2022-08-03,1,moderate,-1.2295949909789958,1,0,weather_unavailable_or_unusual
AOI-0058,suppression,2022-08-28,2022-08-28,1,moderate,-1.1424407296362256,1,0,dry_context
AOI-0058,suppression,2022-09-02,2022-09-02,1,moderate,-1.0061413382965916,1,0,dry_context
AOI-0058,suppression,2022-09-07,2022-09-07,1,moderate,-1.1896783105491573,1,0,dry_context
AOI-0058,suppression,2022-09-17,2022-09-17,1,moderate,-1.3477039411060698,1,0,dry_context
AOI-0058,suppression,2022-09-27,2022-09-27,1,moderate,-1.5568867758359937,1,0,dry_context
AOI-0058,suppression,2022-10-01,2022-10-01,1,moderate,-1.0611025461010368,1,0,dry_context
AOI-0058,suppression,2022-10-07,2022-10-08,2,moderate,-1.2456006800856125,2,0,dry_context
AOI-0058,suppression,2022-10-12,2022-10-12,1,moderate,-1.7320129460946099,1,0,dry_context
AOI-0058,suppression,2022-10-15,2022-10-15,1,moderate,-1.2923370276786572,1,0,dry_context
AOI-0058,suppression,2023-04-26,2023-04-27,2,moderate,-1.1698061245567861,2,0,weather_unavailable_or_unusual
AOI-0058,suppression,2023-05-04,2023-05-05,2,moderate,-1.082478527513425,2,0,dry_context
AOI-0058,critical,2024-06-08,2024-06-08,1,high,-2.9798023870721955,1,0,dry_context
AOI-0058,suppression,2024-06-09,2024-06-09,1,moderate,-1.088448845100597,1,0,weather_unavailable_or_unusual
AOI-0058,critical,2024-06-18,2024-06-18,1,moderate,-2.3871016494144,1,0,dry_context
AOI-0058,suppression,2024-06-23,2024-06-23,1,moderate,-1.2088319945008403,0,1,weather_unavailable_or_unusual
AOI-0058,suppression,2024-06-28,2024-06-28,1,moderate,-1.1761494092016413,0,1,weather_unavailable_or_unusual
AOI-0058,suppression,2024-07-03,2024-07-03,1,moderate,-1.266721106784396,1,0,dry_context
AOI-0058,suppression,2024-07-13,2024-07-13,1,moderate,-1.3125031551375754,1,0,dry_context
AOI-0058,suppression,2024-07-18,2024-07-18,1,moderate,-1.026020440603278,1,0,dry_and_hot_context
AOI-0058,suppression,2024-07-25,2024-07-25,1,moderate,-1.0022402573579163,1,0,dry_context
AOI-0058,suppression,2024-08-22,2024-08-22,1,moderate,-1.0268471668551316,1,0,dry_and_hot_context
AOI-0058,suppression,2024-08-27,2024-08-27,1,moderate,-1.140045326562538,0,1,weather_unavailable_or_unusual
AOI-0058,suppression,2024-09-06,2024-09-06,1,moderate,-1.1463467100260918,1,0,dry_context
AOI-0058,suppression,2024-09-11,2024-09-11,1,moderate,-1.0781449696627903,1,0,dry_context
AOI-0058,suppression,2024-09-16,2024-09-16,1,moderate,-1.31643891609774,1,0,dry_context
AOI-0058,suppression,2024-09-20,2024-09-21,2,moderate,-1.1951972367951507,1,1,dry_context
AOI-0058,suppression,2024-09-26,2024-09-26,1,moderate,-1.1936892436277144,1,0,dry_context
AOI-0058,suppression,2024-10-01,2024-10-01,1,moderate,-1.095251525349127,0,1,weather_unavailable_or_unusual
AOI-0058,suppression,2024-10-06,2024-10-06,1,moderate,-1.1584617421223282,1,0,dry_context
AOI-0058,suppression,2024-10-11,2024-10-11,1,moderate,-1.2391224822206481,1,0,dry_context
AOI-0058,suppression,2025-05-09,2025-05-09,1,moderate,-1.639508267239023,1,0,weather_unavailable_or_unusual
AOI-0058,suppression,2025-05-14,2025-05-14,1,moderate,-1.9427909467571887,1,0,dry_context
AOI-0058,suppression,2025-05-17,2025-05-17,1,moderate,-1.5313860130933652,1,0,dry_context
AOI-0058,critical,2025-05-19,2025-05-19,1,moderate,-2.1529550154980233,1,0,weather_unavailable_or_unusual
AOI-0058,critical,2025-05-24,2025-05-24,1,moderate,-2.4883202322381264,1,0,dry_context
AOI-0058,suppression,2025-05-25,2025-05-25,1,moderate,-1.8034193521452189,1,0,dry_context
AOI-0058,suppression,2025-06-02,2025-06-02,1,moderate,-1.4548131867515723,1,0,dry_context
AOI-0058,critical,2025-06-03,2025-06-03,1,moderate,-2.1780660688497235,1,0,dry_context
AOI-0058,critical,2025-06-08,2025-06-08,1,moderate,-2.5367728459136774,1,0,dry_context
AOI-0058,suppression,2025-06-10,2025-06-11,2,moderate,-1.5865687323766577,2,0,weather_unavailable_or_unusual
AOI-0058,suppression,2025-06-13,2025-06-13,1,moderate,-1.7045531581967017,1,0,dry_context
AOI-0058,suppression,2025-07-23,2025-07-23,1,moderate,-1.2623902874418458,1,0,dry_context
AOI-0058,suppression,2025-08-17,2025-08-17,1,moderate,-1.210018685753416,1,0,dry_context
AOI-0058,suppression,2025-08-19,2025-08-19,1,moderate,-1.3730692571034804,1,0,dry_context
AOI-0058,suppression,2025-08-22,2025-08-22,1,moderate,-1.3948528025888511,1,0,dry_context
AOI-0058,suppression,2025-08-27,2025-08-27,1,moderate,-1.3085479711307797,1,0,dry_context
AOI-0058,suppression,2025-08-29,2025-08-29,1,moderate,-1.3212438656272343,1,0,dry_context
AOI-0058,suppression,2025-09-01,2025-09-01,1,moderate,-1.517809129225222,1,0,dry_context
AOI-0058,suppression,2025-09-08,2025-09-08,1,moderate,-1.3664319872703874,1,0,dry_context
AOI-0058,suppression,2025-09-21,2025-09-21,1,moderate,-1.3947560884740315,1,0,dry_context
AOI-0058,suppression,2025-09-26,2025-09-26,1,moderate,-1.1543081398605526,1,0,dry_context
AOI-0058,suppression,2025-10-08,2025-10-08,1,moderate,-1.198352845753608,1,0,dry_context
AOI-0058,suppression,2025-10-16,2025-10-16,1,moderate,-1.1029163640581838,1,0,dry_context
AOI-0058,suppression,2025-10-28,2025-10-28,1,moderate,-1.0142882864155092,1,0,weather_unavailable_or_unusual
AOI-0059,critical,2011-05-27,2011-05-28,2,high,-3.1263162422016766,0,2,weather_unavailable_or_unusual
AOI-0059,critical,2011-06-04,2011-06-05,2,critical,-16.198886514492106,2,0,weather_unavailable_or_unusual
AOI-0059,suppression,2011-07-31,2011-07-31,1,moderate,-1.8166783525875783,1,0,weather_unavailable_or_unusual
AOI-0059,suppression,2012-05-22,2012-05-22,1,moderate,-1.4160703484754018,1,0,weather_unavailable_or_unusual
AOI-0059,critical,2012-06-25,2012-06-25,1,critical,-10.7866867191116,1,0,weather_unavailable_or_unusual
AOI-0059,critical,2012-07-09,2012-07-09,1,critical,-17.5508660268892,1,0,weather_unavailable_or_unusual
AOI-0059,critical,2012-07-11,2012-07-11,1,critical,-8.498801343703699,1,0,weather_unavailable_or_unusual
AOI-0059,suppression,2012-07-16,2012-07-16,1,moderate,-1.1997477116237905,1,0,weather_unavailable_or_unusual
AOI-0059,critical,2012-07-25,2012-07-25,1,critical,-3.611820167341587,1,0,weather_unavailable_or_unusual
AOI-0059,suppression,2012-07-27,2012-07-27,1,moderate,-1.7864388260285413,1,0,weather_unavailable_or_unusual
AOI-0059,critical,2012-08-12,2012-08-12,1,high,-3.1799112064282453,0,1,weather_unavailable_or_unusual
AOI-0059,critical,2012-09-18,2012-09-18,1,critical,-5.996878407027966,1,0,weather_unavailable_or_unusual
AOI-0059,critical,2012-09-29,2012-09-29,1,critical,-8.1454136319357,1,0,weather_unavailable_or_unusual
AOI-0059,suppression,2013-06-01,2013-06-01,1,moderate,-1.8989000331087444,1,0,weather_unavailable_or_unusual
AOI-0059,critical,2013-06-09,2013-06-10,2,critical,-3.6843298898283527,2,0,weather_unavailable_or_unusual
AOI-0059,critical,2013-06-17,2013-06-18,2,critical,-5.130044589988138,1,1,weather_unavailable_or_unusual
AOI-0059,critical,2013-06-25,2013-06-26,2,critical,-5.460761934325275,2,0,weather_unavailable_or_unusual
AOI-0059,suppression,2013-07-04,2013-07-04,1,moderate,-1.3752763701099242,1,0,weather_unavailable_or_unusual
AOI-0059,suppression,2013-07-19,2013-07-20,2,moderate,-1.0317661964936309,1,1,weather_unavailable_or_unusual
AOI-0059,critical,2013-07-28,2013-07-28,1,moderate,-2.4499143931510248,1,0,weather_unavailable_or_unusual
AOI-0059,critical,2013-08-05,2013-08-05,1,high,-2.760523927047169,1,0,weather_unavailable_or_unusual
AOI-0059,critical,2013-08-12,2013-08-13,2,critical,-4.760776793741798,1,1,weather_unavailable_or_unusual
AOI-0059,critical,2013-08-20,2013-08-20,1,moderate,-2.424657282014246,1,0,weather_unavailable_or_unusual
AOI-0059,suppression,2013-08-21,2013-08-21,1,moderate,-1.1033532299071016,0,1,weather_unavailable_or_unusual
AOI-0059,critical,2013-09-30,2013-09-30,1,high,-3.140359310578777,1,0,weather_unavailable_or_unusual
AOI-0059,suppression,2013-10-07,2013-10-08,2,moderate,-1.4004632468338576,2,0,weather_unavailable_or_unusual
AOI-0059,suppression,2014-06-05,2014-06-05,1,moderate,-1.7130295768683423,1,0,weather_unavailable_or_unusual
AOI-0059,suppression,2014-06-10,2014-06-10,1,moderate,-1.2970158119018735,1,0,weather_unavailable_or_unusual
AOI-0059,suppression,2014-08-07,2014-08-07,1,moderate,-1.062609152773275,1,0,weather_unavailable_or_unusual
AOI-0059,suppression,2014-08-23,2014-08-23,1,moderate,-1.3265131874158826,1,0,weather_unavailable_or_unusual
AOI-0059,suppression,2014-08-31,2014-08-31,1,moderate,-1.1032988926518696,1,0,weather_unavailable_or_unusual
AOI-0059,suppression,2014-10-02,2014-10-02,1,moderate,-1.3248436497572709,1,0,weather_unavailable_or_unusual
AOI-0059,suppression,2014-10-11,2014-10-11,1,moderate,-1.5212052705855357,1,0,weather_unavailable_or_unusual
AOI-0059,suppression,2014-10-26,2014-10-27,2,moderate,-1.4413822833716536,1,1,weather_unavailable_or_unusual
AOI-0059,suppression,2015-04-07,2015-04-07,1,moderate,-1.6365417414997108,1,0,weather_unavailable_or_unusual
AOI-0059,critical,2015-04-12,2015-04-13,2,critical,-4.389746163002796,1,1,weather_unavailable_or_unusual
AOI-0059,critical,2015-04-23,2015-04-23,1,critical,-8.066026774664243,1,0,weather_unavailable_or_unusual
AOI-0059,critical,2015-04-28,2015-04-28,1,critical,-14.080098928060941,1,0,weather_unavailable_or_unusual
AOI-0059,critical,2015-05-09,2015-05-09,1,critical,-5.2501082175364635,1,0,weather_unavailable_or_unusual
AOI-0059,critical,2015-05-22,2015-05-23,2,high,-2.9662031921361613,1,1,weather_unavailable_or_unusual
AOI-0059,critical,2015-10-29,2015-10-30,2,moderate,-2.35253368257068,2,0,weather_unavailable_or_unusual
AOI-0059,suppression,2016-09-13,2016-09-13,1,moderate,-1.200340689071695,1,0,weather_unavailable_or_unusual
AOI-0059,suppression,2017-07-25,2017-07-25,1,moderate,-1.1641857536540354,1,0,weather_unavailable_or_unusual
AOI-0059,suppression,2017-08-04,2017-08-04,1,moderate,-1.1136621365700694,1,0,weather_unavailable_or_unusual
AOI-0059,suppression,2017-08-09,2017-08-09,1,moderate,-1.0873836256637435,1,0,weather_unavailable_or_unusual
AOI-0059,suppression,2017-10-02,2017-10-02,1,moderate,-1.040660042872374,1,0,weather_unavailable_or_unusual
AOI-0059,suppression,2017-10-08,2017-10-08,1,moderate,-1.073146553610212,1,0,weather_unavailable_or_unusual
AOI-0059,suppression,2017-10-18,2017-10-18,1,moderate,-1.891104524339176,1,0,weather_unavailable_or_unusual
AOI-0059,critical,2018-04-04,2018-04-05,2,critical,-4.251551474144274,2,0,weather_unavailable_or_unusual
AOI-0059,critical,2018-04-07,2018-04-07,1,high,-2.99201988546504,0,1,weather_unavailable_or_unusual
AOI-0059,critical,2018-04-11,2018-04-12,2,critical,-5.684595370740349,2,0,weather_unavailable_or_unusual
AOI-0059,critical,2018-04-21,2018-04-21,1,critical,-6.482530528813764,1,0,weather_unavailable_or_unusual
AOI-0059,critical,2018-04-23,2018-04-23,1,critical,-5.143752878553639,1,0,weather_unavailable_or_unusual
AOI-0059,critical,2018-04-28,2018-04-29,2,critical,-11.469384408703824,2,0,weather_unavailable_or_unusual
AOI-0059,critical,2018-05-01,2018-05-01,1,critical,-12.807209801596617,1,0,weather_unavailable_or_unusual
AOI-0059,critical,2018-05-09,2018-05-09,1,critical,-5.110694213299428,1,0,weather_unavailable_or_unusual
AOI-0059,critical,2018-05-11,2018-05-11,1,critical,-9.985500346641704,1,0,weather_unavailable_or_unusual
AOI-0059,critical,2018-05-15,2018-05-15,1,critical,-8.937870475910266,1,0,weather_unavailable_or_unusual
AOI-0059,critical,2018-05-22,2018-05-22,1,critical,-5.801952715175421,0,1,weather_unavailable_or_unusual
AOI-0059,suppression,2018-05-25,2018-05-25,1,moderate,-1.7656779537801448,1,0,weather_unavailable_or_unusual
AOI-0059,critical,2018-05-30,2018-05-31,2,high,-3.2775517745723945,1,1,weather_unavailable_or_unusual
AOI-0059,critical,2018-06-07,2018-06-08,2,high,-2.9074180884368026,2,0,weather_unavailable_or_unusual
AOI-0059,suppression,2018-06-10,2018-06-10,1,moderate,-1.173530176848222,1,0,weather_unavailable_or_unusual
AOI-0059,suppression,2018-06-15,2018-06-15,1,moderate,-1.1079392184330858,1,0,weather_unavailable_or_unusual
AOI-0059,suppression,2018-10-14,2018-10-14,1,moderate,-1.008076550172005,1,0,weather_unavailable_or_unusual
AOI-0059,suppression,2019-04-11,2019-04-11,1,moderate,-1.3354912443322915,0,1,weather_unavailable_or_unusual
AOI-0059,suppression,2019-06-20,2019-06-20,1,moderate,-1.383565154986293,1,0,weather_unavailable_or_unusual
AOI-0059,suppression,2019-06-25,2019-06-25,1,moderate,-1.5470771233980702,1,0,weather_unavailable_or_unusual
AOI-0059,suppression,2019-06-30,2019-06-30,1,moderate,-1.0005942992602708,0,1,weather_unavailable_or_unusual
AOI-0059,suppression,2019-07-20,2019-07-20,1,moderate,-1.3218351645317847,1,0,weather_unavailable_or_unusual
AOI-0059,suppression,2019-08-14,2019-08-14,1,moderate,-1.6945457811270241,1,0,weather_unavailable_or_unusual
AOI-0059,suppression,2019-08-24,2019-08-24,1,moderate,-1.5156671199379255,0,1,weather_unavailable_or_unusual
AOI-0059,suppression,2019-08-29,2019-08-29,1,moderate,-1.9421216194474393,1,0,weather_unavailable_or_unusual
AOI-0059,suppression,2019-09-13,2019-09-13,1,moderate,-1.205151382687362,1,0,weather_unavailable_or_unusual
AOI-0059,suppression,2019-09-18,2019-09-18,1,moderate,-1.2422118998719307,1,0,weather_unavailable_or_unusual
AOI-0059,suppression,2019-09-28,2019-09-28,1,moderate,-1.4014138337710813,1,0,weather_unavailable_or_unusual
AOI-0059,suppression,2019-10-18,2019-10-18,1,moderate,-1.159981573971802,1,0,weather_unavailable_or_unusual
AOI-0059,suppression,2019-10-28,2019-10-28,1,moderate,-1.7976364211110551,1,0,weather_unavailable_or_unusual
AOI-0059,suppression,2020-04-02,2020-04-02,1,moderate,-1.9016297110297486,1,0,weather_unavailable_or_unusual
AOI-0059,critical,2020-04-09,2020-04-10,2,critical,-3.5993774838425714,1,1,weather_unavailable_or_unusual
AOI-0059,critical,2020-04-17,2020-04-18,2,critical,-3.4526307148676585,1,1,weather_unavailable_or_unusual
AOI-0059,critical,2020-04-22,2020-04-22,1,high,-3.3193051425715927,1,0,weather_unavailable_or_unusual
AOI-0059,critical,2020-04-25,2020-04-26,2,critical,-7.388665063709485,1,1,weather_unavailable_or_unusual
AOI-0059,critical,2020-04-30,2020-04-30,1,critical,-8.550512364784137,1,0,weather_unavailable_or_unusual
AOI-0059,critical,2020-05-04,2020-05-04,1,critical,-5.641386371824577,1,0,weather_unavailable_or_unusual
AOI-0059,critical,2020-05-08,2020-05-08,1,critical,-3.8728836236489657,0,1,weather_unavailable_or_unusual
AOI-0059,critical,2020-05-11,2020-05-12,2,critical,-7.282440238731615,1,1,weather_unavailable_or_unusual
AOI-0059,critical,2020-05-20,2020-05-20,1,critical,-4.633768285111699,1,0,weather_unavailable_or_unusual
AOI-0059,critical,2020-05-27,2020-05-28,2,high,-2.909083991604398,2,0,weather_unavailable_or_unusual
AOI-0059,critical,2020-05-30,2020-05-30,1,high,-2.9858048664565593,1,0,weather_unavailable_or_unusual
AOI-0059,suppression,2020-10-27,2020-10-27,1,moderate,-1.065940260276477,1,0,weather_unavailable_or_unusual
AOI-0059,critical,2021-06-09,2021-06-09,1,high,-2.909813153188927,1,0,weather_unavailable_or_unusual
AOI-0059,suppression,2022-04-07,2022-04-07,1,moderate,-1.3408971214814212,1,0,weather_unavailable_or_unusual
AOI-0059,suppression,2022-04-15,2022-04-16,2,moderate,-1.6659246093076672,1,1,weather_unavailable_or_unusual
AOI-0059,suppression,2022-04-23,2022-04-23,1,moderate,-1.5804376390282888,1,0,weather_unavailable_or_unusual
AOI-0059,critical,2022-04-25,2022-04-25,1,critical,-4.608694432296978,1,0,weather_unavailable_or_unusual
AOI-0059,critical,2022-05-09,2022-05-10,2,critical,-7.459984932294805,2,0,weather_unavailable_or_unusual
AOI-0059,critical,2022-05-15,2022-05-15,1,critical,-6.555257907743373,1,0,weather_unavailable_or_unusual
AOI-0059,suppression,2022-05-25,2022-05-26,2,moderate,-1.530543920831811,2,0,weather_unavailable_or_unusual
AOI-0059,suppression,2023-06-29,2023-06-29,1,moderate,-1.9844601015767098,1,0,weather_unavailable_or_unusual
AOI-0059,suppression,2023-10-22,2023-10-22,1,moderate,-1.1026705941024413,1,0,weather_unavailable_or_unusual
AOI-0059,suppression,2024-04-04,2024-04-04,1,moderate,-1.1240488924277388,0,1,weather_unavailable_or_unusual
AOI-0059,suppression,2024-04-09,2024-04-09,1,moderate,-1.8475683655109363,1,0,weather_unavailable_or_unusual
AOI-0059,suppression,2024-04-13,2024-04-13,1,moderate,-1.5273408448869965,0,1,weather_unavailable_or_unusual
AOI-0059,critical,2024-04-22,2024-04-22,1,high,-2.751309863118993,0,1,weather_unavailable_or_unusual
AOI-0059,critical,2024-04-29,2024-04-29,1,critical,-4.431448664628349,1,0,weather_unavailable_or_unusual
AOI-0059,critical,2024-05-04,2024-05-04,1,critical,-7.888346485485992,1,0,weather_unavailable_or_unusual
AOI-0059,critical,2024-05-06,2024-05-09,4,critical,-6.4866045269162065,4,0,weather_unavailable_or_unusual
AOI-0059,critical,2024-05-19,2024-05-19,1,critical,-5.851963253210981,0,1,weather_unavailable_or_unusual
AOI-0059,critical,2024-05-22,2024-05-24,3,high,-3.246282949326911,3,0,weather_unavailable_or_unusual
AOI-0059,suppression,2024-05-30,2024-05-30,1,moderate,-1.8584189126784636,1,0,weather_unavailable_or_unusual
AOI-0059,suppression,2024-06-03,2024-06-03,1,moderate,-1.9171805603180765,1,0,weather_unavailable_or_unusual
AOI-0059,suppression,2024-06-07,2024-06-07,1,moderate,-1.493674873144313,1,0,weather_unavailable_or_unusual
AOI-0059,critical,2024-06-08,2024-06-08,1,moderate,-2.074790648919762,1,0,weather_unavailable_or_unusual
AOI-0059,suppression,2024-09-01,2024-09-01,1,moderate,-1.049915975152452,1,0,weather_unavailable_or_unusual
AOI-0059,suppression,2024-10-01,2024-10-01,1,moderate,-1.0141894933762596,1,0,weather_unavailable_or_unusual
AOI-0059,suppression,2024-10-11,2024-10-11,1,moderate,-1.0168842032359298,1,0,weather_unavailable_or_unusual
AOI-0059,suppression,2025-06-03,2025-06-03,1,moderate,-1.327046394897454,1,0,weather_unavailable_or_unusual
AOI-0059,suppression,2025-06-08,2025-06-08,1,moderate,-1.9859078247575612,1,0,weather_unavailable_or_unusual
AOI-0059,suppression,2025-06-10,2025-06-11,2,moderate,-1.3903191294351656,1,1,weather_unavailable_or_unusual
AOI-0059,suppression,2025-06-13,2025-06-13,1,moderate,-1.6183421933533066,1,0,weather_unavailable_or_unusual
AOI-0059,suppression,2025-06-19,2025-06-19,1,moderate,-1.2299207565604207,1,0,weather_unavailable_or_unusual
AOI-0059,suppression,2025-06-27,2025-06-27,1,moderate,-1.0299025435174571,1,0,weather_unavailable_or_unusual
AOI-0059,suppression,2025-07-08,2025-07-08,1,moderate,-1.044812104778701,1,0,weather_unavailable_or_unusual
AOI-0059,suppression,2025-07-18,2025-07-18,1,moderate,-1.011642886648723,1,0,weather_unavailable_or_unusual
AOI-0059,suppression,2025-07-23,2025-07-23,1,moderate,-1.031544112450746,1,0,weather_unavailable_or_unusual
AOI-0059,suppression,2025-07-28,2025-07-28,1,moderate,-1.0247771560005834,1,0,weather_unavailable_or_unusual
AOI-0059,suppression,2025-08-02,2025-08-02,1,moderate,-1.0678576792872638,1,0,weather_unavailable_or_unusual
AOI-0059,suppression,2025-08-07,2025-08-07,1,moderate,-1.02752783574041,1,0,weather_unavailable_or_unusual
AOI-0059,suppression,2025-08-09,2025-08-09,1,moderate,-1.001854089875302,1,0,weather_unavailable_or_unusual
AOI-0059,suppression,2025-09-01,2025-09-01,1,moderate,-1.0493392723087618,1,0,weather_unavailable_or_unusual
AOI-0059,suppression,2025-09-08,2025-09-08,1,moderate,-1.20289373241388,1,0,weather_unavailable_or_unusual
AOI-0060,suppression,2025-05-19,2025-05-19,1,moderate,-1.0048742613829118,1,0,weather_unavailable_or_unusual
AOI-0060,suppression,2025-10-28,2025-10-28,1,moderate,-1.1590938522189673,1,0,weather_unavailable_or_unusual
AOI-0061,critical,2011-06-30,2011-06-30,1,high,-3.079315648717997,0,1,weather_unavailable_or_unusual
AOI-0061,critical,2011-07-12,2011-07-12,1,high,-3.412110963493179,1,0,weather_unavailable_or_unusual
AOI-0061,critical,2011-07-28,2011-07-28,1,critical,-3.7133438276146555,0,1,weather_unavailable_or_unusual
AOI-0061,critical,2011-08-01,2011-08-01,1,critical,-4.918207515635393,1,0,weather_unavailable_or_unusual
AOI-0061,critical,2012-04-06,2012-04-06,1,critical,-7.052173478695074,0,1,weather_unavailable_or_unusual
AOI-0061,critical,2012-04-13,2012-04-13,1,critical,-6.987489889529216,1,0,weather_unavailable_or_unusual
AOI-0061,suppression,2012-10-22,2012-10-22,1,moderate,-1.13103874122713,0,1,weather_unavailable_or_unusual
AOI-0061,suppression,2013-06-03,2013-06-03,1,moderate,-1.0516320001109802,1,0,weather_unavailable_or_unusual
AOI-0061,critical,2013-06-26,2013-06-27,2,moderate,-2.675763222567414,1,1,weather_unavailable_or_unusual
AOI-0061,critical,2013-07-12,2013-07-13,2,critical,-6.328700282928564,2,0,weather_unavailable_or_unusual
AOI-0061,critical,2013-07-21,2013-07-21,1,critical,-4.486235076956737,1,0,weather_unavailable_or_unusual
AOI-0061,critical,2013-07-28,2013-07-29,2,moderate,-2.333290201305621,2,0,weather_unavailable_or_unusual
AOI-0061,suppression,2013-08-06,2013-08-06,1,moderate,-1.9019782209658016,1,0,weather_unavailable_or_unusual
AOI-0061,suppression,2013-08-13,2013-08-14,2,moderate,-1.118705024283312,2,0,weather_unavailable_or_unusual
AOI-0061,suppression,2013-08-22,2013-08-22,1,moderate,-1.875027619231697,1,0,weather_unavailable_or_unusual
AOI-0061,suppression,2013-09-23,2013-09-23,1,moderate,-1.2868197434732347,1,0,weather_unavailable_or_unusual
AOI-0061,suppression,2013-10-09,2013-10-09,1,moderate,-1.0732563130097188,0,1,weather_unavailable_or_unusual
AOI-0061,suppression,2014-06-26,2014-06-26,1,moderate,-1.6612727698465468,0,1,weather_unavailable_or_unusual
AOI-0061,suppression,2014-06-30,2014-06-30,1,moderate,-1.813684076238117,1,0,weather_unavailable_or_unusual
AOI-0061,critical,2014-07-08,2014-07-08,1,high,-2.9716561106885604,1,0,weather_unavailable_or_unusual
AOI-0061,suppression,2014-07-12,2014-07-12,1,moderate,-1.3003592828658797,1,0,weather_unavailable_or_unusual
AOI-0061,critical,2014-07-16,2014-07-16,1,moderate,-2.6278998582762028,1,0,weather_unavailable_or_unusual
AOI-0061,suppression,2014-07-24,2014-07-24,1,moderate,-1.9113954540554141,1,0,weather_unavailable_or_unusual
AOI-0061,suppression,2014-08-01,2014-08-01,1,moderate,-1.4495697217556271,1,0,weather_unavailable_or_unusual
AOI-0061,suppression,2014-08-13,2014-08-13,1,moderate,-1.6699465297561624,1,0,weather_unavailable_or_unusual
AOI-0061,suppression,2014-08-25,2014-08-25,1,moderate,-1.5956744135991143,1,0,weather_unavailable_or_unusual
AOI-0061,suppression,2014-10-28,2014-10-28,1,moderate,-1.2692829510307178,1,0,weather_unavailable_or_unusual
AOI-0061,suppression,2015-04-07,2015-04-07,1,moderate,-1.1276689899384698,0,1,weather_unavailable_or_unusual
AOI-0061,suppression,2015-04-14,2015-04-14,1,moderate,-1.5824077923385402,1,0,weather_unavailable_or_unusual
AOI-0061,suppression,2015-04-30,2015-04-30,1,moderate,-1.74665714342975,1,0,weather_unavailable_or_unusual
AOI-0061,suppression,2015-05-08,2015-05-08,1,moderate,-1.9332138977044335,0,1,weather_unavailable_or_unusual
AOI-0061,critical,2015-05-16,2015-05-16,1,critical,-3.8381174785745125,1,0,weather_unavailable_or_unusual
AOI-0061,critical,2015-05-24,2015-05-24,1,critical,-3.544633766532133,1,0,weather_unavailable_or_unusual
AOI-0061,suppression,2015-05-25,2015-05-25,1,moderate,-1.9719015499113168,1,0,weather_unavailable_or_unusual
AOI-0061,suppression,2015-06-01,2015-06-01,1,moderate,-1.2607284114990438,1,0,weather_unavailable_or_unusual
AOI-0061,suppression,2016-06-19,2016-06-19,1,moderate,-1.3114537006646554,0,1,weather_unavailable_or_unusual
AOI-0061,suppression,2016-06-25,2016-06-25,1,moderate,-1.1458156279638183,1,0,weather_unavailable_or_unusual
AOI-0061,suppression,2016-09-15,2016-09-15,1,moderate,-1.8254790118039854,1,0,weather_unavailable_or_unusual
AOI-0061,suppression,2016-10-01,2016-10-01,1,moderate,-1.1976230235981455,1,0,weather_unavailable_or_unusual
AOI-0061,suppression,2017-04-03,2017-04-03,1,moderate,-1.8528101044325869,0,1,weather_unavailable_or_unusual
AOI-0061,suppression,2017-04-07,2017-04-07,1,moderate,-1.5338004550914484,1,0,weather_unavailable_or_unusual
AOI-0061,critical,2017-04-13,2017-04-13,1,moderate,-2.189555413327459,1,0,weather_unavailable_or_unusual
AOI-0061,suppression,2017-04-16,2017-04-16,1,moderate,-1.6328831469020384,1,0,weather_unavailable_or_unusual
AOI-0061,suppression,2017-04-26,2017-04-28,3,moderate,-1.4928003300558021,3,0,weather_unavailable_or_unusual
AOI-0061,suppression,2017-05-01,2017-05-01,1,moderate,-1.4162178025268302,1,0,weather_unavailable_or_unusual
AOI-0061,suppression,2017-05-05,2017-05-05,1,moderate,-1.1400588360579438,1,0,weather_unavailable_or_unusual
AOI-0061,suppression,2017-05-25,2017-05-25,1,moderate,-1.0114661393841555,0,1,weather_unavailable_or_unusual
AOI-0061,critical,2017-05-26,2017-05-26,1,critical,-3.7917803422165015,1,0,weather_unavailable_or_unusual
AOI-0061,critical,2017-05-29,2017-05-29,1,high,-3.4292059011454805,1,0,weather_unavailable_or_unusual
AOI-0061,critical,2017-06-05,2017-06-06,2,critical,-3.5795365903110117,2,0,weather_unavailable_or_unusual
AOI-0061,suppression,2017-09-15,2017-09-15,1,moderate,-1.190489218125823,1,0,weather_unavailable_or_unusual
AOI-0061,suppression,2017-09-18,2017-09-18,1,moderate,-1.151829187794621,1,0,weather_unavailable_or_unusual
AOI-0061,suppression,2017-09-20,2017-09-20,1,moderate,-1.1702701358747294,1,0,weather_unavailable_or_unusual
AOI-0061,suppression,2017-09-25,2017-09-25,1,moderate,-1.1827346655770257,1,0,weather_unavailable_or_unusual
AOI-0061,suppression,2017-10-04,2017-10-04,1,moderate,-1.3108133689100279,1,0,weather_unavailable_or_unusual
AOI-0061,suppression,2017-10-08,2017-10-08,1,moderate,-1.8176501133890852,1,0,weather_unavailable_or_unusual
AOI-0061,suppression,2018-06-20,2018-06-20,1,moderate,-1.1926795899209968,1,0,weather_unavailable_or_unusual
AOI-0061,suppression,2018-06-25,2018-06-26,2,moderate,-1.4883383404007882,2,0,weather_unavailable_or_unusual
AOI-0061,suppression,2018-07-02,2018-07-02,1,moderate,-1.7424003957622893,1,0,weather_unavailable_or_unusual
AOI-0061,suppression,2018-07-11,2018-07-12,2,moderate,-1.48632249799901,2,0,weather_unavailable_or_unusual
AOI-0061,suppression,2018-07-27,2018-07-28,2,moderate,-1.3839405685929727,2,0,weather_unavailable_or_unusual
AOI-0061,suppression,2018-08-20,2018-08-20,1,moderate,-1.2916914167959583,1,0,weather_unavailable_or_unusual
AOI-0061,suppression,2018-09-05,2018-09-05,1,moderate,-1.3158400061344409,1,0,weather_unavailable_or_unusual
AOI-0061,suppression,2018-09-13,2018-09-13,1,moderate,-1.1996770823509286,1,0,weather_unavailable_or_unusual
AOI-0061,suppression,2019-04-06,2019-04-09,4,moderate,-1.5209132472712676,3,1,weather_unavailable_or_unusual
AOI-0061,suppression,2019-04-11,2019-04-11,1,moderate,-1.7474970608645957,1,0,weather_unavailable_or_unusual
AOI-0061,suppression,2019-04-21,2019-04-21,1,moderate,-1.0651079069569982,1,0,weather_unavailable_or_unusual
AOI-0061,suppression,2019-05-06,2019-05-06,1,moderate,-1.0451877363079516,1,0,weather_unavailable_or_unusual
AOI-0061,suppression,2019-05-11,2019-05-11,1,moderate,-1.3236682712948604,1,0,weather_unavailable_or_unusual
AOI-0061,suppression,2019-05-13,2019-05-13,1,moderate,-1.95304304361772,0,1,weather_unavailable_or_unusual
AOI-0061,suppression,2019-05-16,2019-05-16,1,moderate,-1.9446174545472505,1,0,weather_unavailable_or_unusual
AOI-0061,suppression,2019-05-21,2019-05-21,1,moderate,-1.8338933610912387,0,1,weather_unavailable_or_unusual
AOI-0061,suppression,2019-05-23,2019-05-23,1,moderate,-1.5848649233763632,1,0,weather_unavailable_or_unusual
AOI-0061,suppression,2019-08-16,2019-08-16,1,moderate,-1.942805870182319,1,0,weather_unavailable_or_unusual
AOI-0061,suppression,2019-09-18,2019-09-18,1,moderate,-1.0493819079821307,1,0,weather_unavailable_or_unusual
AOI-0061,suppression,2019-09-23,2019-09-23,1,moderate,-1.717390780166349,0,1,weather_unavailable_or_unusual
AOI-0061,suppression,2019-09-30,2019-09-30,1,moderate,-1.285386977295835,1,0,weather_unavailable_or_unusual
AOI-0061,suppression,2020-06-11,2020-06-11,1,moderate,-1.2502292186305568,1,0,weather_unavailable_or_unusual
AOI-0061,critical,2020-06-16,2020-06-16,1,critical,-3.5952935444781593,1,0,weather_unavailable_or_unusual
AOI-0061,suppression,2020-06-25,2020-06-26,2,moderate,-1.3936990104880798,2,0,weather_unavailable_or_unusual
AOI-0061,suppression,2020-06-29,2020-07-01,3,moderate,-1.4129037452715556,3,0,weather_unavailable_or_unusual
AOI-0061,suppression,2020-07-04,2020-07-04,1,moderate,-1.6409281490761063,1,0,weather_unavailable_or_unusual
AOI-0061,suppression,2020-07-06,2020-07-06,1,moderate,-1.656970861416713,1,0,weather_unavailable_or_unusual
AOI-0061,suppression,2020-07-11,2020-07-11,1,moderate,-1.70642780687387,1,0,weather_unavailable_or_unusual
AOI-0061,suppression,2020-07-14,2020-07-14,1,moderate,-1.662294584743495,1,0,weather_unavailable_or_unusual
AOI-0061,suppression,2020-07-16,2020-07-16,1,moderate,-1.828309957071941,0,1,weather_unavailable_or_unusual
AOI-0061,critical,2020-07-19,2020-07-19,1,moderate,-2.0221789368363954,0,1,weather_unavailable_or_unusual
AOI-0061,suppression,2020-07-24,2020-07-24,1,moderate,-1.6171222992635366,0,1,weather_unavailable_or_unusual
AOI-0061,suppression,2020-07-26,2020-07-27,2,moderate,-1.6316006250710824,1,1,weather_unavailable_or_unusual
AOI-0061,suppression,2020-07-29,2020-07-29,1,moderate,-1.2927225003709144,1,0,weather_unavailable_or_unusual
AOI-0061,suppression,2020-07-31,2020-07-31,1,moderate,-1.3513695213466466,1,0,weather_unavailable_or_unusual
AOI-0061,suppression,2020-08-03,2020-08-03,1,moderate,-1.270123730542436,1,0,weather_unavailable_or_unusual
AOI-0061,suppression,2020-09-07,2020-09-07,1,moderate,-1.2919364684016283,1,0,weather_unavailable_or_unusual
AOI-0061,suppression,2020-09-09,2020-09-09,1,moderate,-1.116461857743111,1,0,weather_unavailable_or_unusual
AOI-0061,suppression,2020-09-12,2020-09-12,1,moderate,-1.1370197456145539,1,0,weather_unavailable_or_unusual
AOI-0061,suppression,2020-09-14,2020-09-14,1,moderate,-1.1272998074702414,1,0,weather_unavailable_or_unusual
AOI-0061,suppression,2020-09-17,2020-09-17,1,moderate,-1.0174516601730352,1,0,weather_unavailable_or_unusual
AOI-0061,suppression,2020-09-19,2020-09-19,1,moderate,-1.7628097435891497,1,0,weather_unavailable_or_unusual
AOI-0061,suppression,2020-09-22,2020-09-22,1,moderate,-1.1083185691052393,1,0,weather_unavailable_or_unusual
AOI-0061,suppression,2020-09-24,2020-09-24,1,moderate,-1.1690810828085707,1,0,weather_unavailable_or_unusual
AOI-0061,suppression,2020-09-26,2020-09-27,2,moderate,-1.4650968127691093,2,0,weather_unavailable_or_unusual
AOI-0061,suppression,2020-10-07,2020-10-07,1,moderate,-1.2925560855659148,1,0,weather_unavailable_or_unusual
AOI-0061,suppression,2020-10-09,2020-10-09,1,moderate,-1.27007091493503,1,0,weather_unavailable_or_unusual
AOI-0061,suppression,2020-10-12,2020-10-12,1,moderate,-1.5770766582612004,1,0,weather_unavailable_or_unusual
AOI-0061,suppression,2020-10-17,2020-10-17,1,moderate,-1.4063447734386287,0,1,weather_unavailable_or_unusual
AOI-0061,suppression,2020-10-27,2020-10-28,2,moderate,-1.4269623614769438,2,0,weather_unavailable_or_unusual
AOI-0061,critical,2020-10-29,2020-10-29,1,moderate,-2.3981982211539843,0,1,weather_unavailable_or_unusual
AOI-0061,suppression,2021-06-10,2021-06-10,1,moderate,-1.403560557077995,1,0,weather_unavailable_or_unusual
AOI-0061,critical,2021-06-14,2021-06-14,1,critical,-4.910872182599296,1,0,weather_unavailable_or_unusual
AOI-0061,suppression,2021-06-19,2021-06-19,1,moderate,-1.9207669766550604,1,0,weather_unavailable_or_unusual
AOI-0061,suppression,2021-06-24,2021-06-24,1,moderate,-1.0979743723364968,1,0,weather_unavailable_or_unusual
AOI-0061,suppression,2021-06-26,2021-06-26,1,moderate,-1.1252767326209463,1,0,weather_unavailable_or_unusual
AOI-0061,suppression,2021-07-01,2021-07-01,1,moderate,-1.1229261550390763,1,0,weather_unavailable_or_unusual
AOI-0061,suppression,2021-07-06,2021-07-06,1,moderate,-1.6806219772942408,1,0,weather_unavailable_or_unusual
AOI-0061,suppression,2021-07-09,2021-07-09,1,moderate,-1.4831020853909893,1,0,weather_unavailable_or_unusual
AOI-0061,suppression,2021-07-11,2021-07-12,2,moderate,-1.3022384842618457,2,0,weather_unavailable_or_unusual
AOI-0061,suppression,2021-07-14,2021-07-14,1,moderate,-1.3827790008186622,1,0,weather_unavailable_or_unusual
AOI-0061,suppression,2021-07-16,2021-07-16,1,moderate,-1.4463700275532012,1,0,weather_unavailable_or_unusual
AOI-0061,suppression,2021-07-19,2021-07-19,1,moderate,-1.589756520890257,1,0,weather_unavailable_or_unusual
AOI-0061,suppression,2021-07-21,2021-07-21,1,moderate,-1.5324902724439065,0,1,weather_unavailable_or_unusual
AOI-0061,suppression,2021-07-24,2021-07-24,1,moderate,-1.5045775236530952,0,1,weather_unavailable_or_unusual
AOI-0061,suppression,2021-07-26,2021-07-26,1,moderate,-1.380255108001968,1,0,weather_unavailable_or_unusual
AOI-0061,suppression,2021-07-28,2021-07-29,2,moderate,-1.1932132788269683,2,0,weather_unavailable_or_unusual
AOI-0061,suppression,2021-07-31,2021-07-31,1,moderate,-1.1309797291309498,1,0,weather_unavailable_or_unusual
AOI-0061,critical,2021-09-04,2021-09-04,1,high,-2.9305310255796226,1,0,weather_unavailable_or_unusual
AOI-0061,suppression,2021-10-29,2021-10-29,1,moderate,-1.9273688145474892,0,1,weather_unavailable_or_unusual
AOI-0061,suppression,2022-04-07,2022-04-07,1,moderate,-1.651387755627879,1,0,weather_unavailable_or_unusual
AOI-0061,suppression,2022-04-09,2022-04-10,2,moderate,-1.1853483767758877,1,1,weather_unavailable_or_unusual
AOI-0061,suppression,2022-04-17,2022-04-17,1,moderate,-1.0970963341351248,1,0,weather_unavailable_or_unusual
AOI-0061,suppression,2022-05-10,2022-05-10,1,moderate,-1.3103809728137716,1,0,weather_unavailable_or_unusual
AOI-0061,suppression,2022-05-12,2022-05-12,1,moderate,-1.39392253750014,1,0,weather_unavailable_or_unusual
AOI-0061,suppression,2022-05-15,2022-05-15,1,moderate,-1.497040983741329,1,0,weather_unavailable_or_unusual
AOI-0061,suppression,2022-05-22,2022-05-22,1,moderate,-1.6075740386018398,0,1,weather_unavailable_or_unusual
AOI-0061,suppression,2022-05-27,2022-05-27,1,moderate,-1.674364958593125,0,1,weather_unavailable_or_unusual
AOI-0061,suppression,2022-05-30,2022-05-30,1,moderate,-1.164796154646092,1,0,weather_unavailable_or_unusual
AOI-0061,suppression,2022-08-15,2022-08-15,1,moderate,-1.850602944035503,1,0,weather_unavailable_or_unusual
AOI-0061,suppression,2022-09-29,2022-09-29,1,moderate,-1.3324430931087898,1,0,weather_unavailable_or_unusual
AOI-0061,suppression,2022-10-12,2022-10-12,1,moderate,-1.4077754151145028,1,0,weather_unavailable_or_unusual
AOI-0061,suppression,2022-10-22,2022-10-22,1,moderate,-1.9692119001366177,1,0,weather_unavailable_or_unusual
AOI-0061,suppression,2023-08-18,2023-08-18,1,moderate,-1.001250504784152,1,0,weather_unavailable_or_unusual
AOI-0061,suppression,2023-08-20,2023-08-20,1,moderate,-1.0191587489559306,1,0,weather_unavailable_or_unusual
AOI-0061,suppression,2023-08-23,2023-08-23,1,moderate,-1.0774397670206823,1,0,weather_unavailable_or_unusual
AOI-0061,suppression,2023-08-25,2023-08-25,1,moderate,-1.1173617698502523,1,0,weather_unavailable_or_unusual
AOI-0061,suppression,2023-08-28,2023-08-28,1,moderate,-1.0289527662629074,1,0,weather_unavailable_or_unusual
AOI-0061,suppression,2023-10-02,2023-10-02,1,moderate,-1.8682229972617557,1,0,weather_unavailable_or_unusual
AOI-0061,suppression,2023-10-04,2023-10-04,1,moderate,-1.3136047451171513,1,0,weather_unavailable_or_unusual
AOI-0061,suppression,2023-10-11,2023-10-11,1,moderate,-1.2844155294868558,1,0,weather_unavailable_or_unusual
AOI-0061,suppression,2023-10-14,2023-10-14,1,moderate,-1.2216173043782337,0,1,weather_unavailable_or_unusual
AOI-0061,suppression,2023-10-16,2023-10-16,1,moderate,-1.5819905838215667,1,0,weather_unavailable_or_unusual
AOI-0061,suppression,2023-10-21,2023-10-22,2,moderate,-1.4981049267890434,2,0,weather_unavailable_or_unusual
AOI-0061,suppression,2024-05-19,2024-05-19,1,moderate,-1.1583624941137876,1,0,weather_unavailable_or_unusual
AOI-0061,suppression,2024-05-21,2024-05-21,1,moderate,-1.0281440622903784,1,0,weather_unavailable_or_unusual
AOI-0061,suppression,2024-05-24,2024-05-24,1,moderate,-1.0981549347921287,1,0,weather_unavailable_or_unusual
AOI-0061,suppression,2024-06-03,2024-06-03,1,moderate,-1.101876820957398,1,0,weather_unavailable_or_unusual
AOI-0061,suppression,2024-06-05,2024-06-05,1,moderate,-1.011129926062881,1,0,weather_unavailable_or_unusual
AOI-0061,suppression,2024-06-08,2024-06-08,1,moderate,-1.2993870197136497,1,0,weather_unavailable_or_unusual
AOI-0061,suppression,2024-06-13,2024-06-13,1,moderate,-1.823940017313329,1,0,weather_unavailable_or_unusual
AOI-0061,critical,2024-06-18,2024-06-18,1,high,-3.211367071953539,1,0,weather_unavailable_or_unusual
AOI-0061,suppression,2024-06-20,2024-06-20,1,moderate,-1.4526437249313542,0,1,weather_unavailable_or_unusual
AOI-0061,suppression,2024-06-30,2024-06-30,1,moderate,-1.26383158095135,1,0,weather_unavailable_or_unusual
AOI-0061,suppression,2024-10-23,2024-10-23,1,moderate,-1.2549707581078697,1,0,weather_unavailable_or_unusual
AOI-0061,critical,2024-10-26,2024-10-26,1,critical,-3.5273970128724113,1,0,weather_unavailable_or_unusual
AOI-0061,suppression,2025-07-30,2025-07-30,1,moderate,-1.0997052409572103,1,0,weather_unavailable_or_unusual
AOI-0061,suppression,2025-08-02,2025-08-02,1,moderate,-1.1423000272256698,1,0,weather_unavailable_or_unusual
AOI-0061,suppression,2025-08-04,2025-08-04,1,moderate,-1.2339726384490952,1,0,weather_unavailable_or_unusual
AOI-0061,suppression,2025-08-07,2025-08-07,1,moderate,-1.0591476944456693,1,0,weather_unavailable_or_unusual
AOI-0061,suppression,2025-08-17,2025-08-17,1,moderate,-1.1017419837630806,1,0,weather_unavailable_or_unusual
AOI-0061,suppression,2025-08-19,2025-08-19,1,moderate,-1.099265246670641,1,0,weather_unavailable_or_unusual
AOI-0062,critical,2011-06-22,2011-06-22,1,high,-2.957428217482557,1,0,weather_unavailable_or_unusual
AOI-0062,suppression,2011-09-18,2011-09-18,1,moderate,-1.2429225562311685,1,0,weather_unavailable_or_unusual
AOI-0062,suppression,2011-09-26,2011-09-26,1,moderate,-1.2076044849266174,1,0,weather_unavailable_or_unusual
AOI-0062,suppression,2012-04-06,2012-04-06,1,moderate,-1.5345376059800384,1,0,weather_unavailable_or_unusual
AOI-0062,critical,2012-04-13,2012-04-13,1,moderate,-2.0123862174957012,1,0,weather_unavailable_or_unusual
AOI-0062,suppression,2012-06-25,2012-06-25,1,moderate,-1.4551085427532295,1,0,weather_unavailable_or_unusual
AOI-0062,suppression,2012-09-20,2012-09-20,1,moderate,-1.0691565497064062,1,0,weather_unavailable_or_unusual
AOI-0062,critical,2013-04-07,2013-04-07,1,critical,-7.054564310983808,1,0,weather_unavailable_or_unusual
AOI-0062,critical,2013-04-16,2013-04-16,1,critical,-8.727646273661325,1,0,weather_unavailable_or_unusual
AOI-0062,critical,2013-04-23,2013-04-24,2,critical,-8.388669572752764,1,1,weather_unavailable_or_unusual
AOI-0062,critical,2013-05-02,2013-05-02,1,critical,-15.15462280806868,1,0,weather_unavailable_or_unusual
AOI-0062,critical,2013-05-09,2013-05-09,1,critical,-9.064367098019446,1,0,weather_unavailable_or_unusual
AOI-0062,critical,2013-05-25,2013-05-25,1,critical,-4.268735813393066,1,0,weather_unavailable_or_unusual
AOI-0062,suppression,2013-06-10,2013-06-11,2,moderate,-1.6618271329914323,2,0,weather_unavailable_or_unusual
AOI-0062,critical,2013-10-09,2013-10-09,1,critical,-4.330139599028923,1,0,weather_unavailable_or_unusual
AOI-0062,suppression,2014-06-26,2014-06-26,1,moderate,-1.362490386385073,1,0,weather_unavailable_or_unusual
AOI-0062,suppression,2015-04-30,2015-04-30,1,moderate,-1.3252235469213987,1,0,weather_unavailable_or_unusual
AOI-0062,critical,2015-05-08,2015-05-08,1,moderate,-2.5948268548687423,1,0,weather_unavailable_or_unusual
AOI-0062,suppression,2015-05-09,2015-05-09,1,moderate,-1.0809461854204307,0,1,weather_unavailable_or_unusual
AOI-0062,suppression,2015-05-24,2015-05-25,2,moderate,-1.4461023487686662,2,0,weather_unavailable_or_unusual
AOI-0062,suppression,2015-09-29,2015-09-29,1,moderate,-1.125065884284523,1,0,weather_unavailable_or_unusual
AOI-0062,suppression,2016-06-19,2016-06-19,1,moderate,-1.0171966213175792,1,0,weather_unavailable_or_unusual
AOI-0062,suppression,2016-06-27,2016-06-27,1,moderate,-1.1567180063667113,1,0,weather_unavailable_or_unusual
AOI-0062,critical,2017-04-03,2017-04-03,1,critical,-4.678256285109799,1,0,weather_unavailable_or_unusual
AOI-0062,critical,2017-04-07,2017-04-07,1,high,-3.3226686092934106,0,1,weather_unavailable_or_unusual
AOI-0062,critical,2017-04-13,2017-04-13,1,critical,-5.443010542941526,1,0,weather_unavailable_or_unusual
AOI-0062,critical,2017-04-16,2017-04-16,1,critical,-5.404035441078155,1,0,weather_unavailable_or_unusual
AOI-0062,critical,2017-04-23,2017-04-23,1,critical,-4.165137963218536,1,0,weather_unavailable_or_unusual
AOI-0062,critical,2017-04-26,2017-04-28,3,critical,-4.698981953807723,3,0,weather_unavailable_or_unusual
AOI-0062,critical,2017-05-01,2017-05-01,1,critical,-4.67326201928515,1,0,weather_unavailable_or_unusual
AOI-0062,critical,2017-05-05,2017-05-05,1,critical,-6.78687856581279,1,0,weather_unavailable_or_unusual
AOI-0062,critical,2017-05-09,2017-05-09,1,critical,-4.11572231442414,1,0,weather_unavailable_or_unusual
AOI-0062,suppression,2017-05-25,2017-05-25,1,moderate,-1.3603134863209903,1,0,weather_unavailable_or_unusual
AOI-0062,critical,2017-05-26,2017-05-26,1,moderate,-2.10528923470651,1,0,weather_unavailable_or_unusual
AOI-0062,suppression,2017-05-29,2017-05-29,1,moderate,-1.79447223848849,1,0,weather_unavailable_or_unusual
AOI-0062,suppression,2017-09-18,2017-09-18,1,moderate,-1.0273850572052492,1,0,weather_unavailable_or_unusual
AOI-0062,suppression,2017-10-04,2017-10-04,1,moderate,-1.0775723460094606,1,0,weather_unavailable_or_unusual
AOI-0062,suppression,2017-10-08,2017-10-08,1,moderate,-1.1021392084683157,1,0,weather_unavailable_or_unusual
AOI-0062,suppression,2018-06-20,2018-06-20,1,moderate,-1.7967840292309034,1,0,weather_unavailable_or_unusual
AOI-0062,suppression,2018-06-25,2018-06-25,1,moderate,-1.352247683837197,0,1,weather_unavailable_or_unusual
AOI-0062,suppression,2018-07-02,2018-07-02,1,moderate,-1.0360802108282177,1,0,weather_unavailable_or_unusual
AOI-0062,suppression,2018-09-05,2018-09-05,1,moderate,-1.1456737111512407,1,0,weather_unavailable_or_unusual
AOI-0062,critical,2019-04-06,2019-04-09,4,critical,-3.744406963025706,3,1,weather_unavailable_or_unusual
AOI-0062,critical,2019-04-11,2019-04-11,1,high,-3.1751697188882604,0,1,weather_unavailable_or_unusual
AOI-0062,critical,2019-04-21,2019-04-21,1,high,-3.138794090786757,1,0,weather_unavailable_or_unusual
AOI-0062,critical,2019-04-23,2019-04-23,1,high,-2.9666554391805517,1,0,weather_unavailable_or_unusual
AOI-0062,critical,2019-04-25,2019-04-26,2,high,-2.6591316321986467,2,0,weather_unavailable_or_unusual
AOI-0062,critical,2019-04-28,2019-04-28,1,moderate,-2.462132053851324,1,0,weather_unavailable_or_unusual
AOI-0062,critical,2019-05-01,2019-05-01,1,moderate,-2.6236400549614607,1,0,weather_unavailable_or_unusual
AOI-0062,critical,2019-05-06,2019-05-06,1,critical,-6.666454863847514,1,0,weather_unavailable_or_unusual
AOI-0062,critical,2019-05-08,2019-05-08,1,critical,-6.4717829489039005,1,0,weather_unavailable_or_unusual
AOI-0062,suppression,2019-05-09,2019-05-09,1,moderate,-1.9879334836057783,1,0,weather_unavailable_or_unusual
AOI-0062,critical,2019-05-13,2019-05-13,1,critical,-4.865843191123905,1,0,weather_unavailable_or_unusual
AOI-0062,critical,2019-05-16,2019-05-16,1,critical,-5.0020156984707755,1,0,weather_unavailable_or_unusual
AOI-0062,critical,2019-05-21,2019-05-21,1,critical,-5.581051472735765,1,0,weather_unavailable_or_unusual
AOI-0062,critical,2019-05-23,2019-05-23,1,critical,-4.454880370206435,1,0,weather_unavailable_or_unusual
AOI-0062,suppression,2019-05-25,2019-05-25,1,moderate,-1.7847085340642932,1,0,weather_unavailable_or_unusual
AOI-0062,critical,2019-05-26,2019-05-28,3,high,-3.1656753041855636,3,0,weather_unavailable_or_unusual
AOI-0062,critical,2019-05-31,2019-05-31,1,critical,-3.503759252797213,1,0,weather_unavailable_or_unusual
AOI-0062,critical,2019-06-02,2019-06-02,1,high,-2.8524129986201254,1,0,weather_unavailable_or_unusual
AOI-0062,suppression,2019-06-04,2019-06-04,1,moderate,-1.549805752438271,1,0,weather_unavailable_or_unusual
AOI-0062,suppression,2019-06-07,2019-06-07,1,moderate,-1.0836504080424676,1,0,weather_unavailable_or_unusual
AOI-0062,suppression,2019-09-18,2019-09-18,1,moderate,-1.0971105231857643,1,0,weather_unavailable_or_unusual
AOI-0062,suppression,2019-09-23,2019-09-23,1,moderate,-1.5785766352718795,0,1,weather_unavailable_or_unusual
AOI-0062,suppression,2019-09-30,2019-09-30,1,moderate,-1.6490153125180371,1,0,weather_unavailable_or_unusual
AOI-0062,suppression,2020-06-16,2020-06-16,1,moderate,-1.5012001576587715,0,1,weather_unavailable_or_unusual
AOI-0062,suppression,2020-06-25,2020-06-26,2,moderate,-1.1971213063649009,2,0,weather_unavailable_or_unusual
AOI-0062,suppression,2020-07-06,2020-07-06,1,moderate,-1.1565335607763167,1,0,weather_unavailable_or_unusual
AOI-0062,suppression,2020-07-19,2020-07-19,1,moderate,-1.3905222186417867,1,0,weather_unavailable_or_unusual
AOI-0062,suppression,2020-08-03,2020-08-03,1,moderate,-1.0222222125506808,1,0,weather_unavailable_or_unusual
AOI-0062,suppression,2020-08-15,2020-08-15,1,moderate,-1.176561083063824,1,0,weather_unavailable_or_unusual
AOI-0062,suppression,2020-08-20,2020-08-20,1,moderate,-1.0358386252063878,0,1,weather_unavailable_or_unusual
AOI-0062,suppression,2020-08-23,2020-08-23,1,moderate,-1.0327898762857826,0,1,weather_unavailable_or_unusual
AOI-0062,suppression,2020-08-25,2020-08-25,1,moderate,-1.031049878099234,0,1,weather_unavailable_or_unusual
AOI-0062,suppression,2020-08-30,2020-08-30,1,moderate,-1.3617995838413952,1,0,weather_unavailable_or_unusual
AOI-0062,suppression,2020-09-02,2020-09-02,1,moderate,-1.2652204548386061,1,0,weather_unavailable_or_unusual
AOI-0062,suppression,2020-09-04,2020-09-04,1,moderate,-1.3086027633221944,1,0,weather_unavailable_or_unusual
AOI-0062,suppression,2020-09-07,2020-09-07,1,moderate,-1.398629705616401,0,1,weather_unavailable_or_unusual
AOI-0062,suppression,2020-09-12,2020-09-12,1,moderate,-1.2725618955809874,1,0,weather_unavailable_or_unusual
AOI-0062,suppression,2020-09-14,2020-09-14,1,moderate,-1.1975108540527284,1,0,weather_unavailable_or_unusual
AOI-0062,suppression,2020-09-17,2020-09-17,1,moderate,-1.0409732734582038,1,0,weather_unavailable_or_unusual
AOI-0062,suppression,2020-09-19,2020-09-19,1,moderate,-1.271815071457541,1,0,weather_unavailable_or_unusual
AOI-0062,suppression,2020-09-22,2020-09-22,1,moderate,-1.0810813403031971,1,0,weather_unavailable_or_unusual
AOI-0062,suppression,2020-09-24,2020-09-24,1,moderate,-1.244306164854573,1,0,weather_unavailable_or_unusual
AOI-0062,suppression,2020-09-26,2020-09-27,2,moderate,-1.4977853497257243,2,0,weather_unavailable_or_unusual
AOI-0062,suppression,2020-10-12,2020-10-12,1,moderate,-1.4118337659669469,1,0,weather_unavailable_or_unusual
AOI-0062,suppression,2020-10-17,2020-10-17,1,moderate,-1.8127411777221771,1,0,weather_unavailable_or_unusual
AOI-0062,suppression,2020-10-27,2020-10-29,3,moderate,-1.6021390428697828,3,0,weather_unavailable_or_unusual
AOI-0062,critical,2021-04-02,2021-04-02,1,critical,-6.508748166471114,1,0,weather_unavailable_or_unusual
AOI-0062,critical,2021-04-06,2021-04-07,2,critical,-5.447939689457765,2,0,weather_unavailable_or_unusual
AOI-0062,critical,2021-04-15,2021-04-15,1,moderate,-2.6091203678533086,1,0,weather_unavailable_or_unusual
AOI-0062,critical,2021-04-20,2021-04-20,1,moderate,-2.2547629028088148,1,0,weather_unavailable_or_unusual
AOI-0062,critical,2021-04-22,2021-04-22,1,moderate,-2.2432654083691785,1,0,weather_unavailable_or_unusual
AOI-0062,suppression,2021-04-23,2021-04-23,1,moderate,-1.0801404720912546,0,1,weather_unavailable_or_unusual
AOI-0062,suppression,2021-04-30,2021-04-30,1,moderate,-1.4460932390683168,1,0,weather_unavailable_or_unusual
AOI-0062,suppression,2021-05-02,2021-05-02,1,moderate,-1.675479237291321,1,0,weather_unavailable_or_unusual
AOI-0062,suppression,2021-05-05,2021-05-05,1,moderate,-1.6673395637319623,0,1,weather_unavailable_or_unusual
AOI-0062,critical,2021-05-07,2021-05-07,1,moderate,-2.1719073403363183,1,0,weather_unavailable_or_unusual
AOI-0062,suppression,2021-05-08,2021-05-08,1,moderate,-1.6210827284704554,0,1,weather_unavailable_or_unusual
AOI-0062,critical,2021-05-12,2021-05-12,1,moderate,-2.041038527660563,0,1,weather_unavailable_or_unusual
AOI-0062,critical,2021-05-15,2021-05-15,1,moderate,-2.065995594120333,1,0,weather_unavailable_or_unusual
AOI-0062,suppression,2021-05-16,2021-05-16,1,moderate,-1.7667850846767958,1,0,weather_unavailable_or_unusual
AOI-0062,suppression,2021-05-20,2021-05-20,1,moderate,-1.9089750896939552,1,0,weather_unavailable_or_unusual
AOI-0062,suppression,2021-05-25,2021-05-25,1,moderate,-1.83972362139931,1,0,weather_unavailable_or_unusual
AOI-0062,critical,2021-05-27,2021-05-27,1,moderate,-2.453238107608337,1,0,weather_unavailable_or_unusual
AOI-0062,critical,2021-05-30,2021-05-30,1,high,-2.923481384124308,1,0,weather_unavailable_or_unusual
AOI-0062,critical,2021-06-06,2021-06-06,1,moderate,-2.515254935394034,0,1,weather_unavailable_or_unusual
AOI-0062,critical,2021-06-09,2021-06-09,1,moderate,-2.083131309450817,1,0,weather_unavailable_or_unusual
AOI-0062,suppression,2021-06-11,2021-06-11,1,moderate,-1.6678162500776543,1,0,weather_unavailable_or_unusual
AOI-0062,suppression,2021-06-14,2021-06-14,1,moderate,-1.5529212876553218,1,0,weather_unavailable_or_unusual
AOI-0062,critical,2021-06-16,2021-06-16,1,moderate,-2.1901086521665696,1,0,weather_unavailable_or_unusual
AOI-0062,suppression,2021-06-19,2021-06-19,1,moderate,-1.3932347995089067,1,0,weather_unavailable_or_unusual
AOI-0062,critical,2021-09-04,2021-09-04,1,moderate,-2.254757797390524,1,0,weather_unavailable_or_unusual
AOI-0062,suppression,2022-08-28,2022-08-28,1,moderate,-1.0978625320847086,1,0,weather_unavailable_or_unusual
AOI-0062,suppression,2022-08-30,2022-08-30,1,moderate,-1.0430541120468708,1,0,weather_unavailable_or_unusual
AOI-0062,suppression,2022-09-02,2022-09-02,1,moderate,-1.1555283184669098,1,0,weather_unavailable_or_unusual
AOI-0062,suppression,2022-09-29,2022-09-29,1,moderate,-1.1372356356646196,1,0,weather_unavailable_or_unusual
AOI-0062,critical,2022-10-12,2022-10-12,1,moderate,-2.293322337903473,1,0,weather_unavailable_or_unusual
AOI-0062,critical,2022-10-22,2022-10-22,1,high,-3.015715135090002,1,0,weather_unavailable_or_unusual
AOI-0062,critical,2023-04-02,2023-04-02,1,critical,-4.01528462625579,1,0,weather_unavailable_or_unusual
AOI-0062,critical,2023-04-04,2023-04-04,1,critical,-4.55146804162978,1,0,weather_unavailable_or_unusual
AOI-0062,critical,2023-04-07,2023-04-07,1,moderate,-2.355652591805949,1,0,weather_unavailable_or_unusual
AOI-0062,suppression,2023-04-17,2023-04-17,1,moderate,-1.885858581892874,1,0,weather_unavailable_or_unusual
AOI-0062,suppression,2023-04-23,2023-04-23,1,moderate,-1.1007510378805,1,0,weather_unavailable_or_unusual
AOI-0062,suppression,2023-04-25,2023-04-25,1,moderate,-1.9970938921379586,1,0,weather_unavailable_or_unusual
AOI-0062,suppression,2023-04-27,2023-04-27,1,moderate,-1.4222791332732452,1,0,weather_unavailable_or_unusual
AOI-0062,suppression,2023-05-05,2023-05-06,2,moderate,-1.2556324127113783,2,0,weather_unavailable_or_unusual
AOI-0062,suppression,2023-05-12,2023-05-12,1,moderate,-1.4051469214324248,1,0,weather_unavailable_or_unusual
AOI-0062,suppression,2023-05-15,2023-05-15,1,moderate,-1.460981234661062,1,0,weather_unavailable_or_unusual
AOI-0062,suppression,2023-05-17,2023-05-17,1,moderate,-1.3936716005678063,0,1,weather_unavailable_or_unusual
AOI-0062,suppression,2023-08-13,2023-08-13,1,moderate,-1.2922030137791007,1,0,weather_unavailable_or_unusual
AOI-0062,suppression,2023-08-28,2023-08-28,1,moderate,-1.0188661402319086,1,0,weather_unavailable_or_unusual
AOI-0062,suppression,2023-10-22,2023-10-22,1,moderate,-1.6356887252037264,1,0,weather_unavailable_or_unusual
AOI-0062,suppression,2024-06-09,2024-06-09,1,moderate,-1.1975429673741673,1,0,weather_unavailable_or_unusual
AOI-0062,suppression,2024-06-13,2024-06-13,1,moderate,-1.2127536337932723,1,0,weather_unavailable_or_unusual
AOI-0062,suppression,2024-06-17,2024-06-17,1,moderate,-1.5847689971875927,1,0,weather_unavailable_or_unusual
AOI-0062,critical,2024-06-18,2024-06-18,1,moderate,-2.2381981576987733,1,0,weather_unavailable_or_unusual
AOI-0062,critical,2024-06-20,2024-06-20,1,moderate,-2.1747763832416394,1,0,weather_unavailable_or_unusual
AOI-0062,suppression,2024-06-23,2024-06-23,1,moderate,-1.8068296149281033,0,1,weather_unavailable_or_unusual
AOI-0062,suppression,2024-06-25,2024-06-25,1,moderate,-1.572234337530863,1,0,weather_unavailable_or_unusual
AOI-0062,suppression,2024-06-28,2024-06-28,1,moderate,-1.159956962253001,1,0,weather_unavailable_or_unusual
AOI-0062,suppression,2024-07-05,2024-07-05,1,moderate,-1.0245077392652442,1,0,weather_unavailable_or_unusual
AOI-0062,suppression,2024-08-29,2024-08-29,1,moderate,-1.0609767849868739,1,0,weather_unavailable_or_unusual
AOI-0062,suppression,2024-09-03,2024-09-03,1,moderate,-1.0663044847796166,1,0,weather_unavailable_or_unusual
AOI-0062,critical,2024-09-26,2024-09-26,1,moderate,-2.280131507262248,1,0,weather_unavailable_or_unusual
AOI-0062,suppression,2024-10-03,2024-10-03,1,moderate,-1.1461353984278222,1,0,weather_unavailable_or_unusual
AOI-0062,suppression,2024-10-08,2024-10-08,1,moderate,-1.4734080658492317,1,0,weather_unavailable_or_unusual
AOI-0062,suppression,2024-10-26,2024-10-26,1,moderate,-1.5101353183221293,0,1,weather_unavailable_or_unusual
AOI-0062,critical,2025-04-01,2025-04-01,1,moderate,-2.6534244610081403,0,1,weather_unavailable_or_unusual
AOI-0062,suppression,2025-04-07,2025-04-07,1,moderate,-1.1410644011652165,0,1,weather_unavailable_or_unusual
AOI-0062,critical,2025-04-11,2025-04-11,1,moderate,-2.234391099833279,0,1,weather_unavailable_or_unusual
AOI-0062,suppression,2025-04-14,2025-04-14,1,moderate,-1.6707053123381161,1,0,weather_unavailable_or_unusual
AOI-0062,suppression,2025-04-16,2025-04-19,4,moderate,-1.60725155876604,4,0,weather_unavailable_or_unusual
AOI-0062,suppression,2025-04-24,2025-04-24,1,moderate,-1.3632917129187125,0,1,weather_unavailable_or_unusual
AOI-0062,suppression,2025-04-29,2025-04-29,1,moderate,-1.0566961220225675,0,1,weather_unavailable_or_unusual
AOI-0062,suppression,2025-05-06,2025-05-06,1,moderate,-1.2386294407962823,1,0,weather_unavailable_or_unusual
AOI-0062,suppression,2025-05-14,2025-05-14,1,moderate,-1.574453041270419,1,0,weather_unavailable_or_unusual
AOI-0062,suppression,2025-05-16,2025-05-16,1,moderate,-1.7475645166247005,1,0,weather_unavailable_or_unusual
AOI-0062,suppression,2025-05-19,2025-05-19,1,moderate,-1.5843374054734434,1,0,weather_unavailable_or_unusual
AOI-0062,critical,2025-05-24,2025-05-24,1,high,-3.0006728534666998,1,0,weather_unavailable_or_unusual
AOI-0062,critical,2025-05-28,2025-05-28,1,moderate,-2.658000396071222,0,1,weather_unavailable_or_unusual
AOI-0062,suppression,2025-06-03,2025-06-03,1,moderate,-1.0044109070213108,1,0,weather_unavailable_or_unusual
AOI-0062,critical,2025-09-03,2025-09-03,1,critical,-4.217063672513965,1,0,weather_unavailable_or_unusual
AOI-0063,suppression,2025-05-06,2025-05-06,1,moderate,-1.1473054380576229,0,1,weather_unavailable_or_unusual
AOI-0063,suppression,2025-05-14,2025-05-14,1,moderate,-1.3566460068653539,1,0,dry_context
AOI-0063,suppression,2025-05-24,2025-05-24,1,moderate,-1.3955894276924032,1,0,dry_context
AOI-0063,suppression,2025-05-28,2025-05-28,1,moderate,-1.2664390445432558,1,0,weather_unavailable_or_unusual
AOI-0064,suppression,2025-06-17,2025-06-17,1,moderate,-1.8227762646650791,1,0,weather_unavailable_or_unusual
AOI-0064,suppression,2025-07-15,2025-07-15,1,moderate,-1.0255897371757572,1,0,dry_context
AOI-0064,suppression,2025-07-25,2025-07-25,1,moderate,-1.1221275077085742,1,0,dry_context
AOI-0064,suppression,2025-08-04,2025-08-04,1,moderate,-1.1736845278312,1,0,weather_unavailable_or_unusual
AOI-0064,suppression,2025-08-07,2025-08-07,1,moderate,-1.4362183819838263,1,0,dry_context
AOI-0064,suppression,2025-08-14,2025-08-14,1,moderate,-1.1164877503921518,1,0,dry_context
AOI-0064,suppression,2025-09-21,2025-09-21,1,moderate,-1.1253798983988084,1,0,dry_context
AOI-0065,suppression,2025-09-21,2025-09-21,1,moderate,-1.721420129838378,1,0,dry_context
AOI-0066,suppression,2025-04-28,2025-04-29,2,moderate,-1.0174366807202644,2,0,dry_context
AOI-0066,suppression,2025-05-06,2025-05-06,1,moderate,-1.220871471529811,1,0,dry_context
AOI-0066,suppression,2025-05-14,2025-05-14,1,moderate,-1.3243395158408164,1,0,dry_context
AOI-0066,suppression,2025-05-16,2025-05-16,1,moderate,-1.101885119704964,1,0,dry_context
AOI-0066,suppression,2025-05-24,2025-05-24,1,moderate,-1.5311233025478588,1,0,dry_context
AOI-0066,suppression,2025-05-28,2025-05-28,1,moderate,-1.70761612706228,1,0,dry_context
AOI-0066,suppression,2025-09-21,2025-09-21,1,moderate,-1.1602318229839432,1,0,dry_context
AOI-0067,critical,2011-05-14,2011-05-14,1,high,-3.40685221686587,0,1,weather_unavailable_or_unusual
AOI-0067,suppression,2012-06-25,2012-06-25,1,moderate,-1.1110941144209132,1,0,dry_context
AOI-0067,suppression,2012-07-02,2012-07-02,1,moderate,-1.0080764120227053,1,0,dry_context
AOI-0067,critical,2012-07-18,2012-07-18,1,high,-3.1221032445046983,1,0,dry_context
AOI-0067,critical,2012-07-27,2012-07-27,1,critical,-5.355255001178456,0,1,weather_unavailable_or_unusual
AOI-0067,critical,2012-08-03,2012-08-03,1,critical,-4.985627162106687,1,0,dry_context
AOI-0067,suppression,2012-08-12,2012-08-12,1,moderate,-1.3729099515859453,1,0,dry_context
AOI-0067,suppression,2012-09-13,2012-09-13,1,moderate,-1.7057608270689408,1,0,dry_context
AOI-0067,critical,2012-09-20,2012-09-20,1,moderate,-2.6474246315910612,1,0,dry_context
AOI-0067,critical,2012-09-29,2012-09-29,1,high,-2.8553683963669556,0,1,weather_unavailable_or_unusual
AOI-0067,suppression,2012-10-15,2012-10-15,1,moderate,-1.9860944606155513,1,0,dry_context
AOI-0067,suppression,2012-10-22,2012-10-22,1,moderate,-1.1116152790369531,1,0,dry_context
AOI-0067,suppression,2013-07-28,2013-07-28,1,moderate,-1.7042221147808834,1,0,dry_context
AOI-0067,critical,2013-07-30,2013-07-30,1,moderate,-2.5200489406029525,0,1,weather_unavailable_or_unusual
AOI-0067,critical,2013-08-06,2013-08-06,1,moderate,-2.215501231635166,1,0,dry_context
AOI-0067,critical,2014-04-03,2014-04-03,1,moderate,-2.0944504338479613,1,0,dry_context
AOI-0067,suppression,2014-04-04,2014-04-04,1,moderate,-1.1550175631232034,1,0,weather_unavailable_or_unusual
AOI-0067,suppression,2014-05-21,2014-05-21,1,moderate,-1.0881619780239404,0,1,weather_unavailable_or_unusual
AOI-0067,suppression,2014-09-19,2014-09-19,1,moderate,-1.1255247749751265,1,0,dry_context
AOI-0067,suppression,2014-09-26,2014-09-26,1,moderate,-1.406160463958745,1,0,dry_context
AOI-0067,suppression,2014-09-30,2014-09-30,1,moderate,-1.9773594400436543,1,0,dry_context
AOI-0067,suppression,2015-04-06,2015-04-06,1,moderate,-1.9154895868211739,1,0,dry_context
AOI-0067,suppression,2015-04-14,2015-04-15,2,moderate,-1.0197398497798358,1,1,dry_context
AOI-0067,suppression,2016-04-08,2016-04-08,1,moderate,-1.181855937691428,1,0,dry_context
AOI-0067,suppression,2016-05-26,2016-05-26,1,moderate,-1.0025919702085015,1,0,weather_unavailable_or_unusual
AOI-0067,suppression,2016-06-27,2016-06-27,1,moderate,-1.035101945957498,1,0,dry_context
AOI-0067,suppression,2017-04-03,2017-04-03,1,moderate,-1.1566631383481356,1,0,dry_context
AOI-0067,suppression,2017-04-08,2017-04-08,1,moderate,-1.7113159450859345,1,0,dry_context
AOI-0067,suppression,2017-04-13,2017-04-13,1,moderate,-1.0968810632559227,1,0,dry_context
AOI-0067,suppression,2018-05-03,2018-05-03,1,moderate,-1.088362153846299,1,0,dry_context
AOI-0067,suppression,2018-06-01,2018-06-02,2,moderate,-1.1825693514697413,2,0,dry_context
AOI-0067,suppression,2018-06-07,2018-06-07,1,moderate,-1.3323718116037044,1,0,dry_context
AOI-0067,suppression,2018-06-10,2018-06-10,1,moderate,-1.0331575534139976,1,0,dry_context
AOI-0067,suppression,2018-06-12,2018-06-12,1,moderate,-1.2176701816333266,1,0,dry_context
AOI-0067,suppression,2018-06-17,2018-06-17,1,moderate,-1.1190435874004947,1,0,dry_context
AOI-0067,suppression,2018-07-02,2018-07-02,1,moderate,-1.1417758895179229,1,0,dry_context
AOI-0067,suppression,2018-07-12,2018-07-12,1,moderate,-1.0999230566721905,1,0,dry_and_hot_context
AOI-0067,suppression,2019-04-13,2019-04-13,1,moderate,-1.2229308763209348,1,0,dry_context
AOI-0067,suppression,2020-04-17,2020-04-17,1,moderate,-1.3455403741366212,1,0,dry_context
AOI-0067,suppression,2020-05-27,2020-05-27,1,moderate,-1.1558870635726866,1,0,dry_context
AOI-0067,suppression,2020-06-16,2020-06-16,1,moderate,-1.40099440239406,1,0,dry_context
AOI-0067,suppression,2020-10-24,2020-10-24,1,moderate,-1.1005180491493403,1,0,dry_context
AOI-0067,critical,2021-04-02,2021-04-02,1,moderate,-2.0596726818200612,1,0,dry_context
AOI-0067,critical,2021-04-17,2021-04-17,1,moderate,-2.2917700007860464,1,0,weather_unavailable_or_unusual
AOI-0067,suppression,2021-07-16,2021-07-16,1,moderate,-1.3119132422061413,1,0,dry_and_hot_context
AOI-0067,suppression,2021-10-14,2021-10-14,1,moderate,-1.3236874211049456,1,0,dry_context
AOI-0067,suppression,2023-08-13,2023-08-13,1,moderate,-1.873283352821763,1,0,dry_context
AOI-0067,suppression,2023-10-14,2023-10-14,1,moderate,-1.0365524352400823,1,0,dry_context
AOI-0067,suppression,2024-08-24,2024-08-24,1,moderate,-1.1299437355699444,1,0,dry_context
AOI-0067,suppression,2024-08-29,2024-08-29,1,moderate,-1.3431630156211722,0,1,weather_unavailable_or_unusual
AOI-0067,suppression,2024-09-05,2024-09-05,1,moderate,-1.0103981080949607,1,0,dry_context
AOI-0067,suppression,2024-09-08,2024-09-08,1,moderate,-1.4244230455848799,1,0,dry_context
AOI-0067,suppression,2024-09-13,2024-09-14,2,moderate,-1.2011198194166612,2,0,dry_context
AOI-0067,suppression,2024-09-18,2024-09-18,1,moderate,-1.4456776712595543,1,0,dry_context
AOI-0067,suppression,2024-09-23,2024-09-23,1,moderate,-1.2041529901294328,0,1,weather_unavailable_or_unusual
AOI-0067,suppression,2024-09-28,2024-09-30,3,moderate,-1.1757547154080312,3,0,dry_context
AOI-0067,suppression,2024-10-07,2024-10-07,1,moderate,-1.0736088262136754,1,0,dry_context
AOI-0067,suppression,2024-10-13,2024-10-13,1,moderate,-1.4551531627694905,1,0,dry_context
AOI-0067,suppression,2025-05-06,2025-05-06,1,moderate,-1.1347448155011388,1,0,dry_context
AOI-0067,suppression,2025-05-31,2025-05-31,1,moderate,-1.0246253230743478,1,0,weather_unavailable_or_unusual
AOI-0067,suppression,2025-06-05,2025-06-05,1,moderate,-1.0201969771561472,0,1,weather_unavailable_or_unusual
AOI-0067,suppression,2025-06-10,2025-06-10,1,moderate,-1.5186811043414952,1,0,dry_context
AOI-0068,suppression,2012-05-24,2012-05-24,1,moderate,-1.5277004130191914,1,0,weather_unavailable_or_unusual
AOI-0068,suppression,2012-08-12,2012-08-12,1,moderate,-1.1605545180598424,1,0,dry_context
AOI-0068,critical,2012-10-15,2012-10-15,1,critical,-7.470241421975003,1,0,dry_context
AOI-0068,critical,2012-10-22,2012-10-22,1,critical,-5.934988453155013,0,1,weather_unavailable_or_unusual
AOI-0068,suppression,2013-07-14,2013-07-14,1,moderate,-1.028080416254637,1,0,dry_context
AOI-0068,suppression,2014-07-01,2014-07-01,1,moderate,-1.6592465034541366,1,0,dry_context
AOI-0068,suppression,2014-07-17,2014-07-17,1,moderate,-1.1132259960715563,1,0,dry_and_hot_context
AOI-0068,suppression,2014-07-24,2014-07-24,1,moderate,-1.235313601291143,1,0,dry_context
AOI-0068,suppression,2014-08-02,2014-08-02,1,moderate,-1.0630445998931353,1,0,dry_context
AOI-0068,suppression,2014-08-09,2014-08-09,1,moderate,-1.016307168343608,1,0,dry_context
AOI-0068,suppression,2014-09-03,2014-09-03,1,moderate,-1.021556450514778,1,0,dry_context
AOI-0068,suppression,2014-09-19,2014-09-19,1,moderate,-1.4182579663850223,1,0,dry_context
AOI-0068,critical,2014-09-26,2014-09-26,1,moderate,-2.19200252940694,1,0,dry_context
AOI-0068,suppression,2014-09-27,2014-09-27,1,moderate,-1.4196496400806806,1,0,dry_context
AOI-0068,suppression,2014-09-30,2014-09-30,1,moderate,-1.3797643838797067,1,0,dry_context
AOI-0068,suppression,2014-10-04,2014-10-05,2,moderate,-1.122489978510667,1,1,dry_context
AOI-0068,suppression,2014-10-12,2014-10-12,1,moderate,-1.6956583615908964,1,0,dry_context
AOI-0068,suppression,2014-10-16,2014-10-16,1,moderate,-1.7318859339973283,0,1,weather_unavailable_or_unusual
AOI-0068,critical,2014-10-28,2014-10-29,2,critical,-6.405642932186915,1,1,dry_context
AOI-0068,suppression,2015-04-07,2015-04-07,1,moderate,-1.159323221541996,1,0,dry_context
AOI-0068,suppression,2015-05-16,2015-05-16,1,moderate,-1.287177595896398,1,0,weather_unavailable_or_unusual
AOI-0068,suppression,2016-05-10,2016-05-10,1,moderate,-1.2333924339269609,1,0,dry_context
AOI-0068,critical,2017-04-08,2017-04-08,1,moderate,-2.2623159218507496,1,0,dry_context
AOI-0068,suppression,2018-05-16,2018-05-16,1,moderate,-1.0167910091341177,1,0,dry_context
AOI-0068,suppression,2018-05-25,2018-05-25,1,moderate,-1.1209742713564168,1,0,dry_context
AOI-0068,suppression,2018-06-01,2018-06-02,2,moderate,-1.0962167683836248,2,0,dry_context
AOI-0068,suppression,2018-06-07,2018-06-07,1,moderate,-1.1316973679136055,0,1,weather_unavailable_or_unusual
AOI-0068,suppression,2018-06-10,2018-06-10,1,moderate,-1.2062095880872936,1,0,dry_context
AOI-0068,suppression,2018-06-26,2018-06-26,1,moderate,-1.1395560348410103,1,0,dry_and_hot_context
AOI-0068,suppression,2018-07-02,2018-07-02,1,moderate,-1.6536985544835894,1,0,dry_context
AOI-0068,suppression,2018-07-12,2018-07-12,1,moderate,-1.6523378265850321,1,0,dry_and_hot_context
AOI-0068,suppression,2018-09-14,2018-09-14,1,moderate,-1.3505733966215336,1,0,dry_context
AOI-0068,suppression,2018-09-21,2018-09-21,1,moderate,-1.3853549562573044,0,1,weather_unavailable_or_unusual
AOI-0068,suppression,2018-10-07,2018-10-07,1,moderate,-1.2653231289105016,1,0,dry_context
AOI-0068,suppression,2018-10-16,2018-10-16,1,moderate,-1.3638901925861853,1,0,dry_context
AOI-0068,suppression,2019-07-07,2019-07-07,1,moderate,-1.3528858363227094,1,0,dry_context
AOI-0068,suppression,2019-07-15,2019-07-15,1,moderate,-1.1959348041900666,1,0,dry_context
AOI-0068,critical,2019-07-17,2019-07-17,1,moderate,-2.7355919370311343,1,0,dry_context
AOI-0068,suppression,2019-07-22,2019-07-22,1,moderate,-1.2259630163946753,1,0,weather_unavailable_or_unusual
AOI-0068,suppression,2020-07-01,2020-07-01,1,moderate,-1.1632877724440307,1,0,dry_context
AOI-0068,critical,2020-07-16,2020-07-16,1,critical,-5.075094253967622,1,0,dry_context
AOI-0068,suppression,2020-07-24,2020-07-24,1,moderate,-1.3427373099120936,1,0,dry_context
AOI-0068,suppression,2020-07-31,2020-07-31,1,moderate,-1.2162310198196091,0,1,weather_unavailable_or_unusual
AOI-0068,suppression,2020-09-10,2020-09-10,1,moderate,-1.2841535211467798,1,0,dry_context
AOI-0068,suppression,2020-09-19,2020-09-19,1,moderate,-1.5796463410224164,1,0,dry_context
AOI-0068,critical,2020-09-24,2020-09-24,1,moderate,-2.017446483074576,1,0,dry_context
AOI-0068,suppression,2020-09-26,2020-09-27,2,moderate,-1.380935928819036,2,0,dry_context
AOI-0068,suppression,2020-09-29,2020-09-29,1,moderate,-1.697133525523197,1,0,dry_context
AOI-0068,suppression,2020-10-05,2020-10-05,1,moderate,-1.4111377233066587,0,1,weather_unavailable_or_unusual
AOI-0068,suppression,2020-10-09,2020-10-09,1,moderate,-1.4176639781839504,1,0,dry_context
AOI-0068,critical,2020-10-12,2020-10-12,1,moderate,-2.2948092304550802,1,0,dry_context
AOI-0068,suppression,2020-10-14,2020-10-14,1,moderate,-1.6114109316631127,1,0,dry_context
AOI-0068,suppression,2020-10-20,2020-10-21,2,moderate,-1.4417013469104862,1,1,dry_context
AOI-0068,critical,2020-10-24,2020-10-24,1,high,-3.27860851365426,1,0,dry_context
AOI-0068,suppression,2021-04-06,2021-04-06,1,moderate,-1.7431340500252914,1,0,weather_unavailable_or_unusual
AOI-0068,critical,2021-09-13,2021-09-13,1,moderate,-2.138881556886436,1,0,dry_context
AOI-0068,suppression,2022-07-31,2022-07-31,1,moderate,-1.1264464828222747,1,0,dry_context
AOI-0068,suppression,2024-05-01,2024-05-01,1,moderate,-1.089047934838513,0,1,weather_unavailable_or_unusual
AOI-0068,suppression,2024-05-06,2024-05-06,1,moderate,-1.373514712162913,1,0,dry_context
AOI-0068,suppression,2024-05-09,2024-05-09,1,moderate,-1.1120956587281612,0,1,weather_unavailable_or_unusual
AOI-0068,suppression,2024-05-11,2024-05-11,1,moderate,-1.3926089307878313,1,0,dry_context
AOI-0068,suppression,2024-05-17,2024-05-17,1,moderate,-1.3714126295558193,1,0,dry_context
AOI-0068,suppression,2024-05-21,2024-05-21,1,moderate,-1.622231497472458,1,0,dry_context
AOI-0068,suppression,2024-05-24,2024-05-26,3,moderate,-1.2048268857769218,3,0,dry_context
AOI-0068,suppression,2024-06-02,2024-06-02,1,moderate,-1.0960339257545881,1,0,dry_context
AOI-0068,suppression,2024-06-05,2024-06-05,1,moderate,-1.2574927856571407,1,0,dry_context
AOI-0068,suppression,2024-06-10,2024-06-10,1,moderate,-1.4333355992508057,1,0,dry_context
AOI-0068,suppression,2024-06-15,2024-06-15,1,moderate,-1.4406519629767836,0,1,weather_unavailable_or_unusual
AOI-0068,suppression,2024-06-20,2024-06-20,1,moderate,-1.2157053842205205,1,0,dry_context
AOI-0068,suppression,2024-06-25,2024-06-25,1,moderate,-1.4995145658058744,1,0,weather_unavailable_or_unusual
AOI-0068,suppression,2024-06-30,2024-06-30,1,moderate,-1.323654897528652,1,0,dry_context
AOI-0068,suppression,2024-07-05,2024-07-05,1,moderate,-1.6339661370222052,1,0,dry_and_hot_context
AOI-0068,suppression,2024-07-10,2024-07-10,1,moderate,-1.409407412077917,1,0,dry_context
AOI-0068,suppression,2024-07-15,2024-07-15,1,moderate,-1.265330489669305,1,0,dry_context
AOI-0068,suppression,2024-07-20,2024-07-20,1,moderate,-1.16754293317734,1,0,dry_context
AOI-0068,suppression,2024-07-30,2024-07-30,1,moderate,-1.250254956233296,1,0,weather_unavailable_or_unusual
AOI-0068,suppression,2024-08-09,2024-08-09,1,moderate,-1.04815574624738,0,1,weather_unavailable_or_unusual
AOI-0068,suppression,2024-08-29,2024-08-29,1,moderate,-1.1111267631162944,1,0,dry_context
AOI-0068,suppression,2024-09-28,2024-09-28,1,moderate,-1.001874951499372,1,0,dry_context
AOI-0068,suppression,2024-09-30,2024-09-30,1,moderate,-1.2119834565224414,1,0,dry_context
AOI-0068,critical,2024-10-13,2024-10-13,1,moderate,-2.1107016190492462,0,1,weather_unavailable_or_unusual
AOI-0068,suppression,2024-10-23,2024-10-24,2,moderate,-1.338223446425311,2,0,dry_context
AOI-0068,suppression,2025-10-13,2025-10-13,1,moderate,-1.4103634391417812,1,0,dry_context
AOI-0068,suppression,2025-10-15,2025-10-15,1,moderate,-1.2225827263394795,1,0,dry_context
AOI-0068,critical,2025-10-18,2025-10-18,1,moderate,-2.1688284078502393,1,0,weather_unavailable_or_unusual
AOI-0068,suppression,2025-10-23,2025-10-23,1,moderate,-1.0141080540960483,1,0,dry_context
AOI-0069,suppression,2025-07-27,2025-07-27,1,moderate,-1.4014234349105241,1,0,weather_unavailable_or_unusual
AOI-0069,suppression,2025-08-16,2025-08-16,1,moderate,-1.0269860543804097,1,0,dry_context
AOI-0069,suppression,2025-08-24,2025-08-24,1,moderate,-1.1734232713279202,1,0,dry_context
AOI-0069,suppression,2025-09-03,2025-09-03,1,moderate,-1.8293246937857832,1,0,dry_context
AOI-0069,suppression,2025-09-08,2025-09-08,1,moderate,-1.2674771802946556,1,0,dry_context
AOI-0069,suppression,2025-09-13,2025-09-13,1,moderate,-1.1598146389181285,1,0,dry_context
AOI-0069,suppression,2025-09-23,2025-09-23,1,moderate,-1.0581623861092742,1,0,dry_context
AOI-0070,suppression,2025-05-31,2025-05-31,1,moderate,-1.0671022307213305,1,0,weather_unavailable_or_unusual
AOI-0070,suppression,2025-06-05,2025-06-05,1,moderate,-1.100425820854817,1,0,dry_context
AOI-0070,suppression,2025-07-17,2025-07-17,1,moderate,-1.488767200986126,1,0,dry_context
AOI-0070,suppression,2025-08-14,2025-08-14,1,moderate,-1.0870640972321384,1,0,dry_context
AOI-0072,suppression,2025-09-03,2025-09-03,1,moderate,-1.0281578870383603,0,1,weather_unavailable_or_unusual
AOI-0072,suppression,2025-09-08,2025-09-08,1,moderate,-1.089876606629764,1,0,dry_context
AOI-0073,critical,2011-04-01,2011-04-01,1,critical,-3.6900598456969287,1,0,dry_context
AOI-0073,suppression,2011-04-23,2011-04-23,1,moderate,-1.4834631715239555,1,0,dry_context
AOI-0073,suppression,2011-04-25,2011-04-25,1,moderate,-1.6179111130894615,1,0,dry_context
AOI-0073,critical,2011-05-03,2011-05-03,1,critical,-4.6715849505012725,1,0,dry_context
AOI-0073,critical,2011-05-19,2011-05-19,1,moderate,-2.146110061509854,1,0,dry_context
AOI-0073,critical,2011-05-25,2011-05-25,1,moderate,-2.7304804931181206,1,0,dry_context
AOI-0073,critical,2011-05-27,2011-05-27,1,critical,-4.678008120920751,1,0,dry_context
AOI-0073,critical,2011-06-04,2011-06-04,1,critical,-7.618383858563426,1,0,dry_context
AOI-0073,critical,2011-06-10,2011-06-10,1,high,-2.963592560105288,1,0,weather_unavailable_or_unusual
AOI-0073,critical,2011-06-12,2011-06-12,1,critical,-7.059270767500629,1,0,dry_context
AOI-0073,critical,2011-06-20,2011-06-20,1,critical,-5.519445687500821,1,0,dry_context
AOI-0073,suppression,2011-07-06,2011-07-06,1,moderate,-1.3308236534915914,1,0,dry_context
AOI-0073,critical,2012-06-30,2012-06-30,1,moderate,-2.6439847081401635,1,0,dry_context
AOI-0073,suppression,2012-07-11,2012-07-11,1,moderate,-1.2363448592423245,1,0,dry_context
AOI-0073,suppression,2012-07-27,2012-07-27,1,moderate,-1.0625610436558368,1,0,dry_context
AOI-0073,suppression,2012-08-12,2012-08-12,1,moderate,-1.2510978061161946,1,0,weather_unavailable_or_unusual
AOI-0073,critical,2012-09-18,2012-09-18,1,high,-2.8927244872093785,1,0,dry_context
AOI-0073,critical,2012-10-04,2012-10-04,1,high,-2.826281932642847,1,0,dry_context
AOI-0073,suppression,2014-04-25,2014-04-25,1,moderate,-1.1297737815709135,1,0,dry_context
AOI-0073,suppression,2015-04-07,2015-04-07,1,moderate,-1.0423655585614853,1,0,weather_unavailable_or_unusual
AOI-0073,suppression,2015-04-12,2015-04-12,1,moderate,-1.1841365130689805,1,0,dry_context
AOI-0073,suppression,2015-04-28,2015-04-28,1,moderate,-1.928720033276118,1,0,dry_context
AOI-0073,suppression,2015-05-14,2015-05-14,1,moderate,-1.3589874952100123,1,0,weather_unavailable_or_unusual
AOI-0073,suppression,2015-08-29,2015-08-29,1,moderate,-1.1303287886455784,1,0,dry_context
AOI-0073,suppression,2015-09-11,2015-09-11,1,moderate,-1.4957367537247706,1,0,dry_context
AOI-0073,suppression,2015-09-19,2015-09-19,1,moderate,-1.056478115157479,1,0,dry_context
AOI-0073,suppression,2015-09-27,2015-09-27,1,moderate,-1.3088203085878662,1,0,dry_context
AOI-0073,suppression,2015-10-05,2015-10-05,1,moderate,-1.0581013880561148,0,1,weather_unavailable_or_unusual
AOI-0073,suppression,2016-07-11,2016-07-11,1,moderate,-1.4806492698188882,1,0,dry_context
AOI-0073,suppression,2016-07-27,2016-07-27,1,moderate,-1.5366125050970298,1,0,dry_context
AOI-0073,critical,2016-08-12,2016-08-12,1,high,-2.869435408411251,1,0,dry_context
AOI-0073,suppression,2017-04-29,2017-04-29,1,moderate,-1.7471576454223323,1,0,dry_context
AOI-0073,suppression,2017-05-03,2017-05-04,2,moderate,-1.449727291992846,2,0,dry_context
AOI-0073,suppression,2017-05-06,2017-05-06,1,moderate,-1.5513826018765589,1,0,dry_context
AOI-0073,suppression,2017-05-27,2017-05-27,1,moderate,-1.3709639826294313,1,0,weather_unavailable_or_unusual
AOI-0073,suppression,2017-06-04,2017-06-05,2,moderate,-1.2938546160084117,1,1,dry_context
AOI-0073,suppression,2018-04-11,2018-04-12,2,moderate,-1.4758403604210915,2,0,dry_context
AOI-0073,suppression,2018-04-16,2018-04-16,1,moderate,-1.0708829558053126,0,1,weather_unavailable_or_unusual
AOI-0073,suppression,2018-05-01,2018-05-01,1,moderate,-1.0073582220530506,1,0,dry_context
AOI-0073,suppression,2018-05-11,2018-05-11,1,moderate,-1.120225772127798,1,0,dry_context
AOI-0073,suppression,2018-05-26,2018-05-26,1,moderate,-1.4350890452680818,1,0,dry_context
AOI-0073,suppression,2018-05-30,2018-05-30,1,moderate,-1.0485771043367276,1,0,dry_context
AOI-0073,suppression,2018-06-18,2018-06-18,1,moderate,-1.7176535651511706,1,0,dry_context
AOI-0073,suppression,2018-06-23,2018-06-23,1,moderate,-1.7281127147085737,1,0,dry_context
AOI-0073,suppression,2018-06-28,2018-06-28,1,moderate,-1.102467879212084,1,0,weather_unavailable_or_unusual
AOI-0073,suppression,2019-04-06,2019-04-06,1,moderate,-1.274621732168921,1,0,dry_context
AOI-0073,suppression,2019-04-21,2019-04-21,1,moderate,-1.3949945749419497,1,0,dry_context
AOI-0073,suppression,2019-04-26,2019-04-26,1,moderate,-1.7852714085565962,1,0,weather_unavailable_or_unusual
AOI-0073,suppression,2019-05-04,2019-05-04,1,moderate,-1.0771466997655463,1,0,weather_unavailable_or_unusual
AOI-0073,suppression,2019-05-06,2019-05-06,1,moderate,-1.2372580141656275,1,0,dry_context
AOI-0073,suppression,2019-05-11,2019-05-11,1,moderate,-1.078677710598139,1,0,dry_context
AOI-0073,suppression,2019-05-14,2019-05-14,1,moderate,-1.5940234897399663,1,0,weather_unavailable_or_unusual
AOI-0073,suppression,2019-05-16,2019-05-16,1,moderate,-1.279310239483548,1,0,dry_context
AOI-0073,suppression,2019-05-19,2019-05-19,1,moderate,-1.360003872609047,0,1,weather_unavailable_or_unusual
AOI-0073,suppression,2019-05-21,2019-05-21,1,moderate,-1.057498712538837,1,0,dry_context
AOI-0073,suppression,2019-05-24,2019-05-24,1,moderate,-1.1859597346052495,1,0,dry_context
AOI-0073,critical,2019-09-21,2019-09-21,1,moderate,-2.5010740589051177,1,0,weather_unavailable_or_unusual
AOI-0073,suppression,2020-04-05,2020-04-05,1,moderate,-1.5097628941780272,0,1,weather_unavailable_or_unusual
AOI-0073,critical,2020-04-15,2020-04-15,1,high,-3.427029702106484,0,1,weather_unavailable_or_unusual
AOI-0073,suppression,2020-04-18,2020-04-18,1,moderate,-1.1124014583333595,1,0,dry_context
AOI-0073,suppression,2020-06-02,2020-06-02,1,moderate,-1.1226116287782588,1,0,weather_unavailable_or_unusual
AOI-0073,suppression,2020-06-28,2020-06-28,1,moderate,-1.349906762716844,1,0,dry_context
AOI-0073,critical,2020-07-02,2020-07-02,1,high,-3.0779691663539586,1,0,dry_context
AOI-0073,critical,2020-07-04,2020-07-04,1,high,-3.4606701911515985,0,1,weather_unavailable_or_unusual
AOI-0073,critical,2020-07-06,2020-07-07,2,critical,-3.483201086548881,1,1,dry_and_hot_context
AOI-0073,critical,2020-07-11,2020-07-12,2,high,-2.9548713458274305,2,0,dry_context
AOI-0073,critical,2020-07-19,2020-07-19,1,high,-3.318831870301203,1,0,dry_context
AOI-0073,critical,2020-07-22,2020-07-22,1,high,-3.3821730953684663,1,0,dry_context
AOI-0073,critical,2020-07-24,2020-07-24,1,high,-3.320008767978161,0,1,weather_unavailable_or_unusual
AOI-0073,critical,2020-07-27,2020-07-27,1,high,-3.3211096067304196,1,0,dry_context
AOI-0073,critical,2020-07-29,2020-08-01,4,high,-2.5532352559451734,3,1,weather_unavailable_or_unusual
AOI-0073,critical,2020-08-03,2020-08-03,1,high,-2.799328612075453,1,0,dry_context
AOI-0073,critical,2020-08-06,2020-08-08,3,moderate,-2.3859424899656823,3,0,dry_context
AOI-0073,critical,2020-08-11,2020-08-11,1,moderate,-2.6122656035063767,1,0,dry_context
AOI-0073,suppression,2020-08-12,2020-08-12,1,moderate,-1.304713307753733,0,1,weather_unavailable_or_unusual
AOI-0073,critical,2020-08-13,2020-08-13,1,moderate,-2.4380392567374005,1,0,dry_context
AOI-0073,critical,2020-08-16,2020-08-16,1,moderate,-2.4300063546637314,1,0,dry_context
AOI-0073,critical,2020-08-18,2020-08-18,1,moderate,-2.109749355708236,1,0,dry_context
AOI-0073,suppression,2020-08-21,2020-08-21,1,moderate,-1.995221050791019,1,0,dry_context
AOI-0073,critical,2020-08-23,2020-08-23,1,high,-3.0456658907666596,1,0,dry_context
AOI-0073,suppression,2020-08-26,2020-08-26,1,moderate,-1.6336852517513465,1,0,dry_context
AOI-0073,critical,2020-08-28,2020-08-28,1,moderate,-2.389467561263963,1,0,dry_context
AOI-0073,critical,2020-08-31,2020-08-31,1,moderate,-2.0869930850496297,1,0,dry_context
AOI-0073,suppression,2020-09-01,2020-09-01,1,moderate,-1.598412832735446,0,1,weather_unavailable_or_unusual
AOI-0073,critical,2020-09-02,2020-09-02,1,moderate,-2.5640423761955486,1,0,dry_context
AOI-0073,critical,2020-09-07,2020-09-07,1,moderate,-2.4874307087899594,1,0,dry_context
AOI-0073,suppression,2020-09-08,2020-09-08,1,moderate,-1.9812353304220363,1,0,dry_context
AOI-0073,critical,2020-09-10,2020-09-10,1,moderate,-2.5328633945418217,1,0,dry_context
AOI-0073,critical,2020-09-12,2020-09-12,1,moderate,-2.4162489435405985,1,0,dry_context
AOI-0073,critical,2020-09-15,2020-09-15,1,critical,-3.625643274162015,1,0,dry_context
AOI-0073,suppression,2020-09-16,2020-09-16,1,moderate,-1.5702799070705267,1,0,dry_context
AOI-0073,critical,2020-09-17,2020-09-17,1,moderate,-2.2885479787773484,1,0,dry_context
AOI-0073,critical,2020-09-20,2020-09-20,1,moderate,-2.351366217302431,0,1,weather_unavailable_or_unusual
AOI-0073,critical,2020-09-22,2020-09-22,1,moderate,-2.380512840627344,1,0,dry_context
AOI-0073,suppression,2020-09-24,2020-09-24,1,moderate,-1.787472008069175,1,0,dry_context
AOI-0073,critical,2020-09-25,2020-09-25,1,moderate,-2.085670440571184,1,0,dry_context
AOI-0073,suppression,2020-09-27,2020-09-27,1,moderate,-1.8627340871946307,1,0,dry_context
AOI-0073,suppression,2020-09-30,2020-09-30,1,moderate,-1.508271351616877,1,0,dry_context
AOI-0073,suppression,2020-10-05,2020-10-05,1,moderate,-1.33022081416468,1,0,dry_context
AOI-0073,suppression,2020-10-07,2020-10-07,1,moderate,-1.053425232734301,1,0,dry_context
AOI-0073,suppression,2020-10-12,2020-10-12,1,moderate,-1.7406561226300172,1,0,dry_context
AOI-0073,suppression,2020-10-15,2020-10-15,1,moderate,-1.6516606500174342,1,0,dry_context
AOI-0073,suppression,2020-10-17,2020-10-17,1,moderate,-1.978246832929317,1,0,dry_context
AOI-0073,suppression,2020-10-19,2020-10-19,1,moderate,-1.171570446471622,1,0,dry_context
AOI-0073,suppression,2020-10-22,2020-10-22,1,moderate,-1.6027947359148704,1,0,dry_context
AOI-0073,suppression,2020-10-26,2020-10-26,1,moderate,-1.4326138775598267,0,1,weather_unavailable_or_unusual
AOI-0073,suppression,2021-04-10,2021-04-10,1,moderate,-1.3356126291332,1,0,dry_context
AOI-0073,critical,2021-04-18,2021-04-18,1,moderate,-2.2936200085662763,1,0,dry_context
AOI-0073,suppression,2021-04-23,2021-04-23,1,moderate,-1.3344795200133395,1,0,dry_context
AOI-0073,suppression,2021-05-15,2021-05-15,1,moderate,-1.0419086571768417,0,1,weather_unavailable_or_unusual
AOI-0073,suppression,2021-05-28,2021-05-28,1,moderate,-1.2033918727209134,1,0,dry_context
AOI-0073,suppression,2021-05-30,2021-05-30,1,moderate,-1.6956231613899102,1,0,weather_unavailable_or_unusual
AOI-0073,suppression,2021-06-07,2021-06-07,1,moderate,-1.2313965124410506,1,0,weather_unavailable_or_unusual
AOI-0073,critical,2021-06-12,2021-06-12,1,critical,-4.657568348287748,1,0,weather_unavailable_or_unusual
AOI-0073,critical,2021-07-02,2021-07-02,1,critical,-4.725799068698142,1,0,weather_unavailable_or_unusual
AOI-0073,suppression,2021-08-21,2021-08-21,1,moderate,-1.052045836077125,1,0,dry_context
AOI-0073,suppression,2021-09-27,2021-09-27,1,moderate,-1.7819553249421143,1,0,dry_context
AOI-0073,suppression,2021-10-15,2021-10-15,1,moderate,-1.1835528477576804,1,0,dry_context
AOI-0073,suppression,2021-10-27,2021-10-27,1,moderate,-1.0247366558576143,1,0,dry_context
AOI-0073,suppression,2022-05-10,2022-05-10,1,moderate,-1.0720593429542484,1,0,dry_context
AOI-0073,suppression,2022-05-20,2022-05-20,1,moderate,-1.176295279463523,1,0,dry_context
AOI-0073,suppression,2022-05-23,2022-05-23,1,moderate,-1.2237908873265173,1,0,dry_context
AOI-0073,suppression,2022-05-30,2022-05-30,1,moderate,-1.1628768460103072,1,0,dry_context
AOI-0073,suppression,2022-06-02,2022-06-02,1,moderate,-1.7690673177640206,1,0,dry_context
AOI-0073,suppression,2022-06-04,2022-06-04,1,moderate,-1.5519321590708512,0,1,weather_unavailable_or_unusual
AOI-0073,suppression,2022-06-06,2022-06-07,2,moderate,-1.4608723781831043,1,1,dry_context
AOI-0073,suppression,2022-06-09,2022-06-10,2,moderate,-1.5432703329331583,1,1,dry_context
AOI-0073,critical,2022-06-12,2022-06-12,1,moderate,-2.1418640729448986,1,0,dry_context
AOI-0073,suppression,2022-06-14,2022-06-14,1,moderate,-1.6976204604237135,0,1,weather_unavailable_or_unusual
AOI-0073,suppression,2022-06-17,2022-06-17,1,moderate,-1.057845646257954,1,0,dry_context
AOI-0073,critical,2023-04-03,2023-04-03,1,moderate,-2.161063626201534,1,0,weather_unavailable_or_unusual
AOI-0073,critical,2023-06-19,2023-06-19,1,moderate,-2.445712659450152,1,0,dry_context
AOI-0073,critical,2023-06-21,2023-06-23,3,moderate,-2.438488758974433,3,0,weather_unavailable_or_unusual
AOI-0073,suppression,2023-06-26,2023-06-26,1,moderate,-1.5075584330708562,1,0,weather_unavailable_or_unusual
AOI-0073,critical,2023-07-02,2023-07-02,1,critical,-3.601129484691554,1,0,dry_context
AOI-0073,critical,2023-07-04,2023-07-04,1,critical,-3.774164459823162,1,0,dry_context
AOI-0073,critical,2023-07-07,2023-07-07,1,critical,-3.651164374055441,1,0,dry_context
AOI-0073,critical,2023-07-12,2023-07-12,1,moderate,-2.4818827811075277,1,0,dry_context
AOI-0073,critical,2023-07-14,2023-07-14,1,high,-2.924287937002887,1,0,weather_unavailable_or_unusual
AOI-0073,suppression,2023-07-15,2023-07-15,1,moderate,-1.8872255002878977,1,0,weather_unavailable_or_unusual
AOI-0073,critical,2023-07-17,2023-07-17,1,moderate,-2.5798778725339475,1,0,dry_context
AOI-0073,critical,2023-07-19,2023-07-19,1,moderate,-2.45161489368692,1,0,dry_context
AOI-0073,suppression,2023-07-25,2023-07-25,1,moderate,-1.9087918160567043,0,1,weather_unavailable_or_unusual
AOI-0073,critical,2023-07-27,2023-07-27,1,moderate,-2.5360352659078575,1,0,dry_context
AOI-0073,suppression,2023-07-28,2023-07-28,1,moderate,-1.459203433874535,1,0,weather_unavailable_or_unusual
AOI-0073,suppression,2023-07-31,2023-08-01,2,moderate,-1.7151074400372313,1,1,dry_context
AOI-0073,suppression,2023-08-03,2023-08-03,1,moderate,-1.7500243541008333,1,0,dry_context
AOI-0073,suppression,2023-08-06,2023-08-06,1,moderate,-1.5971002739707887,0,1,weather_unavailable_or_unusual
AOI-0073,suppression,2023-08-08,2023-08-08,1,moderate,-1.5565305270664196,1,0,dry_context
AOI-0073,suppression,2023-08-11,2023-08-11,1,moderate,-1.4926891808444582,1,0,weather_unavailable_or_unusual
AOI-0073,suppression,2023-08-13,2023-08-13,1,moderate,-1.235687669268327,1,0,dry_context
AOI-0073,suppression,2023-08-16,2023-08-16,1,moderate,-1.181829997300162,0,1,weather_unavailable_or_unusual
AOI-0073,suppression,2023-08-18,2023-08-18,1,moderate,-1.2455859090858326,1,0,dry_context
AOI-0073,suppression,2023-08-26,2023-08-26,1,moderate,-1.282476476604896,1,0,dry_context
AOI-0073,suppression,2023-08-28,2023-08-28,1,moderate,-1.38045930956749,0,1,weather_unavailable_or_unusual
AOI-0073,suppression,2023-08-31,2023-08-31,1,moderate,-1.3877675362775734,1,0,dry_context
AOI-0073,suppression,2023-09-05,2023-09-05,1,moderate,-1.1191529406100698,1,0,dry_context
AOI-0073,suppression,2023-09-07,2023-09-07,1,moderate,-1.0984104939975337,0,1,weather_unavailable_or_unusual
AOI-0073,suppression,2023-09-12,2023-09-12,1,moderate,-1.2605659632524517,0,1,weather_unavailable_or_unusual
AOI-0073,suppression,2023-09-17,2023-09-17,1,moderate,-1.150969232310255,1,0,dry_context
AOI-0073,suppression,2023-09-27,2023-09-27,1,moderate,-1.0185196609419247,1,0,dry_context
AOI-0073,suppression,2024-06-23,2024-06-23,1,moderate,-1.7535377426224263,0,1,weather_unavailable_or_unusual
AOI-0073,suppression,2024-06-25,2024-06-25,1,moderate,-1.2426161800028854,1,0,weather_unavailable_or_unusual
AOI-0073,critical,2024-06-28,2024-06-28,1,moderate,-2.189330230839993,1,0,dry_context
AOI-0073,suppression,2024-07-01,2024-07-01,1,moderate,-1.9780868943708676,1,0,dry_context
AOI-0073,critical,2024-07-03,2024-07-03,1,moderate,-2.097351422666078,0,1,weather_unavailable_or_unusual
AOI-0073,critical,2024-07-06,2024-07-06,1,moderate,-2.5939652846262766,1,0,dry_context
AOI-0073,critical,2024-07-08,2024-07-08,1,high,-2.9577718306327467,1,0,dry_context
AOI-0073,critical,2024-07-11,2024-07-11,1,moderate,-2.5259061532827367,0,1,weather_unavailable_or_unusual
AOI-0073,critical,2024-07-13,2024-07-13,1,moderate,-2.661799053431198,0,1,weather_unavailable_or_unusual
AOI-0073,critical,2024-07-16,2024-07-16,1,moderate,-2.48602004577446,1,0,dry_context
AOI-0073,suppression,2024-07-17,2024-07-17,1,moderate,-1.9407462052106945,1,0,dry_context
AOI-0073,critical,2024-07-18,2024-07-18,1,moderate,-2.3872549699555723,1,0,dry_and_hot_context
AOI-0073,critical,2024-07-21,2024-07-21,1,moderate,-2.491530835135564,0,1,weather_unavailable_or_unusual
AOI-0073,critical,2024-07-23,2024-07-23,1,moderate,-2.5426694244084627,1,0,dry_context
AOI-0073,suppression,2024-07-25,2024-07-25,1,moderate,-1.7173492470561282,0,1,weather_unavailable_or_unusual
AOI-0073,critical,2024-07-26,2024-07-26,1,moderate,-2.0558804057366933,1,0,dry_context
AOI-0073,suppression,2024-07-27,2024-07-28,2,moderate,-1.317383263056397,2,0,dry_context
AOI-0073,suppression,2024-07-31,2024-07-31,1,moderate,-1.6973198369480826,1,0,dry_context
AOI-0073,suppression,2024-08-02,2024-08-02,1,moderate,-1.4761194791744081,1,0,dry_context
AOI-0073,suppression,2024-08-10,2024-08-10,1,moderate,-1.09522223286377,1,0,dry_context
AOI-0073,suppression,2024-08-15,2024-08-15,1,moderate,-1.110771897780291,1,0,dry_context
AOI-0073,suppression,2024-08-17,2024-08-17,1,moderate,-1.0740400649364628,1,0,dry_context
AOI-0073,suppression,2024-08-20,2024-08-20,1,moderate,-1.1837634935771897,1,0,dry_context
AOI-0073,suppression,2024-08-22,2024-08-22,1,moderate,-1.2370941434752234,1,0,dry_context
AOI-0073,suppression,2024-08-25,2024-08-25,1,moderate,-1.2868991951363253,1,0,dry_context
AOI-0073,suppression,2024-08-27,2024-08-27,1,moderate,-1.2267124006539185,1,0,dry_context
AOI-0073,suppression,2024-08-30,2024-08-30,1,moderate,-1.4228554767113624,1,0,dry_context
AOI-0073,suppression,2024-09-01,2024-09-01,1,moderate,-1.2900681828136171,0,1,weather_unavailable_or_unusual
AOI-0073,suppression,2024-09-06,2024-09-06,1,moderate,-1.0764217131502434,1,0,dry_context
AOI-0073,suppression,2024-09-09,2024-09-09,1,moderate,-1.2641468185174063,1,0,dry_context
AOI-0073,suppression,2024-09-16,2024-09-16,1,moderate,-1.063354772086053,1,0,dry_context
AOI-0073,suppression,2024-09-21,2024-09-21,1,moderate,-1.0604064768555994,1,0,dry_context
AOI-0073,suppression,2024-10-04,2024-10-04,1,moderate,-1.1876217546989734,1,0,dry_context
AOI-0073,suppression,2024-10-06,2024-10-06,1,moderate,-1.2797510684932034,1,0,dry_context
AOI-0073,suppression,2025-05-22,2025-05-22,1,moderate,-1.1111598236481688,0,1,weather_unavailable_or_unusual
AOI-0073,suppression,2025-05-24,2025-05-24,1,moderate,-1.0714698785915147,1,0,dry_context
AOI-0073,suppression,2025-05-29,2025-05-29,1,moderate,-1.5067534288408135,0,1,weather_unavailable_or_unusual
AOI-0073,suppression,2025-05-31,2025-06-01,2,moderate,-1.3360626747321538,2,0,weather_unavailable_or_unusual
AOI-0073,suppression,2025-06-03,2025-06-03,1,moderate,-1.1605553650365519,0,1,weather_unavailable_or_unusual
AOI-0073,suppression,2025-06-13,2025-06-13,1,moderate,-1.132016562327889,1,0,dry_context
AOI-0073,suppression,2025-10-29,2025-10-29,1,moderate,-1.5807516004022393,1,0,weather_unavailable_or_unusual
AOI-0074,critical,2011-04-01,2011-04-01,1,critical,-5.363389871435774,1,0,dry_context
AOI-0074,critical,2011-04-23,2011-04-23,1,critical,-4.497016806722691,1,0,dry_context
AOI-0074,critical,2011-04-25,2011-04-25,1,high,-2.9992607193211476,1,0,dry_context
AOI-0074,critical,2011-05-03,2011-05-03,1,critical,-10.097275933877334,1,0,dry_context
AOI-0074,critical,2011-05-19,2011-05-19,1,moderate,-2.0038324786028325,1,0,dry_context
AOI-0074,critical,2011-05-25,2011-05-25,1,moderate,-2.351505720294914,1,0,dry_context
AOI-0074,critical,2011-05-27,2011-05-27,1,critical,-14.221160210601164,0,1,weather_unavailable_or_unusual
AOI-0074,critical,2011-06-04,2011-06-04,1,critical,-15.958023444510513,1,0,dry_context
AOI-0074,suppression,2011-06-10,2011-06-10,1,moderate,-1.2639791413362016,1,0,weather_unavailable_or_unusual
AOI-0074,critical,2012-10-04,2012-10-04,1,high,-2.923718617501537,1,0,dry_context
AOI-0074,suppression,2013-07-19,2013-07-19,1,moderate,-1.0711809420731864,1,0,dry_context
AOI-0074,suppression,2013-08-29,2013-08-29,1,moderate,-1.1479177151394986,1,0,dry_context
AOI-0074,suppression,2013-09-13,2013-09-13,1,moderate,-1.433701640977238,1,0,dry_context
AOI-0074,suppression,2014-04-25,2014-04-25,1,moderate,-1.2545181466551916,1,0,dry_context
AOI-0074,suppression,2014-05-11,2014-05-11,1,moderate,-1.327859002503301,1,0,weather_unavailable_or_unusual
AOI-0074,suppression,2014-05-19,2014-05-19,1,moderate,-1.9476323643813522,1,0,dry_context
AOI-0074,suppression,2015-04-28,2015-04-28,1,moderate,-1.1314894438184873,0,1,weather_unavailable_or_unusual
AOI-0074,suppression,2015-05-22,2015-05-22,1,moderate,-1.4184734916842845,1,0,dry_context
AOI-0074,critical,2015-06-07,2015-06-07,1,high,-2.778826642890382,1,0,dry_context
AOI-0074,suppression,2015-06-15,2015-06-15,1,moderate,-1.534351293780667,1,0,dry_context
AOI-0074,suppression,2015-08-29,2015-08-29,1,moderate,-1.1891669579661868,1,0,dry_context
AOI-0074,suppression,2015-09-11,2015-09-11,1,moderate,-1.872539382269533,1,0,dry_context
AOI-0074,suppression,2015-09-19,2015-09-19,1,moderate,-1.3526544532408955,1,0,dry_context
AOI-0074,suppression,2015-09-27,2015-09-27,1,moderate,-1.326448650067292,1,0,dry_context
AOI-0074,suppression,2015-10-05,2015-10-05,1,moderate,-1.583446851105572,1,0,dry_context
AOI-0074,suppression,2016-08-20,2016-08-20,1,moderate,-1.2245822505327242,0,1,weather_unavailable_or_unusual
AOI-0074,suppression,2016-08-28,2016-08-28,1,moderate,-1.9491922990260526,1,0,dry_context
AOI-0074,suppression,2016-09-05,2016-09-05,1,moderate,-1.3877559078150534,1,0,dry_context
AOI-0074,suppression,2017-04-29,2017-04-29,1,moderate,-1.987646443038088,1,0,dry_context
AOI-0074,suppression,2017-05-03,2017-05-04,2,moderate,-1.608815402978884,1,1,dry_context
AOI-0074,suppression,2017-05-06,2017-05-06,1,moderate,-1.5763527352696014,0,1,weather_unavailable_or_unusual
AOI-0074,suppression,2017-05-27,2017-05-27,1,moderate,-1.8105067361136105,1,0,weather_unavailable_or_unusual
AOI-0074,suppression,2017-06-04,2017-06-05,2,moderate,-1.5220061250253518,0,2,weather_unavailable_or_unusual
AOI-0074,suppression,2018-04-11,2018-04-11,1,moderate,-1.4641616164976994,1,0,dry_context
AOI-0074,suppression,2018-04-16,2018-04-16,1,moderate,-1.1899636424558884,1,0,weather_unavailable_or_unusual
AOI-0074,suppression,2018-05-01,2018-05-01,1,moderate,-1.128206146212312,1,0,dry_context
AOI-0074,suppression,2018-05-04,2018-05-04,1,moderate,-1.0621214760145619,1,0,dry_context
AOI-0074,suppression,2018-05-11,2018-05-11,1,moderate,-1.3381819065926774,0,1,weather_unavailable_or_unusual
AOI-0074,suppression,2018-05-26,2018-05-26,1,moderate,-1.0217167077503668,0,1,weather_unavailable_or_unusual
AOI-0074,suppression,2018-05-30,2018-05-30,1,moderate,-1.1098888163830596,0,1,weather_unavailable_or_unusual
AOI-0074,suppression,2018-06-18,2018-06-18,1,moderate,-1.4164715850095733,1,0,dry_context
AOI-0074,suppression,2018-06-23,2018-06-23,1,moderate,-1.2433028988738608,1,0,dry_context
AOI-0074,suppression,2019-04-06,2019-04-06,1,moderate,-1.3459348782513203,1,0,dry_context
AOI-0074,critical,2019-04-07,2019-04-07,1,critical,-13.614516069729447,1,0,dry_context
AOI-0074,suppression,2019-04-21,2019-04-21,1,moderate,-1.5674178755513883,1,0,dry_context
AOI-0074,suppression,2019-04-24,2019-04-24,1,moderate,-1.0136601120569033,1,0,dry_context
AOI-0074,suppression,2019-05-06,2019-05-06,1,moderate,-1.2631995229094062,1,0,dry_context
AOI-0074,suppression,2019-05-11,2019-05-11,1,moderate,-1.2941650725288858,1,0,dry_context
AOI-0074,suppression,2019-05-14,2019-05-14,1,moderate,-1.338364975521459,0,1,weather_unavailable_or_unusual
AOI-0074,suppression,2019-05-16,2019-05-16,1,moderate,-1.334015123854999,0,1,weather_unavailable_or_unusual
AOI-0074,suppression,2019-05-19,2019-05-19,1,moderate,-1.4836680458655787,1,0,dry_context
AOI-0074,suppression,2019-05-21,2019-05-21,1,moderate,-1.380412275832442,1,0,dry_context
AOI-0074,suppression,2019-05-24,2019-05-24,1,moderate,-1.24315108640154,1,0,dry_context
AOI-0074,suppression,2019-07-30,2019-07-30,1,moderate,-1.937336320868659,1,0,weather_unavailable_or_unusual
AOI-0074,suppression,2019-08-29,2019-08-29,1,moderate,-1.1117592686209208,1,0,dry_context
AOI-0074,suppression,2019-09-03,2019-09-03,1,moderate,-1.8447524872510244,1,0,dry_context
AOI-0074,suppression,2020-04-10,2020-04-10,1,moderate,-1.2926846254282347,1,0,dry_context
AOI-0074,suppression,2020-06-28,2020-06-28,1,moderate,-1.1539673767203016,1,0,dry_context
AOI-0074,critical,2020-07-02,2020-07-02,1,moderate,-2.5504446096501177,1,0,dry_context
AOI-0074,critical,2020-07-04,2020-07-04,1,moderate,-2.550681416255359,1,0,dry_context
AOI-0074,suppression,2020-07-06,2020-07-06,1,moderate,-1.9164150262802948,0,1,weather_unavailable_or_unusual
AOI-0074,critical,2020-07-07,2020-07-07,1,moderate,-2.5894779900473526,1,0,dry_and_hot_context
AOI-0074,suppression,2020-07-11,2020-07-11,1,moderate,-1.4902100017412672,1,0,dry_context
AOI-0074,critical,2020-07-12,2020-07-12,1,moderate,-2.281324066598431,1,0,dry_context
AOI-0074,critical,2020-07-19,2020-07-19,1,high,-2.893018804054887,1,0,dry_context
AOI-0074,critical,2020-07-22,2020-07-22,1,high,-2.843165867825541,0,1,weather_unavailable_or_unusual
AOI-0074,critical,2020-07-24,2020-07-24,1,high,-2.9285425634794104,1,0,dry_context
AOI-0074,critical,2020-07-27,2020-07-27,1,moderate,-2.459788164245224,1,0,dry_context
AOI-0074,critical,2020-07-29,2020-07-29,1,moderate,-2.1217980963471073,1,0,dry_context
AOI-0074,suppression,2020-07-31,2020-07-31,1,moderate,-1.4836206854120213,1,0,weather_unavailable_or_unusual
AOI-0074,critical,2020-08-01,2020-08-01,1,moderate,-2.011730935540832,1,0,weather_unavailable_or_unusual
AOI-0074,suppression,2020-08-03,2020-08-03,1,moderate,-1.921714203678418,1,0,dry_context
AOI-0074,suppression,2020-08-06,2020-08-08,3,moderate,-1.6120734271916006,2,1,dry_context
AOI-0074,suppression,2020-08-11,2020-08-11,1,moderate,-1.7065267206917305,1,0,dry_context
AOI-0074,suppression,2020-08-13,2020-08-13,1,moderate,-1.6693255306756747,1,0,dry_context
AOI-0074,suppression,2020-08-16,2020-08-16,1,moderate,-1.3801094586070615,1,0,dry_context
AOI-0074,suppression,2020-08-18,2020-08-18,1,moderate,-1.2031954616948324,1,0,dry_context
AOI-0074,suppression,2020-08-21,2020-08-21,1,moderate,-1.1005611996171245,1,0,dry_context
AOI-0074,suppression,2020-08-23,2020-08-23,1,moderate,-1.6643968761899355,1,0,dry_context
AOI-0074,suppression,2020-08-26,2020-08-26,1,moderate,-1.3248735413551485,0,1,weather_unavailable_or_unusual
AOI-0074,suppression,2020-08-28,2020-08-28,1,moderate,-1.7236797677997124,1,0,dry_context
AOI-0074,suppression,2020-08-31,2020-08-31,1,moderate,-1.2603464706615346,1,0,dry_context
AOI-0074,suppression,2020-09-02,2020-09-02,1,moderate,-1.3687813288470019,1,0,dry_context
AOI-0074,suppression,2020-09-07,2020-09-07,1,moderate,-1.550759321482386,0,1,weather_unavailable_or_unusual
AOI-0074,suppression,2020-09-10,2020-09-10,1,moderate,-1.664920911417259,1,0,dry_context
AOI-0074,suppression,2020-09-12,2020-09-12,1,moderate,-1.442886475162215,0,1,weather_unavailable_or_unusual
AOI-0074,critical,2020-09-15,2020-09-15,1,high,-2.7931358583003614,1,0,dry_context
AOI-0074,suppression,2020-09-16,2020-09-17,2,moderate,-1.465525307513416,2,0,dry_context
AOI-0074,suppression,2020-09-20,2020-09-20,1,moderate,-1.7850985949223546,1,0,dry_context
AOI-0074,suppression,2020-09-22,2020-09-22,1,moderate,-1.8527070913743073,1,0,dry_context
AOI-0074,suppression,2020-09-25,2020-09-25,1,moderate,-1.7288065069832892,1,0,dry_context
AOI-0074,suppression,2020-09-27,2020-09-27,1,moderate,-1.6961671993228782,1,0,dry_context
AOI-0074,suppression,2020-09-30,2020-09-30,1,moderate,-1.3524684693733238,1,0,dry_context
AOI-0074,suppression,2020-10-05,2020-10-05,1,moderate,-1.3752887583289357,1,0,dry_context
AOI-0074,suppression,2020-10-07,2020-10-07,1,moderate,-1.2105929831170683,0,1,weather_unavailable_or_unusual
AOI-0074,suppression,2020-10-12,2020-10-12,1,moderate,-1.8959119037629524,0,1,weather_unavailable_or_unusual
AOI-0074,critical,2020-10-15,2020-10-15,1,moderate,-2.1162716291410173,1,0,dry_context
AOI-0074,critical,2020-10-17,2020-10-17,1,moderate,-2.4335877342273973,1,0,dry_context
AOI-0074,suppression,2020-10-19,2020-10-19,1,moderate,-1.3152728337232626,1,0,dry_context
AOI-0074,critical,2020-10-22,2020-10-22,1,moderate,-2.2363320793758428,0,1,weather_unavailable_or_unusual
AOI-0074,suppression,2020-10-26,2020-10-26,1,moderate,-1.0857023523968152,1,0,dry_context
AOI-0074,suppression,2021-04-10,2021-04-10,1,moderate,-1.2539024843534596,1,0,dry_context
AOI-0074,critical,2021-04-18,2021-04-18,1,moderate,-2.3359169925257004,1,0,dry_context
AOI-0074,critical,2021-04-23,2021-04-23,1,moderate,-2.19160428578141,1,0,dry_context
AOI-0074,suppression,2021-05-13,2021-05-13,1,moderate,-1.1607479843687452,1,0,dry_context
AOI-0074,suppression,2021-05-15,2021-05-15,1,moderate,-1.3418897867179536,1,0,dry_context
AOI-0074,suppression,2021-05-25,2021-05-25,1,moderate,-1.1217336884255873,1,0,dry_context
AOI-0074,suppression,2021-05-28,2021-05-28,1,moderate,-1.5924990387423203,1,0,dry_context
AOI-0074,critical,2021-06-07,2021-06-07,1,moderate,-2.276808569415432,1,0,weather_unavailable_or_unusual
AOI-0074,suppression,2021-06-09,2021-06-09,1,moderate,-1.3597940290608894,1,0,weather_unavailable_or_unusual
AOI-0074,critical,2021-06-12,2021-06-12,1,critical,-4.827467683329967,1,0,weather_unavailable_or_unusual
AOI-0074,critical,2021-06-14,2021-06-14,1,critical,-4.036332275366568,1,0,dry_context
AOI-0074,critical,2021-09-05,2021-09-05,1,high,-2.9654006943800373,1,0,dry_context
AOI-0074,suppression,2021-10-15,2021-10-15,1,moderate,-1.4107238592079157,1,0,dry_context
AOI-0074,suppression,2022-05-20,2022-05-20,1,moderate,-1.1462730795299207,1,0,dry_context
AOI-0074,suppression,2022-05-23,2022-05-23,1,moderate,-1.4013725708504132,1,0,dry_context
AOI-0074,suppression,2022-05-30,2022-05-30,1,moderate,-1.3006520443274714,0,1,weather_unavailable_or_unusual
AOI-0074,suppression,2022-06-02,2022-06-02,1,moderate,-1.6852596615641966,1,0,dry_context
AOI-0074,critical,2022-06-04,2022-06-04,1,moderate,-2.256743218062171,1,0,weather_unavailable_or_unusual
AOI-0074,suppression,2022-06-06,2022-06-07,2,moderate,-1.699187655958657,2,0,dry_context
AOI-0074,suppression,2022-06-09,2022-06-10,2,moderate,-1.5326481193986656,2,0,dry_context
AOI-0074,suppression,2022-06-12,2022-06-12,1,moderate,-1.4354329714037197,1,0,dry_context
AOI-0074,suppression,2022-06-14,2022-06-14,1,moderate,-1.0686087422497224,1,0,dry_context
AOI-0074,suppression,2022-07-02,2022-07-02,1,moderate,-1.7452649055482186,1,0,dry_context
AOI-0074,suppression,2023-06-21,2023-06-23,3,moderate,-1.5613393046967128,3,0,weather_unavailable_or_unusual
AOI-0074,critical,2023-07-04,2023-07-04,1,high,-3.078865338692366,1,0,dry_context
AOI-0074,critical,2023-07-07,2023-07-07,1,moderate,-2.6941501257244638,1,0,dry_context
AOI-0074,critical,2023-07-12,2023-07-12,1,moderate,-2.132115256843133,1,0,dry_context
AOI-0074,critical,2023-07-14,2023-07-14,1,high,-2.7724153849759214,0,1,weather_unavailable_or_unusual
AOI-0074,suppression,2023-07-15,2023-07-15,1,moderate,-1.5657076766640887,1,0,weather_unavailable_or_unusual
AOI-0074,critical,2023-07-17,2023-07-17,1,moderate,-2.724630990004796,1,0,dry_context
AOI-0074,critical,2023-07-19,2023-07-19,1,moderate,-2.2771450838294993,1,0,dry_context
AOI-0074,critical,2023-07-25,2023-07-25,1,moderate,-2.0596415864408204,1,0,dry_context
AOI-0074,critical,2023-07-27,2023-07-27,1,moderate,-2.462071949802396,1,0,dry_context
AOI-0074,suppression,2023-07-28,2023-07-28,1,moderate,-1.1122209166645178,1,0,weather_unavailable_or_unusual
AOI-0074,suppression,2023-07-31,2023-08-01,2,moderate,-1.2290804935074704,2,0,dry_context
AOI-0074,suppression,2023-08-03,2023-08-03,1,moderate,-1.3876579359363166,1,0,dry_context
AOI-0074,suppression,2023-08-06,2023-08-06,1,moderate,-1.3492066898749489,1,0,dry_context
AOI-0074,suppression,2023-08-08,2023-08-08,1,moderate,-1.1353429974014237,1,0,dry_context
AOI-0074,suppression,2023-08-11,2023-08-11,1,moderate,-1.0455670046241314,1,0,weather_unavailable_or_unusual
AOI-0074,suppression,2023-08-13,2023-08-13,1,moderate,-1.1041951719475258,1,0,dry_context
AOI-0074,suppression,2023-08-28,2023-08-28,1,moderate,-1.2639278255002993,1,0,dry_context
AOI-0074,suppression,2023-09-05,2023-09-05,1,moderate,-1.0289865207797846,1,0,dry_context
AOI-0074,suppression,2023-09-07,2023-09-07,1,moderate,-1.0158348477663066,1,0,dry_context
AOI-0074,suppression,2023-09-27,2023-09-27,1,moderate,-1.0680915559771782,1,0,dry_context
AOI-0074,suppression,2024-06-16,2024-06-16,1,moderate,-1.145927986678679,1,0,dry_context
AOI-0074,suppression,2024-06-28,2024-06-28,1,moderate,-1.5374841532528793,1,0,dry_context
AOI-0074,suppression,2024-07-01,2024-07-01,1,moderate,-1.7816315034644976,1,0,dry_context
AOI-0074,suppression,2024-07-03,2024-07-03,1,moderate,-1.4987338771166119,1,0,dry_context
AOI-0074,suppression,2024-07-06,2024-07-06,1,moderate,-1.6795235214230702,1,0,dry_context
AOI-0074,critical,2024-07-08,2024-07-08,1,moderate,-2.0885563041742317,0,1,weather_unavailable_or_unusual
AOI-0074,suppression,2024-07-11,2024-07-11,1,moderate,-1.9009877708232148,1,0,dry_context
AOI-0074,suppression,2024-07-13,2024-07-13,1,moderate,-1.5585610962765462,1,0,dry_context
AOI-0074,suppression,2024-07-16,2024-07-18,3,moderate,-1.6659449755181963,2,1,dry_context
AOI-0074,suppression,2024-07-21,2024-07-21,1,moderate,-1.7017651844159265,1,0,dry_context
AOI-0074,suppression,2024-07-23,2024-07-23,1,moderate,-1.6860779158933739,1,0,dry_context
AOI-0074,suppression,2024-07-25,2024-07-26,2,moderate,-1.6561199428049451,2,0,dry_context
AOI-0074,suppression,2024-07-28,2024-07-28,1,moderate,-1.3585538931072143,1,0,dry_context
AOI-0074,suppression,2024-07-31,2024-07-31,1,moderate,-1.3262324460716115,1,0,dry_context
AOI-0074,suppression,2024-08-02,2024-08-02,1,moderate,-1.095067475736437,1,0,dry_context
AOI-0074,suppression,2024-08-25,2024-08-25,1,moderate,-1.0279293128291214,1,0,dry_context
AOI-0074,suppression,2024-08-30,2024-08-30,1,moderate,-1.0923326050789255,1,0,dry_context
AOI-0074,suppression,2024-09-01,2024-09-01,1,moderate,-1.0622546177587007,1,0,dry_context
AOI-0074,suppression,2024-09-16,2024-09-16,1,moderate,-1.0243661817818108,1,0,dry_context
AOI-0074,suppression,2024-09-19,2024-09-19,1,moderate,-1.020513688559916,1,0,dry_context
AOI-0074,suppression,2024-09-21,2024-09-21,1,moderate,-1.2296333378992452,1,0,dry_context
AOI-0074,suppression,2024-09-24,2024-09-24,1,moderate,-1.1464557555303778,1,0,dry_context
AOI-0074,suppression,2024-09-26,2024-09-26,1,moderate,-1.135808961715384,1,0,dry_context
AOI-0074,suppression,2024-10-01,2024-10-01,1,moderate,-1.0805360656186023,1,0,dry_context
AOI-0074,suppression,2024-10-04,2024-10-04,1,moderate,-1.2137334991604083,1,0,dry_context
AOI-0074,suppression,2024-10-06,2024-10-06,1,moderate,-1.2280290926073523,1,0,dry_context
AOI-0074,suppression,2024-10-24,2024-10-24,1,moderate,-1.0405836069939032,1,0,dry_context
AOI-0074,suppression,2025-05-22,2025-05-22,1,moderate,-1.3336638593028447,1,0,dry_context
AOI-0074,suppression,2025-05-24,2025-05-24,1,moderate,-1.245462826965525,1,0,dry_context
AOI-0074,suppression,2025-06-08,2025-06-08,1,moderate,-1.0971259269948963,1,0,dry_context
AOI-0075,suppression,2025-05-01,2025-05-01,1,moderate,-1.0364517115110001,1,0,dry_context
AOI-0075,suppression,2025-05-04,2025-05-04,1,moderate,-1.0466065561743083,1,0,dry_context
AOI-0075,suppression,2025-05-11,2025-05-12,2,moderate,-1.1257209541357176,2,0,dry_context
AOI-0075,suppression,2025-05-22,2025-05-22,1,moderate,-1.5497692694613856,1,0,dry_context
AOI-0075,suppression,2025-05-24,2025-05-25,2,moderate,-1.4144825478301257,2,0,dry_context
AOI-0075,suppression,2025-06-01,2025-06-03,3,moderate,-1.5735828587961833,3,0,dry_context
AOI-0075,suppression,2025-06-06,2025-06-06,1,moderate,-1.260186060102757,1,0,dry_context
AOI-0075,suppression,2025-06-08,2025-06-08,1,moderate,-1.2253630621162084,1,0,dry_context
AOI-0075,suppression,2025-10-06,2025-10-06,1,moderate,-1.035738124208772,1,0,dry_context
AOI-0076,suppression,2025-05-02,2025-05-02,1,moderate,-1.01403917231202,1,0,weather_unavailable_or_unusual
AOI-0076,suppression,2025-05-04,2025-05-04,1,moderate,-1.0753456455895496,1,0,weather_unavailable_or_unusual
AOI-0076,suppression,2025-05-11,2025-05-12,2,moderate,-1.240262421103563,1,1,weather_unavailable_or_unusual
AOI-0076,suppression,2025-05-14,2025-05-14,1,moderate,-1.3888422233537911,1,0,weather_unavailable_or_unusual
AOI-0076,suppression,2025-05-21,2025-05-22,2,moderate,-1.4486904262381282,2,0,weather_unavailable_or_unusual
AOI-0076,suppression,2025-05-24,2025-05-24,1,moderate,-1.3152732832928875,1,0,weather_unavailable_or_unusual
AOI-0077,suppression,2025-06-08,2025-06-08,1,moderate,-1.2368558989282679,1,0,weather_unavailable_or_unusual
AOI-0077,suppression,2025-06-11,2025-06-11,1,moderate,-1.2045539898948803,1,0,weather_unavailable_or_unusual
AOI-0077,suppression,2025-06-13,2025-06-13,1,moderate,-1.8167597812114304,1,0,weather_unavailable_or_unusual
AOI-0077,suppression,2025-08-17,2025-08-17,1,moderate,-1.1510625114846036,1,0,weather_unavailable_or_unusual
AOI-0077,suppression,2025-10-06,2025-10-06,1,moderate,-1.0380284203865862,1,0,weather_unavailable_or_unusual
AOI-0078,suppression,2025-06-30,2025-06-30,1,moderate,-1.0200389230483087,1,0,weather_unavailable_or_unusual
AOI-0078,suppression,2025-07-08,2025-07-08,1,moderate,-1.0124775703941586,1,0,dry_context
AOI-0078,suppression,2025-07-10,2025-07-10,1,moderate,-1.0239852856018328,0,1,weather_unavailable_or_unusual
AOI-0078,suppression,2025-07-18,2025-07-18,1,moderate,-1.0074333871105743,1,0,dry_context
AOI-0078,suppression,2025-08-19,2025-08-19,1,moderate,-1.008116834245801,1,0,dry_context
