seed,radius,crop,method,pred,n,rmse,coverage
0,1,1,median,mix,2644,0.20384000376965256,0.8347201210287444
0,1,1,median,blend0.01,2644,0.07136199484878689,0.8347201210287444
0,1,1,median,blend0.02,2644,0.07140154023553348,0.8347201210287444
0,1,1,median,blend0.03,2644,0.07148469386186665,0.8347201210287444
0,1,1,median,blend0.05,2644,0.07178114015179456,0.8347201210287444
0,1,1,median,blend0.08,2644,0.07254658530053115,0.8347201210287444
0,1,1,median,blend0.1,2644,0.07326551956298878,0.8347201210287444
0,1,1,median,blend0.15,2644,0.0757564344787259,0.8347201210287444
0,1,1,median,blend0.2,2644,0.07915892309636337,0.8347201210287444
0,1,1,median,blend0.3,2644,0.08824976365817624,0.8347201210287444
0,1,1,median,blend0.4,2644,0.09966691224613453,0.8347201210287444
0,1,1,median,hard,2644,0.20470618494717455,0.8347201210287444
0,1,1,median,blend0.01,2644,0.07136132194549308,0.8347201210287444
0,1,1,median,blend0.02,2644,0.07140062663778579,0.8347201210287444
0,1,1,median,blend0.03,2644,0.07148397150607017,0.8347201210287444
0,1,1,median,blend0.05,2644,0.07178208710368458,0.8347201210287444
0,1,1,median,blend0.08,2644,0.07255317998283307,0.8347201210287444
0,1,1,median,blend0.1,2644,0.07327788621283782,0.8347201210287444
0,1,1,median,blend0.15,2644,0.07578961852049443,0.8347201210287444
0,1,1,median,blend0.2,2644,0.07922071087753729,0.8347201210287444
0,1,1,median,blend0.3,2644,0.08838518999958296,0.8347201210287444
0,1,1,median,blend0.4,2644,0.09988849255936179,0.8347201210287444
0,1,1,mean,mix,2644,0.20384000376965256,0.8347201210287444
0,1,1,mean,blend0.01,2644,0.07136199484878689,0.8347201210287444
0,1,1,mean,blend0.02,2644,0.07140154023553348,0.8347201210287444
0,1,1,mean,blend0.03,2644,0.07148469386186665,0.8347201210287444
0,1,1,mean,blend0.05,2644,0.07178114015179456,0.8347201210287444
0,1,1,mean,blend0.08,2644,0.07254658530053115,0.8347201210287444
0,1,1,mean,blend0.1,2644,0.07326551956298878,0.8347201210287444
0,1,1,mean,blend0.15,2644,0.0757564344787259,0.8347201210287444
0,1,1,mean,blend0.2,2644,0.07915892309636337,0.8347201210287444
0,1,1,mean,blend0.3,2644,0.08824976365817624,0.8347201210287444
0,1,1,mean,blend0.4,2644,0.09966691224613453,0.8347201210287444
0,1,1,mean,hard,2644,0.20470618494717455,0.8347201210287444
0,1,1,mean,blend0.01,2644,0.07136132194549308,0.8347201210287444
0,1,1,mean,blend0.02,2644,0.07140062663778579,0.8347201210287444
0,1,1,mean,blend0.03,2644,0.07148397150607017,0.8347201210287444
0,1,1,mean,blend0.05,2644,0.07178208710368458,0.8347201210287444
0,1,1,mean,blend0.08,2644,0.07255317998283307,0.8347201210287444
0,1,1,mean,blend0.1,2644,0.07327788621283782,0.8347201210287444
0,1,1,mean,blend0.15,2644,0.07578961852049443,0.8347201210287444
0,1,1,mean,blend0.2,2644,0.07922071087753729,0.8347201210287444
0,1,1,mean,blend0.3,2644,0.08838518999958296,0.8347201210287444
0,1,1,mean,blend0.4,2644,0.09988849255936179,0.8347201210287444
0,1,0,median,mix,2644,0.2060816709111141,0.8453101361573374
0,1,0,median,blend0.01,2644,0.07137131637292546,0.8453101361573374
0,1,0,median,blend0.02,2644,0.07142167375922165,0.8453101361573374
0,1,0,median,blend0.03,2644,0.07151710693389067,0.8453101361573374
0,1,0,median,blend0.05,2644,0.07184239728060611,0.8453101361573374
0,1,0,median,blend0.08,2644,0.07266125783540826,0.8453101361573374
0,1,0,median,blend0.1,2644,0.07342204063943226,0.8453101361573374
0,1,0,median,blend0.15,2644,0.07603632390379052,0.8453101361573374
0,1,0,median,blend0.2,2644,0.07958334970617625,0.8453101361573374
0,1,0,median,blend0.3,2644,0.0890014889498565,0.8453101361573374
0,1,0,median,blend0.4,2644,0.10076736826059368,0.8453101361573374
0,1,0,median,hard,2644,0.20734109935066344,0.8453101361573374
0,1,0,median,blend0.01,2644,0.0713713869177718,0.8453101361573374
0,1,0,median,blend0.02,2644,0.0714224357917574,0.8453101361573374
0,1,0,median,blend0.03,2644,0.07151917875985715,0.8453101361573374
0,1,0,median,blend0.05,2644,0.07184892148935562,0.8453101361573374
0,1,0,median,blend0.08,2644,0.07267890267262489,0.8453101361573374
0,1,0,median,blend0.1,2644,0.07344990676882274,0.8453101361573374
0,1,0,median,blend0.15,2644,0.07609854397027335,0.8453101361573374
0,1,0,median,blend0.2,2644,0.07969044038856989,0.8453101361573374
0,1,0,median,blend0.3,2644,0.08921971191293157,0.8453101361573374
0,1,0,median,blend0.4,2644,0.10111212052892389,0.8453101361573374
0,1,0,mean,mix,2644,0.2060816709111141,0.8453101361573374
0,1,0,mean,blend0.01,2644,0.07137131637292546,0.8453101361573374
0,1,0,mean,blend0.02,2644,0.07142167375922165,0.8453101361573374
0,1,0,mean,blend0.03,2644,0.07151710693389067,0.8453101361573374
0,1,0,mean,blend0.05,2644,0.07184239728060611,0.8453101361573374
0,1,0,mean,blend0.08,2644,0.07266125783540826,0.8453101361573374
0,1,0,mean,blend0.1,2644,0.07342204063943226,0.8453101361573374
0,1,0,mean,blend0.15,2644,0.07603632390379052,0.8453101361573374
0,1,0,mean,blend0.2,2644,0.07958334970617625,0.8453101361573374
0,1,0,mean,blend0.3,2644,0.0890014889498565,0.8453101361573374
0,1,0,mean,blend0.4,2644,0.10076736826059368,0.8453101361573374
0,1,0,mean,hard,2644,0.20734109935066344,0.8453101361573374
0,1,0,mean,blend0.01,2644,0.0713713869177718,0.8453101361573374
0,1,0,mean,blend0.02,2644,0.0714224357917574,0.8453101361573374
0,1,0,mean,blend0.03,2644,0.07151917875985715,0.8453101361573374
0,1,0,mean,blend0.05,2644,0.07184892148935562,0.8453101361573374
0,1,0,mean,blend0.08,2644,0.07267890267262489,0.8453101361573374
0,1,0,mean,blend0.1,2644,0.07344990676882274,0.8453101361573374
0,1,0,mean,blend0.15,2644,0.07609854397027335,0.8453101361573374
0,1,0,mean,blend0.2,2644,0.07969044038856989,0.8453101361573374
0,1,0,mean,blend0.3,2644,0.08921971191293157,0.8453101361573374
0,1,0,mean,blend0.4,2644,0.10111212052892389,0.8453101361573374
0,2,1,median,mix,2644,0.1980996511279496,0.9761724659606656
0,2,1,median,blend0.01,2644,0.07134855716113145,0.9761724659606656
0,2,1,median,blend0.02,2644,0.07137909870214498,0.9761724659606656
0,2,1,median,blend0.03,2644,0.07145769312373633,0.9761724659606656
0,2,1,median,blend0.05,2644,0.07175831250857088,0.9761724659606656
0,2,1,median,blend0.08,2644,0.07256265271437316,0.9761724659606656
0,2,1,median,blend0.1,2644,0.07332845696767674,0.9761724659606656
0,2,1,median,blend0.15,2644,0.07600359268118992,0.9761724659606656
0,2,1,median,blend0.2,2644,0.07967249156164968,0.9761724659606656
0,2,1,median,blend0.3,2644,0.08947096998491913,0.9761724659606656
0,2,1,median,blend0.4,2644,0.1017305670703938,0.9761724659606656
0,2,1,median,hard,2644,0.19913157679029583,0.9761724659606656
0,2,1,median,blend0.01,2644,0.07134704083624796,0.9761724659606656
0,2,1,median,blend0.02,2644,0.07137666421512989,0.9761724659606656
0,2,1,median,blend0.03,2644,0.07145493974576317,0.9761724659606656
0,2,1,median,blend0.05,2644,0.0717567114412048,0.9761724659606656
0,2,1,median,blend0.08,2644,0.07256716495800891,0.9761724659606656
0,2,1,median,blend0.1,2644,0.07333984772849786,0.9761724659606656
0,2,1,median,blend0.15,2644,0.07604109035810111,0.9761724659606656
0,2,1,median,blend0.2,2644,0.07974690032148753,0.9761724659606656
0,2,1,median,blend0.3,2644,0.0896416704275315,0.9761724659606656
0,2,1,median,blend0.4,2644,0.10201429391657808,0.9761724659606656
0,2,1,mean,mix,2644,0.19385648102185557,0.9761724659606656
0,2,1,mean,blend0.01,2644,0.07134910057778791,0.9761724659606656
0,2,1,mean,blend0.02,2644,0.07137787662933855,0.9761724659606656
0,2,1,mean,blend0.03,2644,0.07145240300690713,0.9761724659606656
0,2,1,mean,blend0.05,2644,0.07173804886977422,0.9761724659606656
0,2,1,mean,blend0.08,2644,0.07250332116270748,0.9761724659606656
0,2,1,mean,blend0.1,2644,0.07323256369095323,0.9761724659606656
0,2,1,mean,blend0.15,2644,0.07578328790849838,0.9761724659606656
0,2,1,mean,blend0.2,2644,0.07928835147775881,0.9761724659606656
0,2,1,mean,blend0.3,2644,0.08867935173891058,0.9761724659606656
0,2,1,mean,blend0.4,2644,0.10047468645916707,0.9761724659606656
0,2,1,mean,hard,2644,0.19474808017854758,0.9761724659606656
0,2,1,mean,blend0.01,2644,0.071347584107206,0.9761724659606656
0,2,1,mean,blend0.02,2644,0.07137535415755614,0.9761724659606656
0,2,1,mean,blend0.03,2644,0.07144938634057907,0.9761724659606656
0,2,1,mean,blend0.05,2644,0.07173557468609237,0.9761724659606656
0,2,1,mean,blend0.08,2644,0.07250542053732652,0.9761724659606656
0,2,1,mean,blend0.1,2644,0.07324012503992246,0.9761724659606656
0,2,1,mean,blend0.15,2644,0.07581223027888544,0.9761724659606656
0,2,1,mean,blend0.2,2644,0.07934814243276125,0.9761724659606656
0,2,1,mean,blend0.3,2644,0.08882094299149838,0.9761724659606656
0,2,1,mean,blend0.4,2644,0.10071351714130129,0.9761724659606656
0,2,0,median,mix,2644,0.2010661873400493,0.9803328290468987
0,2,0,median,blend0.01,2644,0.0713579846345095,0.9803328290468987
0,2,0,median,blend0.02,2644,0.07139957142771976,0.9803328290468987
0,2,0,median,blend0.03,2644,0.07149080378474994,0.9803328290468987
0,2,0,median,blend0.05,2644,0.07182134548682545,0.9803328290468987
0,2,0,median,blend0.08,2644,0.07268154584138559,0.9803328290468987
0,2,0,median,blend0.1,2644,0.07349130367115395,0.9803328290468987
0,2,0,median,blend0.15,2644,0.07629628223015592,0.9803328290468987
0,2,0,median,blend0.2,2644,0.08011715526721762,0.9803328290468987
0,2,0,median,blend0.3,2644,0.09025788108180471,0.9803328290468987
0,2,0,median,blend0.4,2644,0.10287930454218186,0.9803328290468987
0,2,0,median,hard,2644,0.20365564953859838,0.9803328290468987
0,2,0,median,blend0.01,2644,0.0713564126411862,0.9803328290468987
0,2,0,median,blend0.02,2644,0.07139791450593604,0.9803328290468987
0,2,0,median,blend0.03,2644,0.07149054658647729,0.9803328290468987
0,2,0,median,blend0.05,2644,0.07182830094107588,0.9803328290468987
0,2,0,median,blend0.08,2644,0.07271004606169679,0.9803328290468987
0,2,0,median,blend0.1,2644,0.07354095600227577,0.9803328290468987
0,2,0,median,blend0.15,2644,0.07642006752051998,0.9803328290468987
0,2,0,median,blend0.2,2644,0.08034032826929619,0.9803328290468987
0,2,0,median,blend0.3,2644,0.09073044113729947,0.9803328290468987
0,2,0,median,blend0.4,2644,0.10363689505856849,0.9803328290468987
0,2,0,mean,mix,2644,0.19643789596831035,0.9803328290468987
0,2,0,mean,blend0.01,2644,0.07135904954447753,0.9803328290468987
0,2,0,mean,blend0.02,2644,0.07139912696509514,0.9803328290468987
0,2,0,mean,blend0.03,2644,0.07148628314131227,0.9803328290468987
0,2,0,mean,blend0.05,2644,0.07180105339624611,0.9803328290468987
0,2,0,mean,blend0.08,2644,0.07261910839925678,0.9803328290468987
0,2,0,mean,blend0.1,2644,0.07338908066673715,0.9803328290468987
0,2,0,mean,blend0.15,2644,0.07605801874749916,0.9803328290468987
0,2,0,mean,blend0.2,2644,0.07969935026629033,0.9803328290468987
0,2,0,mean,blend0.3,2644,0.08939358116878456,0.9803328290468987
0,2,0,mean,blend0.4,2644,0.10150682206158647,0.9803328290468987
0,2,0,mean,hard,2644,0.19886188427831838,0.9803328290468987
0,2,0,mean,blend0.01,2644,0.07135768597111766,0.9803328290468987
0,2,0,mean,blend0.02,2644,0.07139775782463227,0.9803328290468987
0,2,0,mean,blend0.03,2644,0.07148626416729809,0.9803328290468987
0,2,0,mean,blend0.05,2644,0.07180776594463557,0.9803328290468987
0,2,0,mean,blend0.08,2644,0.07264572719955031,0.9803328290468987
0,2,0,mean,blend0.1,2644,0.07343519343959821,0.9803328290468987
0,2,0,mean,blend0.15,2644,0.07617244708918747,0.9803328290468987
0,2,0,mean,blend0.2,2644,0.07990555318681632,0.9803328290468987
0,2,0,mean,blend0.3,2644,0.08983114116296145,0.9803328290468987
0,2,0,mean,blend0.4,2644,0.10221025933416632,0.9803328290468987
0,4,1,median,mix,2644,0.18512169700651518,0.9931921331316188
0,4,1,median,blend0.01,2644,0.07134677740202297,0.9931921331316188
0,4,1,median,blend0.02,2644,0.07136938598320883,0.9931921331316188
0,4,1,median,blend0.03,2644,0.07143391609592334,0.9931921331316188
0,4,1,median,blend0.05,2644,0.0716882145460186,0.9931921331316188
0,4,1,median,blend0.08,2644,0.07237891601071715,0.9931921331316188
0,4,1,median,blend0.1,2644,0.0730410039019897,0.9931921331316188
0,4,1,median,blend0.15,2644,0.07536901868502448,0.9931921331316188
0,4,1,median,blend0.2,2644,0.07858563662906397,0.9931921331316188
0,4,1,median,blend0.3,2644,0.08726549512295542,0.9931921331316188
0,4,1,median,blend0.4,2644,0.09825314913522264,0.9931921331316188
0,4,1,median,hard,2644,0.18657576561913347,0.9931921331316188
0,4,1,median,blend0.01,2644,0.07134913475485974,0.9931921331316188
0,4,1,median,blend0.02,2644,0.07137481119035631,0.9931921331316188
0,4,1,median,blend0.03,2644,0.07144311349231475,0.9931921331316188
0,4,1,median,blend0.05,2644,0.07170703245835726,0.9931921331316188
0,4,1,median,blend0.08,2644,0.07241715744858179,0.9931921331316188
0,4,1,median,blend0.1,2644,0.07309532296727056,0.9931921331316188
0,4,1,median,blend0.15,2644,0.07547322535851503,0.9931921331316188
0,4,1,median,blend0.2,2644,0.07875114616922547,0.9931921331316188
0,4,1,median,blend0.3,2644,0.08757610912076144,0.9931921331316188
0,4,1,median,blend0.4,2644,0.09872396789525824,0.9931921331316188
0,4,1,mean,mix,2644,0.17723220387867736,0.9931921331316188
0,4,1,mean,blend0.01,2644,0.0713443163188973,0.9931921331316188
0,4,1,mean,blend0.02,2644,0.07136049607091466,0.9931921331316188
0,4,1,mean,blend0.03,2644,0.07141464362670016,0.9931921331316188
0,4,1,mean,blend0.05,2644,0.07163643739821186,0.9931921331316188
0,4,1,mean,blend0.08,2644,0.072249815875319,0.9931921331316188
0,4,1,mean,blend0.1,2644,0.0728421834959038,0.9931921331316188
0,4,1,mean,blend0.15,2644,0.07493822882167091,0.9931921331316188
0,4,1,mean,blend0.2,2644,0.07785269738771092,0.9931921331316188
0,4,1,mean,blend0.3,2644,0.08578053929169978,0.9931921331316188
0,4,1,mean,blend0.4,2644,0.09590494767397557,0.9931921331316188
0,4,1,mean,hard,2644,0.17861010198507643,0.9931921331316188
0,4,1,mean,blend0.01,2644,0.07134793839851314,0.9931921331316188
0,4,1,mean,blend0.02,2644,0.07136835449072726,0.9931921331316188
0,4,1,mean,blend0.03,2644,0.07142734536498181,0.9931921331316188
0,4,1,mean,blend0.05,2644,0.07166060811053393,0.9931921331316188
0,4,1,mean,blend0.08,2644,0.07229545555864951,0.9931921331316188
0,4,1,mean,blend0.1,2644,0.07290479631065246,0.9931921331316188
0,4,1,mean,blend0.15,2644,0.07505147733308612,0.9931921331316188
0,4,1,mean,blend0.2,2644,0.07802619771022146,0.9931921331316188
0,4,1,mean,blend0.3,2644,0.08609331652893078,0.9931921331316188
0,4,1,mean,blend0.4,2644,0.09636920768900209,0.9931921331316188
0,4,0,median,mix,2644,0.18968275207765886,0.9965960665658093
0,4,0,median,blend0.01,2644,0.07135888637091525,0.9965960665658093
0,4,0,median,blend0.02,2644,0.07139588531706319,0.9965960665658093
0,4,0,median,blend0.03,2644,0.07147705832804163,0.9965960665658093
0,4,0,median,blend0.05,2644,0.07177124545397871,0.9965960665658093
0,4,0,median,blend0.08,2644,0.07253751971249166,0.9965960665658093
0,4,0,median,blend0.1,2644,0.07325974393863882,0.9965960665658093
0,4,0,median,blend0.15,2644,0.07576780162258326,0.9965960665658093
0,4,0,median,blend0.2,2644,0.07919861562115761,0.9965960665658093
0,4,0,median,blend0.3,2644,0.08837090268837908,0.9965960665658093
0,4,0,median,blend0.4,2644,0.09988982560255176,0.9965960665658093
0,4,0,median,hard,2644,0.19313388705682136,0.9965960665658093
0,4,0,median,blend0.01,2644,0.07135694699384874,0.9965960665658093
0,4,0,median,blend0.02,2644,0.0713939105453325,0.9965960665658093
0,4,0,median,blend0.03,2644,0.07147694925579946,0.9965960665658093
0,4,0,median,blend0.05,2644,0.07178052381186761,0.9965960665658093
0,4,0,median,blend0.08,2644,0.07257466385771263,0.9965960665658093
0,4,0,median,blend0.1,2644,0.07332423535736236,0.9965960665658093
0,4,0,median,blend0.15,2644,0.07592841506977117,0.9965960665658093
0,4,0,median,blend0.2,2644,0.0794889034488642,0.9965960665658093
0,4,0,median,blend0.3,2644,0.08899017575655808,0.9965960665658093
0,4,0,median,blend0.4,2644,0.10088974338247962,0.9965960665658093
0,4,0,mean,mix,2644,0.18220034575920754,0.9965960665658093
0,4,0,mean,blend0.01,2644,0.07135290902933492,0.9965960665658093
0,4,0,mean,blend0.02,2644,0.071380132915254,0.9965960665658093
0,4,0,mean,blend0.03,2644,0.07144775561942084,0.9965960665658093
0,4,0,mean,blend0.05,2644,0.07170367200615256,0.9965960665658093
0,4,0,mean,blend0.08,2644,0.07238552150363932,0.9965960665658093
0,4,0,mean,blend0.1,2644,0.07303441051648854,0.9965960665658093
0,4,0,mean,blend0.15,2644,0.07530571133636102,0.9965960665658093
0,4,0,mean,blend0.2,2644,0.0784359082328941,0.9965960665658093
0,4,0,mean,blend0.3,2644,0.08687706418488239,0.9965960665658093
0,4,0,mean,blend0.4,2644,0.0975721418371378,0.9965960665658093
0,4,0,mean,hard,2644,0.1853769466441946,0.9965960665658093
0,4,0,mean,blend0.01,2644,0.07135216624908441,0.9965960665658093
0,4,0,mean,blend0.02,2644,0.07138030964183817,0.9965960665658093
0,4,0,mean,blend0.03,2644,0.07145051061597305,0.9965960665658093
0,4,0,mean,blend0.05,2644,0.07171651729199513,0.9965960665658093
0,4,0,mean,blend0.08,2644,0.07242553472180357,0.9965960665658093
0,4,0,mean,blend0.1,2644,0.07310020746111189,0.9965960665658093
0,4,0,mean,blend0.15,2644,0.07546038016067648,0.9965960665658093
0,4,0,mean,blend0.2,2644,0.07870924203612745,0.9965960665658093
0,4,0,mean,blend0.3,2644,0.08745077410767967,0.9965960665658093
0,4,0,mean,blend0.4,2644,0.0984942620727206,0.9965960665658093
0,8,1,median,mix,2644,0.18502820395326325,0.9950832072617246
0,8,1,median,blend0.01,2644,0.07137418538614365,0.9950832072617246
0,8,1,median,blend0.02,2644,0.07142363245959737,0.9950832072617246
0,8,1,median,blend0.03,2644,0.07151438555608434,0.9950832072617246
0,8,1,median,blend0.05,2644,0.07181911220283423,0.9950832072617246
0,8,1,median,blend0.08,2644,0.07257985039565847,0.9950832072617246
0,8,1,median,blend0.1,2644,0.07328453830871137,0.9950832072617246
0,8,1,median,blend0.15,2644,0.07570363644801492,0.9950832072617246
0,8,1,median,blend0.2,2644,0.07898883418939649,0.9950832072617246
0,8,1,median,blend0.3,2644,0.08774372714523299,0.9950832072617246
0,8,1,median,blend0.4,2644,0.09874107926963506,0.9950832072617246
0,8,1,median,hard,2644,0.1867325927161546,0.9950832072617246
0,8,1,median,blend0.01,2644,0.0713751646110145,0.9950832072617246
0,8,1,median,blend0.02,2644,0.07142646143341319,0.9950832072617246
0,8,1,median,blend0.03,2644,0.07151992972485688,0.9950832072617246
0,8,1,median,blend0.05,2644,0.0718326479648924,0.9950832072617246
0,8,1,median,blend0.08,2644,0.07261157209494164,0.9950832072617246
0,8,1,median,blend0.1,2644,0.07333229998370575,0.9950832072617246
0,8,1,median,blend0.15,2644,0.07580379450038291,0.9950832072617246
0,8,1,median,blend0.2,2644,0.07915615221141296,0.9950832072617246
0,8,1,median,blend0.3,2644,0.08807573544937693,0.9950832072617246
0,8,1,median,blend0.4,2644,0.09925997404289898,0.9950832072617246
0,8,1,mean,mix,2644,0.1758573390822377,0.9950832072617246
0,8,1,mean,blend0.01,2644,0.07137047104816387,0.9950832072617246
0,8,1,mean,blend0.02,2644,0.07141162549521672,0.9950832072617246
0,8,1,mean,blend0.03,2644,0.0714895299578687,0.9950832072617246
0,8,1,mean,blend0.05,2644,0.0717550536724747,0.9950832072617246
0,8,1,mean,blend0.08,2644,0.07242419398703041,0.9950832072617246
0,8,1,mean,blend0.1,2644,0.07304699790935976,0.9950832072617246
0,8,1,mean,blend0.15,2644,0.0751954324875586,0.9950832072617246
0,8,1,mean,blend0.2,2644,0.07812973325055352,0.9950832072617246
0,8,1,mean,blend0.3,2644,0.08601336222702871,0.9950832072617246
0,8,1,mean,blend0.4,2644,0.09601038326637494,0.9950832072617246
0,8,1,mean,hard,2644,0.17718237870065692,0.9950832072617246
0,8,1,mean,blend0.01,2644,0.07137213166786717,0.9950832072617246
0,8,1,mean,blend0.02,2644,0.07141556964848973,0.9950832072617246
0,8,1,mean,blend0.03,2644,0.0714963759019217,0.9950832072617246
0,8,1,mean,blend0.05,2644,0.07176952997862772,0.9950832072617246
0,8,1,mean,blend0.08,2644,0.07245453197611001,0.9950832072617246
0,8,1,mean,blend0.1,2644,0.07309070094750927,0.9950832072617246
0,8,1,mean,blend0.15,2644,0.0752813385497057,0.9950832072617246
0,8,1,mean,blend0.2,2644,0.07826847091814593,0.9950832072617246
0,8,1,mean,blend0.3,2644,0.08627997139255088,0.9950832072617246
0,8,1,mean,blend0.4,2644,0.09642142052418881,0.9950832072617246
0,8,0,median,mix,2644,0.1873950250284916,0.9977307110438729
0,8,0,median,blend0.01,2644,0.07137308950815868,0.9977307110438729
0,8,0,median,blend0.02,2644,0.0714228272212185,0.9977307110438729
0,8,0,median,blend0.03,2644,0.07151525407839456,0.9977307110438729
0,8,0,median,blend0.05,2644,0.07182743993089709,0.9977307110438729
0,8,0,median,blend0.08,2644,0.07260938495413205,0.9977307110438729
0,8,0,median,blend0.1,2644,0.0733345900477779,0.9977307110438729
0,8,0,median,blend0.15,2644,0.07582524283012337,0.9977307110438729
0,8,0,median,blend0.2,2644,0.0792066738686913,0.9977307110438729
0,8,0,median,blend0.3,2644,0.08820617780233352,0.9977307110438729
0,8,0,median,blend0.4,2644,0.09948798896822968,0.9977307110438729
0,8,0,median,hard,2644,0.19082149489948766,0.9977307110438729
0,8,0,median,blend0.01,2644,0.07137453123985155,0.9977307110438729
0,8,0,median,blend0.02,2644,0.07142750808770205,0.9977307110438729
0,8,0,median,blend0.03,2644,0.07152496168912449,0.9977307110438729
0,8,0,median,blend0.05,2644,0.07185249267742944,0.9977307110438729
0,8,0,median,blend0.08,2644,0.0726702606037534,0.9977307110438729
0,8,0,median,blend0.1,2644,0.07342743115869312,0.9977307110438729
0,8,0,median,blend0.15,2644,0.07602332120286402,0.9977307110438729
0,8,0,median,blend0.2,2644,0.0795402656797656,0.9977307110438729
0,8,0,median,blend0.3,2644,0.0888725108930167,0.9977307110438729
0,8,0,median,blend0.4,2644,0.10053156534457049,0.9977307110438729
0,8,0,mean,mix,2644,0.17824999184186896,0.9977307110438729
0,8,0,mean,blend0.01,2644,0.0713752582012651,0.9977307110438729
0,8,0,mean,blend0.02,2644,0.07142239956391919,0.9977307110438729
0,8,0,mean,blend0.03,2644,0.07150747910122911,0.9977307110438729
0,8,0,mean,blend0.05,2644,0.07179085302894167,0.9977307110438729
0,8,0,mean,blend0.08,2644,0.07249519007314677,0.9977307110438729
0,8,0,mean,blend0.1,2644,0.07314674916009178,0.9977307110438729
0,8,0,mean,blend0.15,2644,0.07538358933547132,0.9977307110438729
0,8,0,mean,blend0.2,2644,0.07842603179972767,0.9977307110438729
0,8,0,mean,blend0.3,2644,0.08656622431634439,0.9977307110438729
0,8,0,mean,blend0.4,2644,0.09684860917068798,0.9977307110438729
0,8,0,mean,hard,2644,0.1804773163255021,0.9977307110438729
0,8,0,mean,blend0.01,2644,0.0713775185068975,0.9977307110438729
0,8,0,mean,blend0.02,2644,0.07142799884546908,0.9977307110438729
0,8,0,mean,blend0.03,2644,0.07151748843113583,0.9977307110438729
0,8,0,mean,blend0.05,2644,0.07181284843986277,0.9977307110438729
0,8,0,mean,blend0.08,2644,0.07254282002442657,0.9977307110438729
0,8,0,mean,blend0.1,2644,0.07321630557655959,0.9977307110438729
0,8,0,mean,blend0.15,2644,0.07552318281561288,0.9977307110438729
0,8,0,mean,blend0.2,2644,0.07865402991587715,0.9977307110438729
0,8,0,mean,blend0.3,2644,0.08700926156497815,0.9977307110438729
0,8,0,mean,blend0.4,2644,0.09753508563847882,0.9977307110438729
0,16,1,median,mix,2644,0.1851947499040045,0.995839636913767
0,16,1,median,blend0.01,2644,0.07139649838767703,0.995839636913767
0,16,1,median,blend0.02,2644,0.07146787578502874,0.995839636913767
0,16,1,median,blend0.03,2644,0.07158013970724227,0.995839636913767
0,16,1,median,blend0.05,2644,0.0719264916099781,0.995839636913767
0,16,1,median,blend0.08,2644,0.0727457195864324,0.995839636913767
0,16,1,median,blend0.1,2644,0.07348647463154516,0.995839636913767
0,16,1,median,blend0.15,2644,0.07598453667857406,0.995839636913767
0,16,1,median,blend0.2,2644,0.07933211062851388,0.995839636913767
0,16,1,median,blend0.3,2644,0.08816512920597484,0.995839636913767
0,16,1,median,blend0.4,2644,0.09919062781920049,0.995839636913767
0,16,1,median,hard,2644,0.18697976579723954,0.995839636913767
0,16,1,median,blend0.01,2644,0.07139829590519987,0.995839636913767
0,16,1,median,blend0.02,2644,0.07147236590010016,0.995839636913767
0,16,1,median,blend0.03,2644,0.07158821010804843,0.995839636913767
0,16,1,median,blend0.05,2644,0.0719443412262672,0.995839636913767
0,16,1,median,blend0.08,2644,0.07278454623702794,0.995839636913767
0,16,1,median,blend0.1,2644,0.07354325039177445,0.995839636913767
0,16,1,median,blend0.15,2644,0.07609854709531008,0.995839636913767
0,16,1,median,blend0.2,2644,0.07951808479818442,0.995839636913767
0,16,1,median,blend0.3,2644,0.08852498480232678,0.995839636913767
0,16,1,median,blend0.4,2644,0.09974593250368677,0.995839636913767
0,16,1,mean,mix,2644,0.17453091110794605,0.995839636913767
0,16,1,mean,blend0.01,2644,0.07138719943170357,0.995839636913767
0,16,1,mean,blend0.02,2644,0.07144408216793822,0.995839636913767
0,16,1,mean,blend0.03,2644,0.0715366929711739,0.995839636913767
0,16,1,mean,blend0.05,2644,0.07182849268267155,0.995839636913767
0,16,1,mean,blend0.08,2644,0.07252903017516865,0.995839636913767
0,16,1,mean,blend0.1,2644,0.07316736595722957,0.995839636913767
0,16,1,mean,blend0.15,2644,0.0753360324085613,0.995839636913767
0,16,1,mean,blend0.2,2644,0.0782655439826398,0.995839636913767
0,16,1,mean,blend0.3,2644,0.08607682812603079,0.995839636913767
0,16,1,mean,blend0.4,2644,0.09594080642322282,0.995839636913767
0,16,1,mean,hard,2644,0.17575216721033932,0.995839636913767
0,16,1,mean,blend0.01,2644,0.07138899228066754,0.995839636913767
0,16,1,mean,blend0.02,2644,0.07144823104610003,0.995839636913767
0,16,1,mean,blend0.03,2644,0.0715437561300997,0.995839636913767
0,16,1,mean,blend0.05,2644,0.07184303130319296,0.995839636913767
0,16,1,mean,blend0.08,2644,0.07255875523610972,0.995839636913767
0,16,1,mean,blend0.1,2644,0.0732097211798277,0.995839636913767
0,16,1,mean,blend0.15,2644,0.07541784221316451,0.995839636913767
0,16,1,mean,blend0.2,2644,0.07839632704034394,0.995839636913767
0,16,1,mean,blend0.3,2644,0.08632547129014402,0.995839636913767
0,16,1,mean,blend0.4,2644,0.09632222991280291,0.995839636913767
0,16,0,median,mix,2644,0.18853351749659597,0.9992435703479576
0,16,0,median,blend0.01,2644,0.07141587026209464,0.9992435703479576
0,16,0,median,blend0.02,2644,0.07150809491451092,0.9992435703479576
0,16,0,median,blend0.03,2644,0.07164264008208544,0.9992435703479576
0,16,0,median,blend0.05,2644,0.07203766887568477,0.9992435703479576
0,16,0,median,blend0.08,2644,0.07293939933497123,0.9992435703479576
0,16,0,median,blend0.1,2644,0.07374079671823214,0.9992435703479576
0,16,0,median,blend0.15,2644,0.07640656143087864,0.9992435703479576
0,16,0,median,blend0.2,2644,0.07993871605296013,0.9992435703479576
0,16,0,median,blend0.3,2644,0.0891661606752729,0.9992435703479576
0,16,0,median,blend0.4,2644,0.10059285639029258,0.9992435703479576
0,16,0,median,hard,2644,0.19091485258233393,0.9992435703479576
0,16,0,median,blend0.01,2644,0.071420284219996,0.9992435703479576
0,16,0,median,blend0.02,2644,0.07151809738190577,0.9992435703479576
0,16,0,median,blend0.03,2644,0.07165939089950724,0.9992435703479576
0,16,0,median,blend0.05,2644,0.07207131741340131,0.9992435703479576
0,16,0,median,blend0.08,2644,0.07300650996561596,0.9992435703479576
0,16,0,median,blend0.1,2644,0.07383525544042747,0.9992435703479576
0,16,0,median,blend0.15,2644,0.0765848222277099,0.9992435703479576
0,16,0,median,blend0.2,2644,0.08021873186976657,0.9992435703479576
0,16,0,median,blend0.3,2644,0.08968458356607963,0.9992435703479576
0,16,0,median,blend0.4,2644,0.10137299298055681,0.9992435703479576
0,16,0,mean,mix,2644,0.17776440965243562,0.9992435703479576
0,16,0,mean,blend0.01,2644,0.07140110916283145,0.9992435703479576
0,16,0,mean,blend0.02,2644,0.0714733352308152,0.9992435703479576
0,16,0,mean,blend0.03,2644,0.07158269565266374,0.9992435703479576
0,16,0,mean,blend0.05,2644,0.07191208436922895,0.9992435703479576
0,16,0,mean,blend0.08,2644,0.07267865425694815,0.9992435703479576
0,16,0,mean,blend0.1,2644,0.07336693009483902,0.9992435703479576
0,16,0,mean,blend0.15,2644,0.07567826767667063,0.9992435703479576
0,16,0,mean,blend0.2,2644,0.07877073809054698,0.9992435703479576
0,16,0,mean,blend0.3,2644,0.08694534364913278,0.9992435703479576
0,16,0,mean,blend0.4,2644,0.0971941214289719,0.9992435703479576
0,16,0,mean,hard,2644,0.17936495705800826,0.9992435703479576
0,16,0,mean,blend0.01,2644,0.0714051658609874,0.9992435703479576
0,16,0,mean,blend0.02,2644,0.07148216544948571,0.9992435703479576
0,16,0,mean,blend0.03,2644,0.07159700647399807,0.9992435703479576
0,16,0,mean,blend0.05,2644,0.07193942821812312,0.9992435703479576
0,16,0,mean,blend0.08,2644,0.07273049239590781,0.9992435703479576
0,16,0,mean,blend0.1,2644,0.07343817433895937,0.9992435703479576
0,16,0,mean,blend0.15,2644,0.07580749892040259,0.9992435703479576
0,16,0,mean,blend0.2,2644,0.07896908040070388,0.9992435703479576
0,16,0,mean,blend0.3,2644,0.08730392411673407,0.9992435703479576
0,16,0,mean,blend0.4,2644,0.09772790783999354,0.9992435703479576
0,32,1,median,mix,2644,0.1841229732880921,0.9977307110438729
0,32,1,median,blend0.01,2644,0.0714138902800441,0.9977307110438729
0,32,1,median,blend0.02,2644,0.0715012705143267,0.9977307110438729
0,32,1,median,blend0.03,2644,0.07162812589757166,0.9977307110438729
0,32,1,median,blend0.05,2644,0.07199936257410466,0.9977307110438729
0,32,1,median,blend0.08,2644,0.07284506644115414,0.9977307110438729
0,32,1,median,blend0.1,2644,0.07359627190505094,0.9977307110438729
0,32,1,median,blend0.15,2644,0.07609621291913653,0.9977307110438729
0,32,1,median,blend0.2,2644,0.07941394939186999,0.9977307110438729
0,32,1,median,blend0.3,2644,0.08811138915019455,0.9977307110438729
0,32,1,median,blend0.4,2644,0.09893197591380552,0.9977307110438729
0,32,1,median,hard,2644,0.18648189392659315,0.9977307110438729
0,32,1,median,blend0.01,2644,0.07141804405301017,0.9977307110438729
0,32,1,median,blend0.02,2644,0.07151071593236843,0.9977307110438729
0,32,1,median,blend0.03,2644,0.07164398767033217,0.9977307110438729
0,32,1,median,blend0.05,2644,0.07203136066765783,0.9977307110438729
0,32,1,median,blend0.08,2644,0.07290917871029767,0.9977307110438729
0,32,1,median,blend0.1,2644,0.07368673071852115,0.9977307110438729
0,32,1,median,blend0.15,2644,0.07626779550995993,0.9977307110438729
0,32,1,median,blend0.2,2644,0.07968465324973092,0.9977307110438729
0,32,1,median,blend0.3,2644,0.08861632793982238,0.9977307110438729
0,32,1,median,blend0.4,2644,0.09969635462748236,0.9977307110438729
0,32,1,mean,mix,2644,0.17368323251437867,0.9977307110438729
0,32,1,mean,blend0.01,2644,0.0714007545997846,0.9977307110438729
0,32,1,mean,blend0.02,2644,0.0714700268214754,0.9977307110438729
0,32,1,mean,blend0.03,2644,0.071573846258472,0.9977307110438729
0,32,1,mean,blend0.05,2644,0.07188447823240426,0.9977307110438729
0,32,1,mean,blend0.08,2644,0.07260423891863746,0.9977307110438729
0,32,1,mean,blend0.1,2644,0.073249408398433,0.9977307110438729
0,32,1,mean,blend0.15,2644,0.07541496800255507,0.9977307110438729
0,32,1,mean,blend0.2,2644,0.07831476817984546,0.9977307110438729
0,32,1,mean,blend0.3,2644,0.08600177784166825,0.9977307110438729
0,32,1,mean,blend0.4,2644,0.09568063786009477,0.9977307110438729
0,32,1,mean,hard,2644,0.1753660215409308,0.9977307110438729
0,32,1,mean,blend0.01,2644,0.07140429594096583,0.9977307110438729
0,32,1,mean,blend0.02,2644,0.07147785917801815,0.9977307110438729
0,32,1,mean,blend0.03,2644,0.071586710781002,0.9977307110438729
0,32,1,mean,blend0.05,2644,0.07190958613252692,0.9977307110438729
0,32,1,mean,blend0.08,2644,0.07265294356138677,0.9977307110438729
0,32,1,mean,blend0.1,2644,0.07331712599842706,0.9977307110438729
0,32,1,mean,blend0.15,2644,0.0755404639888709,0.9977307110438729
0,32,1,mean,blend0.2,2644,0.07851032277799733,0.9977307110438729
0,32,1,mean,blend0.3,2644,0.0863628044531233,0.9977307110438729
0,32,1,mean,blend0.4,2644,0.09622572730605107,0.9977307110438729
0,32,0,median,mix,2644,0.1895882647904154,1.0
0,32,0,median,blend0.01,2644,0.071440815469072,1.0
0,32,0,median,blend0.02,2644,0.07155747805943949,1.0
0,32,0,median,blend0.03,2644,0.07171591310806574,1.0
0,32,0,median,blend0.05,2644,0.07215692740397481,1.0
0,32,0,median,blend0.08,2644,0.07312266718833191,1.0
0,32,0,median,blend0.1,2644,0.07396312723071845,1.0
0,32,0,median,blend0.15,2644,0.07671304055370896,1.0
0,32,0,median,blend0.2,2644,0.08030978381321384,1.0
0,32,0,median,blend0.3,2644,0.08961292372215757,1.0
0,32,0,median,blend0.4,2644,0.10105933086791986,1.0
0,32,0,median,hard,2644,0.19176181000460446,1.0
0,32,0,median,blend0.01,2644,0.07144561837735029,1.0
0,32,0,median,blend0.02,2644,0.07156814091398667,1.0
0,32,0,median,blend0.03,2644,0.07173347729329009,1.0
0,32,0,median,blend0.05,2644,0.07219133876313487,1.0
0,32,0,median,blend0.08,2644,0.07318958293505347,1.0
0,32,0,median,blend0.1,2644,0.07405618339772961,1.0
0,32,0,median,blend0.15,2644,0.07688505225317549,1.0
0,32,0,median,blend0.2,2644,0.08057647469342268,1.0
0,32,0,median,blend0.3,2644,0.09009924784727673,1.0
0,32,0,median,blend0.4,2644,0.10178524876087794,1.0
0,32,0,mean,mix,2644,0.17910421759717823,1.0
0,32,0,mean,blend0.01,2644,0.07142258690636986,1.0
0,32,0,mean,blend0.02,2644,0.07151598423077367,1.0
0,32,0,mean,blend0.03,2644,0.0716461777012219,1.0
0,32,0,mean,blend0.05,2644,0.0720160984252419,1.0
0,32,0,mean,blend0.08,2644,0.07284023031056656,1.0
0,32,0,mean,blend0.1,2644,0.07356446010744808,1.0
0,32,0,mean,blend0.15,2644,0.07595629410666839,1.0
0,32,0,mean,blend0.2,2644,0.07911513700265767,1.0
0,32,0,mean,blend0.3,2644,0.08738163351097904,1.0
0,32,0,mean,blend0.4,2644,0.09767683813061108,1.0
0,32,0,mean,hard,2644,0.1804631068003707,1.0
0,32,0,mean,blend0.01,2644,0.07142611509827922,1.0
0,32,0,mean,blend0.02,2644,0.07152365009926066,1.0
0,32,0,mean,blend0.03,2644,0.07165858186823577,1.0
0,32,0,mean,blend0.05,2644,0.07203973693820681,1.0
0,32,0,mean,blend0.08,2644,0.07288490865698936,1.0
0,32,0,mean,blend0.1,2644,0.07362576665991662,1.0
0,32,0,mean,blend0.15,2644,0.07606716764349443,1.0
0,32,0,mean,blend0.2,2644,0.0792849615580094,1.0
0,32,0,mean,blend0.3,2644,0.08768796598099282,1.0
0,32,0,mean,blend0.4,2644,0.09813244245481034,1.0
1,1,1,median,mix,2644,0.20726025031115214,0.8275340393343419
1,1,1,median,blend0.01,2644,0.0645039968062187,0.8275340393343419
1,1,1,median,blend0.02,2644,0.06459035075183922,0.8275340393343419
1,1,1,median,blend0.03,2644,0.06472681570943964,0.8275340393343419
1,1,1,median,blend0.05,2644,0.065148703450396,0.8275340393343419
1,1,1,median,blend0.08,2644,0.06614596594360414,0.8275340393343419
1,1,1,median,blend0.1,2644,0.06704532984249008,0.8275340393343419
1,1,1,median,blend0.15,2644,0.07005915593510159,0.8275340393343419
1,1,1,median,blend0.2,2644,0.07405390463182482,0.8275340393343419
1,1,1,median,blend0.3,2644,0.08439686525973737,0.8275340393343419
1,1,1,median,blend0.4,2644,0.09701353759677496,0.8275340393343419
1,1,1,median,hard,2644,0.20792949720639997,0.8275340393343419
1,1,1,median,blend0.01,2644,0.06450967437763075,0.8275340393343419
1,1,1,median,blend0.02,2644,0.06460193522049354,0.8275340393343419
1,1,1,median,blend0.03,2644,0.06474452170532738,0.8275340393343419
1,1,1,median,blend0.05,2644,0.0651792339335984,0.8275340393343419
1,1,1,median,blend0.08,2644,0.06619694127641752,0.8275340393343419
1,1,1,median,blend0.1,2644,0.06711054750641882,0.8275340393343419
1,1,1,median,blend0.15,2644,0.07016121723857548,0.8275340393343419
1,1,1,median,blend0.2,2644,0.07419329477474763,0.8275340393343419
1,1,1,median,blend0.3,2644,0.08460836520014327,0.8275340393343419
1,1,1,median,blend0.4,2644,0.09729140251602893,0.8275340393343419
1,1,1,mean,mix,2644,0.20726025031115214,0.8275340393343419
1,1,1,mean,blend0.01,2644,0.0645039968062187,0.8275340393343419
1,1,1,mean,blend0.02,2644,0.06459035075183922,0.8275340393343419
1,1,1,mean,blend0.03,2644,0.06472681570943964,0.8275340393343419
1,1,1,mean,blend0.05,2644,0.065148703450396,0.8275340393343419
1,1,1,mean,blend0.08,2644,0.06614596594360414,0.8275340393343419
1,1,1,mean,blend0.1,2644,0.06704532984249008,0.8275340393343419
1,1,1,mean,blend0.15,2644,0.07005915593510159,0.8275340393343419
1,1,1,mean,blend0.2,2644,0.07405390463182482,0.8275340393343419
1,1,1,mean,blend0.3,2644,0.08439686525973737,0.8275340393343419
1,1,1,mean,blend0.4,2644,0.09701353759677496,0.8275340393343419
1,1,1,mean,hard,2644,0.20792949720639997,0.8275340393343419
1,1,1,mean,blend0.01,2644,0.06450967437763075,0.8275340393343419
1,1,1,mean,blend0.02,2644,0.06460193522049354,0.8275340393343419
1,1,1,mean,blend0.03,2644,0.06474452170532738,0.8275340393343419
1,1,1,mean,blend0.05,2644,0.0651792339335984,0.8275340393343419
1,1,1,mean,blend0.08,2644,0.06619694127641752,0.8275340393343419
1,1,1,mean,blend0.1,2644,0.06711054750641882,0.8275340393343419
1,1,1,mean,blend0.15,2644,0.07016121723857548,0.8275340393343419
1,1,1,mean,blend0.2,2644,0.07419329477474763,0.8275340393343419
1,1,1,mean,blend0.3,2644,0.08460836520014327,0.8275340393343419
1,1,1,mean,blend0.4,2644,0.09729140251602893,0.8275340393343419
1,1,0,median,mix,2644,0.20820045710924592,0.8396369137670197
1,1,0,median,blend0.01,2644,0.06450064257265135,0.8396369137670197
1,1,0,median,blend0.02,2644,0.06458496398840846,0.8396369137670197
1,1,0,median,blend0.03,2644,0.06472071767505522,0.8396369137670197
1,1,0,median,blend0.05,2644,0.06514511392290186,0.8396369137670197
1,1,0,median,blend0.08,2644,0.06615569166512844,0.8396369137670197
1,1,0,median,blend0.1,2644,0.06706996742399784,0.8396369137670197
1,1,0,median,blend0.15,2644,0.07013986911708449,0.8396369137670197
1,1,0,median,blend0.2,2644,0.0742128560058477,0.8396369137670197
1,1,0,median,blend0.3,2644,0.08475623665514284,0.8396369137670197
1,1,0,median,blend0.4,2644,0.09760428011337319,0.8396369137670197
1,1,0,median,hard,2644,0.20920738334280486,0.8396369137670197
1,1,0,median,blend0.01,2644,0.06450585146363488,0.8396369137670197
1,1,0,median,blend0.02,2644,0.06459581450963757,0.8396369137670197
1,1,0,median,blend0.03,2644,0.06473762731535547,0.8396369137670197
1,1,0,median,blend0.05,2644,0.06517532465871338,0.8396369137670197
1,1,0,median,blend0.08,2644,0.06620851507823035,0.8396369137670197
1,1,0,median,blend0.1,2644,0.06713938943902335,0.8396369137670197
1,1,0,median,blend0.15,2644,0.07025483088518092,0.8396369137670197
1,1,0,median,blend0.2,2644,0.07437710595169915,0.8396369137670197
1,1,0,median,blend0.3,2644,0.08502285621874418,0.8396369137670197
1,1,0,median,blend0.4,2644,0.09797190507371863,0.8396369137670197
1,1,0,mean,mix,2644,0.20820045710924592,0.8396369137670197
1,1,0,mean,blend0.01,2644,0.06450064257265135,0.8396369137670197
1,1,0,mean,blend0.02,2644,0.06458496398840846,0.8396369137670197
1,1,0,mean,blend0.03,2644,0.06472071767505522,0.8396369137670197
1,1,0,mean,blend0.05,2644,0.06514511392290186,0.8396369137670197
1,1,0,mean,blend0.08,2644,0.06615569166512844,0.8396369137670197
1,1,0,mean,blend0.1,2644,0.06706996742399784,0.8396369137670197
1,1,0,mean,blend0.15,2644,0.07013986911708449,0.8396369137670197
1,1,0,mean,blend0.2,2644,0.0742128560058477,0.8396369137670197
1,1,0,mean,blend0.3,2644,0.08475623665514284,0.8396369137670197
1,1,0,mean,blend0.4,2644,0.09760428011337319,0.8396369137670197
1,1,0,mean,hard,2644,0.20920738334280486,0.8396369137670197
1,1,0,mean,blend0.01,2644,0.06450585146363488,0.8396369137670197
1,1,0,mean,blend0.02,2644,0.06459581450963757,0.8396369137670197
1,1,0,mean,blend0.03,2644,0.06473762731535547,0.8396369137670197
1,1,0,mean,blend0.05,2644,0.06517532465871338,0.8396369137670197
1,1,0,mean,blend0.08,2644,0.06620851507823035,0.8396369137670197
1,1,0,mean,blend0.1,2644,0.06713938943902335,0.8396369137670197
1,1,0,mean,blend0.15,2644,0.07025483088518092,0.8396369137670197
1,1,0,mean,blend0.2,2644,0.07437710595169915,0.8396369137670197
1,1,0,mean,blend0.3,2644,0.08502285621874418,0.8396369137670197
1,1,0,mean,blend0.4,2644,0.09797190507371863,0.8396369137670197
1,2,1,median,mix,2644,0.20082158819134358,0.9670953101361573
1,2,1,median,blend0.01,2644,0.0644528038092327,0.9670953101361573
1,2,1,median,blend0.02,2644,0.06449288279475103,0.9670953101361573
1,2,1,median,blend0.03,2644,0.06458808938182863,0.9670953101361573
1,2,1,median,blend0.05,2644,0.06494277517295415,0.9670953101361573
1,2,1,median,blend0.08,2644,0.06587782845355533,0.9670953101361573
1,2,1,median,blend0.1,2644,0.06676110023090695,0.9670953101361573
1,2,1,median,blend0.15,2644,0.06981803938600635,0.9670953101361573
1,2,1,median,blend0.2,2644,0.07396016769964121,0.9670953101361573
1,2,1,median,blend0.3,2644,0.08482513164994479,0.9670953101361573
1,2,1,median,blend0.4,2644,0.09814598394155229,0.9670953101361573
1,2,1,median,hard,2644,0.20200049112131677,0.9670953101361573
1,2,1,median,blend0.01,2644,0.06445875821216475,0.9670953101361573
1,2,1,median,blend0.02,2644,0.06450538262242458,0.9670953101361573
1,2,1,median,blend0.03,2644,0.06460770762153818,0.9670953101361573
1,2,1,median,blend0.05,2644,0.06497826357560471,0.9670953101361573
1,2,1,median,blend0.08,2644,0.06594082700299793,0.9670953101361573
1,2,1,median,blend0.1,2644,0.0668445788180819,0.9670953101361573
1,2,1,median,blend0.15,2644,0.06995846048388246,0.9670953101361573
1,2,1,median,blend0.2,2644,0.07416292985734381,0.9670953101361573
1,2,1,median,blend0.3,2644,0.08515835012523744,0.9670953101361573
1,2,1,median,blend0.4,2644,0.09860837190851723,0.9670953101361573
1,2,1,mean,mix,2644,0.19596885950974263,0.9670953101361573
1,2,1,mean,blend0.01,2644,0.06445080897001386,0.9670953101361573
1,2,1,mean,blend0.02,2644,0.06448601901569176,0.9670953101361573
1,2,1,mean,blend0.03,2644,0.06457349973391364,0.9670953101361573
1,2,1,mean,blend0.05,2644,0.0649043014756715,0.9670953101361573
1,2,1,mean,blend0.08,2644,0.06578330473390152,0.9670953101361573
1,2,1,mean,blend0.1,2644,0.06661665063464921,0.9670953101361573
1,2,1,mean,blend0.15,2644,0.06951076627601721,0.9670953101361573
1,2,1,mean,blend0.2,2644,0.07344708169522735,0.9670953101361573
1,2,1,mean,blend0.3,2644,0.08382245675459771,0.9670953101361573
1,2,1,mean,blend0.4,2644,0.0966072951814298,0.9670953101361573
1,2,1,mean,hard,2644,0.19691093267130425,0.9670953101361573
1,2,1,mean,blend0.01,2644,0.06445569397442996,0.9670953101361573
1,2,1,mean,blend0.02,2644,0.06449624528951624,0.9670953101361573
1,2,1,mean,blend0.03,2644,0.06458950971510122,0.9670953101361573
1,2,1,mean,blend0.05,2644,0.06493314097620316,0.9670953101361573
1,2,1,mean,blend0.08,2644,0.0658342568900887,0.9670953101361573
1,2,1,mean,blend0.1,2644,0.06668400702405965,0.9670953101361573
1,2,1,mean,blend0.15,2644,0.06962362559020477,0.9670953101361573
1,2,1,mean,blend0.2,2644,0.07360971498148876,0.9670953101361573
1,2,1,mean,blend0.3,2644,0.08408934114196903,0.9670953101361573
1,2,1,mean,blend0.4,2644,0.09697751417152402,0.9670953101361573
1,2,0,median,mix,2644,0.20163347197304135,0.9773071104387292
1,2,0,median,blend0.01,2644,0.06444451054571369,0.9773071104387292
1,2,0,median,blend0.02,2644,0.0644775263435363,0.9773071104387292
1,2,0,median,blend0.03,2644,0.06456691602354389,0.9773071104387292
1,2,0,median,blend0.05,2644,0.0649137386084539,0.9773071104387292
1,2,0,median,blend0.08,2644,0.06584637054855914,0.9773071104387292
1,2,0,median,blend0.1,2644,0.0667340925225242,0.9773071104387292
1,2,0,median,blend0.15,2644,0.06982158825973059,0.9773071104387292
1,2,0,median,blend0.2,2644,0.07401782695436462,0.9773071104387292
1,2,0,median,blend0.3,2644,0.08503949705755125,0.9773071104387292
1,2,0,median,blend0.4,2644,0.09855288510779285,0.9773071104387292
1,2,0,median,hard,2644,0.20386955671094711,0.9773071104387292
1,2,0,median,blend0.01,2644,0.06445128048993924,0.9773071104387292
1,2,0,median,blend0.02,2644,0.06449230986814791,0.9773071104387292
1,2,0,median,blend0.03,2644,0.06459093341240763,0.9773071104387292
1,2,0,median,blend0.05,2644,0.06495976052804737,0.9773071104387292
1,2,0,median,blend0.08,2644,0.06593363700098505,0.9773071104387292
1,2,0,median,blend0.1,2644,0.06685378084415038,0.9773071104387292
1,2,0,median,blend0.15,2644,0.0700363464849945,0.9773071104387292
1,2,0,median,blend0.2,2644,0.07434215449720842,0.9773071104387292
1,2,0,median,blend0.3,2644,0.08560432827529388,0.9773071104387292
1,2,0,median,blend0.4,2644,0.09936530212146545,0.9773071104387292
1,2,0,mean,mix,2644,0.19608268488766026,0.9773071104387292
1,2,0,mean,blend0.01,2644,0.06444177251831247,0.9773071104387292
1,2,0,mean,blend0.02,2644,0.06446872790380544,0.9773071104387292
1,2,0,mean,blend0.03,2644,0.06454875482746229,0.9773071104387292
1,2,0,mean,blend0.05,2644,0.06486710733709032,0.9773071104387292
1,2,0,mean,blend0.08,2644,0.06573368018831714,0.9773071104387292
1,2,0,mean,blend0.1,2644,0.06656287986321917,0.9773071104387292
1,2,0,mean,blend0.15,2644,0.06946037242405328,0.9773071104387292
1,2,0,mean,blend0.2,2644,0.07341744138207278,0.9773071104387292
1,2,0,mean,blend0.3,2644,0.08387269176133051,0.9773071104387292
1,2,0,mean,blend0.4,2644,0.09676848737212204,0.9773071104387292
1,2,0,mean,hard,2644,0.19807205342365047,0.9773071104387292
1,2,0,mean,blend0.01,2644,0.06444701884289154,0.9773071104387292
1,2,0,mean,blend0.02,2644,0.06448031029006457,0.9773071104387292
1,2,0,mean,blend0.03,2644,0.06456774570308214,0.9773071104387292
1,2,0,mean,blend0.05,2644,0.06490403765137659,0.9773071104387292
1,2,0,mean,blend0.08,2644,0.06580485184369488,0.9773071104387292
1,2,0,mean,blend0.1,2644,0.06666131390486515,0.9773071104387292
1,2,0,mean,blend0.15,2644,0.0696398395840477,0.9773071104387292
1,2,0,mean,blend0.2,2644,0.07369167904694596,0.9773071104387292
1,2,0,mean,blend0.3,2644,0.08435825757317597,0.9773071104387292
1,2,0,mean,blend0.4,2644,0.09747454514690279,0.9773071104387292
1,4,1,median,mix,2644,0.1944118929147714,0.9863842662632375
1,4,1,median,blend0.01,2644,0.06448969137356243,0.9863842662632375
1,4,1,median,blend0.02,2644,0.06456302262918989,0.9863842662632375
1,4,1,median,blend0.03,2644,0.06468777354150308,0.9863842662632375
1,4,1,median,blend0.05,2644,0.0650902298872452,0.9863842662632375
1,4,1,median,blend0.08,2644,0.06606842799058776,0.9863842662632375
1,4,1,median,blend0.1,2644,0.06696172585858717,0.9863842662632375
1,4,1,median,blend0.15,2644,0.06998229320789216,0.9863842662632375
1,4,1,median,blend0.2,2644,0.07401137699569471,0.9863842662632375
1,4,1,median,blend0.3,2644,0.08448402711514008,0.9863842662632375
1,4,1,median,blend0.4,2644,0.09728038583568226,0.9863842662632375
1,4,1,median,hard,2644,0.19561604327439736,0.9863842662632375
1,4,1,median,blend0.01,2644,0.06449386472347675,0.9863842662632375
1,4,1,median,blend0.02,2644,0.0645720000528423,0.9863842662632375
1,4,1,median,blend0.03,2644,0.06470217202412425,0.9863842662632375
1,4,1,median,blend0.05,2644,0.06511725287627253,0.9863842662632375
1,4,1,median,blend0.08,2644,0.06611852602054243,0.9863842662632375
1,4,1,median,blend0.1,2644,0.06702967805570695,0.9863842662632375
1,4,1,median,blend0.15,2644,0.07010193012588756,0.9863842662632375
1,4,1,median,blend0.2,2644,0.07419006148751814,0.9863842662632375
1,4,1,median,blend0.3,2644,0.08479197900088738,0.9863842662632375
1,4,1,median,blend0.4,2644,0.09772165153305243,0.9863842662632375
1,4,1,mean,mix,2644,0.18305784553208776,0.9863842662632375
1,4,1,mean,blend0.01,2644,0.06446891468589641,0.9863842662632375
1,4,1,mean,blend0.02,2644,0.06451531075881103,0.9863842662632375
1,4,1,mean,blend0.03,2644,0.06460704557292984,0.9863842662632375
1,4,1,mean,blend0.05,2644,0.06492566772748888,0.9863842662632375
1,4,1,mean,blend0.08,2644,0.06573587469462584,0.9863842662632375
1,4,1,mean,blend0.1,2644,0.06649123064244067,0.9863842662632375
1,4,1,mean,blend0.15,2644,0.06908937342699507,0.9863842662632375
1,4,1,mean,blend0.2,2644,0.07260933572500088,0.9863842662632375
1,4,1,mean,blend0.3,2644,0.08190978512556278,0.9863842662632375
1,4,1,mean,blend0.4,2644,0.09344718051935101,0.9863842662632375
1,4,1,mean,hard,2644,0.18413820064906167,0.9863842662632375
1,4,1,mean,blend0.01,2644,0.06447293738520941,0.9863842662632375
1,4,1,mean,blend0.02,2644,0.06452388149272054,0.9863842662632375
1,4,1,mean,blend0.03,2644,0.0646206788613788,0.9863842662632375
1,4,1,mean,blend0.05,2644,0.06495091624581562,0.9863842662632375
1,4,1,mean,blend0.08,2644,0.0657820248376328,0.9863842662632375
1,4,1,mean,blend0.1,2644,0.06655341038968188,0.9863842662632375
1,4,1,mean,blend0.15,2644,0.06919770222381888,0.9863842662632375
1,4,1,mean,blend0.2,2644,0.07277031123231255,0.9863842662632375
1,4,1,mean,blend0.3,2644,0.0821863890198832,0.9863842662632375
1,4,1,mean,blend0.4,2644,0.09384353714740963,0.9863842662632375
1,4,0,median,mix,2644,0.19487278242480413,0.9905446293494705
1,4,0,median,blend0.01,2644,0.06447383062712508,0.9905446293494705
1,4,0,median,blend0.02,2644,0.06453212972666983,0.9905446293494705
1,4,0,median,blend0.03,2644,0.06464271070314519,0.9905446293494705
1,4,0,median,blend0.05,2644,0.06501952516768181,0.9905446293494705
1,4,0,median,blend0.08,2644,0.06596629197550874,0.9905446293494705
1,4,0,median,blend0.1,2644,0.06684342727329888,0.9905446293494705
1,4,0,median,blend0.15,2644,0.06984005013534057,0.9905446293494705
1,4,0,median,blend0.2,2644,0.07386680684061736,0.9905446293494705
1,4,0,median,blend0.3,2644,0.08438543359278168,0.9905446293494705
1,4,0,median,blend0.4,2644,0.09727195134816032,0.9905446293494705
1,4,0,median,hard,2644,0.19778984463820912,0.9905446293494705
1,4,0,median,blend0.01,2644,0.06448245683094812,0.9905446293494705
1,4,0,median,blend0.02,2644,0.06455096677041992,0.9905446293494705
1,4,0,median,blend0.03,2644,0.06467331342369301,0.9905446293494705
1,4,0,median,blend0.05,2644,0.06507816872111402,0.9905446293494705
1,4,0,median,blend0.08,2644,0.06607752683518911,0.9905446293494705
1,4,0,median,blend0.1,2644,0.06699605204171157,0.9905446293494705
1,4,0,median,blend0.15,2644,0.07011437861325413,0.9905446293494705
1,4,0,median,blend0.2,2644,0.07428211993161513,0.9905446293494705
1,4,0,median,blend0.3,2644,0.0851128915626435,0.9905446293494705
1,4,0,median,blend0.4,2644,0.09832387245747645,0.9905446293494705
1,4,0,mean,mix,2644,0.18372562492543912,0.9905446293494705
1,4,0,mean,blend0.01,2644,0.06446296920642348,0.9905446293494705
1,4,0,mean,blend0.02,2644,0.0645040980209862,0.9905446293494705
1,4,0,mean,blend0.03,2644,0.06459125359408195,0.9905446293494705
1,4,0,mean,blend0.05,2644,0.06490280540814061,0.9905446293494705
1,4,0,mean,blend0.08,2644,0.06570763798101993,0.9905446293494705
1,4,0,mean,blend0.1,2644,0.06646283898277203,0.9905446293494705
1,4,0,mean,blend0.15,2644,0.06907185896213933,0.9905446293494705
1,4,0,mean,blend0.2,2644,0.07261688752868938,0.9905446293494705
1,4,0,mean,blend0.3,2644,0.0819989476712369,0.9905446293494705
1,4,0,mean,blend0.4,2644,0.0936437619927652,0.9905446293494705
1,4,0,mean,hard,2644,0.18636825963740267,0.9905446293494705
1,4,0,mean,blend0.01,2644,0.0644715944088908,0.9905446293494705
1,4,0,mean,blend0.02,2644,0.06452267880933348,0.9905446293494705
1,4,0,mean,blend0.03,2644,0.06462109592385908,0.9905446293494705
1,4,0,mean,blend0.05,2644,0.06495896428837095,0.9905446293494705
1,4,0,mean,blend0.08,2644,0.06581216654347388,0.9905446293494705
1,4,0,mean,blend0.1,2644,0.06660499901483481,0.9905446293494705
1,4,0,mean,blend0.15,2644,0.06932383291568496,0.9905446293494705
1,4,0,mean,blend0.2,2644,0.07299569021856586,0.9905446293494705
1,4,0,mean,blend0.3,2644,0.08265925201230036,0.9905446293494705
1,4,0,mean,blend0.4,2644,0.09459793524179369,0.9905446293494705
1,8,1,median,mix,2644,0.19385385758205975,0.9897881996974282
1,8,1,median,blend0.01,2644,0.06449826754273527,0.9897881996974282
1,8,1,median,blend0.02,2644,0.06457976837318172,0.9897881996974282
1,8,1,median,blend0.03,2644,0.06471226432783475,0.9897881996974282
1,8,1,median,blend0.05,2644,0.06512887692556722,0.9897881996974282
1,8,1,median,blend0.08,2644,0.0661248143564686,0.9897881996974282
1,8,1,median,blend0.1,2644,0.06702754337322565,0.9897881996974282
1,8,1,median,blend0.15,2644,0.07006340083288005,0.9897881996974282
1,8,1,median,blend0.2,2644,0.0740968036182614,0.9897881996974282
1,8,1,median,blend0.3,2644,0.0845520636085103,0.9897881996974282
1,8,1,median,blend0.4,2644,0.09730794948354822,0.9897881996974282
1,8,1,median,hard,2644,0.19519974275718388,0.9897881996974282
1,8,1,median,blend0.01,2644,0.06450117025761826,0.9897881996974282
1,8,1,median,blend0.02,2644,0.0645863183467039,0.9897881996974282
1,8,1,median,blend0.03,2644,0.06472319454427057,0.9897881996974282
1,8,1,median,blend0.05,2644,0.06515070395049843,0.9897881996974282
1,8,1,median,blend0.08,2644,0.06616801724395942,0.9897881996974282
1,8,1,median,blend0.1,2644,0.06708805582045739,0.9897881996974282
1,8,1,median,blend0.15,2644,0.07017618027968511,0.9897881996974282
1,8,1,median,blend0.2,2644,0.07427167266111401,0.9897881996974282
1,8,1,median,blend0.3,2644,0.08486777734458183,0.9897881996974282
1,8,1,median,blend0.4,2644,0.09777311516136909,0.9897881996974282
1,8,1,mean,mix,2644,0.18274672361470168,0.9897881996974282
1,8,1,mean,blend0.01,2644,0.06448304536625804,0.9897881996974282
1,8,1,mean,blend0.02,2644,0.0645431869607113,0.9897881996974282
1,8,1,mean,blend0.03,2644,0.06464825429268951,0.9897881996974282
1,8,1,mean,blend0.05,2644,0.06499220148072762,0.9897881996974282
1,8,1,mean,blend0.08,2644,0.06583673088750615,0.9897881996974282
1,8,1,mean,blend0.1,2644,0.06661234248439157,0.9897881996974282
1,8,1,mean,blend0.15,2644,0.0692515054487343,0.9897881996974282
1,8,1,mean,blend0.2,2644,0.07279894752182955,0.9897881996974282
1,8,1,mean,blend0.3,2644,0.08211921224757072,0.9897881996974282
1,8,1,mean,blend0.4,2644,0.09364207895430507,0.9897881996974282
1,8,1,mean,hard,2644,0.18414884264689527,0.9897881996974282
1,8,1,mean,blend0.01,2644,0.06448701725429574,0.9897881996974282
1,8,1,mean,blend0.02,2644,0.06455183969496345,0.9897881996974282
1,8,1,mean,blend0.03,2644,0.0646622849427871,0.9897881996974282
1,8,1,mean,blend0.05,2644,0.06501901785759748,0.9897881996974282
1,8,1,mean,blend0.08,2644,0.06588750723509336,0.9897881996974282
1,8,1,mean,blend0.1,2644,0.06668200598732735,0.9897881996974282
1,8,1,mean,blend0.15,2644,0.06937700606871892,0.9897881996974282
1,8,1,mean,blend0.2,2644,0.07298979263473687,0.9897881996974282
1,8,1,mean,blend0.3,2644,0.08245712202218017,0.9897881996974282
1,8,1,mean,blend0.4,2644,0.09413549464707997,0.9897881996974282
1,8,0,median,mix,2644,0.18958388182439193,0.9950832072617246
1,8,0,median,blend0.01,2644,0.06447192355622965,0.9950832072617246
1,8,0,median,blend0.02,2644,0.06452534071038782,0.9950832072617246
1,8,0,median,blend0.03,2644,0.06462808409144481,0.9950832072617246
1,8,0,median,blend0.05,2644,0.06498050131210958,0.9950832072617246
1,8,0,median,blend0.08,2644,0.06586973844525097,0.9950832072617246
1,8,0,median,blend0.1,2644,0.06669549211278948,0.9950832072617246
1,8,0,median,blend0.15,2644,0.06952400021042511,0.9950832072617246
1,8,0,median,blend0.2,2644,0.073337298573435,0.9950832072617246
1,8,0,median,blend0.3,2644,0.08334464190770088,0.9950832072617246
1,8,0,median,blend0.4,2644,0.09566712385238922,0.9950832072617246
1,8,0,median,hard,2644,0.1915774385404135,0.9950832072617246
1,8,0,median,blend0.01,2644,0.06447510223148263,0.9950832072617246
1,8,0,median,blend0.02,2644,0.06453281202977175,0.9950832072617246
1,8,0,median,blend0.03,2644,0.06464094921337457,0.9950832072617246
1,8,0,median,blend0.05,2644,0.06500738178667109,0.9950832072617246
1,8,0,median,blend0.08,2644,0.06592531182546431,0.9950832072617246
1,8,0,median,blend0.1,2644,0.06677491123993859,0.9950832072617246
1,8,0,median,blend0.15,2644,0.06967714479015272,0.9950832072617246
1,8,0,median,blend0.2,2644,0.0735799353885059,0.9950832072617246
1,8,0,median,blend0.3,2644,0.08379422184794129,0.9950832072617246
1,8,0,median,blend0.4,2644,0.09633941530379747,0.9950832072617246
1,8,0,mean,mix,2644,0.17926060136745792,0.9950832072617246
1,8,0,mean,blend0.01,2644,0.06447562855775585,0.9950832072617246
1,8,0,mean,blend0.02,2644,0.06452673861937042,0.9950832072617246
1,8,0,mean,blend0.03,2644,0.06462118236214398,0.9950832072617246
1,8,0,mean,blend0.05,2644,0.06493922788439603,0.9950832072617246
1,8,0,mean,blend0.08,2644,0.06573387016171439,0.9950832072617246
1,8,0,mean,blend0.1,2644,0.06646944211980331,0.9950832072617246
1,8,0,mean,blend0.15,2644,0.06898816931594874,0.9950832072617246
1,8,0,mean,blend0.2,2644,0.0723923036500836,0.9950832072617246
1,8,0,mean,blend0.3,2644,0.08138485073538564,0.9950832072617246
1,8,0,mean,blend0.4,2644,0.0925566401728323,0.9950832072617246
1,8,0,mean,hard,2644,0.18109169793331983,0.9950832072617246
1,8,0,mean,blend0.01,2644,0.06448185730607933,0.9950832072617246
1,8,0,mean,blend0.02,2644,0.06454008756364087,0.9950832072617246
1,8,0,mean,blend0.03,2644,0.06464252622167146,0.9950832072617246
1,8,0,mean,blend0.05,2644,0.06497910218725858,0.9950832072617246
1,8,0,mean,blend0.08,2644,0.06580750224744711,0.9950832072617246
1,8,0,mean,blend0.1,2644,0.06656919709559721,0.9950832072617246
1,8,0,mean,blend0.15,2644,0.06916386408918859,0.9950832072617246
1,8,0,mean,blend0.2,2644,0.0726555572716089,0.9950832072617246
1,8,0,mean,blend0.3,2644,0.08184273489176445,0.9950832072617246
1,8,0,mean,blend0.4,2644,0.09321838744743048,0.9950832072617246
1,16,1,median,mix,2644,0.19128743905857498,0.9913010590015129
1,16,1,median,blend0.01,2644,0.06451144565881438,0.9913010590015129
1,16,1,median,blend0.02,2644,0.06460437227222393,0.9913010590015129
1,16,1,median,blend0.03,2644,0.06474652222452361,0.9913010590015129
1,16,1,median,blend0.05,2644,0.06517709237523633,0.9913010590015129
1,16,1,median,blend0.08,2644,0.06618067825547241,0.9913010590015129
1,16,1,median,blend0.1,2644,0.0670798977527597,0.9913010590015129
1,16,1,median,blend0.15,2644,0.0700792065392349,0.9913010590015129
1,16,1,median,blend0.2,2644,0.07404188605400479,0.9913010590015129
1,16,1,median,blend0.3,2644,0.08428274958031166,0.9913010590015129
1,16,1,median,blend0.4,2644,0.0967670173234175,0.9913010590015129
1,16,1,median,hard,2644,0.19327231169484793,0.9913010590015129
1,16,1,median,blend0.01,2644,0.06451720743074468,0.9913010590015129
1,16,1,median,blend0.02,2644,0.06461694534888617,0.9913010590015129
1,16,1,median,blend0.03,2644,0.06476693576011243,0.9913010590015129
1,16,1,median,blend0.05,2644,0.06521617100646795,0.9913010590015129
1,16,1,median,blend0.08,2644,0.06625472983144894,0.9913010590015129
1,16,1,median,blend0.1,2644,0.06718147004771853,0.9913010590015129
1,16,1,median,blend0.15,2644,0.07026179704618875,0.9913010590015129
1,16,1,median,blend0.2,2644,0.07431863548200288,0.9913010590015129
1,16,1,median,blend0.3,2644,0.0847693708805242,0.9913010590015129
1,16,1,median,blend0.4,2644,0.09747363693066782,0.9913010590015129
1,16,1,mean,mix,2644,0.17971349783752658,0.9913010590015129
1,16,1,mean,blend0.01,2644,0.06449738585602605,0.9913010590015129
1,16,1,mean,blend0.02,2644,0.06456991532601283,0.9913010590015129
1,16,1,mean,blend0.03,2644,0.06468539867635505,0.9913010590015129
1,16,1,mean,blend0.05,2644,0.06504422677401557,0.9913010590015129
1,16,1,mean,blend0.08,2644,0.0658962805621015,0.9913010590015129
1,16,1,mean,blend0.1,2644,0.06666728556242163,0.9913010590015129
1,16,1,mean,blend0.15,2644,0.06926358232125053,0.9913010590015129
1,16,1,mean,blend0.2,2644,0.07272896294986676,0.9913010590015129
1,16,1,mean,blend0.3,2644,0.08179879287362246,0.9913010590015129
1,16,1,mean,blend0.4,2644,0.09300079760796438,0.9913010590015129
1,16,1,mean,hard,2644,0.18150733686287623,0.9913010590015129
1,16,1,mean,blend0.01,2644,0.06450325083415542,0.9913010590015129
1,16,1,mean,blend0.02,2644,0.06458251789137216,0.9913010590015129
1,16,1,mean,blend0.03,2644,0.06470559481314753,0.9913010590015129
1,16,1,mean,blend0.05,2644,0.06508209560044927,0.9913010590015129
1,16,1,mean,blend0.08,2644,0.06596649091446424,0.9913010590015129
1,16,1,mean,blend0.1,2644,0.06676259754064949,0.9913010590015129
1,16,1,mean,blend0.15,2644,0.06943207501553647,0.9913010590015129
1,16,1,mean,blend0.2,2644,0.07298208683992978,0.9913010590015129
1,16,1,mean,blend0.3,2644,0.082240737840111,0.9913010590015129
1,16,1,mean,blend0.4,2644,0.09364137073590485,0.9913010590015129
1,16,0,median,mix,2644,0.19279017773531038,0.9977307110438729
1,16,0,median,blend0.01,2644,0.06450417972797758,0.9977307110438729
1,16,0,median,blend0.02,2644,0.06459117126755667,0.9977307110438729
1,16,0,median,blend0.03,2644,0.06472872517734098,0.9977307110438729
1,16,0,median,blend0.05,2644,0.06515412143465221,0.9977307110438729
1,16,0,median,blend0.08,2644,0.06615983646010329,0.9977307110438729
1,16,0,median,blend0.1,2644,0.06706681875263068,0.9977307110438729
1,16,0,median,blend0.15,2644,0.07010572848282333,0.9977307110438729
1,16,0,median,blend0.2,2644,0.07413247942331891,0.9977307110438729
1,16,0,median,blend0.3,2644,0.08455244666258147,0.9977307110438729
1,16,0,median,blend0.4,2644,0.09725447738350074,0.9977307110438729
1,16,0,median,hard,2644,0.19576678626606267,0.9977307110438729
1,16,0,median,blend0.01,2644,0.06450964507426589,0.9977307110438729
1,16,0,median,blend0.02,2644,0.06460378080514947,0.9977307110438729
1,16,0,median,blend0.03,2644,0.06475013369262683,0.9977307110438729
1,16,0,median,blend0.05,2644,0.06519795892160409,0.9977307110438729
1,16,0,median,blend0.08,2644,0.06624872368881843,0.9977307110438729
1,16,0,median,blend0.1,2644,0.06719269861033719,0.9977307110438729
1,16,0,median,blend0.15,2644,0.07034466539877945,0.9977307110438729
1,16,0,median,blend0.2,2644,0.07450713696098554,0.9977307110438729
1,16,0,median,blend0.3,2644,0.08523779318956623,0.9977307110438729
1,16,0,median,blend0.4,2644,0.0982718806966277,0.9977307110438729
1,16,0,mean,mix,2644,0.18034912477933346,0.9977307110438729
1,16,0,mean,blend0.01,2644,0.06450032349010652,0.9977307110438729
1,16,0,mean,blend0.02,2644,0.06457630225025367,0.9977307110438729
1,16,0,mean,blend0.03,2644,0.06469573787383613,0.9977307110438729
1,16,0,mean,blend0.05,2644,0.06506393537665019,0.9977307110438729
1,16,0,mean,blend0.08,2644,0.06593349682599964,0.9977307110438729
1,16,0,mean,blend0.1,2644,0.06671828264219312,0.9977307110438729
1,16,0,mean,blend0.15,2644,0.06935530195419017,0.9977307110438729
1,16,0,mean,blend0.2,2644,0.0728683861355313,0.9977307110438729
1,16,0,mean,blend0.3,2644,0.08204593000811734,0.9977307110438729
1,16,0,mean,blend0.4,2644,0.0933623480714981,0.9977307110438729
1,16,0,mean,hard,2644,0.18236371641924917,0.9977307110438729
1,16,0,mean,blend0.01,2644,0.06450803002473103,0.9977307110438729
1,16,0,mean,blend0.02,2644,0.06459268090785235,0.9977307110438729
1,16,0,mean,blend0.03,2644,0.06472173298555142,0.9977307110438729
1,16,0,mean,blend0.05,2644,0.06511189385990736,0.9977307110438729
1,16,0,mean,blend0.08,2644,0.06602076384411365,0.9977307110438729
1,16,0,mean,blend0.1,2644,0.0668355841292988,0.9977307110438729
1,16,0,mean,blend0.15,2644,0.06955880249629898,0.9977307110438729
1,16,0,mean,blend0.2,2644,0.07317003360985629,0.9977307110438729
1,16,0,mean,blend0.3,2644,0.08256326538337552,0.9977307110438729
1,16,0,mean,blend0.4,2644,0.09410373118425835,0.9977307110438729
1,32,1,median,mix,2644,0.18726485238604226,0.9928139183055976
1,32,1,median,blend0.01,2644,0.06451028270721548,0.9928139183055976
1,32,1,median,blend0.02,2644,0.06459979494375018,0.9928139183055976
1,32,1,median,blend0.03,2644,0.06473629622171817,0.9928139183055976
1,32,1,median,blend0.05,2644,0.06514898281427181,0.9928139183055976
1,32,1,median,blend0.08,2644,0.06610994559058334,0.9928139183055976
1,32,1,median,blend0.1,2644,0.06697091098705307,0.9928139183055976
1,32,1,median,blend0.15,2644,0.06984451390897806,0.9928139183055976
1,32,1,median,blend0.2,2644,0.07364678931203458,0.9928139183055976
1,32,1,median,blend0.3,2644,0.08350064206749072,0.9928139183055976
1,32,1,median,blend0.4,2644,0.09555430847205035,0.9928139183055976
1,32,1,median,hard,2644,0.1896582115742774,0.9928139183055976
1,32,1,median,blend0.01,2644,0.06451620007426001,0.9928139183055976
1,32,1,median,blend0.02,2644,0.06461289354288134,0.9928139183055976
1,32,1,median,blend0.03,2644,0.0647578186241803,0.9928139183055976
1,32,1,median,blend0.05,2644,0.06519096991124998,0.9928139183055976
1,32,1,median,blend0.08,2644,0.0661911413491714,0.9928139183055976
1,32,1,median,blend0.1,2644,0.06708342484012503,0.9928139183055976
1,32,1,median,blend0.15,2644,0.07005060487969066,0.9928139183055976
1,32,1,median,blend0.2,2644,0.07396327889675393,0.9928139183055976
1,32,1,median,blend0.3,2644,0.08406699390195788,0.9928139183055976
1,32,1,median,blend0.4,2644,0.09638601767859879,0.9928139183055976
1,32,1,mean,mix,2644,0.1766665589859806,0.9928139183055976
1,32,1,mean,blend0.01,2644,0.06450808485762873,0.9928139183055976
1,32,1,mean,blend0.02,2644,0.06458946126420877,0.9928139183055976
1,32,1,mean,blend0.03,2644,0.06471192885613913,0.9928139183055976
1,32,1,mean,blend0.05,2644,0.06507913185102705,0.9928139183055976
1,32,1,mean,blend0.08,2644,0.06592993188137183,0.9928139183055976
1,32,1,mean,blend0.1,2644,0.06669117586967259,0.9928139183055976
1,32,1,mean,blend0.15,2644,0.0692342102017899,0.9928139183055976
1,32,1,mean,blend0.2,2644,0.07261048252588223,0.9928139183055976
1,32,1,mean,blend0.3,2644,0.0814237370449335,0.9928139183055976
1,32,1,mean,blend0.4,2644,0.09230569475413028,0.9928139183055976
1,32,1,mean,hard,2644,0.17865477411325983,0.9928139183055976
1,32,1,mean,blend0.01,2644,0.06451546714376312,0.9928139183055976
1,32,1,mean,blend0.02,2644,0.0646051540854785,0.9928139183055976
1,32,1,mean,blend0.03,2644,0.06473684077840258,0.9928139183055976
1,32,1,mean,blend0.05,2644,0.06512511305845127,0.9928139183055976
1,32,1,mean,blend0.08,2644,0.0660136685899835,0.9928139183055976
1,32,1,mean,blend0.1,2644,0.06680380301232743,0.9928139183055976
1,32,1,mean,blend0.15,2644,0.06942996824987234,0.9928139183055976
1,32,1,mean,blend0.2,2644,0.07290128622789427,0.9928139183055976
1,32,1,mean,blend0.3,2644,0.0819247554979048,0.9928139183055976
1,32,1,mean,blend0.4,2644,0.09302662084607932,0.9928139183055976
1,32,0,median,mix,2644,0.18983550307911112,0.9988653555219364
1,32,0,median,blend0.01,2644,0.06452539636717547,0.9988653555219364
1,32,0,median,blend0.02,2644,0.06463141180352167,0.9988653555219364
1,32,0,median,blend0.03,2644,0.06478576309037984,0.9988653555219364
1,32,0,median,blend0.05,2644,0.06523799345863598,0.9988653555219364
1,32,0,median,blend0.08,2644,0.06626703568367727,0.9988653555219364
1,32,0,median,blend0.1,2644,0.06717850571960637,0.9988653555219364
1,32,0,median,blend0.15,2644,0.07019248374083502,0.9988653555219364
1,32,0,median,blend0.2,2644,0.07414914173120037,0.9988653555219364
1,32,0,median,blend0.3,2644,0.08432999477849079,0.9988653555219364
1,32,0,median,blend0.4,2644,0.09671251227384757,0.9988653555219364
1,32,0,median,hard,2644,0.1927013029660689,0.9988653555219364
1,32,0,median,blend0.01,2644,0.06452388764200155,0.9988653555219364
1,32,0,median,blend0.02,2644,0.06463014113734906,0.9988653555219364
1,32,0,median,blend0.03,2644,0.06478646814007526,0.9988653555219364
1,32,0,median,blend0.05,2644,0.06524778774972793,0.9988653555219364
1,32,0,median,blend0.08,2644,0.06630284052550965,0.9988653555219364
1,32,0,median,blend0.1,2644,0.06723939656386546,0.9988653555219364
1,32,0,median,blend0.15,2644,0.07033992596807714,0.9988653555219364
1,32,0,median,blend0.2,2644,0.07441088637423275,0.9988653555219364
1,32,0,median,blend0.3,2644,0.08487430668497722,0.9988653555219364
1,32,0,median,blend0.4,2644,0.09757633023967716,0.9988653555219364
1,32,0,mean,mix,2644,0.18015961645478085,0.9988653555219364
1,32,0,mean,blend0.01,2644,0.06452478566281478,0.9988653555219364
1,32,0,mean,blend0.02,2644,0.0646246156113733,0.9988653555219364
1,32,0,mean,blend0.03,2644,0.06476724625405668,0.9988653555219364
1,32,0,mean,blend0.05,2644,0.06517970140431956,0.9988653555219364
1,32,0,mean,blend0.08,2644,0.06610980565973149,0.9988653555219364
1,32,0,mean,blend0.1,2644,0.06693075791811348,0.9988653555219364
1,32,0,mean,blend0.15,2644,0.06964277345200644,0.9988653555219364
1,32,0,mean,blend0.2,2644,0.07320903011882753,0.9988653555219364
1,32,0,mean,blend0.3,2644,0.08243557763135877,0.9988653555219364
1,32,0,mean,blend0.4,2644,0.09374387159127925,0.9988653555219364
1,32,0,mean,hard,2644,0.18204823615447246,0.9988653555219364
1,32,0,mean,blend0.01,2644,0.06452497986290899,0.9988653555219364
1,32,0,mean,blend0.02,2644,0.06462606749073617,0.9988653555219364
1,32,0,mean,blend0.03,2644,0.0647710118193475,0.9988653555219364
1,32,0,mean,blend0.05,2644,0.06519121196143893,0.9988653555219364
1,32,0,mean,blend0.08,2644,0.06614044022134823,0.9988653555219364
1,32,0,mean,blend0.1,2644,0.06697884722311846,0.9988653555219364
1,32,0,mean,blend0.15,2644,0.06974907044604023,0.9988653555219364
1,32,0,mean,blend0.2,2644,0.07339069883335197,0.9988653555219364
1,32,0,mean,blend0.3,2644,0.08280219413038949,0.9988653555219364
1,32,0,mean,blend0.4,2644,0.09431962684412323,0.9988653555219364
2,1,1,median,mix,2644,0.21044918701701867,0.8343419062027232
2,1,1,median,blend0.01,2644,0.06679596619429548,0.8343419062027232
2,1,1,median,blend0.02,2644,0.06683824431671834,0.8343419062027232
2,1,1,median,blend0.03,2644,0.06693134711122027,0.8343419062027232
2,1,1,median,blend0.05,2644,0.06726906740466725,0.8343419062027232
2,1,1,median,blend0.08,2644,0.0681479612979809,0.8343419062027232
2,1,1,median,blend0.1,2644,0.06897472018889726,0.8343419062027232
2,1,1,median,blend0.15,2644,0.07183320682327966,0.8343419062027232
2,1,1,median,blend0.2,2644,0.07571406845251327,0.8343419062027232
2,1,1,median,blend0.3,2644,0.08595452416872913,0.8343419062027232
2,1,1,median,blend0.4,2644,0.09861131890132589,0.8343419062027232
2,1,1,median,hard,2644,0.21097592105998614,0.8343419062027232
2,1,1,median,blend0.01,2644,0.0667951085598944,0.8343419062027232
2,1,1,median,blend0.02,2644,0.0668368273390722,0.8343419062027232
2,1,1,median,blend0.03,2644,0.06692966979794289,0.8343419062027232
2,1,1,median,blend0.05,2644,0.06726776247304982,0.8343419062027232
2,1,1,median,blend0.08,2644,0.06814939831768863,0.8343419062027232
2,1,1,median,blend0.1,2644,0.06897937483603661,0.8343419062027232
2,1,1,median,blend0.15,2644,0.0718502795367313,0.8343419062027232
2,1,1,median,blend0.2,2644,0.07574877832901739,0.8343419062027232
2,1,1,median,blend0.3,2644,0.08603502549712863,0.8343419062027232
2,1,1,median,blend0.4,2644,0.09874512005476178,0.8343419062027232
2,1,1,mean,mix,2644,0.21044918701701867,0.8343419062027232
2,1,1,mean,blend0.01,2644,0.06679596619429548,0.8343419062027232
2,1,1,mean,blend0.02,2644,0.06683824431671834,0.8343419062027232
2,1,1,mean,blend0.03,2644,0.06693134711122027,0.8343419062027232
2,1,1,mean,blend0.05,2644,0.06726906740466725,0.8343419062027232
2,1,1,mean,blend0.08,2644,0.0681479612979809,0.8343419062027232
2,1,1,mean,blend0.1,2644,0.06897472018889726,0.8343419062027232
2,1,1,mean,blend0.15,2644,0.07183320682327966,0.8343419062027232
2,1,1,mean,blend0.2,2644,0.07571406845251327,0.8343419062027232
2,1,1,mean,blend0.3,2644,0.08595452416872913,0.8343419062027232
2,1,1,mean,blend0.4,2644,0.09861131890132589,0.8343419062027232
2,1,1,mean,hard,2644,0.21097592105998614,0.8343419062027232
2,1,1,mean,blend0.01,2644,0.0667951085598944,0.8343419062027232
2,1,1,mean,blend0.02,2644,0.0668368273390722,0.8343419062027232
2,1,1,mean,blend0.03,2644,0.06692966979794289,0.8343419062027232
2,1,1,mean,blend0.05,2644,0.06726776247304982,0.8343419062027232
2,1,1,mean,blend0.08,2644,0.06814939831768863,0.8343419062027232
2,1,1,mean,blend0.1,2644,0.06897937483603661,0.8343419062027232
2,1,1,mean,blend0.15,2644,0.0718502795367313,0.8343419062027232
2,1,1,mean,blend0.2,2644,0.07574877832901739,0.8343419062027232
2,1,1,mean,blend0.3,2644,0.08603502549712863,0.8343419062027232
2,1,1,mean,blend0.4,2644,0.09874512005476178,0.8343419062027232
2,1,0,median,mix,2644,0.2116084044805982,0.8426626323751891
2,1,0,median,blend0.01,2644,0.06680770994149271,0.8426626323751891
2,1,0,median,blend0.02,2644,0.0668625587490219,0.8426626323751891
2,1,0,median,blend0.03,2644,0.06696902851398101,0.8426626323751891
2,1,0,median,blend0.05,2644,0.06733573274114596,0.8426626323751891
2,1,0,median,blend0.08,2644,0.06826314020252502,0.8426626323751891
2,1,0,median,blend0.1,2644,0.06912510442662895,0.8426626323751891
2,1,0,median,blend0.15,2644,0.07207907664643756,0.8426626323751891
2,1,0,median,blend0.2,2644,0.07606208377647185,0.8426626323751891
2,1,0,median,blend0.3,2644,0.08651206502486837,0.8426626323751891
2,1,0,median,blend0.4,2644,0.09937288604713282,0.8426626323751891
2,1,0,median,hard,2644,0.21238899047084742,0.8426626323751891
2,1,0,median,blend0.01,2644,0.06680555219767081,0.8426626323751891
2,1,0,median,blend0.02,2644,0.06685871164193778,0.8426626323751891
2,1,0,median,blend0.03,2644,0.06696396321559274,0.8426626323751891
2,1,0,median,blend0.05,2644,0.0673296446684847,0.8426626323751891
2,1,0,median,blend0.08,2644,0.06825899605303075,0.8426626323751891
2,1,0,median,blend0.1,2644,0.06912448564124621,0.8426626323751891
2,1,0,median,blend0.15,2644,0.07209435628074075,0.8426626323751891
2,1,0,median,blend0.2,2644,0.07610181422467534,0.8426626323751891
2,1,0,median,blend0.3,2644,0.08661830438739543,0.8426626323751891
2,1,0,median,blend0.4,2644,0.09955866659989134,0.8426626323751891
2,1,0,mean,mix,2644,0.2116084044805982,0.8426626323751891
2,1,0,mean,blend0.01,2644,0.06680770994149271,0.8426626323751891
2,1,0,mean,blend0.02,2644,0.0668625587490219,0.8426626323751891
2,1,0,mean,blend0.03,2644,0.06696902851398101,0.8426626323751891
2,1,0,mean,blend0.05,2644,0.06733573274114596,0.8426626323751891
2,1,0,mean,blend0.08,2644,0.06826314020252502,0.8426626323751891
2,1,0,mean,blend0.1,2644,0.06912510442662895,0.8426626323751891
2,1,0,mean,blend0.15,2644,0.07207907664643756,0.8426626323751891
2,1,0,mean,blend0.2,2644,0.07606208377647185,0.8426626323751891
2,1,0,mean,blend0.3,2644,0.08651206502486837,0.8426626323751891
2,1,0,mean,blend0.4,2644,0.09937288604713282,0.8426626323751891
2,1,0,mean,hard,2644,0.21238899047084742,0.8426626323751891
2,1,0,mean,blend0.01,2644,0.06680555219767081,0.8426626323751891
2,1,0,mean,blend0.02,2644,0.06685871164193778,0.8426626323751891
2,1,0,mean,blend0.03,2644,0.06696396321559274,0.8426626323751891
2,1,0,mean,blend0.05,2644,0.0673296446684847,0.8426626323751891
2,1,0,mean,blend0.08,2644,0.06825899605303075,0.8426626323751891
2,1,0,mean,blend0.1,2644,0.06912448564124621,0.8426626323751891
2,1,0,mean,blend0.15,2644,0.07209435628074075,0.8426626323751891
2,1,0,mean,blend0.2,2644,0.07610181422467534,0.8426626323751891
2,1,0,mean,blend0.3,2644,0.08661830438739543,0.8426626323751891
2,1,0,mean,blend0.4,2644,0.09955866659989134,0.8426626323751891
2,2,1,median,mix,2644,0.2055083955219615,0.966338880484115
2,2,1,median,blend0.01,2644,0.06679800870737025,0.966338880484115
2,2,1,median,blend0.02,2644,0.0668469686945057,0.966338880484115
2,2,1,median,blend0.03,2644,0.06695136731023492,0.966338880484115
2,2,1,median,blend0.05,2644,0.06732531188873837,0.966338880484115
2,2,1,median,blend0.08,2644,0.06829131687418738,0.966338880484115
2,2,1,median,blend0.1,2644,0.06919658260009037,0.966338880484115
2,2,1,median,blend0.15,2644,0.07231365074059497,0.966338880484115
2,2,1,median,blend0.2,2644,0.07652443231165303,0.966338880484115
2,2,1,median,blend0.3,2644,0.08755752912717424,0.966338880484115
2,2,1,median,blend0.4,2644,0.10108987853507749,0.966338880484115
2,2,1,median,hard,2644,0.20637268443771517,0.966338880484115
2,2,1,median,blend0.01,2644,0.06680489829298797,0.966338880484115
2,2,1,median,blend0.02,2644,0.06686111770594193,0.966338880484115
2,2,1,median,blend0.03,2644,0.06697312662882865,0.966338880484115
2,2,1,median,blend0.05,2644,0.06736326122860693,0.966338880484115
2,2,1,median,blend0.08,2644,0.0683556355192221,0.966338880484115
2,2,1,median,blend0.1,2644,0.06927959458721292,0.966338880484115
2,2,1,median,blend0.15,2644,0.07244594953503047,0.966338880484115
2,2,1,median,blend0.2,2644,0.07670768603565317,0.966338880484115
2,2,1,median,blend0.3,2644,0.08784120005962087,0.966338880484115
2,2,1,median,blend0.4,2644,0.10146765109668485,0.966338880484115
2,2,1,mean,mix,2644,0.20085515458658398,0.966338880484115
2,2,1,mean,blend0.01,2644,0.06680668938165032,0.966338880484115
2,2,1,mean,blend0.02,2644,0.06686138054649535,0.966338880484115
2,2,1,mean,blend0.03,2644,0.06696855383631871,0.966338880484115
2,2,1,mean,blend0.05,2644,0.0673392217605039,0.966338880484115
2,2,1,mean,blend0.08,2644,0.06827876795253898,0.966338880484115
2,2,1,mean,blend0.1,2644,0.06915272269749076,0.966338880484115
2,2,1,mean,blend0.15,2644,0.07214873958070406,0.966338880484115
2,2,1,mean,blend0.2,2644,0.07618789593586975,0.966338880484115
2,2,1,mean,blend0.3,2644,0.08677756108328723,0.966338880484115
2,2,1,mean,blend0.4,2644,0.09979653259388442,0.966338880484115
2,2,1,mean,hard,2644,0.20170341864102562,0.966338880484115
2,2,1,mean,blend0.01,2644,0.06681332105314336,0.966338880484115
2,2,1,mean,blend0.02,2644,0.06687499695735585,0.966338880484115
2,2,1,mean,blend0.03,2644,0.06698949066290093,0.966338880484115
2,2,1,mean,blend0.05,2644,0.06737573021296119,0.966338880484115
2,2,1,mean,blend0.08,2644,0.06834065016815702,0.966338880484115
2,2,1,mean,blend0.1,2644,0.06923261197721174,0.966338880484115
2,2,1,mean,blend0.15,2644,0.07227622315782246,0.966338880484115
2,2,1,mean,blend0.2,2644,0.07636479974468795,0.966338880484115
2,2,1,mean,blend0.3,2644,0.087052513186952,0.966338880484115
2,2,1,mean,blend0.4,2644,0.10016399950851416,0.966338880484115
2,2,0,median,mix,2644,0.20678871762380888,0.9735249621785174
2,2,0,median,blend0.01,2644,0.06680292215040255,0.9735249621785174
2,2,0,median,blend0.02,2644,0.06685780470597898,0.9735249621785174
2,2,0,median,blend0.03,2644,0.06696911782603454,0.9735249621785174
2,2,0,median,blend0.05,2644,0.0673597749184142,0.9735249621785174
2,2,0,median,blend0.08,2644,0.06835760348516871,0.9735249621785174
2,2,0,median,blend0.1,2644,0.06928815908321996,0.9735249621785174
2,2,0,median,blend0.15,2644,0.07248023835386842,0.9735249621785174
2,2,0,median,blend0.2,2644,0.0767785592801491,0.9735249621785174
2,2,0,median,blend0.3,2644,0.08800653580029368,0.9735249621785174
2,2,0,median,blend0.4,2644,0.1017421177509128,0.9735249621785174
2,2,0,median,hard,2644,0.20884246248454136,0.9735249621785174
2,2,0,median,blend0.01,2644,0.06680970829424249,0.9735249621785174
2,2,0,median,blend0.02,2644,0.0668724834348598,0.9735249621785174
2,2,0,median,blend0.03,2644,0.06699277252613545,0.9735249621785174
2,2,0,median,blend0.05,2644,0.06740451368826646,0.9735249621785174
2,2,0,median,blend0.08,2644,0.06844124045368952,0.9735249621785174
2,2,0,median,blend0.1,2644,0.06940206341128459,0.9735249621785174
2,2,0,median,blend0.15,2644,0.07268211359174868,0.9735249621785174
2,2,0,median,blend0.2,2644,0.07708111413836316,0.9735249621785174
2,2,0,median,blend0.3,2644,0.08852915377879349,0.9735249621785174
2,2,0,median,blend0.4,2644,0.10249090272642566,0.9735249621785174
2,2,0,mean,mix,2644,0.20171943368296635,0.9735249621785174
2,2,0,mean,blend0.01,2644,0.06681036748325475,0.9735249621785174
2,2,0,mean,blend0.02,2644,0.06686948682069313,0.9735249621785174
2,2,0,mean,blend0.03,2644,0.06698182595923302,0.9735249621785174
2,2,0,mean,blend0.05,2644,0.06736497251122206,0.9735249621785174
2,2,0,mean,blend0.08,2644,0.06832828013352843,0.9735249621785174
2,2,0,mean,blend0.1,2644,0.06922113222245689,0.9735249621785174
2,2,0,mean,blend0.15,2644,0.07227331934919365,0.9735249621785174
2,2,0,mean,blend0.2,2644,0.07637828324997038,0.9735249621785174
2,2,0,mean,blend0.3,2644,0.08711536508417213,0.9735249621785174
2,2,0,mean,blend0.4,2644,0.10028907812302656,0.9735249621785174
2,2,0,mean,hard,2644,0.2037710430865435,0.9735249621785174
2,2,0,mean,blend0.01,2644,0.06681642169860003,0.9735249621785174
2,2,0,mean,blend0.02,2644,0.06688268496119759,0.9735249621785174
2,2,0,mean,blend0.03,2644,0.06700323747870718,0.9735249621785174
2,2,0,mean,blend0.05,2644,0.06740591398856018,0.9735249621785174
2,2,0,mean,blend0.08,2644,0.06840577057242775,0.9735249621785174
2,2,0,mean,blend0.1,2644,0.0693273561847588,0.9735249621785174
2,2,0,mean,blend0.15,2644,0.07246399823631584,0.9735249621785174
2,2,0,mean,blend0.2,2644,0.07666683386645282,0.9735249621785174
2,2,0,mean,blend0.3,2644,0.08762088286590501,0.9735249621785174
2,2,0,mean,blend0.4,2644,0.10102044056947841,0.9735249621785174
2,4,1,median,mix,2644,0.19424569586247314,0.9886535552193646
2,4,1,median,blend0.01,2644,0.06678367505661426,0.9886535552193646
2,4,1,median,blend0.02,2644,0.06681312044819107,0.9886535552193646
2,4,1,median,blend0.03,2644,0.06689287888451351,0.9886535552193646
2,4,1,median,blend0.05,2644,0.06720250533094423,0.9886535552193646
2,4,1,median,blend0.08,2644,0.06803626771639246,0.9886535552193646
2,4,1,median,blend0.1,2644,0.0688313657923524,0.9886535552193646
2,4,1,median,blend0.15,2644,0.07160723704935247,0.9886535552193646
2,4,1,median,blend0.2,2644,0.075403548761051,0.9886535552193646
2,4,1,median,blend0.3,2644,0.08547906505306305,0.9886535552193646
2,4,1,median,blend0.4,2644,0.09798307561307401,0.9886535552193646
2,4,1,median,hard,2644,0.19559106784526645,0.9886535552193646
2,4,1,median,blend0.01,2644,0.06678918394439202,0.9886535552193646
2,4,1,median,blend0.02,2644,0.06682480547538634,0.9886535552193646
2,4,1,median,blend0.03,2644,0.06691139230492242,0.9886535552193646
2,4,1,median,blend0.05,2644,0.06723655837702498,0.9886535552193646
2,4,1,median,blend0.08,2644,0.06809799750655285,0.9886535552193646
2,4,1,median,blend0.1,2644,0.06891415102540607,0.9886535552193646
2,4,1,median,blend0.15,2644,0.07175006692040937,0.9886535552193646
2,4,1,median,blend0.2,2644,0.0756140890111051,0.9886535552193646
2,4,1,median,blend0.3,2644,0.08583616109698523,0.9886535552193646
2,4,1,median,blend0.4,2644,0.09848973802491964,0.9886535552193646
2,4,1,mean,mix,2644,0.18439303916633998,0.9886535552193646
2,4,1,mean,blend0.01,2644,0.06679194005241752,0.9886535552193646
2,4,1,mean,blend0.02,2644,0.06682390036517673,0.9886535552193646
2,4,1,mean,blend0.03,2644,0.06690042621489826,0.9886535552193646
2,4,1,mean,blend0.05,2644,0.06718647672104075,0.9886535552193646
2,4,1,mean,blend0.08,2644,0.06794319922843399,0.9886535552193646
2,4,1,mean,blend0.1,2644,0.06866049507943461,0.9886535552193646
2,4,1,mean,blend0.15,2644,0.07115882662527116,0.9886535552193646
2,4,1,mean,blend0.2,2644,0.07457860095619892,0.9886535552193646
2,4,1,mean,blend0.3,2644,0.08370166201264896,0.9886535552193646
2,4,1,mean,blend0.4,2644,0.09511185569549345,0.9886535552193646
2,4,1,mean,hard,2644,0.18559785388122,0.9886535552193646
2,4,1,mean,blend0.01,2644,0.06679815433963802,0.9886535552193646
2,4,1,mean,blend0.02,2644,0.06683686300413705,0.9886535552193646
2,4,1,mean,blend0.03,2644,0.06692065686125698,0.9886535552193646
2,4,1,mean,blend0.05,2644,0.0672227350539134,0.9886535552193646
2,4,1,mean,blend0.08,2644,0.06800693339015663,0.9886535552193646
2,4,1,mean,blend0.1,2644,0.06874457823774964,0.9886535552193646
2,4,1,mean,blend0.15,2644,0.07129949931422656,0.9886535552193646
2,4,1,mean,blend0.2,2644,0.07478168762637395,0.9886535552193646
2,4,1,mean,blend0.3,2644,0.08403753397782754,0.9886535552193646
2,4,1,mean,blend0.4,2644,0.09558156713281031,0.9886535552193646
2,4,0,median,mix,2644,0.19734468917255502,0.9913010590015129
2,4,0,median,blend0.01,2644,0.0667969270369323,0.9913010590015129
2,4,0,median,blend0.02,2644,0.06684121316881943,0.9913010590015129
2,4,0,median,blend0.03,2644,0.06693736448721267,0.9913010590015129
2,4,0,median,blend0.05,2644,0.06728425334845489,0.9913010590015129
2,4,0,median,blend0.08,2644,0.06818427789635575,0.9913010590015129
2,4,0,median,blend0.1,2644,0.06902972142152661,0.9913010590015129
2,4,0,median,blend0.15,2644,0.07194894640097638,0.9913010590015129
2,4,0,median,blend0.2,2644,0.07590662747540604,0.9913010590015129
2,4,0,median,blend0.3,2644,0.08633074064929913,0.9913010590015129
2,4,0,median,blend0.4,2644,0.09918994151945557,0.9913010590015129
2,4,0,median,hard,2644,0.20042315100089106,0.9913010590015129
2,4,0,median,blend0.01,2644,0.06680354648789075,0.9913010590015129
2,4,0,median,blend0.02,2644,0.06685614302383727,0.9913010590015129
2,4,0,median,blend0.03,2644,0.06696227240453441,0.9913010590015129
2,4,0,median,blend0.05,2644,0.06733398951022793,0.9913010590015129
2,4,0,median,blend0.08,2644,0.0682827700574948,0.9913010590015129
2,4,0,median,blend0.1,2644,0.06916774677132344,0.9913010590015129
2,4,0,median,blend0.15,2644,0.07220657148599684,0.9913010590015129
2,4,0,median,blend0.2,2644,0.07630662789289558,0.9913010590015129
2,4,0,median,blend0.3,2644,0.0870541705863411,0.9913010590015129
2,4,0,median,blend0.4,2644,0.10025646443843289,0.9913010590015129
2,4,0,mean,mix,2644,0.18741645727983758,0.9913010590015129
2,4,0,mean,blend0.01,2644,0.06680164220450771,0.9913010590015129
2,4,0,mean,blend0.02,2644,0.06684481975055158,0.9913010590015129
2,4,0,mean,blend0.03,2644,0.06693405257700337,0.9913010590015129
2,4,0,mean,blend0.05,2644,0.06724985613422277,0.9913010590015129
2,4,0,mean,blend0.08,2644,0.06806143429547666,0.9913010590015129
2,4,0,mean,blend0.1,2644,0.06882153732936115,0.9913010590015129
2,4,0,mean,blend0.15,2644,0.0714453523085724,0.9913010590015129
2,4,0,mean,blend0.2,2644,0.07501097418666015,0.9913010590015129
2,4,0,mean,blend0.3,2644,0.08446053847657196,0.9913010590015129
2,4,0,mean,blend0.4,2644,0.09621441126119692,0.9913010590015129
2,4,0,mean,hard,2644,0.19016235228283326,0.9913010590015129
2,4,0,mean,blend0.01,2644,0.0668092657173744,0.9913010590015129
2,4,0,mean,blend0.02,2644,0.06686145488870823,0.9913010590015129
2,4,0,mean,blend0.03,2644,0.06696106561284051,0.9913010590015129
2,4,0,mean,blend0.05,2644,0.06730160924115329,0.9913010590015129
2,4,0,mean,blend0.08,2644,0.06815970223932968,0.9913010590015129
2,4,0,mean,blend0.1,2644,0.06895656058794734,0.9913010590015129
2,4,0,mean,blend0.15,2644,0.07168931399168318,0.9913010590015129
2,4,0,mean,blend0.2,2644,0.07538274393974767,0.9913010590015129
2,4,0,mean,blend0.3,2644,0.08512055170689385,0.9913010590015129
2,4,0,mean,blend0.4,2644,0.0971795141226819,0.9913010590015129
2,8,1,median,mix,2644,0.194509658795538,0.9924357034795764
2,8,1,median,blend0.01,2644,0.06682129621950243,0.9924357034795764
2,8,1,median,blend0.02,2644,0.06688786450209327,0.9924357034795764
2,8,1,median,blend0.03,2644,0.06700416541659744,0.9924357034795764
2,8,1,median,blend0.05,2644,0.06738482502172781,0.9924357034795764
2,8,1,median,blend0.08,2644,0.068318969955083,0.9924357034795764
2,8,1,median,blend0.1,2644,0.06917620890914952,0.9924357034795764
2,8,1,median,blend0.15,2644,0.07208852559934437,0.9924357034795764
2,8,1,median,blend0.2,2644,0.07599301004266092,0.9924357034795764
2,8,1,median,blend0.3,2644,0.08620687272191269,0.9924357034795764
2,8,1,median,blend0.4,2644,0.09876947841558426,0.9924357034795764
2,8,1,median,hard,2644,0.19641698811337022,0.9924357034795764
2,8,1,median,blend0.01,2644,0.06682686644086065,0.9924357034795764
2,8,1,median,blend0.02,2644,0.06689999828119833,0.9924357034795764
2,8,1,median,blend0.03,2644,0.06702383822750077,0.9924357034795764
2,8,1,median,blend0.05,2644,0.06742241036329333,0.9924357034795764
2,8,1,median,blend0.08,2644,0.06839007186271684,0.9924357034795764
2,8,1,median,blend0.1,2644,0.06927368005136662,0.9924357034795764
2,8,1,median,blend0.15,2644,0.07226368245235927,0.9924357034795764
2,8,1,median,blend0.2,2644,0.07625859020690876,0.9924357034795764
2,8,1,median,blend0.3,2644,0.08667436364372942,0.9924357034795764
2,8,1,median,blend0.4,2644,0.09944878554291008,0.9924357034795764
2,8,1,mean,mix,2644,0.1833690822407839,0.9924357034795764
2,8,1,mean,blend0.01,2644,0.06681637494023981,0.9924357034795764
2,8,1,mean,blend0.02,2644,0.06687182021148513,0.9924357034795764
2,8,1,mean,blend0.03,2644,0.06697083656573591,0.9924357034795764
2,8,1,mean,blend0.05,2644,0.06729872862969738,0.9924357034795764
2,8,1,mean,blend0.08,2644,0.06810990761279605,0.9924357034795764
2,8,1,mean,blend0.1,2644,0.06885773577914897,0.9924357034795764
2,8,1,mean,blend0.15,2644,0.07141192141344035,0.9924357034795764
2,8,1,mean,blend0.2,2644,0.0748594890789305,0.9924357034795764
2,8,1,mean,blend0.3,2644,0.08396738534198459,0.9924357034795764
2,8,1,mean,blend0.4,2644,0.09529493094946617,0.9924357034795764
2,8,1,mean,hard,2644,0.18486922371072426,0.9924357034795764
2,8,1,mean,blend0.01,2644,0.06681882196390136,0.9924357034795764
2,8,1,mean,blend0.02,2644,0.0668774887602163,0.9924357034795764
2,8,1,mean,blend0.03,2644,0.06698049281899164,0.9924357034795764
2,8,1,mean,blend0.05,2644,0.06731861104180413,0.9924357034795764
2,8,1,mean,blend0.08,2644,0.06815050779618556,0.9924357034795764
2,8,1,mean,blend0.1,2644,0.06891548809178434,0.9924357034795764
2,8,1,mean,blend0.15,2644,0.07152274557496041,0.9924357034795764
2,8,1,mean,blend0.2,2644,0.07503513376780681,0.9924357034795764
2,8,1,mean,blend0.3,2644,0.0842949358945034,0.9924357034795764
2,8,1,mean,blend0.4,2644,0.09578851315604701,0.9924357034795764
2,8,0,median,mix,2644,0.19436824183794654,0.9969742813918305
2,8,0,median,blend0.01,2644,0.06682882001647716,0.9969742813918305
2,8,0,median,blend0.02,2644,0.06690272469874792,0.9969742813918305
2,8,0,median,blend0.03,2644,0.06702615890495538,0.9969742813918305
2,8,0,median,blend0.05,2644,0.06742041858937406,0.9969742813918305
2,8,0,median,blend0.08,2644,0.0683731180833769,0.9969742813918305
2,8,0,median,blend0.1,2644,0.06924139168733272,0.9969742813918305
2,8,0,median,blend0.15,2644,0.0721763690946261,0.9969742813918305
2,8,0,median,blend0.2,2644,0.07609656129827169,0.9969742813918305
2,8,0,median,blend0.3,2644,0.08632383663540467,0.9969742813918305
2,8,0,median,blend0.4,2644,0.09888237817175445,0.9969742813918305
2,8,0,median,hard,2644,0.19682258466747324,0.9969742813918305
2,8,0,median,blend0.01,2644,0.06683419671431605,0.9969742813918305
2,8,0,median,blend0.02,2644,0.06691480225597855,0.9969742813918305
2,8,0,median,blend0.03,2644,0.06704624185674772,0.9969742813918305
2,8,0,median,blend0.05,2644,0.06746031979149703,0.9969742813918305
2,8,0,median,blend0.08,2644,0.06845173929577825,0.9969742813918305
2,8,0,median,blend0.1,2644,0.06935131987463916,0.9969742813918305
2,8,0,median,blend0.15,2644,0.07238085576682196,0.9969742813918305
2,8,0,median,blend0.2,2644,0.07641363023649599,0.9969742813918305
2,8,0,median,blend0.3,2644,0.08689745547645969,0.9969742813918305
2,8,0,median,blend0.4,2644,0.09972953532151144,0.9969742813918305
2,8,0,mean,mix,2644,0.18267077568463805,0.9969742813918305
2,8,0,mean,blend0.01,2644,0.06681530901624633,0.9969742813918305
2,8,0,mean,blend0.02,2644,0.06686936087815634,0.9969742813918305
2,8,0,mean,blend0.03,2644,0.06696665985053238,0.9969742813918305
2,8,0,mean,blend0.05,2644,0.06729016534387514,0.9969742813918305
2,8,0,mean,blend0.08,2644,0.06809248928820012,0.9969742813918305
2,8,0,mean,blend0.1,2644,0.06883300035306196,0.9969742813918305
2,8,0,mean,blend0.15,2644,0.07136457505221185,0.9969742813918305
2,8,0,mean,blend0.2,2644,0.07478454557153169,0.9969742813918305
2,8,0,mean,blend0.3,2644,0.08382776850062677,0.9969742813918305
2,8,0,mean,blend0.4,2644,0.09508460171850724,0.9969742813918305
2,8,0,mean,hard,2644,0.18432490086318576,0.9969742813918305
2,8,0,mean,blend0.01,2644,0.06681692042285245,0.9969742813918305
2,8,0,mean,blend0.02,2644,0.06687346269198462,0.9969742813918305
2,8,0,mean,blend0.03,2644,0.06697412402155353,0.9969742813918305
2,8,0,mean,blend0.05,2644,0.06730692531811223,0.9969742813918305
2,8,0,mean,blend0.08,2644,0.0681293728496092,0.9969742813918305
2,8,0,mean,blend0.1,2644,0.06888716525131325,0.9969742813918305
2,8,0,mean,blend0.15,2644,0.07147386821306415,0.9969742813918305
2,8,0,mean,blend0.2,2644,0.07496291815763378,0.9969742813918305
2,8,0,mean,blend0.3,2644,0.0841715421186172,0.9969742813918305
2,8,0,mean,blend0.4,2644,0.09561207950942116,0.9969742813918305
2,16,1,median,mix,2644,0.1916261291917455,0.9931921331316188
2,16,1,median,blend0.01,2644,0.0668418413313663,0.9931921331316188
2,16,1,median,blend0.02,2644,0.06692685278892418,0.9931921331316188
2,16,1,median,blend0.03,2644,0.06705946190192252,0.9931921331316188
2,16,1,median,blend0.05,2644,0.06746624969058529,0.9931921331316188
2,16,1,median,blend0.08,2644,0.06842331095858388,0.9931921331316188
2,16,1,median,blend0.1,2644,0.0692851517000212,0.9931921331316188
2,16,1,median,blend0.15,2644,0.07217387347187833,0.9931921331316188
2,16,1,median,blend0.2,2644,0.07601053969570047,0.9931921331316188
2,16,1,median,blend0.3,2644,0.0859904966365306,0.9931921331316188
2,16,1,median,blend0.4,2644,0.09823809010252346,0.9931921331316188
2,16,1,median,hard,2644,0.1933865092731051,0.9931921331316188
2,16,1,median,blend0.01,2644,0.06684843080067746,0.9931921331316188
2,16,1,median,blend0.02,2644,0.06694089717045329,0.9931921331316188
2,16,1,median,blend0.03,2644,0.06708180719094989,0.9931921331316188
2,16,1,median,blend0.05,2644,0.06750764049853857,0.9931921331316188
2,16,1,median,blend0.08,2644,0.06849895250506863,0.9931921331316188
2,16,1,median,blend0.1,2644,0.06938703372699492,0.9931921331316188
2,16,1,median,blend0.15,2644,0.07235117543510042,0.9931921331316188
2,16,1,median,blend0.2,2644,0.07627370410507518,0.9931921331316188
2,16,1,median,blend0.3,2644,0.08644193589351962,0.9931921331316188
2,16,1,median,blend0.4,2644,0.09888453609520297,0.9931921331316188
2,16,1,mean,mix,2644,0.18030808828497208,0.9931921331316188
2,16,1,mean,blend0.01,2644,0.06683096282452458,0.9931921331316188
2,16,1,mean,blend0.02,2644,0.06689902878366602,0.9931921331316188
2,16,1,mean,blend0.03,2644,0.06700868000506666,0.9931921331316188
2,16,1,mean,blend0.05,2644,0.06735184878461226,0.9931921331316188
2,16,1,mean,blend0.08,2644,0.06817102881959816,0.9931921331316188
2,16,1,mean,blend0.1,2644,0.06891447123641667,0.9931921331316188
2,16,1,mean,blend0.15,2644,0.07142586540501927,0.9931921331316188
2,16,1,mean,blend0.2,2644,0.07479051573487348,0.9931921331316188
2,16,1,mean,blend0.3,2644,0.08364273136302659,0.9931921331316188
2,16,1,mean,blend0.4,2644,0.09463963304943714,0.9931921331316188
2,16,1,mean,hard,2644,0.18142166791564185,0.9931921331316188
2,16,1,mean,blend0.01,2644,0.06683442494113198,0.9931921331316188
2,16,1,mean,blend0.02,2644,0.06690647992883343,0.9931921331316188
2,16,1,mean,blend0.03,2644,0.06702063796588191,0.9931921331316188
2,16,1,mean,blend0.05,2644,0.06737432819716395,0.9931921331316188
2,16,1,mean,blend0.08,2644,0.06821284748673413,0.9931921331316188
2,16,1,mean,blend0.1,2644,0.0689713587311585,0.9931921331316188
2,16,1,mean,blend0.15,2644,0.07152692144357983,0.9931921331316188
2,16,1,mean,blend0.2,2644,0.07494302234324961,0.9931921331316188
2,16,1,mean,blend0.3,2644,0.08391114725555253,0.9931921331316188
2,16,1,mean,blend0.4,2644,0.0950311550631096,0.9931921331316188
2,16,0,median,mix,2644,0.19508995627698872,0.9984871406959153
2,16,0,median,blend0.01,2644,0.06686296099105729,0.9984871406959153
2,16,0,median,blend0.02,2644,0.06697070474964875,0.9984871406959153
2,16,0,median,blend0.03,2644,0.06712760268403742,0.9984871406959153
2,16,0,median,blend0.05,2644,0.06758738456837825,0.9984871406959153
2,16,0,median,blend0.08,2644,0.06863391186824866,0.9984871406959153
2,16,0,median,blend0.1,2644,0.06956114879521626,0.9984871406959153
2,16,0,median,blend0.15,2644,0.07262886769278552,0.9984871406959153
2,16,0,median,blend0.2,2644,0.07665932138149695,0.9984871406959153
2,16,0,median,blend0.3,2644,0.08704338122149959,0.9984871406959153
2,16,0,median,blend0.4,2644,0.09969177198299382,0.9984871406959153
2,16,0,median,hard,2644,0.1972871895886781,0.9984871406959153
2,16,0,median,blend0.01,2644,0.06686718417099097,0.9984871406959153
2,16,0,median,blend0.02,2644,0.06698035029177717,0.9984871406959153
2,16,0,median,blend0.03,2644,0.06714385179852955,0.9984871406959153
2,16,0,median,blend0.05,2644,0.06762028808912077,0.9984871406959153
2,16,0,median,blend0.08,2644,0.06869994121713788,0.9984871406959153
2,16,0,median,blend0.1,2644,0.06965424236160182,0.9984871406959153
2,16,0,median,blend0.15,2644,0.07280443783675754,0.9984871406959153
2,16,0,median,blend0.2,2644,0.07693387700180114,0.9984871406959153
2,16,0,median,blend0.3,2644,0.08754530067493949,0.9984871406959153
2,16,0,median,blend0.4,2644,0.1004379818503968,0.9984871406959153
2,16,0,mean,mix,2644,0.18377094488694984,0.9984871406959153
2,16,0,mean,blend0.01,2644,0.06684654844638502,0.9984871406959153
2,16,0,mean,blend0.02,2644,0.06693179799498825,0.9984871406959153
2,16,0,mean,blend0.03,2644,0.06706019271168326,0.9984871406959153
2,16,0,mean,blend0.05,2644,0.0674453492393506,0.9984871406959153
2,16,0,mean,blend0.08,2644,0.06833797308631966,0.9984871406959153
2,16,0,mean,blend0.1,2644,0.06913665781210511,0.9984871406959153
2,16,0,mean,blend0.15,2644,0.07180433673405451,0.9984871406959153
2,16,0,mean,blend0.2,2644,0.07534474829200832,0.9984871406959153
2,16,0,mean,blend0.3,2644,0.08457964732050487,0.9984871406959153
2,16,0,mean,blend0.4,2644,0.09597152906176287,0.9984871406959153
2,16,0,mean,hard,2644,0.18493629632301758,0.9984871406959153
2,16,0,mean,blend0.01,2644,0.06684720146428734,0.9984871406959153
2,16,0,mean,blend0.02,2644,0.06693373663071742,0.9984871406959153
2,16,0,mean,blend0.03,2644,0.06706404463508539,0.9984871406959153
2,16,0,mean,blend0.05,2644,0.06745487923730553,0.9984871406959153
2,16,0,mean,blend0.08,2644,0.06836047407675024,0.9984871406959153
2,16,0,mean,blend0.1,2644,0.06917059594461641,0.9984871406959153
2,16,0,mean,blend0.15,2644,0.07187550101967148,0.9984871406959153
2,16,0,mean,blend0.2,2644,0.07546329997691394,0.9984871406959153
2,16,0,mean,blend0.3,2644,0.08481315178558096,0.9984871406959153
2,16,0,mean,blend0.4,2644,0.09633407787760402,0.9984871406959153
2,32,1,median,mix,2644,0.18847093338663226,0.9943267776096822
2,32,1,median,blend0.01,2644,0.06684347180873461,0.9943267776096822
2,32,1,median,blend0.02,2644,0.06692825563254973,0.9943267776096822
2,32,1,median,blend0.03,2644,0.0670587865331571,0.9943267776096822
2,32,1,median,blend0.05,2644,0.06745593422379598,0.9943267776096822
2,32,1,median,blend0.08,2644,0.0683852663839901,0.9943267776096822
2,32,1,median,blend0.1,2644,0.06922026131301919,0.9943267776096822
2,32,1,median,blend0.15,2644,0.07201583408042823,0.9943267776096822
2,32,1,median,blend0.2,2644,0.07572853100500769,0.9943267776096822
2,32,1,median,blend0.3,2644,0.08539878987074884,0.9943267776096822
2,32,1,median,blend0.4,2644,0.0972927195933918,0.9943267776096822
2,32,1,median,hard,2644,0.19048824179459076,0.9943267776096822
2,32,1,median,blend0.01,2644,0.06684532367286829,0.9943267776096822
2,32,1,median,blend0.02,2644,0.06693306440941892,0.9943267776096822
2,32,1,median,blend0.03,2644,0.06706764688358866,0.9943267776096822
2,32,1,median,blend0.05,2644,0.06747611838212575,0.9943267776096822
2,32,1,median,blend0.08,2644,0.06843014678673937,0.9943267776096822
2,32,1,median,blend0.1,2644,0.06928640279510725,0.9943267776096822
2,32,1,median,blend0.15,2644,0.07214979554155818,0.9943267776096822
2,32,1,median,blend0.2,2644,0.07594727582426544,0.9943267776096822
2,32,1,median,blend0.3,2644,0.08581960786504841,0.9943267776096822
2,32,1,median,blend0.4,2644,0.0979369939258742,0.9943267776096822
2,32,1,mean,mix,2644,0.17746487767911892,0.9943267776096822
2,32,1,mean,blend0.01,2644,0.06683187246250344,0.9943267776096822
2,32,1,mean,blend0.02,2644,0.06689927212288237,0.9943267776096822
2,32,1,mean,blend0.03,2644,0.06700668710485896,0.9943267776096822
2,32,1,mean,blend0.05,2644,0.06734072576511255,0.9943267776096822
2,32,1,mean,blend0.08,2644,0.06813490100382869,0.9943267776096822
2,32,1,mean,blend0.1,2644,0.06885450376920771,0.9943267776096822
2,32,1,mean,blend0.15,2644,0.07128368567759592,0.9943267776096822
2,32,1,mean,blend0.2,2644,0.07453882753308815,0.9943267776096822
2,32,1,mean,blend0.3,2644,0.0831152102668213,0.9943267776096822
2,32,1,mean,blend0.4,2644,0.09379363940254803,0.9943267776096822
2,32,1,mean,hard,2644,0.17896273721381875,0.9943267776096822
2,32,1,mean,blend0.01,2644,0.06683431451348634,0.9943267776096822
2,32,1,mean,blend0.02,2644,0.06690490339192942,0.9943267776096822
2,32,1,mean,blend0.03,2644,0.06701624668522142,0.9943267776096822
2,32,1,mean,blend0.05,2644,0.06736031416971167,0.9943267776096822
2,32,1,mean,blend0.08,2644,0.068174733124951,0.9943267776096822
2,32,1,mean,blend0.1,2644,0.06891107347065871,0.9943267776096822
2,32,1,mean,blend0.15,2644,0.0713920736573455,0.9943267776096822
2,32,1,mean,blend0.2,2644,0.07471069754522591,0.9943267776096822
2,32,1,mean,blend0.3,2644,0.08343687828552894,0.9943267776096822
2,32,1,mean,blend0.4,2644,0.09428048068342858,0.9943267776096822
2,32,0,median,mix,2644,0.19530509117583392,0.9992435703479576
2,32,0,median,blend0.01,2644,0.06688775394379978,0.9992435703479576
2,32,0,median,blend0.02,2644,0.06701985992027329,0.9992435703479576
2,32,0,median,blend0.03,2644,0.06720063841845035,0.9992435703479576
2,32,0,median,blend0.05,2644,0.06770654854708164,0.9992435703479576
2,32,0,median,blend0.08,2644,0.0688175810736698,0.9992435703479576
2,32,0,median,blend0.1,2644,0.06978432644524955,0.9992435703479576
2,32,0,median,blend0.15,2644,0.07293752339751852,0.9992435703479576
2,32,0,median,blend0.2,2644,0.07703419384920915,0.9992435703479576
2,32,0,median,blend0.3,2644,0.08749914416340417,0.9992435703479576
2,32,0,median,blend0.4,2644,0.10017660325349982,0.9992435703479576
2,32,0,median,hard,2644,0.19720819797467687,0.9992435703479576
2,32,0,median,blend0.01,2644,0.06688423640071407,0.9992435703479576
2,32,0,median,blend0.02,2644,0.06701403454620207,0.9992435703479576
2,32,0,median,blend0.03,2644,0.06719371293019857,0.9992435703479576
2,32,0,median,blend0.05,2644,0.06770101159893332,0.9992435703479576
2,32,0,median,blend0.08,2644,0.06882284121045086,0.9992435703479576
2,32,0,median,blend0.1,2644,0.06980229384329717,0.9992435703479576
2,32,0,median,blend0.15,2644,0.07300449012484332,0.9992435703479576
2,32,0,median,blend0.2,2644,0.0771706746719629,0.9992435703479576
2,32,0,median,blend0.3,2644,0.08781636650537793,0.9992435703479576
2,32,0,median,blend0.4,2644,0.10070533161868232,0.9992435703479576
2,32,0,mean,mix,2644,0.18352647277566295,0.9992435703479576
2,32,0,mean,blend0.01,2644,0.06687156324449717,0.9992435703479576
2,32,0,mean,blend0.02,2644,0.06698114141778419,0.9992435703479576
2,32,0,mean,blend0.03,2644,0.06713313503916166,0.9992435703479576
2,32,0,mean,blend0.05,2644,0.06756314371291945,0.9992435703479576
2,32,0,mean,blend0.08,2644,0.06851669933915545,0.9992435703479576
2,32,0,mean,blend0.1,2644,0.06935149928750946,0.9992435703479576
2,32,0,mean,blend0.15,2644,0.07209307879918506,0.9992435703479576
2,32,0,mean,blend0.2,2644,0.07568436470191747,0.9992435703479576
2,32,0,mean,blend0.3,2644,0.08496077704628965,0.9992435703479576
2,32,0,mean,blend0.4,2644,0.09633411743175355,0.9992435703479576
2,32,0,mean,hard,2644,0.1847316177063569,0.9992435703479576
2,32,0,mean,blend0.01,2644,0.06686756170731574,0.9992435703479576
2,32,0,mean,blend0.02,2644,0.0669739007558264,0.9992435703479576
2,32,0,mean,blend0.03,2644,0.06712342018175085,0.9992435703479576
2,32,0,mean,blend0.05,2644,0.06755077044571749,0.9992435703479576
2,32,0,mean,blend0.08,2644,0.06850597068317194,0.9992435703479576
2,32,0,mean,blend0.1,2644,0.06934548923259248,0.9992435703479576
2,32,0,mean,blend0.15,2644,0.07211051714472586,0.9992435703479576
2,32,0,mean,blend0.2,2644,0.07573965939801036,0.9992435703479576
2,32,0,mean,blend0.3,2644,0.08512316489677835,0.9992435703479576
2,32,0,mean,blend0.4,2644,0.09662902496589776,0.9992435703479576
70404,1,1,median,mix,2644,0.21375385466267577,0.8309379727685325
70404,1,1,median,blend0.01,2644,0.069452272344315,0.8309379727685325
70404,1,1,median,blend0.02,2644,0.06947934664440183,0.8309379727685325
70404,1,1,median,blend0.03,2644,0.06955627558956602,0.8309379727685325
70404,1,1,median,blend0.05,2644,0.0698589318817074,0.8309379727685325
70404,1,1,median,blend0.08,2644,0.07067935061886893,0.8309379727685325
70404,1,1,median,blend0.1,2644,0.07146404248160701,0.8309379727685325
70404,1,1,median,blend0.15,2644,0.07421123942732123,0.8309379727685325
70404,1,1,median,blend0.2,2644,0.07797991044000906,0.8309379727685325
70404,1,1,median,blend0.3,2644,0.08802307787231829,0.8309379727685325
70404,1,1,median,blend0.4,2644,0.10054201502588886,0.8309379727685325
70404,1,1,median,hard,2644,0.2141159026482351,0.8309379727685325
70404,1,1,median,blend0.01,2644,0.06945338140194732,0.8309379727685325
70404,1,1,median,blend0.02,2644,0.06948172861071251,0.8309379727685325
70404,1,1,median,blend0.03,2644,0.06956009137835098,0.8309379727685325
70404,1,1,median,blend0.05,2644,0.06986608300183046,0.8309379727685325
70404,1,1,median,blend0.08,2644,0.07069260223443474,0.8309379727685325
70404,1,1,median,blend0.1,2644,0.07148202602588295,0.8309379727685325
70404,1,1,median,blend0.15,2644,0.07424299641783418,0.8309379727685325
70404,1,1,median,blend0.2,2644,0.0780275398242137,0.8309379727685325
70404,1,1,median,blend0.3,2644,0.08810585578508531,0.8309379727685325
70404,1,1,median,blend0.4,2644,0.1006613858566133,0.8309379727685325
70404,1,1,mean,mix,2644,0.21375385466267577,0.8309379727685325
70404,1,1,mean,blend0.01,2644,0.069452272344315,0.8309379727685325
70404,1,1,mean,blend0.02,2644,0.06947934664440183,0.8309379727685325
70404,1,1,mean,blend0.03,2644,0.06955627558956602,0.8309379727685325
70404,1,1,mean,blend0.05,2644,0.0698589318817074,0.8309379727685325
70404,1,1,mean,blend0.08,2644,0.07067935061886893,0.8309379727685325
70404,1,1,mean,blend0.1,2644,0.07146404248160701,0.8309379727685325
70404,1,1,mean,blend0.15,2644,0.07421123942732123,0.8309379727685325
70404,1,1,mean,blend0.2,2644,0.07797991044000906,0.8309379727685325
70404,1,1,mean,blend0.3,2644,0.08802307787231829,0.8309379727685325
70404,1,1,mean,blend0.4,2644,0.10054201502588886,0.8309379727685325
70404,1,1,mean,hard,2644,0.2141159026482351,0.8309379727685325
70404,1,1,mean,blend0.01,2644,0.06945338140194732,0.8309379727685325
70404,1,1,mean,blend0.02,2644,0.06948172861071251,0.8309379727685325
70404,1,1,mean,blend0.03,2644,0.06956009137835098,0.8309379727685325
70404,1,1,mean,blend0.05,2644,0.06986608300183046,0.8309379727685325
70404,1,1,mean,blend0.08,2644,0.07069260223443474,0.8309379727685325
70404,1,1,mean,blend0.1,2644,0.07148202602588295,0.8309379727685325
70404,1,1,mean,blend0.15,2644,0.07424299641783418,0.8309379727685325
70404,1,1,mean,blend0.2,2644,0.0780275398242137,0.8309379727685325
70404,1,1,mean,blend0.3,2644,0.08810585578508531,0.8309379727685325
70404,1,1,mean,blend0.4,2644,0.1006613858566133,0.8309379727685325
70404,1,0,median,mix,2644,0.21490284712834484,0.8430408472012103
70404,1,0,median,blend0.01,2644,0.06946168482231746,0.8430408472012103
70404,1,0,median,blend0.02,2644,0.06949933972832757,0.8430408472012103
70404,1,0,median,blend0.03,2644,0.06958799277041319,0.8430408472012103
70404,1,0,median,blend0.05,2644,0.0699174057053566,0.8430408472012103
70404,1,0,median,blend0.08,2644,0.07078566645775766,0.8430408472012103
70404,1,0,median,blend0.1,2644,0.07160687792979026,0.8430408472012103
70404,1,0,median,blend0.15,2644,0.0744586803785352,0.8430408472012103
70404,1,0,median,blend0.2,2644,0.07834598886446179,0.8430408472012103
70404,1,0,median,blend0.3,2644,0.08864783165850683,0.8430408472012103
70404,1,0,median,blend0.4,2644,0.10143262407463224,0.8430408472012103
70404,1,0,median,hard,2644,0.21541913373980676,0.8430408472012103
70404,1,0,median,blend0.01,2644,0.0694622190441731,0.8430408472012103
70404,1,0,median,blend0.02,2644,0.06950066901618002,0.8430408472012103
70404,1,0,median,blend0.03,2644,0.06959037578808776,0.8430408472012103
70404,1,0,median,blend0.05,2644,0.06992265790151882,0.8430408472012103
70404,1,0,median,blend0.08,2644,0.07079704646100532,0.8430408472012103
70404,1,0,median,blend0.1,2644,0.07162347637496201,0.8430408472012103
70404,1,0,median,blend0.15,2644,0.07449177058524813,0.8430408472012103
70404,1,0,median,blend0.2,2644,0.07839950662270978,0.8430408472012103
70404,1,0,median,blend0.3,2644,0.08874948933266168,0.8430408472012103
70404,1,0,median,blend0.4,2644,0.10158685949672074,0.8430408472012103
70404,1,0,mean,mix,2644,0.21490284712834484,0.8430408472012103
70404,1,0,mean,blend0.01,2644,0.06946168482231746,0.8430408472012103
70404,1,0,mean,blend0.02,2644,0.06949933972832757,0.8430408472012103
70404,1,0,mean,blend0.03,2644,0.06958799277041319,0.8430408472012103
70404,1,0,mean,blend0.05,2644,0.0699174057053566,0.8430408472012103
70404,1,0,mean,blend0.08,2644,0.07078566645775766,0.8430408472012103
70404,1,0,mean,blend0.1,2644,0.07160687792979026,0.8430408472012103
70404,1,0,mean,blend0.15,2644,0.0744586803785352,0.8430408472012103
70404,1,0,mean,blend0.2,2644,0.07834598886446179,0.8430408472012103
70404,1,0,mean,blend0.3,2644,0.08864783165850683,0.8430408472012103
70404,1,0,mean,blend0.4,2644,0.10143262407463224,0.8430408472012103
70404,1,0,mean,hard,2644,0.21541913373980676,0.8430408472012103
70404,1,0,mean,blend0.01,2644,0.0694622190441731,0.8430408472012103
70404,1,0,mean,blend0.02,2644,0.06950066901618002,0.8430408472012103
70404,1,0,mean,blend0.03,2644,0.06959037578808776,0.8430408472012103
70404,1,0,mean,blend0.05,2644,0.06992265790151882,0.8430408472012103
70404,1,0,mean,blend0.08,2644,0.07079704646100532,0.8430408472012103
70404,1,0,mean,blend0.1,2644,0.07162347637496201,0.8430408472012103
70404,1,0,mean,blend0.15,2644,0.07449177058524813,0.8430408472012103
70404,1,0,mean,blend0.2,2644,0.07839950662270978,0.8430408472012103
70404,1,0,mean,blend0.3,2644,0.08874948933266168,0.8430408472012103
70404,1,0,mean,blend0.4,2644,0.10158685949672074,0.8430408472012103
70404,2,1,median,mix,2644,0.2044833353912441,0.9754160363086233
70404,2,1,median,blend0.01,2644,0.06946596567278308,0.9754160363086233
70404,2,1,median,blend0.02,2644,0.06950948197460885,0.9754160363086233
70404,2,1,median,blend0.03,2644,0.06960556111000106,0.9754160363086233
70404,2,1,median,blend0.05,2644,0.06995442309216475,0.9754160363086233
70404,2,1,median,blend0.08,2644,0.07086282336837499,0.9754160363086233
70404,2,1,median,blend0.1,2644,0.0717175743021976,0.9754160363086233
70404,2,1,median,blend0.15,2644,0.07467368014073253,0.9754160363086233
70404,2,1,median,blend0.2,2644,0.07868840725332531,0.9754160363086233
70404,2,1,median,blend0.3,2644,0.08928693051998898,0.9754160363086233
70404,2,1,median,blend0.4,2644,0.10239278314724976,0.9754160363086233
70404,2,1,median,hard,2644,0.20496615879922467,0.9754160363086233
70404,2,1,median,blend0.01,2644,0.06946723931856469,0.9754160363086233
70404,2,1,median,blend0.02,2644,0.06951228214414554,0.9754160363086233
70404,2,1,median,blend0.03,2644,0.06961013673232636,0.9754160363086233
70404,2,1,median,blend0.05,2644,0.06996327522271155,0.9754160363086233
70404,2,1,median,blend0.08,2644,0.0708797998081425,0.9754160363086233
70404,2,1,median,blend0.1,2644,0.07174100732113592,0.9754160363086233
70404,2,1,median,blend0.15,2644,0.07471631548428151,0.9754160363086233
70404,2,1,median,blend0.2,2644,0.07875358331006345,0.9754160363086233
70404,2,1,median,blend0.3,2644,0.08940277010826336,0.9754160363086233
70404,2,1,median,blend0.4,2644,0.10256196852644223,0.9754160363086233
70404,2,1,mean,mix,2644,0.1996634629868238,0.9754160363086233
70404,2,1,mean,blend0.01,2644,0.06946359980058105,0.9754160363086233
70404,2,1,mean,blend0.02,2644,0.06950203951895903,0.9754160363086233
70404,2,1,mean,blend0.03,2644,0.06959034735492045,0.9754160363086233
70404,2,1,mean,blend0.05,2644,0.06991570484002302,0.9754160363086233
70404,2,1,mean,blend0.08,2644,0.07076968558679937,0.9754160363086233
70404,2,1,mean,blend0.1,2644,0.07157617769056965,0.9754160363086233
70404,2,1,mean,blend0.15,2644,0.07437487030848425,0.9754160363086233
70404,2,1,mean,blend0.2,2644,0.07818965497502064,0.9754160363086233
70404,2,1,mean,blend0.3,2644,0.08830747330674693,0.9754160363086233
70404,2,1,mean,blend0.4,2644,0.10088068349748204,0.9754160363086233
70404,2,1,mean,hard,2644,0.2001472678075817,0.9754160363086233
70404,2,1,mean,blend0.01,2644,0.06946495114737937,0.9754160363086233
70404,2,1,mean,blend0.02,2644,0.06950498760546683,0.9754160363086233
70404,2,1,mean,blend0.03,2644,0.06959513371812999,0.9754160363086233
70404,2,1,mean,blend0.05,2644,0.0699248719762931,0.9754160363086233
70404,2,1,mean,blend0.08,2644,0.07078708483534164,0.9754160363086233
70404,2,1,mean,blend0.1,2644,0.07160007803028175,0.9754160363086233
70404,2,1,mean,blend0.15,2644,0.07441801800628572,0.9754160363086233
70404,2,1,mean,blend0.2,2644,0.07825534110222301,0.9754160363086233
70404,2,1,mean,blend0.3,2644,0.08842382459556941,0.9754160363086233
70404,2,1,mean,blend0.4,2644,0.10105045378023142,0.9754160363086233
70404,2,0,median,mix,2644,0.20644511211554545,0.9829803328290468
70404,2,0,median,blend0.01,2644,0.06948308727781324,0.9829803328290468
70404,2,0,median,blend0.02,2644,0.06954493687029809,0.9829803328290468
70404,2,0,median,blend0.03,2644,0.06966051625398781,0.9829803328290468
70404,2,0,median,blend0.05,2644,0.07005167697672395,0.9829803328290468
70404,2,0,median,blend0.08,2644,0.07103091393735693,0.9829803328290468
70404,2,0,median,blend0.1,2644,0.07193709193221261,0.9829803328290468
70404,2,0,median,blend0.15,2644,0.07503275478147195,0.9829803328290468
70404,2,0,median,blend0.2,2644,0.07919687323720526,0.9829803328290468
70404,2,0,median,blend0.3,2644,0.09010210679844592,0.9829803328290468
70404,2,0,median,blend0.4,2644,0.1035069077529099,0.9829803328290468
70404,2,0,median,hard,2644,0.2087627317374682,0.9829803328290468
70404,2,0,median,blend0.01,2644,0.06948898011572315,0.9829803328290468
70404,2,0,median,blend0.02,2644,0.06955796628650522,0.9829803328290468
70404,2,0,median,blend0.03,2644,0.06968190578646075,0.9829803328290468
70404,2,0,median,blend0.05,2644,0.0700933495094398,0.9829803328290468
70404,2,0,median,blend0.08,2644,0.07111138903534842,0.9829803328290468
70404,2,0,median,blend0.1,2644,0.07204852072894785,0.9829803328290468
70404,2,0,median,blend0.15,2644,0.07523646806031593,0.9829803328290468
70404,2,0,median,blend0.2,2644,0.07950904355063275,0.9829803328290468
70404,2,0,median,blend0.3,2644,0.09065807766647087,0.9829803328290468
70404,2,0,median,blend0.4,2644,0.10431963601719464,0.9829803328290468
70404,2,0,mean,mix,2644,0.20109306848698588,0.9829803328290468
70404,2,0,mean,blend0.01,2644,0.06947996619006581,0.9829803328290468
70404,2,0,mean,blend0.02,2644,0.06953564866438627,0.9829803328290468
70404,2,0,mean,blend0.03,2644,0.06964203647993311,0.9829803328290468
70404,2,0,mean,blend0.05,2644,0.07000589328289694,0.9829803328290468
70404,2,0,mean,blend0.08,2644,0.07092276391903793,0.9829803328290468
70404,2,0,mean,blend0.1,2644,0.07177402772654287,0.9829803328290468
70404,2,0,mean,blend0.15,2644,0.07469169251076099,0.9829803328290468
70404,2,0,mean,blend0.2,2644,0.07863102896713822,0.9829803328290468
70404,2,0,mean,blend0.3,2644,0.08899873047342118,0.9829803328290468
70404,2,0,mean,blend0.4,2644,0.10181020078773911,0.9829803328290468
70404,2,0,mean,hard,2644,0.20338921136287405,0.9829803328290468
70404,2,0,mean,blend0.01,2644,0.06948577450948853,0.9829803328290468
70404,2,0,mean,blend0.02,2644,0.06954846422845477,0.9829803328290468
70404,2,0,mean,blend0.03,2644,0.0696630396761368,0.9829803328290468
70404,2,0,mean,blend0.05,2644,0.07004671403264597,0.9829803328290468
70404,2,0,mean,blend0.08,2644,0.07100143128323956,0.9829803328290468
70404,2,0,mean,blend0.1,2644,0.07188287921621345,0.9829803328290468
70404,2,0,mean,blend0.15,2644,0.07489065080358066,0.9829803328290468
70404,2,0,mean,blend0.2,2644,0.07893621416615228,0.9829803328290468
70404,2,0,mean,blend0.3,2644,0.08954397686207201,0.9829803328290468
70404,2,0,mean,blend0.4,2644,0.10260965832018258,0.9829803328290468
70404,4,1,median,mix,2644,0.19920986526551165,0.9901664145234493
70404,4,1,median,blend0.01,2644,0.0694821252478265,0.9901664145234493
70404,4,1,median,blend0.02,2644,0.0695391911970829,0.9901664145234493
70404,4,1,median,blend0.03,2644,0.06964618578952417,0.9901664145234493
70404,4,1,median,blend0.05,2644,0.07000893841704663,0.9901664145234493
70404,4,1,median,blend0.08,2644,0.07091848911159303,0.9901664145234493
70404,4,1,median,blend0.1,2644,0.0717612663912131,0.9901664145234493
70404,4,1,median,blend0.15,2644,0.07464633100311076,0.9901664145234493
70404,4,1,median,blend0.2,2644,0.07853940153036436,0.9901664145234493
70404,4,1,median,blend0.3,2644,0.08878663053011392,0.9901664145234493
70404,4,1,median,blend0.4,2644,0.1014572021026606,0.9901664145234493
70404,4,1,median,hard,2644,0.20033473800287424,0.9901664145234493
70404,4,1,median,blend0.01,2644,0.06948454512557335,0.9901664145234493
70404,4,1,median,blend0.02,2644,0.06954462442161807,0.9901664145234493
70404,4,1,median,blend0.03,2644,0.06965521781437294,0.9901664145234493
70404,4,1,median,blend0.05,2644,0.07002688026021582,0.9901664145234493
70404,4,1,median,blend0.08,2644,0.07095385405813395,0.9901664145234493
70404,4,1,median,blend0.1,2644,0.07181073790033955,0.9901664145234493
70404,4,1,median,blend0.15,2644,0.07473851350741122,0.9901664145234493
70404,4,1,median,blend0.2,2644,0.07868261516686692,0.9901664145234493
70404,4,1,median,blend0.3,2644,0.08904665406390937,0.9901664145234493
70404,4,1,median,blend0.4,2644,0.10184223136416479,0.9901664145234493
70404,4,1,mean,mix,2644,0.18880508201403212,0.9901664145234493
70404,4,1,mean,blend0.01,2644,0.06948187388703711,0.9901664145234493
70404,4,1,mean,blend0.02,2644,0.06953288703764325,0.9901664145234493
70404,4,1,mean,blend0.03,2644,0.06962805316584751,0.9901664145234493
70404,4,1,mean,blend0.05,2644,0.06995003991594045,0.9901664145234493
70404,4,1,mean,blend0.08,2644,0.0707570507522876,0.9901664145234493
70404,4,1,mean,blend0.1,2644,0.07150538998667454,0.9901664145234493
70404,4,1,mean,blend0.15,2644,0.07407313402019494,0.9901664145234493
70404,4,1,mean,blend0.2,2644,0.07755277714900805,0.9901664145234493
70404,4,1,mean,blend0.3,2644,0.08678149793585829,0.9901664145234493
70404,4,1,mean,blend0.4,2644,0.09829957384724224,0.9901664145234493
70404,4,1,mean,hard,2644,0.18976092480808232,0.9901664145234493
70404,4,1,mean,blend0.01,2644,0.06948489718429748,0.9901664145234493
70404,4,1,mean,blend0.02,2644,0.06953938847844203,0.9901664145234493
70404,4,1,mean,blend0.03,2644,0.06963847991297167,0.9901664145234493
70404,4,1,mean,blend0.05,2644,0.06996961996486704,0.9901664145234493
70404,4,1,mean,blend0.08,2644,0.07079343457280306,0.9901664145234493
70404,4,1,mean,blend0.1,2644,0.07155485606132046,0.9901664145234493
70404,4,1,mean,blend0.15,2644,0.07416090728034963,0.9901664145234493
70404,4,1,mean,blend0.2,2644,0.0776851076210421,0.9901664145234493
70404,4,1,mean,blend0.3,2644,0.087013944889709,0.9901664145234493
70404,4,1,mean,blend0.4,2644,0.09863797140800064,0.9901664145234493
70404,4,0,median,mix,2644,0.20016774918810967,0.9920574886535553
70404,4,0,median,blend0.01,2644,0.06949924245587923,0.9920574886535553
70404,4,0,median,blend0.02,2644,0.06957369676880637,0.9920574886535553
70404,4,0,median,blend0.03,2644,0.06969831264291626,0.9920574886535553
70404,4,0,median,blend0.05,2644,0.07009685129033198,0.9920574886535553
70404,4,0,median,blend0.08,2644,0.07106086227352136,0.9920574886535553
70404,4,0,median,blend0.1,2644,0.0719400385957437,0.9920574886535553
70404,4,0,median,blend0.15,2644,0.07491457015744021,0.9920574886535553
70404,4,0,median,blend0.2,2644,0.07889258245849057,0.9920574886535553
70404,4,0,median,blend0.3,2644,0.0892905498151816,0.9920574886535553
70404,4,0,median,blend0.4,2644,0.10208651875316432,0.9920574886535553
70404,4,0,median,hard,2644,0.2032704208842169,0.9920574886535553
70404,4,0,median,blend0.01,2644,0.06950595283552993,0.9920574886535553
70404,4,0,median,blend0.02,2644,0.06958876964626293,0.9920574886535553
70404,4,0,median,blend0.03,2644,0.06972337620035843,0.9920574886535553
70404,4,0,median,blend0.05,2644,0.0701466512696067,0.9920574886535553
70404,4,0,median,blend0.08,2644,0.07115901226908601,0.9920574886535553
70404,4,0,median,blend0.1,2644,0.07207730564177825,0.9920574886535553
70404,4,0,median,blend0.15,2644,0.07517012011148455,0.9920574886535553
70404,4,0,median,blend0.2,2644,0.07928921484874159,0.9920574886535553
70404,4,0,median,blend0.3,2644,0.09000953201252777,0.9920574886535553
70404,4,0,median,blend0.4,2644,0.10315011766319702,0.9920574886535553
70404,4,0,mean,mix,2644,0.18997029546251953,0.9920574886535553
70404,4,0,mean,blend0.01,2644,0.06949834282238064,0.9920574886535553
70404,4,0,mean,blend0.02,2644,0.06956618703028919,0.9920574886535553
70404,4,0,mean,blend0.03,2644,0.06967851328413656,0.9920574886535553
70404,4,0,mean,blend0.05,2644,0.07003567107290114,0.9920574886535553
70404,4,0,mean,blend0.08,2644,0.0708970456467371,0.9920574886535553
70404,4,0,mean,blend0.1,2644,0.07168230058643081,0.9920574886535553
70404,4,0,mean,blend0.15,2644,0.07434286804431857,0.9920574886535553
70404,4,0,mean,blend0.2,2644,0.07791357171703935,0.9920574886535553
70404,4,0,mean,blend0.3,2644,0.08731155917682348,0.9920574886535553
70404,4,0,mean,blend0.4,2644,0.09897829732779082,0.9920574886535553
70404,4,0,mean,hard,2644,0.1927742877607054,0.9920574886535553
70404,4,0,mean,blend0.01,2644,0.069505978381891,0.9920574886535553
70404,4,0,mean,blend0.02,2644,0.0695828339189359,0.9920574886535553
70404,4,0,mean,blend0.03,2644,0.06970552546935187,0.9920574886535553
70404,4,0,mean,blend0.05,2644,0.07008736383044188,0.9920574886535553
70404,4,0,mean,blend0.08,2644,0.07099509980152562,0.9920574886535553
70404,4,0,mean,blend0.1,2644,0.07181699017356628,0.9920574886535553
70404,4,0,mean,blend0.15,2644,0.07458629613761268,0.9920574886535553
70404,4,0,mean,blend0.2,2644,0.07828502443324234,0.9920574886535553
70404,4,0,mean,blend0.3,2644,0.08797377997806624,0.9920574886535553
70404,4,0,mean,blend0.4,2644,0.09995100208070799,0.9920574886535553
70404,8,1,median,mix,2644,0.19655418831483804,0.9916792738275341
70404,8,1,median,blend0.01,2644,0.06949422798544781,0.9916792738275341
70404,8,1,median,blend0.02,2644,0.0695616913335554,0.9916792738275341
70404,8,1,median,blend0.03,2644,0.06967736058816963,0.9916792738275341
70404,8,1,median,blend0.05,2644,0.07005226214480444,0.9916792738275341
70404,8,1,median,blend0.08,2644,0.07096710827659419,0.9916792738275341
70404,8,1,median,blend0.1,2644,0.07180501587485272,0.9916792738275341
70404,8,1,median,blend0.15,2644,0.07465061060975899,0.9916792738275341
70404,8,1,median,blend0.2,2644,0.07847024602019816,0.9916792738275341
70404,8,1,median,blend0.3,2644,0.08849660254443234,0.9916792738275341
70404,8,1,median,blend0.4,2644,0.10088690578612398,0.9916792738275341
70404,8,1,median,hard,2644,0.19777504523286868,0.9916792738275341
70404,8,1,median,blend0.01,2644,0.06949416408469865,0.9916792738275341
70404,8,1,median,blend0.02,2644,0.06956225819306307,0.9916792738275341
70404,8,1,median,blend0.03,2644,0.06967924952323724,0.9916792738275341
70404,8,1,median,blend0.05,2644,0.07005884163241241,0.9916792738275341
70404,8,1,median,blend0.08,2644,0.07098566722849793,0.9916792738275341
70404,8,1,median,blend0.1,2644,0.07183466913536456,0.9916792738275341
70404,8,1,median,blend0.15,2644,0.07471764344246326,0.9916792738275341
70404,8,1,median,blend0.2,2644,0.0785860098637077,0.9916792738275341
70404,8,1,median,blend0.3,2644,0.088732264787922,0.9916792738275341
70404,8,1,median,blend0.4,2644,0.10125799372924939,0.9916792738275341
70404,8,1,mean,mix,2644,0.18597631855343016,0.9916792738275341
70404,8,1,mean,blend0.01,2644,0.0694897318757124,0.9916792738275341
70404,8,1,mean,blend0.02,2644,0.0695469705063085,0.9916792738275341
70404,8,1,mean,blend0.03,2644,0.06964672179076584,0.9916792738275341
70404,8,1,mean,blend0.05,2644,0.06997295758244375,0.9916792738275341
70404,8,1,mean,blend0.08,2644,0.0707741958018319,0.9916792738275341
70404,8,1,mean,blend0.1,2644,0.07151084197176445,0.9916792738275341
70404,8,1,mean,blend0.15,2644,0.07402397061012125,0.9916792738275341
70404,8,1,mean,blend0.2,2644,0.07741742639074713,0.9916792738275341
70404,8,1,mean,blend0.3,2644,0.08640464809966966,0.9916792738275341
70404,8,1,mean,blend0.4,2644,0.09762538825681394,0.9916792738275341
70404,8,1,mean,hard,2644,0.18697706348078677,0.9916792738275341
70404,8,1,mean,blend0.01,2644,0.06949039504091077,0.9916792738275341
70404,8,1,mean,blend0.02,2644,0.0695488199114528,0.9916792738275341
70404,8,1,mean,blend0.03,2644,0.06965027702214167,0.9916792738275341
70404,8,1,mean,blend0.05,2644,0.06998145994323368,0.9916792738275341
70404,8,1,mean,blend0.08,2644,0.07079382480810653,0.9916792738275341
70404,8,1,mean,blend0.1,2644,0.07154022070137529,0.9916792738275341
70404,8,1,mean,blend0.15,2644,0.07408499423975613,0.9916792738275341
70404,8,1,mean,blend0.2,2644,0.07751873525991029,0.9916792738275341
70404,8,1,mean,blend0.3,2644,0.08660395175592872,0.9916792738275341
70404,8,1,mean,blend0.4,2644,0.0979350479059616,0.9916792738275341
70404,8,0,median,mix,2644,0.19618621236419032,0.9962178517397882
70404,8,0,median,blend0.01,2644,0.06951824149877517,0.9962178517397882
70404,8,0,median,blend0.02,2644,0.06960921652713228,0.9962178517397882
70404,8,0,median,blend0.03,2644,0.06974784884264879,0.9962178517397882
70404,8,0,median,blend0.05,2644,0.07016685833168314,0.9962178517397882
70404,8,0,median,blend0.08,2644,0.07114276776106994,0.9962178517397882
70404,8,0,median,blend0.1,2644,0.0720176483706141,0.9962178517397882
70404,8,0,median,blend0.15,2644,0.07494165764742783,0.9962178517397882
70404,8,0,median,blend0.2,2644,0.0788195352084182,0.9962178517397882
70404,8,0,median,blend0.3,2644,0.08890851143604019,0.9962178517397882
70404,8,0,median,blend0.4,2644,0.10130722828474606,0.9962178517397882
70404,8,0,median,hard,2644,0.19932488233996148,0.9962178517397882
70404,8,0,median,blend0.01,2644,0.06952313235890602,0.9962178517397882
70404,8,0,median,blend0.02,2644,0.06962068073799237,0.9962178517397882
70404,8,0,median,blend0.03,2644,0.06976754836700222,0.9962178517397882
70404,8,0,median,blend0.05,2644,0.07020789940214828,0.9962178517397882
70404,8,0,median,blend0.08,2644,0.07122741310857932,0.9962178517397882
70404,8,0,median,blend0.1,2644,0.07213852205576965,0.9962178517397882
70404,8,0,median,blend0.15,2644,0.07517474790543219,0.9962178517397882
70404,8,0,median,blend0.2,2644,0.07918950822694708,0.9962178517397882
70404,8,0,median,blend0.3,2644,0.0895981394414213,0.9962178517397882
70404,8,0,median,blend0.4,2644,0.1023450609399727,0.9962178517397882
70404,8,0,mean,mix,2644,0.18578415373217774,0.9962178517397882
70404,8,0,mean,blend0.01,2644,0.0695183591518856,0.9962178517397882
70404,8,0,mean,blend0.02,2644,0.06960370510714611,0.9962178517397882
70404,8,0,mean,blend0.03,2644,0.06973099426564566,0.9962178517397882
70404,8,0,mean,blend0.05,2644,0.0701104131211923,0.9962178517397882
70404,8,0,mean,blend0.08,2644,0.07098608956587542,0.9962178517397882
70404,8,0,mean,blend0.1,2644,0.07176842126041731,0.9962178517397882
70404,8,0,mean,blend0.15,2644,0.07438077595336649,0.9962178517397882
70404,8,0,mean,blend0.2,2644,0.07785146531479548,0.9962178517397882
70404,8,0,mean,blend0.3,2644,0.08693229623795609,0.9962178517397882
70404,8,0,mean,blend0.4,2644,0.09818261925026024,0.9962178517397882
70404,8,0,mean,hard,2644,0.18844345081268363,0.9962178517397882
70404,8,0,mean,blend0.01,2644,0.06952280513309102,0.9962178517397882
70404,8,0,mean,blend0.02,2644,0.06961393475183321,0.9962178517397882
70404,8,0,mean,blend0.03,2644,0.06974832957882031,0.9962178517397882
70404,8,0,mean,blend0.05,2644,0.07014584008960013,0.9962178517397882
70404,8,0,mean,blend0.08,2644,0.07105792465460521,0.9962178517397882
70404,8,0,mean,blend0.1,2644,0.07187029255891897,0.9962178517397882
70404,8,0,mean,blend0.15,2644,0.07457540651411868,0.9962178517397882
70404,8,0,mean,blend0.2,2644,0.07815942550070404,0.9962178517397882
70404,8,0,mean,blend0.3,2644,0.08750692298981846,0.9962178517397882
70404,8,0,mean,blend0.4,2644,0.09905067532400946,0.9962178517397882
70404,16,1,median,mix,2644,0.19428538767932893,0.9928139183055976
70404,16,1,median,blend0.01,2644,0.06951993354519341,0.9928139183055976
70404,16,1,median,blend0.02,2644,0.06961130257409757,0.9928139183055976
70404,16,1,median,blend0.03,2644,0.06974903513786318,0.9928139183055976
70404,16,1,median,blend0.05,2644,0.07016240679923293,0.9928139183055976
70404,16,1,median,blend0.08,2644,0.0711205507968843,0.9928139183055976
70404,16,1,median,blend0.1,2644,0.07197770403054614,0.9928139183055976
70404,16,1,median,blend0.15,2644,0.07483896507704434,0.9928139183055976
70404,16,1,median,blend0.2,2644,0.07863209126523048,0.9928139183055976
70404,16,1,median,blend0.3,2644,0.08850671580486656,0.9928139183055976
70404,16,1,median,blend0.4,2644,0.10065827723028316,0.9928139183055976
70404,16,1,median,hard,2644,0.19597871085951293,0.9928139183055976
70404,16,1,median,blend0.01,2644,0.06952055436688588,0.9928139183055976
70404,16,1,median,blend0.02,2644,0.06961348206530614,0.9928139183055976
70404,16,1,median,blend0.03,2644,0.06975370429011062,0.9928139183055976
70404,16,1,median,blend0.05,2644,0.07017480266831531,0.9928139183055976
70404,16,1,median,blend0.08,2644,0.07115114696362033,0.9928139183055976
70404,16,1,median,blend0.1,2644,0.07202457284262671,0.9928139183055976
70404,16,1,median,blend0.15,2644,0.07493930567957675,0.9928139183055976
70404,16,1,median,blend0.2,2644,0.07880091533262543,0.9928139183055976
70404,16,1,median,blend0.3,2644,0.08884214392477137,0.9928139183055976
70404,16,1,median,blend0.4,2644,0.10118085754150041,0.9928139183055976
70404,16,1,mean,mix,2644,0.18317564349395996,0.9928139183055976
70404,16,1,mean,blend0.01,2644,0.06950552420386634,0.9928139183055976
70404,16,1,mean,blend0.02,2644,0.06957676553671979,0.9928139183055976
70404,16,1,mean,blend0.03,2644,0.06968870975955715,0.9928139183055976
70404,16,1,mean,blend0.05,2644,0.07003385518347599,0.9928139183055976
70404,16,1,mean,blend0.08,2644,0.07084976683442697,0.9928139183055976
70404,16,1,mean,blend0.1,2644,0.07158721702530292,0.9928139183055976
70404,16,1,mean,blend0.15,2644,0.07407264915988022,0.9928139183055976
70404,16,1,mean,blend0.2,2644,0.07740041348897783,0.9928139183055976
70404,16,1,mean,blend0.3,2644,0.08616886993207158,0.9928139183055976
70404,16,1,mean,blend0.4,2644,0.09709521127606861,0.9928139183055976
70404,16,1,mean,hard,2644,0.18447876523895376,0.9928139183055976
70404,16,1,mean,blend0.01,2644,0.06950596416376921,0.9928139183055976
70404,16,1,mean,blend0.02,2644,0.0695783262087533,0.9928139183055976
70404,16,1,mean,blend0.03,2644,0.06969206781183251,0.9928139183055976
70404,16,1,mean,blend0.05,2644,0.07004281001106662,0.9928139183055976
70404,16,1,mean,blend0.08,2644,0.07087196002855257,0.9928139183055976
70404,16,1,mean,blend0.1,2644,0.07162129417048128,0.9928139183055976
70404,16,1,mean,blend0.15,2644,0.07414603615894938,0.9928139183055976
70404,16,1,mean,blend0.2,2644,0.07752464080881136,0.9928139183055976
70404,16,1,mean,blend0.3,2644,0.08641858310861915,0.9928139183055976
70404,16,1,mean,blend0.4,2644,0.09748802234404441,0.9928139183055976
70404,16,0,median,mix,2644,0.196366300157637,0.9973524962178517
70404,16,0,median,blend0.01,2644,0.06954081071939694,0.9973524962178517
70404,16,0,median,blend0.02,2644,0.06965399095005372,0.9973524962178517
70404,16,0,median,blend0.03,2644,0.06981442074626865,0.9973524962178517
70404,16,0,median,blend0.05,2644,0.07027563937235866,0.9973524962178517
70404,16,0,median,blend0.08,2644,0.07131086610809481,0.9973524962178517
70404,16,0,median,blend0.1,2644,0.07222229338106255,0.9973524962178517
70404,16,0,median,blend0.15,2644,0.07522614944910377,0.9973524962178517
70404,16,0,median,blend0.2,2644,0.07916695768027016,0.9973524962178517
70404,16,0,median,blend0.3,2644,0.08933551156313904,0.9973524962178517
70404,16,0,median,blend0.4,2644,0.10176609934017547,0.9973524962178517
70404,16,0,median,hard,2644,0.1988812890772616,0.9973524962178517
70404,16,0,median,blend0.01,2644,0.06954074113430346,0.9973524962178517
70404,16,0,median,blend0.02,2644,0.0696552911123503,0.9973524962178517
70404,16,0,median,blend0.03,2644,0.06981852012305684,0.9973524962178517
70404,16,0,median,blend0.05,2644,0.07028955758856811,0.9973524962178517
70404,16,0,median,blend0.08,2644,0.07134967175923979,0.9973524962178517
70404,16,0,median,blend0.1,2644,0.07228405434027496,0.9973524962178517
70404,16,0,median,blend0.15,2644,0.07536497105733593,0.9973524962178517
70404,16,0,median,blend0.2,2644,0.07940595039298001,0.9973524962178517
70404,16,0,median,blend0.3,2644,0.0898206679038474,0.9973524962178517
70404,16,0,median,blend0.4,2644,0.10252963857592762,0.9973524962178517
70404,16,0,mean,mix,2644,0.18551193803778027,0.9973524962178517
70404,16,0,mean,blend0.01,2644,0.06953893380892957,0.9973524962178517
70404,16,0,mean,blend0.02,2644,0.06964428535467429,0.9973524962178517
70404,16,0,mean,blend0.03,2644,0.06979097754510497,0.9973524962178517
70404,16,0,mean,blend0.05,2644,0.07020727430651139,0.9973524962178517
70404,16,0,mean,blend0.08,2644,0.07113307472795657,0.9973524962178517
70404,16,0,mean,blend0.1,2644,0.0719451465192459,0.9973524962178517
70404,16,0,mean,blend0.15,2644,0.07461849148326163,0.9973524962178517
70404,16,0,mean,blend0.2,2644,0.07813134362235949,0.9973524962178517
70404,16,0,mean,blend0.3,2644,0.08724677237891308,0.9973524962178517
70404,16,0,mean,blend0.4,2644,0.09848137595801412,0.9973524962178517
70404,16,0,mean,hard,2644,0.18720117700735395,0.9973524962178517
70404,16,0,mean,blend0.01,2644,0.06953957630662996,0.9973524962178517
70404,16,0,mean,blend0.02,2644,0.06964646615650136,0.9973524962178517
70404,16,0,mean,blend0.03,2644,0.06979558560832293,0.9973524962178517
70404,16,0,mean,blend0.05,2644,0.07021936098014375,0.9973524962178517
70404,16,0,mean,blend0.08,2644,0.07116270504318614,0.9973524962178517
70404,16,0,mean,blend0.1,2644,0.07199045038395167,0.9973524962178517
70404,16,0,mean,blend0.15,2644,0.07471539275767025,0.9973524962178517
70404,16,0,mean,blend0.2,2644,0.07829465857774642,0.9973524962178517
70404,16,0,mean,blend0.3,2644,0.08757326584537388,0.9973524962178517
70404,16,0,mean,blend0.4,2644,0.09899340853582193,0.9973524962178517
70404,32,1,median,mix,2644,0.19112646017805376,0.9947049924357034
70404,32,1,median,blend0.01,2644,0.06952619842157863,0.9947049924357034
70404,32,1,median,blend0.02,2644,0.06962203087227663,0.9947049924357034
70404,32,1,median,blend0.03,2644,0.06976242392814383,0.9947049924357034
70404,32,1,median,blend0.05,2644,0.07017573720744641,0.9947049924357034
70404,32,1,median,blend0.08,2644,0.07112063164774057,0.9947049924357034
70404,32,1,median,blend0.1,2644,0.07196054115635252,0.9947049924357034
70404,32,1,median,blend0.15,2644,0.07475190444115176,0.9947049924357034
70404,32,1,median,blend0.2,2644,0.0784424457471879,0.9947049924357034
70404,32,1,median,blend0.3,2644,0.0880425151771333,0.9947049924357034
70404,32,1,median,blend0.4,2644,0.09986551474488473,0.9947049924357034
70404,32,1,median,hard,2644,0.19298162414277414,0.9947049924357034
70404,32,1,median,blend0.01,2644,0.06952614759270159,0.9947049924357034
70404,32,1,median,blend0.02,2644,0.06962295874081202,0.9947049924357034
70404,32,1,median,blend0.03,2644,0.06976535385911525,0.9947049924357034
70404,32,1,median,blend0.05,2644,0.07018569741174674,0.9947049924357034
70404,32,1,median,blend0.08,2644,0.0711484443484348,0.9947049924357034
70404,32,1,median,blend0.1,2644,0.07200485372868061,0.9947049924357034
70404,32,1,median,blend0.15,2644,0.07485179732515282,0.9947049924357034
70404,32,1,median,blend0.2,2644,0.0786149472309463,0.9947049924357034
70404,32,1,median,blend0.3,2644,0.08839470542836177,0.9947049924357034
70404,32,1,median,blend0.4,2644,0.10042231335423328,0.9947049924357034
70404,32,1,mean,mix,2644,0.17975682531101297,0.9947049924357034
70404,32,1,mean,blend0.01,2644,0.06951461421188251,0.9947049924357034
70404,32,1,mean,blend0.02,2644,0.06959303841815873,0.9947049924357034
70404,32,1,mean,blend0.03,2644,0.06971025223446602,0.9947049924357034
70404,32,1,mean,blend0.05,2644,0.0700602055125968,0.9947049924357034
70404,32,1,mean,blend0.08,2644,0.0708692003930988,0.9947049924357034
70404,32,1,mean,blend0.1,2644,0.07159291393009952,0.9947049924357034
70404,32,1,mean,blend0.15,2644,0.07401438934737978,0.9947049924357034
70404,32,1,mean,blend0.2,2644,0.07724108953695538,0.9947049924357034
70404,32,1,mean,blend0.3,2644,0.08572463361496198,0.9947049924357034
70404,32,1,mean,blend0.4,2644,0.09629707166727951,0.9947049924357034
70404,32,1,mean,hard,2644,0.1813041768765892,0.9947049924357034
70404,32,1,mean,blend0.01,2644,0.06951485536948057,0.9947049924357034
70404,32,1,mean,blend0.02,2644,0.06959432192111803,0.9947049924357034
70404,32,1,mean,blend0.03,2644,0.06971337479078694,0.9947049924357034
70404,32,1,mean,blend0.05,2644,0.07006936527586148,0.9947049924357034
70404,32,1,mean,blend0.08,2644,0.0708931332826036,0.9947049924357034
70404,32,1,mean,blend0.1,2644,0.07163031632254241,0.9947049924357034
70404,32,1,mean,blend0.15,2644,0.0740968949671689,0.9947049924357034
70404,32,1,mean,blend0.2,2644,0.07738254862749494,0.9947049924357034
70404,32,1,mean,blend0.3,2644,0.08601314371488177,0.9947049924357034
70404,32,1,mean,blend0.4,2644,0.0967548882246181,0.9947049924357034
70404,32,0,median,mix,2644,0.19725788818671497,0.9981089258698941
70404,32,0,median,blend0.01,2644,0.06957355177482646,0.9981089258698941
70404,32,0,median,blend0.02,2644,0.06971923732738138,0.9981089258698941
70404,32,0,median,blend0.03,2644,0.06991187228004495,0.9981089258698941
70404,32,0,median,blend0.05,2644,0.07043635571072258,0.9981089258698941
70404,32,0,median,blend0.08,2644,0.07156278589660972,0.9981089258698941
70404,32,0,median,blend0.1,2644,0.07253200326623616,0.9981089258698941
70404,32,0,median,blend0.15,2644,0.07566785923281472,0.9981089258698941
70404,32,0,median,blend0.2,2644,0.07972126739458392,0.9981089258698941
70404,32,0,median,blend0.3,2644,0.09005863632331923,0.9981089258698941
70404,32,0,median,blend0.4,2644,0.10259690054804123,0.9981089258698941
70404,32,0,median,hard,2644,0.20012044410597887,0.9981089258698941
70404,32,0,median,blend0.01,2644,0.06957187041889305,0.9981089258698941
70404,32,0,median,blend0.02,2644,0.06971756049128072,0.9981089258698941
70404,32,0,median,blend0.03,2644,0.06991187529079687,0.9981089258698941
70404,32,0,median,blend0.05,2644,0.07044466888247988,0.9981089258698941
70404,32,0,median,blend0.08,2644,0.07159549786128097,0.9981089258698941
70404,32,0,median,blend0.1,2644,0.0725884713076051,0.9981089258698941
70404,32,0,median,blend0.15,2644,0.07580696157542419,0.9981089258698941
70404,32,0,median,blend0.2,2644,0.07997048920402278,0.9981089258698941
70404,32,0,median,blend0.3,2644,0.09058349725599392,0.9981089258698941
70404,32,0,median,blend0.4,2644,0.10343770425508682,0.9981089258698941
70404,32,0,mean,mix,2644,0.18547562326151154,0.9981089258698941
70404,32,0,mean,blend0.01,2644,0.06957036054033273,0.9981089258698941
70404,32,0,mean,blend0.02,2644,0.06970641047667701,0.9981089258698941
70404,32,0,mean,blend0.03,2644,0.06988302249010706,0.9981089258698941
70404,32,0,mean,blend0.05,2644,0.07035664075912526,0.9981089258698941
70404,32,0,mean,blend0.08,2644,0.0713615534520003,0.9981089258698941
70404,32,0,mean,blend0.1,2644,0.07222144506603068,0.9981089258698941
70404,32,0,mean,blend0.15,2644,0.07499621144038372,0.9981089258698941
70404,32,0,mean,blend0.2,2644,0.07858460859394654,0.9981089258698941
70404,32,0,mean,blend0.3,2644,0.08778155720977941,0.9981089258698941
70404,32,0,mean,blend0.4,2644,0.0990258570392384,0.9981089258698941
70404,32,0,mean,hard,2644,0.18754984162065663,0.9981089258698941
70404,32,0,mean,blend0.01,2644,0.069567698357072,0.9981089258698941
70404,32,0,mean,blend0.02,2644,0.06970226924091998,0.9981089258698941
70404,32,0,mean,blend0.03,2644,0.06987858107287906,0.9981089258698941
70404,32,0,mean,blend0.05,2644,0.07035509805256232,0.9981089258698941
70404,32,0,mean,blend0.08,2644,0.0713728657247726,0.9981089258698941
70404,32,0,mean,blend0.1,2644,0.07224673292899851,0.9981089258698941
70404,32,0,mean,blend0.15,2644,0.07507358280809995,0.9981089258698941
70404,32,0,mean,blend0.2,2644,0.07873497997826293,0.9981089258698941
70404,32,0,mean,blend0.3,2644,0.0881227042517976,0.9981089258698941
70404,32,0,mean,blend0.4,2644,0.09959333419627542,0.9981089258698941
