anon_polygon_id,date,primary_ndvi_pred
AOI-0001,2010-06-26,0.3251566275539319
AOI-0001,2010-07-13,0.23470150410281385
AOI-0001,2010-08-22,0.21832067782011913
AOI-0001,2010-10-16,0.21257347297282436
AOI-0001,2011-05-25,0.6081066773590532
AOI-0001,2011-06-05,0.4738628467461256
AOI-0001,2011-06-22,0.7740312882243234
AOI-0001,2011-09-10,0.31997698536048835
AOI-0001,2011-10-16,0.44831859642293886
AOI-0001,2012-04-06,0.541368003481129
AOI-0001,2012-06-25,0.33902366069903384
AOI-0001,2012-07-25,0.2284045018111782
AOI-0001,2013-07-20,0.26293096801820637
AOI-0001,2013-08-13,0.39982249486482063
AOI-0001,2013-08-29,0.4319056026384849
AOI-0001,2014-04-27,0.26186477894587984
AOI-0001,2014-05-21,0.4321089028653571
AOI-0001,2014-06-10,0.7680509087542611
AOI-0001,2014-08-16,0.43515650809288653
AOI-0001,2015-05-09,0.7975768231705368
AOI-0001,2015-06-09,0.7393882943537501
AOI-0001,2015-06-10,0.7105962031117938
AOI-0001,2015-10-06,0.1385573305933627
AOI-0001,2016-04-06,0.36389783279710447
AOI-0001,2016-04-07,0.22476594893196578
AOI-0001,2016-05-24,0.5689697496072639
AOI-0001,2016-09-06,0.2927255230967732
AOI-0001,2017-04-11,0.5186293260271729
AOI-0001,2017-05-28,0.7717045085344512
AOI-0001,2017-07-28,0.413445029081393
AOI-0001,2017-08-16,0.2729268489121152
AOI-0001,2017-08-17,0.24712171858661036
AOI-0001,2017-09-25,0.1734323968761371
AOI-0001,2017-09-30,0.23211025896780313
AOI-0001,2018-04-21,0.7217833156748831
AOI-0001,2018-05-31,0.7910345272293686
AOI-0001,2018-06-16,0.4230107007387309
AOI-0001,2018-06-24,0.27571768197575347
AOI-0001,2018-07-02,0.19286728938798284
AOI-0001,2018-08-19,0.38485691353950324
AOI-0001,2018-10-30,0.2163642402060414
AOI-0001,2019-04-06,0.22192369240501822
AOI-0001,2019-04-21,0.24572063452246967
AOI-0001,2019-06-19,0.4973969586593634
AOI-0001,2019-06-30,0.34348117598025624
AOI-0001,2019-07-05,0.3612522934393921
AOI-0001,2019-07-06,0.3707906916501394
AOI-0001,2019-08-14,0.3314392584573139
AOI-0001,2019-09-28,0.1418632535458836
AOI-0001,2020-06-05,0.8582526173958708
AOI-0001,2020-07-15,0.249580955833312
AOI-0001,2020-07-19,0.18404658041060543
AOI-0001,2020-07-31,0.2157688387162679
AOI-0001,2020-08-16,0.2938798738249935
AOI-0001,2020-08-28,0.3315363408825513
AOI-0001,2020-10-27,0.16713235629259765
AOI-0001,2021-05-25,0.4509951064917148
AOI-0001,2021-07-10,0.6777121054524835
AOI-0001,2021-08-03,0.6349256672327359
AOI-0001,2021-08-13,0.4260688946301042
AOI-0001,2021-08-28,0.3355287055513899
AOI-0001,2021-09-02,0.22720263157129897
AOI-0001,2021-09-14,0.2721009910311699
AOI-0001,2021-09-27,0.21640118812425235
AOI-0001,2022-04-07,0.4244667105247561
AOI-0001,2022-06-10,0.7513604160770093
AOI-0001,2022-06-30,0.429207782918304
AOI-0001,2022-07-24,0.3287397343919519
AOI-0001,2022-08-14,0.27916957799085557
AOI-0001,2022-08-23,0.25049766483031843
AOI-0001,2022-09-17,0.17903728448825687
AOI-0001,2022-10-07,0.21601970432646236
AOI-0001,2023-05-15,0.8042221365532237
AOI-0001,2023-06-10,0.816347181788401
AOI-0001,2023-07-12,0.3717008360686471
AOI-0001,2023-09-02,0.2278927086767298
AOI-0001,2023-09-07,0.22290294227759366
AOI-0001,2023-09-27,0.19150383886926312
AOI-0001,2023-09-29,0.18865138026953326
AOI-0001,2023-10-21,0.2122798223358974
AOI-0001,2024-04-09,0.6489601688571606
AOI-0001,2024-07-11,0.3493809172922821
AOI-0001,2024-08-12,0.22519897169667596
AOI-0001,2024-08-17,0.19029084809351662
AOI-0001,2024-09-04,0.20436880587141934
AOI-0001,2024-10-06,0.1479515172153257
AOI-0001,2025-04-16,0.2891117554909277
AOI-0001,2025-05-25,0.5714849971174003
AOI-0001,2025-07-10,0.5096349002267431
AOI-0001,2025-08-19,0.23192280357548709
AOI-0001,2025-08-30,0.23760457200753848
AOI-0001,2025-09-11,0.18561559863843385
AOI-0001,2025-10-17,0.32677478262737414
AOI-0002,2025-04-14,0.7708011606949512
AOI-0002,2025-05-01,0.8241155195075868
AOI-0002,2025-06-08,0.4799818351619551
AOI-0002,2025-07-12,0.3486672043033741
AOI-0002,2025-08-29,0.16941196755854065
AOI-0002,2025-09-07,0.21619547025376587
AOI-0002,2025-10-28,0.29245452961911256
AOI-0003,2025-04-07,0.7650664246412129
AOI-0003,2025-05-04,0.8652306167742312
AOI-0003,2025-05-25,0.7789945076465463
AOI-0003,2025-06-10,0.6152742366655793
AOI-0003,2025-07-05,0.16740162352608157
AOI-0003,2025-07-12,0.26090156565920036
AOI-0003,2025-07-21,0.22076796793426331
AOI-0003,2025-07-23,0.1688466987907137
AOI-0003,2025-07-28,0.1934923535110998
AOI-0003,2025-08-09,0.15917156682708186
AOI-0003,2025-08-12,0.16912996560124383
AOI-0004,2025-04-16,0.5344707037847688
AOI-0004,2025-06-26,0.6448404411132587
AOI-0004,2025-06-27,0.6257059504542797
AOI-0004,2025-08-13,0.420045064726148
AOI-0004,2025-09-01,0.31043017171742376
AOI-0004,2025-09-07,0.3418283146817098
AOI-0004,2025-10-17,0.4089211041495363
AOI-0005,2025-04-16,0.5408102844295766
AOI-0005,2025-05-04,0.5796297932495912
AOI-0005,2025-05-25,0.6476532680941162
AOI-0005,2025-06-08,0.6142232968601765
AOI-0005,2025-06-26,0.5426902495799582
AOI-0005,2025-09-16,0.26949919758628493
AOI-0005,2025-09-23,0.30015052578903534
AOI-0005,2025-10-17,0.4052775066109601
AOI-0006,2025-04-17,0.23518285347354537
AOI-0006,2025-04-23,0.31974416832570474
AOI-0006,2025-06-13,0.6678040394236798
AOI-0006,2025-06-28,0.7749045791030064
AOI-0006,2025-07-10,0.5902657097972452
AOI-0006,2025-07-23,0.45570082218758495
AOI-0006,2025-08-06,0.2830404759581441
AOI-0006,2025-10-17,0.330633506816981
AOI-0007,2025-04-17,0.31144864686580276
AOI-0007,2025-04-28,0.4108642267388656
AOI-0007,2025-05-09,0.7547998234540673
AOI-0007,2025-05-25,0.7950970638734646
AOI-0007,2025-06-04,0.7850190780178147
AOI-0007,2025-06-08,0.588728435525865
AOI-0007,2025-06-13,0.37983059252438744
AOI-0007,2025-06-27,0.2498441853306195
AOI-0007,2025-07-07,0.1995318106716217
AOI-0007,2025-07-22,0.18443559598459092
AOI-0007,2025-10-16,0.2830680675937595
AOI-0008,2025-05-01,0.8768512950455614
AOI-0008,2025-06-10,0.6957823445658646
AOI-0008,2025-07-30,0.14582316531850786
AOI-0008,2025-08-14,0.15925616679003401
AOI-0008,2025-08-16,0.15810280253331022
AOI-0008,2025-08-19,0.1457764052521264
AOI-0008,2025-08-22,0.1540815384508261
AOI-0008,2025-09-23,0.16296822758571433
AOI-0008,2025-10-08,0.16098915563559418
AOI-0008,2025-10-18,0.22933885792511735
AOI-0009,2025-04-29,0.8236264731961565
AOI-0009,2025-05-27,0.778995868423758
AOI-0009,2025-06-04,0.5829526171155878
AOI-0009,2025-07-08,0.18200638773839234
AOI-0009,2025-07-17,0.15834768309068134
AOI-0009,2025-08-19,0.15591205956489898
AOI-0009,2025-08-27,0.16840015392135183
AOI-0009,2025-09-01,0.14795676730109325
AOI-0009,2025-09-05,0.15050265804561475
AOI-0009,2025-09-21,0.16322030533474932
AOI-0009,2025-09-26,0.1759454752416947
AOI-0010,2010-04-23,0.6775578155531037
AOI-0010,2010-08-30,0.2306877574642872
AOI-0010,2010-10-25,0.24872145071352758
AOI-0010,2011-05-09,0.695944856449464
AOI-0010,2011-06-22,0.3984519021130476
AOI-0010,2011-09-18,0.22805802038037712
AOI-0010,2012-04-22,0.39564012805452875
AOI-0010,2012-07-27,0.2955961916383852
AOI-0010,2012-09-13,0.27820324857601997
AOI-0010,2013-04-07,0.6391506128129099
AOI-0010,2013-08-13,0.2905668568391986
AOI-0010,2013-10-09,0.25277228500108156
AOI-0010,2014-06-30,0.23072622764458184
AOI-0010,2014-07-28,0.26940461484754963
AOI-0010,2014-08-01,0.2093420529025839
AOI-0010,2014-10-16,0.2642324263073369
AOI-0010,2015-04-06,0.1875743453271973
AOI-0010,2015-05-24,0.26178254438559906
AOI-0010,2015-09-14,0.29212173479238446
AOI-0010,2015-09-29,0.17332212104230277
AOI-0010,2016-06-03,0.6659553782373054
AOI-0010,2016-08-28,0.2682297291489785
AOI-0010,2016-08-30,0.216548923681324
AOI-0010,2016-09-29,0.3181917256122243
AOI-0010,2017-04-13,0.4831175643256154
AOI-0010,2017-05-09,0.7466183049059325
AOI-0010,2017-06-30,0.2837055902036445
AOI-0010,2017-07-28,0.2447294200617715
AOI-0010,2017-08-06,0.15941702778541336
AOI-0010,2017-08-26,0.15856464724910793
AOI-0010,2017-10-08,0.1879826946535257
AOI-0010,2018-05-03,0.8229331010219813
AOI-0010,2018-06-09,0.4334737378497844
AOI-0010,2018-06-15,0.30696632793607465
AOI-0010,2018-08-20,0.1861881903770207
AOI-0010,2018-09-18,0.15989959004519552
AOI-0010,2019-05-25,0.7838687056885307
AOI-0010,2019-05-28,0.7475161941561793
AOI-0010,2019-05-31,0.7248155836584402
AOI-0010,2019-06-02,0.6967080664972224
AOI-0010,2019-06-15,0.26237148658708115
AOI-0010,2019-06-25,0.16691315885759678
AOI-0010,2019-08-09,0.23067768073999015
AOI-0010,2019-09-14,0.2575074525275558
AOI-0010,2019-09-30,0.315654265222749
AOI-0010,2019-10-26,0.29246409484210606
AOI-0010,2020-04-25,0.6551625701114903
AOI-0010,2020-04-30,0.6622485090564945
AOI-0010,2020-05-17,0.5776367186512903
AOI-0010,2020-06-26,0.18530061384581173
AOI-0010,2020-07-01,0.17032526706729725
AOI-0010,2020-07-04,0.16979518731508514
AOI-0010,2020-07-09,0.17230518014815813
AOI-0010,2020-07-14,0.16563642593993852
AOI-0010,2020-09-10,0.16105321828526595
AOI-0010,2020-10-09,0.16298830574968184
AOI-0010,2021-04-22,0.3620465310564578
AOI-0010,2021-05-12,0.2908429883183507
AOI-0010,2021-05-25,0.4096303347921031
AOI-0010,2021-06-10,0.420344098688767
AOI-0010,2021-06-19,0.243021282996896
AOI-0010,2021-07-26,0.2336125159357409
AOI-0010,2021-08-20,0.31058194632524044
AOI-0010,2021-08-30,0.32897887212138976
AOI-0010,2021-09-09,0.33489158884507586
AOI-0010,2022-04-07,0.60865168602348
AOI-0010,2022-04-17,0.6570604674515852
AOI-0010,2022-07-12,0.3068965088789704
AOI-0010,2022-07-14,0.2411431362213483
AOI-0010,2022-07-30,0.3005196783640185
AOI-0010,2022-08-08,0.26739087881817714
AOI-0010,2022-08-25,0.34180455968244666
AOI-0010,2022-09-09,0.21228032368945982
AOI-0010,2023-04-07,0.6002470337551132
AOI-0010,2023-05-25,0.7199743577604573
AOI-0010,2023-08-02,0.30415402384512097
AOI-0010,2023-08-28,0.2447779703229687
AOI-0010,2023-09-17,0.2699961197016379
AOI-0010,2023-09-22,0.2702870403660663
AOI-0010,2023-10-07,0.26336644154395705
AOI-0010,2023-10-14,0.24916757524996674
AOI-0010,2023-10-29,0.27081679630261846
AOI-0010,2024-05-09,0.7612762124687672
AOI-0010,2024-05-24,0.6724897322034104
AOI-0010,2024-06-25,0.27455434912071486
AOI-0010,2024-07-03,0.18270516578205828
AOI-0010,2024-07-11,0.2620927976419683
AOI-0010,2024-07-19,0.2030394863782635
AOI-0010,2024-08-09,0.1697300895389874
AOI-0010,2024-08-20,0.23171080959186896
AOI-0010,2025-04-07,0.525512554524772
AOI-0010,2025-04-24,0.5318928881283137
AOI-0010,2025-04-28,0.556044847495608
AOI-0010,2025-06-15,0.2588719532432754
AOI-0010,2025-08-07,0.16724818069419164
AOI-0010,2025-09-01,0.16201376489927394
AOI-0010,2025-09-15,0.21183510195001864
AOI-0010,2025-09-24,0.2444227891736999
AOI-0010,2025-10-02,0.26265574422916294
AOI-0011,2025-04-19,0.7897567948869082
AOI-0011,2025-04-29,0.8178711300926441
AOI-0011,2025-06-04,0.5463770418341453
AOI-0011,2025-06-07,0.43310395450819794
AOI-0011,2025-07-22,0.24927595099546576
AOI-0011,2025-07-28,0.1992387681137245
AOI-0011,2025-07-30,0.19060933883159203
AOI-0011,2025-08-13,0.2896370840463347
AOI-0011,2025-08-16,0.20776680200356204
AOI-0011,2025-08-23,0.23408234483342355
AOI-0011,2025-09-01,0.14965112756534224
AOI-0012,2025-04-14,0.2593749943540411
AOI-0012,2025-04-17,0.3624242193268405
AOI-0012,2025-04-19,0.3307878241865259
AOI-0012,2025-04-29,0.4761675522198191
AOI-0012,2025-05-09,0.718064646539447
AOI-0012,2025-05-19,0.7219659484512604
AOI-0012,2025-06-28,0.22712341310611336
AOI-0012,2025-07-07,0.1867442732989517
AOI-0012,2025-07-12,0.24315465629405283
AOI-0012,2025-09-30,0.27601644912614365
AOI-0013,2010-04-15,0.687605926081815
AOI-0013,2010-04-23,0.7357414746985339
AOI-0013,2010-05-18,0.44285968245609975
AOI-0013,2010-08-29,0.30706224448015834
AOI-0013,2011-05-04,0.2538912405070071
AOI-0013,2011-05-09,0.4875834602693843
AOI-0013,2011-06-13,0.5190451702920497
AOI-0013,2011-08-16,0.31726118421513766
AOI-0013,2011-09-26,0.5375768416639596
AOI-0013,2011-10-11,0.5278730368005556
AOI-0013,2012-04-22,0.4840018002508475
AOI-0013,2012-07-09,0.5616310044042235
AOI-0013,2012-08-03,0.39302858678423436
AOI-0013,2012-10-06,0.2430354526831161
AOI-0013,2013-05-01,0.3016256331219664
AOI-0013,2013-05-25,0.5251756645226888
AOI-0013,2013-08-13,0.44062142331664533
AOI-0013,2013-10-09,0.6265936565969579
AOI-0013,2013-10-25,0.5864259850800895
AOI-0013,2014-04-10,0.5457749749719722
AOI-0013,2014-04-27,0.6213270982826473
AOI-0013,2014-07-16,0.38006100907559803
AOI-0013,2014-07-31,0.377957049966884
AOI-0013,2014-08-09,0.36583749836686197
AOI-0013,2014-10-16,0.42671372187651574
AOI-0013,2015-04-07,0.357351216589792
AOI-0013,2015-07-27,0.49588489876984626
AOI-0013,2015-08-12,0.40769988914513766
AOI-0013,2015-08-27,0.3675633161924126
AOI-0013,2015-09-14,0.4095327072854869
AOI-0013,2016-04-08,0.3750140065463511
AOI-0013,2016-05-24,0.6231089219155209
AOI-0013,2016-06-26,0.5290807608102731
AOI-0013,2016-08-13,0.6772739990893413
AOI-0013,2016-10-08,0.5142671872759474
AOI-0013,2016-10-17,0.4609636728552091
AOI-0013,2017-04-07,0.38146280425632473
AOI-0013,2017-05-05,0.4530157490007035
AOI-0013,2017-06-06,0.5760369419867797
AOI-0013,2017-07-02,0.5555922740780901
AOI-0013,2017-07-28,0.5473021484136218
AOI-0013,2017-08-14,0.3793344520851245
AOI-0013,2017-08-25,0.43917941958797496
AOI-0013,2017-09-26,0.45946769427834505
AOI-0013,2018-05-09,0.5331800617976885
AOI-0013,2018-06-25,0.3712931286446806
AOI-0013,2018-06-26,0.4189977954405085
AOI-0013,2018-07-11,0.34141741759210253
AOI-0013,2018-08-29,0.4497039719287553
AOI-0013,2018-10-07,0.3884907945781636
AOI-0013,2018-10-15,0.3008706806910238
AOI-0013,2019-05-27,0.46845944185004046
AOI-0013,2019-06-20,0.39190177480862026
AOI-0013,2019-07-05,0.42881507871504393
AOI-0013,2019-07-06,0.43906961346123624
AOI-0013,2019-07-07,0.4255952158320288
AOI-0013,2019-07-12,0.5122816361296776
AOI-0013,2019-07-29,0.5880068526979724
AOI-0013,2019-09-10,0.4984421085179465
AOI-0013,2019-10-16,0.5468644688833932
AOI-0013,2019-10-20,0.5261936151224249
AOI-0013,2020-04-02,0.3613409250855278
AOI-0013,2020-04-10,0.35243534706332613
AOI-0013,2020-04-12,0.3390966282190024
AOI-0013,2020-04-18,0.33396690068974216
AOI-0013,2020-04-26,0.39194113211026843
AOI-0013,2020-05-30,0.41032609232202855
AOI-0013,2020-07-01,0.48256253249823067
AOI-0013,2020-07-24,0.4843423712890715
AOI-0013,2020-08-13,0.39978219274980137
AOI-0013,2020-08-24,0.460193022577394
AOI-0013,2020-09-14,0.39036848757604614
AOI-0013,2020-09-26,0.3713833915416502
AOI-0013,2021-05-05,0.4547529647185678
AOI-0013,2021-05-12,0.4609468270593939
AOI-0013,2021-05-25,0.616394397236398
AOI-0013,2021-05-31,0.5779389555941585
AOI-0013,2021-06-26,0.5687388574581954
AOI-0013,2021-07-02,0.5405332246956359
AOI-0013,2021-08-25,0.4771946949915743
AOI-0013,2021-08-30,0.48273608057043976
AOI-0013,2021-09-07,0.48017320851061635
AOI-0013,2021-09-17,0.4600413088470261
AOI-0013,2022-05-30,0.4495644481599832
AOI-0013,2022-06-03,0.485871179409366
AOI-0013,2022-06-08,0.4411760245987969
AOI-0013,2022-06-24,0.4097834636463362
AOI-0013,2022-06-30,0.4933075001422877
AOI-0013,2022-07-01,0.46671819179945573
AOI-0013,2022-07-19,0.547495781459454
AOI-0013,2022-07-24,0.5576952763000047
AOI-0013,2022-07-29,0.540578547606357
AOI-0013,2022-09-18,0.43774983629053915
AOI-0013,2023-05-20,0.4505311913412101
AOI-0013,2023-06-06,0.5058626398147323
AOI-0013,2023-06-10,0.6118745787416667
AOI-0013,2023-06-19,0.5570258018953319
AOI-0013,2023-07-25,0.5142900042759555
AOI-0013,2023-07-26,0.5062857038804544
AOI-0013,2023-07-28,0.5530451693670807
AOI-0013,2023-08-28,0.47563588991514283
AOI-0013,2023-09-07,0.5011932898360181
AOI-0013,2023-09-19,0.5466511332448545
AOI-0013,2024-04-06,0.35211002067876124
AOI-0013,2024-04-13,0.3756488127163542
AOI-0013,2024-05-08,0.6080955190850263
AOI-0013,2024-05-09,0.5157762380913302
AOI-0013,2024-06-10,0.5517534537142637
AOI-0013,2024-07-19,0.4494388084319051
AOI-0013,2024-08-27,0.5152208271450219
AOI-0013,2024-09-12,0.5055157433863438
AOI-0013,2024-09-13,0.49825681762188945
AOI-0013,2024-10-03,0.4153351375311989
AOI-0013,2025-04-19,0.5648868764852191
AOI-0013,2025-05-09,0.5296950660516715
AOI-0013,2025-06-03,0.4800644583559923
AOI-0013,2025-07-03,0.504235469745534
AOI-0013,2025-07-12,0.5129797047063558
AOI-0013,2025-07-17,0.48928740280123206
AOI-0013,2025-08-02,0.5106505343106174
AOI-0013,2025-08-13,0.5186192328287963
AOI-0013,2025-09-16,0.49497530747717977
AOI-0013,2025-10-02,0.509983051552858
AOI-0013,2025-10-03,0.5160113905858565
AOI-0014,2010-06-02,0.7982428090161037
AOI-0014,2010-08-06,0.28169318083926725
AOI-0014,2010-09-14,0.24815132145693738
AOI-0014,2010-10-01,0.16665779471859943
AOI-0014,2011-05-21,0.5066440444710908
AOI-0014,2011-07-08,0.707251156703739
AOI-0014,2011-07-31,0.5110218215162324
AOI-0014,2011-08-29,0.30655532264029095
AOI-0014,2012-05-22,0.7390282301068958
AOI-0014,2012-07-27,0.3047058382391677
AOI-0014,2012-09-29,0.2531735728151304
AOI-0014,2013-04-15,0.26195030885593446
AOI-0014,2013-07-04,0.786940080944966
AOI-0014,2013-08-06,0.638952843491933
AOI-0014,2013-08-13,0.5120950441174293
AOI-0014,2014-04-23,0.633035072195377
AOI-0014,2014-05-29,0.7825389452215962
AOI-0014,2014-06-10,0.6272897095685707
AOI-0014,2014-07-31,0.23287120712544981
AOI-0014,2014-09-17,0.21211079381443487
AOI-0014,2014-10-28,0.19861152695464065
AOI-0014,2015-04-05,0.2980696616629235
AOI-0014,2015-05-24,0.8301921138671149
AOI-0014,2015-08-27,0.25624136555724636
AOI-0014,2015-09-21,0.20873908869744495
AOI-0014,2015-09-29,0.17003997826099196
AOI-0014,2015-10-07,0.19563476476742495
AOI-0014,2016-05-10,0.4446175119707236
AOI-0014,2016-06-09,0.7826201812141891
AOI-0014,2016-07-27,0.6494259215603755
AOI-0014,2016-08-12,0.4824999317434933
AOI-0014,2016-10-16,0.2662032193839142
AOI-0014,2016-10-24,0.28888902285943613
AOI-0014,2017-04-03,0.419508370621384
AOI-0014,2017-04-13,0.6031865363879846
AOI-0014,2017-05-01,0.8246555751096304
AOI-0014,2017-06-26,0.5296306333248054
AOI-0014,2017-08-04,0.18536481219702686
AOI-0014,2017-08-09,0.18823117295579628
AOI-0014,2017-08-14,0.1548002905962609
AOI-0014,2017-09-17,0.2081787918420646
AOI-0014,2017-09-18,0.175660630437612
AOI-0014,2018-04-11,0.5236706320117015
AOI-0014,2018-06-08,0.6359248564542049
AOI-0014,2018-06-15,0.3087749228136655
AOI-0014,2018-06-16,0.34574708663951054
AOI-0014,2018-06-20,0.25931098879903686
AOI-0014,2018-06-26,0.3061863171802991
AOI-0014,2018-08-04,0.24063903665044456
AOI-0014,2018-08-13,0.2968904770749645
AOI-0014,2019-04-23,0.25849931191473985
AOI-0014,2019-05-18,0.3970473202803439
AOI-0014,2019-06-05,0.7995705301882262
AOI-0014,2019-06-12,0.8148433720148996
AOI-0014,2019-06-27,0.765672210197121
AOI-0014,2019-07-07,0.6983106468268391
AOI-0014,2019-07-28,0.533807811327199
AOI-0014,2019-08-06,0.43245363699721306
AOI-0014,2019-08-19,0.2816185542527873
AOI-0014,2019-09-05,0.15864547493807146
AOI-0014,2019-10-17,0.3729946683944915
AOI-0014,2019-10-23,0.405857211521215
AOI-0014,2020-04-03,0.660176333859555
AOI-0014,2020-05-04,0.7400178151800082
AOI-0014,2020-05-12,0.6837841216125871
AOI-0014,2020-07-06,0.14637571668861937
AOI-0014,2020-07-19,0.13946816075120336
AOI-0014,2020-08-12,0.22253071977238117
AOI-0014,2020-08-13,0.15224749509559146
AOI-0014,2020-08-17,0.17952628995205394
AOI-0014,2020-09-17,0.16511634684379106
AOI-0014,2020-09-19,0.10795509445553765
AOI-0014,2020-10-12,0.12660761085298194
AOI-0014,2020-10-29,0.041004182343089224
AOI-0014,2021-05-05,0.7966355304614801
AOI-0014,2021-05-12,0.8402563376445918
AOI-0014,2021-05-20,0.7821325464661621
AOI-0014,2021-05-31,0.8529308350978236
AOI-0014,2021-06-11,0.757229138145802
AOI-0014,2021-06-26,0.4757192192460283
AOI-0014,2021-07-02,0.36225270068948184
AOI-0014,2021-09-04,0.1743622318958203
AOI-0014,2021-09-27,0.1721734798469031
AOI-0014,2021-10-16,0.23881700437940995
AOI-0014,2022-04-27,0.23535845971091113
AOI-0014,2022-05-09,0.49665977637675496
AOI-0014,2022-06-03,0.41124471391447404
AOI-0014,2022-06-11,0.5789102552997303
AOI-0014,2022-06-26,0.7173013612487653
AOI-0014,2022-06-30,0.8000802930646806
AOI-0014,2022-07-17,0.8144957007582361
AOI-0014,2022-08-10,0.515960511926223
AOI-0014,2022-08-23,0.292643439534146
AOI-0014,2022-09-29,0.13725709681761777
AOI-0014,2022-10-17,0.1597543234032548
AOI-0014,2023-06-16,0.8368574228393227
AOI-0014,2023-06-29,0.469714381643418
AOI-0014,2023-07-04,0.33021816110234453
AOI-0014,2023-07-26,0.23926246358582806
AOI-0014,2023-08-23,0.1704544034788489
AOI-0014,2023-08-26,0.19768926944567558
AOI-0014,2023-08-28,0.1545333097006179
AOI-0014,2023-09-07,0.15604007782815835
AOI-0014,2023-09-11,0.20261809389207858
AOI-0014,2023-09-19,0.1618887678681315
AOI-0014,2023-10-04,0.1739250344416615
AOI-0014,2023-10-29,0.2010379050418464
AOI-0014,2024-04-06,0.7317796398193092
AOI-0014,2024-06-09,0.5214069396718025
AOI-0014,2024-06-10,0.4750573292813602
AOI-0014,2024-06-18,0.3186992615495137
AOI-0014,2024-07-05,0.20362100858077334
AOI-0014,2024-07-30,0.14061069425003028
AOI-0014,2024-08-14,0.1612611432442296
AOI-0014,2024-09-16,0.15170462296268739
AOI-0014,2024-09-26,0.14366256028114788
AOI-0014,2024-10-08,0.14042106174771862
AOI-0014,2025-04-16,0.1815693352839546
AOI-0014,2025-04-24,0.19863390381752474
AOI-0014,2025-05-24,0.3528580307246887
AOI-0014,2025-06-11,0.47899999670956156
AOI-0014,2025-07-05,0.48441149193706345
AOI-0014,2025-07-23,0.38771570591509225
AOI-0014,2025-07-25,0.3952661393222655
AOI-0014,2025-08-30,0.21613152503119382
AOI-0014,2025-09-03,0.1633077174247788
AOI-0014,2025-10-02,0.24062928830606792
AOI-0014,2025-10-13,0.30823113714137984
AOI-0015,2025-04-07,0.33771812786954575
AOI-0015,2025-04-18,0.2234432537243519
AOI-0015,2025-04-19,0.237052526348623
AOI-0015,2025-05-01,0.3455180854303779
AOI-0015,2025-06-03,0.45002451042307057
AOI-0015,2025-06-04,0.44968866864530865
AOI-0015,2025-06-05,0.4331049567089961
AOI-0015,2025-08-23,0.24047389361241092
AOI-0015,2025-09-01,0.1786819167291253
AOI-0015,2025-09-21,0.17273713312204203
AOI-0015,2025-09-24,0.21709595844864066
AOI-0016,2025-05-06,0.21941916680074203
AOI-0016,2025-06-08,0.5774796826786274
AOI-0016,2025-06-10,0.6329346783644445
AOI-0016,2025-07-14,0.7458786749782329
AOI-0016,2025-07-29,0.6725312996616426
AOI-0016,2025-08-15,0.4327300991712506
AOI-0016,2025-08-16,0.39977156239072253
AOI-0016,2025-09-07,0.2806985768430245
AOI-0016,2025-09-23,0.23090196748003755
AOI-0016,2025-10-02,0.26446990088776595
AOI-0016,2025-10-08,0.21298279885909718
AOI-0017,2010-04-23,0.48048527902754806
AOI-0017,2010-04-24,0.4071726651260583
AOI-0017,2010-06-02,0.5650166999529018
AOI-0017,2010-06-19,0.5700963926491923
AOI-0017,2011-04-23,0.4632091038344953
AOI-0017,2011-06-13,0.5637194286481781
AOI-0017,2011-07-15,0.4919595727206197
AOI-0017,2011-07-28,0.5052785750561112
AOI-0017,2011-08-01,0.47455838318393506
AOI-0017,2012-04-06,0.43652223780539395
AOI-0017,2012-05-24,0.6520440969877078
AOI-0017,2012-08-03,0.5199096803957771
AOI-0017,2012-10-15,0.47540751310114426
AOI-0017,2013-04-23,0.5324862004532439
AOI-0017,2013-06-03,0.5631897756619635
AOI-0017,2013-07-28,0.45934128348791814
AOI-0017,2013-07-29,0.4253690184651145
AOI-0017,2014-04-10,0.5624116946646945
AOI-0017,2014-06-21,0.5994982224475285
AOI-0017,2014-07-16,0.47527258499118574
AOI-0017,2014-08-24,0.3995002529840157
AOI-0017,2014-09-14,0.46288038737062354
AOI-0017,2014-09-30,0.4511010207260897
AOI-0017,2015-06-01,0.5279179174569205
AOI-0017,2015-08-20,0.46865658065532595
AOI-0017,2015-09-04,0.468226289942826
AOI-0017,2015-09-14,0.45998966159625054
AOI-0017,2015-09-30,0.43424547605669206
AOI-0017,2016-05-10,0.6720727315817533
AOI-0017,2016-05-18,0.7346792945063482
AOI-0017,2016-06-27,0.5403050085335652
AOI-0017,2016-08-13,0.5707559701644774
AOI-0017,2016-09-29,0.5610754999561713
AOI-0017,2017-05-01,0.4323415394876547
AOI-0017,2017-05-25,0.6858161933217546
AOI-0017,2017-06-05,0.6796621991265122
AOI-0017,2017-07-02,0.7349172348553835
AOI-0017,2017-07-07,0.7403064643501305
AOI-0017,2017-07-28,0.5875546880480129
AOI-0017,2017-08-17,0.543241979629521
AOI-0017,2017-08-24,0.5541704294092121
AOI-0017,2017-09-05,0.5540370633035363
AOI-0017,2017-09-10,0.5631687180792144
AOI-0017,2018-04-06,0.415940368198702
AOI-0017,2018-04-14,0.4129128227684173
AOI-0017,2018-04-23,0.5392361579659667
AOI-0017,2018-05-01,0.4640895521318694
AOI-0017,2018-07-26,0.4054038271001176
AOI-0017,2018-07-27,0.4092156901342799
AOI-0017,2018-08-29,0.4777669207260521
AOI-0017,2018-09-21,0.5640875765954994
AOI-0017,2019-04-23,0.5047353411615132
AOI-0017,2019-04-26,0.4759440294453466
AOI-0017,2019-05-21,0.6766376652067225
AOI-0017,2019-06-27,0.6079993350565758
AOI-0017,2019-06-28,0.6030759944988936
AOI-0017,2019-06-30,0.5842516568875444
AOI-0017,2019-07-05,0.609869733165359
AOI-0017,2019-07-20,0.6745586178877665
AOI-0017,2019-07-30,0.6225245421632282
AOI-0017,2019-09-23,0.4679474496043789
AOI-0017,2019-10-23,0.48755628020130826
AOI-0017,2020-04-10,0.2857028011364906
AOI-0017,2020-05-20,0.5439324477765798
AOI-0017,2020-06-25,0.5896207903158186
AOI-0017,2020-06-30,0.548733305006261
AOI-0017,2020-07-01,0.5274455885694559
AOI-0017,2020-07-24,0.4052220559283003
AOI-0017,2020-07-29,0.4314328649477082
AOI-0017,2020-07-31,0.48078358976991326
AOI-0017,2020-09-22,0.44741703417098083
AOI-0017,2020-09-25,0.4375682699276123
AOI-0017,2020-10-07,0.3979114999372664
AOI-0017,2021-05-09,0.5963098689484639
AOI-0017,2021-05-15,0.5105262214061524
AOI-0017,2021-05-31,0.6725268187903194
AOI-0017,2021-06-26,0.6327256821074775
AOI-0017,2021-07-19,0.5651080236098524
AOI-0017,2021-09-13,0.535953868689208
AOI-0017,2021-09-29,0.4635871647448861
AOI-0017,2021-10-02,0.3894619575626758
AOI-0017,2021-10-14,0.3779777693313632
AOI-0017,2021-10-22,0.3244847142757376
AOI-0017,2022-04-07,0.5820062917201287
AOI-0017,2022-06-08,0.6003642454444261
AOI-0017,2022-06-26,0.5394485106526458
AOI-0017,2022-06-29,0.5824251171998513
AOI-0017,2022-07-06,0.5639007451473821
AOI-0017,2022-08-29,0.49736849928967125
AOI-0017,2022-09-07,0.5184220128694238
AOI-0017,2022-10-07,0.4746953340598835
AOI-0017,2022-10-12,0.5025609748240798
AOI-0017,2023-05-05,0.6326700069043425
AOI-0017,2023-06-24,0.6504754904309753
AOI-0017,2023-07-06,0.5464482374195408
AOI-0017,2023-08-01,0.6099417035903497
AOI-0017,2023-08-05,0.5895846309277962
AOI-0017,2023-08-08,0.5627565325987365
AOI-0017,2023-08-15,0.5344221182626779
AOI-0017,2023-09-11,0.48555272747160194
AOI-0017,2023-09-29,0.43138757008211814
AOI-0017,2023-09-30,0.4031911545393676
AOI-0017,2023-10-19,0.27645904402497284
AOI-0017,2024-04-06,0.4665181516810473
AOI-0017,2024-04-13,0.48623689819874344
AOI-0017,2024-04-26,0.4053425240369301
AOI-0017,2024-05-06,0.40592209449124506
AOI-0017,2024-06-25,0.3201640302578936
AOI-0017,2024-06-30,0.2227773000893773
AOI-0017,2024-07-05,0.22311042856731356
AOI-0017,2024-07-15,0.1985878645587464
AOI-0017,2024-07-26,0.26557838408238504
AOI-0017,2024-09-13,0.3909886087490899
AOI-0017,2025-04-07,0.7598163266263201
AOI-0017,2025-06-03,0.7679600331685649
AOI-0017,2025-06-08,0.6208828004358377
AOI-0017,2025-06-13,0.4859262667501151
AOI-0017,2025-07-28,0.23457435864621823
AOI-0017,2025-07-29,0.2651588511956035
AOI-0017,2025-08-07,0.1819822894833961
AOI-0017,2025-09-07,0.22298203328515215
AOI-0017,2025-09-16,0.2177810894133777
AOI-0017,2025-09-21,0.19647922009061516
AOI-0017,2025-10-17,0.2983605702409475
AOI-0018,2025-04-18,0.8201963897478041
AOI-0018,2025-04-24,0.8255563405216199
AOI-0018,2025-06-04,0.5746145517543005
AOI-0018,2025-07-17,0.21720420186387582
AOI-0018,2025-07-18,0.21549233124950495
AOI-0018,2025-08-14,0.21541962847099072
AOI-0018,2025-08-30,0.1970832045428856
AOI-0018,2025-09-21,0.169666885539938
AOI-0018,2025-10-08,0.15756267816325686
AOI-0018,2025-10-16,0.26538035411033706
AOI-0018,2025-10-18,0.22186435749408315
AOI-0019,2025-04-07,0.5901792379325339
AOI-0019,2025-05-04,0.6211343125521097
AOI-0019,2025-05-06,0.5947974927811496
AOI-0019,2025-06-08,0.44650320834600776
AOI-0019,2025-07-06,0.4189475060800173
AOI-0019,2025-08-23,0.26815897413249484
AOI-0019,2025-08-29,0.19921548862357677
AOI-0019,2025-09-05,0.1834228815796726
AOI-0019,2025-09-26,0.21725058926740531
AOI-0019,2025-10-13,0.09054142486066301
AOI-0019,2025-10-16,0.22966303518754883
AOI-0020,2025-04-01,0.18463750398635984
AOI-0020,2025-05-16,0.6283863030319001
AOI-0020,2025-05-24,0.7132533606819742
AOI-0020,2025-07-18,0.3126542871054842
AOI-0020,2025-08-12,0.22280975851365437
AOI-0020,2025-08-30,0.2425625209831027
AOI-0020,2025-09-05,0.17051135626305308
AOI-0020,2025-09-13,0.20058398987033715
AOI-0020,2025-09-15,0.21399895185146897
AOI-0020,2025-09-24,0.2238983446377945
AOI-0020,2025-10-18,0.22514768324440732
AOI-0021,2025-05-04,0.5102650376734091
AOI-0021,2025-06-08,0.5014853961787711
AOI-0021,2025-06-26,0.496790150991756
AOI-0021,2025-06-27,0.4058647928416536
AOI-0021,2025-06-28,0.4359873478281403
AOI-0021,2025-06-30,0.39025550758641525
AOI-0021,2025-07-03,0.3466424625981406
AOI-0021,2025-07-15,0.3155169544229284
AOI-0021,2025-08-15,0.3167853331232105
AOI-0021,2025-08-16,0.2797818433955839
AOI-0021,2025-09-05,0.202356125215071
AOI-0022,2025-07-12,0.2516202893516908
AOI-0022,2025-07-13,0.15954096413576546
AOI-0022,2025-07-14,0.20619571351368657
AOI-0022,2025-08-16,0.16448812252239678
AOI-0022,2025-08-23,0.19948668710001527
AOI-0022,2025-08-29,0.15329681034919054
AOI-0022,2025-09-01,0.14813740701810788
AOI-0022,2025-09-11,0.17275618021122838
AOI-0022,2025-09-15,0.17338205988446848
AOI-0022,2025-09-26,0.16360889060863346
AOI-0022,2025-10-08,0.15526525103079372
AOI-0023,2025-05-09,0.4942725404428113
AOI-0023,2025-05-27,0.558249436257407
AOI-0023,2025-07-13,0.3511517379009485
AOI-0023,2025-08-06,0.15494119801020037
AOI-0023,2025-08-13,0.23602019524450119
AOI-0023,2025-08-17,0.1726110627845954
AOI-0023,2025-09-05,0.14313270785089532
AOI-0023,2025-09-08,0.14924333434481885
AOI-0023,2025-09-14,0.25946889861813627
AOI-0023,2025-09-15,0.1725863283416952
AOI-0023,2025-09-24,0.17196153333174138
AOI-0024,2025-04-17,0.22240003128866315
AOI-0024,2025-04-24,0.1628980756383331
AOI-0024,2025-05-04,0.2356216086662161
AOI-0024,2025-06-08,0.35313412953545414
AOI-0024,2025-07-13,0.36927838457091156
AOI-0024,2025-08-13,0.34622399862458453
AOI-0024,2025-08-17,0.2847211698259886
AOI-0024,2025-09-01,0.2120687050886175
AOI-0024,2025-09-23,0.20499395718590968
AOI-0024,2025-09-24,0.2049115843012204
AOI-0024,2025-10-16,0.17814600701706923
AOI-0025,2025-05-04,0.20096334900930155
AOI-0025,2025-06-26,0.3008432559594958
AOI-0025,2025-07-10,0.16008621759856234
AOI-0025,2025-08-02,0.16757662820397515
AOI-0025,2025-08-22,0.1686911077637479
AOI-0025,2025-09-23,0.2083661704428421
AOI-0026,2025-04-16,0.7958908581904283
AOI-0026,2025-05-04,0.8799007461933729
AOI-0026,2025-07-23,0.18163476887487043
AOI-0026,2025-07-28,0.19018456950902052
AOI-0026,2025-09-14,0.2223356716765009
AOI-0026,2025-09-15,0.15523368724612704
AOI-0026,2025-09-21,0.1548839573946283
AOI-0026,2025-10-18,0.333077779020424
AOI-0027,2025-04-19,0.7966963738077821
AOI-0027,2025-06-10,0.6198337461856639
AOI-0027,2025-08-12,0.2337978707664155
AOI-0027,2025-08-13,0.34194133053694986
AOI-0027,2025-08-27,0.22156228001007333
AOI-0027,2025-09-30,0.43145247633067646
AOI-0028,2010-05-01,0.8069117550596917
AOI-0028,2010-05-09,0.8363392665989969
AOI-0028,2011-07-31,0.6807782989453127
AOI-0028,2011-08-29,0.3989893596904786
AOI-0028,2011-09-14,0.36821360554041815
AOI-0028,2012-05-22,0.7723639161760881
AOI-0028,2012-06-09,0.5382271533348549
AOI-0028,2012-07-09,0.24399000684844618
AOI-0028,2013-07-12,0.2661204604669501
AOI-0028,2013-10-24,0.2944149281163852
AOI-0028,2014-07-23,0.21057447444618146
AOI-0028,2014-08-08,0.20466387533962452
AOI-0028,2014-08-13,0.23244924441798231
AOI-0028,2014-09-30,0.2684851811097116
AOI-0028,2015-04-07,0.36359595811889533
AOI-0028,2015-08-11,0.4106811011743357
AOI-0028,2015-08-29,0.2542318587976693
AOI-0028,2015-09-30,0.23035150584562283
AOI-0028,2016-08-12,0.25337278628282883
AOI-0028,2016-09-13,0.27328691154033363
AOI-0028,2016-09-14,0.22238148668201657
AOI-0028,2017-05-04,0.42948283366902595
AOI-0028,2017-07-10,0.23166213653229237
AOI-0028,2017-09-18,0.2358407399306665
AOI-0028,2017-10-11,0.403459702990178
AOI-0028,2017-10-19,0.42655966694027114
AOI-0028,2018-05-09,0.8490865964280674
AOI-0028,2018-05-15,0.8834979144788435
AOI-0028,2018-05-25,0.8515258643689511
AOI-0028,2018-05-31,0.8590965432976956
AOI-0028,2018-08-13,0.24616582173478882
AOI-0028,2019-05-01,0.21200669550812903
AOI-0028,2019-05-09,0.4259512047653654
AOI-0028,2019-05-16,0.1778931274900546
AOI-0028,2019-06-15,0.17256146288602917
AOI-0028,2019-08-14,0.18379176966692823
AOI-0028,2019-08-30,0.20736418991892566
AOI-0028,2019-09-07,0.21249579768389235
AOI-0028,2019-10-25,0.7160748247221009
AOI-0028,2020-04-22,0.8469332642003543
AOI-0028,2020-05-20,0.8497924433426391
AOI-0028,2020-05-28,0.8457420985251044
AOI-0028,2020-07-15,0.244639003400583
AOI-0028,2020-08-16,0.19585171740377044
AOI-0028,2020-10-15,0.2423452770459068
AOI-0028,2020-10-27,0.12844200561949312
AOI-0028,2021-04-15,0.16628739625424863
AOI-0028,2021-05-05,0.23274271170208044
AOI-0028,2021-05-07,0.25369411370278483
AOI-0028,2021-05-23,0.3204009064971856
AOI-0028,2021-08-13,0.4803227228706054
AOI-0028,2021-09-27,0.19765390207279213
AOI-0028,2021-10-02,0.2027673692208102
AOI-0028,2022-06-11,0.8664418489580368
AOI-0028,2022-06-13,0.8344797248057022
AOI-0028,2022-06-18,0.7922079094307967
AOI-0028,2022-07-21,0.16557010777536654
AOI-0028,2022-08-23,0.15961868928007417
AOI-0028,2022-09-07,0.15460375669013393
AOI-0028,2022-10-07,0.15640662240654735
AOI-0028,2022-10-15,0.223696872485902
AOI-0028,2023-05-20,0.2420233078183452
AOI-0028,2023-06-24,0.2185782111322981
AOI-0028,2023-07-28,0.29589511807611746
AOI-0028,2023-09-12,0.1626436636693358
AOI-0028,2023-09-14,0.21143399083433498
AOI-0028,2023-10-02,0.1793256095758083
AOI-0028,2023-10-17,0.5035463725602163
AOI-0028,2024-04-14,0.8870231228673853
AOI-0028,2024-05-04,0.8830097037878321
AOI-0028,2024-06-13,0.4143340101778615
AOI-0028,2024-08-22,0.12823607088068453
AOI-0028,2024-09-06,0.14058542255607848
AOI-0028,2024-10-11,0.14031423301703783
AOI-0028,2024-10-15,0.2170479613209574
AOI-0028,2025-04-01,0.14754266192599264
AOI-0028,2025-08-06,0.15013575087910982
AOI-0028,2025-08-29,0.15229974729940693
AOI-0028,2025-09-06,0.1527301199239161
AOI-0028,2025-09-07,0.18835282730686376
AOI-0028,2025-09-21,0.16160554020435264
AOI-0028,2025-09-23,0.1784455852503844
AOI-0028,2025-10-18,0.25966521552113697
AOI-0029,2025-04-07,0.7943865290951823
AOI-0029,2025-04-14,0.842830403792551
AOI-0029,2025-04-16,0.8272997777251223
AOI-0029,2025-04-21,0.813846346495631
AOI-0029,2025-05-21,0.8546001416195639
AOI-0029,2025-07-23,0.13290281090261685
AOI-0029,2025-09-23,0.15774290704613456
AOI-0029,2025-09-30,0.23207105406032988
AOI-0030,2025-04-07,0.5563625087081386
AOI-0030,2025-06-11,0.8063421634945707
AOI-0030,2025-06-13,0.7861329341115418
AOI-0030,2025-07-18,0.7112676020204713
AOI-0030,2025-08-13,0.6541688690805065
AOI-0030,2025-08-19,0.6677050601912684
AOI-0030,2025-09-07,0.6442130169568504
AOI-0030,2025-09-16,0.6579738734678595
AOI-0031,2010-05-04,0.6048298630900392
AOI-0031,2010-05-09,0.6702947309332499
AOI-0031,2010-06-26,0.2724165468649221
AOI-0031,2010-07-31,0.13943389325550984
AOI-0031,2010-08-23,0.1422524301622202
AOI-0031,2010-08-29,0.1802655999677268
AOI-0031,2011-05-14,0.3912298224712484
AOI-0031,2011-07-28,0.2621088614350133
AOI-0031,2011-08-26,0.1985518521638524
AOI-0031,2011-08-27,0.19124103355203842
AOI-0031,2012-05-08,0.33071022777038284
AOI-0031,2012-07-20,0.1311457793006548
AOI-0031,2012-09-06,0.16062912597861137
AOI-0031,2013-04-05,0.45567887928882134
AOI-0031,2013-06-13,0.25195446859070714
AOI-0031,2013-07-14,0.1964673169842079
AOI-0031,2013-07-22,0.21302692509539942
AOI-0031,2013-08-15,0.21041403478492288
AOI-0031,2013-08-23,0.2150854282809705
AOI-0031,2014-04-23,0.41102515168946424
AOI-0031,2014-05-25,0.5433518736438308
AOI-0031,2014-07-10,0.18268308889303864
AOI-0031,2014-10-06,0.16812423853192968
AOI-0031,2014-10-16,0.21497950668023058
AOI-0031,2015-05-02,0.23088447165537096
AOI-0031,2015-05-09,0.453208366170984
AOI-0031,2015-06-03,0.44546651866333137
AOI-0031,2015-07-13,0.2846645372486415
AOI-0031,2015-09-30,0.22609509374288292
AOI-0031,2015-10-17,0.16161030309755794
AOI-0031,2016-04-09,0.3043668443661544
AOI-0031,2016-04-26,0.5748854855563165
AOI-0031,2016-05-20,0.6662027156170864
AOI-0031,2016-07-07,0.22749388679236154
AOI-0031,2016-08-31,0.21069633126482912
AOI-0031,2016-09-13,0.23753599120286686
AOI-0031,2017-05-05,0.6426339133107306
AOI-0031,2017-05-07,0.6854319304531109
AOI-0031,2017-05-30,0.7385403173460094
AOI-0031,2017-06-08,0.6871893102337453
AOI-0031,2017-07-01,0.3025455360031027
AOI-0031,2017-08-06,0.16077992865006563
AOI-0031,2017-09-12,0.23316289734695883
AOI-0031,2017-09-27,0.2857152152110884
AOI-0031,2017-09-30,0.3179817386138892
AOI-0031,2018-04-28,0.5849031247811691
AOI-0031,2018-05-03,0.6519333232650183
AOI-0031,2018-05-09,0.6727885985605531
AOI-0031,2018-06-02,0.32561475219702624
AOI-0031,2018-06-14,0.23191760595073035
AOI-0031,2018-07-20,0.32756126548604936
AOI-0031,2018-10-09,0.18758811390110833
AOI-0031,2019-04-05,0.3454458226972118
AOI-0031,2019-04-18,0.5125114126021094
AOI-0031,2019-05-28,0.6503611022709651
AOI-0031,2019-06-04,0.28364550131880456
AOI-0031,2019-06-09,0.24976044138105666
AOI-0031,2019-07-29,0.395029201436487
AOI-0031,2019-08-23,0.29670576029161266
AOI-0031,2019-08-29,0.2544730461368419
AOI-0031,2019-09-02,0.23277787214171722
AOI-0031,2019-09-09,0.2597989077890876
AOI-0031,2019-09-12,0.20466759784159744
AOI-0031,2019-09-25,0.11943320931795247
AOI-0031,2020-04-22,0.48703556609974796
AOI-0031,2020-05-14,0.5161278590768222
AOI-0031,2020-05-17,0.5023198335802956
AOI-0031,2020-06-28,0.1776164132521022
AOI-0031,2020-07-25,0.16213718262777305
AOI-0031,2020-07-27,0.181951560413205
AOI-0031,2020-07-31,0.12249045962398886
AOI-0031,2020-08-10,0.11164982200633766
AOI-0031,2020-08-11,0.12863349469390206
AOI-0031,2020-08-15,0.08045939846319992
AOI-0031,2020-09-11,0.12570288309753083
AOI-0031,2020-09-29,0.15990642614224207
AOI-0031,2020-10-24,0.12642554349664367
AOI-0031,2021-06-27,0.17933531776847084
AOI-0031,2021-07-28,0.1641087236362093
AOI-0031,2021-08-07,0.1264482852553601
AOI-0031,2021-08-22,0.11151675991018868
AOI-0031,2021-09-15,0.1586071070057062
AOI-0031,2021-09-16,0.08505343333309415
AOI-0031,2021-10-01,0.18830204435990908
AOI-0031,2021-10-09,0.2110293051674045
AOI-0031,2021-10-14,0.19551239173683296
AOI-0031,2021-10-16,0.2879579200963513
AOI-0031,2022-05-12,0.871751021137197
AOI-0031,2022-05-17,0.8604110561711154
AOI-0031,2022-05-24,0.8633066162564411
AOI-0031,2022-05-28,0.9016498072783633
AOI-0031,2022-06-06,0.7793848285121117
AOI-0031,2022-07-28,0.14464642846792727
AOI-0031,2022-08-02,0.11729824175535038
AOI-0031,2022-08-24,0.1584874054692606
AOI-0031,2022-10-04,0.15606247005022325
AOI-0031,2022-10-14,0.21629864506001606
AOI-0031,2023-04-17,0.3656775821238175
AOI-0031,2023-05-04,0.45382469533791314
AOI-0031,2023-05-31,0.43006235847979063
AOI-0031,2023-06-13,0.3289656544682519
AOI-0031,2023-06-25,0.2786584085741173
AOI-0031,2023-07-01,0.2616741060842842
AOI-0031,2023-07-22,0.3925491126260641
AOI-0031,2023-09-01,0.19877090674692593
AOI-0031,2023-09-29,0.159503070661419
AOI-0031,2023-10-07,0.19068809406236212
AOI-0031,2023-10-16,0.20360258483691152
AOI-0031,2024-04-23,0.21853092939199636
AOI-0031,2024-05-10,0.26226186654940625
AOI-0031,2024-05-18,0.21664030998732722
AOI-0031,2024-05-21,0.17783828874344013
AOI-0031,2024-06-19,0.19248669908269736
AOI-0031,2024-07-11,0.1720489180598892
AOI-0031,2024-07-12,0.16662574711767175
AOI-0031,2024-07-27,0.1622452630229912
AOI-0031,2024-09-06,0.14604837017246755
AOI-0031,2024-09-08,0.13242484052104994
AOI-0031,2024-10-09,0.1595150601016485
AOI-0031,2024-10-25,0.13560664355998306
AOI-0031,2025-06-05,0.7311039410869056
AOI-0031,2025-06-17,0.46073611123745395
AOI-0031,2025-06-22,0.4097917538058802
AOI-0031,2025-08-01,0.22420525080695916
AOI-0031,2025-08-24,0.15800888052680562
AOI-0031,2025-09-05,0.14185306799786865
AOI-0031,2025-09-12,0.14913134503314707
AOI-0031,2025-09-25,0.1628055192738932
AOI-0031,2025-09-26,0.1762161777684014
AOI-0031,2025-10-16,0.2903430111365289
AOI-0031,2025-10-25,0.1842960495868793
AOI-0032,2010-04-25,0.20170290672354166
AOI-0032,2010-06-26,0.24837277752187142
AOI-0032,2010-07-15,0.16918469727252175
AOI-0032,2010-07-28,0.18392080115224987
AOI-0032,2010-09-01,0.13654447893350857
AOI-0032,2011-06-23,0.5095785818414905
AOI-0032,2011-08-02,0.2324016572818171
AOI-0032,2011-08-11,0.22312870187228998
AOI-0032,2011-08-13,0.282189643831013
AOI-0032,2012-04-15,0.2536107070633811
AOI-0032,2012-07-20,0.2717206385242608
AOI-0032,2012-08-28,0.2020093543832332
AOI-0032,2013-04-26,0.29665008557385286
AOI-0032,2013-05-03,0.2779718698250073
AOI-0032,2013-06-29,0.22123092526274918
AOI-0032,2013-07-12,0.2864882162043095
AOI-0032,2013-10-16,0.321995543076407
AOI-0032,2014-05-15,0.588543236967752
AOI-0032,2014-05-22,0.5666449245990152
AOI-0032,2014-06-07,0.34283231566863587
AOI-0032,2014-06-23,0.20813584511334687
AOI-0032,2014-09-04,0.15676874897422863
AOI-0032,2014-09-27,0.16202467795513079
AOI-0032,2015-04-08,0.15262083498125584
AOI-0032,2015-05-26,0.4334266847052664
AOI-0032,2015-06-27,0.5715204960072896
AOI-0032,2015-08-14,0.19410502531541546
AOI-0032,2015-08-21,0.1952982602910881
AOI-0032,2015-10-01,0.1840862563726793
AOI-0032,2016-05-24,0.34651432586192843
AOI-0032,2016-06-21,0.2029132291048342
AOI-0032,2016-07-31,0.1653165019238193
AOI-0032,2016-09-08,0.14925717723543666
AOI-0032,2016-10-19,0.34857658330099295
AOI-0032,2017-04-03,0.4507928573612314
AOI-0032,2017-04-07,0.6127339858514949
AOI-0032,2017-04-12,0.5547778474230771
AOI-0032,2017-05-30,0.7504718335451555
AOI-0032,2017-06-08,0.6552874022731427
AOI-0032,2017-08-06,0.1295750922926984
AOI-0032,2017-08-13,0.17267674014255963
AOI-0032,2018-04-23,0.3261020088167062
AOI-0032,2018-06-11,0.18484376553172208
AOI-0032,2018-06-14,0.17795980099982334
AOI-0032,2018-06-27,0.14489382982265558
AOI-0032,2018-07-12,0.168206312556038
AOI-0032,2018-09-15,0.13688582155969795
AOI-0032,2019-05-28,0.692836156160551
AOI-0032,2019-05-29,0.6760725331942602
AOI-0032,2019-06-04,0.5427540528139723
AOI-0032,2019-06-10,0.32829868054279376
AOI-0032,2019-06-27,0.14089261393019087
AOI-0032,2019-07-24,0.13548945106923668
AOI-0032,2019-07-31,0.20367102746158436
AOI-0032,2019-08-01,0.16590407310413946
AOI-0032,2019-08-11,0.1523804909201446
AOI-0032,2019-08-13,0.2220579238393275
AOI-0032,2019-08-31,0.14907992504068504
AOI-0032,2019-09-01,0.1720325379791189
AOI-0032,2020-04-04,0.42486985071960837
AOI-0032,2020-04-06,0.48464561155170793
AOI-0032,2020-04-12,0.4528978414037017
AOI-0032,2020-06-15,0.26308866450924734
AOI-0032,2020-07-02,0.18630686591008075
AOI-0032,2020-07-16,0.0847539004379074
AOI-0032,2020-07-27,0.1890660703865265
AOI-0032,2020-08-02,0.12238182853558079
AOI-0032,2020-08-18,0.12675716268962609
AOI-0032,2020-08-30,0.12566493048377372
AOI-0032,2020-09-21,0.1216403782085599
AOI-0032,2020-10-09,0.12565136793681578
AOI-0032,2020-10-21,0.15267035396010023
AOI-0032,2021-04-22,0.13896762597982437
AOI-0032,2021-06-10,0.28923100155235376
AOI-0032,2021-07-11,0.12562016358644576
AOI-0032,2021-07-12,0.1817016224744926
AOI-0032,2021-07-13,0.13096782348183572
AOI-0032,2021-08-10,0.08211972010758327
AOI-0032,2021-08-29,0.18932128761486972
AOI-0032,2021-10-01,0.25698111637560933
AOI-0032,2021-10-26,0.435227784160092
AOI-0032,2022-04-12,0.6697577694991992
AOI-0032,2022-06-21,0.35094569495644573
AOI-0032,2022-06-26,0.33093678164955403
AOI-0032,2022-07-12,0.18780413737613927
AOI-0032,2022-07-21,0.12589961037282832
AOI-0032,2022-08-05,0.0924684978788214
AOI-0032,2022-09-29,0.12892843585194402
AOI-0032,2022-09-30,0.20573121051678045
AOI-0032,2022-10-01,0.15761140806268897
AOI-0032,2023-05-02,0.24300934210827166
AOI-0032,2023-06-09,0.38559405587912804
AOI-0032,2023-06-13,0.4621787231835918
AOI-0032,2023-06-25,0.6127053232666838
AOI-0032,2023-07-23,0.3944733748293063
AOI-0032,2023-08-27,0.22485178734966452
AOI-0032,2023-09-28,0.21576456405473302
AOI-0032,2023-09-30,0.24444044961604075
AOI-0032,2023-10-11,0.18725802350410728
AOI-0032,2023-10-16,0.20099153215706705
AOI-0032,2023-10-30,0.19824588120069536
AOI-0032,2024-05-08,0.3397070994585825
AOI-0032,2024-05-21,0.18115326494084494
AOI-0032,2024-05-23,0.20299172818305397
AOI-0032,2024-06-12,0.17695462944713733
AOI-0032,2024-06-30,0.1617063681083107
AOI-0032,2024-07-04,0.21107535303917577
AOI-0032,2024-07-20,0.12712812193059153
AOI-0032,2024-07-21,0.16234037685478164
AOI-0032,2024-08-16,0.17126452411869436
AOI-0032,2024-08-21,0.1453356990149604
AOI-0032,2024-09-22,0.1606866881217254
AOI-0032,2025-04-07,0.44280060982764086
AOI-0032,2025-04-26,0.5854985051947394
AOI-0032,2025-06-07,0.6069736878577884
AOI-0032,2025-06-15,0.4974813620707181
AOI-0032,2025-06-21,0.4364605829141258
AOI-0032,2025-07-16,0.19208304952362046
AOI-0032,2025-07-23,0.15951812055357584
AOI-0032,2025-09-14,0.21336711499515923
AOI-0032,2025-09-23,0.14630420371739314
AOI-0032,2025-10-04,0.19260767200531595
AOI-0032,2025-10-16,0.22860040900214648
AOI-0033,2025-05-23,0.2631669025823431
AOI-0033,2025-05-25,0.45272546327457747
AOI-0033,2025-06-05,0.46238007059375047
AOI-0033,2025-06-25,0.6874368373016684
AOI-0033,2025-06-27,0.6735983824364783
AOI-0033,2025-06-30,0.6357995720228149
AOI-0033,2025-07-28,0.32152405848962073
AOI-0033,2025-08-09,0.1416777012333995
AOI-0033,2025-08-16,0.2435376314516838
AOI-0033,2025-08-31,0.27188868831753815
AOI-0033,2025-09-14,0.3159654152923528
AOI-0034,2025-04-11,0.17466016636963172
AOI-0034,2025-04-23,0.21246026835318996
AOI-0034,2025-05-20,0.22293370946585891
AOI-0034,2025-05-23,0.1722178690986444
AOI-0034,2025-06-07,0.14343738109128845
AOI-0034,2025-06-30,0.1480166207654651
AOI-0034,2025-07-08,0.1460453413904624
AOI-0034,2025-07-28,0.18209691115035737
AOI-0034,2025-07-31,0.19023303239144143
AOI-0034,2025-08-13,0.1981866502036802
AOI-0035,2025-05-01,0.14811848284631146
AOI-0035,2025-05-04,0.15648740133286526
AOI-0035,2025-05-09,0.3456856334270854
AOI-0035,2025-06-26,0.2254355877033756
AOI-0035,2025-07-08,0.15400545391252998
AOI-0035,2025-07-10,0.14256282894499625
AOI-0035,2025-07-14,0.15842799798954557
AOI-0035,2025-07-25,0.1293084127009625
AOI-0035,2025-09-12,0.13692757606256614
AOI-0035,2025-09-17,0.17654446017442166
AOI-0035,2025-10-22,0.5597925050201552
AOI-0036,2025-05-01,0.591919091765567
AOI-0036,2025-05-09,0.6656839089539908
AOI-0036,2025-05-25,0.5806462623637014
AOI-0036,2025-06-05,0.46237843236513404
AOI-0036,2025-06-25,0.3140106218297764
AOI-0036,2025-07-17,0.1709438346942505
AOI-0036,2025-08-06,0.19015812166708881
AOI-0036,2025-08-14,0.18420617284961438
AOI-0036,2025-08-16,0.18235973084518264
AOI-0036,2025-09-02,0.1860283482779101
AOI-0036,2025-09-25,0.14590109529123804
AOI-0036,2025-10-16,0.3088127631807071
AOI-0037,2025-05-01,0.5827918939502653
AOI-0037,2025-05-20,0.6330047497540767
AOI-0037,2025-06-07,0.45779693635382024
AOI-0037,2025-07-05,0.3720630103497189
AOI-0037,2025-07-15,0.28962569226016927
AOI-0037,2025-07-28,0.26427386090243193
AOI-0037,2025-08-01,0.2431672961401623
AOI-0037,2025-08-13,0.3113898405489645
AOI-0037,2025-10-02,0.24525251917993998
AOI-0037,2025-10-08,0.18239809571095258
AOI-0038,2025-04-18,0.43122756670799506
AOI-0038,2025-04-28,0.4575948591513544
AOI-0038,2025-07-05,0.21269082818431526
AOI-0038,2025-07-22,0.2197580606185855
AOI-0038,2025-07-31,0.2430492505229868
AOI-0038,2025-08-24,0.16897109498515378
AOI-0038,2025-09-08,0.14910071834215372
AOI-0038,2025-09-13,0.16941205367988352
AOI-0038,2025-09-23,0.16731783048021578
AOI-0038,2025-09-25,0.17399939142621174
AOI-0038,2025-10-04,0.22775600443572946
AOI-0039,2025-04-18,0.6986211154363735
AOI-0039,2025-05-16,0.6765321895170711
AOI-0039,2025-05-25,0.680037598148689
AOI-0039,2025-06-04,0.6587422635586696
AOI-0039,2025-06-05,0.6508321350444807
AOI-0039,2025-06-10,0.5467289988658997
AOI-0039,2025-06-21,0.5264579998340284
AOI-0039,2025-07-12,0.4213060848709784
AOI-0039,2025-07-22,0.392785255835604
AOI-0039,2025-08-23,0.349800696674479
AOI-0039,2025-10-08,0.31247708704936533
AOI-0040,2025-05-16,0.8328339534033568
AOI-0040,2025-06-04,0.7754306414718534
AOI-0040,2025-06-06,0.7267831677844513
AOI-0040,2025-06-27,0.24845604554083736
AOI-0040,2025-06-30,0.2429077179416858
AOI-0040,2025-07-30,0.1452977577643567
AOI-0040,2025-08-04,0.15389963809047333
AOI-0040,2025-08-25,0.20268603010691458
AOI-0040,2025-08-31,0.17214385477070213
AOI-0040,2025-10-16,0.2323250521112834
AOI-0040,2025-10-27,0.2471991290702962
AOI-0041,2025-04-19,0.6187063999585201
AOI-0041,2025-05-04,0.6139295187406434
AOI-0041,2025-06-06,0.5311408875426782
AOI-0041,2025-07-02,0.3803295149881103
AOI-0041,2025-07-16,0.3151142745772703
AOI-0041,2025-07-28,0.2810979740287931
AOI-0041,2025-07-31,0.2842079139730537
AOI-0041,2025-08-23,0.2268037641173307
AOI-0041,2025-08-24,0.19262420091880791
AOI-0041,2025-08-25,0.24668529750899054
AOI-0041,2025-09-17,0.24104883469859373
AOI-0041,2025-09-23,0.21425550947713545
AOI-0042,2025-04-19,0.1700770154691447
AOI-0042,2025-05-08,0.15388036083632597
AOI-0042,2025-06-10,0.17829265421442228
AOI-0042,2025-06-14,0.2064013840707666
AOI-0042,2025-06-30,0.14818040439343402
AOI-0042,2025-07-05,0.13850560631245362
AOI-0042,2025-07-07,0.13490463292233687
AOI-0042,2025-07-22,0.1745276698119432
AOI-0042,2025-08-13,0.20161849496930243
AOI-0042,2025-09-12,0.1391706579779148
AOI-0042,2025-09-30,0.1996471348659578
AOI-0043,2025-04-07,0.3498289766080801
AOI-0043,2025-04-18,0.20390098855408223
AOI-0043,2025-04-28,0.21349653447514783
AOI-0043,2025-06-03,0.1743167957524121
AOI-0043,2025-07-03,0.17201082628474296
AOI-0043,2025-07-05,0.16230592285044215
AOI-0043,2025-07-06,0.21679842589982767
AOI-0043,2025-07-27,0.1565821133426063
AOI-0043,2025-08-17,0.17186975133660076
AOI-0043,2025-08-24,0.148162929825718
AOI-0043,2025-09-15,0.1553343825215161
AOI-0043,2025-09-23,0.16529649857300124
AOI-0044,2010-07-28,0.30523682601490343
AOI-0044,2010-08-07,0.21379450864313573
AOI-0044,2010-08-29,0.2468454086155195
AOI-0044,2010-09-30,0.2510954621417023
AOI-0044,2011-06-15,0.553268787688874
AOI-0044,2011-06-22,0.6127334627114808
AOI-0044,2011-07-09,0.6581946777110322
AOI-0044,2011-08-18,0.19675211379908414
AOI-0044,2011-08-26,0.19685122167621932
AOI-0044,2011-09-18,0.20748463480469434
AOI-0044,2012-04-13,0.3645788174094003
AOI-0044,2012-09-20,0.14106155484144187
AOI-0044,2012-10-06,0.16854488232777629
AOI-0044,2013-05-09,0.4905270003174126
AOI-0044,2013-05-25,0.5686174926945479
AOI-0044,2013-06-27,0.6248632283363048
AOI-0044,2013-08-29,0.3619741089788818
AOI-0044,2013-09-14,0.4244067251932478
AOI-0044,2014-04-27,0.3002725490796378
AOI-0044,2014-06-26,0.3100501986336059
AOI-0044,2014-07-01,0.2184420188631046
AOI-0044,2014-07-17,0.21933471724620415
AOI-0044,2014-07-24,0.2202854694990807
AOI-0044,2014-08-18,0.17107964080402074
AOI-0044,2015-04-23,0.6809871174717674
AOI-0044,2015-05-09,0.845307507347264
AOI-0044,2015-05-16,0.807309549301202
AOI-0044,2015-09-06,0.1865934869346979
AOI-0044,2015-10-07,0.21739503895532652
AOI-0044,2016-04-01,0.42825125688850607
AOI-0044,2016-04-06,0.6516197541325143
AOI-0044,2016-05-02,0.8078156374384579
AOI-0044,2016-06-12,0.6030639698002875
AOI-0044,2016-08-12,0.29858441008013875
AOI-0044,2016-10-18,0.20604571852948206
AOI-0044,2017-04-07,0.30376437144296337
AOI-0044,2017-05-30,0.2817297995161294
AOI-0044,2017-06-06,0.2834126140224137
AOI-0044,2017-07-02,0.19664181750165222
AOI-0044,2017-07-27,0.17788887693144215
AOI-0044,2017-08-01,0.1568643534259595
AOI-0044,2017-08-21,0.13697578714966485
AOI-0044,2017-09-27,0.20711725919147964
AOI-0044,2018-04-23,0.80688283253171
AOI-0044,2018-04-30,0.8421823249267059
AOI-0044,2018-07-11,0.22546760812496242
AOI-0044,2018-07-28,0.29570453729106244
AOI-0044,2018-09-06,0.17868178881840668
AOI-0044,2018-09-29,0.19017916474224109
AOI-0044,2018-10-07,0.1711843116886071
AOI-0044,2019-05-19,0.6939409459292839
AOI-0044,2019-05-20,0.695561152215662
AOI-0044,2019-06-05,0.5919737946657743
AOI-0044,2019-06-10,0.4670243212240151
AOI-0044,2019-06-26,0.3047458453186835
AOI-0044,2019-07-14,0.17054639563850307
AOI-0044,2019-09-17,0.1834985325207661
AOI-0044,2019-09-25,0.17366271619830037
AOI-0044,2019-10-02,0.21359535412718506
AOI-0044,2019-10-25,0.18329760560924002
AOI-0044,2020-04-03,0.23074141652119629
AOI-0044,2020-04-07,0.21419945023333092
AOI-0044,2020-07-06,0.14496709777106628
AOI-0044,2020-07-11,0.15098278299918225
AOI-0044,2020-07-24,0.11752877517973813
AOI-0044,2020-07-26,0.13246137599397376
AOI-0044,2020-08-02,0.1492421037741144
AOI-0044,2020-09-04,0.13203230846786265
AOI-0044,2020-09-18,0.1532695862444522
AOI-0044,2021-07-11,0.30755351248852586
AOI-0044,2021-07-20,0.21506549642452516
AOI-0044,2021-07-28,0.22096360835864537
AOI-0044,2021-08-13,0.23539529895662561
AOI-0044,2021-09-14,0.20717580435953964
AOI-0044,2021-10-08,0.20887477981037697
AOI-0044,2022-04-07,0.4410242367636383
AOI-0044,2022-04-17,0.4997308531608825
AOI-0044,2022-06-26,0.31986622942324106
AOI-0044,2022-06-28,0.31768856711519566
AOI-0044,2022-07-14,0.16444360247012674
AOI-0044,2022-07-31,0.18389563886565666
AOI-0044,2022-08-08,0.21694703708053661
AOI-0044,2022-08-23,0.2462277694391414
AOI-0044,2022-10-17,0.19393785228054544
AOI-0044,2023-05-06,0.29337451306868745
AOI-0044,2023-05-12,0.2387017087061914
AOI-0044,2023-07-06,0.16052160415828545
AOI-0044,2023-07-18,0.20675323886348745
AOI-0044,2023-07-26,0.16990142128400548
AOI-0044,2023-07-28,0.2295045664810526
AOI-0044,2023-08-11,0.18828282235956567
AOI-0044,2023-08-20,0.16239366845715167
AOI-0044,2023-08-29,0.23732850577147271
AOI-0044,2023-10-06,0.23184116338663768
AOI-0044,2024-04-07,0.7725163495175476
AOI-0044,2024-04-23,0.8647464883167066
AOI-0044,2024-06-15,0.34630391097818947
AOI-0044,2024-06-25,0.2121833578992181
AOI-0044,2024-07-12,0.17710124705974087
AOI-0044,2024-07-19,0.17133229511276024
AOI-0044,2024-08-04,0.11386181799344941
AOI-0044,2024-09-14,0.17363111714247692
AOI-0044,2024-10-08,0.10835304010438097
AOI-0044,2025-04-16,0.15922934207134742
AOI-0044,2025-05-03,0.22371377778626875
AOI-0044,2025-05-27,0.2286697346636996
AOI-0044,2025-06-05,0.16788779573973567
AOI-0044,2025-06-15,0.1697783529292036
AOI-0044,2025-06-21,0.20952361994899651
AOI-0044,2025-06-25,0.16461649571095419
AOI-0044,2025-06-26,0.2432610972168634
AOI-0044,2025-06-27,0.16146210347854648
AOI-0044,2025-08-23,0.1758808939286878
AOI-0044,2025-10-02,0.19783761771916164
AOI-0045,2025-04-07,0.2947263986491609
AOI-0045,2025-04-23,0.28240662055663324
AOI-0045,2025-04-28,0.17203207528636463
AOI-0045,2025-05-04,0.1800561581947964
AOI-0045,2025-06-04,0.2117707230219587
AOI-0045,2025-07-28,0.17038537851470725
AOI-0045,2025-08-23,0.1754768070863963
AOI-0045,2025-09-01,0.15075243289977183
AOI-0045,2025-09-24,0.18900546840426616
AOI-0045,2025-10-08,0.14268966088647042
AOI-0046,2010-05-25,0.4184188707942863
AOI-0046,2010-06-20,0.2064496236606587
AOI-0046,2010-08-07,0.4246364803178711
AOI-0046,2010-08-23,0.49427902156737785
AOI-0046,2010-08-30,0.4637991852002497
AOI-0046,2011-06-06,0.3527127004072053
AOI-0046,2011-06-23,0.2915622581296402
AOI-0046,2011-07-01,0.2623069627343527
AOI-0046,2011-07-16,0.27051745155713863
AOI-0046,2011-08-02,0.19999837965439457
AOI-0046,2011-09-18,0.17755636205732894
AOI-0046,2012-04-13,0.2549254288609068
AOI-0046,2012-05-08,0.4780800427147857
AOI-0046,2012-07-11,0.40550954107586695
AOI-0046,2013-04-16,0.25231923773678905
AOI-0046,2013-06-28,0.33859057723793506
AOI-0046,2013-08-14,0.2935757406189506
AOI-0046,2013-08-30,0.2635422506269521
AOI-0046,2013-10-16,0.4388757118463566
AOI-0046,2014-04-27,0.7310985687072907
AOI-0046,2014-05-14,0.7717092241264184
AOI-0046,2014-07-16,0.2505546761940853
AOI-0046,2014-08-17,0.18718575688297065
AOI-0046,2014-09-18,0.1778072019811044
AOI-0046,2014-10-29,0.17785097765144123
AOI-0046,2015-04-14,0.19906500411877862
AOI-0046,2015-05-25,0.3943467144469976
AOI-0046,2015-07-19,0.29318951683975386
AOI-0046,2015-08-20,0.20554256872089088
AOI-0046,2015-10-07,0.21958616330247863
AOI-0046,2016-04-06,0.672841528349486
AOI-0046,2016-06-20,0.5026112352105988
AOI-0046,2016-07-06,0.24404437611730212
AOI-0046,2016-07-22,0.21040904263561544
AOI-0046,2016-08-15,0.28729957575404985
AOI-0046,2016-09-15,0.21053646233878678
AOI-0046,2017-04-28,0.6714311789776112
AOI-0046,2017-05-29,0.8446082770975737
AOI-0046,2017-07-09,0.28453832355931025
AOI-0046,2017-07-12,0.2921973186977277
AOI-0046,2017-08-02,0.18605126755560247
AOI-0046,2017-08-11,0.15733737168733677
AOI-0046,2017-08-18,0.18360235310350426
AOI-0046,2017-09-14,0.34262653773999624
AOI-0046,2018-04-14,0.20168131440338202
AOI-0046,2018-05-01,0.19306182764305954
AOI-0046,2018-05-24,0.2176950107345059
AOI-0046,2018-06-10,0.2545679696401632
AOI-0046,2018-06-26,0.21360800156681567
AOI-0046,2018-07-19,0.10724978384023795
AOI-0046,2019-04-07,0.3392844182881663
AOI-0046,2019-05-27,0.812603447511485
AOI-0046,2019-06-20,0.43237187859528536
AOI-0046,2019-06-27,0.29940610271490303
AOI-0046,2019-07-02,0.22198653385129516
AOI-0046,2019-07-07,0.18865482034982037
AOI-0046,2019-07-28,0.2812461559866166
AOI-0046,2019-08-21,0.20795207860548068
AOI-0046,2019-09-16,0.2112691610136815
AOI-0046,2019-09-17,0.19895587328418976
AOI-0046,2020-04-17,0.7778415664871996
AOI-0046,2020-04-19,0.7715554942930645
AOI-0046,2020-05-13,0.8423987835999147
AOI-0046,2020-07-01,0.16582337423147603
AOI-0046,2020-08-18,0.14132211183836219
AOI-0046,2020-08-26,0.17097492115934218
AOI-0046,2020-09-09,0.13381558045516523
AOI-0046,2020-09-11,0.15266264626105777
AOI-0046,2020-10-12,0.0923197827252455
AOI-0046,2021-04-02,0.13334785175446742
AOI-0046,2021-05-08,0.6466208071472038
AOI-0046,2021-07-01,0.4369365648576605
AOI-0046,2021-07-26,0.22615613073365506
AOI-0046,2021-08-05,0.2057659549338956
AOI-0046,2021-08-25,0.2837358170963222
AOI-0046,2022-04-27,0.23821651055703927
AOI-0046,2022-05-12,0.19696053513194273
AOI-0046,2022-05-25,0.2955784503999562
AOI-0046,2022-06-08,0.2137143768450106
AOI-0046,2022-07-06,0.18990653317076017
AOI-0046,2022-08-15,0.17464635115761357
AOI-0046,2022-09-01,0.1557607700095999
AOI-0046,2022-09-14,0.24198028536172408
AOI-0046,2023-04-17,0.7552378830109578
AOI-0046,2023-05-02,0.8378140710388835
AOI-0046,2023-05-15,0.8650190105306005
AOI-0046,2023-06-06,0.7880096311675018
AOI-0046,2023-06-08,0.799394074127884
AOI-0046,2023-07-06,0.22930378864552925
AOI-0046,2023-07-09,0.24568109463458854
AOI-0046,2023-09-28,0.2169026544564659
AOI-0046,2023-10-04,0.16553415377740474
AOI-0046,2024-04-01,0.6223067188695632
AOI-0046,2024-05-24,0.8363096641291183
AOI-0046,2024-06-25,0.29135897550824225
AOI-0046,2024-08-04,0.12684309590514498
AOI-0046,2024-08-21,0.16984942881732787
AOI-0046,2024-10-07,0.17284270183741604
AOI-0046,2024-10-15,0.21489310676305318
AOI-0046,2024-10-23,0.14612447056619465
AOI-0046,2025-04-07,0.3221373567844187
AOI-0046,2025-04-21,0.2231086287779193
AOI-0046,2025-04-26,0.23886440804393275
AOI-0046,2025-05-25,0.43419341109827153
AOI-0046,2025-06-07,0.4486699703509727
AOI-0046,2025-06-13,0.5323285162079754
AOI-0046,2025-06-26,0.7075196426172701
AOI-0046,2025-07-05,0.6835501445665055
AOI-0046,2025-07-30,0.5359646844696412
AOI-0046,2025-08-24,0.26900411242226097
AOI-0046,2025-09-14,0.24803652067391424
AOI-0047,2025-04-14,0.7868581598127191
AOI-0047,2025-05-14,0.7050068788508369
AOI-0047,2025-06-30,0.2524958190872504
AOI-0047,2025-07-12,0.2288457944606541
AOI-0047,2025-07-14,0.20421819720280032
AOI-0047,2025-07-15,0.1575913031583136
AOI-0047,2025-08-06,0.15091603780841195
AOI-0047,2025-08-13,0.23353363664358234
AOI-0047,2025-08-22,0.14931952292635622
AOI-0047,2025-08-27,0.15528071465200088
AOI-0047,2025-09-13,0.14293794981544858
AOI-0047,2025-10-13,0.15541138485885814
AOI-0048,2025-04-21,0.7246196494809266
AOI-0048,2025-06-13,0.2667598284984951
AOI-0048,2025-06-27,0.18410328330076442
AOI-0048,2025-06-29,0.2430442468976799
AOI-0048,2025-08-13,0.2258783306952377
AOI-0048,2025-08-16,0.1472060737794152
AOI-0048,2025-09-23,0.15336316416909745
AOI-0048,2025-09-30,0.20774917218174002
AOI-0048,2025-10-08,0.1375514026639829
AOI-0048,2025-10-16,0.20762071890081082
AOI-0048,2025-10-27,0.2536265732993204
AOI-0049,2025-04-19,0.6741980080741143
AOI-0049,2025-05-25,0.7159551090127446
AOI-0049,2025-07-10,0.14409149344144168
AOI-0049,2025-07-30,0.16322507227395078
AOI-0049,2025-08-07,0.15176664849568816
AOI-0049,2025-08-13,0.23007307141818972
AOI-0049,2025-09-07,0.18679060432143652
AOI-0049,2025-09-15,0.1673811462365987
AOI-0050,2025-04-01,0.2964337380291638
AOI-0050,2025-04-29,0.4248706609745554
AOI-0050,2025-05-04,0.4804715351170121
AOI-0050,2025-07-21,0.38886167460528265
AOI-0050,2025-08-12,0.3140541809123695
AOI-0050,2025-09-21,0.3085426386539253
AOI-0050,2025-09-23,0.29512752822575133
AOI-0050,2025-10-08,0.32460344478781844
AOI-0051,2010-04-07,0.49248558377535007
AOI-0051,2010-06-26,0.5401908230975834
AOI-0051,2010-08-13,0.3641143897390257
AOI-0051,2010-10-24,0.30271801215329425
AOI-0051,2011-04-18,0.22554249520313618
AOI-0051,2011-05-25,0.5837962205025488
AOI-0051,2011-08-08,0.6768920692439954
AOI-0051,2011-09-16,0.5308874017967407
AOI-0051,2011-09-24,0.4970619251249357
AOI-0051,2012-04-22,0.6148545756725686
AOI-0051,2012-06-09,0.6270051012191817
AOI-0051,2012-06-25,0.587312483491077
AOI-0051,2013-04-14,0.6001910094021764
AOI-0051,2013-04-15,0.6145205763355452
AOI-0051,2013-08-21,0.41493120581620974
AOI-0051,2013-10-24,0.5005207501915663
AOI-0051,2014-05-09,0.8361239176412748
AOI-0051,2014-05-25,0.79627353280981
AOI-0051,2014-07-12,0.45730894710322273
AOI-0051,2014-08-23,0.41675909146706147
AOI-0051,2014-10-27,0.2871188561262507
AOI-0051,2015-04-12,0.250224474070937
AOI-0051,2015-04-13,0.27171417463940567
AOI-0051,2015-05-30,0.7636684998247987
AOI-0051,2015-09-27,0.3031403149383744
AOI-0051,2015-09-28,0.3225376258895316
AOI-0051,2016-04-07,0.6382741120458023
AOI-0051,2016-05-24,0.8491891173060911
AOI-0051,2016-06-10,0.7127942264990007
AOI-0051,2016-07-28,0.4112923427581979
AOI-0051,2017-04-01,0.2182303739544349
AOI-0051,2017-04-23,0.49705185014266395
AOI-0051,2017-04-26,0.34105797168078883
AOI-0051,2017-06-10,0.6565537979941933
AOI-0051,2017-08-13,0.640033747703493
AOI-0051,2017-09-01,0.4742624889308368
AOI-0051,2017-09-08,0.3723528037248089
AOI-0051,2017-10-11,0.2687857357852908
AOI-0051,2018-04-07,0.5014763684576122
AOI-0051,2018-05-06,0.7268644139239271
AOI-0051,2018-06-16,0.3777479624023298
AOI-0051,2018-06-20,0.3151354582443493
AOI-0051,2018-07-12,0.3654399899881496
AOI-0051,2018-09-13,0.25282411371737795
AOI-0051,2018-10-06,0.3040733233244361
AOI-0051,2019-04-01,0.3565998133877436
AOI-0051,2019-06-05,0.5749902892669618
AOI-0051,2019-07-05,0.2800311450492299
AOI-0051,2019-07-12,0.35017276033210265
AOI-0051,2019-08-14,0.26279711608157624
AOI-0051,2019-09-18,0.20333058468616774
AOI-0051,2019-10-28,0.23770315565239233
AOI-0051,2020-04-22,0.37952425840822535
AOI-0051,2020-05-08,0.6574634470397038
AOI-0051,2020-06-05,0.7689238185227323
AOI-0051,2020-07-22,0.38997348388716546
AOI-0051,2020-07-23,0.38918355669156995
AOI-0051,2020-08-28,0.344435641752278
AOI-0051,2020-09-01,0.3118315356572782
AOI-0051,2020-09-09,0.2906753682107429
AOI-0051,2020-09-24,0.2145332225296729
AOI-0051,2021-05-07,0.726653465038459
AOI-0051,2021-05-14,0.7992132305681566
AOI-0051,2021-05-23,0.8118687337946121
AOI-0051,2021-07-17,0.3390426957961464
AOI-0051,2021-07-25,0.34283295940798897
AOI-0051,2021-08-18,0.31738022182128184
AOI-0051,2021-09-27,0.3395628580203784
AOI-0051,2021-10-12,0.22784494631913524
AOI-0051,2022-06-10,0.6653636376468749
AOI-0051,2022-07-19,0.7080458509737328
AOI-0051,2022-07-28,0.6830732360449676
AOI-0051,2022-08-08,0.7318439865200246
AOI-0051,2022-08-18,0.6614540028148135
AOI-0051,2022-08-30,0.46037474268589806
AOI-0051,2022-09-30,0.45107314776699386
AOI-0051,2023-06-19,0.652782876194106
AOI-0051,2023-07-20,0.6147740702730388
AOI-0051,2023-07-29,0.5347765344344062
AOI-0051,2023-08-01,0.48240346790282634
AOI-0051,2023-08-09,0.33051548515611545
AOI-0051,2023-08-23,0.33026782732644083
AOI-0051,2023-09-25,0.39892636609824705
AOI-0051,2023-09-26,0.40299756472911735
AOI-0051,2023-10-16,0.413681983962378
AOI-0051,2024-04-09,0.2706325524236669
AOI-0051,2024-04-28,0.4374513755248148
AOI-0051,2024-06-08,0.5379867964464604
AOI-0051,2024-06-13,0.5735026779359061
AOI-0051,2024-06-28,0.40948730740667744
AOI-0051,2024-07-03,0.3900066394507627
AOI-0051,2024-08-10,0.3304747404055255
AOI-0051,2024-09-12,0.2787237625863851
AOI-0051,2024-09-28,0.2306168474923175
AOI-0051,2025-04-01,0.5390879797696413
AOI-0051,2025-04-15,0.7811504014408716
AOI-0051,2025-04-23,0.8389961967986307
AOI-0051,2025-05-04,0.871250535206686
AOI-0051,2025-05-24,0.8179239239331374
AOI-0051,2025-08-14,0.19256372849887632
AOI-0051,2025-09-01,0.153913936728526
AOI-0051,2025-09-11,0.1999682782985607
AOI-0051,2025-09-23,0.23949311710556115
AOI-0052,2025-04-14,0.2133797864497836
AOI-0052,2025-05-01,0.1690079296460552
AOI-0052,2025-05-14,0.17273642035135076
AOI-0052,2025-06-02,0.31113037729323495
AOI-0052,2025-07-28,0.24473867280845882
AOI-0052,2025-07-29,0.27361204050461974
AOI-0052,2025-08-02,0.1751465589582909
AOI-0052,2025-09-07,0.1897193308192688
AOI-0052,2025-09-23,0.17630095509779714
AOI-0053,2025-04-29,0.8148654623288214
AOI-0053,2025-06-19,0.30931925570023006
AOI-0053,2025-07-08,0.19887778304476414
AOI-0053,2025-07-10,0.18055705069378525
AOI-0053,2025-07-21,0.20505156608907305
AOI-0053,2025-08-17,0.15619554907706798
AOI-0053,2025-08-30,0.18533189751599502
AOI-0054,2025-04-07,0.6211783098796625
AOI-0054,2025-05-17,0.7902690794021483
AOI-0054,2025-05-24,0.8152710237756114
AOI-0054,2025-05-25,0.8036022775929818
AOI-0054,2025-06-13,0.7714045191705519
AOI-0054,2025-07-29,0.7059544167665743
AOI-0054,2025-08-13,0.6647004908558214
AOI-0054,2025-08-19,0.720687268254091
AOI-0055,2025-04-07,0.4660276978580063
AOI-0055,2025-04-23,0.537770504348227
AOI-0055,2025-05-01,0.41409512952137756
AOI-0055,2025-05-24,0.4904320329014364
AOI-0055,2025-06-26,0.5638473780948702
AOI-0055,2025-06-27,0.5316604462370134
AOI-0055,2025-08-06,0.3835335126775967
AOI-0055,2025-10-08,0.4381769780773844
AOI-0056,2025-05-26,0.7108046181423576
AOI-0056,2025-06-08,0.503098921407311
AOI-0056,2025-07-04,0.30566102846019017
AOI-0056,2025-07-29,0.24360648119150882
AOI-0056,2025-08-02,0.17359292827539763
AOI-0056,2025-08-13,0.2697613554846713
AOI-0056,2025-08-17,0.18055823498405843
AOI-0056,2025-09-23,0.22429809802891498
AOI-0057,2025-05-17,0.7115338391738425
AOI-0057,2025-07-23,0.19683838485536995
AOI-0057,2025-08-06,0.1706950443646866
AOI-0057,2025-08-19,0.1561848373944605
AOI-0057,2025-09-15,0.16142632769281923
AOI-0057,2025-09-22,0.20924073486100955
AOI-0057,2025-10-16,0.23510221522027305
AOI-0057,2025-10-17,0.24284725356966352
AOI-0058,2010-04-15,0.21263607634911283
AOI-0058,2010-07-12,0.6345920897333585
AOI-0058,2010-07-27,0.6118402795159213
AOI-0058,2010-09-14,0.3822900659240896
AOI-0058,2011-04-07,0.41506987550055585
AOI-0058,2011-07-06,0.602367873660493
AOI-0058,2011-08-07,0.39747908952208705
AOI-0058,2011-09-25,0.2499464264139569
AOI-0058,2012-04-06,0.3765351271210626
AOI-0058,2012-04-27,0.4485848257136265
AOI-0058,2012-08-28,0.4226740754059883
AOI-0058,2013-07-04,0.6828488734835342
AOI-0058,2013-07-28,0.6100204764848671
AOI-0058,2013-08-20,0.28355699993000877
AOI-0058,2013-08-21,0.29635948762622877
AOI-0058,2014-06-26,0.3930003723328299
AOI-0058,2014-06-29,0.29919894357941795
AOI-0058,2014-07-07,0.38542444596265757
AOI-0058,2014-08-23,0.255616025432929
AOI-0058,2014-08-31,0.25784138298173054
AOI-0058,2015-06-08,0.8067618882061899
AOI-0058,2015-06-26,0.6328772542073589
AOI-0058,2015-08-11,0.545033591989588
AOI-0058,2015-09-19,0.49227693371088793
AOI-0058,2015-09-28,0.4673817425567432
AOI-0058,2015-10-29,0.3486654052484355
AOI-0058,2016-05-09,0.8625363100470832
AOI-0058,2016-09-14,0.4960069001528301
AOI-0058,2016-09-29,0.5455021950042724
AOI-0058,2016-10-24,0.489281559602497
AOI-0058,2017-04-07,0.6653818135666437
AOI-0058,2017-04-16,0.6655779138599095
AOI-0058,2017-04-26,0.8020891596673922
AOI-0058,2017-05-01,0.8219414703734301
AOI-0058,2017-06-05,0.8205594099887445
AOI-0058,2017-07-06,0.4033241352849501
AOI-0058,2017-07-23,0.2786490076593508
AOI-0058,2017-09-17,0.25545876934789014
AOI-0058,2018-04-23,0.5727646722248307
AOI-0058,2018-06-26,0.520097138513829
AOI-0058,2018-09-11,0.43871123563692493
AOI-0058,2018-09-20,0.42222197076031476
AOI-0058,2018-09-27,0.4237042655320143
AOI-0058,2018-10-05,0.4264767764733007
AOI-0058,2018-10-08,0.4202919445259028
AOI-0058,2018-10-14,0.4303835070574662
AOI-0058,2019-05-16,0.8574967619354003
AOI-0058,2019-06-30,0.2710327728351622
AOI-0058,2019-07-20,0.22404194505293742
AOI-0058,2019-08-05,0.26218436157759484
AOI-0058,2019-08-09,0.19039024496879825
AOI-0058,2019-08-22,0.21812367890909876
AOI-0058,2019-09-14,0.26685398090524615
AOI-0058,2019-10-13,0.1762507498372198
AOI-0058,2020-04-09,0.37549773569462985
AOI-0058,2020-04-10,0.3832367474225229
AOI-0058,2020-05-19,0.55747810278132
AOI-0058,2020-05-24,0.655614769491752
AOI-0058,2020-07-04,0.5607607385942459
AOI-0058,2020-07-24,0.4096386705885178
AOI-0058,2020-08-16,0.39485856274826936
AOI-0058,2020-09-09,0.31374293432013595
AOI-0058,2020-09-29,0.32125488754466947
AOI-0058,2021-05-20,0.5489313416783516
AOI-0058,2021-06-09,0.587224901207596
AOI-0058,2021-06-19,0.6858652527566717
AOI-0058,2021-08-02,0.28419103234625603
AOI-0058,2021-08-03,0.24496658279090816
AOI-0058,2021-08-29,0.40451598609477585
AOI-0058,2021-09-11,0.3512654066165521
AOI-0058,2021-09-20,0.40000337993493856
AOI-0058,2022-05-26,0.8151080717238997
AOI-0058,2022-06-26,0.43462565837895156
AOI-0058,2022-06-29,0.37772020258521594
AOI-0058,2022-07-14,0.210651809002288
AOI-0058,2022-08-23,0.2482133998045444
AOI-0058,2022-10-01,0.22908111489507393
AOI-0058,2022-10-12,0.16383368098673576
AOI-0058,2023-05-25,0.7490746517404098
AOI-0058,2023-07-16,0.8047888247279509
AOI-0058,2023-07-23,0.7571312640475157
AOI-0058,2023-07-29,0.7359613061881172
AOI-0058,2023-07-31,0.7825089689576132
AOI-0058,2023-08-16,0.5557115680266557
AOI-0058,2023-09-01,0.4469268924801848
AOI-0058,2023-09-17,0.5079347942114661
AOI-0058,2023-09-22,0.5181202507800494
AOI-0058,2023-09-29,0.4854632643970721
AOI-0058,2024-04-06,0.7435222464958401
AOI-0058,2024-05-08,0.7915450209775509
AOI-0058,2024-05-23,0.7111480314958499
AOI-0058,2024-05-30,0.584783384566149
AOI-0058,2024-06-07,0.46960033732392503
AOI-0058,2024-07-18,0.22469987458055324
AOI-0058,2024-08-17,0.2224930055574492
AOI-0058,2024-09-27,0.25241044363429915
AOI-0058,2025-05-04,0.3618032659276167
AOI-0058,2025-05-17,0.32963845272673925
AOI-0058,2025-07-04,0.6536326186747227
AOI-0058,2025-07-29,0.2737000973359555
AOI-0058,2025-07-30,0.22464271836397456
AOI-0058,2025-08-22,0.15846511960565768
AOI-0058,2025-08-29,0.17173373164842656
AOI-0058,2025-09-11,0.16709016950337416
AOI-0059,2010-04-07,0.3530976472185296
AOI-0059,2010-06-02,0.8001272044828598
AOI-0059,2010-06-10,0.7904689072967522
AOI-0059,2010-09-06,0.24315925159213497
AOI-0059,2011-04-02,0.4093304403101055
AOI-0059,2011-06-13,0.6557203054530862
AOI-0059,2011-07-06,0.7682983544757829
AOI-0059,2011-07-12,0.7312888691993388
AOI-0059,2012-05-06,0.7974018079702455
AOI-0059,2012-06-09,0.8099955113929981
AOI-0059,2012-07-16,0.2732101501030418
AOI-0059,2013-04-23,0.8392444834251096
AOI-0059,2013-04-30,0.8521745760280369
AOI-0059,2013-07-28,0.31058272204479254
AOI-0059,2013-09-30,0.3099242572115256
AOI-0059,2014-04-10,0.7651981139602471
AOI-0059,2014-05-25,0.7714606806577469
AOI-0059,2014-06-05,0.6918947096119409
AOI-0059,2014-06-26,0.4143735268845589
AOI-0059,2014-06-29,0.3288116679789144
AOI-0059,2014-09-14,0.31572124632551657
AOI-0059,2015-04-07,0.7209655146432931
AOI-0059,2015-07-25,0.760199691433983
AOI-0059,2015-07-26,0.7713940838175203
AOI-0059,2015-08-11,0.6808415243482692
AOI-0059,2015-09-11,0.556496159045809
AOI-0059,2016-04-22,0.8472583324438915
AOI-0059,2016-06-25,0.503627869679824
AOI-0059,2016-08-29,0.2152428470226102
AOI-0059,2016-09-13,0.2867261844337555
AOI-0059,2016-09-29,0.32402571402095576
AOI-0059,2017-04-16,0.7709654003415469
AOI-0059,2017-05-04,0.8759847495049217
AOI-0059,2017-05-11,0.8825634485548051
AOI-0059,2017-09-13,0.21584751251944273
AOI-0059,2017-09-18,0.2003621363946592
AOI-0059,2017-10-18,0.12014464561395721
AOI-0059,2017-10-19,0.19955218832169724
AOI-0059,2018-04-21,0.26258911608387003
AOI-0059,2018-05-11,0.36275615676368783
AOI-0059,2018-05-15,0.39898921241617347
AOI-0059,2018-05-25,0.5639574489898539
AOI-0059,2018-06-15,0.49591214696324687
AOI-0059,2018-10-13,0.20526454585667514
AOI-0059,2018-10-14,0.22431322057681863
AOI-0059,2019-05-09,0.8377917179815509
AOI-0059,2019-06-25,0.24845831515444233
AOI-0059,2019-06-26,0.38044339167904706
AOI-0059,2019-07-28,0.3105092866699821
AOI-0059,2019-08-30,0.233379463719765
AOI-0059,2019-09-14,0.26873434276206426
AOI-0059,2019-09-26,0.23973753867506561
AOI-0059,2020-04-10,0.20667698426942147
AOI-0059,2020-04-22,0.3207349780113715
AOI-0059,2020-05-20,0.3415065934791052
AOI-0059,2020-06-04,0.542207429559063
AOI-0059,2020-07-12,0.6997840259981336
AOI-0059,2020-07-15,0.6842371900767579
AOI-0059,2020-09-02,0.5250396551752196
AOI-0059,2020-09-07,0.5100897597528996
AOI-0059,2020-09-16,0.5125093749300833
AOI-0059,2020-09-29,0.5158139797119592
AOI-0059,2021-04-30,0.8353442793189954
AOI-0059,2021-05-09,0.8496452808920606
AOI-0059,2021-06-14,0.47985053227919183
AOI-0059,2021-07-10,0.330323565708909
AOI-0059,2021-07-14,0.2467312782301504
AOI-0059,2021-07-17,0.27157183602147983
AOI-0059,2021-08-29,0.6674582786310023
AOI-0059,2022-04-16,0.25324446371446496
AOI-0059,2022-05-26,0.5931444845321083
AOI-0059,2022-07-09,0.7816338841564637
AOI-0059,2022-07-14,0.7557041347351965
AOI-0059,2022-07-28,0.7501656097766299
AOI-0059,2022-07-29,0.7878222148467573
AOI-0059,2022-08-30,0.5406259268337128
AOI-0059,2022-10-12,0.4171048194480514
AOI-0059,2023-04-02,0.6690254522849803
AOI-0059,2023-07-04,0.24818278537116661
AOI-0059,2023-07-12,0.33717422412989995
AOI-0059,2023-07-20,0.26549410478196145
AOI-0059,2023-07-23,0.23020477060885683
AOI-0059,2023-08-17,0.21967362745159294
AOI-0059,2023-09-18,0.3570719961297338
AOI-0059,2023-09-29,0.20384792211305203
AOI-0059,2023-10-04,0.20284144199386153
AOI-0059,2023-10-17,0.16429185310387678
AOI-0059,2024-04-09,0.3340322244258289
AOI-0059,2024-06-23,0.5881867573119551
AOI-0059,2024-06-24,0.6162834518035972
AOI-0059,2024-06-25,0.6359453249859283
AOI-0059,2024-06-28,0.6055586136733989
AOI-0059,2024-08-28,0.2294190262591706
AOI-0059,2024-09-19,0.22717261205124745
AOI-0059,2024-09-28,0.1695804856103834
AOI-0059,2024-10-01,0.1578552184313634
AOI-0059,2025-05-19,0.805156861363434
AOI-0059,2025-05-26,0.684753387610943
AOI-0059,2025-07-08,0.19076635742682582
AOI-0059,2025-07-13,0.15207007061559571
AOI-0059,2025-07-18,0.14154160595431312
AOI-0059,2025-08-09,0.1380370255115373
AOI-0059,2025-08-19,0.13845654869240034
AOI-0059,2025-09-15,0.16175803410520098
AOI-0060,2025-05-19,0.5849207687237072
AOI-0060,2025-06-11,0.6030538586000859
AOI-0060,2025-07-08,0.5512187256640383
AOI-0060,2025-08-02,0.17642309886228677
AOI-0060,2025-08-09,0.16949629324454038
AOI-0060,2025-09-06,0.17655212072984816
AOI-0060,2025-09-07,0.214244172113987
AOI-0060,2025-09-15,0.1967232672032073
AOI-0061,2010-04-07,0.3836270952348079
AOI-0061,2010-06-10,0.7467816296171469
AOI-0061,2010-07-29,0.5787803845621208
AOI-0061,2011-08-09,0.4081872630876427
AOI-0061,2011-08-13,0.4221060016434702
AOI-0061,2011-08-29,0.40650877522784074
AOI-0061,2012-07-11,0.6851178968408014
AOI-0061,2012-09-13,0.3854540260294542
AOI-0061,2012-10-15,0.3280194119891391
AOI-0061,2013-06-27,0.5456892947786853
AOI-0061,2013-07-29,0.30156877874452825
AOI-0061,2013-08-14,0.25298128897016303
AOI-0061,2013-09-23,0.189097841426181
AOI-0061,2014-05-09,0.8741057285147337
AOI-0061,2014-05-25,0.8204484499112944
AOI-0061,2014-06-14,0.6123847659617407
AOI-0061,2014-09-14,0.3088389148612594
AOI-0061,2015-06-09,0.6780097656675919
AOI-0061,2015-06-26,0.798619776457435
AOI-0061,2015-09-30,0.3475968734991014
AOI-0061,2015-10-16,0.33879690901082127
AOI-0061,2016-04-06,0.5835371792162075
AOI-0061,2016-04-24,0.691081691763871
AOI-0061,2016-08-28,0.2873767672521774
AOI-0061,2016-09-13,0.27140072077501876
AOI-0061,2017-04-16,0.20190243830756355
AOI-0061,2017-05-01,0.21307024538172628
AOI-0061,2017-06-05,0.3746535537621261
AOI-0061,2017-07-12,0.7826943542998568
AOI-0061,2017-07-15,0.8060710896107927
AOI-0061,2017-09-18,0.1926706836091902
AOI-0061,2017-09-26,0.20416291921277016
AOI-0061,2018-04-06,0.6738083274802326
AOI-0061,2018-05-31,0.8730272942158718
AOI-0061,2018-06-20,0.5303822155013604
AOI-0061,2018-07-27,0.23602028690775223
AOI-0061,2018-09-14,0.2561010396373816
AOI-0061,2018-09-29,0.18832065739366555
AOI-0061,2019-04-25,0.23238724793584709
AOI-0061,2019-06-26,0.686523905394643
AOI-0061,2019-06-30,0.6948169760671105
AOI-0061,2019-07-02,0.6866883610127069
AOI-0061,2019-07-05,0.7040299450573883
AOI-0061,2019-08-11,0.7802861631575687
AOI-0061,2019-08-15,0.7637614619950971
AOI-0061,2019-08-16,0.7347982741154525
AOI-0061,2019-08-29,0.5586803221583087
AOI-0061,2019-08-31,0.5261493551656266
AOI-0061,2019-09-16,0.2322642305912568
AOI-0061,2020-04-12,0.5502085457700069
AOI-0061,2020-04-30,0.5763259706248787
AOI-0061,2020-05-12,0.6669473010355759
AOI-0061,2020-05-15,0.5981468644582851
AOI-0061,2020-06-06,0.612530694501996
AOI-0061,2020-06-11,0.5861466803457273
AOI-0061,2020-07-14,0.3171597579814326
AOI-0061,2020-10-07,0.16541024658441328
AOI-0061,2020-10-12,0.140452363143409
AOI-0061,2020-10-24,0.15834371073767048
AOI-0061,2021-04-06,0.5477279873155051
AOI-0061,2021-05-16,0.8805624488720909
AOI-0061,2021-05-20,0.8719079506512051
AOI-0061,2021-06-19,0.5449231218570025
AOI-0061,2021-08-13,0.42431914322072606
AOI-0061,2021-08-18,0.34618803609608273
AOI-0061,2021-08-30,0.2960438632406527
AOI-0061,2021-09-04,0.29831612791193696
AOI-0061,2021-10-16,0.3236080399749497
AOI-0061,2021-10-23,0.24430367468015918
AOI-0061,2022-06-06,0.6854130741766352
AOI-0061,2022-06-16,0.7951904218262394
AOI-0061,2022-07-01,0.7997306104894217
AOI-0061,2022-07-09,0.8187533110713219
AOI-0061,2022-07-26,0.7589814809707947
AOI-0061,2022-07-31,0.7636730678406922
AOI-0061,2022-09-09,0.23054993962675138
AOI-0061,2022-09-14,0.2743933126202864
AOI-0061,2022-10-19,0.19537095005981112
AOI-0061,2023-04-17,0.47893959236070865
AOI-0061,2023-04-23,0.6323319098144461
AOI-0061,2023-05-15,0.740194608963043
AOI-0061,2023-07-25,0.46474896300119933
AOI-0061,2023-07-26,0.4436683146551873
AOI-0061,2023-08-25,0.17500631985067544
AOI-0061,2023-08-28,0.18784498902226412
AOI-0061,2023-08-29,0.285540893817388
AOI-0061,2023-09-07,0.1693333593647151
AOI-0061,2023-10-16,0.25140764851032
AOI-0061,2024-04-22,0.4938888351274633
AOI-0061,2024-06-05,0.5304943333584329
AOI-0061,2024-06-18,0.5679697278933465
AOI-0061,2024-06-30,0.4834707638371805
AOI-0061,2024-07-03,0.5001588094683644
AOI-0061,2024-07-13,0.42670328195132795
AOI-0061,2024-08-04,0.3480751364855484
AOI-0061,2024-08-24,0.24747516193815128
AOI-0061,2024-09-28,0.18393748258581177
AOI-0061,2025-04-14,0.7074928492162584
AOI-0061,2025-04-28,0.7600348820063126
AOI-0061,2025-05-14,0.8126805196336598
AOI-0061,2025-06-10,0.6776537516661192
AOI-0061,2025-06-26,0.5329364243612282
AOI-0061,2025-07-15,0.2619101409591567
AOI-0061,2025-08-17,0.1866933767267331
AOI-0061,2025-08-22,0.1922717884324436
AOI-0061,2025-09-01,0.18621243530835402
AOI-0061,2025-10-05,0.2870101086684745
AOI-0061,2025-10-08,0.3047275504871448
AOI-0062,2010-07-13,0.2507679672886786
AOI-0062,2010-07-28,0.24356295270230438
AOI-0062,2010-09-30,0.27492431102901266
AOI-0062,2011-05-21,0.7778165807632873
AOI-0062,2011-09-18,0.1820346041800681
AOI-0062,2011-09-30,0.3606373632033553
AOI-0062,2012-07-11,0.3340554251670761
AOI-0062,2012-07-27,0.277975796267456
AOI-0062,2013-04-07,0.3657371883907327
AOI-0062,2013-07-13,0.7316709900545119
AOI-0062,2013-07-29,0.680460788803673
AOI-0062,2014-05-09,0.8754340245450792
AOI-0062,2014-07-08,0.28166660145047545
AOI-0062,2014-08-01,0.23591762986525844
AOI-0062,2014-09-02,0.21152538355212253
AOI-0062,2015-04-30,0.6983289781944829
AOI-0062,2015-06-09,0.6444313911432835
AOI-0062,2015-06-10,0.6322956048613133
AOI-0062,2015-09-14,0.27618617115092525
AOI-0062,2016-04-24,0.9002773152856406
AOI-0062,2016-08-30,0.229793159700649
AOI-0062,2016-09-29,0.3050819164041225
AOI-0062,2016-10-17,0.2482401025300028
AOI-0062,2017-04-16,0.17469270601343811
AOI-0062,2017-04-26,0.16568504507663082
AOI-0062,2017-07-12,0.7782110113261128
AOI-0062,2017-07-15,0.8258847048002957
AOI-0062,2017-07-16,0.8226892378156018
AOI-0062,2017-08-17,0.34476295699218723
AOI-0062,2017-09-20,0.17164444532675574
AOI-0062,2018-06-10,0.652541863691143
AOI-0062,2018-07-11,0.25003306261171865
AOI-0062,2018-07-12,0.32150339830039554
AOI-0062,2018-10-08,0.1730954202981971
AOI-0062,2018-10-16,0.23949611882236743
AOI-0062,2019-04-26,0.18324558772051347
AOI-0062,2019-05-08,0.21223394457648342
AOI-0062,2019-05-23,0.2760351491548498
AOI-0062,2019-06-02,0.4276545225128182
AOI-0062,2019-06-15,0.6927257281844319
AOI-0062,2019-06-27,0.7638193605338263
AOI-0062,2019-07-07,0.7523929230221105
AOI-0062,2019-08-06,0.6626248517734031
AOI-0062,2019-08-19,0.4484758457039143
AOI-0062,2019-08-31,0.28817874751233524
AOI-0062,2019-09-30,0.25082778022314434
AOI-0062,2020-04-25,0.6649957758198166
AOI-0062,2020-05-15,0.7252203058676041
AOI-0062,2020-06-25,0.41166200849767554
AOI-0062,2020-07-24,0.14210538896589003
AOI-0062,2020-08-08,0.154134506718306
AOI-0062,2020-08-12,0.26901281233782326
AOI-0062,2020-09-12,0.15283447716645518
AOI-0062,2020-09-22,0.14701280275625636
AOI-0062,2020-10-09,0.14398239491186787
AOI-0062,2020-10-28,0.0970707881172798
AOI-0062,2021-05-15,0.2002510371545756
AOI-0062,2021-05-20,0.2578648858604647
AOI-0062,2021-06-09,0.3738541857768546
AOI-0062,2021-07-09,0.7700534485240614
AOI-0062,2021-07-16,0.7404708271345163
AOI-0062,2021-08-13,0.507541246169914
AOI-0062,2021-08-18,0.5203726326834385
AOI-0062,2021-10-02,0.19594738228778416
AOI-0062,2021-10-19,0.09428005833479862
AOI-0062,2022-04-25,0.8879086026876628
AOI-0062,2022-05-22,0.8669083338577726
AOI-0062,2022-06-10,0.8133707611139614
AOI-0062,2022-06-26,0.3887106920853942
AOI-0062,2022-06-30,0.32331799881063716
AOI-0062,2022-07-01,0.24339352583039556
AOI-0062,2022-07-29,0.22806486735345874
AOI-0062,2022-07-31,0.23587701400435476
AOI-0062,2022-08-15,0.16869997752338808
AOI-0062,2023-05-06,0.31222887077838507
AOI-0062,2023-05-09,0.5162391979966925
AOI-0062,2023-06-06,0.7509452414461888
AOI-0062,2023-06-29,0.8036431430602486
AOI-0062,2023-08-01,0.5274690268072865
AOI-0062,2023-08-26,0.19506634831417616
AOI-0062,2023-09-07,0.16674055648346653
AOI-0062,2023-09-11,0.2007389307235154
AOI-0062,2023-09-14,0.19973309164472275
AOI-0062,2023-10-09,0.16788010999105582
AOI-0062,2024-04-04,0.8104829639923695
AOI-0062,2024-04-06,0.8421323741112231
AOI-0062,2024-05-24,0.7890708418248596
AOI-0062,2024-06-20,0.2732031693017202
AOI-0062,2024-07-05,0.16342985961816295
AOI-0062,2024-07-27,0.21808068469621802
AOI-0062,2024-08-24,0.13761506669101073
AOI-0062,2024-09-21,0.13972849091117853
AOI-0062,2024-09-28,0.13739095044729965
AOI-0062,2025-04-19,0.27582933456958153
AOI-0062,2025-04-23,0.4132377469905056
AOI-0062,2025-05-25,0.5536881080617067
AOI-0062,2025-07-28,0.35507706695346714
AOI-0062,2025-08-14,0.27387287587700354
AOI-0062,2025-08-31,0.22551809924992497
AOI-0062,2025-09-03,0.182073494007264
AOI-0062,2025-09-16,0.17791208698811722
AOI-0062,2025-10-11,0.20266066533245888
AOI-0062,2025-10-18,0.23738168973746449
AOI-0063,2025-04-28,0.23515353638453146
AOI-0063,2025-05-14,0.23799236859300693
AOI-0063,2025-05-28,0.47155986543126877
AOI-0063,2025-06-26,0.765661094129871
AOI-0063,2025-07-10,0.7526482306630495
AOI-0063,2025-08-09,0.3424313138784328
AOI-0063,2025-08-14,0.4040562478131886
AOI-0063,2025-08-27,0.3670117156448279
AOI-0063,2025-08-29,0.40165417691516886
AOI-0063,2025-10-16,0.24759108767074195
AOI-0064,2025-04-18,0.42458907968733717
AOI-0064,2025-04-29,0.4794055503490847
AOI-0064,2025-05-28,0.7562093339357879
AOI-0064,2025-06-07,0.7631733945251054
AOI-0064,2025-07-12,0.3408328610101161
AOI-0064,2025-07-15,0.20487323248477143
AOI-0064,2025-09-15,0.20703548721957304
AOI-0064,2025-09-21,0.2065321338386787
AOI-0064,2025-09-26,0.222694471569971
AOI-0064,2025-09-30,0.27066580763514686
AOI-0065,2025-05-25,0.5879185262930992
AOI-0065,2025-06-10,0.5503122969793863
AOI-0065,2025-06-25,0.5964332473056213
AOI-0065,2025-06-28,0.6151607908501162
AOI-0065,2025-07-05,0.5937210139332817
AOI-0065,2025-07-27,0.3280233087396003
AOI-0065,2025-08-02,0.21424249372170112
AOI-0065,2025-08-19,0.20353466350807947
AOI-0065,2025-09-05,0.19771724016552822
AOI-0065,2025-09-23,0.188647680207265
AOI-0066,2025-04-11,0.24924746264094544
AOI-0066,2025-05-28,0.3840841499913979
AOI-0066,2025-06-03,0.41865754344610356
AOI-0066,2025-06-25,0.8052454052043148
AOI-0066,2025-06-26,0.820877321637094
AOI-0066,2025-06-30,0.778588333787895
AOI-0066,2025-07-14,0.6969899473873529
AOI-0066,2025-07-30,0.4476626750175512
AOI-0066,2025-08-09,0.3061673574899387
AOI-0066,2025-09-14,0.23624053891273855
AOI-0066,2025-09-25,0.16525491238743498
AOI-0066,2025-10-08,0.1819775695027306
AOI-0067,2010-04-24,0.21387554875336195
AOI-0067,2010-05-02,0.23351609898529385
AOI-0067,2010-06-28,0.18299401696898263
AOI-0067,2010-08-29,0.2302361688580778
AOI-0067,2011-04-19,0.16644652653593417
AOI-0067,2011-05-25,0.34753531212812433
AOI-0067,2011-08-13,0.5504486199525366
AOI-0067,2011-09-02,0.34569340784279395
AOI-0067,2011-09-26,0.3044629647462166
AOI-0067,2012-08-28,0.17953592939442717
AOI-0067,2012-09-04,0.13033848594217512
AOI-0067,2012-10-22,0.13165846304922135
AOI-0067,2013-05-03,0.5103102018991041
AOI-0067,2013-06-10,0.4325280662639732
AOI-0067,2013-06-11,0.4378063194240444
AOI-0067,2013-06-12,0.40327111308238484
AOI-0067,2013-08-30,0.3365144028354191
AOI-0067,2014-04-04,0.24103327458626556
AOI-0067,2014-05-30,0.23392552613537795
AOI-0067,2014-06-26,0.29175218374864387
AOI-0067,2014-08-25,0.15205905831542219
AOI-0067,2014-09-26,0.15013975325340562
AOI-0067,2014-10-29,0.16705241597714293
AOI-0067,2015-07-04,0.32332799482484703
AOI-0067,2015-07-28,0.5281189336054528
AOI-0067,2015-08-12,0.5368870315726868
AOI-0067,2015-08-20,0.5790995409745116
AOI-0067,2016-05-02,0.2266010460588644
AOI-0067,2016-05-08,0.35762476146237004
AOI-0067,2016-05-26,0.24317849144606438
AOI-0067,2016-06-03,0.2514564686142056
AOI-0067,2016-07-13,0.2605104423061511
AOI-0067,2016-07-22,0.2607284795969437
AOI-0067,2017-04-07,0.24478657198939685
AOI-0067,2017-06-06,0.3059300434443097
AOI-0067,2017-07-12,0.4963577262607305
AOI-0067,2017-07-22,0.520867707167992
AOI-0067,2017-08-01,0.516995612587981
AOI-0067,2017-08-09,0.5283228922434094
AOI-0067,2017-09-19,0.4030504007289523
AOI-0067,2017-09-25,0.37812996545376143
AOI-0067,2018-05-03,0.15865562812095363
AOI-0067,2018-05-16,0.21044585193219165
AOI-0067,2018-07-28,0.2575603157315026
AOI-0067,2018-08-20,0.1731262524107608
AOI-0067,2018-09-14,0.2271032402993834
AOI-0067,2018-09-22,0.18272265624556086
AOI-0067,2019-04-26,0.5710229982502155
AOI-0067,2019-04-28,0.5681045355542211
AOI-0067,2019-05-18,0.8156461049541123
AOI-0067,2019-06-17,0.33678934134739374
AOI-0067,2019-06-20,0.34847985284289096
AOI-0067,2019-06-22,0.3283069529429851
AOI-0067,2019-09-08,0.2671265148800683
AOI-0067,2019-10-16,0.35742774864918797
AOI-0067,2019-10-19,0.30777817156042747
AOI-0067,2020-05-27,0.19534952680670437
AOI-0067,2020-06-16,0.5750667281524483
AOI-0067,2020-08-10,0.3946388834319829
AOI-0067,2020-08-15,0.3888019719040769
AOI-0067,2020-08-28,0.39982705624254333
AOI-0067,2020-09-18,0.2536806920988496
AOI-0067,2020-09-26,0.2108513438477037
AOI-0067,2020-10-24,0.13642618906738946
AOI-0067,2021-05-02,0.1806173292079183
AOI-0067,2021-05-08,0.22603483653807507
AOI-0067,2021-07-03,0.432645419317909
AOI-0067,2021-08-13,0.3165962773713693
AOI-0067,2021-08-28,0.2465988447003881
AOI-0067,2021-10-08,0.20818732818349994
AOI-0067,2021-10-16,0.21241659951581918
AOI-0067,2022-04-17,0.18393310737593846
AOI-0067,2022-05-07,0.18630213235567572
AOI-0067,2022-05-12,0.1774116069096474
AOI-0067,2022-05-17,0.21533007671624688
AOI-0067,2022-06-13,0.604936603861545
AOI-0067,2022-06-28,0.6364398935415942
AOI-0067,2022-07-28,0.5712188273131728
AOI-0067,2022-07-30,0.5594262464991752
AOI-0067,2023-04-05,0.19508710477389518
AOI-0067,2023-05-15,0.18876360531024308
AOI-0067,2023-05-25,0.280224272242449
AOI-0067,2023-06-10,0.4929842052492184
AOI-0067,2023-06-23,0.5411556899317963
AOI-0067,2023-07-18,0.6191633062085385
AOI-0067,2023-08-15,0.2724664571732291
AOI-0067,2023-08-19,0.31497195211272816
AOI-0067,2023-09-29,0.21054340805311256
AOI-0067,2023-10-06,0.23837839162444194
AOI-0067,2024-06-05,0.5592096568875158
AOI-0067,2024-06-09,0.535716245885416
AOI-0067,2024-06-17,0.49195989556042957
AOI-0067,2024-07-20,0.21746352415011072
AOI-0067,2024-08-04,0.16954355077826688
AOI-0067,2024-08-09,0.17077542378749508
AOI-0067,2024-09-08,0.1421615964302354
AOI-0067,2024-10-24,0.1636128697758646
AOI-0067,2025-04-02,0.1645794195270851
AOI-0067,2025-05-11,0.1922650572369556
AOI-0067,2025-06-15,0.2012497378886164
AOI-0067,2025-07-07,0.46379780446716645
AOI-0067,2025-07-22,0.3437604276710749
AOI-0067,2025-07-25,0.3036197656143697
AOI-0067,2025-08-16,0.6050656829787942
AOI-0067,2025-08-19,0.5912748285744291
AOI-0067,2025-09-24,0.2779778183807366
AOI-0067,2025-10-27,0.2916917023104112
AOI-0068,2010-06-28,0.18376801829080464
AOI-0068,2010-09-14,0.2419402927141855
AOI-0068,2010-10-09,0.21616347463817415
AOI-0068,2010-10-16,0.33225767836787484
AOI-0068,2010-10-25,0.2541343873636448
AOI-0068,2011-06-26,0.2953117400342452
AOI-0068,2011-07-09,0.21771526873732236
AOI-0068,2011-08-13,0.23194504080832734
AOI-0068,2011-08-18,0.1625261459859135
AOI-0068,2011-08-29,0.23219420705842422
AOI-0068,2012-04-29,0.19497402481208417
AOI-0068,2012-05-24,0.2921452997907551
AOI-0068,2012-09-13,0.18259199989684352
AOI-0068,2013-05-09,0.5142772069158864
AOI-0068,2013-05-11,0.4567669263714021
AOI-0068,2013-07-22,0.19919926711391586
AOI-0068,2013-08-30,0.20067740475381315
AOI-0068,2013-09-30,0.3660477555595744
AOI-0068,2013-10-16,0.4000280015557154
AOI-0068,2014-04-07,0.4391210830375152
AOI-0068,2014-05-25,0.42687738550582544
AOI-0068,2014-07-01,0.1817113338969638
AOI-0068,2014-07-17,0.16958790055537798
AOI-0068,2014-09-11,0.1685091611511531
AOI-0068,2014-10-12,0.14698013183431716
AOI-0068,2015-04-23,0.33023185090864726
AOI-0068,2015-07-28,0.2928424453887509
AOI-0068,2015-08-05,0.23571656924833273
AOI-0068,2015-09-22,0.3226598379598651
AOI-0068,2015-09-29,0.2921329883660349
AOI-0068,2015-09-30,0.338095463171393
AOI-0068,2016-04-09,0.2647066595956113
AOI-0068,2016-04-22,0.43040970586897537
AOI-0068,2016-07-06,0.2963093786445175
AOI-0068,2016-07-11,0.3388858192433093
AOI-0068,2016-08-15,0.2783635449617822
AOI-0068,2016-10-01,0.26873442496424643
AOI-0068,2017-04-11,0.24342638905900496
AOI-0068,2017-04-12,0.3190910144088178
AOI-0068,2017-04-23,0.5408250819633891
AOI-0068,2017-05-29,0.5475290082276585
AOI-0068,2017-06-07,0.5263454404392994
AOI-0068,2017-07-17,0.21182764294267337
AOI-0068,2017-08-18,0.17484888725128173
AOI-0068,2017-09-26,0.28112096427215605
AOI-0068,2018-04-06,0.22544083265307374
AOI-0068,2018-04-15,0.23116199130982742
AOI-0068,2018-05-16,0.2843993359350613
AOI-0068,2018-05-25,0.31155634474507743
AOI-0068,2018-06-18,0.19769247871711856
AOI-0068,2018-06-26,0.17730446862492996
AOI-0068,2019-04-18,0.3674116525923698
AOI-0068,2019-04-25,0.40795908769198547
AOI-0068,2019-05-08,0.5401739631386968
AOI-0068,2019-06-05,0.37194381623864226
AOI-0068,2019-06-10,0.3164485030866018
AOI-0068,2019-08-08,0.24225866550030087
AOI-0068,2019-09-10,0.18780077119696742
AOI-0068,2019-09-17,0.20966546458602056
AOI-0068,2019-10-10,0.2749626042545072
AOI-0068,2019-10-16,0.3998671850656094
AOI-0068,2020-04-22,0.3085066966540492
AOI-0068,2020-05-02,0.27279000817867965
AOI-0068,2020-05-08,0.41688956177998077
AOI-0068,2020-05-12,0.29639625860239194
AOI-0068,2020-05-24,0.4115995405254955
AOI-0068,2020-07-06,0.16306861066713613
AOI-0068,2020-07-25,0.16828926078001408
AOI-0068,2020-08-05,0.12105112891382729
AOI-0068,2020-10-24,0.12434921874634114
AOI-0068,2021-04-06,0.14563126457706668
AOI-0068,2021-04-23,0.4171127414429356
AOI-0068,2021-05-02,0.2846384066598181
AOI-0068,2021-07-12,0.30648454201593
AOI-0068,2021-07-20,0.2517385185358899
AOI-0068,2021-09-04,0.3065905817552546
AOI-0068,2021-10-09,0.3493003132757556
AOI-0068,2022-05-07,0.4773576565591651
AOI-0068,2022-06-29,0.18255076394300834
AOI-0068,2022-07-22,0.20664892435940385
AOI-0068,2022-07-31,0.13998452212735854
AOI-0068,2022-08-07,0.1819806233227819
AOI-0068,2022-08-10,0.15822912834389752
AOI-0068,2022-08-30,0.15411693298154364
AOI-0068,2022-09-14,0.29483418967081904
AOI-0068,2022-09-29,0.2543236327230265
AOI-0068,2023-04-05,0.504034068274314
AOI-0068,2023-04-07,0.5289551380620848
AOI-0068,2023-05-14,0.5712958048679389
AOI-0068,2023-06-24,0.24366891900568605
AOI-0068,2023-07-16,0.20048988720185063
AOI-0068,2023-07-22,0.25258168999601116
AOI-0068,2023-09-14,0.3743907809861875
AOI-0068,2023-09-19,0.3497741613231484
AOI-0068,2023-09-28,0.3583996242313503
AOI-0068,2023-10-09,0.2735468133280553
AOI-0068,2023-10-16,0.3359733527205296
AOI-0068,2024-04-23,0.28770324913677864
AOI-0068,2024-07-27,0.16494411183360685
AOI-0068,2024-08-12,0.15552188533467565
AOI-0068,2024-08-20,0.162789335664752
AOI-0068,2024-08-24,0.13220625468946182
AOI-0068,2024-09-23,0.15086274753197898
AOI-0068,2024-10-07,0.19168277339491083
AOI-0068,2024-10-23,0.1938681576938556
AOI-0068,2024-10-24,0.2035582580493632
AOI-0068,2025-04-02,0.3685646289092798
AOI-0068,2025-04-16,0.5193304763617321
AOI-0068,2025-06-05,0.5530794859154687
AOI-0068,2025-06-25,0.26417070636262097
AOI-0068,2025-07-14,0.21005665106763427
AOI-0068,2025-07-15,0.17656811136323727
AOI-0068,2025-07-25,0.18182791298650758
AOI-0068,2025-08-31,0.21675447120933244
AOI-0068,2025-09-01,0.20230937720240688
AOI-0068,2025-09-03,0.17567801032826252
AOI-0069,2025-05-04,0.20718313845580866
AOI-0069,2025-05-08,0.2293925064143138
AOI-0069,2025-05-20,0.39270795232864203
AOI-0069,2025-06-05,0.44736625598661556
AOI-0069,2025-06-15,0.37004833506832335
AOI-0069,2025-07-27,0.13633291573497838
AOI-0069,2025-07-28,0.15891223329520265
AOI-0069,2025-09-08,0.1266741740428255
AOI-0069,2025-10-02,0.19618951081396402
AOI-0070,2025-04-07,0.4086559538438517
AOI-0070,2025-04-23,0.40357318184370544
AOI-0070,2025-05-03,0.30546687418806157
AOI-0070,2025-05-27,0.285948416728491
AOI-0070,2025-06-21,0.23194800611343452
AOI-0070,2025-06-28,0.26016536629012565
AOI-0070,2025-07-15,0.16286009548266245
AOI-0070,2025-08-06,0.14960344322103059
AOI-0070,2025-08-23,0.18911800491249028
AOI-0070,2025-09-08,0.137967766971604
AOI-0071,2025-04-17,0.3597054113487691
AOI-0071,2025-06-07,0.42887382608760505
AOI-0071,2025-06-21,0.5303208176501032
AOI-0071,2025-07-28,0.4062398368051083
AOI-0071,2025-08-06,0.42319601236722404
AOI-0071,2025-09-14,0.37017734197837493
AOI-0071,2025-10-02,0.32752006948009843
AOI-0071,2025-10-27,0.41365949418935066
AOI-0072,2025-04-07,0.6646805757800607
AOI-0072,2025-04-18,0.6693650115260203
AOI-0072,2025-06-10,0.4636724036370592
AOI-0072,2025-06-21,0.3307823096971538
AOI-0072,2025-06-27,0.2049378403926714
AOI-0072,2025-07-10,0.1987002221261865
AOI-0072,2025-09-14,0.19661109309962208
AOI-0072,2025-09-28,0.14417175220577183
AOI-0072,2025-10-15,0.1478919508820689
AOI-0073,2010-08-04,0.3639372213172712
AOI-0073,2010-08-29,0.32480552491304043
AOI-0073,2010-10-16,0.26608094565915885
AOI-0073,2011-04-01,0.16365020546871298
AOI-0073,2011-05-09,0.4237614216885918
AOI-0073,2011-05-25,0.5019012748293222
AOI-0073,2011-08-13,0.4263930904396786
AOI-0073,2012-04-11,0.2584328855063594
AOI-0073,2012-06-09,0.58596720233058
AOI-0073,2012-10-04,0.2150099351057358
AOI-0073,2013-07-03,0.5073040520864397
AOI-0073,2013-08-13,0.46328222275494135
AOI-0073,2013-10-16,0.4194273815753551
AOI-0073,2014-05-11,0.3533014840292405
AOI-0073,2014-08-23,0.4305362124876805
AOI-0073,2014-10-16,0.27334387307132574
AOI-0073,2015-09-11,0.2672186030506341
AOI-0073,2015-09-14,0.3127219838145471
AOI-0073,2015-10-16,0.29734913128386214
AOI-0073,2015-10-21,0.2159945401693917
AOI-0073,2016-05-08,0.7418749445127691
AOI-0073,2016-07-03,0.5610335509174682
AOI-0073,2017-05-06,0.24150122391960763
AOI-0073,2017-05-25,0.4813620642689535
AOI-0073,2017-07-22,0.7122061864017473
AOI-0073,2017-08-23,0.4698684268101854
AOI-0073,2017-09-24,0.3140060985584904
AOI-0073,2018-04-04,0.1805278983345895
AOI-0073,2018-04-07,0.2297809542318015
AOI-0073,2018-06-28,0.5531324738259552
AOI-0073,2018-08-29,0.5658493684948119
AOI-0073,2018-09-30,0.3238084105804384
AOI-0073,2018-10-01,0.2637027002982629
AOI-0073,2019-04-06,0.14940022594124025
AOI-0073,2019-04-23,0.20482573730915357
AOI-0073,2019-05-06,0.17904891374175813
AOI-0073,2019-05-21,0.3171903766510824
AOI-0073,2019-06-02,0.5409060586976191
AOI-0073,2019-06-23,0.6748201080720737
AOI-0073,2019-06-28,0.6727502816146786
AOI-0073,2019-08-13,0.5140556934309568
AOI-0073,2019-08-21,0.42788221432374707
AOI-0073,2019-10-18,0.19416809682546837
AOI-0073,2020-05-28,0.6275878528275121
AOI-0073,2020-06-04,0.630172469193
AOI-0073,2020-06-12,0.6952402827312366
AOI-0073,2020-06-19,0.6134176760013984
AOI-0073,2020-07-19,0.20518353659272903
AOI-0073,2020-08-01,0.1660753635810987
AOI-0073,2020-08-07,0.21553592154267498
AOI-0073,2020-08-26,0.18788035951934093
AOI-0073,2020-09-02,0.17266127130246808
AOI-0073,2020-09-25,0.20646430064211319
AOI-0073,2020-10-22,0.11047387180003233
AOI-0073,2021-04-10,0.10423595868838946
AOI-0073,2021-04-25,0.18903161351383355
AOI-0073,2021-05-30,0.2635245555892071
AOI-0073,2021-06-07,0.39003512335427776
AOI-0073,2021-06-16,0.5387541598668117
AOI-0073,2021-07-01,0.5275414611121135
AOI-0073,2021-07-22,0.7301417606948464
AOI-0073,2021-07-29,0.6793244346741407
AOI-0073,2021-08-19,0.5291422432501832
AOI-0073,2021-08-21,0.48110024894673137
AOI-0073,2022-05-23,0.22691405253719973
AOI-0073,2022-06-06,0.28537579359384596
AOI-0073,2022-06-12,0.3882314867655666
AOI-0073,2022-06-23,0.6282080691583763
AOI-0073,2022-07-04,0.7452163922993417
AOI-0073,2022-07-27,0.7744126037923753
AOI-0073,2022-08-28,0.5309570129686652
AOI-0073,2022-08-29,0.5277260528299772
AOI-0073,2022-09-17,0.3160692013785203
AOI-0073,2023-04-07,0.33103923603989394
AOI-0073,2023-04-23,0.3733305111203134
AOI-0073,2023-05-04,0.28269168745921375
AOI-0073,2023-05-15,0.31472186880295056
AOI-0073,2023-06-05,0.558907488566001
AOI-0073,2023-06-21,0.2794889282485673
AOI-0073,2023-06-23,0.26516263355593167
AOI-0073,2023-09-30,0.28886364954645
AOI-0073,2024-04-19,0.5449174989144456
AOI-0073,2024-04-22,0.6417776323371207
AOI-0073,2024-04-28,0.6138909174404807
AOI-0073,2024-07-08,0.2437692411235623
AOI-0073,2024-07-26,0.23587656956455724
AOI-0073,2024-07-28,0.18825267793275363
AOI-0073,2024-08-10,0.22859668227054558
AOI-0073,2024-08-20,0.20303437569312716
AOI-0073,2024-09-06,0.1849702592133398
AOI-0073,2024-10-04,0.19243095216206105
AOI-0073,2025-04-12,0.14169516386442257
AOI-0073,2025-04-17,0.19755022351232557
AOI-0073,2025-05-04,0.18846444180983882
AOI-0073,2025-06-21,0.6829060767278058
AOI-0073,2025-07-04,0.7807926283015171
AOI-0073,2025-08-15,0.6438374376915028
AOI-0073,2025-08-20,0.5276611322067849
AOI-0073,2025-10-06,0.24726437953842356
AOI-0073,2025-10-29,0.3024888789222335
AOI-0074,2010-04-23,0.38891492186915944
AOI-0074,2010-05-09,0.6543864310768601
AOI-0074,2010-06-26,0.414962912230119
AOI-0074,2011-05-03,0.2533013839542628
AOI-0074,2011-05-09,0.42322950648313845
AOI-0074,2011-06-12,0.5615738432373186
AOI-0074,2012-05-24,0.6853603844932196
AOI-0074,2012-06-25,0.4661660639607061
AOI-0074,2012-08-12,0.3454676994936381
AOI-0074,2013-05-09,0.5860900514073578
AOI-0074,2013-07-12,0.3750575767150038
AOI-0074,2013-08-29,0.34763082141629853
AOI-0074,2014-06-10,0.7652803238888266
AOI-0074,2014-08-13,0.40490574607175384
AOI-0074,2014-08-29,0.3584994884577767
AOI-0074,2015-04-07,0.23592720826578298
AOI-0074,2015-07-01,0.5398654217461679
AOI-0074,2015-07-28,0.6264568168811417
AOI-0074,2015-08-13,0.5285135456348116
AOI-0074,2016-04-22,0.7008983981954545
AOI-0074,2016-06-09,0.7520295298240444
AOI-0074,2017-04-25,0.2881684735433493
AOI-0074,2017-04-29,0.3126581627904613
AOI-0074,2017-05-03,0.32944526392189555
AOI-0074,2017-08-19,0.48684477476340593
AOI-0074,2018-04-28,0.21454207946480935
AOI-0074,2018-06-28,0.46039654183243606
AOI-0074,2018-07-03,0.5981624524442332
AOI-0074,2018-08-10,0.7783009556679442
AOI-0074,2018-10-13,0.1946901997256333
AOI-0074,2019-05-17,0.3226427628986139
AOI-0074,2019-05-19,0.3242912036401565
AOI-0074,2019-05-24,0.3472221574006328
AOI-0074,2019-06-15,0.6798357430924645
AOI-0074,2019-06-20,0.7095443868466292
AOI-0074,2019-07-12,0.6386432039611613
AOI-0074,2019-07-23,0.5906096826119697
AOI-0074,2019-07-30,0.5709324437842699
AOI-0074,2019-10-17,0.2556702870403773
AOI-0074,2020-04-03,0.1962380159353976
AOI-0074,2020-05-12,0.6510649575520685
AOI-0074,2020-06-04,0.663794448943956
AOI-0074,2020-06-17,0.6319983944035455
AOI-0074,2020-06-27,0.45782101002621844
AOI-0074,2020-07-27,0.275310791851883
AOI-0074,2020-07-31,0.15892236248505026
AOI-0074,2020-08-11,0.18765608360063002
AOI-0074,2020-08-23,0.1576989899417076
AOI-0074,2020-10-05,0.16081803558555383
AOI-0074,2020-10-26,0.16196641273339935
AOI-0074,2021-04-07,0.1959284124158269
AOI-0074,2021-05-28,0.2449513529164664
AOI-0074,2021-06-10,0.546161245142633
AOI-0074,2021-06-22,0.6027767930409323
AOI-0074,2021-07-07,0.673564486827511
AOI-0074,2021-07-19,0.7328080280507229
AOI-0074,2021-08-13,0.5036234546771726
AOI-0074,2021-08-26,0.38601566437917123
AOI-0074,2021-09-15,0.2858776061642153
AOI-0074,2021-10-30,0.2269380847657463
AOI-0074,2022-05-25,0.3308670814761474
AOI-0074,2022-06-06,0.24713258870926272
AOI-0074,2022-06-12,0.3810628888144168
AOI-0074,2022-06-29,0.744500139620753
AOI-0074,2022-07-02,0.7311691838852443
AOI-0074,2022-09-30,0.36647700628438507
AOI-0074,2022-10-05,0.292906465427752
AOI-0074,2022-10-07,0.26567465308222665
AOI-0074,2022-10-17,0.2040897690836793
AOI-0074,2023-04-03,0.08124588190223173
AOI-0074,2023-05-12,0.2779075206463411
AOI-0074,2023-05-25,0.5036265660100099
AOI-0074,2023-06-02,0.48638165701198605
AOI-0074,2023-07-12,0.40212826569872834
AOI-0074,2023-07-15,0.295060129387759
AOI-0074,2023-08-01,0.25085436383380255
AOI-0074,2023-08-28,0.21763447150311963
AOI-0074,2023-08-29,0.3210335728080375
AOI-0074,2024-04-09,0.4491740561630891
AOI-0074,2024-04-12,0.45051015303124103
AOI-0074,2024-05-06,0.6142284638082234
AOI-0074,2024-05-14,0.6212995268341801
AOI-0074,2024-05-29,0.5584874727638065
AOI-0074,2024-06-08,0.5164066615386289
AOI-0074,2024-07-01,0.3099880064410814
AOI-0074,2024-07-21,0.27364317016106754
AOI-0074,2024-08-15,0.18193147624553394
AOI-0074,2024-08-30,0.2025828950949434
AOI-0074,2024-10-01,0.15319756732603773
AOI-0074,2025-04-29,0.1873040453019748
AOI-0074,2025-05-01,0.2024506588083861
AOI-0074,2025-05-22,0.24810674870071506
AOI-0074,2025-06-02,0.361579458979673
AOI-0074,2025-06-06,0.3846476819409156
AOI-0074,2025-07-13,0.758201339445667
AOI-0074,2025-07-18,0.6812464650277105
AOI-0074,2025-08-29,0.33887825346491074
AOI-0074,2025-10-29,0.2646879759554688
AOI-0075,2025-04-17,0.2715388453249712
AOI-0075,2025-04-22,0.277285342323335
AOI-0075,2025-04-29,0.2410711392169671
AOI-0075,2025-07-16,0.5674063986219533
AOI-0075,2025-07-21,0.6001832463866692
AOI-0075,2025-07-28,0.5611437018551307
AOI-0075,2025-08-07,0.5856603041943826
AOI-0075,2025-09-06,0.40109260019674814
AOI-0075,2025-10-04,0.2211643112049262
AOI-0075,2025-10-06,0.18151818181699791
AOI-0076,2025-04-07,0.28926016753158584
AOI-0076,2025-04-22,0.2406093676433001
AOI-0076,2025-05-09,0.45842862882431223
AOI-0076,2025-05-12,0.24797478103250434
AOI-0076,2025-05-14,0.25538629554054915
AOI-0076,2025-06-08,0.6487013266564737
AOI-0076,2025-08-17,0.4598951642870163
AOI-0076,2025-09-30,0.32523265440224053
AOI-0076,2025-10-16,0.29387727386061874
AOI-0077,2025-04-17,0.5381951451678596
AOI-0077,2025-04-21,0.597446225107296
AOI-0077,2025-04-23,0.6883899724769995
AOI-0077,2025-05-12,0.7205004803070091
AOI-0077,2025-05-31,0.7267073593363743
AOI-0077,2025-09-14,0.29377200502730655
AOI-0077,2025-09-30,0.3025375770056831
AOI-0077,2025-10-01,0.2174014440150993
AOI-0077,2025-10-14,0.208463997578153
AOI-0078,2025-04-12,0.5263120378253641
AOI-0078,2025-05-09,0.7809644613439667
AOI-0078,2025-05-14,0.6678114881489473
AOI-0078,2025-06-21,0.3841132853200206
AOI-0078,2025-06-26,0.36816912944359664
AOI-0078,2025-07-30,0.18635610557656543
AOI-0078,2025-08-22,0.1480797557796881
AOI-0078,2025-08-27,0.15090465598632205
AOI-0078,2025-08-29,0.16037388837000605
