anon_polygon_id,date,_doy,crop_type,_truth,_true_src,prod,soft,hard,uniform,oracle_true,lag,fold,mode
AOI-0002,2019-06-26,177,озимая пшеница,0.3226791885441528,modis,0.3102726142414971,0.3102726142414971,0.3231892467138672,0.2656155751376748,0.3231892467138672,0.28704496681882397,2019,exact_doy
AOI-0002,2019-07-29,210,озимая пшеница,0.234648495218802,landsat,0.2503901754270878,0.2503901754270878,0.25988995394452524,0.267730298374562,0.25988995394452524,0.2383883119613194,2019,exact_doy
AOI-0002,2019-08-13,225,озимая пшеница,0.3215358472553701,modis,0.29166832486042915,0.29166832486042915,0.3229964274664104,0.272438106972884,0.3229964274664104,0.2919353758186296,2019,exact_doy
AOI-0003,2019-04-01,91,озимая пшеница,0.7465997423623716,s2,0.6698336110002484,0.6698336110002484,0.6675889174938227,0.69911695860479,0.6675889174938227,0.6308711978417806,2019,exact_doy
AOI-0003,2019-05-06,126,озимая пшеница,0.912608548188256,s2,0.8057713520956881,0.8057713520956881,0.8054457914314499,0.8153211315800072,0.8054457914314499,0.7869695595780036,2019,exact_doy
AOI-0003,2019-06-04,155,озимая пшеница,0.8633667030456484,landsat,0.8381998879859911,0.8381998879859911,0.837335661278622,0.8205028177343717,0.837335661278622,0.8577637763082078,2019,exact_doy
AOI-0003,2019-07-07,188,озимая пшеница,0.1352430982600685,s2,0.20005010366075882,0.20005010366075882,0.19834902305591107,0.2476803605964962,0.19834902305591107,0.21020547650439567,2019,exact_doy
AOI-0003,2019-08-07,219,озимая пшеница,0.3383295609182435,landsat,0.32934529499661747,0.32934529499661747,0.33465970832748254,0.33345586380152614,0.33465970832748254,0.3403585777771007,2019,exact_doy
AOI-0003,2019-08-14,226,озимая пшеница,0.3867256717278265,s2,0.37538096167033236,0.37538096167033236,0.3746948321051593,0.3964222683356399,0.3746948321051593,0.3805235826682866,2019,exact_doy
AOI-0003,2019-08-22,234,озимая пшеница,0.4473056731221935,landsat,0.3868669388068138,0.3868669388068138,0.39053544751916075,0.38430341096853776,0.39053544751916075,0.39363081839965136,2019,exact_doy
AOI-0003,2019-08-23,235,озимая пшеница,0.1541977626863271,landsat,0.3842860370302235,0.3842860370302235,0.38989418164177714,0.3842475147650894,0.38989418164177714,0.38829807865381977,2019,exact_doy
AOI-0004,2019-04-23,113,озимая пшеница,0.6785134925676533,modis,0.5329845521166802,0.5329845521166802,0.5122668675284131,0.5573333488422354,0.6266425900238873,0.5391389032192587,2019,exact_doy
AOI-0004,2019-05-25,145,озимая пшеница,0.7975428026934316,modis,0.7661500842360343,0.7661500842360343,0.770181111145592,0.7638599484638421,0.770181111145592,0.7738171137349215,2019,exact_doy
AOI-0004,2019-06-30,181,озимая пшеница,0.5339735900922244,s2,0.4662270418423945,0.4662270418423945,0.4541713558537492,0.4896614784504429,0.4541713558537492,0.4769468168420701,2019,exact_doy
AOI-0004,2019-07-12,193,озимая пшеница,0.5197044594079532,modis,0.5056534415598213,0.5056534415598213,0.5095952945381974,0.4809287496204207,0.5095952945381974,0.500948279179869,2019,exact_doy
AOI-0004,2019-09-14,257,озимая пшеница,0.4367464108753651,modis,0.3771817853877779,0.3771817853877779,0.38692022311211866,0.34566518930617013,0.38692022311211866,0.3604874340453269,2019,exact_doy
AOI-0004,2019-09-23,266,озимая пшеница,0.3418787380377747,s2,0.3118051276889994,0.3118051276889994,0.31043472541157774,0.34834918842024226,0.31043472541157774,0.2934111823301116,2019,exact_doy
AOI-0007,2019-04-01,91,озимая пшеница,0.5099181770744069,s2,0.46452140713310686,0.46452140713310686,0.4585685714125169,0.5094196111983043,0.4585685714125169,0.44060905450713894,2019,exact_doy
AOI-0007,2019-06-26,177,озимая пшеница,0.2826332811101164,modis,0.3222761965677307,0.3222761965677307,0.3318942321681296,0.2811327282603618,0.3318942321681296,0.30501264505950343,2019,exact_doy
AOI-0007,2019-07-28,209,озимая пшеница,0.2948467099373322,modis,0.2477435043604999,0.2477435043604999,0.2628893448252717,0.21275325434181702,0.2628893448252717,0.26913903398641104,2019,exact_doy
AOI-0007,2019-08-13,225,озимая пшеница,0.3201401745747538,modis,0.29973163370024836,0.29973163370024836,0.32955309531509325,0.2813064554862929,0.32955309531509325,0.30070142211367656,2019,exact_doy
AOI-0007,2019-08-14,226,озимая пшеница,0.2553435416949679,s2,0.24272524836973383,0.24272524836973383,0.24130886125268958,0.2861611199590906,0.24130886125268958,0.2463433027394419,2019,exact_doy
AOI-0008,2019-05-19,139,озимая пшеница,0.7692984386972274,landsat,0.8325111120233862,0.8325111120233862,0.8346618153738783,0.8226007004310171,0.8346618153738783,0.8434311587743255,2019,exact_doy
AOI-0008,2019-07-17,198,озимая пшеница,0.106757405103178,s2,0.1471299411173085,0.1471299411173085,0.14544975783510367,0.1986555617715903,0.14544975783510367,0.13992710204191658,2019,exact_doy
AOI-0008,2019-08-13,225,озимая пшеница,0.3459212809917355,modis,0.3137303550019479,0.3137303550019479,0.34071708202992923,0.2969082296940037,0.34071708202992923,0.31583261725616785,2019,exact_doy
AOI-0008,2019-09-30,273,озимая пшеница,0.3700481404958678,modis,0.3075520895075605,0.3075520895075605,0.3371225490857239,0.2926031658144976,0.3371225490857239,0.31567931736513605,2019,exact_doy
AOI-0008,2019-10-16,289,озимая пшеница,0.3880512396694215,modis,0.33989069754946616,0.33989069754946616,0.35410398336195537,0.3136835455001792,0.35410398336195537,0.34872753753893176,2019,exact_doy
AOI-0011,2019-04-07,97,озимая пшеница,0.3382590709728869,modis,0.385847131209892,0.385847131209892,0.4215650588543928,0.2860598253472943,0.4215650588543928,0.39913210244375064,2019,exact_doy
AOI-0011,2019-04-23,113,озимая пшеница,0.253966242124564,s2,0.29289060877830486,0.29289060877830486,0.2584961829415882,0.33383707701858495,0.2584961829415882,0.2922437022977143,2019,exact_doy
AOI-0011,2019-04-28,118,озимая пшеница,0.2786232952324141,s2,0.2883953627362894,0.2883953627362894,0.2856811853056823,0.35715452431166755,0.2856811853056823,0.27804636099304575,2019,exact_doy
AOI-0011,2019-07-12,193,озимая пшеница,0.3138876594896333,modis,0.32816487042606945,0.32816487042606945,0.33630209180502174,0.2892969141502246,0.33630209180502174,0.3220990155120662,2019,exact_doy
AOI-0011,2019-08-06,218,озимая пшеница,0.3170344656770985,s2,0.34959006405381027,0.34959006405381027,0.34066684454281926,0.36878002866491366,0.34066684454281926,0.36170863867486375,2019,exact_doy
AOI-0011,2019-08-14,226,озимая пшеница,0.3801486586350469,s2,0.3263369579697294,0.3263369579697294,0.32541378349980793,0.3546476417139875,0.32541378349980793,0.3523885950232899,2019,exact_doy
AOI-0011,2019-08-19,231,озимая пшеница,0.2258932122279706,s2,0.25038689328882946,0.25038689328882946,0.24822166906546875,0.29080441212489566,0.24822166906546875,0.27889001726909446,2019,exact_doy
AOI-0011,2019-09-30,273,озимая пшеница,0.3405341706539076,modis,0.26704074368120045,0.26704074368120045,0.30517640716317634,0.2475769350110211,0.30517640716317634,0.26672884836960375,2019,exact_doy
AOI-0015,2019-05-27,147,озимая пшеница,0.7729414204308778,landsat,0.6580813628506019,0.6580813628506019,0.6577087037347512,0.6645407875253482,0.6577087037347512,0.6523820344554838,2019,exact_doy
AOI-0015,2019-06-07,158,озимая пшеница,0.7532304608734582,s2,0.6930739993998708,0.6930739993998708,0.6930456501797035,0.6934897879623239,0.6930456501797035,0.6992893350885601,2019,exact_doy
AOI-0015,2019-07-05,186,озимая пшеница,0.4604503486015336,s2,0.48129825361283685,0.48129825361283685,0.4802007845680752,0.5120273868661631,0.4802007845680752,0.4783501096031043,2019,exact_doy
AOI-0015,2019-10-13,286,озимая пшеница,0.2271962348417911,s2,0.23458624610516576,0.23458624610516576,0.233389805336441,0.27287235070435806,0.233389805336441,0.22839541209164393,2019,exact_doy
AOI-0015,2019-10-16,289,озимая пшеница,0.4111288959323824,modis,0.3142397302754372,0.3142397302754372,0.33183586372013135,0.2818699137683724,0.33183586372013135,0.3174269494631354,2019,exact_doy
AOI-0019,2019-04-28,118,подсолнечник,0.6363705094371298,s2,0.6211342362007564,0.6211342362007564,0.6199033241030348,0.6523173426763652,0.6199033241030348,0.626663923211638,2019,exact_doy
AOI-0019,2019-05-25,145,подсолнечник,0.8708714183509214,modis,0.8004335451090712,0.8004335451090712,0.7983556262792846,0.8095648079212241,0.7983556262792846,0.8043848892684999,2019,exact_doy
AOI-0019,2019-06-15,166,подсолнечник,0.6882963324492058,s2,0.617371651477127,0.617371651477127,0.6170774042894888,0.6275722206485864,0.6170774042894888,0.6168158224901429,2019,exact_doy
AOI-0019,2019-06-27,178,подсолнечник,0.3132262602770251,s2,0.36061144866263295,0.36061144866263295,0.3438623342150097,0.38453800146149003,0.3438623342150097,0.3553555040232081,2019,exact_doy
AOI-0019,2019-07-14,195,подсолнечник,0.3595298739971387,landsat,0.27441184821228193,0.27441184821228193,0.28627839962524737,0.28176767148054155,0.28627839962524737,0.26598165329567397,2019,exact_doy
AOI-0019,2019-08-14,226,подсолнечник,0.2371452129240989,s2,0.24993125219776435,0.24993125219776435,0.24864665402137673,0.2893255962736513,0.24864665402137673,0.2441506783690554,2019,exact_doy
AOI-0019,2019-08-31,243,подсолнечник,0.1750671595679622,s2,0.18055095209561614,0.18055095209561614,0.17891896130556542,0.22407070649696878,0.17891896130556542,0.18133602691777603,2019,exact_doy
AOI-0019,2019-09-15,258,подсолнечник,0.1445492781495866,s2,0.18114117485247272,0.18114117485247272,0.1649354073581266,0.21118905622599607,0.1649354073581266,0.17715470419514212,2019,exact_doy
AOI-0019,2019-09-23,266,подсолнечник,-0.0016985511856338,s2,0.15722386736676502,0.15722386736676502,0.15545540359788632,0.20438290120353034,0.15545540359788632,0.15670828168815215,2019,exact_doy
AOI-0020,2019-04-23,113,подсолнечник,0.5615888368221427,s2,0.5814542219639882,0.5814542219639882,0.5639059459048433,0.6015626366451737,0.5639059459048433,0.5786084739646937,2019,exact_doy
AOI-0020,2019-06-11,162,подсолнечник,0.6688567412051654,landsat,0.7414350995337851,0.7414350995337851,0.7423154805817466,0.7238274785745559,0.7423154805817466,0.745810981191409,2019,exact_doy
AOI-0020,2019-07-12,193,подсолнечник,0.2835871966232852,modis,0.3092691307530658,0.3092691307530658,0.3178247124214055,0.2682546222631252,0.3178247124214055,0.2966713593479801,2019,exact_doy
AOI-0020,2019-07-29,210,подсолнечник,0.3060854596434746,landsat,0.30458184757034695,0.30458184757034695,0.31300695063395967,0.3179569458849938,0.31300695063395967,0.28930657509294677,2019,exact_doy
AOI-0020,2019-07-30,211,подсолнечник,0.2519327888437636,s2,0.29335959142842166,0.29335959142842166,0.2870392839336039,0.321295036644387,0.2870392839336039,0.27326474756615204,2019,exact_doy
AOI-0020,2019-08-19,231,подсолнечник,0.3390069640758912,s2,0.31196449889790984,0.31196449889790984,0.3103194205598538,0.342672627874955,0.3103194205598538,0.3228544230835947,2019,exact_doy
AOI-0020,2019-10-13,286,подсолнечник,0.2952267363954875,s2,0.28298215375348174,0.28298215375348174,0.28171280246327474,0.3236013950401052,0.28171280246327474,0.2639719241122841,2019,exact_doy
AOI-0021,2019-04-28,118,подсолнечник,0.1937684349743581,s2,0.2261281189137618,0.2261281189137618,0.22314101588272928,0.30180139569991854,0.22314101588272928,0.21933703240230534,2019,exact_doy
AOI-0021,2019-05-27,147,подсолнечник,0.3641881846789064,landsat,0.3726482010114684,0.3726482010114684,0.370501580748899,0.40985628556267134,0.370501580748899,0.3517097644491284,2019,exact_doy
AOI-0021,2019-07-06,187,подсолнечник,0.6313025393435276,landsat,0.6517290217851525,0.6517290217851525,0.6522164276007559,0.6406811566314722,0.6522164276007559,0.6415375657647948,2019,exact_doy
AOI-0021,2019-07-29,210,подсолнечник,0.7259257374894944,landsat,0.6668710144095356,0.6668710144095356,0.6619652444238735,0.6422459553897819,0.6619652444238735,0.6847655010590812,2019,exact_doy
AOI-0021,2019-08-07,219,подсолнечник,0.7313721514390751,landsat,0.7163899467444682,0.7163899467444682,0.7159950378512617,0.678803475825676,0.7159950378512617,0.727233201343333,2019,exact_doy
AOI-0021,2019-08-22,234,подсолнечник,0.491215135260709,landsat,0.4117494426639138,0.4117494426639138,0.41529845441764135,0.4046952335950135,0.41529845441764135,0.4177034293146807,2019,exact_doy
AOI-0021,2019-08-30,242,подсолнечник,0.2976519096953107,landsat,0.30779549570360665,0.30779549570360665,0.3073980330796322,0.3152147980177958,0.3073980330796322,0.2918331609215338,2019,exact_doy
AOI-0021,2019-09-15,258,подсолнечник,0.2066549060317666,s2,0.2464605816374962,0.2464605816374962,0.23217039183765198,0.27402846880917453,0.23217039183765198,0.24845836955078948,2019,exact_doy
AOI-0022,2019-04-01,91,подсолнечник,0.3026640997244398,s2,0.3066541357701099,0.3066541357701099,0.2976904302657892,0.36636227311235253,0.2976904302657892,0.36601648664758524,2019,exact_doy
AOI-0022,2019-05-06,126,подсолнечник,0.7053973053808318,s2,0.7439728312116887,0.7439728312116887,0.7433285730218799,0.7628710714460752,0.7433285730218799,0.7526889537067232,2019,exact_doy
AOI-0022,2019-05-25,145,подсолнечник,0.8513893283327654,modis,0.8135098021583596,0.8135098021583596,0.8099609729201797,0.8261069516973775,0.8099609729201797,0.8101435063053203,2019,exact_doy
AOI-0022,2019-05-28,148,подсолнечник,0.8488924524552622,s2,0.8213448207976317,0.8213448207976317,0.8212918576547135,0.8228984063232327,0.8212918576547135,0.8312871979614671,2019,exact_doy
AOI-0022,2019-07-17,198,подсолнечник,0.1554515849333774,s2,0.18193801012063693,0.18193801012063693,0.18022384901068186,0.23450561749259227,0.18022384901068186,0.1731343771423235,2019,exact_doy
AOI-0022,2019-08-31,243,подсолнечник,0.1414208655955029,s2,0.13609994837647604,0.13609994837647604,0.13433892360672425,0.1830606089031903,0.13433892360672425,0.13705978840205144,2019,exact_doy
AOI-0022,2019-09-23,266,подсолнечник,0.0566362368828417,s2,0.17056706507972452,0.17056706507972452,0.1688623227799103,0.21602685974143684,0.1688623227799103,0.16574602174869932,2019,exact_doy
AOI-0022,2019-09-30,273,подсолнечник,0.0410535978879227,s2,0.2559728284479478,0.2559728284479478,0.2964457002122196,0.23529175206589795,0.1903569261818481,0.2684729109532206,2019,exact_doy
AOI-0023,2019-06-27,178,подсолнечник,0.1943091391890072,s2,0.2573784165690183,0.2573784165690183,0.23705126268580137,0.28997110081018235,0.23705126268580137,0.24626476717686885,2019,exact_doy
AOI-0023,2019-07-05,186,подсолнечник,0.1874288847491599,s2,0.17870014394935588,0.17870014394935588,0.17683473311315662,0.23093164736293517,0.17683473311315662,0.1820849187947006,2019,exact_doy
AOI-0023,2019-07-14,195,подсолнечник,0.253412988156075,landsat,0.21171178511135325,0.21171178511135325,0.22371456434896209,0.22179076334831582,0.22371456434896209,0.2031640573039661,2019,exact_doy
AOI-0023,2019-08-14,226,подсолнечник,0.1513333151735208,s2,0.16356509696811938,0.16356509696811938,0.1618809210656088,0.21521315797844345,0.1618809210656088,0.1531759876187571,2019,exact_doy
AOI-0023,2019-08-22,234,подсолнечник,0.2142344542389068,landsat,0.18600131507055523,0.18600131507055523,0.191498253701573,0.20151687874552585,0.191498253701573,0.19102994401951956,2019,exact_doy
AOI-0023,2019-08-30,242,подсолнечник,0.1940353323960467,landsat,0.1936651225537468,0.1936651225537468,0.19330910715105581,0.20031074340397828,0.19330910715105581,0.19049735154845104,2019,exact_doy
AOI-0023,2019-09-23,266,подсолнечник,0.1037876427743138,s2,0.14238215604062016,0.14238215604062016,0.14056231105786837,0.19091135558066766,0.14056231105786837,0.13568575305959377,2019,exact_doy
AOI-0023,2019-10-17,290,подсолнечник,0.48753518334857,landsat,0.4173101888507809,0.4173101888507809,0.4256498092799451,0.42943394835308024,0.4256498092799451,0.3832607718994151,2019,exact_doy
AOI-0026,2019-04-07,97,озимая пшеница,0.6619881601202784,modis,0.49409058642650017,0.49409058642650017,0.5212798301137423,0.4181405533376649,0.5212798301137423,0.5756838463624234,2019,exact_doy
AOI-0026,2019-05-09,129,озимая пшеница,0.8179629580905844,modis,0.7460521223481407,0.7460521223481407,0.7466585648950458,0.7177514701592299,0.7466585648950458,0.7942547294742444,2019,exact_doy
AOI-0026,2019-07-12,193,озимая пшеница,0.2481466453674122,modis,0.26819816933811036,0.26819816933811036,0.2771265357065979,0.22560802711889005,0.2771265357065979,0.25215805407839265,2019,exact_doy
AOI-0026,2019-08-19,231,озимая пшеница,0.134941405808648,s2,0.15596564591028192,0.15596564591028192,0.15308454916273123,0.20974611853122796,0.15308454916273123,0.16424575944616124,2019,exact_doy
AOI-0026,2019-09-23,266,озимая пшеница,0.099913468019304,s2,0.12966861404811617,0.12966861404811617,0.12786610552177086,0.17773550808399122,0.12786610552177086,0.12823024626563836,2019,exact_doy
AOI-0026,2019-09-30,273,озимая пшеница,0.2655730877654577,modis,0.20341676327420563,0.20341676327420563,0.25008526855985114,0.17952761565453676,0.25008526855985114,0.21724051261597088,2019,exact_doy
AOI-0027,2019-06-27,178,озимая пшеница,0.7150158561266042,landsat,0.6346751320536886,0.6346751320536886,0.6306637998416285,0.6330485940255025,0.6428197868299227,0.6561105484976094,2019,exact_doy
AOI-0027,2019-07-05,186,озимая пшеница,0.693716494691359,s2,0.5875805567019958,0.5875805567019958,0.5869715885790493,0.6046316641444983,0.5869715885790493,0.563955614000184,2019,exact_doy
AOI-0027,2019-07-12,193,озимая пшеница,0.4653957489878543,modis,0.5916047551743522,0.5916047551743522,0.5923571692210654,0.5784966092107376,0.5923571692210654,0.5812248584186823,2019,exact_doy
AOI-0027,2019-07-29,210,озимая пшеница,0.5177432698773123,landsat,0.5332074554311652,0.5332074554311652,0.5339248760537704,0.529513099783741,0.5339248760537704,0.5407525773889374,2019,exact_doy
AOI-0027,2019-08-19,231,озимая пшеница,0.483208073957492,s2,0.4664699486666434,0.4664699486666434,0.4660148200648069,0.4749656825675908,0.4660148200648069,0.481068293974053,2019,exact_doy
AOI-0027,2019-08-30,242,озимая пшеница,0.3724090090132311,landsat,0.38888244889494267,0.38888244889494267,0.38849791929505617,0.39606033475948976,0.38849791929505617,0.382838990504415,2019,exact_doy
AOI-0027,2019-10-16,289,озимая пшеница,0.399048987854251,modis,0.30541404578952186,0.30541404578952186,0.3248271182744065,0.2696447861830989,0.3248271182744065,0.2964055698302898,2019,exact_doy
AOI-0030,2019-04-21,111,озимая пшеница,0.4435054307812122,s2,0.4246826994449874,0.4246826994449874,0.42315929575164024,0.4795252324054851,0.42315929575164024,0.38054214987160273,2019,exact_doy
AOI-0030,2019-06-10,161,озимая пшеница,0.8508944013371633,s2,0.7671672945525322,0.7671672945525322,0.774447501107194,0.7660280830413914,0.774447501107194,0.7658637263098329,2019,exact_doy
AOI-0033,2019-04-28,118,пастбища/зерновые,0.218487996791315,s2,0.23854230431878104,0.23854230431878104,0.23579718268228908,0.308085385776577,0.23579718268228908,0.2397244144675441,2019,exact_doy
AOI-0033,2019-05-20,140,пастбища/зерновые,0.1325213769935487,s2,0.20572693329051922,0.20572693329051922,0.227456758813465,0.28419292436144866,0.14989405965121053,0.21716576065147875,2019,exact_doy
AOI-0033,2019-06-10,161,пастбища/зерновые,0.2431681398737251,modis,0.1774875622013047,0.1774875622013047,0.14781941894815753,0.22559536686597367,0.2825291152132082,0.17665626007713267,2019,exact_doy
AOI-0033,2019-06-22,173,пастбища/зерновые,0.1333440996216938,s2,0.14576321184368407,0.14576321184368407,0.14246908262745453,0.21164579616827472,0.14246908262745453,0.140094583604692,2019,exact_doy
AOI-0035,2019-05-20,140,пастбища/зерновые,0.9313619551436286,s2,0.843441100950296,0.843441100950296,0.8497421990190235,0.8328612156895067,0.8355842421509478,0.8554636205388318,2019,exact_doy
AOI-0035,2019-06-10,161,пастбища/зерновые,0.3115341448382127,modis,0.37427453619973305,0.37427453619973305,0.3581068367716858,0.40459663690999453,0.4310771947135234,0.3512818620904968,2019,exact_doy
AOI-0035,2019-08-31,243,пастбища/зерновые,0.1959110160330841,s2,0.18734352422977577,0.18734352422977577,0.185798150866102,0.22855348059440916,0.185798150866102,0.1914104766332226,2019,exact_doy
AOI-0035,2019-10-02,275,пастбища/зерновые,0.1280556776581671,s2,0.21983114958243055,0.21983114958243055,0.22572268798565276,0.24070759388520616,0.1938235472635768,0.20695332911247052,2019,exact_doy
AOI-0037,2019-04-07,97,зерновые,0.4994837522441652,modis,0.41817881804850715,0.41817881804850715,0.45137385036099764,0.3252808189616879,0.45137385036099764,0.5235820334324739,2019,exact_doy
AOI-0037,2019-06-30,181,зерновые,0.2976645468858035,landsat,0.25069156348519966,0.25069156348519966,0.23667415338172287,0.2832433845040702,0.2878610206427994,0.2540986726749292,2019,exact_doy
AOI-0037,2019-07-23,204,зерновые,0.3164480599110276,landsat,0.29451420655061705,0.29451420655061705,0.3095332203408059,0.3050354970359304,0.3095332203408059,0.2726485098057415,2019,exact_doy
AOI-0037,2019-08-09,221,зерновые,0.3919871982312063,landsat,0.380547877537299,0.380547877537299,0.3754146827791153,0.3941321206563034,0.40417621486036676,0.384972550745206,2019,exact_doy
AOI-0037,2019-08-16,228,зерновые,0.3592600460964179,landsat,0.35356741406142583,0.35356741406142583,0.34972422664725566,0.37315946756717205,0.3811484354879883,0.3637479246967819,2019,exact_doy
AOI-0037,2019-09-12,255,зерновые,0.2260469527232014,s2,0.23356522189535575,0.23356522189535575,0.22727095596443356,0.2671346401936075,0.22727095596443356,0.23776099503811593,2019,exact_doy
AOI-0037,2019-09-30,273,зерновые,0.2622974361728017,s2,0.31841736320730807,0.31841736320730807,0.3477397159934199,0.30371406660352435,0.2699864745770049,0.3252856111737732,2019,exact_doy
AOI-0038,2019-04-07,97,зерновые,0.4594056593253415,modis,0.44277614799371634,0.44277614799371634,0.47394817558882135,0.35553141291100965,0.47394817558882135,0.5051407069294954,2019,exact_doy
AOI-0038,2019-04-25,115,зерновые,0.4544767433420699,s2,0.4813882277779432,0.4813882277779432,0.4852335146950386,0.5109027693750456,0.4615798988699963,0.4874178227084397,2019,exact_doy
AOI-0038,2019-06-14,165,зерновые,0.1839786242789686,s2,0.1864356375529486,0.1864356375529486,0.1779220314328312,0.24319301168706464,0.1779220314328312,0.18522413308214403,2019,exact_doy
AOI-0038,2019-07-15,196,зерновые,0.1702178572326434,landsat,0.19237233979682686,0.19237233979682686,0.21033576002834808,0.20712043973268657,0.21033576002834808,0.1789184755855469,2019,exact_doy
AOI-0038,2019-09-02,245,зерновые,0.2843982753351929,s2,0.2647556710493126,0.2647556710493126,0.25996150287094055,0.2967167922384591,0.25996150287094055,0.26348414581798124,2019,exact_doy
AOI-0038,2019-10-16,289,зерновые,0.4691117368274325,modis,0.4076222281783555,0.4076222281783555,0.41450435170732464,0.39470410096013525,0.41450435170732464,0.40675955636205363,2019,exact_doy
AOI-0040,2019-07-08,189,зерновые,0.17646706531248,landsat,0.20346656921860207,0.20346656921860207,0.22207285396958604,0.21927162955562532,0.22207285396958604,0.20331643172107836,2019,exact_doy
AOI-0040,2019-09-12,255,зерновые,0.2263075840207138,s2,0.22496645853471536,0.22496645853471536,0.21862371309939663,0.2587944341897485,0.21862371309939663,0.23078890363620147,2019,exact_doy
AOI-0040,2019-09-30,273,зерновые,0.2176700269140267,s2,0.2934888686408187,0.2934888686408187,0.3275911893806182,0.2762828403107154,0.23750054153867395,0.28788346966096473,2019,exact_doy
AOI-0040,2019-10-02,275,зерновые,0.2269912383875581,s2,0.2602736238648792,0.2602736238648792,0.26523061369653306,0.27766744468213755,0.2384235705929413,0.25333789579247645,2019,exact_doy
AOI-0041,2019-04-23,113,зерновые,0.4809626986715942,s2,0.4999921101032366,0.4999921101032366,0.47816726052312036,0.5254953844386513,0.47816726052312036,0.5124605540634052,2019,exact_doy
AOI-0041,2019-05-20,140,зерновые,0.6339954904359074,s2,0.6160682182316651,0.6160682182316651,0.6278764255301764,0.6366545649571254,0.5912412860527811,0.6179424338305685,2019,exact_doy
AOI-0041,2019-06-22,173,зерновые,0.3746414300807173,s2,0.3463098103061548,0.3463098103061548,0.34433328240184824,0.3858403683922869,0.34433328240184824,0.37048008398049453,2019,exact_doy
AOI-0041,2019-06-27,178,зерновые,0.324708557399058,s2,0.31355043408464106,0.31355043408464106,0.2974612629881012,0.33814568451782323,0.2974612629881012,0.33170575591736695,2019,exact_doy
AOI-0041,2019-07-23,204,зерновые,0.4024308224820612,landsat,0.3617057679581693,0.3617057679581693,0.37706969751774794,0.36942694415386246,0.37706969751774794,0.34401018720176696,2019,exact_doy
AOI-0041,2019-09-30,273,зерновые,0.3208496293314831,s2,0.37263495558442755,0.37263495558442755,0.3923510910990433,0.36303666754919955,0.3391520582742154,0.3788287019662717,2019,exact_doy
AOI-0043,2019-05-31,151,зерновые,0.2043836838205105,s2,0.2071580685415345,0.2071580685415345,0.20542778026594335,0.2694484464628162,0.20542778026594335,0.21520860648002804,2019,exact_doy
AOI-0043,2019-06-15,166,зерновые,0.192033646627857,s2,0.1855705968727933,0.1855705968727933,0.1836890670794769,0.25079696304109506,0.1836890670794769,0.1810840122035772,2019,exact_doy
AOI-0043,2019-06-25,176,зерновые,0.1499308213435482,s2,0.1732491163307536,0.1732491163307536,0.17164321457975867,0.22892037703191118,0.17164321457975867,0.16319421736564133,2019,exact_doy
AOI-0043,2019-07-07,188,зерновые,0.1741093322638246,s2,0.16844343032208972,0.16844343032208972,0.16657390862584479,0.22079003781694775,0.16657390862584479,0.17046668802486262,2019,exact_doy
AOI-0043,2019-10-13,286,зерновые,0.3881465970854308,s2,0.37459576154897234,0.37459576154897234,0.37343210562042545,0.41183275126247104,0.37343210562042545,0.34602923633324406,2019,exact_doy
AOI-0043,2019-10-15,288,зерновые,0.4185854166022403,s2,0.40324638452141454,0.40324638452141454,0.4017436280755751,0.4433198897437988,0.4017436280755751,0.38170752565820676,2019,exact_doy
AOI-0045,2019-04-26,116,зерновые,0.1869583037617741,landsat,0.2163300653795357,0.2163300653795357,0.20635572241487143,0.2834133035016451,0.2372321142285046,0.2169920997165653,2019,exact_doy
AOI-0045,2019-06-27,178,зерновые,0.1472725525453537,s2,0.1660514414910171,0.1660514414910171,0.14497382868004102,0.2059599079487262,0.14497382868004102,0.16732348896223292,2019,exact_doy
AOI-0045,2019-07-31,212,зерновые,0.1895989558521099,landsat,0.22122141250614852,0.22122141250614852,0.2207118984050566,0.2286942859888299,0.2207118984050566,0.2178249302651788,2019,exact_doy
AOI-0045,2019-08-13,225,зерновые,0.327380345768881,modis,0.2419005395816199,0.2419005395816199,0.28285330971226164,0.2171014068485757,0.28285330971226164,0.24033542409330166,2019,exact_doy
AOI-0045,2019-08-15,227,зерновые,0.2207956626239985,landsat,0.20549876953848853,0.20549876953848853,0.2051311074942507,0.21432265860019598,0.2051311074942507,0.20725860312110128,2019,exact_doy
AOI-0045,2019-08-16,228,зерновые,0.1539181274358113,s2,0.163407841769388,0.163407841769388,0.1562290065874224,0.21381721264253373,0.1562290065874224,0.16741785677840457,2019,exact_doy
AOI-0045,2019-09-30,273,зерновые,0.296829517743403,modis,0.2646005401990651,0.2646005401990651,0.3034202154269739,0.2447066200101001,0.3034202154269739,0.2609147328665079,2019,exact_doy
AOI-0045,2019-10-15,288,зерновые,0.2280834337326083,s2,0.2898145306765117,0.2898145306765117,0.2880521198925603,0.3368121515818822,0.2880521198925603,0.2502490997632028,2019,exact_doy
AOI-0048,2019-04-07,97,зерновые,0.4942191256090959,modis,0.4272353733306906,0.4272353733306906,0.4543249623288716,0.35348394303642405,0.4543249623288716,0.4865538318821568,2019,exact_doy
AOI-0048,2019-05-09,129,зерновые,0.7954027612344341,modis,0.7368989869575965,0.7368989869575965,0.7374272680877346,0.7122458675511462,0.7374272680877346,0.7758967667338021,2019,exact_doy
AOI-0048,2019-09-17,260,зерновые,0.2595341508403641,landsat,0.2457773160180788,0.2457773160180788,0.22890425103989182,0.2691506481903108,0.26251899416606844,0.24128659227830654,2019,exact_doy
AOI-0050,2019-05-25,145,озимая пшеница,0.8470981132075472,modis,0.7728190819335368,0.7728190819335368,0.776107109474257,0.7713102304532935,0.776107109474257,0.7917015183703489,2019,exact_doy
AOI-0050,2019-06-27,178,озимая пшеница,0.7382628434728762,landsat,0.712945995837557,0.712945995837557,0.7062538913793647,0.707233466755861,0.7267586444350689,0.7078532792028845,2019,exact_doy
AOI-0050,2019-08-09,221,озимая пшеница,0.5769232710834571,s2,0.6207549631696498,0.6207549631696498,0.6154515768544385,0.6221364223463447,0.6154515768544385,0.621998473517401,2019,exact_doy
AOI-0050,2019-08-13,225,озимая пшеница,0.5376066926289417,landsat,0.5484936896390715,0.5484936896390715,0.5390729949062834,0.5523901338735248,0.5731990407041956,0.5351083067137572,2019,exact_doy
AOI-0050,2019-09-07,250,озимая пшеница,0.4763262770194513,landsat,0.3726878831182513,0.3726878831182513,0.372101466566133,0.37894299300751316,0.372101466566133,0.3606489547062502,2019,exact_doy
AOI-0050,2019-09-30,273,озимая пшеница,0.5301981132075472,modis,0.37448270157935887,0.37448270157935887,0.39770667559049816,0.36351977650724526,0.39770667559049816,0.3713270115847285,2019,exact_doy
AOI-0050,2019-10-17,290,озимая пшеница,0.3297646235449814,landsat,0.3475224611772819,0.3475224611772819,0.3520830535010718,0.3573010837729185,0.3520830535010718,0.3563763750697343,2019,exact_doy
AOI-0050,2019-10-28,301,озимая пшеница,0.2301302945709165,s2,0.35237429613837634,0.35237429613837634,0.34238166201713494,0.38885124475868654,0.34238166201713494,0.32858957293537966,2019,exact_doy
AOI-0052,2019-06-11,162,озимая пшеница,0.4577568739805033,landsat,0.5591525313409597,0.5591525313409597,0.5599399165278461,0.543404827603229,0.5599399165278461,0.5572734990093356,2019,exact_doy
AOI-0052,2019-07-05,186,озимая пшеница,0.1621346700882218,s2,0.21458551616427404,0.21458551616427404,0.21268512175043658,0.26779655975172273,0.21268512175043658,0.19951230044228327,2019,exact_doy
AOI-0052,2019-08-22,234,озимая пшеница,0.2119545594761346,landsat,0.17107332524642246,0.17107332524642246,0.17672081164578018,0.18849096942096874,0.17672081164578018,0.17167194977740766,2019,exact_doy
AOI-0052,2019-09-14,257,озимая пшеница,0.2035666603167425,landsat,0.2094112631032435,0.2094112631032435,0.22341217393282628,0.16258542482407465,0.15459387929328092,0.2045289435127535,2019,exact_doy
AOI-0052,2019-10-17,290,озимая пшеница,0.1615054370489272,landsat,0.19183887819053835,0.19183887819053835,0.19686984508011696,0.21483957605379378,0.19686984508011696,0.1999267675611886,2019,exact_doy
AOI-0053,2019-04-11,101,озимая пшеница,0.220253495469372,s2,0.3585659615028731,0.3585659615028731,0.35461033378462453,0.41658183470385274,0.35461033378462453,0.3652851234023318,2019,exact_doy
AOI-0053,2019-04-23,113,озимая пшеница,0.4467386725454351,landsat,0.44686616597009093,0.44686616597009093,0.4215174844767065,0.4766906698647186,0.44685543188484617,0.4488134691308621,2019,exact_doy
AOI-0053,2019-06-26,177,озимая пшеница,0.5256924905903824,landsat,0.5232485904009654,0.5232485904009654,0.5233106194753684,0.5088184398672172,0.5244153297902955,0.5258051075619529,2019,exact_doy
AOI-0053,2019-07-28,209,озимая пшеница,0.28730901776666,landsat,0.45376652359966696,0.45376652359966696,0.46316021765293197,0.43186374531022276,0.4384245450682637,0.43395890264104126,2019,exact_doy
AOI-0053,2019-08-09,221,озимая пшеница,0.3813300656149076,s2,0.3281371653717639,0.3281371653717639,0.32115744926935613,0.35564068320266135,0.32115744926935613,0.3370751911887582,2019,exact_doy
AOI-0053,2019-08-29,241,озимая пшеница,0.2748751422471496,s2,0.2592668327596291,0.2592668327596291,0.23414371454149277,0.27503873999443695,0.23414371454149277,0.2352416032525701,2019,exact_doy
AOI-0053,2019-09-07,250,озимая пшеница,0.2938784998493814,landsat,0.21457976154996372,0.21457976154996372,0.21397918507074384,0.22098591066164228,0.21397918507074384,0.2122483175614149,2019,exact_doy
AOI-0053,2019-09-14,257,озимая пшеница,0.2233232163879178,landsat,0.23540978489330178,0.23540978489330178,0.24884397591213078,0.18982199815001088,0.18289343048795412,0.21154284313082022,2019,exact_doy
AOI-0053,2019-09-15,258,озимая пшеница,0.1597912061469655,landsat,0.14700302838746818,0.14700302838746818,0.12813942706985396,0.18148184429001354,0.17459887930296,0.1348778516937025,2019,exact_doy
AOI-0053,2019-10-28,301,озимая пшеница,0.2064834522985892,s2,0.270808623569841,0.270808623569841,0.2599841547368695,0.31418853574397143,0.2599841547368695,0.30951319595566534,2019,exact_doy
AOI-0055,2019-05-09,129,озимая пшеница,0.5561,modis,0.6126437893143051,0.6126437893143051,0.6148760672245526,0.5084708201694211,0.6148760672245526,0.6239413932060088,2019,exact_doy
AOI-0055,2019-07-05,186,озимая пшеница,0.5200067499861573,s2,0.5251728344972931,0.5251728344972931,0.5243595211746753,0.5479456075305912,0.5243595211746753,0.5198507704669156,2019,exact_doy
AOI-0055,2019-09-14,257,озимая пшеница,0.4570320432497256,landsat,0.3893007074890995,0.3893007074890995,0.3986265596191954,0.3594473446799013,0.352620351943167,0.32879574379108534,2019,exact_doy
AOI-0056,2019-04-23,113,озимая пшеница,0.7776959123588659,landsat,0.7304150461009257,0.7304150461009257,0.7196867781607927,0.7414473977347896,0.7371688913576672,0.7322903705855734,2019,exact_doy
AOI-0056,2019-06-10,161,озимая пшеница,0.5954827574982638,s2,0.5792030284241418,0.5792030284241418,0.5744945734961462,0.5931752625422161,0.5744945734961462,0.5683148504897279,2019,exact_doy
AOI-0056,2019-06-19,170,озимая пшеница,0.4474637280373378,landsat,0.43738216552615244,0.43738216552615244,0.4518177203279826,0.43837591456543784,0.4518177203279826,0.4486493110602001,2019,exact_doy
AOI-0056,2019-08-09,221,озимая пшеница,0.3732150781606411,s2,0.346297446928869,0.346297446928869,0.3392015397148494,0.37340306126609385,0.3392015397148494,0.3526973118510608,2019,exact_doy
AOI-0056,2019-10-16,289,озимая пшеница,0.2457823946036853,landsat,0.2860257261334639,0.2860257261334639,0.30598418695843416,0.24957248204929425,0.23421299155663272,0.3003052801830849,2019,exact_doy
AOI-0060,2019-07-05,186,озимая пшеница,0.6972426606700086,s2,0.5660191834156636,0.5660191834156636,0.5652391962688771,0.5878588235256852,0.5652391962688771,0.5697920943766132,2019,exact_doy
AOI-0060,2019-08-05,217,озимая пшеница,0.6667263000977222,landsat,0.6844925254826161,0.6844925254826161,0.6877865710082846,0.6581401612772672,0.6877865710082846,0.6849353145395122,2019,exact_doy
AOI-0060,2019-08-29,241,озимая пшеница,0.3458386119119396,s2,0.3846671387586711,0.3846671387586711,0.3650804593105226,0.397072622572211,0.3650804593105226,0.3664460928469611,2019,exact_doy
AOI-0060,2019-08-30,242,озимая пшеница,0.3540702850541848,landsat,0.3805981591372446,0.3805981591372446,0.3802899761333358,0.3863509085435413,0.3802899761333358,0.3674107547277898,2019,exact_doy
AOI-0063,2019-04-23,113,озимая пшеница,0.811099947612554,s2,0.7841624102998483,0.7841624102998483,0.7788845243810602,0.7892647528190432,0.7788845243810602,0.7979595562436274,2019,exact_doy
AOI-0063,2019-05-06,126,озимая пшеница,0.8516336988333684,s2,0.6885802386050961,0.6885802386050961,0.6874916137242676,0.7205132351093951,0.6874916137242676,0.6841736241216436,2019,exact_doy
AOI-0063,2019-05-25,145,озимая пшеница,0.8309650704676489,modis,0.7878734419041407,0.7878734419041407,0.7872802624788029,0.7926906478321429,0.7872802624788029,0.8093318065286601,2019,exact_doy
AOI-0063,2019-06-05,156,озимая пшеница,0.8114483037573337,s2,0.7946705840455912,0.7946705840455912,0.7934901708462745,0.7793759034158437,0.7934901708462745,0.8032720842880408,2019,exact_doy
AOI-0063,2019-06-25,176,озимая пшеница,0.3502363298729335,s2,0.3892233794802654,0.3892233794802654,0.3882554554971378,0.4227780775620234,0.3882554554971378,0.36613353235769514,2019,exact_doy
AOI-0063,2019-06-28,179,озимая пшеница,0.3606900527804859,landsat,0.3930283544369441,0.3930283544369441,0.3987719339276899,0.3870051159718857,0.3987719339276899,0.3924359818448402,2019,exact_doy
AOI-0063,2019-07-06,187,озимая пшеница,0.4412765762834908,landsat,0.34173538751846677,0.34173538751846677,0.3419990991111892,0.3357579247500908,0.3419990991111892,0.3252149114865312,2019,exact_doy
AOI-0063,2019-07-07,188,озимая пшеница,0.2238692059260044,s2,0.2876403912303837,0.2876403912303837,0.28610256874366335,0.3306994208585529,0.28610256874366335,0.272185438152358,2019,exact_doy
AOI-0063,2019-07-22,203,озимая пшеница,0.1915363390182561,s2,0.2507345611211169,0.2507345611211169,0.24315828855730953,0.2931637629997455,0.24315828855730953,0.25268106631210063,2019,exact_doy
AOI-0063,2019-08-23,235,озимая пшеница,0.203229612247812,landsat,0.22942535919006318,0.22942535919006318,0.23866962115323198,0.24432685318767625,0.23866962115323198,0.23517405270901692,2019,exact_doy
AOI-0063,2019-09-13,256,озимая пшеница,0.204425060326036,s2,0.19444143333354752,0.19444143333354752,0.19321214254959465,0.23705684717724784,0.19321214254959465,0.1923534355407206,2019,exact_doy
AOI-0063,2019-09-14,257,озимая пшеница,0.2907843850096092,modis,0.2772644504236585,0.2772644504236585,0.28929731027550143,0.23778432114520862,0.28929731027550143,0.2688841640478511,2019,exact_doy
AOI-0064,2019-04-23,113,озимая пшеница,0.7999098063896801,s2,0.7697533106745043,0.7697533106745043,0.7637599279499541,0.7757771739740775,0.7637599279499541,0.7762084669519276,2019,exact_doy
AOI-0064,2019-06-05,156,озимая пшеница,0.7948552718940686,s2,0.8060044998329357,0.8060044998329357,0.8049251085866113,0.7897234159670815,0.8049251085866113,0.8097229218468343,2019,exact_doy
AOI-0064,2019-06-26,177,озимая пшеница,0.3716334799916196,modis,0.3519137191540037,0.3519137191540037,0.3587120192951992,0.31610498575426926,0.3587120192951992,0.292631920491887,2019,exact_doy
AOI-0064,2019-06-27,178,озимая пшеница,0.2277882362234743,s2,0.2544606308571989,0.2544606308571989,0.22521015099964006,0.2910599221836604,0.22521015099964006,0.24767012704878424,2019,exact_doy
AOI-0064,2019-06-28,179,озимая пшеница,0.3131371344580426,landsat,0.28403944471649856,0.28403944471649856,0.2936189252147146,0.27470804007764454,0.2936189252147146,0.2775592316240239,2019,exact_doy
AOI-0064,2019-08-19,231,озимая пшеница,0.1476809072997009,s2,0.16730882458005075,0.16730882458005075,0.16442508179596846,0.22113868988291965,0.16442508179596846,0.17894202648081659,2019,exact_doy
AOI-0064,2019-08-31,243,озимая пшеница,0.1545388391259776,s2,0.15506205849760069,0.15506205849760069,0.15329107159993227,0.20228837576875858,0.15329107159993227,0.15633342295355523,2019,exact_doy
AOI-0064,2019-09-13,256,озимая пшеница,0.1651999563622362,s2,0.15721103582083576,0.15721103582083576,0.1559108356060581,0.20228464326646145,0.1559108356060581,0.15113140521902133,2019,exact_doy
AOI-0064,2019-10-13,286,озимая пшеница,0.3844633544492024,s2,0.34990115316731896,0.34990115316731896,0.34893232542901176,0.38090364079314876,0.34893232542901176,0.3530897432518053,2019,exact_doy
AOI-0065,2019-06-05,156,озимая пшеница,0.7024577295515864,s2,0.7155871616286053,0.7155871616286053,0.7126454448559142,0.7063576032528752,0.7126454448559142,0.7169457614222476,2019,exact_doy
AOI-0065,2019-06-26,177,озимая пшеница,0.5312539642405634,modis,0.5789234418152541,0.5789234418152541,0.5744467811831387,0.5743850926418516,0.5744467811831387,0.531839449559983,2019,exact_doy
AOI-0065,2019-08-07,219,озимая пшеница,0.5930023504998508,landsat,0.5671053175057804,0.5671053175057804,0.568909547795909,0.5454949503589018,0.568909547795909,0.5787968776350748,2019,exact_doy
AOI-0065,2019-09-14,257,озимая пшеница,0.2997219252302691,modis,0.3249780812446096,0.3249780812446096,0.3355880221256936,0.2909139059977803,0.3355880221256936,0.28987904731780606,2019,exact_doy
AOI-0065,2019-09-30,273,озимая пшеница,0.143000203026625,s2,0.2883528407524616,0.2883528407524616,0.3224165673683746,0.2709873888268162,0.23299810726373862,0.28509427838413226,2019,exact_doy
AOI-0069,2019-04-23,113,зерновые,0.1590057716596336,s2,0.19758029145023484,0.19758029145023484,0.16160690209828732,0.24144872470842124,0.16160690209828732,0.18954449341425855,2019,exact_doy
AOI-0069,2019-05-25,145,зерновые,0.4514569338850929,modis,0.4548651713034816,0.4548651713034816,0.5036601251037557,0.3674788452899487,0.5036601251037557,0.5004522854741352,2019,exact_doy
AOI-0069,2019-05-28,148,зерновые,0.279605838381985,s2,0.3171516589988415,0.3171516589988415,0.3141427710122618,0.40541237327184537,0.3141427710122618,0.31187119689335796,2019,exact_doy
AOI-0069,2019-06-10,161,зерновые,0.4604660667885671,modis,0.5017600717301915,0.5017600717301915,0.49180869674641725,0.5210653431181014,0.5366538997355057,0.5184662481054436,2019,exact_doy
AOI-0069,2019-06-26,177,зерновые,0.3709626503705129,modis,0.4467909747649945,0.4467909747649945,0.4513942718390933,0.4212190869846249,0.4513942718390933,0.41398184906992425,2019,exact_doy
AOI-0069,2019-07-06,187,зерновые,0.2635114769941649,landsat,0.3716464021457182,0.3716464021457182,0.37198366788960374,0.3640017119509782,0.37198366788960374,0.37578936642464134,2019,exact_doy
AOI-0069,2019-07-22,203,зерновые,0.5021626830861264,s2,0.392951585404497,0.392951585404497,0.3868874237551977,0.4267562836616661,0.3868874237551977,0.40786634121539506,2019,exact_doy
AOI-0069,2019-08-07,219,зерновые,0.3159333118655242,landsat,0.35050411512522167,0.35050411512522167,0.3556507168677479,0.35293859688921136,0.3556507168677479,0.3561866125357117,2019,exact_doy
AOI-0069,2019-09-01,244,зерновые,0.1685583795177195,landsat,0.1993890806295188,0.1993890806295188,0.20516927095098578,0.21158015355067072,0.20516927095098578,0.19758294457423575,2019,exact_doy
AOI-0069,2019-09-14,257,зерновые,0.2355999518814359,modis,0.24496188896969312,0.24496188896969312,0.2578145171260736,0.2031561620870164,0.2578145171260736,0.23680488326866275,2019,exact_doy
AOI-0069,2019-09-24,267,зерновые,0.16647984489651,landsat,0.19720481769648351,0.19720481769648351,0.1950916966644665,0.2028398071151956,0.1950916966644665,0.1926038897804469,2019,exact_doy
AOI-0069,2019-09-25,268,зерновые,0.1653703221403401,s2,0.16052242654595192,0.16052242654595192,0.15891352654104632,0.20342642667676838,0.15891352654104632,0.15547672134624305,2019,exact_doy
AOI-0070,2019-05-25,145,зерновые,0.7529800065686836,modis,0.7638472199319313,0.7638472199319313,0.7690287005655525,0.7606272023820376,0.7690287005655525,0.7309897833112956,2019,exact_doy
AOI-0070,2019-06-10,161,зерновые,0.4189877658264223,modis,0.44837516294328156,0.44837516294328156,0.4348793245931282,0.4718397123393838,0.4959885036656972,0.424233516497393,2019,exact_doy
AOI-0070,2019-07-12,193,зерновые,0.2488402331882748,modis,0.27079305779857193,0.27079305779857193,0.2828616607311817,0.22073808850655055,0.2828616607311817,0.26266680491327044,2019,exact_doy
AOI-0070,2019-08-24,236,зерновые,0.2867054932290976,landsat,0.22054131036921143,0.22054131036921143,0.21249605733594978,0.2583255598069132,0.25349088751321197,0.223118107327939,2019,exact_doy
AOI-0070,2019-08-31,243,зерновые,0.2044683931216109,s2,0.20135307907133712,0.20135307907133712,0.19984948157670748,0.2414490122614609,0.19984948157670748,0.203361010281208,2019,exact_doy
AOI-0070,2019-09-25,268,зерновые,0.2608456955669095,s2,0.21518904512660383,0.21518904512660383,0.21365946024366197,0.25597797533838634,0.21365946024366197,0.19810050784513833,2019,exact_doy
AOI-0070,2019-10-02,275,зерновые,0.3234990101021848,landsat,0.2689325092078135,0.2689325092078135,0.27470644197642086,0.28522041872875153,0.27470644197642086,0.26352684159419293,2019,exact_doy
AOI-0071,2019-04-18,108,зерновые,0.2364422603574962,s2,0.2170472806890789,0.2170472806890789,0.21213490968339663,0.2890953887724181,0.21213490968339663,0.2307032637256549,2019,exact_doy
AOI-0071,2019-05-25,145,зерновые,0.7040795454545454,modis,0.5973239125167699,0.5973239125167699,0.6288763565222804,0.5434743459274538,0.6288763565222804,0.6131647377571668,2019,exact_doy
AOI-0071,2019-06-26,177,зерновые,0.4230022727272727,modis,0.42766395252789047,0.42766395252789047,0.4341646850851669,0.3988376874264685,0.4341646850851669,0.4130322645765465,2019,exact_doy
AOI-0071,2019-07-06,187,зерновые,0.2861227961269726,landsat,0.39794537135868924,0.39794537135868924,0.39822216358170426,0.39167141430368213,0.39822216358170426,0.4135522884526639,2019,exact_doy
AOI-0071,2019-07-07,188,зерновые,0.3532701385750981,landsat,0.37513982840399634,0.37513982840399634,0.37378757253544637,0.41300299272339647,0.41984222824094247,0.36589531334923436,2019,exact_doy
AOI-0071,2019-07-12,193,зерновые,0.4677693181818182,modis,0.44379789880556797,0.44379789880556797,0.4488900868721394,0.4153943730016228,0.4488900868721394,0.4694251337435355,2019,exact_doy
AOI-0071,2019-08-13,225,зерновые,0.3921,modis,0.37887209372639763,0.37887209372639763,0.3931808657952533,0.369356955196846,0.3931808657952533,0.36218004684666194,2019,exact_doy
AOI-0071,2019-08-26,238,зерновые,0.2702270852868846,s2,0.28825897912937753,0.28825897912937753,0.28714777815478854,0.3238174103162242,0.28714777815478854,0.28608957741951335,2019,exact_doy
AOI-0071,2019-08-29,241,зерновые,0.3809181818181817,modis,0.30066521997342094,0.30066521997342094,0.27897996994080865,0.3137921989913768,0.3560623466318662,0.2973821420386058,2019,exact_doy
AOI-0071,2019-09-15,258,зерновые,0.2028675941519447,s2,0.26454436522928987,0.26454436522928987,0.2511507633686685,0.2924483747956439,0.2511507633686685,0.2641686680163496,2019,exact_doy
AOI-0075,2019-04-07,97,озимая пшеница,0.2351152533181942,landsat,0.3652657990616564,0.3652657990616564,0.4026337305575779,0.26094301392361813,0.2101504554722642,0.326135244249838,2019,exact_doy
AOI-0075,2019-07-12,193,озимая пшеница,0.8629161429205796,landsat,0.739974313786537,0.739974313786537,0.7350238464426531,0.7543059953506767,0.7625768982713355,0.7430365524532638,2019,exact_doy
AOI-0075,2019-07-18,199,озимая пшеница,0.855970738240412,s2,0.7635246150121533,0.7635246150121533,0.7668595070461512,0.7546315695881582,0.7668595070461512,0.7697909524129677,2019,exact_doy
AOI-0075,2019-08-21,233,озимая пшеница,0.797461015045752,landsat,0.7462995953771792,0.7462995953771792,0.7485736403764328,0.6999423762149588,0.7407787927247608,0.7655021848279892,2019,exact_doy
AOI-0075,2019-09-16,259,озимая пшеница,0.3119402323744077,s2,0.3632437289710063,0.3632437289710063,0.3649432457168549,0.37217194281233396,0.3437502396949467,0.36032110039968546,2019,exact_doy
AOI-0075,2019-09-21,264,озимая пшеница,-0.0046080982956145,s2,0.3206779660156269,0.3206779660156269,0.3121963995965518,0.3432954764664939,0.3121963995965518,0.30338797954730623,2019,exact_doy
AOI-0076,2019-05-11,131,озимая пшеница,0.7519018843872837,s2,0.6966768455089095,0.6966768455089095,0.6835542291943574,0.7178254360062185,0.6835542291943574,0.6688954797396209,2019,exact_doy
AOI-0076,2019-05-25,145,озимая пшеница,0.8635438009049775,modis,0.7948671247033566,0.7948671247033566,0.7923454039569751,0.8035540850793517,0.7923454039569751,0.7900849987615914,2019,exact_doy
AOI-0076,2019-08-21,233,озимая пшеница,0.277255727425613,landsat,0.2616664685226986,0.2616664685226986,0.25470428187270866,0.2986931289947495,0.2982376362466261,0.276291471706447,2019,exact_doy
AOI-0076,2019-09-01,244,озимая пшеница,0.2273010898955597,s2,0.25738779631941827,0.25738779631941827,0.26209162444757705,0.2694010073913132,0.22936370152666383,0.25945648846800856,2019,exact_doy
AOI-0076,2019-09-21,264,озимая пшеница,0.071253194733935,s2,0.28188956517820907,0.28188956517820907,0.2720504872645631,0.3081271062812651,0.2720504872645631,0.2832209264121224,2019,exact_doy
AOI-0077,2019-05-09,129,озимая пшеница,0.7440091623036649,modis,0.7087705533739014,0.7087705533739014,0.7099365844561487,0.6543557695356946,0.7099365844561487,0.7593902820256998,2019,exact_doy
AOI-0077,2019-07-12,193,озимая пшеница,0.651437689949562,landsat,0.5723247016867553,0.5723247016867553,0.5721526727767597,0.5632519825803525,0.5745457541026932,0.5878300912418117,2019,exact_doy
AOI-0077,2019-08-22,234,озимая пшеница,0.2798003941289384,s2,0.3939228049128577,0.3939228049128577,0.3983153703166493,0.39099283046799993,0.36427358750313793,0.40351870544006707,2019,exact_doy
AOI-0077,2019-08-30,242,озимая пшеница,0.3679523248229824,landsat,0.3570905548087342,0.3570905548087342,0.3566975130256239,0.3644273347601259,0.3566975130256239,0.352970257818007,2019,exact_doy
AOI-0077,2019-09-11,254,озимая пшеница,0.2187373656197285,s2,0.2798392071143434,0.2798392071143434,0.27014993090598755,0.30567727700329234,0.27014993090598755,0.27350548826796733,2019,exact_doy
AOI-0001,2010-05-25,145,озимая пшеница,0.8427347485303727,modis,0.7084571258087846,0.7084571258087846,0.7090730414437464,0.6944963714163191,0.7090730414437464,0.7016814319821987,0,private_random
AOI-0001,2010-07-13,194,озимая пшеница,0.1881481151398332,landsat,0.23878419415283572,0.23878419415283572,0.2382120631332405,0.24412408366905783,0.2382120631332405,0.2539837803278636,0,private_random
AOI-0001,2010-07-29,210,озимая пшеница,0.2938376661338783,landsat,0.24201968422408984,0.24201968422408984,0.24159327028746239,0.24656809954811598,0.24159327028746239,0.2220854548930827,0,private_random
AOI-0001,2010-08-30,242,озимая пшеница,0.1589617400262272,landsat,0.18125295471011935,0.18125295471011935,0.1803958602815052,0.19268088042497464,0.1803958602815052,0.18513672949032137,0,private_random
AOI-0001,2011-04-02,92,озимая пшеница,0.1558049550545673,landsat,0.12021130083010761,0.12021130083010761,0.11533249681166802,0.1462315889284522,0.11533249681166802,0.14929139207108144,0,private_random
AOI-0001,2011-04-26,116,озимая пшеница,0.1641335335621768,landsat,0.26746049852763576,0.26746049852763576,0.2620298041662897,0.28918327597302,0.2620298041662897,0.23944069503062737,0,private_random
AOI-0001,2011-08-08,220,озимая пшеница,0.536999632876944,landsat,0.45314707163373275,0.45314707163373275,0.4534030747828592,0.45212305903722677,0.4534030747828592,0.46607145412790135,0,private_random
AOI-0001,2011-09-02,245,озимая пшеница,0.3406709223244566,landsat,0.34848034585420923,0.34848034585420923,0.34688094695906596,0.367673132595929,0.34688094695906596,0.3345966790032956,0,private_random
AOI-0001,2012-07-27,209,озимая пшеница,0.2617503592423253,modis,0.3071412276526683,0.3071412276526683,0.32707674666192693,0.27024350012663145,0.32707674666192693,0.26324204183375893,0,private_random
AOI-0001,2012-08-26,239,озимая пшеница,0.171516502970227,landsat,0.24150979870484413,0.24150979870484413,0.2412662424758808,0.24313350689793278,0.2412662424758808,0.19297873494264667,0,private_random
AOI-0001,2012-09-27,271,озимая пшеница,0.1582254102869223,landsat,0.2380525780701087,0.2380525780701087,0.23529542867724626,0.24172877726059191,0.23529542867724626,0.2223278978174146,0,private_random
AOI-0001,2013-05-09,129,озимая пшеница,0.8305008497391546,landsat,0.7108757552739894,0.7108757552739894,0.7190210476181598,0.684312262311061,0.698510946378324,0.7280708180357283,0,private_random
AOI-0001,2013-09-14,257,озимая пшеница,0.567259512809744,modis,0.4082601893087469,0.4082601893087469,0.4108245587520031,0.38090691524734765,0.4108245587520031,0.3684550537514047,0,private_random
AOI-0001,2013-10-24,297,озимая пшеница,0.2926506964634393,landsat,0.5360060312555097,0.5360060312555097,0.540629835268583,0.5051806711683539,0.540629835268583,0.6066483378791215,0,private_random
AOI-0001,2014-06-06,157,озимая пшеница,0.647573678145567,landsat,0.634049694880947,0.634049694880947,0.6357015018492703,0.6230376484254577,0.6357015018492703,0.6323926801489725,0,private_random
AOI-0001,2014-07-23,204,озимая пшеница,0.7880580814103925,landsat,0.6695416547849427,0.6695416547849427,0.6708625489974447,0.6589745010849267,0.6708625489974447,0.6698797376248544,0,private_random
AOI-0001,2014-09-14,257,озимая пшеница,0.2621632919660353,modis,0.310242585112007,0.310242585112007,0.31295879253504805,0.26316165644596157,0.31295879253504805,0.2462561086086854,0,private_random
AOI-0001,2015-04-23,113,озимая пшеница,0.6771725669497063,modis,0.5940141954029581,0.5940141954029581,0.616747457140767,0.5618561617241346,0.616747457140767,0.6914495178630408,0,private_random
AOI-0001,2015-05-15,135,озимая пшеница,0.7808859200792904,landsat,0.7323485705821937,0.7323485705821937,0.7350195582528144,0.7145419861113885,0.7350195582528144,0.7954007672413665,0,private_random
AOI-0001,2015-08-03,215,озимая пшеница,0.1704357971399509,landsat,0.24781879505933896,0.24781879505933896,0.24781711007664445,0.24782778163370964,0.24781711007664445,0.23601053889815352,0,private_random
AOI-0001,2015-09-14,257,озимая пшеница,0.23493187459177,modis,0.23792112734755455,0.23792112734755455,0.24078168718093448,0.1845240104577961,0.24078168718093448,0.22958871267739217,0,private_random
AOI-0001,2016-04-22,113,озимая пшеница,0.369625081645983,modis,0.42040823754412215,0.42040823754412215,0.42535968684644704,0.334583116303824,0.42535968684644704,0.4694732229045909,0,private_random
AOI-0001,2016-05-24,145,озимая пшеница,0.6950718158066623,modis,0.5221983103157302,0.5221983103157302,0.5323044766725386,0.44344921034669876,0.5323044766725386,0.5268854902727144,0,private_random
AOI-0001,2016-06-18,170,озимая пшеница,0.335163799426866,landsat,0.3527192172175829,0.3527192172175829,0.3530758998348344,0.3508169099255755,0.3530758998348344,0.3629107986603387,0,private_random
AOI-0001,2016-06-25,177,озимая пшеница,0.3768248530372306,modis,0.38222711250500957,0.38222711250500957,0.38680371951032316,0.33340997111499804,0.38680371951032316,0.3805155323880133,0,private_random
AOI-0001,2017-04-01,91,озимая пшеница,0.576951038270535,s2,0.46553100554914323,0.46553100554914323,0.4571604276496495,0.5101740876797767,0.4571604276496495,0.4565976362405226,0,private_random
AOI-0001,2017-04-16,106,озимая пшеница,0.6953687314317186,s2,0.5774710236316258,0.5774710236316258,0.5721190189738521,0.6131510546834503,0.5721190189738521,0.5729281562279513,0,private_random
AOI-0001,2017-05-25,145,озимая пшеница,0.7266577400391903,modis,0.7408984045611093,0.7408984045611093,0.7411856921346598,0.735535703188169,0.7411856921346598,0.7502026769589284,0,private_random
AOI-0001,2017-07-25,206,озимая пшеница,0.3000182417204887,s2,0.3722434588495419,0.3722434588495419,0.35735767141830754,0.39257195889597774,0.35735767141830754,0.3645985831021854,0,private_random
AOI-0001,2017-08-13,225,озимая пшеница,0.3509402024820378,modis,0.349829213529379,0.349829213529379,0.362475080923324,0.3130173566884979,0.362475080923324,0.3328043055529393,0,private_random
AOI-0001,2017-10-16,289,озимая пшеница,0.4323826583932072,modis,0.29012875105093666,0.29012875105093666,0.30316114399280186,0.237999179283476,0.30316114399280186,0.3038930978043987,0,private_random
AOI-0001,2018-06-15,166,озимая пшеница,0.4570444607516349,s2,0.41329245095629524,0.41329245095629524,0.40806077088624176,0.44817031808998503,0.40806077088624176,0.4561570992987847,0,private_random
AOI-0001,2018-08-27,239,озимая пшеница,0.1865369959456821,landsat,0.30730184288959655,0.30730184288959655,0.30752087196603384,0.30613368781526445,0.30752087196603384,0.33857519225150245,0,private_random
AOI-0001,2018-09-05,248,озимая пшеница,0.1656855908044753,landsat,0.2179301890642353,0.2179301890642353,0.23467902821884,0.2386742664053966,0.23467902821884,0.24944169090760215,0,private_random
AOI-0001,2018-10-07,280,озимая пшеница,0.189599525518855,landsat,0.20993523840551062,0.20993523840551062,0.2089622289155582,0.22161135228493958,0.2089622289155582,0.1979902470720318,0,private_random
AOI-0001,2018-10-08,281,озимая пшеница,0.1910494373430321,s2,0.17740744004823006,0.17740744004823006,0.17131314357151065,0.21803608322635945,0.17131314357151065,0.16814129217904808,0,private_random
AOI-0001,2018-10-30,303,озимая пшеница,0.1604955837071514,landsat,0.16236385342287868,0.16236385342287868,0.1603087992722476,0.1733241422262446,0.1603087992722476,0.21403111906833017,0,private_random
AOI-0001,2019-04-26,116,озимая пшеница,0.2732048595162416,s2,0.3284059179407522,0.3284059179407522,0.3129006462112026,0.3801122616646149,0.3129006462112026,0.28327559859525603,0,private_random
AOI-0001,2019-06-11,162,озимая пшеница,0.6336055200124809,landsat,0.6272418156780187,0.6272418156780187,0.6290545852888296,0.6103226326437836,0.6290545852888296,0.6334346099546646,0,private_random
AOI-0001,2019-06-20,171,озимая пшеница,0.4080389631497452,s2,0.4720736726832182,0.4720736726832182,0.460226124630811,0.4944369506593385,0.460226124630811,0.48108120001258864,0,private_random
AOI-0001,2019-07-28,209,озимая пшеница,0.5939100587851079,modis,0.4327509013752434,0.4327509013752434,0.43944751160159573,0.42494131700150106,0.43944751160159573,0.4449222284821174,0,private_random
AOI-0001,2019-07-30,211,озимая пшеница,0.2571846635752309,s2,0.4125070751874199,0.4125070751874199,0.4025271382764116,0.4307230325905625,0.4025271382764116,0.4216683703044546,0,private_random
AOI-0001,2019-08-24,236,озимая пшеница,0.1132404448203133,s2,0.2782475802260432,0.2782475802260432,0.25868283824492944,0.30935086477360896,0.25868283824492944,0.29356514556682517,0,private_random
AOI-0001,2019-09-23,266,озимая пшеница,-0.0080282820632567,s2,0.20899377197238717,0.20899377197238717,0.20516686191710465,0.24471159915502397,0.20516686191710465,0.20237534438944474,0,private_random
AOI-0001,2020-05-20,141,озимая пшеница,0.8304139937329038,s2,0.7451278902279118,0.7451278902279118,0.7243121250679324,0.7615973378823694,0.7243121250679324,0.7745762051644769,0,private_random
AOI-0001,2020-06-06,158,озимая пшеница,0.8362273230924363,landsat,0.7232531499548741,0.7232531499548741,0.7228794798452365,0.7277371912705265,0.7543805886118649,0.7781607161850147,0,private_random
AOI-0001,2020-07-11,193,озимая пшеница,0.2961807968647943,modis,0.24066644979705631,0.24066644979705631,0.2034840904600243,0.2591373610664885,0.3115678726081018,0.22469233509791112,0,private_random
AOI-0001,2020-07-31,213,озимая пшеница,0.1935801867367464,landsat,0.20604780069975367,0.20604780069975367,0.17883580899798646,0.2424292407341743,0.23868737307706467,0.1925418106606864,0,private_random
AOI-0001,2020-08-13,226,озимая пшеница,0.2332168531928978,s2,0.22511079205431608,0.22511079205431608,0.2197128111091896,0.27549194754216305,0.2197128111091896,0.2193262355575228,0,private_random
AOI-0001,2020-08-25,238,озимая пшеница,0.3053229332321797,landsat,0.271850764588526,0.271850764588526,0.268479031518477,0.3168072055225119,0.3174087003330922,0.2685947449233563,0,private_random
AOI-0001,2020-10-17,291,озимая пшеница,0.1756697695065363,s2,0.18743583867783964,0.18743583867783964,0.1841661765987092,0.23539088250508566,0.1841661765987092,0.17509790670151906,0,private_random
AOI-0001,2021-04-15,105,озимая пшеница,0.2022715672102616,s2,0.2933608191348429,0.2933608191348429,0.2764056413707665,0.3420004454490749,0.2764056413707665,0.2900175222670825,0,private_random
AOI-0001,2021-04-29,119,озимая пшеница,0.3576593756040069,landsat,0.4513750739249779,0.4513750739249779,0.4500234328226322,0.4657925790166653,0.4500234328226322,0.48599322383140375,0,private_random
AOI-0001,2021-05-31,151,озимая пшеница,0.4360338324179841,landsat,0.5008553930197284,0.5008553930197284,0.5026424709496399,0.4937070813000826,0.5026424709496399,0.5054374462235529,0,private_random
AOI-0001,2021-06-14,165,озимая пшеница,0.4166564089104664,s2,0.44257120246013243,0.44257120246013243,0.43940787769905154,0.4805310995931027,0.43940787769905154,0.4299120445916182,0,private_random
AOI-0001,2021-08-18,230,озимая пшеница,0.61836663069141,s2,0.3179876617904319,0.3179876617904319,0.31433122737206404,0.35698962891968883,0.31433122737206404,0.30330729170439646,0,private_random
AOI-0001,2021-08-28,240,озимая пшеница,0.4909402751187119,s2,0.28876941450384264,0.28876941450384264,0.28298799118718293,0.30912456389856163,0.28298799118718293,0.28151851932910116,0,private_random
AOI-0001,2021-09-14,257,озимая пшеница,0.318890202482038,modis,0.2553403953072293,0.2553403953072293,0.22418062246371773,0.2654359745910249,0.30991364953298084,0.2548352465576771,0,private_random
AOI-0001,2022-04-23,113,озимая пшеница,0.7526996080992817,modis,0.6315389830786021,0.6315389830786021,0.6437148701096508,0.5884901043735735,0.6437148701096508,0.6718649235267249,0,private_random
AOI-0001,2022-04-24,114,озимая пшеница,0.5865306801675259,landsat,0.5888512542465217,0.5888512542465217,0.5865898499998775,0.5948816655709063,0.5865898499998775,0.6008435737181202,0,private_random
AOI-0001,2022-06-18,169,озимая пшеница,0.7061448999827347,landsat,0.6651319627412509,0.6651319627412509,0.6733456079024698,0.6516251517343173,0.6733456079024698,0.666106950326537,0,private_random
AOI-0001,2022-07-21,202,озимая пшеница,0.3555237071008063,landsat,0.4117530514738357,0.4117530514738357,0.42653259799878807,0.4171292913914307,0.42653259799878807,0.4198867207014169,0,private_random
AOI-0001,2022-08-03,215,озимая пшеница,0.1834309504848585,s2,0.38423680387604764,0.38423680387604764,0.3693173346155537,0.4072854551175132,0.3693173346155537,0.3891467346105663,0,private_random
AOI-0001,2022-08-08,220,озимая пшеница,0.261876246391725,s2,0.3352547594371221,0.3352547594371221,0.316602570863535,0.3609773246453716,0.316602570863535,0.33550103557127625,0,private_random
AOI-0001,2022-08-28,240,озимая пшеница,0.1969179532495891,s2,0.22788378518314628,0.22788378518314628,0.22460976555081041,0.26280666126139557,0.22460976555081041,0.21764980820460017,0,private_random
AOI-0001,2023-04-11,101,озимая пшеница,0.3609550777517913,landsat,0.4459935354076827,0.4459935354076827,0.4383336127703062,0.4562067655908515,0.4383336127703062,0.4298275068344062,0,private_random
AOI-0001,2023-05-15,135,озимая пшеница,0.7323746371116844,s2,0.7210298349876548,0.7210298349876548,0.7034196808828681,0.7392441579459147,0.7034196808828681,0.7568874718840211,0,private_random
AOI-0001,2023-05-20,140,озимая пшеница,0.7854967571973581,s2,0.7253002717658985,0.7253002717658985,0.722654989052002,0.7535166207141296,0.722654989052002,0.7864079816126911,0,private_random
AOI-0001,2023-07-04,185,озимая пшеница,0.3325552673219222,s2,0.4769708780132369,0.4769708780132369,0.47626214063386574,0.48547572656569143,0.47626214063386574,0.5398727916226355,0,private_random
AOI-0001,2023-08-06,218,озимая пшеница,0.2410369253471043,landsat,0.2441748102870582,0.2441748102870582,0.2554240054344665,0.2575075157341464,0.2554240054344665,0.2177727050868573,0,private_random
AOI-0001,2023-09-18,261,озимая пшеница,0.2870520800042078,landsat,0.2660695798088244,0.2660695798088244,0.26583353857529013,0.2679579096770987,0.26583353857529013,0.26493166291766646,0,private_random
AOI-0001,2023-10-21,294,озимая пшеница,0.2375171310416653,landsat,0.12733604096667986,0.12733604096667986,0.12751743215259914,0.1613010539522159,0.12751743215259914,0.15399880016690895,0,private_random
AOI-0001,2024-05-08,129,озимая пшеница,0.8691609405617244,modis,0.7519978896979505,0.7519978896979505,0.7527167920553259,0.7506559386308499,0.7527167920553259,0.755834182581306,0,private_random
AOI-0001,2024-08-22,235,озимая пшеница,0.1504921712675575,s2,0.17042757710038817,0.17042757710038817,0.16046359955912454,0.22387247227869822,0.16046359955912454,0.17082902452366175,0,private_random
AOI-0001,2024-09-20,264,озимая пшеница,0.1994531484101352,landsat,0.2038322288555087,0.2038322288555087,0.2111393689928725,0.20788663976898722,0.2111393689928725,0.20259576211525387,0,private_random
AOI-0001,2024-09-26,270,озимая пшеница,0.1477568981765742,s2,0.1589673718536086,0.1589673718536086,0.15440747170076657,0.21368617368771284,0.15440747170076657,0.15697539304403563,0,private_random
AOI-0001,2024-09-28,272,озимая пшеница,0.198125203979439,landsat,0.16670604294237631,0.16670604294237631,0.1532038494065424,0.21243716931805126,0.19577984195595943,0.16527029377374872,0,private_random
AOI-0001,2024-10-23,297,озимая пшеница,0.2079321256978206,landsat,0.16333118099959124,0.16333118099959124,0.14527931717076117,0.20115901675857117,0.18524947024763386,0.15995378411960134,0,private_random
AOI-0001,2025-07-03,184,озимая пшеница,0.6433119657654007,s2,0.5232234322477765,0.5232234322477765,0.5231464800264369,0.5245572707509969,0.5231464800264369,0.5967143335856153,0,private_random
AOI-0001,2025-07-10,191,озимая пшеница,0.4525531225429333,s2,0.47947438229392736,0.47947438229392736,0.4793326812181657,0.48911005544572456,0.4793326812181657,0.5335518622663211,0,private_random
AOI-0001,2025-07-21,202,озимая пшеница,0.5458357847348618,landsat,0.4166988720676495,0.4166988720676495,0.4219995023861761,0.4017046114271245,0.4219995023861761,0.4309338824996714,0,private_random
AOI-0001,2025-08-12,224,озимая пшеница,0.2723485751823231,s2,0.23116238973275952,0.23116238973275952,0.23014330328341137,0.2814373212339329,0.23014330328341137,0.2478830422609601,0,private_random
AOI-0001,2025-08-27,239,озимая пшеница,0.2147468751551229,s2,0.20834908690809711,0.20834908690809711,0.20708734666697223,0.26554797783909107,0.20708734666697223,0.20023346502962683,0,private_random
AOI-0001,2025-09-15,258,озимая пшеница,0.2582275367259081,landsat,0.2049029391381149,0.2049029391381149,0.1925438771464681,0.2343001525847955,0.2336501583624408,0.20002823693314362,0,private_random
AOI-0001,2025-09-30,273,озимая пшеница,0.2966398758981058,modis,0.31281984753977093,0.31281984753977093,0.320326438756867,0.2544196454277829,0.320326438756867,0.31297573377091786,0,private_random
AOI-0002,2025-04-01,91,озимая пшеница,0.4140783594923889,s2,0.6409161309511914,0.6409161309511914,0.6397626171755396,0.6901327187123335,0.6397626171755396,0.46032990017113423,0,private_random
AOI-0002,2025-06-11,162,озимая пшеница,0.4413552638962837,landsat,0.4641115388478745,0.4641115388478745,0.47421966883735334,0.45781789846698245,0.47421966883735334,0.46251611999935616,0,private_random
AOI-0002,2025-07-13,194,озимая пшеница,0.2343674824338569,s2,0.27836167286470037,0.27836167286470037,0.27763482640718307,0.3161576886555979,0.27763482640718307,0.27023935513475006,0,private_random
AOI-0002,2025-07-30,211,озимая пшеница,0.1838555460532893,s2,0.1970262180170508,0.1970262180170508,0.19630117828232488,0.2569628360877266,0.19630117828232488,0.19540266887778143,0,private_random
AOI-0002,2025-09-15,258,озимая пшеница,0.2201901541650555,landsat,0.1979264784209733,0.1979264784209733,0.1852994351719926,0.22766219083154793,0.22731103482111797,0.1922066884921553,0,private_random
AOI-0002,2025-09-23,266,озимая пшеница,0.2376407322804396,landsat,0.21552770431218216,0.21552770431218216,0.2005248796847345,0.24212867929672546,0.2461248193327532,0.21159238216437734,0,private_random
AOI-0002,2025-09-30,273,озимая пшеница,0.3679729832935561,modis,0.3302020536377787,0.3302020536377787,0.33680914934110856,0.2771712722996028,0.33680914934110856,0.3267420811413626,0,private_random
AOI-0003,2025-05-01,121,озимая пшеница,0.8624200507272035,s2,0.8331028194535802,0.8331028194535802,0.8305949157558601,0.8309398270016012,0.8305949157558601,0.8169126537318321,0,private_random
AOI-0003,2025-05-09,129,озимая пшеница,0.6398594761729814,s2,0.8025992164803278,0.8025992164803278,0.8014827212875362,0.8152680964886189,0.8090171553609651,0.8035979072439235,0,private_random
AOI-0003,2025-05-28,148,озимая пшеница,0.6562537691408792,s2,0.778432901683462,0.778432901683462,0.7735696886318907,0.7882483633448567,0.7735696886318907,0.7986912009442195,0,private_random
AOI-0003,2025-06-11,162,озимая пшеница,0.6428603177694843,landsat,0.6509403952312425,0.6509403952312425,0.6562924452841682,0.6319838716442141,0.6562924452841682,0.6611456025269096,0,private_random
AOI-0003,2025-07-06,187,озимая пшеница,0.2850005346316959,landsat,0.22472364991375424,0.22472364991375424,0.2320545731160455,0.2247007713431395,0.2320545731160455,0.22313754131005115,0,private_random
AOI-0003,2025-08-24,236,озимая пшеница,0.1237115485576205,s2,0.17458778832683663,0.17458778832683663,0.17267544950498903,0.23578263062595917,0.17267544950498903,0.15800184796059222,0,private_random
AOI-0003,2025-08-27,239,озимая пшеница,0.1797665888606488,s2,0.17230749897869596,0.17230749897869596,0.17091377155102422,0.23548980903314712,0.17091377155102422,0.1635019835079116,0,private_random
AOI-0003,2025-08-29,241,озимая пшеница,0.1883226666333515,s2,0.18164104849972207,0.18164104849972207,0.18099120342091246,0.23189573459433122,0.18099120342091246,0.17409465961979415,0,private_random
AOI-0003,2025-09-24,267,озимая пшеница,0.2634194652790696,landsat,0.25545106894565917,0.25545106894565917,0.26181253771038004,0.26146854311243906,0.26181253771038004,0.2531391075350348,0,private_random
AOI-0003,2025-09-26,269,озимая пшеница,0.2470548216336752,s2,0.24589678645981286,0.24589678645981286,0.2406573601384046,0.2725111093142707,0.2406573601384046,0.2331137846688843,0,private_random
AOI-0003,2025-10-02,275,озимая пшеница,0.3480915215975482,landsat,0.27691490084606785,0.27691490084606785,0.2836608646721079,0.29363123416612397,0.2836608646721079,0.2826712442292549,0,private_random
AOI-0004,2025-04-16,106,озимая пшеница,0.5043962577607151,landsat,0.5102513645094102,0.5102513645094102,0.5008464279653057,0.5455863586994635,0.5326369930672735,0.5229524468330773,0,private_random
AOI-0004,2025-05-19,139,озимая пшеница,0.6102409311499802,s2,0.6342981671750565,0.6342981671750565,0.6204963336551899,0.6609737816052234,0.6204963336551899,0.6673373362419659,0,private_random
AOI-0004,2025-07-05,186,озимая пшеница,0.6389431671055815,landsat,0.5855257338466453,0.5855257338466453,0.5814231985701137,0.5772263650632428,0.5992762993903012,0.5939399323267467,0,private_random
AOI-0004,2025-08-06,218,озимая пшеница,0.4443745983673801,landsat,0.39928157580654183,0.39928157580654183,0.3877520218506966,0.41226306175869337,0.4217679711026961,0.40681102082271825,0,private_random
AOI-0004,2025-09-01,244,озимая пшеница,0.3156488693083175,s2,0.33183830762867056,0.33183830762867056,0.323144390965,0.34982797601901816,0.323144390965,0.3306203240247575,0,private_random
AOI-0004,2025-09-21,264,озимая пшеница,0.3215749463920119,s2,0.33575268260929114,0.33575268260929114,0.33540407436639547,0.35341550024934026,0.33540407436639547,0.31432190877327437,0,private_random
AOI-0004,2025-09-26,269,озимая пшеница,0.338152858642646,s2,0.34551785397773044,0.34551785397773044,0.3440073143995618,0.36185349677454237,0.3440073143995618,0.3296616308212625,0,private_random
AOI-0005,2025-05-04,124,озимая пшеница,0.6883406842126214,s2,0.5542954571421744,0.5542954571421744,0.5363771328340892,0.5990169346870264,0.5363771328340892,0.5899997430558577,0,private_random
AOI-0005,2025-05-25,145,озимая пшеница,0.7221600095785441,modis,0.6922017485298632,0.6922017485298632,0.7052698321176449,0.6471683873535463,0.7052698321176449,0.7005109173410526,0,private_random
AOI-0005,2025-06-13,164,озимая пшеница,0.5595807014712846,s2,0.5927441402729796,0.5927441402729796,0.5787364214354613,0.596341981565852,0.5787364214354613,0.6008458628587404,0,private_random
AOI-0005,2025-07-12,193,озимая пшеница,0.4499141044061301,modis,0.44841468511778126,0.44841468511778126,0.44425318160673677,0.44950101808739057,0.44425318160673677,0.4242091534827753,0,private_random
AOI-0005,2025-08-30,242,озимая пшеница,0.3120554390639429,landsat,0.3100021979007684,0.3100021979007684,0.3151895377942741,0.3085148947527429,0.3151895377942741,0.30408164930263637,0,private_random
AOI-0005,2025-09-14,257,озимая пшеница,0.3216732758620689,modis,0.31450255454876774,0.31450255454876774,0.32074247440164816,0.2855470681065933,0.32074247440164816,0.32286682514836906,0,private_random
AOI-0005,2025-09-23,266,озимая пшеница,0.3021963761488359,landsat,0.298351798827321,0.298351798827321,0.29107716043276577,0.3156031041470749,0.3129958284281546,0.28360861321986613,0,private_random
AOI-0005,2025-10-17,290,озимая пшеница,0.4111716555370188,landsat,0.37851416385169045,0.37851416385169045,0.3782020999665205,0.38766803781667347,0.3782020999665205,0.37933142267975156,0,private_random
AOI-0006,2025-04-14,104,озимая пшеница,0.2090170150572535,s2,0.21338363546878306,0.21338363546878306,0.2120331174511639,0.2818098816948194,0.2120331174511639,0.2316374584361303,0,private_random
AOI-0006,2025-05-04,124,озимая пшеница,0.225871525391425,s2,0.22301587879127038,0.22301587879127038,0.1949399312284002,0.3184574870291315,0.1949399312284002,0.21300016751900122,0,private_random
AOI-0006,2025-07-13,194,озимая пшеница,0.4715957422206254,s2,0.5430483446351783,0.5430483446351783,0.5430609485477856,0.5423929411795982,0.5430609485477856,0.5616824863868102,0,private_random
AOI-0006,2025-07-30,211,озимая пшеница,0.3670613534452049,s2,0.46084371826926984,0.46084371826926984,0.46058653180096426,0.48210446631586495,0.46058653180096426,0.4578957640641658,0,private_random
AOI-0006,2025-08-02,214,озимая пшеница,0.2715218749244575,s2,0.4694952341891637,0.4694952341891637,0.4690908872055882,0.4899821480236572,0.4690908872055882,0.4689290536293101,0,private_random
AOI-0006,2025-08-13,225,озимая пшеница,0.3198439198855508,modis,0.6616393312719568,0.6616393312719568,0.6506919482943524,0.6773802094307233,0.6506919482943524,0.591451809064264,0,private_random
AOI-0006,2025-08-27,239,озимая пшеница,0.2563525825073486,s2,0.37727044651952985,0.37727044651952985,0.37649200459750265,0.412559813651427,0.37649200459750265,0.33990032802826675,0,private_random
AOI-0007,2025-04-19,109,озимая пшеница,0.2923278737076623,s2,0.30256378566879666,0.30256378566879666,0.29412604061735204,0.3626769606731877,0.29412604061735204,0.26719986872052864,0,private_random
AOI-0007,2025-05-06,126,озимая пшеница,0.4762757499849394,s2,0.5476854153310778,0.5476854153310778,0.5460193844119933,0.616548026653236,0.5460193844119933,0.5066893756820734,0,private_random
AOI-0007,2025-06-04,155,озимая пшеница,0.7772513417796387,landsat,0.7289408443853459,0.7289408443853459,0.7345065561112586,0.7078881625578345,0.7345065561112586,0.7243165289553812,0,private_random
AOI-0007,2025-07-13,194,озимая пшеница,0.1563008087351521,s2,0.152921964355177,0.152921964355177,0.1518258682858691,0.20991895995918766,0.1518258682858691,0.17194517576217946,0,private_random
AOI-0007,2025-07-15,196,озимая пшеница,0.1449468006104055,s2,0.14937808330331045,0.14937808330331045,0.1458032518200466,0.2073534848425945,0.1458032518200466,0.16099962957731542,0,private_random
AOI-0007,2025-08-09,221,озимая пшеница,0.1127119320658137,s2,0.13840897047180528,0.13840897047180528,0.1370441919239356,0.2093774549610281,0.1370441919239356,0.1381752613790575,0,private_random
AOI-0007,2025-08-17,229,озимая пшеница,0.1535466692118108,s2,0.15924764612468567,0.15924764612468567,0.14651572797279963,0.21539759815318207,0.14651572797279963,0.1606597833313836,0,private_random
AOI-0007,2025-09-14,257,озимая пшеница,0.2373520590868398,modis,0.25051631319703793,0.25051631319703793,0.26014285481660493,0.20971912195003242,0.26014285481660493,0.2510977213744312,0,private_random
AOI-0007,2025-09-21,264,озимая пшеница,0.1685349755864298,s2,0.16362207900222445,0.16362207900222445,0.16263250161317425,0.21376066671410152,0.16263250161317425,0.15558245970089568,0,private_random
AOI-0007,2025-10-13,286,озимая пшеница,0.1578546748254296,s2,0.3030320863266709,0.3030320863266709,0.3008771852574318,0.36624251769101757,0.3008771852574318,0.24493789658338286,0,private_random
AOI-0007,2025-10-18,291,озимая пшеница,0.3523536733082918,s2,0.3519880469085328,0.3519880469085328,0.350200475070833,0.4187240621826572,0.350200475070833,0.2840791163784697,0,private_random
AOI-0008,2025-04-29,119,озимая пшеница,0.9025592109423146,s2,0.8493612355187004,0.8493612355187004,0.8494381122122656,0.8465936745503511,0.8494381122122656,0.8296601491719477,0,private_random
AOI-0008,2025-05-09,129,озимая пшеница,0.8403985537190083,modis,0.8254217091862016,0.8254217091862016,0.8234501361166818,0.8397108743883489,0.8234501361166818,0.865695364091551,0,private_random
AOI-0008,2025-05-16,136,озимая пшеница,0.8999441457448415,s2,0.8383577327427846,0.8383577327427846,0.838339016196882,0.8392561269461091,0.838339016196882,0.8627906874113348,0,private_random
AOI-0008,2025-05-24,144,озимая пшеница,0.8979636884923405,s2,0.7797506197049626,0.7797506197049626,0.7792681840582175,0.8086967585096679,0.7792681840582175,0.8615154653474406,0,private_random
AOI-0008,2025-05-27,147,озимая пшеница,0.8898188789683644,landsat,0.8331165155562728,0.8331165155562728,0.8339309516111295,0.810312306020284,0.8339309516111295,0.8778444778594999,0,private_random
AOI-0008,2025-06-05,156,озимая пшеница,0.8385992650400785,s2,0.7989100030060856,0.7989100030060856,0.7992143180061742,0.7859258963356436,0.7992143180061742,0.8309259203788462,0,private_random
AOI-0008,2025-08-29,241,озимая пшеница,0.1463333461046108,s2,0.14953178538883502,0.14953178538883502,0.1488313697295435,0.20369726304071387,0.1488313697295435,0.14860943472071353,0,private_random
AOI-0008,2025-09-11,254,озимая пшеница,0.1307576752820549,s2,0.15526843292901416,0.15526843292901416,0.15402187060219918,0.20513092600161217,0.15402187060219918,0.15523301829433733,0,private_random
AOI-0008,2025-09-26,269,озимая пшеница,0.1691714180460438,s2,0.1647948465449932,0.1647948465449932,0.15470535845328653,0.2087735442773789,0.15470535845328653,0.16539275489937746,0,private_random
AOI-0008,2025-10-08,281,озимая пшеница,0.1515145350654398,s2,0.1714682478474934,0.1714682478474934,0.17047100900099627,0.2273136232513319,0.17047100900099627,0.16993928424158108,0,private_random
AOI-0009,2025-05-28,148,озимая пшеница,0.7057943569725454,s2,0.6847459714365972,0.6847459714365972,0.6777644952051839,0.7120030171247121,0.6777644952051839,0.7109306720744698,0,private_random
AOI-0009,2025-06-15,166,озимая пшеница,0.2768374462238329,s2,0.2995669382317291,0.2995669382317291,0.297527304454969,0.3485181488739701,0.297527304454969,0.31800974777830193,0,private_random
AOI-0009,2025-06-27,178,озимая пшеница,0.2222479269865399,s2,0.2535757236749385,0.2535757236749385,0.23069103969416682,0.2873843319516884,0.23069103969416682,0.24833014696006117,0,private_random
AOI-0009,2025-07-08,189,озимая пшеница,0.1666017179475622,s2,0.19059543528746112,0.19059543528746112,0.1771837956273122,0.23545083924784294,0.1771837956273122,0.19667756613677082,0,private_random
AOI-0009,2025-08-02,214,озимая пшеница,0.0868682372915363,s2,0.1686590267726728,0.1686590267726728,0.1673952666549502,0.23268953940395135,0.1673952666549502,0.16894143620867974,0,private_random
AOI-0009,2025-08-07,219,озимая пшеница,0.1718505081632345,s2,0.17357666434573785,0.17357666434573785,0.1633473316167369,0.22931238060856687,0.1633473316167369,0.17356264186130824,0,private_random
AOI-0009,2025-08-15,227,озимая пшеница,0.2209679989922757,landsat,0.21920636509001612,0.21920636509001612,0.22456336630493445,0.22733171038937935,0.22456336630493445,0.22142231193665077,0,private_random
AOI-0009,2025-08-29,241,озимая пшеница,0.1687289206196516,s2,0.15296675556381148,0.15296675556381148,0.15227025858331103,0.20682918872251457,0.15227025858331103,0.15664733748596202,0,private_random
AOI-0009,2025-09-01,244,озимая пшеница,0.1532552625697368,s2,0.16212450687208513,0.16212450687208513,0.1475607260189924,0.20317316541768946,0.1475607260189924,0.1590072582864704,0,private_random
AOI-0009,2025-10-08,281,озимая пшеница,0.1463276069459504,s2,0.14061676403304607,0.14061676403304607,0.13953324006497136,0.2012941062452289,0.13953324006497136,0.14532805904922372,0,private_random
AOI-0010,2010-04-07,97,озимая пшеница,0.594604081632653,modis,0.7376295142159948,0.7376295142159948,0.7491867060926354,0.7182834935297061,0.7491867060926354,0.6280075432016321,0,private_random
AOI-0010,2010-06-26,177,озимая пшеница,0.346234693877551,modis,0.4098230850181864,0.4098230850181864,0.41247560371995756,0.3638460941874859,0.41247560371995756,0.39514170870252413,0,private_random
AOI-0010,2010-09-14,257,озимая пшеница,0.303834693877551,modis,0.28879384093208343,0.28879384093208343,0.29132542262580335,0.238162207057684,0.29132542262580335,0.29194134209944017,0,private_random
AOI-0010,2011-04-07,97,озимая пшеница,0.4347224489795918,modis,0.4748273472010581,0.4748273472010581,0.4796206936933474,0.3981338033244288,0.4796206936933474,0.31089713348379566,0,private_random
AOI-0010,2011-07-16,197,озимая пшеница,0.3063779731075686,landsat,0.3095702674303856,0.3095702674303856,0.30864101654059645,0.31452627217592766,0.30864101654059645,0.3091079614407904,0,private_random
AOI-0010,2011-09-14,257,озимая пшеница,0.2999265306122449,modis,0.31179170210423524,0.31179170210423524,0.31469471239534486,0.26147285705833506,0.31469471239534486,0.306794810255944,0,private_random
AOI-0010,2012-09-13,257,озимая пшеница,0.2795704081632653,modis,0.2728906657612134,0.2728906657612134,0.297271590529689,0.24403602172951278,0.297271590529689,0.26648904543909174,0,private_random
AOI-0010,2012-09-29,273,озимая пшеница,0.3258265306122448,modis,0.28513030662812044,0.28513030662812044,0.3119484465555474,0.24557360201107362,0.3119484465555474,0.28343920829572467,0,private_random
AOI-0010,2013-04-07,97,озимая пшеница,0.6889336734693878,modis,0.8496342637492916,0.8496342637492916,0.8502909506234217,0.8382516912643704,0.8502909506234217,0.8395006676599234,0,private_random
AOI-0010,2013-04-24,114,озимая пшеница,0.8391384661161518,landsat,0.7691852302071994,0.7691852302071994,0.7700453560952429,0.7645978921376343,0.7700453560952429,0.8033940688422327,0,private_random
AOI-0010,2013-06-19,170,озимая пшеница,0.3121741358270364,landsat,0.3981011369590076,0.3981011369590076,0.39900707585849876,0.3932694628283882,0.39900707585849876,0.370226825838086,0,private_random
AOI-0010,2014-06-22,173,озимая пшеница,0.2556986764975163,landsat,0.36921672300021713,0.36921672300021713,0.3698845530824508,0.3638740823423479,0.3698845530824508,0.3991709883087815,0,private_random
AOI-0010,2014-08-01,213,озимая пшеница,0.2202136798922163,landsat,0.19550783088810508,0.19550783088810508,0.19519359773866002,0.19844067361625883,0.19519359773866002,0.18783186856213965,0,private_random
AOI-0010,2014-08-17,229,озимая пшеница,0.2298519756585908,landsat,0.19022278548046295,0.19022278548046295,0.1897963765162004,0.1936340571945634,0.1897963765162004,0.18760192373777798,0,private_random
AOI-0010,2015-08-12,224,озимая пшеница,0.1580782349742485,landsat,0.20625559757490416,0.20625559757490416,0.20582462681327593,0.21027799135010072,0.20582462681327593,0.208243451273965,0,private_random
AOI-0010,2015-08-13,225,озимая пшеница,0.2343826530612245,modis,0.24328596552610096,0.24328596552610096,0.27468278876926794,0.21001544178853795,0.27468278876926794,0.24449143102980422,0,private_random
AOI-0010,2015-09-30,273,озимая пшеница,0.2668928571428571,modis,0.2506279763751258,0.2506279763751258,0.28444935909775076,0.22148837294000331,0.28444935909775076,0.2504799242497575,0,private_random
AOI-0010,2016-04-06,97,озимая пшеница,0.7594224489795918,modis,0.6379864097661121,0.6379864097661121,0.6456893431570881,0.5974344533374262,0.6456893431570881,0.6253845358398028,0,private_random
AOI-0010,2016-06-19,171,озимая пшеница,0.4150384420380099,landsat,0.4288603944385913,0.4288603944385913,0.4297325113410971,0.4242091042918939,0.4297325113410971,0.4704330457089884,0,private_random
AOI-0010,2016-09-29,273,озимая пшеница,0.3346010204081632,modis,0.3038708379472445,0.3038708379472445,0.3082259259571193,0.24580299781558143,0.3082259259571193,0.31240564548278354,0,private_random
AOI-0010,2017-06-22,173,озимая пшеница,0.488821816830223,landsat,0.4613849594844892,0.4613849594844892,0.46456713385884224,0.452899161152881,0.46456713385884224,0.4669251239408575,0,private_random
AOI-0010,2017-06-26,177,озимая пшеница,0.3732632653061225,modis,0.4507122858292701,0.4507122858292701,0.45251620655620794,0.41222864365459566,0.45251620655620794,0.38926082900153797,0,private_random
AOI-0010,2017-07-12,193,озимая пшеница,0.2713724489795918,modis,0.30470976804960176,0.30470976804960176,0.3151302839926901,0.26358707083290245,0.3151302839926901,0.26195532018807005,0,private_random
AOI-0010,2017-07-28,209,озимая пшеница,0.2786244897959183,modis,0.2755452121498096,0.2755452121498096,0.2786554226093955,0.2174879502375393,0.2786554226093955,0.26118697335956226,0,private_random
AOI-0010,2017-08-06,218,озимая пшеница,0.1314738480397633,s2,0.15106629347671222,0.15106629347671222,0.14502908981988719,0.21546313248284607,0.14502908981988719,0.14215592799400228,0,private_random
AOI-0010,2017-10-04,277,озимая пшеница,0.1870839985143115,landsat,0.22013452972865993,0.22013452972865993,0.21912269384803654,0.23227656029614074,0.21912269384803654,0.2215415017123452,0,private_random
AOI-0010,2017-10-12,285,озимая пшеница,0.2325928196417714,landsat,0.21558829805495439,0.21558829805495439,0.21450530390801018,0.22280825903458243,0.21450530390801018,0.216899359775295,0,private_random
AOI-0010,2018-04-30,120,озимая пшеница,0.8262302914140945,landsat,0.822385804166472,0.822385804166472,0.8239081045686024,0.8061479332104158,0.8239081045686024,0.836293923305049,0,private_random
AOI-0010,2018-06-15,166,озимая пшеница,0.3125390540570005,s2,0.3469139949541405,0.3469139949541405,0.34090756492201935,0.38695686183494793,0.34090756492201935,0.3749485999247699,0,private_random
AOI-0010,2018-07-12,193,озимая пшеница,0.2492969387755102,modis,0.2747026187346712,0.2747026187346712,0.2940041367258484,0.2341807496753315,0.2940041367258484,0.2515584842953449,0,private_random
AOI-0010,2018-09-18,261,озимая пшеница,0.1570881020750713,s2,0.12869640659073692,0.12869640659073692,0.12405456223334237,0.17820941306961233,0.12405456223334237,0.12410656917118015,0,private_random
AOI-0010,2018-09-29,272,озимая пшеница,0.1993206563412938,landsat,0.17796111825366448,0.17796111825366448,0.1763282604878346,0.1910239803803037,0.1763282604878346,0.17334840686058317,0,private_random
AOI-0010,2019-04-23,113,озимая пшеница,0.700521646065298,s2,0.697787101407144,0.697787101407144,0.6878754883524009,0.7080658112416925,0.6878754883524009,0.6930247775032192,0,private_random
AOI-0010,2019-05-18,138,озимая пшеница,0.867588431214785,s2,0.7936560449813713,0.7936560449813713,0.7869826136826252,0.7941649048337767,0.7869826136826252,0.8014557198420995,0,private_random
AOI-0010,2019-06-02,153,озимая пшеница,0.7269190054233745,s2,0.6581831845508446,0.6581831845508446,0.6499437436438298,0.6561252456993197,0.6499437436438298,0.6792885594523835,0,private_random
AOI-0010,2019-06-04,155,озимая пшеница,0.6242495755856291,landsat,0.6203483799577916,0.6203483799577916,0.6331184278388561,0.6126921353343903,0.6331184278388561,0.6256566479583756,0,private_random
AOI-0010,2019-06-05,156,озимая пшеница,0.1891303955092733,s2,0.5835591649914311,0.5835591649914311,0.5686482638431065,0.5883104963138618,0.5686482638431065,0.6009008650797756,0,private_random
AOI-0010,2019-08-23,235,озимая пшеница,0.1962456414318981,landsat,0.22476907283027694,0.22476907283027694,0.23853601026319127,0.2417617569295162,0.23853601026319127,0.22075353651413118,0,private_random
AOI-0010,2019-09-14,257,озимая пшеница,0.2597551020408163,modis,0.255939428001194,0.255939428001194,0.2708443871898687,0.22094222525917548,0.2708443871898687,0.28999739962653903,0,private_random
AOI-0010,2019-09-18,261,озимая пшеница,0.1733696967881408,s2,0.21925002608051214,0.21925002608051214,0.21278047223490765,0.25375431325706943,0.21278047223490765,0.2163573138567889,0,private_random
AOI-0010,2019-09-25,268,озимая пшеница,0.2091444410901453,s2,0.26188280456166685,0.26188280456166685,0.2579791729863323,0.287907015063897,0.2579791729863323,0.2448399718101219,0,private_random
AOI-0010,2020-04-10,101,озимая пшеница,0.737865364441931,s2,0.6828468208175487,0.6828468208175487,0.6792722979763606,0.7023653079855228,0.6792722979763606,0.6837998289197545,0,private_random
AOI-0010,2020-04-22,113,озимая пшеница,0.700018875597316,s2,0.6860882352758644,0.6860882352758644,0.6635772140955346,0.6872327851116024,0.6635772140955346,0.6806071795060984,0,private_random
AOI-0010,2020-04-30,121,озимая пшеница,0.6936019311358331,s2,0.6531384216948417,0.6531384216948417,0.6503154012616597,0.6870146668930267,0.6503154012616597,0.6579080389889976,0,private_random
AOI-0010,2020-05-24,145,озимая пшеница,0.578034693877551,modis,0.6668097746203852,0.6668097746203852,0.6800937478173802,0.6021543000078923,0.6800937478173802,0.630727880126497,0,private_random
AOI-0010,2020-08-05,218,озимая пшеница,0.1522780794911652,s2,0.14677829937504921,0.14677829937504921,0.14200903255060957,0.21036852370091122,0.14200903255060957,0.15178196985725287,0,private_random
AOI-0010,2020-08-09,222,озимая пшеница,0.1759620142454839,landsat,0.21467482619597675,0.21467482619597675,0.2143505590715456,0.21813367552324234,0.2143505590715456,0.2167375738025022,0,private_random
AOI-0010,2020-08-23,236,озимая пшеница,0.1624924453968348,s2,0.16402992336754044,0.16402992336754044,0.15835856714050095,0.22452438978929493,0.15835856714050095,0.1618707261209048,0,private_random
AOI-0010,2020-09-10,254,озимая пшеница,0.1769034942105229,landsat,0.20466420344701935,0.20466420344701935,0.2189538792433801,0.21510139743893572,0.2189538792433801,0.21121210033013343,0,private_random
AOI-0010,2020-10-07,281,озимая пшеница,0.1724728431421358,s2,0.15815181560060648,0.15815181560060648,0.1538449764639674,0.2098338852402758,0.1538449764639674,0.15369832407845768,0,private_random
AOI-0010,2021-05-15,135,озимая пшеница,0.238377098677486,s2,0.30756528048507176,0.30756528048507176,0.2907825624476564,0.3971383475339451,0.2907825624476564,0.3164641744542723,0,private_random
AOI-0010,2021-07-16,197,озимая пшеница,0.2243987636460507,s2,0.24308066539711265,0.24308066539711265,0.2397102906220096,0.2835251626983494,0.2397102906220096,0.24285691022382222,0,private_random
AOI-0010,2021-07-19,200,озимая пшеница,0.2284277564687625,s2,0.25327465422734746,0.25327465422734746,0.24117195594208846,0.2848376457461707,0.24117195594208846,0.24609643536706174,0,private_random
AOI-0010,2021-07-21,202,озимая пшеница,0.2091758193262887,s2,0.24657504423309962,0.24657504423309962,0.24280985168267818,0.28673709810426184,0.24280985168267818,0.24156980031004827,0,private_random
AOI-0010,2021-08-13,225,озимая пшеница,0.3762857142857143,modis,0.34699903275391425,0.34699903275391425,0.3606306657105641,0.31791821577972795,0.3606306657105641,0.359832423847555,0,private_random
AOI-0010,2021-08-25,237,озимая пшеница,0.3325284679248927,s2,0.3092230127322885,0.3092230127322885,0.3061923452361057,0.3455910226864823,0.3061923452361057,0.31208307338302543,0,private_random
AOI-0010,2021-08-30,242,озимая пшеница,0.3077535989562597,s2,0.3257924396683087,0.3257924396683087,0.3243846506609808,0.3408088557464725,0.3243846506609808,0.32845895235945555,0,private_random
AOI-0010,2021-10-22,295,озимая пшеница,0.3522216718928065,s2,0.26833916281196424,0.26833916281196424,0.26487956163897725,0.31446717845179034,0.26487956163897725,0.2604502421824684,0,private_random
AOI-0010,2022-04-02,92,озимая пшеница,0.4597860042188753,s2,0.5726462532544104,0.5726462532544104,0.5642763298992136,0.5949660488682683,0.5642763298992136,0.617649032137415,0,private_random
AOI-0010,2022-06-29,180,озимая пшеница,0.313933634502468,s2,0.33799482538805786,0.33799482538805786,0.32119050146799066,0.3578688747814152,0.32119050146799066,0.3501560150358596,0,private_random
AOI-0010,2022-07-14,195,озимая пшеница,0.2775403872611983,s2,0.25808201380195855,0.25808201380195855,0.24234512559736898,0.2927179858495685,0.24234512559736898,0.2456932201154076,0,private_random
AOI-0010,2022-07-29,210,озимая пшеница,0.2594947681443244,s2,0.2818861996288451,0.2818861996288451,0.2630900443677419,0.31309151696290466,0.2630900443677419,0.27577014118476956,0,private_random
AOI-0010,2022-08-08,220,озимая пшеница,0.3291984309466232,s2,0.31421666859443226,0.31421666859443226,0.2954824915185063,0.3394214064606141,0.2954824915185063,0.3124486749839541,0,private_random
AOI-0010,2022-08-28,240,озимая пшеница,0.3105628218966045,s2,0.32708887432750977,0.32708887432750977,0.32518351120926,0.34741274758884133,0.32518351120926,0.3241516231975141,0,private_random
AOI-0010,2022-08-29,241,озимая пшеница,0.3569969387755102,modis,0.3606064232962125,0.3606064232962125,0.36143345762113116,0.34516844923106477,0.36143345762113116,0.33394104672180736,0,private_random
AOI-0010,2022-10-14,287,озимая пшеница,0.2738697158270139,s2,0.24122741284314694,0.24122741284314694,0.23718018210292782,0.28439787407215117,0.23718018210292782,0.24597745114893174,0,private_random
AOI-0010,2023-05-09,129,озимая пшеница,0.7937663265306123,modis,0.712840278777034,0.712840278777034,0.7144853285274422,0.6799392837688707,0.7144853285274422,0.7349371705500012,0,private_random
AOI-0010,2023-05-15,135,озимая пшеница,0.7088088830604311,s2,0.6641114436281307,0.6641114436281307,0.6496759824604401,0.6877635506784819,0.6496759824604401,0.6917867352641373,0,private_random
AOI-0010,2023-06-07,158,озимая пшеница,0.7592088721538461,landsat,0.6571744176298824,0.6571744176298824,0.6588946550876459,0.6434125179677738,0.6588946550876459,0.6902925703657958,0,private_random
AOI-0010,2023-08-05,217,озимая пшеница,0.2637910982758849,s2,0.24053986979157937,0.24053986979157937,0.2346453414185847,0.2876960967755368,0.2346453414185847,0.22877988165934066,0,private_random
AOI-0010,2023-08-15,227,озимая пшеница,0.2668843789862342,s2,0.23040113047980093,0.23040113047980093,0.2262376271766277,0.28036317011787976,0.2262376271766277,0.23152804595027976,0,private_random
AOI-0010,2023-08-18,230,озимая пшеница,0.2443247155227096,s2,0.2560446715956083,0.2560446715956083,0.2335460844127926,0.28566309535773904,0.2335460844127926,0.25190383562177754,0,private_random
AOI-0010,2023-10-05,278,озимая пшеница,0.3030466517965541,landsat,0.297983078854035,0.297983078854035,0.2958796016577722,0.3063969876390863,0.2958796016577722,0.2921441004941882,0,private_random
AOI-0010,2023-10-14,287,озимая пшеница,0.2506277155764584,s2,0.2703170361616236,0.2703170361616236,0.26687637926527075,0.3070173763893876,0.26687637926527075,0.26171002832860113,0,private_random
AOI-0010,2023-10-16,289,озимая пшеница,0.3692265306122449,modis,0.33140023556897935,0.33140023556897935,0.3584298972966441,0.30796267833214597,0.3584298972966441,0.32522370620306096,0,private_random
AOI-0010,2024-04-09,100,озимая пшеница,0.6594225289388598,s2,0.6326929917161302,0.6326929917161302,0.6309970969607589,0.6553049217877488,0.6309970969607589,0.6687565296219403,0,private_random
AOI-0010,2024-04-22,113,озимая пшеница,0.7528978205439173,landsat,0.7036520256166476,0.7036520256166476,0.6965300157875343,0.6989532843251701,0.6965300157875343,0.7986131133715232,0,private_random
AOI-0010,2024-06-15,167,озимая пшеница,0.2391145216775425,s2,0.32428722921266445,0.32428722921266445,0.2921716251474225,0.3511830847786259,0.2921716251474225,0.32033638624774086,0,private_random
AOI-0010,2024-06-23,175,озимая пшеница,0.2188345751645982,s2,0.23685162931785542,0.23685162931785542,0.22740709861658379,0.2998151673263328,0.22740709861658379,0.23030245961433093,0,private_random
AOI-0010,2024-08-19,232,озимая пшеница,0.2084240777183119,s2,0.22409321387859577,0.22409321387859577,0.20006244493825417,0.25965344639046367,0.20006244493825417,0.22334847223491827,0,private_random
AOI-0010,2024-08-22,235,озимая пшеница,0.1882451109348621,s2,0.2077177551664893,0.2077177551664893,0.1982221953042875,0.25810047955975685,0.1982221953042875,0.20733385076447486,0,private_random
AOI-0010,2024-09-13,257,озимая пшеница,0.199034411441886,s2,0.23588343266355283,0.23588343266355283,0.20477345777341113,0.2470472209587783,0.20477345777341113,0.2371696086310806,0,private_random
AOI-0010,2025-04-19,109,озимая пшеница,0.4535804521649537,s2,0.43727427520359685,0.43727427520359685,0.43037389278576194,0.48156369183940767,0.43037389278576194,0.40110328869848255,0,private_random
AOI-0010,2025-04-28,118,озимая пшеница,0.5782212626526136,s2,0.570311852524272,0.570311852524272,0.569420615268677,0.603584710066479,0.569420615268677,0.5431369258717685,0,private_random
AOI-0010,2025-05-25,145,озимая пшеница,0.6680316326530612,modis,0.7409739723140806,0.7409739723140806,0.7418968377117979,0.7312969637637469,0.7418968377117979,0.7095195540429005,0,private_random
AOI-0010,2025-08-07,219,озимая пшеница,0.1774454621583887,s2,0.16366167967241532,0.16366167967241532,0.15322510849308987,0.22111625772192586,0.15322510849308987,0.16437096797763986,0,private_random
AOI-0010,2025-08-22,234,озимая пшеница,0.1823869530035692,s2,0.1755028031619084,0.1755028031619084,0.17434046443677498,0.23749420183568945,0.17434046443677498,0.1709617380796938,0,private_random
AOI-0010,2025-09-13,256,озимая пшеница,0.1956803613825505,s2,0.19289303022352763,0.19289303022352763,0.19199000455525042,0.23383019385209447,0.19199000455525042,0.19195447000520047,0,private_random
AOI-0010,2025-09-21,264,озимая пшеница,0.2134343727643803,s2,0.20383001644295445,0.20383001644295445,0.20298898443942606,0.2464423046217276,0.20298898443942606,0.19965529862232956,0,private_random
AOI-0010,2025-09-23,266,озимая пшеница,0.1983293766614815,s2,0.2203799420028868,0.2203799420028868,0.20571790536388146,0.24991655049502728,0.20571790536388146,0.21698007438480238,0,private_random
AOI-0010,2025-10-08,281,озимая пшеница,0.2283176121572792,s2,0.2486960957595484,0.2486960957595484,0.24790890722468706,0.2927786537117835,0.24790890722468706,0.24536531500989006,0,private_random
AOI-0011,2025-04-14,104,озимая пшеница,0.7775348468032379,s2,0.7227547902232209,0.7227547902232209,0.7225274772395245,0.7342719813971718,0.7225274772395245,0.7333044303280533,0,private_random
AOI-0011,2025-04-16,106,озимая пшеница,0.5967689547641181,s2,0.7531845296834045,0.7531845296834045,0.7503730801679419,0.7582955392542651,0.7503730801679419,0.761066230828195,0,private_random
AOI-0011,2025-05-01,121,озимая пшеница,0.8399160856252283,s2,0.82123796039717,0.82123796039717,0.820930581105796,0.8143184205901336,0.820930581105796,0.8423849982470243,0,private_random
AOI-0011,2025-05-09,129,озимая пшеница,0.8619612838915474,modis,0.7935638680875369,0.7935638680875369,0.7919398591096168,0.804138599291806,0.7919398591096168,0.8066563313544872,0,private_random
AOI-0011,2025-06-04,155,озимая пшеница,0.5509827633712704,landsat,0.5225484587961204,0.5225484587961204,0.535141944285051,0.517020868129073,0.535141944285051,0.5520485068611609,0,private_random
AOI-0011,2025-06-13,164,озимая пшеница,0.3157190862281857,s2,0.3361186878169908,0.3361186878169908,0.30934790155170194,0.36559969972729456,0.30934790155170194,0.3452993565508068,0,private_random
AOI-0011,2025-06-26,177,озимая пшеница,0.330088716108453,modis,0.3441951045895306,0.3441951045895306,0.3450016617435068,0.2796705322714344,0.3450016617435068,0.3422984893689206,0,private_random
AOI-0011,2025-07-14,195,озимая пшеница,0.2690582486334094,landsat,0.2584313834754469,0.2584313834754469,0.27373476407859787,0.2624272248941857,0.27373476407859787,0.2622312738087611,0,private_random
AOI-0011,2025-08-09,221,озимая пшеница,0.2049456093566158,s2,0.21761761023886717,0.21761761023886717,0.21658190559852303,0.2714742515367617,0.21658190559852303,0.2242283376203637,0,private_random
AOI-0011,2025-08-17,229,озимая пшеница,0.2235639692698729,s2,0.22515299769259195,0.22515299769259195,0.21416237648619885,0.27019427470250257,0.21416237648619885,0.22726757601673775,0,private_random
AOI-0012,2025-05-06,126,озимая пшеница,0.5700515864585757,s2,0.5969338406611346,0.5969338406611346,0.595808386126068,0.6434526281105518,0.595808386126068,0.6011766360876825,0,private_random
AOI-0012,2025-05-09,129,озимая пшеница,0.5870928870292887,modis,0.7059891112876309,0.7059891112876309,0.7164829050161755,0.6731206681925278,0.7164829050161755,0.7525392726186809,0,private_random
AOI-0012,2025-05-27,147,озимая пшеница,0.768842870588723,landsat,0.6627366946746539,0.6627366946746539,0.6629808935948928,0.6558991249079644,0.6629808935948928,0.6979059423661307,0,private_random
AOI-0012,2025-07-15,196,озимая пшеница,0.1399379979080713,s2,0.17382201225611665,0.17382201225611665,0.17048793314596755,0.22838258217531374,0.17048793314596755,0.171253835783622,0,private_random
AOI-0012,2025-07-28,209,озимая пшеница,0.1573371976617419,s2,0.18833087189552325,0.18833087189552325,0.1537502423714275,0.21330506732354884,0.1537502423714275,0.19012208246264753,0,private_random
AOI-0012,2025-08-22,234,озимая пшеница,0.1680691267734802,s2,0.1658314010066149,0.1658314010066149,0.16461450032534283,0.2307327706744576,0.16461450032534283,0.17232200414404358,0,private_random
AOI-0012,2025-08-31,243,озимая пшеница,0.2165062279573366,landsat,0.2049054346053872,0.2049054346053872,0.2205891448830684,0.2177494289447209,0.2205891448830684,0.20377489649644603,0,private_random
AOI-0012,2025-09-25,268,озимая пшеница,0.1715562866301286,s2,0.21290145340662167,0.21290145340662167,0.20820613053823986,0.2514230725488307,0.20820613053823986,0.2144665284608604,0,private_random
AOI-0012,2025-10-08,281,озимая пшеница,0.1937010512419634,s2,0.2250093781529369,0.2250093781529369,0.22406875675483834,0.2776841764464563,0.22406875675483834,0.22493423740204663,0,private_random
AOI-0012,2025-10-13,286,озимая пшеница,0.2258492613102825,s2,0.2331033207510209,0.2331033207510209,0.23128320331500357,0.2864934322075275,0.23128320331500357,0.22805636933824197,0,private_random
AOI-0013,2010-07-13,194,озимая пшеница,0.3264460867047308,landsat,0.3819335193504845,0.3819335193504845,0.38170346648644665,0.38408067941483703,0.38170346648644665,0.4119307131814923,0,private_random
AOI-0013,2010-08-06,218,озимая пшеница,0.2902032427282096,landsat,0.3605713959468083,0.3605713959468083,0.3607890297571246,0.35912050387803235,0.3607890297571246,0.36500023666266745,0,private_random
AOI-0013,2010-08-22,234,озимая пшеница,0.2261415193562103,landsat,0.27238026913754837,0.27238026913754837,0.27211298139259543,0.274874954757109,0.27211298139259543,0.28047460104751437,0,private_random
AOI-0013,2010-10-01,274,озимая пшеница,0.1873629662422297,landsat,0.1978660716455684,0.1978660716455684,0.1942645536280435,0.20747011969230153,0.1942645536280435,0.17323371935167794,0,private_random
AOI-0013,2011-04-19,109,озимая пшеница,0.2645237075304155,landsat,0.19448434461571476,0.19448434461571476,0.1918213906657558,0.21933858148199828,0.1918213906657558,0.1639950299772258,0,private_random
AOI-0013,2011-06-22,173,озимая пшеница,0.3126952313414736,landsat,0.44670578614373635,0.44670578614373635,0.44687874023952184,0.44463033699431076,0.44687874023952184,0.48734365365799015,0,private_random
AOI-0013,2011-06-26,177,озимая пшеница,0.7757607228915663,modis,0.49525575507854275,0.49525575507854275,0.4973007851812539,0.45708185982793476,0.4973007851812539,0.5255367124928165,0,private_random
AOI-0013,2011-07-28,209,озимая пшеница,0.4984231325301205,modis,0.422750229220487,0.422750229220487,0.4250232028515479,0.3803213881073515,0.4250232028515479,0.39571162795606935,0,private_random
AOI-0013,2011-09-02,245,озимая пшеница,0.43968618880515,landsat,0.39508082873182054,0.39508082873182054,0.3936124147004741,0.412701797107978,0.3936124147004741,0.38083375988862306,0,private_random
AOI-0013,2012-04-04,95,озимая пшеница,0.5141913894916389,landsat,0.4179949540047023,0.4179949540047023,0.4159985465444649,0.4313043370729513,0.4159985465444649,0.40036028183096717,0,private_random
AOI-0013,2012-04-22,113,озимая пшеница,0.4608732530120482,modis,0.5064020352954856,0.5064020352954856,0.5174861782809455,0.44602488938864254,0.5174861782809455,0.5169148244108391,0,private_random
AOI-0013,2012-07-18,200,озимая пшеница,0.4206288997567121,landsat,0.4360695150869569,0.4360695150869569,0.4350084066701913,0.4445583824210817,0.4350084066701913,0.45263007450329773,0,private_random
AOI-0013,2013-04-23,113,озимая пшеница,0.3626269879518072,modis,0.4049267152436717,0.4049267152436717,0.4092284194668988,0.3188926307791297,0.4092284194668988,0.4246439345865643,0,private_random
AOI-0013,2013-09-22,265,озимая пшеница,0.6462500152159034,landsat,0.5539932001120114,0.5539932001120114,0.5547470154895295,0.5519830257719627,0.5547470154895295,0.5391553183012511,0,private_random
AOI-0013,2013-09-30,273,озимая пшеница,0.5313674698795181,modis,0.5257220527894038,0.5257220527894038,0.5122189973345724,0.5348835706411926,0.5122189973345724,0.5683160263741811,0,private_random
AOI-0013,2013-10-16,289,озимая пшеница,0.6091082648177901,landsat,0.5405968396788028,0.5405968396788028,0.5171714077681457,0.5551683904099504,0.5994217704244347,0.5465631277853955,0,private_random
AOI-0013,2014-06-21,172,озимая пшеница,0.4860181806552222,landsat,0.3780247064630137,0.3780247064630137,0.3792896042745018,0.3746516456323787,0.3792896042745018,0.3789872781888322,0,private_random
AOI-0013,2014-08-09,221,озимая пшеница,0.2712430972996255,landsat,0.37081603496891896,0.37081603496891896,0.37114446194987616,0.36906442440381376,0.37114446194987616,0.3696445978786279,0,private_random
AOI-0013,2014-08-17,229,озимая пшеница,0.4249368656036874,landsat,0.3650556472582297,0.3650556472582297,0.36524932426658957,0.3635062311913506,0.36524932426658957,0.36496324145352876,0,private_random
AOI-0013,2014-08-29,241,озимая пшеница,0.3226959036144578,modis,0.4005789378518587,0.4005789378518587,0.4022258187968179,0.3654454776927303,0.4022258187968179,0.4034315125819094,0,private_random
AOI-0013,2014-09-30,273,озимая пшеница,0.3199672289156627,modis,0.3914731599828922,0.3914731599828922,0.3926200555178708,0.3715936373765958,0.3926200555178708,0.39362570613862646,0,private_random
AOI-0013,2015-06-10,161,озимая пшеница,0.5242889156626506,modis,0.50472870186243,0.50472870186243,0.5096505165183549,0.48240203006918786,0.5096505165183549,0.5385741471606849,0,private_random
AOI-0013,2015-07-02,183,озимая пшеница,0.6566784336330741,landsat,0.5190673252954464,0.5190673252954464,0.519557320859913,0.5158006881990017,0.519557320859913,0.5288747699558511,0,private_random
AOI-0013,2015-08-03,215,озимая пшеница,0.4016001399500519,landsat,0.4391059295775807,0.4391059295775807,0.43989226472943815,0.4349121421010076,0.43989226472943815,0.43380159175109373,0,private_random
AOI-0013,2015-08-12,224,озимая пшеница,0.3614546850510743,landsat,0.3889892477184085,0.3889892477184085,0.3891935680467095,0.38708225798759877,0.3891935680467095,0.40459364603172077,0,private_random
AOI-0013,2015-09-30,273,озимая пшеница,0.306315421686747,modis,0.3669286741795974,0.3669286741795974,0.3776056946648256,0.34970147735332374,0.3776056946648256,0.3659625094677208,0,private_random
AOI-0013,2016-04-06,97,озимая пшеница,0.3847624096385542,modis,0.467313804461886,0.467313804461886,0.48087695491014604,0.4022090260665519,0.48087695491014604,0.4740813968058345,0,private_random
AOI-0013,2016-05-08,129,озимая пшеница,0.496227469879518,modis,0.5314692735786863,0.5314692735786863,0.5479143184839623,0.4669194048942849,0.5479143184839623,0.5226892675840527,0,private_random
AOI-0013,2016-06-09,161,озимая пшеница,0.5401592771084337,modis,0.5458695628673862,0.5458695628673862,0.547265897830817,0.5253899834037349,0.547265897830817,0.53273110104574,0,private_random
AOI-0013,2016-06-27,179,озимая пшеница,0.4670224788351581,landsat,0.5225381357462073,0.5225381357462073,0.523336995509153,0.5150821112920471,0.523336995509153,0.5136399368425979,0,private_random
AOI-0013,2016-08-29,242,озимая пшеница,0.7472062174599077,landsat,0.6296615453257038,0.6296615453257038,0.6290411948212388,0.6337972153554708,0.6290411948212388,0.66515022216962,0,private_random
AOI-0013,2017-04-02,92,озимая пшеница,0.2238152449368226,landsat,0.29113612155003255,0.29113612155003255,0.2876380656472652,0.3144564942351484,0.2876380656472652,0.28551091482120267,0,private_random
AOI-0013,2017-04-03,93,озимая пшеница,0.2591604895679039,landsat,0.26384926021723154,0.26384926021723154,0.24478811283470206,0.3175217342605412,0.291374950907314,0.2552732562778148,0,private_random
AOI-0013,2017-06-06,157,озимая пшеница,0.4918994979772235,landsat,0.5760470035850035,0.5760470035850035,0.5767483476717267,0.5704362508912174,0.5767483476717267,0.5993806686629742,0,private_random
AOI-0013,2017-08-21,233,озимая пшеница,0.394118360714329,s2,0.3997197446207384,0.3997197446207384,0.39712894429946566,0.4239005476192834,0.39712894429946566,0.35323979885671236,0,private_random
AOI-0013,2017-09-10,253,озимая пшеница,0.4702540603579097,s2,0.45442984983325346,0.45442984983325346,0.4551582918911132,0.4486023133703754,0.4551582918911132,0.4774863749433889,0,private_random
AOI-0013,2017-09-20,263,озимая пшеница,0.4725764451863521,s2,0.45244880515405383,0.45244880515405383,0.45248683249775246,0.4520938832795325,0.45248683249775246,0.4482479359276096,0,private_random
AOI-0013,2017-10-11,284,озимая пшеница,0.3869932928466884,landsat,0.430702919333228,0.430702919333228,0.4316109627799416,0.42222784716390155,0.4316109627799416,0.4279108396173447,0,private_random
AOI-0013,2018-05-01,121,озимая пшеница,0.2656229476279623,s2,0.2699280591340889,0.2699280591340889,0.23928872192275813,0.3395174150530096,0.23928872192275813,0.2532224305976728,0,private_random
AOI-0013,2018-06-09,160,озимая пшеница,0.3790263671055333,landsat,0.4580896471804414,0.4580896471804414,0.4586659975777443,0.4511734424128062,0.4586659975777443,0.4407125401270221,0,private_random
AOI-0013,2018-06-26,177,озимая пшеница,0.4944493975903615,modis,0.4348049949179805,0.4348049949179805,0.44546101601188925,0.4020780974182682,0.44546101601188925,0.44123304554078807,0,private_random
AOI-0013,2018-07-02,183,озимая пшеница,0.3308837026337528,s2,0.37718218240925055,0.37718218240925055,0.36649521237877464,0.40149265573142845,0.36649521237877464,0.3758295667538148,0,private_random
AOI-0013,2018-07-10,191,озимая пшеница,0.3173942830145503,landsat,0.37744989589139893,0.37744989589139893,0.37785196061994564,0.37369729175829614,0.37785196061994564,0.3852651029687656,0,private_random
AOI-0013,2018-08-29,241,озимая пшеница,0.3434626506024096,modis,0.4409617813992342,0.4409617813992342,0.4471834951101879,0.42295609505966353,0.4471834951101879,0.441759557730936,0,private_random
AOI-0013,2018-09-30,273,озимая пшеница,0.3576053012048193,modis,0.42446187184942,0.42446187184942,0.4248678510616211,0.4143063017934161,0.4248678510616211,0.4205123048574387,0,private_random
AOI-0013,2019-04-28,118,озимая пшеница,0.4104646089989433,s2,0.3754121769208109,0.3754121769208109,0.3677278532695935,0.42664100126225996,0.3677278532695935,0.37821998094733744,0,private_random
AOI-0013,2019-05-28,148,озимая пшеница,0.4492726926754119,s2,0.43697155937981863,0.43697155937981863,0.42891228429374756,0.5014457600683873,0.42891228429374756,0.4386904496697704,0,private_random
AOI-0013,2019-05-31,151,озимая пшеница,0.3543907764910046,s2,0.44189048544032505,0.44189048544032505,0.43809454136214426,0.4773192968366791,0.43809454136214426,0.44764397484397733,0,private_random
AOI-0013,2019-06-26,177,озимая пшеница,0.5773481927710844,modis,0.4707884534737759,0.4707884534737759,0.4760805995875299,0.4467058918438092,0.4760805995875299,0.47162664931863013,0,private_random
AOI-0013,2019-07-20,201,озимая пшеница,0.4038225732760535,s2,0.531290837470727,0.531290837470727,0.530666387603978,0.5371190362270504,0.530666387603978,0.5384196471118708,0,private_random
AOI-0013,2019-08-19,231,озимая пшеница,0.6050559316444535,s2,0.501767815856747,0.501767815856747,0.5007355684714395,0.5100257949392067,0.5007355684714395,0.48331894110595464,0,private_random
AOI-0013,2019-09-15,258,озимая пшеница,0.4678292449096162,s2,0.40600573128525,0.40600573128525,0.4032779269995561,0.4160083890086608,0.4032779269995561,0.3958791013506388,0,private_random
AOI-0013,2019-09-25,268,озимая пшеница,0.5742218491095229,s2,0.31387422378173757,0.31387422378173757,0.31031715236772944,0.337588033208458,0.31031715236772944,0.30594062614624984,0,private_random
AOI-0013,2019-10-13,286,озимая пшеница,0.5887200968283928,s2,0.38374514421875777,0.38374514421875777,0.38147073654318503,0.4140705798930608,0.38147073654318503,0.38026816378856665,0,private_random
AOI-0013,2019-10-28,301,озимая пшеница,0.3214299295933237,s2,0.4781645244787981,0.4781645244787981,0.4728800309934023,0.49921982739183535,0.4728800309934023,0.45655302867552267,0,private_random
AOI-0013,2020-04-25,116,озимая пшеница,0.3606679340246042,s2,0.33467984700058645,0.33467984700058645,0.32774475946158177,0.3901605473126239,0.32774475946158177,0.33370749548445844,0,private_random
AOI-0013,2020-05-30,151,озимая пшеница,0.2351605430288226,s2,0.4066356785113481,0.4066356785113481,0.38346928381967077,0.4309647005118797,0.38346928381967077,0.42820854602394154,0,private_random
AOI-0013,2020-06-05,157,озимая пшеница,0.5252277287822524,landsat,0.48522145664433713,0.48522145664433713,0.48754978207955857,0.46969928707619385,0.48754978207955857,0.487043106285746,0,private_random
AOI-0013,2020-06-29,181,озимая пшеница,0.4807981715105592,s2,0.4980781714539366,0.4980781714539366,0.4978689390355975,0.5000310073584348,0.4978689390355975,0.46848846275526657,0,private_random
AOI-0013,2020-08-09,222,озимая пшеница,0.4195121969241863,landsat,0.42374944112937535,0.42374944112937535,0.42469270367709067,0.41368797395374485,0.42469270367709067,0.4114512304349297,0,private_random
AOI-0013,2020-08-24,237,озимая пшеница,0.4643905446840499,landsat,0.4257970172953169,0.4257970172953169,0.42716316720249475,0.41668935124746403,0.42716316720249475,0.4376562719716251,0,private_random
AOI-0013,2020-09-14,258,озимая пшеница,0.4423996284181312,s2,0.3637643109562434,0.3637643109562434,0.3623249474058597,0.37527921935931335,0.3623249474058597,0.4040018235375803,0,private_random
AOI-0013,2020-09-24,268,озимая пшеница,0.357907536426122,s2,0.37146170204536266,0.37146170204536266,0.36114034515888965,0.3890451412181269,0.36114034515888965,0.35726888820007985,0,private_random
AOI-0013,2020-09-27,271,озимая пшеница,0.3639422544920449,s2,0.3693059714124485,0.3693059714124485,0.358590063545258,0.3855960328492533,0.358590063545258,0.3566211327747825,0,private_random
AOI-0013,2020-09-29,273,озимая пшеница,0.2816171084337349,modis,0.40245366658056636,0.40245366658056636,0.4147527510330169,0.3877297452208233,0.4147527510330169,0.39977484246320755,0,private_random
AOI-0013,2020-10-20,294,озимая пшеница,0.4980656060208398,landsat,0.32164838946008273,0.32164838946008273,0.32485798319780623,0.33819564318790835,0.32485798319780623,0.3149519460671369,0,private_random
AOI-0013,2021-05-12,132,озимая пшеница,0.4573079148226726,s2,0.45903356201012013,0.45903356201012013,0.4518492954279449,0.526086716777089,0.4518492954279449,0.4651424683963429,0,private_random
AOI-0013,2021-05-23,143,озимая пшеница,0.5654424536898655,landsat,0.5828809926352856,0.5828809926352856,0.582398022479442,0.5873887140898265,0.582398022479442,0.5734474548493635,0,private_random
AOI-0013,2021-05-31,151,озимая пшеница,0.6102406453990324,landsat,0.589896836790188,0.589896836790188,0.5930151930530376,0.5774234117387899,0.5930151930530376,0.6104956192183697,0,private_random
AOI-0013,2021-06-16,167,озимая пшеница,0.4282722099253808,s2,0.558253617129094,0.558253617129094,0.5474569295009619,0.5701992254324358,0.5474569295009619,0.5639162798682269,0,private_random
AOI-0013,2021-06-19,170,озимая пшеница,0.5253292840152904,s2,0.5484177238920471,0.5484177238920471,0.5398920851598177,0.5635354864870125,0.5398920851598177,0.5558370746858581,0,private_random
AOI-0013,2021-07-18,199,озимая пшеница,0.476880680705789,landsat,0.5556271127813133,0.5556271127813133,0.5606813595863599,0.5335691350528106,0.5606813595863599,0.5657234796822905,0,private_random
AOI-0013,2021-07-19,200,озимая пшеница,0.49799127458726,s2,0.5238245414326855,0.5238245414326855,0.518559208164328,0.5220252234906831,0.518559208164328,0.5384559184427139,0,private_random
AOI-0013,2021-08-29,241,озимая пшеница,0.4232224096385542,modis,0.4796060811062747,0.4796060811062747,0.46331413613258937,0.48818636065472637,0.46331413613258937,0.4764759100265382,0,private_random
AOI-0013,2021-09-07,250,озимая пшеница,0.5132456689121134,s2,0.4764699407599412,0.4764699407599412,0.4744894638348288,0.47424254512619335,0.4744894638348288,0.4775734246347683,0,private_random
AOI-0013,2021-10-02,275,озимая пшеница,0.4859220141492981,s2,0.3537282496898889,0.3537282496898889,0.35106496294944106,0.38213664158799904,0.35106496294944106,0.3748501920479737,0,private_random
AOI-0013,2022-05-27,147,озимая пшеница,0.4926123725122981,s2,0.4958823359514402,0.4958823359514402,0.4695558463918236,0.5401833955302778,0.4695558463918236,0.4911760265365193,0,private_random
AOI-0013,2022-06-03,154,озимая пшеница,0.4651850858756327,landsat,0.4886413861962783,0.4886413861962783,0.49966415319008234,0.4802977870531053,0.49966415319008234,0.4879470049557396,0,private_random
AOI-0013,2022-06-11,162,озимая пшеница,0.3787864152424748,s2,0.43210063672286886,0.43210063672286886,0.41327689033076775,0.45804148688980434,0.41327689033076775,0.4241378024755112,0,private_random
AOI-0013,2022-06-12,163,озимая пшеница,0.4195849711094588,landsat,0.4553173516990433,0.4553173516990433,0.47324727501069497,0.45560512093746014,0.47324727501069497,0.44866358206483753,0,private_random
AOI-0013,2022-08-22,234,озимая пшеница,0.5697503610910015,landsat,0.5435750972470187,0.5435750972470187,0.5476238030609556,0.5280772895301541,0.5476238030609556,0.5532619316932176,0,private_random
AOI-0013,2022-09-17,260,озимая пшеница,0.364595534079839,s2,0.42055890523692446,0.42055890523692446,0.41853683451121293,0.43943156534356526,0.41853683451121293,0.42617321924930507,0,private_random
AOI-0013,2022-10-01,274,озимая пшеница,0.4722558348539314,landsat,0.3862053733961141,0.3862053733961141,0.39044998271069586,0.3933144442510257,0.39044998271069586,0.3783717714986748,0,private_random
AOI-0013,2022-10-17,290,озимая пшеница,0.3889179309659649,s2,0.3952560940230526,0.3952560940230526,0.38808630948482403,0.41146756569880577,0.38808630948482403,0.37457384400415894,0,private_random
AOI-0013,2022-10-18,291,озимая пшеница,0.4492461433679334,landsat,0.4075028313872375,0.4075028313872375,0.4066643060346568,0.4153290680113237,0.4066643060346568,0.39752636088247023,0,private_random
AOI-0013,2023-05-20,140,озимая пшеница,0.4161454261174615,s2,0.46711581231652416,0.46711581231652416,0.4602249925101837,0.5406178902508225,0.4602249925101837,0.49019969280811165,0,private_random
AOI-0013,2023-05-25,145,озимая пшеница,0.6365079518072289,modis,0.594710526792598,0.594710526792598,0.6382280810963443,0.5333680641751061,0.6382280810963443,0.5934502226152191,0,private_random
AOI-0013,2023-06-06,157,озимая пшеница,0.4369345404243553,s2,0.5047062317411012,0.5047062317411012,0.5263152940959579,0.5126707418951191,0.47758068039217033,0.5103285710557338,0,private_random
AOI-0013,2023-06-22,173,озимая пшеница,0.5606017344157892,landsat,0.5743376679646514,0.5743376679646514,0.586519911776499,0.5661104694245306,0.586519911776499,0.5783295461904727,0,private_random
AOI-0013,2023-07-04,185,озимая пшеница,0.3023939684174362,s2,0.548236864408822,0.548236864408822,0.5475684732865386,0.5562575578762252,0.5475684732865386,0.5518122711970945,0,private_random
AOI-0013,2023-08-06,218,озимая пшеница,0.5766660834521629,landsat,0.49804510205454255,0.49804510205454255,0.5055436475794768,0.4921187454440758,0.5055436475794768,0.4839892473175213,0,private_random
AOI-0013,2023-08-17,229,озимая пшеница,0.5398489418512371,landsat,0.5093390932704144,0.5093390932704144,0.5166650979314522,0.5000145300201749,0.5166650979314522,0.5321840006337883,0,private_random
AOI-0013,2023-08-25,237,озимая пшеница,0.4857970308694146,s2,0.47098995287260675,0.47098995287260675,0.46073959269391634,0.47122327981014794,0.46073959269391634,0.4948309976090055,0,private_random
AOI-0013,2023-08-28,240,озимая пшеница,0.5219831050501614,s2,0.4530645109374647,0.4530645109374647,0.4560072929249898,0.4490296044167528,0.4560072929249898,0.4939426054092618,0,private_random
AOI-0013,2023-10-12,285,озимая пшеница,0.4707396737458109,s2,0.38958746308622877,0.38958746308622877,0.3876943242897187,0.40978094358233624,0.3876943242897187,0.35835304166348253,0,private_random
AOI-0013,2024-04-05,96,озимая пшеница,0.3412618942811646,landsat,0.3577236374114354,0.3577236374114354,0.35251650732270345,0.37855215776636314,0.35251650732270345,0.35359495721972684,0,private_random
AOI-0013,2024-05-07,128,озимая пшеница,0.5407366746998914,landsat,0.510962574420739,0.510962574420739,0.5093056131884358,0.5197997009930225,0.5093056131884358,0.521506146216807,0,private_random
AOI-0013,2024-05-09,130,озимая пшеница,0.5184267940718544,s2,0.4702957163374575,0.4702957163374575,0.44468200265502733,0.5192102838467663,0.44468200265502733,0.48385912679784643,0,private_random
AOI-0013,2024-06-01,153,озимая пшеница,0.5039352392307398,landsat,0.5302369134824676,0.5302369134824676,0.5439035906948092,0.5256238207769778,0.5439035906948092,0.5295368300094128,0,private_random
AOI-0013,2024-08-03,216,озимая пшеница,0.5304909342914756,landsat,0.4438262261043723,0.4438262261043723,0.44531359475410637,0.43589359330579064,0.44531359475410637,0.4263741307282045,0,private_random
AOI-0013,2024-08-12,225,озимая пшеница,0.5265434799850368,s2,0.47182057690505663,0.47182057690505663,0.4631304161892926,0.4745075580544813,0.4631304161892926,0.4695070804226903,0,private_random
AOI-0013,2024-08-27,240,озимая пшеница,0.3664029935376279,s2,0.4958154857342338,0.4958154857342338,0.4960451142951617,0.49397845724681105,0.4960451142951617,0.4973862722313877,0,private_random
AOI-0013,2024-09-12,256,озимая пшеница,0.4457279139235561,landsat,0.4837396853493038,0.4837396853493038,0.48629601280504037,0.4735143755263576,0.48629601280504037,0.48590386308857664,0,private_random
AOI-0013,2024-09-20,264,озимая пшеница,0.4986049625487602,landsat,0.47403817456830005,0.47403817456830005,0.4756508802364192,0.4633288400120013,0.4756508802364192,0.4735491174596172,0,private_random
AOI-0013,2024-10-03,277,озимая пшеница,0.274417718387802,s2,0.4275833797693034,0.4275833797693034,0.4241221481433095,0.44142830627327906,0.4241221481433095,0.42816053706513285,0,private_random
AOI-0013,2025-04-23,113,озимая пшеница,0.7229346987951808,modis,0.5913737895987148,0.5913737895987148,0.6169436882666819,0.5664949692731251,0.6169436882666819,0.5711381684436561,0,private_random
AOI-0013,2025-05-03,123,озимая пшеница,0.54240057286101,landsat,0.5383117806394342,0.5383117806394342,0.5377337183364765,0.5529560256476932,0.5377337183364765,0.5331614146097083,0,private_random
AOI-0013,2025-06-08,159,озимая пшеница,0.4491116730810681,s2,0.44841871449869053,0.44841871449869053,0.44778303418980814,0.4874071067768117,0.44778303418980814,0.4531855847005901,0,private_random
AOI-0013,2025-06-13,164,озимая пшеница,0.1914414414414414,s2,0.47225325159922155,0.47225325159922155,0.451741477780192,0.4902417848186789,0.451741477780192,0.46641734770334115,0,private_random
AOI-0013,2025-08-07,219,озимая пшеница,0.5233831027295145,s2,0.523226264561105,0.523226264561105,0.5209472109325597,0.5190900029161469,0.5209472109325597,0.5646311963754302,0,private_random
AOI-0013,2025-08-09,221,озимая пшеница,0.3892974263523966,s2,0.506977111617075,0.506977111617075,0.5069362716415967,0.5091007903419476,0.5069362716415967,0.5660328398268323,0,private_random
AOI-0013,2025-08-12,224,озимая пшеница,0.5477669438711041,s2,0.4719986110608675,0.4719986110608675,0.4717948944215056,0.4820486319360564,0.4717948944215056,0.5420155574364973,0,private_random
AOI-0013,2025-08-14,226,озимая пшеница,0.3950761450021161,s2,0.47898096644057864,0.47898096644057864,0.4725933997880676,0.48245042077907946,0.4725933997880676,0.5272667349220759,0,private_random
AOI-0013,2025-08-22,234,озимая пшеница,0.5327217932322593,s2,0.4912548580168411,0.4912548580168411,0.4910754845594392,0.5008214424116082,0.4910754845594392,0.44932341221118266,0,private_random
AOI-0013,2025-10-17,290,озимая пшеница,0.6638663155526778,landsat,0.6385604741627212,0.6385604741627212,0.6385998984478883,0.6374040284644829,0.6385998984478883,0.6379931442282097,0,private_random
AOI-0014,2010-05-02,122,озимая пшеница,0.7991504045481114,landsat,0.7126814665993197,0.7126814665993197,0.7149069514081897,0.6978449012068536,0.7149069514081897,0.7619113422289346,0,private_random
AOI-0014,2010-08-13,225,озимая пшеница,0.4159032258064515,modis,0.3229991640684893,0.3229991640684893,0.33002624059301583,0.2690146085953622,0.33002624059301583,0.30242960046654094,0,private_random
AOI-0014,2010-08-22,234,озимая пшеница,0.1950422768311526,landsat,0.22778465168534728,0.22778465168534728,0.22721903306802754,0.23306375878033117,0.22721903306802754,0.2249089049006653,0,private_random
AOI-0014,2010-10-01,274,озимая пшеница,0.1758946507177832,landsat,0.1982011053739047,0.1982011053739047,0.19413019463985998,0.20905686733135723,0.19413019463985998,0.19635207668480867,0,private_random
AOI-0014,2011-06-06,157,озимая пшеница,0.5819272801467789,landsat,0.6733585695783004,0.6733585695783004,0.6741624427205896,0.6637120918708308,0.6741624427205896,0.6895791996097351,0,private_random
AOI-0014,2011-06-26,177,озимая пшеница,0.6479234101382487,modis,0.6772530809318824,0.6772530809318824,0.6769944367193477,0.6820811062325317,0.6769944367193477,0.6903950529951614,0,private_random
AOI-0014,2011-08-08,220,озимая пшеница,0.4385249031226033,landsat,0.3927260044514195,0.3927260044514195,0.3928062017247538,0.392405215358082,0.3928062017247538,0.40198525574420363,0,private_random
AOI-0014,2011-09-25,268,озимая пшеница,0.193905364363427,landsat,0.21667953142226795,0.21667953142226795,0.2148159219201484,0.22910359476973144,0.2148159219201484,0.19472752292083917,0,private_random
AOI-0014,2012-05-24,145,озимая пшеница,0.6813082027649768,modis,0.6756376183393001,0.6756376183393001,0.6770685519785719,0.6489268570728938,0.6770685519785719,0.6969579511605765,0,private_random
AOI-0014,2012-09-13,257,озимая пшеница,0.2815599078341014,modis,0.27232300922536123,0.27232300922536123,0.2978841041316789,0.24325594379618828,0.2978841041316789,0.26381831128936123,0,private_random
AOI-0014,2012-09-20,264,озимая пшеница,0.1567214066607727,landsat,0.22472212946250383,0.22472212946250383,0.22283739114851425,0.23980003597442068,0.22283739114851425,0.21183580403286467,0,private_random
AOI-0014,2013-05-02,122,озимая пшеница,0.2296586527572056,landsat,0.3208750677658519,0.3208750677658519,0.3185558754515981,0.3456131191178924,0.3185558754515981,0.30903223454294393,0,private_random
AOI-0014,2013-05-25,145,озимая пшеница,0.6020883410138248,modis,0.5341467169112724,0.5341467169112724,0.5582766728472698,0.47728724950524953,0.5582766728472698,0.5237779935474116,0,private_random
AOI-0014,2013-07-04,185,озимая пшеница,0.8277790437176653,landsat,0.73183900726969,0.73183900726969,0.7346574211592819,0.7130495813390771,0.7346574211592819,0.7402474166466064,0,private_random
AOI-0014,2013-10-08,281,озимая пшеница,0.2836272127575702,landsat,0.23902968712317246,0.23902968712317246,0.23673373568719253,0.2512747614483986,0.23673373568719253,0.23369613930878005,0,private_random
AOI-0014,2014-05-09,129,озимая пшеница,0.7925892626728112,modis,0.6932666007353071,0.6932666007353071,0.694560055875575,0.6691221047836393,0.694560055875575,0.7688662531060989,0,private_random
AOI-0014,2014-05-20,140,озимая пшеница,0.8467886374911022,landsat,0.7887765028877842,0.7887765028877842,0.7920994193986701,0.7666237261485443,0.7920994193986701,0.8114210572935927,0,private_random
AOI-0014,2014-06-30,181,озимая пшеница,0.338794043289609,landsat,0.4362884305055946,0.4362884305055946,0.4361038265171383,0.43801140106452036,0.4361038265171383,0.39382253373229664,0,private_random
AOI-0014,2014-07-23,204,озимая пшеница,0.257721070405371,landsat,0.277664025045264,0.277664025045264,0.2767650218245929,0.28485605081063253,0.2767650218245929,0.26474579044655805,0,private_random
AOI-0014,2014-07-24,205,озимая пшеница,0.205181230074379,landsat,0.2743748025615906,0.2743748025615906,0.2736007204843156,0.2815995686161568,0.2736007204843156,0.26053555128613265,0,private_random
AOI-0014,2014-10-28,301,озимая пшеница,0.1695075995943249,landsat,0.23156201121874856,0.23156201121874856,0.2307091014199291,0.23952250267439648,0.2307091014199291,0.23533372069267627,0,private_random
AOI-0014,2015-05-23,143,озимая пшеница,0.8827732199588592,landsat,0.7259897154093298,0.7259897154093298,0.7290665317191343,0.7095800284237064,0.7290665317191343,0.7646167836623168,0,private_random
AOI-0014,2015-06-08,159,озимая пшеница,0.8431350721394539,landsat,0.7248088452290289,0.7248088452290289,0.7268731922573369,0.7082940690025649,0.7268731922573369,0.7550588766056399,0,private_random
AOI-0014,2015-06-24,175,озимая пшеница,0.4132639205298426,landsat,0.5109016539089839,0.5109016539089839,0.5128197160656892,0.5032294052821625,0.5128197160656892,0.5254780792263772,0,private_random
AOI-0014,2015-08-03,215,озимая пшеница,0.2761594992339955,landsat,0.32332174110190803,0.32332174110190803,0.3229948197960375,0.3250653213998842,0.3229948197960375,0.317705921331146,0,private_random
AOI-0014,2015-09-04,247,озимая пшеница,0.144816612246272,landsat,0.22517311501280676,0.22517311501280676,0.2238734875531722,0.2355701346898834,0.2238734875531722,0.22683477671135505,0,private_random
AOI-0014,2015-09-05,248,озимая пшеница,0.2092416402779361,landsat,0.22476400212867326,0.22476400212867326,0.22372738603664497,0.2358212404436418,0.22372738603664497,0.22449122297634672,0,private_random
AOI-0014,2016-05-24,145,озимая пшеница,0.7722507373271891,modis,0.5689247750008596,0.5689247750008596,0.5782691380637264,0.4947358786371521,0.5782691380637264,0.6047046491837216,0,private_random
AOI-0014,2016-06-18,170,озимая пшеница,0.8260152283411915,landsat,0.7175056377727829,0.7175056377727829,0.7193040008799608,0.7079143678678337,0.7193040008799608,0.7332208309215046,0,private_random
AOI-0014,2016-07-04,186,озимая пшеница,0.7813361198045312,landsat,0.7639168937301953,0.7639168937301953,0.7652928219568519,0.7565786098546937,0.7652928219568519,0.7667581281467007,0,private_random
AOI-0014,2016-07-12,194,озимая пшеница,0.8148469935743163,landsat,0.7063581374810468,0.7063581374810468,0.7062448900855792,0.7071131201174975,0.7062448900855792,0.7375062658832093,0,private_random
AOI-0014,2016-08-12,225,озимая пшеница,0.4600640552995392,modis,0.5072894541753896,0.5072894541753896,0.5132360181468543,0.4868790832794481,0.5132360181468543,0.4787066101359712,0,private_random
AOI-0014,2016-09-29,273,озимая пшеница,0.3564560829493087,modis,0.31504790925685416,0.31504790925685416,0.31886847026221893,0.2641070958519907,0.31886847026221893,0.3130521656964731,0,private_random
AOI-0014,2017-04-01,91,озимая пшеница,0.4505840313628413,s2,0.3982727112369859,0.3982727112369859,0.3892160002076531,0.44657517006009395,0.3892160002076531,0.37318750354568825,0,private_random
AOI-0014,2017-04-23,113,озимая пшеница,0.801776129032258,modis,0.7459817848701918,0.7459817848701918,0.7468492143898734,0.7286331944765615,0.7468492143898734,0.8070412863366695,0,private_random
AOI-0014,2017-05-01,121,озимая пшеница,0.7799187719900553,s2,0.7838587839105431,0.7838587839105431,0.7828524519968448,0.7959347668749227,0.7828524519968448,0.8096801040136123,0,private_random
AOI-0014,2017-06-29,180,озимая пшеница,0.4263367157435007,landsat,0.4296820009226813,0.4296820009226813,0.43068249519513957,0.42568002383284803,0.43068249519513957,0.44687411336181276,0,private_random
AOI-0014,2017-09-13,256,озимая пшеница,0.142873926511403,s2,0.18673813896660824,0.18673813896660824,0.18261933731428706,0.22518028772160567,0.18261933731428706,0.16546485068358416,0,private_random
AOI-0014,2017-09-15,258,озимая пшеница,0.1448361667037826,s2,0.18554027086254082,0.18554027086254082,0.18223332811556764,0.2252235838262191,0.18223332811556764,0.16327735678590055,0,private_random
AOI-0014,2017-09-17,260,озимая пшеница,0.2104799876321313,landsat,0.2118010202785987,0.2118010202785987,0.21851746425570262,0.2192537703742992,0.21851746425570262,0.21022414946625936,0,private_random
AOI-0014,2017-10-12,285,озимая пшеница,0.2431610562016477,landsat,0.2222643246167195,0.2222643246167195,0.21999466783415159,0.23739536983383877,0.21999466783415159,0.22107000175122632,0,private_random
AOI-0014,2018-06-10,161,озимая пшеница,0.4742448847926267,modis,0.5331814624312083,0.5331814624312083,0.5389170604611384,0.5219807636944905,0.5389170604611384,0.46801190937193327,0,private_random
AOI-0014,2018-07-02,183,озимая пшеница,0.0974234815648835,s2,0.2541463076116544,0.2541463076116544,0.24176221049860408,0.28724288409359827,0.24176221049860408,0.23079162616313195,0,private_random
AOI-0014,2018-08-19,231,озимая пшеница,0.2109170894324567,landsat,0.21971995245625672,0.21971995245625672,0.21885748732924457,0.22431976646698806,0.21885748732924457,0.23407558546537266,0,private_random
AOI-0014,2018-08-20,232,озимая пшеница,0.1816400855335618,landsat,0.22309618807313195,0.22309618807313195,0.22270182147593906,0.22782858723944666,0.22270182147593906,0.23103047520595765,0,private_random
AOI-0014,2018-08-29,241,озимая пшеница,0.2655055760368663,modis,0.257530422475153,0.257530422475153,0.2800189942039453,0.21961823152667845,0.2800189942039453,0.25174638768200447,0,private_random
AOI-0014,2018-09-12,255,озимая пшеница,0.1546916546592412,landsat,0.21145062582515567,0.21145062582515567,0.20967723403165292,0.2161796706078296,0.20967723403165292,0.20676947466908696,0,private_random
AOI-0014,2018-09-18,261,озимая пшеница,0.1865515077883031,s2,0.17560221488319858,0.17560221488319858,0.17148928121169796,0.2194735073792052,0.17148928121169796,0.16816853766214546,0,private_random
AOI-0014,2018-10-13,286,озимая пшеница,0.1911296885699074,s2,0.18177965190424053,0.18177965190424053,0.17786235142711723,0.2287872576297206,0.17786235142711723,0.1811824180567353,0,private_random
AOI-0014,2019-04-28,118,озимая пшеница,0.1859971356130355,s2,0.22928926013230053,0.22928926013230053,0.2192624931325983,0.2961343734636486,0.2192624931325983,0.23659202758961922,0,private_random
AOI-0014,2019-05-06,126,озимая пшеница,0.2346815094798015,s2,0.2731123036032141,0.2731123036032141,0.2630334913068933,0.38061963476396926,0.2630334913068933,0.2632138032580133,0,private_random
AOI-0014,2019-05-25,145,озимая пшеница,0.7987061290322582,modis,0.6463850588719622,0.6463850588719622,0.6699024885759038,0.5943256649725757,0.6699024885759038,0.7141771124503068,0,private_random
AOI-0014,2019-06-26,177,озимая пшеница,0.5798582027649769,modis,0.7450887730393765,0.7450887730393765,0.7206927772913023,0.7616550576126023,0.7206927772913023,0.693513539988994,0,private_random
AOI-0014,2019-06-30,181,озимая пшеница,0.803415825028004,s2,0.6983016726279774,0.6983016726279774,0.6980886583671169,0.6809458189726874,0.6980886583671169,0.6936344710342021,0,private_random
AOI-0014,2019-07-02,183,озимая пшеница,0.6779081188256874,s2,0.6736857775393408,0.6736857775393408,0.6749907690340731,0.6597658682621969,0.6749907690340731,0.6488000950052863,0,private_random
AOI-0014,2019-09-10,253,озимая пшеница,0.1924685329845376,s2,0.17208032995672126,0.17208032995672126,0.16863814617721626,0.21797611368345446,0.16863814617721626,0.1535586416551427,0,private_random
AOI-0014,2019-09-30,273,озимая пшеница,0.0739060409352651,s2,0.31380868011389035,0.31380868011389035,0.3310741068914896,0.2728348117084618,0.22558132010033075,0.3403713464218985,0,private_random
AOI-0014,2019-10-13,286,озимая пшеница,0.4005821002332048,s2,0.3361659055728979,0.3361659055728979,0.33392497022241713,0.36604504357930817,0.33392497022241713,0.3383467693877612,0,private_random
AOI-0014,2019-10-16,289,озимая пшеница,0.4594122119815668,modis,0.3911190694978276,0.3911190694978276,0.40068894747474654,0.37399029245449084,0.40068894747474654,0.41056656477482767,0,private_random
AOI-0014,2019-10-23,296,озимая пшеница,0.5527372288417993,s2,0.3776322656215486,0.3776322656215486,0.37532263255968906,0.40226835161471713,0.37532263255968906,0.3836818017395338,0,private_random
AOI-0014,2020-05-20,141,озимая пшеница,0.6392681458948286,s2,0.6807709737059782,0.6807709737059782,0.6640311889318381,0.6993127371705312,0.6640311889318381,0.7067760216972414,0,private_random
AOI-0014,2020-07-24,206,озимая пшеница,0.143749357220539,s2,0.16205729786668804,0.16205729786668804,0.13538320419434585,0.20218004972365874,0.13538320419434585,0.15810575003470081,0,private_random
AOI-0014,2020-08-13,226,озимая пшеница,0.1218314430685374,s2,0.16422191133828082,0.16422191133828082,0.15799620939525025,0.22232846280656618,0.15799620939525025,0.15437226176263943,0,private_random
AOI-0014,2020-08-18,231,озимая пшеница,0.1410552334493042,s2,0.17470798350695216,0.17470798350695216,0.14566781136910711,0.21417878743576776,0.14566781136910711,0.18005632321967344,0,private_random
AOI-0014,2020-09-04,248,озимая пшеница,0.1512246714610949,s2,0.14955964215743575,0.14955964215743575,0.1451461986284543,0.19663637313323779,0.1451461986284543,0.15930505013112936,0,private_random
AOI-0014,2020-09-10,254,озимая пшеница,0.1651365359585292,landsat,0.1838178340065503,0.1838178340065503,0.19739861256292676,0.19641818487020904,0.19739861256292676,0.1886688487647346,0,private_random
AOI-0014,2020-09-27,271,озимая пшеница,0.1163607223639278,s2,0.1496300627815829,0.1496300627815829,0.1364071995000606,0.18844000257341742,0.1364071995000606,0.15160837634830804,0,private_random
AOI-0014,2020-10-09,283,озимая пшеница,0.1574376213908268,s2,0.14383641772863293,0.14383641772863293,0.13981852462959174,0.19740832571584854,0.13981852462959174,0.1417288276223424,0,private_random
AOI-0014,2020-10-20,294,озимая пшеница,0.2228942545842235,landsat,0.17622188906926978,0.17622188906926978,0.18233486145684766,0.19898993056290215,0.18233486145684766,0.18155720078939147,0,private_random
AOI-0014,2020-10-27,301,озимая пшеница,0.1431867443855243,s2,0.14829221213898397,0.14829221213898397,0.1419699535410855,0.20729995905270301,0.1419699535410855,0.18466476329017797,0,private_random
AOI-0014,2020-10-29,303,озимая пшеница,0.0269357802606299,s2,0.17166022470934372,0.17166022470934372,0.14334675938071106,0.20941151181418718,0.14334675938071106,0.19471083019515864,0,private_random
AOI-0014,2021-05-02,122,озимая пшеница,0.7599156623352145,s2,0.6911227641446519,0.6911227641446519,0.6884456812085975,0.7232477593773052,0.6884456812085975,0.6524734442812442,0,private_random
AOI-0014,2021-05-08,128,озимая пшеница,0.8512254723504724,landsat,0.7943988782918852,0.7943988782918852,0.7963802037506242,0.7785482746219722,0.7963802037506242,0.7860614408021025,0,private_random
AOI-0014,2021-05-20,140,озимая пшеница,0.8622596766254056,s2,0.8075733672540911,0.8075733672540911,0.8072847155574039,0.8102674497565053,0.8072847155574039,0.809488146927749,0,private_random
AOI-0014,2021-05-31,151,озимая пшеница,0.884080197134487,landsat,0.8008108280173262,0.8008108280173262,0.8073062774487416,0.774829030291664,0.8073062774487416,0.8356559515382672,0,private_random
AOI-0014,2021-06-10,161,озимая пшеница,0.7083236405529955,modis,0.7205104441788193,0.7205104441788193,0.7054960557409602,0.7457714307441276,0.7054960557409602,0.6965275939044914,0,private_random
AOI-0014,2021-06-19,170,озимая пшеница,0.795148742067462,s2,0.6954390253423262,0.6954390253423262,0.6914047721992796,0.6894346624203088,0.6914047721992796,0.6861165367164682,0,private_random
AOI-0014,2021-07-18,199,озимая пшеница,0.219765291608364,landsat,0.23366368753815583,0.23366368753815583,0.24076424846574987,0.2325914039480342,0.24076424846574987,0.238889097545021,0,private_random
AOI-0014,2021-07-26,207,озимая пшеница,0.1351202365167375,s2,0.19744464125215513,0.19744464125215513,0.1743093238577896,0.2270818475775432,0.1743093238577896,0.18767622758981678,0,private_random
AOI-0014,2021-09-05,248,озимая пшеница,0.2423672403201612,landsat,0.19766600464911904,0.19766600464911904,0.21603583198303802,0.21365135249239295,0.21603583198303802,0.20724208325702242,0,private_random
AOI-0014,2021-10-15,288,озимая пшеница,0.1099074416454784,landsat,0.19177387160456297,0.19177387160456297,0.16979687907061053,0.22391712430977603,0.2116204171435582,0.19828336340779615,0,private_random
AOI-0014,2022-04-25,115,озимая пшеница,0.2158133713647707,s2,0.2765107426774817,0.2765107426774817,0.25839277448447895,0.3290245670223681,0.25839277448447895,0.27262587788460224,0,private_random
AOI-0014,2022-05-10,130,озимая пшеница,0.1687049437491702,s2,0.31046352157053553,0.31046352157053553,0.28560283607250037,0.38850593865815325,0.28560283607250037,0.2853680531478594,0,private_random
AOI-0014,2022-06-10,161,озимая пшеница,0.7358001382488482,modis,0.560726691257144,0.560726691257144,0.5572403563916756,0.5518043935195317,0.5572403563916756,0.6459536334529004,0,private_random
AOI-0014,2022-06-20,171,озимая пшеница,0.7730978478867486,landsat,0.742296747645884,0.742296747645884,0.7442899735612154,0.7210356712156843,0.7442899735612154,0.7629400792067984,0,private_random
AOI-0014,2022-06-30,181,озимая пшеница,0.8245476408839099,landsat,0.7750233298774468,0.7750233298774468,0.7775303663292823,0.7449388924554216,0.7775303663292823,0.7731731385298409,0,private_random
AOI-0014,2022-07-31,212,озимая пшеница,0.7758607341003446,s2,0.6411028289006238,0.6411028289006238,0.6415964846948388,0.6351789593700442,0.6415964846948388,0.6674666651287731,0,private_random
AOI-0014,2022-08-05,217,озимая пшеница,0.5950153292437915,s2,0.5786176669266708,0.5786176669266708,0.5855721676891825,0.5687685570352118,0.5649248312296886,0.5689014698048176,0,private_random
AOI-0014,2022-08-15,227,озимая пшеница,0.3740256603839647,s2,0.41722174711171744,0.41722174711171744,0.41054364527732845,0.43454298213393056,0.41054364527732845,0.40350912755720775,0,private_random
AOI-0014,2022-08-28,240,озимая пшеница,0.1870831735968249,s2,0.24176030334947907,0.24176030334947907,0.23840341451572433,0.27756711757619595,0.23840341451572433,0.23168801251114482,0,private_random
AOI-0014,2022-10-19,292,озимая пшеница,0.1747335715794407,s2,0.15948580720057723,0.15948580720057723,0.14959260654139833,0.2097133463495354,0.14959260654139833,0.15937030676300226,0,private_random
AOI-0014,2023-05-17,137,озимая пшеница,0.8897766672834826,s2,0.8676910508599979,0.8676910508599979,0.8694142850022636,0.853905177721873,0.8694142850022636,0.8391060019694282,0,private_random
AOI-0014,2023-05-25,145,озимая пшеница,0.7564849308755762,modis,0.8097303492586445,0.8097303492586445,0.8052450493034885,0.8236668963939282,0.8052450493034885,0.8396971426675554,0,private_random
AOI-0014,2023-05-27,147,озимая пшеница,0.7771648884600688,s2,0.8142768881451778,0.8142768881451778,0.813406842127158,0.8165970108598972,0.813406842127158,0.8760323760022837,0,private_random
AOI-0014,2023-06-19,170,озимая пшеница,0.9119169339883048,s2,0.7025978407725036,0.7025978407725036,0.7021906860370947,0.7063979516363204,0.7021906860370947,0.7098846083732409,0,private_random
AOI-0014,2023-07-14,195,озимая пшеница,0.1769767390038711,s2,0.29944176894600694,0.29944176894600694,0.29514403481952645,0.3338236419578507,0.29514403481952645,0.2449132481395025,0,private_random
AOI-0014,2023-07-21,202,озимая пшеница,0.2256268013871902,s2,0.28166260268023474,0.28166260268023474,0.2779700365360771,0.3210499748845835,0.2779700365360771,0.30030826382322307,0,private_random
AOI-0014,2023-07-29,210,озимая пшеница,0.1870985963734972,s2,0.26000205403411975,0.26000205403411975,0.2524033002576118,0.31066041254417237,0.2524033002576118,0.24638331589146903,0,private_random
AOI-0014,2023-08-29,241,озимая пшеница,0.3012816129032258,modis,0.26054052811464634,0.26054052811464634,0.2630026696592299,0.2112976972229752,0.2630026696592299,0.27535322844834037,0,private_random
AOI-0014,2023-08-30,242,озимая пшеница,0.1615510177857026,s2,0.16566222594716448,0.16566222594716448,0.16162649893756034,0.21409095006241405,0.16162649893756034,0.1667938191251417,0,private_random
AOI-0014,2023-09-14,257,озимая пшеница,0.1221139628695909,s2,0.21279295861213937,0.21279295861213937,0.16577733676548764,0.21742047428765518,0.16577733676548764,0.21049643136412333,0,private_random
AOI-0014,2023-10-19,292,озимая пшеница,0.1641150762798716,s2,0.159824322245644,0.159824322245644,0.14286558021863963,0.20090723095700133,0.14286558021863963,0.1374181673775159,0,private_random
AOI-0014,2024-05-07,128,озимая пшеница,0.8796008204502475,landsat,0.8458015176411509,0.8458015176411509,0.8481820172300591,0.8331055198336398,0.8481820172300591,0.8776454852197388,0,private_random
AOI-0014,2024-06-03,155,озимая пшеница,0.7269138388152661,s2,0.6614169209864389,0.6614169209864389,0.6604558338587327,0.6678241685044796,0.6604558338587327,0.6678455802313915,0,private_random
AOI-0014,2024-06-10,162,озимая пшеница,0.4124895481557418,s2,0.48666492956879237,0.48666492956879237,0.4837241160148085,0.5141125227393077,0.4837241160148085,0.5078979531201927,0,private_random
AOI-0014,2024-06-23,175,озимая пшеница,0.2489528175158373,s2,0.28221791003821406,0.28221791003821406,0.2746770767176507,0.33249013217530293,0.2746770767176507,0.28330184339349035,0,private_random
AOI-0014,2024-07-13,195,озимая пшеница,0.1385566024646819,s2,0.17387605023621105,0.17387605023621105,0.16348013602761352,0.22036286572905425,0.16348013602761352,0.16744659715703292,0,private_random
AOI-0014,2024-08-19,232,озимая пшеница,0.1563693887918902,s2,0.17376927848531695,0.17376927848531695,0.1472418540104311,0.2157685861650247,0.1472418540104311,0.17494437081283837,0,private_random
AOI-0014,2024-08-22,235,озимая пшеница,0.1571934772774967,s2,0.15450694504898083,0.15450694504898083,0.14377470599618417,0.2131307845865608,0.14377470599618417,0.15574672933552677,0,private_random
AOI-0014,2024-09-13,257,озимая пшеница,0.1448875114530208,s2,0.18980800967681855,0.18980800967681855,0.14627655564980055,0.20098229234988405,0.14627655564980055,0.18924562052123844,0,private_random
AOI-0014,2024-09-23,267,озимая пшеница,0.1502595217668629,s2,0.15369237734664395,0.15369237734664395,0.14513117210472845,0.19935213863685988,0.14513117210472845,0.1498330700611364,0,private_random
AOI-0014,2025-04-16,106,озимая пшеница,0.1493493969239263,s2,0.21748603464098376,0.21748603464098376,0.20243823029042263,0.28434382041079603,0.20243823029042263,0.22756994094722688,0,private_random
AOI-0014,2025-04-17,107,озимая пшеница,0.2290260577201973,landsat,0.24324011165205542,0.24324011165205542,0.251449139588252,0.2835328548775456,0.251449139588252,0.2514756224976461,0,private_random
AOI-0014,2025-05-06,126,озимая пшеница,0.1905725505559552,s2,0.26509701778860234,0.26509701778860234,0.26243526725370087,0.37511603989786096,0.26243526725370087,0.24425994668118123,0,private_random
AOI-0014,2025-06-27,178,озимая пшеница,0.5354645469908692,s2,0.4670027503050807,0.4670027503050807,0.45224234184527795,0.4858286933462453,0.45224234184527795,0.4565846517082532,0,private_random
AOI-0014,2025-07-23,204,озимая пшеница,0.4202827204628727,s2,0.4310134891737623,0.4310134891737623,0.4208345761037332,0.44529063715047973,0.4208345761037332,0.43051198654029454,0,private_random
AOI-0014,2025-08-06,218,озимая пшеница,0.2791185042561055,s2,0.27483287619851776,0.27483287619851776,0.25791754632860936,0.3053807362879373,0.25791754632860936,0.27156069639792246,0,private_random
AOI-0014,2025-08-30,242,озимая пшеница,0.2239977279340039,landsat,0.23002623899833632,0.23002623899833632,0.23664866906201448,0.2354864500924335,0.23664866906201448,0.23299412129200786,0,private_random
AOI-0014,2025-09-05,248,озимая пшеница,0.1473456893807027,s2,0.1783851718297651,0.1783851718297651,0.17667188785173757,0.22635712321453574,0.17667188785173757,0.17565750774660085,0,private_random
AOI-0014,2025-09-08,251,озимая пшеница,0.0642522900863363,s2,0.17887290207371034,0.17887290207371034,0.17455068043535074,0.22486439373917355,0.17455068043535074,0.17462290131639285,0,private_random
AOI-0014,2025-09-16,259,озимая пшеница,0.1751283092370883,s2,0.19116097211607713,0.19116097211607713,0.1787403511111123,0.22481314796475593,0.1787403511111123,0.1775229425200018,0,private_random
AOI-0014,2025-09-21,264,озимая пшеница,0.179420550546952,s2,0.18408855144691397,0.18408855144691397,0.18320859124137948,0.22867320186066206,0.18320859124137948,0.16297283748309252,0,private_random
AOI-0015,2025-04-18,108,озимая пшеница,0.2748316858579161,s2,0.2647469865935605,0.2647469865935605,0.2633134599045454,0.33546763658497064,0.2633134599045454,0.2723611206369273,0,private_random
AOI-0015,2025-04-23,113,озимая пшеница,0.4995755150554674,modis,0.41587045078055207,0.41587045078055207,0.46404131966975887,0.36900149726672926,0.46404131966975887,0.43558811126394503,0,private_random
AOI-0015,2025-04-29,119,озимая пшеница,0.3734035442441867,s2,0.3461457682238126,0.3461457682238126,0.34445694384097286,0.40694344600604265,0.34445694384097286,0.33980304227666513,0,private_random
AOI-0015,2025-05-14,134,озимая пшеница,0.5482156275401194,s2,0.4281631187788916,0.4281631187788916,0.4261466218772379,0.5115116573805766,0.4261466218772379,0.4347996395104671,0,private_random
AOI-0015,2025-06-10,161,озимая пшеница,0.2969257562588875,s2,0.4593929829370762,0.4593929829370762,0.4315360377064219,0.4701868985869983,0.4315360377064219,0.48778166638517606,0,private_random
AOI-0015,2025-06-11,162,озимая пшеница,0.4152808967545637,landsat,0.48950277541189996,0.48950277541189996,0.49848391905120265,0.4813341645421722,0.49848391905120265,0.509354567737522,0,private_random
AOI-0015,2025-07-17,198,озимая пшеница,0.2097644835106727,s2,0.26621693707922983,0.26621693707922983,0.265003138925056,0.3099136706294873,0.265003138925056,0.2594729994017295,0,private_random
AOI-0015,2025-08-24,236,озимая пшеница,0.136468495832688,s2,0.21355667262667863,0.21355667262667863,0.2118210890520854,0.2690953470136606,0.2118210890520854,0.2111550307745877,0,private_random
AOI-0015,2025-09-01,244,озимая пшеница,0.1688403030688729,s2,0.20175443760031506,0.20175443760031506,0.18884725656915463,0.23704683170733554,0.18884725656915463,0.1995817669040073,0,private_random
AOI-0015,2025-09-16,259,озимая пшеница,0.1770688488674552,s2,0.1979429959347921,0.1979429959347921,0.18665987439016396,0.22996192542487504,0.18665987439016396,0.19156276769031869,0,private_random
AOI-0016,2025-05-09,129,озимая пшеница,0.4589580398162328,modis,0.48997215183062515,0.48997215183062515,0.5287554288608599,0.3549401322366572,0.5287554288608599,0.48872507588866027,0,private_random
AOI-0016,2025-06-05,156,озимая пшеница,0.5087178932891196,s2,0.43539270349661946,0.43539270349661946,0.43446173805064886,0.47511389585803276,0.43446173805064886,0.4361897078568714,0,private_random
AOI-0016,2025-06-07,158,озимая пшеница,0.4835317567260584,s2,0.4665530474315887,0.4665530474315887,0.46586729466288584,0.501297854379203,0.46586729466288584,0.458814149919899,0,private_random
AOI-0016,2025-07-05,186,озимая пшеница,0.861720191047545,s2,0.7667379414537895,0.7667379414537895,0.7662421357391457,0.7315869263805223,0.7662421357391457,0.7835715582167441,0,private_random
AOI-0016,2025-07-06,187,озимая пшеница,0.8525668199528469,landsat,0.7841378940630386,0.7841378940630386,0.7855114332059007,0.745966022403142,0.7855114332059007,0.7920398035949315,0,private_random
AOI-0016,2025-07-13,194,озимая пшеница,0.7475224185202051,s2,0.7415242335570611,0.7415242335570611,0.7419957194339076,0.7170069679610434,0.7419957194339076,0.7595791036443319,0,private_random
AOI-0016,2025-08-07,219,озимая пшеница,0.5230973516062584,s2,0.5027132565673063,0.5027132565673063,0.5001313978369144,0.5004774891704328,0.5001313978369144,0.5107287867356223,0,private_random
AOI-0016,2025-08-23,235,озимая пшеница,0.3915866865365892,landsat,0.3813499944698765,0.3813499944698765,0.39099655598262406,0.38385073734531927,0.39099655598262406,0.37148524433500907,0,private_random
AOI-0016,2025-08-27,239,озимая пшеница,0.3401624185586013,s2,0.3310108354555062,0.3310108354555062,0.33024547142761557,0.3657073380532135,0.33024547142761557,0.3222596849267413,0,private_random
AOI-0016,2025-08-30,242,озимая пшеница,0.3623816649686963,landsat,0.34524421517871196,0.34524421517871196,0.35003727923490957,0.3440838761015887,0.35003727923490957,0.34086267084293004,0,private_random
AOI-0016,2025-10-16,289,озимая пшеница,0.2507441590473425,s2,0.24768092905537947,0.24768092905537947,0.19264783984512235,0.24814364045095058,0.19264783984512235,0.2729983304048587,0,private_random
AOI-0017,2010-04-15,105,озимая пшеница,0.3129394724979312,landsat,0.38969600294885615,0.38969600294885615,0.38722912266233406,0.40943104524103263,0.38722912266233406,0.3939444941711783,0,private_random
AOI-0017,2010-05-18,138,озимая пшеница,0.5674275702926316,landsat,0.5051966169780358,0.5051966169780358,0.5055896754090704,0.5015280716217124,0.5055896754090704,0.5092035972870159,0,private_random
AOI-0017,2010-06-02,153,озимая пшеница,0.606664938801632,landsat,0.5474043181677845,0.5474043181677845,0.5483915005971236,0.5381906154939523,0.5483915005971236,0.5589305013002955,0,private_random
AOI-0017,2010-08-06,218,озимая пшеница,0.4763887430636114,landsat,0.5278606546022737,0.5278606546022737,0.5289760424780274,0.5204247354305828,0.5289760424780274,0.5356243501621182,0,private_random
AOI-0017,2011-05-25,145,озимая пшеница,0.6177212389380532,modis,0.6323441255474298,0.6323441255474298,0.634926015366406,0.5875913686851758,0.634926015366406,0.6507926596703603,0,private_random
AOI-0017,2011-06-06,157,озимая пшеница,0.6086555764349613,landsat,0.6147747128789093,0.6147747128789093,0.6158617738040548,0.6017299817771626,0.6158617738040548,0.6303749690498335,0,private_random
AOI-0017,2011-07-12,193,озимая пшеница,0.4824566371681416,modis,0.5213414438890507,0.5213414438890507,0.5221944869025575,0.5031431929342368,0.5221944869025575,0.5080256636089855,0,private_random
AOI-0017,2011-09-25,268,озимая пшеница,0.5616350657596033,landsat,0.465432277445616,0.465432277445616,0.46241672378343046,0.4855359685268528,0.46241672378343046,0.45979735175952097,0,private_random
AOI-0017,2012-07-25,207,озимая пшеница,0.5552913161931711,landsat,0.5605451720720561,0.5605451720720561,0.5596172633217557,0.5692056537415268,0.5596172633217557,0.5821320604757021,0,private_random
AOI-0017,2012-08-03,216,озимая пшеница,0.4649414627893852,landsat,0.5047336762897883,0.5047336762897883,0.5048755784088373,0.5035984593373953,0.5048755784088373,0.5164623051488315,0,private_random
AOI-0017,2012-09-27,271,озимая пшеница,0.416998432471213,landsat,0.4074931977390096,0.4074931977390096,0.41351480724627465,0.3994643850626562,0.41351480724627465,0.38930011170883827,0,private_random
AOI-0017,2013-05-01,121,озимая пшеница,0.4702367496651631,landsat,0.4970191456036587,0.4970191456036587,0.49579427890571964,0.5051849235899185,0.49579427890571964,0.5069220517571192,0,private_random
AOI-0017,2013-07-13,194,озимая пшеница,0.526294242833375,landsat,0.5267582741666503,0.5267582741666503,0.52768526489087,0.5156343854760141,0.52768526489087,0.5218616957513738,0,private_random
AOI-0017,2013-10-08,281,озимая пшеница,0.6982523295373766,landsat,0.6511369943210372,0.6511369943210372,0.6597633578656436,0.6051297220831368,0.6597633578656436,0.6408105622962732,0,private_random
AOI-0017,2013-10-16,289,озимая пшеница,0.5843294596492942,landsat,0.5925536421003859,0.5925536421003859,0.5585616690999837,0.619245656594349,0.6765258998113008,0.5954028104093785,0,private_random
AOI-0017,2014-04-18,108,озимая пшеница,0.5948679883941259,landsat,0.5490818903595418,0.5490818903595418,0.5479381437313162,0.5567068678810454,0.5479381437313162,0.5638847891532995,0,private_random
AOI-0017,2014-05-20,140,озимая пшеница,0.706393999869616,landsat,0.6861562464946465,0.6861562464946465,0.6880969177880621,0.6732184378718754,0.6880969177880621,0.7083823370025106,0,private_random
AOI-0017,2014-07-08,189,озимая пшеница,0.4681438993374778,landsat,0.5069487067740732,0.5069487067740732,0.5059638327318947,0.5108882029427874,0.5059638327318947,0.5241538830085564,0,private_random
AOI-0017,2014-07-16,197,озимая пшеница,0.5040067546055875,landsat,0.4772219791484937,0.4772219791484937,0.47682764897820973,0.48142816763152246,0.47682764897820973,0.508718040225088,0,private_random
AOI-0017,2014-09-18,261,озимая пшеница,0.5004478807056568,landsat,0.32595122339743177,0.32595122339743177,0.32487567124253985,0.3359897101764227,0.32487567124253985,0.30275285656665735,0,private_random
AOI-0017,2015-04-07,97,озимая пшеница,0.3742300884955752,modis,0.4280830926278982,0.4280830926278982,0.4329671522587311,0.33691397951901664,0.4329671522587311,0.4268523981349557,0,private_random
AOI-0017,2015-05-25,145,озимая пшеница,0.5397300884955752,modis,0.58858199339921,0.58858199339921,0.6087905237801823,0.5549741159468093,0.6087905237801823,0.597006546716237,0,private_random
AOI-0017,2015-06-08,159,озимая пшеница,0.587963367990433,landsat,0.5526619533924133,0.5526619533924133,0.5544205036546745,0.5385935512943234,0.5544205036546745,0.5872646827639673,0,private_random
AOI-0017,2015-06-26,177,озимая пшеница,0.6775141592920353,modis,0.6201624217113935,0.6201624217113935,0.6201857125687882,0.6196966045634992,0.6201857125687882,0.6351514904690505,0,private_random
AOI-0017,2015-07-19,200,озимая пшеница,0.8351084884825635,landsat,0.5989771678457233,0.5989771678457233,0.5985331631680022,0.6019371990305307,0.5985331631680022,0.6068406160778822,0,private_random
AOI-0017,2016-04-22,113,озимая пшеница,0.6403867256637168,modis,0.6010429140699449,0.6010429140699449,0.6037234847460563,0.5545796890173486,0.6037234847460563,0.6438422238932989,0,private_random
AOI-0017,2016-06-26,178,озимая пшеница,0.5951137248778049,landsat,0.5416000955367712,0.5416000955367712,0.5428206884462,0.5318353522613405,0.5428206884462,0.5560152393038414,0,private_random
AOI-0017,2016-07-13,195,озимая пшеница,0.5296820388591045,landsat,0.5464625328658617,0.5464625328658617,0.5469075666008597,0.5440890196125385,0.5469075666008597,0.5305829396898142,0,private_random
AOI-0017,2016-09-13,257,озимая пшеница,0.459746017699115,modis,0.5851659252831776,0.5851659252831776,0.5818705958436184,0.5818778717367366,0.5818705958436184,0.5777768125620428,0,private_random
AOI-0017,2016-10-25,299,озимая пшеница,0.6243166930924323,landsat,0.3965490864795204,0.3965490864795204,0.397146071338074,0.39177320761109174,0.397146071338074,0.3472583544258887,0,private_random
AOI-0017,2017-04-28,118,озимая пшеница,0.3894229196086455,s2,0.3941112363005211,0.3941112363005211,0.3888154724841747,0.4435383652530876,0.3888154724841747,0.3828379472329575,0,private_random
AOI-0017,2017-05-09,129,озимая пшеница,0.6481433628318585,modis,0.6357130792697306,0.6357130792697306,0.6391367649192434,0.5672393662794751,0.6391367649192434,0.624598189927524,0,private_random
AOI-0017,2017-05-12,132,озимая пшеница,0.6141138274438687,landsat,0.5659383220168432,0.5659383220168432,0.5648878777696864,0.5729412836645547,0.5648878777696864,0.5573978343888497,0,private_random
AOI-0017,2017-07-02,183,озимая пшеница,0.7092996166200453,s2,0.7116487477158272,0.7116487477158272,0.7129422552357577,0.6995760108631407,0.7129422552357577,0.7392694935155328,0,private_random
AOI-0017,2017-07-12,193,озимая пшеница,0.6976699115044248,modis,0.6583324087529195,0.6583324087529195,0.6552144430381907,0.676674436866754,0.6552144430381907,0.6620117214007738,0,private_random
AOI-0017,2017-08-11,223,озимая пшеница,0.5827461215391224,s2,0.4929097850685137,0.4929097850685137,0.49190479667660225,0.5009496922038053,0.49190479667660225,0.5044633778752093,0,private_random
AOI-0017,2017-08-21,233,озимая пшеница,0.5118676679401534,s2,0.4778134722419507,0.4778134722419507,0.4761898249575944,0.49296751356260904,0.4761898249575944,0.4334072793923996,0,private_random
AOI-0017,2017-09-13,256,озимая пшеница,0.5113722414166025,s2,0.48331939963546405,0.48331939963546405,0.48450212719665037,0.47228060906439145,0.48450212719665037,0.5432111468521125,0,private_random
AOI-0017,2017-09-25,268,озимая пшеница,0.5034877342881003,s2,0.47518691022746146,0.47518691022746146,0.4700026168219552,0.47750980794807685,0.4700026168219552,0.45116220649524247,0,private_random
AOI-0017,2018-04-06,96,озимая пшеница,0.4461297200119848,landsat,0.43169036851222803,0.43169036851222803,0.429315440774715,0.44752322009564766,0.429315440774715,0.3924914544344003,0,private_random
AOI-0017,2018-04-30,120,озимая пшеница,0.5082987399323478,landsat,0.5450647678210881,0.5450647678210881,0.5442515901371531,0.553738663116396,0.5442515901371531,0.5613035312078231,0,private_random
AOI-0017,2018-05-01,121,озимая пшеница,0.4223201666435249,s2,0.5137664584015668,0.5137664584015668,0.4890192069493883,0.5558977023018955,0.4890192069493883,0.5261040328907113,0,private_random
AOI-0017,2018-05-24,144,озимая пшеница,0.6672308769248276,landsat,0.6107475660943085,0.6107475660943085,0.6114074739825142,0.6037085486201145,0.6114074739825142,0.6411735575114635,0,private_random
AOI-0017,2018-06-26,177,озимая пшеница,0.3990575221238938,modis,0.5703200810866763,0.5703200810866763,0.567584932165322,0.5603773422132878,0.567584932165322,0.5503535416044254,0,private_random
AOI-0017,2018-08-19,231,озимая пшеница,0.536978741825752,landsat,0.40773225854706596,0.40773225854706596,0.40849568238680545,0.403660664735122,0.40849568238680545,0.37184383949204314,0,private_random
AOI-0017,2018-10-16,289,озимая пшеница,0.3422610619469026,modis,0.5135018373929119,0.5135018373929119,0.503947799644317,0.5266035112022281,0.503947799644317,0.48924443199074974,0,private_random
AOI-0017,2019-05-31,151,озимая пшеница,0.6377958817140521,s2,0.6510290142546371,0.6510290142546371,0.6500679598264373,0.659998855584501,0.6500679598264373,0.6582194508031923,0,private_random
AOI-0017,2019-06-10,161,озимая пшеница,0.71625008613114,s2,0.6332626664400486,0.6332626664400486,0.6327904690949434,0.6451863405619391,0.6327904690949434,0.643705612519149,0,private_random
AOI-0017,2019-07-05,186,озимая пшеница,0.6374279055596842,s2,0.6024235740541519,0.6024235740541519,0.6025658395439402,0.60014732621754,0.6025658395439402,0.6016687848974425,0,private_random
AOI-0017,2019-08-01,213,озимая пшеница,0.7650093300024133,s2,0.5490491648320638,0.5490491648320638,0.5482551628469442,0.5585771886534995,0.5482551628469442,0.5650941907074967,0,private_random
AOI-0017,2019-08-07,219,озимая пшеница,0.5979211558192044,landsat,0.5751718107684465,0.5751718107684465,0.5782966927815058,0.5623813503301972,0.5782966927815058,0.5769057950782347,0,private_random
AOI-0017,2019-08-14,226,озимая пшеница,0.6779090735534649,s2,0.5182019779696705,0.5182019779696705,0.5173465612862118,0.5296075337491182,0.5173465612862118,0.5503628975756923,0,private_random
AOI-0017,2019-09-08,251,озимая пшеница,0.5372536263674175,landsat,0.4895603741077664,0.4895603741077664,0.49043131507162,0.4802703371599952,0.49043131507162,0.5102794486432346,0,private_random
AOI-0017,2019-09-18,261,озимая пшеница,0.1983839303562058,s2,0.44323748957260767,0.44323748957260767,0.44214074005148957,0.44908682035190406,0.44214074005148957,0.4340217244758828,0,private_random
AOI-0017,2019-09-30,273,озимая пшеница,0.495575221238938,modis,0.5359202926048503,0.5359202926048503,0.5316828325209563,0.5548061751663171,0.5316828325209563,0.559774205348737,0,private_random
AOI-0017,2019-10-16,289,озимая пшеница,0.439037168141593,modis,0.5712501199231372,0.5712501199231372,0.5584650627716564,0.5880861846933086,0.5584650627716564,0.5678720623233229,0,private_random
AOI-0017,2020-04-02,93,озимая пшеница,0.2834347498766659,s2,0.23833585217001393,0.23833585217001393,0.21873075693151858,0.2910838114684363,0.21873075693151858,0.25033884167256526,0,private_random
AOI-0017,2020-04-07,98,озимая пшеница,0.2797221191518342,s2,0.26258273796221954,0.26258273796221954,0.25727479452311963,0.3262780592314189,0.25727479452311963,0.2493743667019984,0,private_random
AOI-0017,2020-04-12,103,озимая пшеница,0.253704164890922,s2,0.2937059148018748,0.2937059148018748,0.2879179458891291,0.3554442498711623,0.2879179458891291,0.2732036854039994,0,private_random
AOI-0017,2020-05-17,138,озимая пшеница,0.4602463428543203,s2,0.5780692556469903,0.5780692556469903,0.573522831979018,0.6205025432147315,0.573522831979018,0.5813759316149213,0,private_random
AOI-0017,2020-05-24,145,озимая пшеница,0.6293513274336283,modis,0.6745891003298531,0.6745891003298531,0.6836611310189581,0.6321761804163987,0.6836611310189581,0.676290164667141,0,private_random
AOI-0017,2020-06-11,163,озимая пшеница,0.4211159066346229,s2,0.5995513728809426,0.5995513728809426,0.598266704382942,0.6132545035262812,0.598266704382942,0.6314865067077298,0,private_random
AOI-0017,2020-06-29,181,озимая пшеница,0.5637514370315246,s2,0.5301534038569179,0.5301534038569179,0.5296100671037574,0.5352245468864157,0.5296100671037574,0.5583848534839885,0,private_random
AOI-0017,2020-07-29,211,озимая пшеница,0.3638911007580467,s2,0.43577224008012166,0.43577224008012166,0.43445300474763204,0.448085103183358,0.43445300474763204,0.4712105154857599,0,private_random
AOI-0017,2020-08-30,243,озимая пшеница,0.5372117936160674,s2,0.40021601857488487,0.40021601857488487,0.39936699444374424,0.411536340323426,0.39936699444374424,0.39756446905178,0,private_random
AOI-0017,2020-09-22,266,озимая пшеница,0.4916271513483849,s2,0.4258623706221251,0.4258623706221251,0.42485828032685835,0.4352338800446145,0.42485828032685835,0.39674219500856933,0,private_random
AOI-0017,2021-07-10,191,озимая пшеница,0.6835350763857218,landsat,0.6280557295095154,0.6280557295095154,0.6307016518413338,0.6068883508549688,0.6307016518413338,0.6278896565749245,0,private_random
AOI-0017,2021-07-12,193,озимая пшеница,0.6115477876106195,modis,0.5850541568863433,0.5850541568863433,0.5685939896407448,0.5933033782175382,0.5685939896407448,0.561351897498647,0,private_random
AOI-0017,2021-07-26,207,озимая пшеница,0.568469528284717,s2,0.5019332369313053,0.5019332369313053,0.49376460372288655,0.4980639878943724,0.49376460372288655,0.531475338988784,0,private_random
AOI-0017,2021-07-29,210,озимая пшеница,0.5408056426703394,s2,0.4639821805303664,0.4639821805303664,0.4597339801864713,0.46980105608953954,0.4597339801864713,0.5088474417751889,0,private_random
AOI-0017,2021-08-13,225,озимая пшеница,0.3829601769911505,modis,0.4756135099694382,0.4756135099694382,0.47516123429911794,0.4765783647327881,0.47516123429911794,0.48231649274541283,0,private_random
AOI-0017,2021-09-19,262,озимая пшеница,0.4219311595424191,s2,0.4723979028771154,0.4723979028771154,0.47161941506191474,0.47758782164511954,0.47161941506191474,0.48364863197496905,0,private_random
AOI-0017,2021-09-29,272,озимая пшеница,0.172739987119398,s2,0.44987736998830025,0.44987736998830025,0.4453682683342161,0.4739259121434156,0.4453682683342161,0.49339688874320115,0,private_random
AOI-0017,2021-10-02,275,озимая пшеница,0.2905726249009293,s2,0.42944743212689784,0.42944743212689784,0.42682541669883495,0.4574155966929021,0.42682541669883495,0.4723617817637624,0,private_random
AOI-0017,2021-10-07,280,озимая пшеница,0.2629804135337386,s2,0.45706216508195197,0.45706216508195197,0.4490917925824624,0.46921734861806913,0.4490917925824624,0.449563358171358,0,private_random
AOI-0017,2022-04-24,114,озимая пшеница,0.6374744087853265,landsat,0.6368709092183514,0.6368709092183514,0.6355944998185621,0.6419765468175092,0.6355944998185621,0.6422410846781577,0,private_random
AOI-0017,2022-06-10,161,озимая пшеница,0.6278477876106195,modis,0.625000561922427,0.625000561922427,0.6160483419459812,0.6259463825953714,0.6160483419459812,0.6182193191189016,0,private_random
AOI-0017,2022-06-12,163,озимая пшеница,0.6273627158479916,landsat,0.6279010433997325,0.6279010433997325,0.6411873972372035,0.6161554295229106,0.6411873972372035,0.6291912460993766,0,private_random
AOI-0017,2022-07-30,211,озимая пшеница,0.5934847050708901,landsat,0.5302183839086225,0.5302183839086225,0.5314408011986163,0.5188091558686805,0.5314408011986163,0.5383162930587905,0,private_random
AOI-0017,2022-08-05,217,озимая пшеница,0.5482157530990653,s2,0.5359136268027864,0.5359136268027864,0.5425300042166405,0.5266939236793657,0.5228300719394338,0.5263013462930013,0,private_random
AOI-0017,2022-08-22,234,озимая пшеница,0.5387184775788331,landsat,0.5189029479029432,0.5189029479029432,0.5234125518578135,0.5067509443229984,0.5234125518578135,0.5380246652387597,0,private_random
AOI-0017,2022-09-08,251,озимая пшеница,0.5222221376319961,landsat,0.4981331420605632,0.4981331420605632,0.498576579466127,0.49340314306788313,0.498576579466127,0.4813887109994542,0,private_random
AOI-0017,2022-10-22,295,озимая пшеница,0.5538422399237652,s2,0.39023082748387883,0.39023082748387883,0.3884038833198062,0.41215415745275097,0.3884038833198062,0.35767201573718554,0,private_random
AOI-0017,2023-05-05,125,озимая пшеница,0.648709400255143,landsat,0.5692427298258609,0.5692427298258609,0.5345558347725828,0.5985825771963409,0.5984284034971737,0.6005592444212905,0,private_random
AOI-0017,2023-05-12,132,озимая пшеница,0.6027392891082504,s2,0.5637964857332979,0.5637964857332979,0.5406664759865152,0.603147654110497,0.5406664759865152,0.5762973457573651,0,private_random
AOI-0017,2023-05-17,137,озимая пшеница,0.583426884861423,s2,0.5534209567385606,0.5534209567385606,0.5468288104009634,0.6061581274393381,0.5468288104009634,0.544695215387228,0,private_random
AOI-0017,2023-05-25,145,озимая пшеница,0.6629654867256638,modis,0.6424409408622177,0.6424409408622177,0.672813614261564,0.6019667471331691,0.672813614261564,0.6383130207604342,0,private_random
AOI-0017,2023-08-06,218,озимая пшеница,0.6511990200073835,landsat,0.5651327396989304,0.5651327396989304,0.571094734845773,0.5520086032274637,0.571094734845773,0.5588525445064579,0,private_random
AOI-0017,2023-08-09,221,озимая пшеница,0.4662520564164722,landsat,0.5450939455403625,0.5450939455403625,0.5475036132800114,0.5290294939427028,0.5475036132800114,0.5432336243478175,0,private_random
AOI-0017,2023-09-26,269,озимая пшеница,0.4661526921233665,landsat,0.4281911746090738,0.4281911746090738,0.4301649133063193,0.4211604702325303,0.4301649133063193,0.4358140851801238,0,private_random
AOI-0017,2023-10-02,275,озимая пшеница,0.3885828310173823,s2,0.2984885138048726,0.2984885138048726,0.29544961972478645,0.3309033839924587,0.29544961972478645,0.3243831081899773,0,private_random
AOI-0017,2023-10-07,280,озимая пшеница,0.3281333315791236,s2,0.2676252929713117,0.2676252929713117,0.2623140517402498,0.3043019965301379,0.2623140517402498,0.24516777204383522,0,private_random
AOI-0017,2023-10-29,302,озимая пшеница,0.3842754647514103,s2,0.20452367865786225,0.20452367865786225,0.19925054335615525,0.26077045520940384,0.19925054335615525,0.5321971016991882,0,private_random
AOI-0017,2024-05-24,145,озимая пшеница,0.234446520113439,s2,0.34745791990039315,0.34745791990039315,0.2903792036550017,0.39632309965674994,0.2903792036550017,0.3705453172857459,0,private_random
AOI-0017,2024-06-03,155,озимая пшеница,0.2274202419651216,s2,0.2793162671366715,0.2793162671366715,0.27066278516616754,0.3370061469400314,0.27066278516616754,0.2950833927305296,0,private_random
AOI-0017,2024-06-09,161,озимая пшеница,0.5091008849557522,modis,0.35632033173484456,0.35632033173484456,0.36587609270909766,0.30487266460668166,0.36587609270909766,0.36528765881533887,0,private_random
AOI-0017,2024-06-20,172,озимая пшеница,0.2118276067989309,s2,0.25333323703423266,0.25333323703423266,0.24654353353077074,0.3167038030665439,0.24654353353077074,0.2515065066202637,0,private_random
AOI-0017,2024-06-30,182,озимая пшеница,0.1498678117231792,s2,0.23814465482206446,0.23814465482206446,0.2340132006656576,0.2877221046989469,0.2340132006656576,0.2394784518233176,0,private_random
AOI-0017,2024-07-05,187,озимая пшеница,0.1698381110286722,s2,0.23109343698221865,0.23109343698221865,0.226433810100866,0.28079612371664703,0.226433810100866,0.21973207582815651,0,private_random
AOI-0017,2024-09-03,247,озимая пшеница,0.2123920372278943,s2,0.29444164283728236,0.29444164283728236,0.28060943188994875,0.3097076187432013,0.28060943188994875,0.2984767121362803,0,private_random
AOI-0017,2024-10-03,277,озимая пшеница,0.1638830852521372,s2,0.20512500476308262,0.20512500476308262,0.19446623678737013,0.2477600766659326,0.19446623678737013,0.20221973404351182,0,private_random
AOI-0017,2024-10-26,300,озимая пшеница,0.1977248777149243,s2,0.14562938300420122,0.14562938300420122,0.14192332880472894,0.18516062779857226,0.14192332880472894,0.2150475219607068,0,private_random
AOI-0017,2024-10-30,304,озимая пшеница,0.2514034427691313,landsat,0.16586702336596443,0.16586702336596443,0.17858488021183072,0.18257481423035746,0.17858488021183072,0.280299240255353,0,private_random
AOI-0017,2025-04-19,109,озимая пшеница,0.8681956198738493,s2,0.8009300785949051,0.8009300785949051,0.7970770720104603,0.8097385042452955,0.7970770720104603,0.8112331917574329,0,private_random
AOI-0017,2025-05-06,126,озимая пшеница,0.8986654323328755,s2,0.8023338350476965,0.8023338350476965,0.8019971538515895,0.816249991153453,0.8019971538515895,0.8158017330278695,0,private_random
AOI-0017,2025-06-15,166,озимая пшеница,0.4464826151549859,s2,0.4599525057444444,0.4599525057444444,0.45863596648962046,0.49154944786021826,0.45863596648962046,0.4529133719184891,0,private_random
AOI-0017,2025-07-05,186,озимая пшеница,0.2685928201099252,s2,0.29222345855599785,0.29222345855599785,0.27878014878660684,0.3238374362994713,0.27878014878660684,0.3210609939674203,0,private_random
AOI-0017,2025-07-25,206,озимая пшеница,0.219589724295722,s2,0.21314848084676608,0.21314848084676608,0.21192373391322078,0.265404350011365,0.21192373391322078,0.22016006611732827,0,private_random
AOI-0017,2025-08-06,218,озимая пшеница,0.1647773847458756,s2,0.20016747929935305,0.20016747929935305,0.17916206032758375,0.24347437315299922,0.17916206032758375,0.19877242347844817,0,private_random
AOI-0017,2025-08-13,225,озимая пшеница,0.2622407079646018,modis,0.28616826769791104,0.28616826769791104,0.3030357973395588,0.23234801462725965,0.3030357973395588,0.2864582951421155,0,private_random
AOI-0017,2025-08-17,229,озимая пшеница,0.1735598884035785,s2,0.17653185685053682,0.17653185685053682,0.16391611326066632,0.23085286218477777,0.16391611326066632,0.17674358363167061,0,private_random
AOI-0017,2025-08-31,243,озимая пшеница,0.232580038539038,landsat,0.2116079017505948,0.2116079017505948,0.22623047469113028,0.22644335036184873,0.22623047469113028,0.21151809338142621,0,private_random
AOI-0017,2025-09-15,258,озимая пшеница,0.1905857693275266,s2,0.2113858470004152,0.2113858470004152,0.19964127941297483,0.23930611965665274,0.19964127941297483,0.2081829140306622,0,private_random
AOI-0017,2025-09-16,259,озимая пшеница,0.190558758396179,s2,0.21134538042679582,0.21134538042679582,0.20093194376774734,0.24141755294660938,0.20093194376774734,0.20809691396311747,0,private_random
AOI-0018,2025-04-28,118,озимая пшеница,0.8759167801277076,s2,0.8119363641323106,0.8119363641323106,0.8116784870242806,0.8215637761654303,0.8116784870242806,0.8248017742137028,0,private_random
AOI-0018,2025-06-07,158,озимая пшеница,0.413838810029175,s2,0.4282289686901096,0.4282289686901096,0.4273901031864934,0.47073148753999944,0.4273901031864934,0.4400338136870889,0,private_random
AOI-0018,2025-06-08,159,озимая пшеница,0.3949570342508399,s2,0.40676390003328683,0.40676390003328683,0.40601713901159114,0.4525652426972879,0.40601713901159114,0.41680959935381434,0,private_random
AOI-0018,2025-06-26,177,озимая пшеница,0.4654140468227425,modis,0.3767998018982567,0.3767998018982567,0.37750382630231333,0.3204778495737249,0.37750382630231333,0.36012755742399133,0,private_random
AOI-0018,2025-07-12,193,озимая пшеница,0.4866790969899666,modis,0.2947627199709728,0.2947627199709728,0.3123631225797543,0.2748156733549179,0.3123631225797543,0.3125968910969613,0,private_random
AOI-0018,2025-07-15,196,озимая пшеница,0.185604935816967,s2,0.24082758716960356,0.24082758716960356,0.23776152009950208,0.2845616976009631,0.23776152009950208,0.23659495013190285,0,private_random
AOI-0018,2025-07-17,198,озимая пшеница,0.200368167730195,s2,0.2465969528884516,0.2465969528884516,0.24536536535454648,0.2909341041090366,0.24536536535454648,0.24031321259654442,0,private_random
AOI-0018,2025-08-22,234,озимая пшеница,0.1707737087182246,s2,0.1714037718857451,0.1714037718857451,0.17023951022961695,0.2334977268792459,0.17023951022961695,0.16768915687398478,0,private_random
AOI-0018,2025-09-30,273,озимая пшеница,0.2512210702341137,modis,0.30400858470523945,0.30400858470523945,0.3118319453425124,0.24320620217858613,0.3118319453425124,0.30145758834811526,0,private_random
AOI-0018,2025-10-13,286,озимая пшеница,0.1447611267357169,s2,0.20317706558717671,0.20317706558717671,0.20141645471816177,0.2548216510782811,0.20141645471816177,0.19621697044004016,0,private_random
AOI-0019,2025-05-06,126,подсолнечник,0.5766175071749937,s2,0.6073162363102513,0.6073162363102513,0.6063155424510992,0.6486782491552051,0.6063155424510992,0.6038366384696318,0,private_random
AOI-0019,2025-05-09,129,подсолнечник,0.6671006260060811,modis,0.6761328662495543,0.6761328662495543,0.688881681782461,0.6356186405866637,0.688881681782461,0.6822491602385464,0,private_random
AOI-0019,2025-07-08,189,подсолнечник,0.3531038727116746,s2,0.32463739272250697,0.32463739272250697,0.31452581322054496,0.34994039653611403,0.31452581322054496,0.3331247617916299,0,private_random
AOI-0019,2025-08-06,218,подсолнечник,0.311862068113539,s2,0.3029789351402126,0.3029789351402126,0.28725341993205467,0.32935540847488143,0.28725341993205467,0.31789740753707074,0,private_random
AOI-0019,2025-08-09,221,подсолнечник,0.2910723564468436,s2,0.2927980512252351,0.2927980512252351,0.29202949912509685,0.3327627604324252,0.29202949912509685,0.30910160411418447,0,private_random
AOI-0019,2025-08-15,227,подсолнечник,0.3858867662947231,landsat,0.31876191097411605,0.31876191097411605,0.322968104876682,0.3197882976802519,0.322968104876682,0.3340033706302348,0,private_random
AOI-0019,2025-08-16,228,подсолнечник,0.3331130215404153,s2,0.27854920635753344,0.27854920635753344,0.2776642729998477,0.32102600752645066,0.2776642729998477,0.2978762467944083,0,private_random
AOI-0019,2025-08-19,231,подсолнечник,0.2589883013970676,s2,0.26011784630558166,0.26011784630558166,0.25955198444833866,0.30689575983766937,0.25955198444833866,0.26835101069809547,0,private_random
AOI-0019,2025-09-21,264,подсолнечник,0.2225884171616918,s2,0.227678540610284,0.227678540610284,0.22699636748619548,0.26224197889743617,0.22699636748619548,0.23747493584201287,0,private_random
AOI-0019,2025-10-13,286,подсолнечник,0.0703509371994565,s2,0.2194397636073725,0.2194397636073725,0.21788929102024054,0.2649202928299086,0.21788929102024054,0.21280436223162794,0,private_random
AOI-0019,2025-10-16,289,подсолнечник,0.2316765654033476,s2,0.2687386339294436,0.2687386339294436,0.22504515267295702,0.27001043865002544,0.22504515267295702,0.27777983448508303,0,private_random
AOI-0020,2025-05-06,126,подсолнечник,0.4536693052444378,s2,0.4900406524075236,0.4900406524075236,0.48813349284354923,0.5688699143851296,0.48813349284354923,0.46849638954019696,0,private_random
AOI-0020,2025-06-05,156,подсолнечник,0.6183820994462724,s2,0.5059702378329338,0.5059702378329338,0.5052407227245465,0.5370962157907996,0.5052407227245465,0.5390769188098663,0,private_random
AOI-0020,2025-07-07,188,подсолнечник,0.4250987328264372,s2,0.3893039027387799,0.3893039027387799,0.3885767911409051,0.4174188845232689,0.3885767911409051,0.4020478613626871,0,private_random
AOI-0020,2025-07-08,189,подсолнечник,0.4032701869794841,s2,0.39064634026388223,0.39064634026388223,0.38071119278555215,0.4098062643043197,0.38071119278555215,0.3971500304626071,0,private_random
AOI-0020,2025-08-06,218,подсолнечник,0.2441819694770864,s2,0.26503428053364364,0.26503428053364364,0.24744119544151907,0.29712172219898314,0.24744119544151907,0.2660768208198092,0,private_random
AOI-0020,2025-08-12,224,подсолнечник,0.2697206967991234,s2,0.2223796636984897,0.2223796636984897,0.2213292526722286,0.2741999409940364,0.2213292526722286,0.2314913809183655,0,private_random
AOI-0020,2025-08-27,239,подсолнечник,0.2280686033096322,s2,0.21048822880517978,0.21048822880517978,0.2092320572566371,0.26743467233911367,0.2092320572566371,0.2058172908531925,0,private_random
AOI-0020,2025-09-13,256,подсолнечник,0.2026098879672189,s2,0.20854012546229267,0.20854012546229267,0.20771505188863518,0.24594346080143062,0.20771505188863518,0.20456306317440387,0,private_random
AOI-0020,2025-09-26,269,подсолнечник,0.2158422862005387,s2,0.20244783612935713,0.20244783612935713,0.19408717563264447,0.23836972779512947,0.19408717563264447,0.20623757107602564,0,private_random
AOI-0020,2025-10-17,290,подсолнечник,0.233865827189274,landsat,0.2395542612521116,0.2395542612521116,0.23902533747080212,0.2550693588371883,0.23902533747080212,0.239595376904545,0,private_random
AOI-0021,2025-05-03,123,подсолнечник,0.4996390435952456,landsat,0.5088582593408897,0.5088582593408897,0.5078662984379537,0.5339879355486007,0.5078662984379537,0.5203501705909362,0,private_random
AOI-0021,2025-05-09,129,подсолнечник,0.7105611709601873,modis,0.625980248041255,0.625980248041255,0.6483913302436459,0.5513861688243953,0.6483913302436459,0.6562004874888556,0,private_random
AOI-0021,2025-05-24,144,подсолнечник,0.6367534369663406,s2,0.47864939009748575,0.47864939009748575,0.4774208116616878,0.5523640962453622,0.4774208116616878,0.5071893543165537,0,private_random
AOI-0021,2025-06-07,158,подсолнечник,0.5291008094788844,s2,0.477935971837099,0.477935971837099,0.4772550271797468,0.512437167809609,0.4772550271797468,0.478815027738002,0,private_random
AOI-0021,2025-06-08,159,подсолнечник,0.5097938367150887,s2,0.4663311833820516,0.4663311833820516,0.46573841701253793,0.5026875207122278,0.46573841701253793,0.4667816549435875,0,private_random
AOI-0021,2025-06-30,181,подсолнечник,0.3744199809242569,s2,0.35215542737282274,0.35215542737282274,0.35163982445125375,0.37759183817022496,0.35163982445125375,0.3458518621336101,0,private_random
AOI-0021,2025-07-03,184,подсолнечник,0.0914610399355115,s2,0.3598813273688525,0.3598813273688525,0.3584828097063533,0.3841223001855046,0.3584828097063533,0.36471997840992254,0,private_random
AOI-0021,2025-08-06,218,подсолнечник,0.2566889771795405,s2,0.28693118013732904,0.28693118013732904,0.2704616877246934,0.31547915957226463,0.2704616877246934,0.28754615570234643,0,private_random
AOI-0021,2025-08-16,228,подсолнечник,0.251881757111185,s2,0.2416367813527572,0.2416367813527572,0.2405900882669144,0.2918780494732139,0.2405900882669144,0.24352799462259922,0,private_random
AOI-0021,2025-08-17,229,подсолнечник,0.245067377382301,s2,0.24851616106629304,0.24851616106629304,0.2381032794656584,0.2900361391079185,0.2381032794656584,0.24677509551297663,0,private_random
AOI-0021,2025-09-21,264,подсолнечник,0.2124061369445947,s2,0.21541328106957788,0.21541328106957788,0.21464970542896022,0.25410111352754,0.21464970542896022,0.21951681850664406,0,private_random
AOI-0022,2025-05-09,129,подсолнечник,0.8696925673371976,modis,0.8150631847735127,0.8150631847735127,0.8109285734872121,0.833162501478807,0.8109285734872121,0.8295620377672006,0,private_random
AOI-0022,2025-05-19,139,подсолнечник,0.8146443697892953,landsat,0.850675474457979,0.850675474457979,0.8513813983727334,0.8373820162178028,0.8509510907852083,0.8829766037812494,0,private_random
AOI-0022,2025-06-03,154,подсолнечник,0.8827660088199949,s2,0.7749193217538924,0.7749193217538924,0.7751043955791165,0.7657890130428361,0.7751043955791165,0.8127417118596365,0,private_random
AOI-0022,2025-06-05,156,подсолнечник,0.8208210948032149,s2,0.7572340948012796,0.7572340948012796,0.7573988447328462,0.7502047643877702,0.7573988447328462,0.7931341517830092,0,private_random
AOI-0022,2025-07-18,199,подсолнечник,0.1416974332595904,s2,0.1469603805388608,0.1469603805388608,0.1458522654129858,0.2060598539188605,0.1458522654129858,0.1516166626656854,0,private_random
AOI-0022,2025-07-29,210,подсолнечник,0.1972426773970299,landsat,0.2072714454066791,0.2072714454066791,0.20712287311368419,0.21242195156383667,0.20712287311368419,0.20685806343429866,0,private_random
AOI-0022,2025-08-14,226,подсолнечник,0.1332935505323987,s2,0.16912996326058274,0.16912996326058274,0.15153879750909646,0.2159991075116798,0.15153879750909646,0.1668960696493507,0,private_random
AOI-0022,2025-08-23,235,подсолнечник,0.2099565019193814,landsat,0.1926446530229726,0.1926446530229726,0.20866469184218722,0.21404020715788685,0.20866469184218722,0.19419253350645846,0,private_random
AOI-0022,2025-09-11,254,подсолнечник,0.1409581182234292,s2,0.15224901907810184,0.15224901907810184,0.1510072383959282,0.20192024636504766,0.1510072383959282,0.14859733691666063,0,private_random
AOI-0022,2025-10-16,289,подсолнечник,0.2381451616007184,s2,0.24408700707011977,0.24408700707011977,0.1918187178118438,0.24484670170701758,0.1918187178118438,0.2651173023692071,0,private_random
AOI-0023,2025-05-25,145,подсолнечник,0.6809055662717001,modis,0.6257959409792744,0.6257959409792744,0.6464682649664185,0.5582727184372018,0.6464682649664185,0.6487574226321569,0,private_random
AOI-0023,2025-06-03,154,подсолнечник,0.6635689184806213,s2,0.5911423691620937,0.5911423691620937,0.5907651466333845,0.6097520139117467,0.5907651466333845,0.5800361923000548,0,private_random
AOI-0023,2025-07-07,188,подсолнечник,0.653406541992332,s2,0.5946626673690721,0.5946626673690721,0.5946546389029903,0.5949731013908997,0.5946546389029903,0.6498126264459436,0,private_random
AOI-0023,2025-07-08,189,подсолнечник,0.6261127082501727,s2,0.5716914408023193,0.5716914408023193,0.566284441104337,0.5702695513622303,0.566284441104337,0.6162159787818423,0,private_random
AOI-0023,2025-07-30,211,подсолнечник,0.1439581526199027,s2,0.13506344516003044,0.13506344516003044,0.13420277952692908,0.20621180416307686,0.13420277952692908,0.13017174512256544,0,private_random
AOI-0023,2025-08-19,231,подсолнечник,0.1446551021721994,s2,0.14900076188427533,0.14900076188427533,0.1481906755940327,0.21596789521099938,0.1481906755940327,0.15381837831939868,0,private_random
AOI-0023,2025-08-24,236,подсолнечник,0.1174316030133937,s2,0.14908874234034775,0.14908874234034775,0.14701998351333367,0.21528902480479817,0.14701998351333367,0.15295141809543186,0,private_random
AOI-0023,2025-08-31,243,подсолнечник,0.1978859578290731,landsat,0.18041880489228357,0.18041880489228357,0.1975372920180024,0.19439289160223808,0.1975372920180024,0.17816700459689444,0,private_random
AOI-0023,2025-09-05,248,подсолнечник,0.1376197980409296,s2,0.1385366691064705,0.1385366691064705,0.13666048091260333,0.19106993853475226,0.13666048091260333,0.13291864852897795,0,private_random
AOI-0023,2025-09-07,250,подсолнечник,0.193864734759056,landsat,0.18987950686789296,0.18987950686789296,0.18997390923021054,0.18660689164088376,0.18997390923021054,0.1895050347242524,0,private_random
AOI-0023,2025-10-03,276,подсолнечник,0.1697770035247253,s2,0.18292155947146674,0.18292155947146674,0.17947891990823422,0.2326172155734548,0.17947891990823422,0.19131807597619996,0,private_random
AOI-0024,2025-04-01,91,подсолнечник,0.1830900017213121,s2,0.154102926994878,0.154102926994878,0.15210752643955314,0.23924001735540523,0.15210752643955314,0.19184688146135756,0,private_random
AOI-0024,2025-04-24,114,подсолнечник,0.229162729118931,s2,0.20387339489387388,0.20387339489387388,0.2016710638820753,0.28315731131862304,0.2016710638820753,0.20143827744281462,0,private_random
AOI-0024,2025-05-04,124,подсолнечник,0.2041284563712169,s2,0.2602713957622001,0.2602713957622001,0.23068931247749955,0.35499568741675863,0.23068931247749955,0.24715310133584786,0,private_random
AOI-0024,2025-06-10,161,подсолнечник,0.5353096544157981,modis,0.41360549981930306,0.41360549981930306,0.3724603140192545,0.42327730109507566,0.46210150332466304,0.4575206224176714,0,private_random
AOI-0024,2025-07-07,188,подсолнечник,0.4718286263028671,s2,0.48935210093739834,0.48935210093739834,0.4890213204493243,0.5021422798095939,0.4890213204493243,0.49362608848938744,0,private_random
AOI-0024,2025-07-13,194,подсолнечник,0.3368040572928353,s2,0.37518178241014966,0.37518178241014966,0.3746790244924767,0.4013251941291413,0.3746790244924767,0.36496182684943407,0,private_random
AOI-0024,2025-08-29,241,подсолнечник,0.2429317600436004,s2,0.22549555558963513,0.22549555558963513,0.2249267324611271,0.2694845441942553,0.2249267324611271,0.22392103876670272,0,private_random
AOI-0024,2025-09-05,248,подсолнечник,0.2172314804618546,s2,0.21633206662750826,0.21633206662750826,0.21477992052547706,0.2597921574843809,0.21477992052547706,0.21448534386650267,0,private_random
AOI-0024,2025-09-16,259,подсолнечник,0.2156266927811415,s2,0.2180183433155332,0.2180183433155332,0.20622635992400304,0.24943029339542203,0.20622635992400304,0.21681416715221055,0,private_random
AOI-0024,2025-09-23,266,подсолнечник,0.1938984195999817,s2,0.19285109355569907,0.19285109355569907,0.1764433600262683,0.2263674418976315,0.1764433600262683,0.19811857277821984,0,private_random
AOI-0025,2025-05-14,134,озимая пшеница,0.1871390644589766,s2,0.20297847476930791,0.20297847476930791,0.19986021055439973,0.33186672898551284,0.19986021055439973,0.20539073112466824,0,private_random
AOI-0025,2025-07-08,189,озимая пшеница,0.1463697531581525,s2,0.17523033801554452,0.17523033801554452,0.16256581745801882,0.2187192194756673,0.16256581745801882,0.16990674151664784,0,private_random
AOI-0025,2025-07-18,199,озимая пшеница,0.1329766298769255,s2,0.15345865966767877,0.15345865966767877,0.15239859631412153,0.20999537185739872,0.15239859631412153,0.1603993946905793,0,private_random
AOI-0025,2025-07-28,209,озимая пшеница,0.146665202747895,s2,0.17987004440261012,0.17987004440261012,0.14445130443166954,0.20374858209787958,0.14445130443166954,0.17868295650689747,0,private_random
AOI-0025,2025-07-29,210,озимая пшеница,0.2140027895245034,landsat,0.2054175251970079,0.2054175251970079,0.2052746900890881,0.21036914227156114,0.2052746900890881,0.20380158140372007,0,private_random
AOI-0025,2025-08-22,234,озимая пшеница,0.141758220258316,s2,0.15296271523875019,0.15296271523875019,0.15170874847591195,0.2198409425901222,0.15170874847591195,0.1552597813143161,0,private_random
AOI-0026,2025-05-04,124,озимая пшеница,0.9063528962649148,s2,0.8762989964850451,0.8762989964850451,0.8759419846669584,0.8606602088244348,0.8759419846669584,0.9060920943994953,0,private_random
AOI-0026,2025-05-25,145,озимая пшеница,0.8574989851531669,modis,0.8156961251836705,0.8156961251836705,0.8076950316488664,0.8349954556324303,0.8076950316488664,0.8113319627933068,0,private_random
AOI-0026,2025-06-11,162,озимая пшеница,0.7833378721074458,landsat,0.6681043187902173,0.6681043187902173,0.6705370758413368,0.6580233675925913,0.6705370758413368,0.7155789057383238,0,private_random
AOI-0026,2025-06-27,178,озимая пшеница,0.465613265463608,landsat,0.4015997351770515,0.4015997351770515,0.38554367719933413,0.4215967215184809,0.42976398152690964,0.44689135263295693,0,private_random
AOI-0026,2025-08-14,226,озимая пшеница,0.373918649532583,landsat,0.13782135949113572,0.13782135949113572,0.11930557442604628,0.18683423648322517,0.18329391486782007,0.1391319204073189,0,private_random
AOI-0026,2025-09-28,271,озимая пшеница,0.1595230678623997,s2,0.19164961835232702,0.19164961835232702,0.18970455243840786,0.2435180427235041,0.18970455243840786,0.16033632301487305,0,private_random
AOI-0026,2025-10-17,290,озимая пшеница,0.3598406811129716,landsat,0.3650764892839996,0.3650764892839996,0.3647286407248663,0.3752800470185744,0.3647286407248663,0.34635330896925515,0,private_random
AOI-0027,2025-04-07,97,озимая пшеница,0.7069485829959514,modis,0.6822877378716626,0.6822877378716626,0.6863844562877517,0.6477475939094552,0.6863844562877517,0.7583117650250135,0,private_random
AOI-0027,2025-04-14,104,озимая пшеница,0.754673690388653,s2,0.690104271585725,0.690104271585725,0.6896192487466701,0.7146787620978367,0.6896192487466701,0.7247462221848425,0,private_random
AOI-0027,2025-06-03,154,озимая пшеница,0.6532868231532459,s2,0.6762763938715971,0.6762763938715971,0.6762342379178697,0.6783560875888096,0.6762342379178697,0.7217150692277267,0,private_random
AOI-0027,2025-06-26,177,озимая пшеница,0.4745955465587045,modis,0.4916896587345824,0.4916896587345824,0.492053721643541,0.46256462601789156,0.492053721643541,0.42100869044335876,0,private_random
AOI-0027,2025-08-14,226,озимая пшеница,0.3330725881269577,landsat,0.28330808003079,0.28330808003079,0.26846734962056595,0.32052992254095286,0.31989578912296046,0.2768785965730353,0,private_random
AOI-0027,2025-09-15,258,озимая пшеница,0.2602311151496721,landsat,0.3043348434691112,0.3043348434691112,0.30253488203992296,0.3250761851938679,0.30774999905940953,0.24933733410205025,0,private_random
AOI-0028,2010-06-10,161,озимая пшеница,0.6592793244759784,landsat,0.5836033387227606,0.5836033387227606,0.5857870006702288,0.570598610369253,0.5803035349687328,0.600703611165738,0,private_random
AOI-0028,2010-09-30,273,озимая пшеница,0.283569727526282,modis,0.2863101875143599,0.2863101875143599,0.28941157413429247,0.22014727295579792,0.28941157413429247,0.27669522233124083,0,private_random
AOI-0028,2011-04-02,92,озимая пшеница,0.1468634089599029,landsat,0.09324005106414028,0.09324005106414028,0.08870862761661613,0.11740764278426914,0.08870862761661613,0.11636443223730916,0,private_random
AOI-0028,2011-04-26,116,озимая пшеница,0.1696729334501159,landsat,0.20467880063056706,0.20467880063056706,0.19922850719876858,0.22647997435776088,0.19922850719876858,0.1783777703510698,0,private_random
AOI-0028,2011-08-13,225,озимая пшеница,0.5108129585925769,modis,0.5221948962850906,0.5221948962850906,0.5237726152032973,0.48853689269667927,0.5237726152032973,0.516450167388544,0,private_random
AOI-0028,2012-05-06,127,озимая пшеница,0.8223201970697329,landsat,0.6609382326341521,0.6609382326341521,0.6627003665161962,0.6468411615777984,0.6627003665161962,0.7346351047040451,0,private_random
AOI-0028,2012-07-09,191,озимая пшеница,0.2458108157651637,landsat,0.28295460471834116,0.28295460471834116,0.28194876258097823,0.28966021896742694,0.28194876258097823,0.3167798134220883,0,private_random
AOI-0028,2012-08-12,225,озимая пшеница,0.2306585282128299,modis,0.22850863998740512,0.22850863998740512,0.2527035081371465,0.18657661990414395,0.2527035081371465,0.2029738242804334,0,private_random
AOI-0028,2013-07-04,185,озимая пшеница,0.21944188046331,landsat,0.2255118640035855,0.2255118640035855,0.22473397622933936,0.23069778249855966,0.22473397622933936,0.2360546435069218,0,private_random
AOI-0028,2013-08-21,233,озимая пшеница,0.2204642280373989,landsat,0.23061870908790497,0.23061870908790497,0.23029016148411668,0.23280902644649326,0.23029016148411668,0.21534738674620513,0,private_random
AOI-0028,2014-05-20,140,озимая пшеница,0.8838743046167481,landsat,0.7899033158596529,0.7899033158596529,0.7935875196363249,0.7653419573485053,0.7935875196363249,0.9217530941439421,0,private_random
AOI-0028,2014-09-14,257,озимая пшеница,0.2125802832010298,modis,0.22690826559677382,0.22690826559677382,0.23045422324292134,0.1654449997302172,0.23045422324292134,0.22998605938928643,0,private_random
AOI-0028,2014-09-30,273,озимая пшеница,0.2302160909676035,modis,0.25586457644435767,0.25586457644435767,0.259608927501839,0.19096249144801467,0.259608927501839,0.25967248976770674,0,private_random
AOI-0028,2015-05-09,129,озимая пшеница,0.4186682257026391,modis,0.47204697556409747,0.47204697556409747,0.47777103150097494,0.38046208057405767,0.47777103150097494,0.4699294892510404,0,private_random
AOI-0028,2015-05-23,143,озимая пшеница,0.303325966235515,landsat,0.505122575230231,0.505122575230231,0.5054803061293284,0.5032146771017115,0.5054803061293284,0.4771596114120485,0,private_random
AOI-0028,2015-09-14,257,озимая пшеница,0.2313848315812058,modis,0.2658536117273207,0.2658536117273207,0.2689225416071339,0.2085669206374746,0.2689225416071339,0.23184431542107214,0,private_random
AOI-0028,2016-07-12,194,озимая пшеница,0.2407456827621014,landsat,0.2639137918227124,0.2639137918227124,0.2638882878403276,0.2640838183719445,0.2638882878403276,0.269603590358128,0,private_random
AOI-0028,2016-09-29,273,озимая пшеница,0.2325116284059215,modis,0.3167609949769993,0.3167609949769993,0.3193225060469571,0.28260751404422796,0.3193225060469571,0.29639649811364566,0,private_random
AOI-0028,2016-10-24,298,озимая пшеница,0.1621425012137316,landsat,0.26876704592575745,0.26876704592575745,0.2694482247984863,0.26604233043484204,0.2694482247984863,0.24390353180681146,0,private_random
AOI-0028,2017-05-09,129,озимая пшеница,0.6168846384895946,modis,0.6255085599956809,0.6255085599956809,0.6294408920556035,0.5468619187972293,0.6294408920556035,0.6440375300941137,0,private_random
AOI-0028,2017-06-05,156,озимая пшеница,0.8726813837617009,s2,0.6213146922187386,0.6213146922187386,0.6123583150603394,0.629861647722329,0.6123583150603394,0.680982189780878,0,private_random
AOI-0028,2017-06-26,177,озимая пшеница,0.382021347350354,modis,0.4782641622383109,0.4782641622383109,0.47971014888723934,0.44741644706117056,0.47971014888723934,0.4493350941080042,0,private_random
AOI-0028,2017-08-16,228,озимая пшеница,0.197281774301433,landsat,0.2048548682989501,0.2048548682989501,0.2032377318646546,0.20916723212373803,0.2032377318646546,0.19738240438282656,0,private_random
AOI-0028,2017-09-25,268,озимая пшеница,0.2710803475755905,landsat,0.32360154832469123,0.32360154832469123,0.3185716192239748,0.34215444539626994,0.3290231822582294,0.27631596965891364,0,private_random
AOI-0028,2018-04-05,95,озимая пшеница,0.6334424893577304,landsat,0.6931285554962745,0.6931285554962745,0.6926819608842114,0.6961058529100277,0.6926819608842114,0.5933151993909322,0,private_random
AOI-0028,2018-04-29,119,озимая пшеница,0.898137211061533,landsat,0.8394055722843814,0.8394055722843814,0.8400900505332336,0.8339297462935643,0.8400900505332336,0.8708250794944128,0,private_random
AOI-0028,2018-09-14,257,озимая пшеница,0.2681282986483587,modis,0.25734182220135776,0.25734182220135776,0.2696227263804232,0.21509891426574165,0.2696227263804232,0.27262906008955307,0,private_random
AOI-0028,2018-09-18,261,озимая пшеница,0.2028230985059599,s2,0.17378302790129074,0.17378302790129074,0.16943536966993994,0.2201580490356995,0.16943536966993994,0.18196317594947709,0,private_random
AOI-0028,2019-05-09,129,озимая пшеница,0.3547792962883503,modis,0.4994416955825897,0.4994416955825897,0.5079643633520069,0.31762478316835663,0.5079643633520069,0.4997954376363664,0,private_random
AOI-0028,2019-05-11,131,озимая пшеница,0.3127755489427864,s2,0.2110050986093228,0.2110050986093228,0.1798307170158757,0.31677073477654677,0.1798307170158757,0.2103209279585948,0,private_random
AOI-0028,2019-06-15,166,озимая пшеница,0.1003258679846486,s2,0.15726640868487748,0.15726640868487748,0.15163759149867395,0.23231730450092444,0.15163759149867395,0.15428594416763358,0,private_random
AOI-0028,2019-07-12,193,озимая пшеница,0.3904210898948724,modis,0.2546169698961319,0.2546169698961319,0.2669348065554279,0.2123093089634409,0.2669348065554279,0.25602260678689254,0,private_random
AOI-0028,2019-08-29,241,озимая пшеница,0.1613171449005577,s2,0.1824522769510903,0.1824522769510903,0.14037677382023633,0.19553469563705472,0.14037677382023633,0.18232112753543042,0,private_random
AOI-0028,2019-10-16,289,озимая пшеница,0.6763814632053209,modis,0.5247186876218297,0.5247186876218297,0.5191907721696782,0.5307592317834662,0.5191907721696782,0.5589799029327014,0,private_random
AOI-0028,2019-10-23,296,озимая пшеница,0.7401272865057618,s2,0.6588119770828662,0.6588119770828662,0.6601367627960353,0.64468092947573,0.6601367627960353,0.6411344693061046,0,private_random
AOI-0028,2020-04-22,113,озимая пшеница,0.8183522849173999,modis,0.8249896278782654,0.8249896278782654,0.821715241222236,0.8311502311128568,0.827927498091816,0.8066470603066804,0,private_random
AOI-0028,2020-07-15,197,озимая пшеница,0.2322035363505954,landsat,0.25105160769981594,0.25105160769981594,0.25135875715646755,0.24818487943773407,0.25135875715646755,0.2515354268709883,0,private_random
AOI-0028,2020-08-18,231,озимая пшеница,0.1319448270646456,s2,0.14142567074175688,0.14142567074175688,0.1126984923382483,0.18089180384028505,0.1126984923382483,0.14417817465130153,0,private_random
AOI-0028,2020-09-12,256,озимая пшеница,0.1403144760516989,s2,0.1536689523728769,0.1536689523728769,0.14209450387168152,0.1952351796831621,0.14209450387168152,0.15855623567614613,0,private_random
AOI-0028,2020-09-17,261,озимая пшеница,0.1538123107105893,s2,0.14496443963159109,0.14496443963159109,0.1419050990703655,0.19391388861120107,0.1419050990703655,0.14962110068086867,0,private_random
AOI-0028,2020-09-22,266,озимая пшеница,0.159909504917485,s2,0.14275928924395995,0.14275928924395995,0.13758053603358447,0.19109431920746422,0.13758053603358447,0.146448768283405,0,private_random
AOI-0028,2020-09-27,271,озимая пшеница,0.1200190484178415,s2,0.15972163057149907,0.15972163057149907,0.14578285311155398,0.19530560153208829,0.14578285311155398,0.16275168169615473,0,private_random
AOI-0028,2021-05-31,151,озимая пшеница,0.3645291175300785,landsat,0.49738677967406403,0.49738677967406403,0.49956034578612274,0.4886925152258292,0.49956034578612274,0.47748034477256657,0,private_random
AOI-0028,2021-08-28,240,озимая пшеница,0.3072153282970369,s2,0.3252246570756591,0.3252246570756591,0.3185601558293653,0.33457549167884415,0.3185601558293653,0.30203016527825016,0,private_random
AOI-0028,2021-08-29,241,озимая пшеница,0.3399783093756705,modis,0.3377879058410942,0.3377879058410942,0.3424475584586028,0.328952095735021,0.3424475584586028,0.3043460495720891,0,private_random
AOI-0028,2021-09-17,260,озимая пшеница,0.1703255930687087,s2,0.2325647817274064,0.2325647817274064,0.22966460012848358,0.25963314331735277,0.22966460012848358,0.1845016578208656,0,private_random
AOI-0028,2021-09-27,270,озимая пшеница,0.1861832968846463,s2,0.19309252060153903,0.19309252060153903,0.18918726235575573,0.2399556195509388,0.18918726235575573,0.16297825903075058,0,private_random
AOI-0028,2021-10-06,279,озимая пшеница,0.1794650135062104,landsat,0.2299977788887304,0.2299977788887304,0.2344108783210534,0.24576073107296717,0.2344108783210534,0.2139675994555972,0,private_random
AOI-0028,2022-05-25,145,озимая пшеница,0.8995272688264324,modis,0.842350085736947,0.842350085736947,0.8223163195083951,0.8628657963268586,0.8223163195083951,0.8485914701262971,0,private_random
AOI-0028,2022-06-03,154,озимая пшеница,0.9050228152696204,landsat,0.8696942440665041,0.8696942440665041,0.8743488306743584,0.8442047957496465,0.8743488306743584,0.8828461287479087,0,private_random
AOI-0028,2022-06-18,169,озимая пшеница,0.7998920473451544,landsat,0.7030498246347561,0.7030498246347561,0.7099465159087055,0.6877134550976908,0.7099465159087055,0.7347107423680732,0,private_random
AOI-0028,2022-07-12,193,озимая пшеница,0.3050831366659516,modis,0.2873996694471815,0.2873996694471815,0.27604675421058356,0.2713209769931731,0.32169378319161135,0.27143406605127385,0,private_random
AOI-0028,2022-08-23,235,озимая пшеница,0.131502353852677,s2,0.1342341436781525,0.1342341436781525,0.119477637050082,0.18744234732409856,0.119477637050082,0.12917474546968571,0,private_random
AOI-0028,2022-09-02,245,озимая пшеница,0.1320546348082136,s2,0.1195919129293484,0.1195919129293484,0.11541643580797578,0.1696976383858199,0.11541643580797578,0.11924736275147627,0,private_random
AOI-0028,2022-09-07,250,озимая пшеница,0.1528230486638765,s2,0.12653373266905543,0.12653373266905543,0.11045628305381686,0.1650495511639505,0.11045628305381686,0.12833565432101918,0,private_random
AOI-0028,2023-05-13,133,озимая пшеница,0.2788822470605694,landsat,0.29116811102404083,0.29116811102404083,0.28418157143126044,0.3191142693951623,0.28418157143126044,0.29925090374978375,0,private_random
AOI-0028,2023-06-06,157,озимая пшеница,0.2961696844655529,landsat,0.2690662365425946,0.2690662365425946,0.2965547171655646,0.2884880221644392,0.2965547171655646,0.28310872863392683,0,private_random
AOI-0028,2023-07-12,193,озимая пшеница,0.2442000858184939,modis,0.29397256586636905,0.29397256586636905,0.29684440618032976,0.2365357595871543,0.29684440618032976,0.2902467508317747,0,private_random
AOI-0028,2023-08-01,213,озимая пшеница,0.2146035151333711,landsat,0.21079741850465175,0.21079741850465175,0.21539461160336243,0.21893963197288438,0.21539461160336243,0.20785641308628416,0,private_random
AOI-0028,2023-09-18,261,озимая пшеница,0.2142317438387728,landsat,0.22154089783551753,0.22154089783551753,0.22161212721691845,0.22097106278431022,0.22161212721691845,0.205555985710582,0,private_random
AOI-0028,2023-10-17,290,озимая пшеница,0.433844440887525,s2,0.46047628279635683,0.46047628279635683,0.45096900418868774,0.5111817687039253,0.45096900418868774,0.4102839010849584,0,private_random
AOI-0028,2024-04-13,104,озимая пшеница,0.8829732457170836,landsat,0.8297639587483988,0.8297639587483988,0.8342842611538073,0.8287571991439516,0.8342842611538073,0.8238371052698444,0,private_random
AOI-0028,2024-06-25,177,озимая пшеница,0.2447923192447973,modis,0.32826796480692677,0.32826796480692677,0.26690588062463183,0.3319207842919378,0.38767318140796575,0.3198286030586156,0,private_random
AOI-0028,2024-06-28,180,озимая пшеница,0.2495050741063295,s2,0.24663419334084333,0.24663419334084333,0.24104198702956015,0.29137184383110876,0.24104198702956015,0.25811657680198846,0,private_random
AOI-0028,2024-07-11,193,озимая пшеница,0.2259216262604591,modis,0.2711024763135146,0.2711024763135146,0.28075071867824436,0.22554327861999238,0.28075071867824436,0.24890363065303975,0,private_random
AOI-0028,2024-10-06,280,озимая пшеница,0.1215890642363841,s2,0.12299769438478274,0.12299769438478274,0.11944308347207622,0.17513198777114505,0.11944308347207622,0.12228136383620981,0,private_random
AOI-0028,2024-10-30,304,озимая пшеница,0.1848170529075391,landsat,0.1762324435168803,0.1762324435168803,0.193064559889482,0.19544433459700314,0.193064559889482,0.18509006006792675,0,private_random
AOI-0028,2025-05-21,141,озимая пшеница,0.5941686753594942,s2,0.5093153277799182,0.5093153277799182,0.48562506218979157,0.5646325443911936,0.48562506218979157,0.554760358409162,0,private_random
AOI-0028,2025-07-28,209,озимая пшеница,0.1530446453659203,s2,0.1831613739804019,0.1831613739804019,0.1432951138104423,0.2083232215623617,0.1432951138104423,0.16570365406312554,0,private_random
AOI-0028,2025-08-06,218,озимая пшеница,0.191123989004066,landsat,0.14702559612342095,0.14702559612342095,0.12355894680859739,0.19843632617887752,0.19169077430944495,0.14470717100736366,0,private_random
AOI-0028,2025-08-17,229,озимая пшеница,0.1302926779185091,s2,0.1509538322962108,0.1509538322962108,0.1377070011941064,0.20937979397266993,0.1377070011941064,0.15147258434522443,0,private_random
AOI-0028,2025-08-22,234,озимая пшеница,0.1402100643559157,s2,0.13963134241402253,0.13963134241402253,0.13830273144387015,0.21049059415548155,0.13830273144387015,0.13885159273658562,0,private_random
AOI-0028,2025-08-30,242,озимая пшеница,0.1854438131853094,landsat,0.1871240996858766,0.1871240996858766,0.19485881537876762,0.19256892208522072,0.19485881537876762,0.1883360461516143,0,private_random
AOI-0028,2025-09-15,258,озимая пшеница,0.191875769463948,landsat,0.16036580797636993,0.16036580797636993,0.14533387132435835,0.19431571769342093,0.19541475154766136,0.16193831811867854,0,private_random
AOI-0029,2025-04-23,113,озимая пшеница,0.8874100184842889,modis,0.818297678591267,0.818297678591267,0.814270386353422,0.8222161250929542,0.814270386353422,0.846703935410906,0,private_random
AOI-0029,2025-07-08,189,озимая пшеница,0.2000265482189777,s2,0.2025107136540183,0.2025107136540183,0.19018666873744394,0.24161484002614597,0.19018666873744394,0.22068133653771296,0,private_random
AOI-0029,2025-07-30,211,озимая пшеница,0.1229701879408995,s2,0.11530489186429588,0.11530489186429588,0.11439776211223109,0.19029428470165163,0.11439776211223109,0.10894279902057394,0,private_random
AOI-0029,2025-08-17,229,озимая пшеница,0.1063058106270068,s2,0.12861202650956127,0.12861202650956127,0.11540638516512786,0.18547543735946767,0.11540638516512786,0.1267645375770698,0,private_random
AOI-0029,2025-09-06,249,озимая пшеница,0.1149201822669276,s2,0.14217535675617154,0.14217535675617154,0.1162883471423867,0.1745778461363986,0.1162883471423867,0.1416479636949202,0,private_random
AOI-0029,2025-09-21,264,озимая пшеница,0.1261264743660288,s2,0.13476522923360612,0.13476522923360612,0.13373736084979923,0.1868438940131555,0.13373736084979923,0.12795015236332433,0,private_random
AOI-0029,2025-10-17,290,озимая пшеница,0.2129829192520339,landsat,0.2144116917389206,0.2144116917389206,0.2138572039925401,0.23067666563274855,0.2138572039925401,0.2155139711447839,0,private_random
AOI-0030,2025-05-09,129,озимая пшеница,0.7737225616702808,s2,0.7347581625076829,0.7347581625076829,0.7432664166660378,0.7096019110666308,0.6769268724696044,0.7576621903652518,0,private_random
AOI-0030,2025-08-02,214,озимая пшеница,0.4280988611628701,s2,0.6888114566921062,0.6888114566921062,0.689161003723837,0.6711010737510795,0.689161003723837,0.7109386070007195,0,private_random
AOI-0030,2025-08-27,239,озимая пшеница,0.6869941005784916,s2,0.6406833217841006,0.6406833217841006,0.6411236680356711,0.6207209583795675,0.6411236680356711,0.6330416741971066,0,private_random
AOI-0030,2025-09-06,249,озимая пшеница,0.6823621393070703,s2,0.6294155740896705,0.6294155740896705,0.6413867497495669,0.609377217224223,0.6413867497495669,0.6362894477619947,0,private_random
AOI-0030,2025-09-07,250,озимая пшеница,0.6579916028439934,landsat,0.6181783069347452,0.6181783069347452,0.6183970664737535,0.6105946429157924,0.6183970664737535,0.6313570731727249,0,private_random
AOI-0030,2025-09-08,251,озимая пшеница,0.6355753930652632,s2,0.6426862081473262,0.6426862081473262,0.6450964688131333,0.6118427207239373,0.6450964688131333,0.6491979784540935,0,private_random
AOI-0030,2025-09-23,266,озимая пшеница,0.6703430512403923,landsat,0.6222052666509548,0.6222052666509548,0.6365228104211,0.5966010000567223,0.593015362193334,0.6316651253156474,0,private_random
AOI-0030,2025-10-28,301,озимая пшеница,0.4796618191877285,s2,0.32918678709665933,0.32918678709665933,0.32676661369921034,0.37113645931910816,0.32676661369921034,0.3764296324491635,0,private_random
AOI-0031,2010-05-09,129,пастбища/зерновые,0.739346975916803,modis,0.6754522095872779,0.6754522095872779,0.6775708728236506,0.6415535978053136,0.6775708728236506,0.7196775182380684,0,private_random
AOI-0031,2010-05-12,132,пастбища/зерновые,0.5750364661008812,landsat,0.6353386773856163,0.6353386773856163,0.6386316879947517,0.6309479965734357,0.6386316879947517,0.7056648624602577,0,private_random
AOI-0031,2010-06-10,161,пастбища/зерновые,0.3745805281882867,modis,0.43717147170149817,0.43717147170149817,0.448814486095941,0.4044730599124405,0.448814486095941,0.40972078892504765,0,private_random
AOI-0031,2010-08-31,243,пастбища/зерновые,0.1540269292659565,landsat,0.15869591921019657,0.15869591921019657,0.15860718471347418,0.15916916985938281,0.15860718471347418,0.15043971216315974,0,private_random
AOI-0031,2010-09-01,244,пастбища/зерновые,0.1316616136238649,landsat,0.15231294400003959,0.15231294400003959,0.14962694198694496,0.15589428001749905,0.14962694198694496,0.15164734840630642,0,private_random
AOI-0031,2011-05-09,129,пастбища/зерновые,0.4603603721948547,modis,0.45518562513123245,0.45518562513123245,0.4610644576943735,0.3454474172859336,0.4610644576943735,0.5278913786340916,0,private_random
AOI-0031,2011-06-08,159,пастбища/зерновые,0.4530640868878781,landsat,0.4543631896882228,0.4543631896882228,0.45823188983742275,0.4492049228226229,0.45823188983742275,0.4672993979771066,0,private_random
AOI-0031,2011-09-12,255,пастбища/зерновые,0.2146534215161827,landsat,0.18559782525187488,0.18559782525187488,0.17650610638537312,0.22196470071788196,0.2099255056106964,0.18464272843802465,0,private_random
AOI-0031,2011-09-28,271,пастбища/зерновые,0.1985282998898116,landsat,0.20953659879271702,0.20953659879271702,0.1824352519052631,0.2310006180546582,0.22053993123371507,0.21166988307559384,0,private_random
AOI-0031,2012-05-24,145,пастбища/зерновые,0.2269971401204159,modis,0.37014850504905117,0.37014850504905117,0.3782450270806174,0.21901342712648156,0.3782450270806174,0.3882165559204794,0,private_random
AOI-0031,2012-09-06,250,пастбища/зерновые,0.1410471839528349,landsat,0.19001254856563968,0.19001254856563968,0.18575739894340412,0.19568608139528706,0.18575739894340412,0.16861159833043812,0,private_random
AOI-0031,2013-04-26,116,пастбища/зерновые,0.5734361071734589,landsat,0.582342850331928,0.582342850331928,0.580151266707766,0.5852649618308109,0.580151266707766,0.5946726819551389,0,private_random
AOI-0031,2013-05-19,139,пастбища/зерновые,0.6319982975977023,landsat,0.5495090473306743,0.5495090473306743,0.548520714484288,0.55346237871622,0.548520714484288,0.5564976772106208,0,private_random
AOI-0031,2013-06-26,177,пастбища/зерновые,0.2297279830322933,modis,0.2656277605561419,0.2656277605561419,0.22749099323850575,0.231068363337265,0.3074673204329434,0.24952653391973467,0,private_random
AOI-0031,2013-07-12,193,пастбища/зерновые,0.2395224958949096,modis,0.25019268328602234,0.25019268328602234,0.28857626774888373,0.2155404136179373,0.28857626774888373,0.24260380437014897,0,private_random
AOI-0031,2013-07-14,195,пастбища/зерновые,0.1633204211141174,landsat,0.21349089967235052,0.21349089967235052,0.21229685878659696,0.2182670632153647,0.21229685878659696,0.20198012893123327,0,private_random
AOI-0031,2014-05-09,129,пастбища/зерновые,0.4046029830322932,modis,0.43645394473233967,0.43645394473233967,0.4420982528143574,0.3310935272013429,0.4420982528143574,0.4971016749520178,0,private_random
AOI-0031,2014-05-25,145,пастбища/зерновые,0.3966062671045429,modis,0.5073756233972921,0.5073756233972921,0.5122699625344852,0.4094888406534305,0.5122699625344852,0.520000030017092,0,private_random
AOI-0031,2014-05-30,150,пастбища/зерновые,0.3957641766799539,landsat,0.40779146043033726,0.40779146043033726,0.4089092583367351,0.40033947438768513,0.4089092583367351,0.40464352128888065,0,private_random
AOI-0031,2014-07-26,207,пастбища/зерновые,0.1560195634397003,landsat,0.19942735687707822,0.19942735687707822,0.19712725278117463,0.202494162338283,0.19712725278117463,0.18865879183136802,0,private_random
AOI-0031,2014-10-16,289,пастбища/зерновые,0.2173845922276956,modis,0.27217325998701625,0.27217325998701625,0.276461466609054,0.20356195403441166,0.276461466609054,0.2674414905342185,0,private_random
AOI-0031,2015-05-02,122,пастбища/зерновые,0.2592950774503001,landsat,0.2966579575500996,0.2966579575500996,0.28529285887566863,0.31181142244934096,0.28529285887566863,0.30381080632890906,0,private_random
AOI-0031,2015-05-17,137,пастбища/зерновые,0.3620710885660839,landsat,0.40251337933761167,0.40251337933761167,0.3993619952200744,0.415118915807761,0.3993619952200744,0.4139870044359334,0,private_random
AOI-0031,2015-06-11,162,пастбища/зерновые,0.4992164374424589,landsat,0.4149654139000309,0.4149654139000309,0.39085717803560704,0.4362006539828005,0.4472554555668016,0.40944473991698094,0,private_random
AOI-0031,2015-06-19,170,пастбища/зерновые,0.4244980731582011,landsat,0.36639598027304005,0.36639598027304005,0.3690389153118097,0.3628720668880139,0.3690389153118097,0.37418499304234665,0,private_random
AOI-0031,2015-07-05,186,пастбища/зерновые,0.3215717860520913,landsat,0.29513806484062693,0.29513806484062693,0.2942562196109417,0.2963138584802072,0.2942562196109417,0.2940316300327994,0,private_random
AOI-0031,2015-08-21,233,пастбища/зерновые,0.1871288884140931,landsat,0.20868244723142418,0.20868244723142418,0.20755265539567225,0.21470800368876777,0.20755265539567225,0.2021230329767743,0,private_random
AOI-0031,2016-05-08,129,пастбища/зерновые,0.7130980158730157,modis,0.5983636629222826,0.5983636629222826,0.6092539178392009,0.5539692225533114,0.6092539178392009,0.6904172629888319,0,private_random
AOI-0031,2016-05-11,132,пастбища/зерновые,0.7189532011828669,landsat,0.5736975171581852,0.5736975171581852,0.5729243168545053,0.5747284508964251,0.5729243168545053,0.6628019437761001,0,private_random
AOI-0031,2016-06-21,173,пастбища/зерновые,0.3717394458249085,landsat,0.3899770555328671,0.3899770555328671,0.392915904869324,0.3860585897509246,0.392915904869324,0.4036274459320689,0,private_random
AOI-0031,2016-07-11,193,пастбища/зерновые,0.2584993295019157,modis,0.3175019837987495,0.3175019837987495,0.3212343934451998,0.2528068832602787,0.3212343934451998,0.3046451534326045,0,private_random
AOI-0031,2016-09-29,273,пастбища/зерновые,0.2822027093596058,modis,0.3003477584435555,0.3003477584435555,0.3043915854452986,0.24643006508698076,0.3043915854452986,0.30679813486085605,0,private_random
AOI-0031,2017-04-03,93,пастбища/зерновые,0.2054864952583632,s2,0.1762324581963935,0.1762324581963935,0.15798484683596734,0.234364464720953,0.15798484683596734,0.20498127201052949,0,private_random
AOI-0031,2017-04-29,119,пастбища/зерновые,0.5725040655965881,landsat,0.6022755687046765,0.6022755687046765,0.586340147792309,0.6242897154284229,0.6176358004866012,0.602584785358459,0,private_random
AOI-0031,2017-06-08,159,пастбища/зерновые,0.6607650301256511,landsat,0.57199720583085,0.57199720583085,0.5760199567704039,0.566633537911445,0.5760199567704039,0.6218907562867678,0,private_random
AOI-0031,2017-07-01,182,пастбища/зерновые,0.3219392496727366,landsat,0.31142814609736785,0.31142814609736785,0.31096021085710934,0.313299887058402,0.31096021085710934,0.2998620359297501,0,private_random
AOI-0031,2017-07-02,183,пастбища/зерновые,0.2738998320359642,s2,0.26898837466533376,0.26898837466533376,0.26473277273785395,0.3087073259884788,0.26473277273785395,0.2701498169116422,0,private_random
AOI-0031,2017-07-04,185,пастбища/зерновые,0.2599606748794613,s2,0.26965514141759156,0.26965514141759156,0.24916692137564164,0.2969727681401914,0.24916692137564164,0.26570250019855923,0,private_random
AOI-0031,2017-07-25,206,пастбища/зерновые,0.1958454253135422,landsat,0.22306049625185578,0.22306049625185578,0.19791184772565673,0.25041194661450633,0.25565507209815735,0.22424773321251984,0,private_random
AOI-0031,2017-09-20,263,пастбища/зерновые,0.2841513040159658,s2,0.28928500308947663,0.28928500308947663,0.28574714472658036,0.32230501447650806,0.28574714472658036,0.2892877214389276,0,private_random
AOI-0031,2018-05-09,129,пастбища/зерновые,0.6079176245210728,modis,0.6850345805076937,0.6850345805076937,0.6872038700475257,0.6503259478703823,0.6872038700475257,0.696871072615348,0,private_random
AOI-0031,2018-06-24,175,пастбища/зерновые,0.1302404976868358,s2,0.19846160677019042,0.19846160677019042,0.19779846159667594,0.19934580033487634,0.11633015023869131,0.1959450560589273,0,private_random
AOI-0031,2018-06-27,178,пастбища/зерновые,0.1886496809030399,landsat,0.2094502507040401,0.2094502507040401,0.2090711623986943,0.2099557017778345,0.2090711623986943,0.20314933894400444,0,private_random
AOI-0031,2018-06-29,180,пастбища/зерновые,0.123951606751916,s2,0.1953224488929424,0.1953224488929424,0.2086705576512719,0.21057627049886452,0.1438377564135123,0.1847569202641356,0,private_random
AOI-0031,2018-08-06,218,пастбища/зерновые,0.3754970567400852,landsat,0.39518620791884446,0.39518620791884446,0.3970150906549952,0.39274769760397676,0.3970150906549952,0.4006832181564772,0,private_random
AOI-0031,2018-09-23,266,пастбища/зерновые,0.1821376505607485,landsat,0.21113739589349872,0.21113739589349872,0.22176448319491357,0.22794871653060675,0.22176448319491357,0.19863010603404,0,private_random
AOI-0031,2019-04-25,115,пастбища/зерновые,0.6394625792747053,s2,0.635153467645403,0.635153467645403,0.6376768894718831,0.6400894470373549,0.6112641084895991,0.6413228584796781,0,private_random
AOI-0031,2019-05-15,135,пастбища/зерновые,0.7559323434826375,s2,0.7084147052931029,0.7084147052931029,0.6977789801495592,0.7225956721511612,0.6977789801495592,0.7169186056540982,0,private_random
AOI-0031,2019-05-18,138,пастбища/зерновые,0.7942176787918973,s2,0.7112390834659087,0.7112390834659087,0.6996719301680658,0.7232496000418788,0.6996719301680658,0.7193697557608493,0,private_random
AOI-0031,2019-05-28,148,пастбища/зерновые,0.5679756281255052,s2,0.5718025153512634,0.5718025153512634,0.566134680020503,0.6171451979973459,0.566134680020503,0.5558331738542855,0,private_random
AOI-0031,2019-06-24,175,пастбища/зерновые,0.1153559236926129,s2,0.210183705026352,0.210183705026352,0.16012066984066536,0.23389396436739354,0.16012066984066536,0.2103367423486861,0,private_random
AOI-0031,2019-07-08,189,пастбища/зерновые,0.1529896761451639,landsat,0.16289073783036262,0.16289073783036262,0.1374263809542924,0.19684321366512292,0.20331820338853734,0.15489536779356838,0,private_random
AOI-0031,2019-07-15,196,пастбища/зерновые,0.1468235577408217,landsat,0.1929856701930473,0.1929856701930473,0.21730804475692841,0.21141737013825143,0.21730804475692841,0.17365869359215558,0,private_random
AOI-0031,2019-07-24,205,пастбища/зерновые,0.274268010779135,s2,0.34039512413956663,0.34039512413956663,0.34373227067929124,0.3359455954199338,0.30014614991626176,0.34675717901350767,0,private_random
AOI-0031,2019-08-11,223,пастбища/зерновые,0.4288391782979869,s2,0.3956856856681342,0.3956856856681342,0.3938338898845577,0.41790723507105265,0.3938338898845577,0.3996608223917735,0,private_random
AOI-0031,2019-08-24,236,пастбища/зерновые,0.329698441130133,landsat,0.2939017109221936,0.2939017109221936,0.27617440149997674,0.3193222279730582,0.3230012005039111,0.29662580097354896,0,private_random
AOI-0031,2019-08-28,240,пастбища/зерновые,0.2560117300236617,s2,0.2595718024502234,0.2595718024502234,0.24635349612652926,0.2771962108818154,0.24635349612652926,0.26261609900769556,0,private_random
AOI-0031,2019-10-19,292,пастбища/зерновые,0.4686215880407449,landsat,0.4873950520671339,0.4873950520671339,0.48738737765461904,0.48742574971719305,0.48738737765461904,0.4930573900318579,0,private_random
AOI-0031,2020-04-04,95,пастбища/зерновые,0.2766531083384021,s2,0.44233664775258286,0.44233664775258286,0.4150491501917668,0.46904459732336323,0.4150491501917668,0.44161071733751744,0,private_random
AOI-0031,2020-04-06,97,пастбища/зерновые,0.4157169266557197,modis,0.5419389972440176,0.5419389972440176,0.5453888114165591,0.4729427137931859,0.5453888114165591,0.5298835105602977,0,private_random
AOI-0031,2020-04-12,103,пастбища/зерновые,0.4532671675112422,s2,0.4288837078085424,0.4288837078085424,0.42438054663925506,0.4769174269476075,0.42438054663925506,0.4036982765065042,0,private_random
AOI-0031,2020-05-09,130,пастбища/зерновые,0.4853180280199852,s2,0.5090161387213606,0.5090161387213606,0.47923844691744977,0.5487197277932417,0.47923844691744977,0.5300240318841297,0,private_random
AOI-0031,2020-06-09,161,пастбища/зерновые,0.4608781198686369,modis,0.5028625623805922,0.5028625623805922,0.48789029672792816,0.5208548877034009,0.5332997675727728,0.4750579196153065,0,private_random
AOI-0031,2020-06-16,168,пастбища/зерновые,0.4417593304344903,s2,0.3739845112770239,0.3739845112770239,0.36629918629394814,0.4149729111867613,0.36629918629394814,0.37701300026035484,0,private_random
AOI-0031,2020-06-26,178,пастбища/зерновые,0.2071899905947396,s2,0.1836585117371062,0.1836585117371062,0.17573393160441014,0.24705515279867465,0.17573393160441014,0.19421149972647606,0,private_random
AOI-0031,2020-07-03,185,пастбища/зерновые,0.1714187079069928,s2,0.16871243366216498,0.16871243366216498,0.14125720706494793,0.20531940245845445,0.14125720706494793,0.1625837150717467,0,private_random
AOI-0031,2020-09-01,245,пастбища/зерновые,0.1357371146396664,s2,0.16430515700366996,0.16430515700366996,0.16398317542379434,0.16731031841584212,0.11020629123007739,0.16413281609639974,0,private_random
AOI-0031,2020-09-04,248,пастбища/зерновые,0.1342994874059621,s2,0.10501275503534627,0.10501275503534627,0.10005210378852043,0.15792636833482177,0.10005210378852043,0.10818703216820305,0,private_random
AOI-0031,2020-09-19,263,пастбища/зерновые,0.1108933511287242,s2,0.1221799826857826,0.1221799826857826,0.10156086273379275,0.16223391262891124,0.10156086273379275,0.12122910874838144,0,private_random
AOI-0031,2020-09-21,265,пастбища/зерновые,0.1300468362548331,s2,0.13031250588555146,0.13031250588555146,0.10444223346924578,0.16480620244062572,0.10444223346924578,0.12899569999958,0,private_random
AOI-0031,2021-05-12,132,пастбища/зерновые,0.2707069070845047,s2,0.2501060142913256,0.2501060142913256,0.2400524117098381,0.3439396383852091,0.2400524117098381,0.25321679329707575,0,private_random
AOI-0031,2021-05-14,134,пастбища/зерновые,0.2686415987486553,s2,0.31982773264219994,0.31982773264219994,0.33176707637400776,0.356979037936372,0.2561462224761473,0.31816667192716064,0,private_random
AOI-0031,2021-05-29,149,пастбища/зерновые,0.1716675472893819,s2,0.2650807086019783,0.2650807086019783,0.217654509017656,0.3283156413810746,0.217654509017656,0.3018404104322528,0,private_random
AOI-0031,2021-07-11,192,пастбища/зерновые,0.1299716323203897,s2,0.14374305107217047,0.14374305107217047,0.12475018751857966,0.19033334237438546,0.12475018751857966,0.1472760554390023,0,private_random
AOI-0031,2021-07-12,193,пастбища/зерновые,0.2167063299606232,landsat,0.23343370373574013,0.23343370373574013,0.25388523118165873,0.1920752451932549,0.19517247795913928,0.2237175135044394,0,private_random
AOI-0031,2021-07-26,207,пастбища/зерновые,0.1330464354626347,s2,0.12750926904277907,0.12750926904277907,0.09918467320858207,0.16863171178968886,0.09918467320858207,0.12510133214270366,0,private_random
AOI-0031,2021-07-31,212,пастбища/зерновые,0.1557626124293818,s2,0.11178794816333186,0.11178794816333186,0.10592442003279093,0.18215028572982317,0.10592442003279093,0.11312639196372691,0,private_random
AOI-0031,2021-10-06,279,пастбища/зерновые,0.1898468189833019,s2,0.22112544302437556,0.22112544302437556,0.22386961791297036,0.2409090839867812,0.18982266297100236,0.22475965989390442,0,private_random
AOI-0031,2021-10-14,287,пастбища/зерновые,0.1485664039895304,s2,0.19171492242602273,0.19171492242602273,0.18370425192341996,0.23833220667240299,0.18370425192341996,0.1974428462001069,0,private_random
AOI-0031,2022-04-07,97,пастбища/зерновые,0.5431776941518263,s2,0.6338981269658331,0.6338981269658331,0.6228263064422782,0.6473934082878691,0.6228263064422782,0.6117269265398291,0,private_random
AOI-0031,2022-04-10,100,пастбища/зерновые,0.6352745149872918,landsat,0.6510177760410932,0.6510177760410932,0.6393631306757885,0.6636553909309706,0.6632165299558722,0.6433863788797197,0,private_random
AOI-0031,2022-05-13,133,пастбища/зерновые,0.8865435278193325,landsat,0.8143774653120988,0.8143774653120988,0.810504665644634,0.8195411982020514,0.8399404355085248,0.8106452805084627,0,private_random
AOI-0031,2022-05-17,137,пастбища/зерновые,0.8811486561877543,landsat,0.8456100289710388,0.8456100289710388,0.8492954282473156,0.8259545661642288,0.8492954282473156,0.8487453927303353,0,private_random
AOI-0031,2022-06-05,156,пастбища/зерновые,0.8137639539678229,landsat,0.8139943591930715,0.8139943591930715,0.8187907388071344,0.7884136679180695,0.8187907388071344,0.7945691218200053,0,private_random
AOI-0031,2022-06-14,165,пастбища/зерновые,0.6135777416467705,landsat,0.5869549687250568,0.5869549687250568,0.5727303573119329,0.589915885152564,0.613183504230674,0.5794101093614481,0,private_random
AOI-0031,2022-06-23,174,пастбища/зерновые,0.3336735341732755,s2,0.39684841576965973,0.39684841576965973,0.41484260698999953,0.40168005700418724,0.35723630240308457,0.4069768742438285,0,private_random
AOI-0031,2022-07-28,209,пастбища/зерновые,0.117342305097117,s2,0.22576277637901493,0.22576277637901493,0.25028372059290177,0.17604289756243693,0.1050414105816145,0.22344330509818885,0,private_random
AOI-0031,2022-08-22,234,пастбища/зерновые,0.1246116721281149,s2,0.1644268484522166,0.1644268484522166,0.17341282553606668,0.17904320454390898,0.10853469596419703,0.16386570579501084,0,private_random
AOI-0031,2022-10-16,289,пастбища/зерновые,0.2818404332217451,s2,0.28241169036888075,0.28241169036888075,0.23401780766345578,0.28241169036888075,0.23401780766345578,0.2867041332963761,0,private_random
AOI-0031,2023-04-12,102,пастбища/зерновые,0.3827113282214545,s2,0.3795250394033125,0.3795250394033125,0.3576481557839414,0.416877740520938,0.3576481557839414,0.386692211377821,0,private_random
AOI-0031,2023-06-09,160,пастбища/зерновые,0.3841018353058854,landsat,0.395741333789593,0.395741333789593,0.3591585637371975,0.4096077508000568,0.42192429108414065,0.3791840520990736,0,private_random
AOI-0031,2023-07-03,184,пастбища/зерновые,0.2482643004529056,s2,0.2957124592619302,0.2957124592619302,0.2764647508807743,0.32137607043680455,0.2764647508807743,0.2958626371073891,0,private_random
AOI-0031,2023-07-12,193,пастбища/зерновые,0.3811896004378761,modis,0.37143323900647257,0.37143323900647257,0.37240772953531903,0.35194342842954335,0.37240772953531903,0.3951736121352604,0,private_random
AOI-0031,2023-08-12,224,пастбища/зерновые,0.2529310568700387,s2,0.2724450984919685,0.2724450984919685,0.25037455036567,0.30187249599369986,0.25037455036567,0.2646692845039855,0,private_random
AOI-0031,2023-08-13,225,пастбища/зерновые,0.275384715380405,modis,0.26423314770861633,0.26423314770861633,0.24760017239334522,0.2993724929972957,0.3517269505697623,0.255990271776207,0,private_random
AOI-0031,2023-09-11,254,пастбища/зерновые,0.1829811683964175,s2,0.24450270312983752,0.24450270312983752,0.24483063314630926,0.24100478295413888,0.19794005395162279,0.23251716782358203,0,private_random
AOI-0031,2023-09-14,257,пастбища/зерновые,0.2576103664921466,modis,0.22783049213386092,0.22783049213386092,0.1892633240112223,0.2327990443143658,0.2733658110539516,0.22187063435925025,0,private_random
AOI-0031,2023-10-07,280,пастбища/зерновые,0.2092006352202012,landsat,0.1887117338261564,0.1887117338261564,0.18166563737877547,0.23875927842792785,0.22163703984863736,0.18036987488016407,0,private_random
AOI-0031,2023-10-22,295,пастбища/зерновые,0.2053167063614209,landsat,0.1634398449401945,0.1634398449401945,0.14378046336454248,0.19967769006926228,0.17630463055414633,0.1653074109468232,0,private_random
AOI-0031,2023-10-29,302,пастбища/зерновые,0.1592173934432711,s2,0.1402870254300495,0.1402870254300495,0.13455348092592873,0.20144483347400463,0.13455348092592873,0.1429984597534348,0,private_random
AOI-0031,2024-04-01,92,пастбища/зерновые,0.1753778265984861,s2,0.20496837445815216,0.20496837445815216,0.19701924582983255,0.27916024165580156,0.19701924582983255,0.21066387823965674,0,private_random
AOI-0031,2024-05-21,142,пастбища/зерновые,0.1538414419147321,s2,0.16790873955353616,0.16790873955353616,0.15728714751569609,0.2812057212904971,0.15728714751569609,0.18137653718009977,0,private_random
AOI-0031,2024-05-28,149,пастбища/зерновые,0.188602985352116,s2,0.20494547811957103,0.20494547811957103,0.1394961057352663,0.26138232127544764,0.1394961057352663,0.21378635808674273,0,private_random
AOI-0031,2024-06-03,155,пастбища/зерновые,0.2297431646485588,landsat,0.177163231126537,0.177163231126537,0.16792294635664332,0.23876512959249477,0.2485756015810827,0.20442021193881457,0,private_random
AOI-0031,2024-08-12,225,пастбища/зерновые,0.1863328954570333,modis,0.17062238779915884,0.17062238779915884,0.12368368171736249,0.195788744363366,0.2751782460547893,0.17201339473673913,0,private_random
AOI-0031,2024-08-19,232,пастбища/зерновые,0.144737855950766,s2,0.15168197987800192,0.15168197987800192,0.12437977853832755,0.1960102837949472,0.12437977853832755,0.1501242287509268,0,private_random
AOI-0031,2024-08-28,241,пастбища/зерновые,0.1816306923918992,modis,0.19975136639263794,0.19975136639263794,0.17738637365229076,0.18070919530917606,0.24246051076639455,0.19749591261117683,0,private_random
AOI-0031,2024-09-14,258,пастбища/зерновые,0.1756712568951249,landsat,0.1776585295276986,0.1776585295276986,0.19748920689437727,0.19571431865521963,0.19748920689437727,0.17926600162143927,0,private_random
AOI-0031,2024-10-08,282,пастбища/зерновые,0.1590727951150742,landsat,0.15021459328392262,0.15021459328392262,0.14396983405390562,0.20017266712405854,0.18210120696653728,0.1506387838024531,0,private_random
AOI-0031,2024-10-13,287,пастбища/зерновые,0.1349329036842028,s2,0.1498379415115468,0.1498379415115468,0.1394750934404476,0.1912893337959436,0.1394750934404476,0.15319665204254776,0,private_random
AOI-0031,2024-10-20,294,пастбища/зерновые,0.1341897973679088,s2,0.16248725468788813,0.16248725468788813,0.1378345518289382,0.19535752516648805,0.1378345518289382,0.16239859015594013,0,private_random
AOI-0031,2025-04-28,118,пастбища/зерновые,0.6204737579276041,s2,0.5982878502324642,0.5982878502324642,0.5975201279363505,0.6269494826207108,0.5975201279363505,0.6041387452566577,0,private_random
AOI-0031,2025-05-09,129,пастбища/зерновые,0.7744615489874109,modis,0.7417755538564924,0.7417755538564924,0.7462573959329777,0.7297104182799371,0.7462573959329777,0.7689412787468173,0,private_random
AOI-0031,2025-07-07,188,пастбища/зерновые,0.3074279687926906,s2,0.3015398247230741,0.3015398247230741,0.3004801255736835,0.34251485849951285,0.3004801255736835,0.30727539739451115,0,private_random
AOI-0031,2025-07-10,191,пастбища/зерновые,0.2337868732119467,s2,0.267407518796823,0.267407518796823,0.2667257933320636,0.3137648504004627,0.2667257933320636,0.2698378888790001,0,private_random
AOI-0031,2025-07-17,198,пастбища/зерновые,0.1918400645688652,s2,0.2072075889145728,0.2072075889145728,0.20569684909945593,0.2615942222587803,0.20569684909945593,0.2048684673852323,0,private_random
AOI-0031,2025-07-31,212,пастбища/зерновые,0.3613141211517982,landsat,0.2241902874001816,0.2241902874001816,0.24101120452876848,0.242460215849385,0.24101120452876848,0.22329172960190796,0,private_random
AOI-0031,2025-08-23,235,пастбища/зерновые,0.1633210111712977,s2,0.20260087931845924,0.20260087931845924,0.21793678964270666,0.22307052829692764,0.15505792467233181,0.2009982213948356,0,private_random
AOI-0031,2025-09-12,255,пастбища/зерновые,0.1541469595444379,s2,0.15119527312403014,0.15119527312403014,0.14659534479378122,0.1941279375396866,0.14659534479378122,0.14312519372993293,0,private_random
AOI-0031,2025-09-13,256,пастбища/зерновые,0.1540828443855137,s2,0.14856831899503695,0.14856831899503695,0.1475526259512597,0.19461307031293873,0.1475526259512597,0.13992551530249886,0,private_random
AOI-0031,2025-09-30,273,пастбища/зерновые,0.221280760810071,modis,0.2924421374049817,0.2924421374049817,0.30109285523994916,0.2257904845590776,0.30109285523994916,0.29537548635366206,0,private_random
AOI-0031,2025-10-30,303,пастбища/зерновые,0.2422396012301372,s2,0.22268560099778179,0.22268560099778179,0.21381793227954266,0.2699798341617238,0.21381793227954266,0.2363420669545681,0,private_random
AOI-0032,2010-04-23,113,пастбища/зерновые,0.3245697877652934,modis,0.2838362963192498,0.2838362963192498,0.33473186272222927,0.225807275374574,0.33473186272222927,0.3047254157919449,0,private_random
AOI-0032,2010-06-28,179,пастбища/зерновые,0.2066941267248286,landsat,0.20333477772723782,0.20333477772723782,0.2029919764706293,0.2047059827536719,0.2029919764706293,0.2061173396394556,0,private_random
AOI-0032,2010-08-07,219,пастбища/зерновые,0.1414386265471437,landsat,0.14649116563166195,0.14649116563166195,0.14476185366625707,0.15340841349328135,0.14476185366625707,0.14888682578335222,0,private_random
AOI-0032,2010-08-13,225,пастбища/зерновые,0.2023332709113608,modis,0.21640466338356323,0.21640466338356323,0.22607111108033096,0.1445743786366326,0.22607111108033096,0.22046815902682682,0,private_random
AOI-0032,2011-05-09,129,пастбища/зерновые,0.7333433208489388,modis,0.6812880309597095,0.6812880309597095,0.6830599017379343,0.6482131097661806,0.6830599017379343,0.7893684836523241,0,private_random
AOI-0032,2011-07-17,198,пастбища/зерновые,0.2161013075927357,landsat,0.2620868657311811,0.2620868657311811,0.26076059546746455,0.26562358643442535,0.26076059546746455,0.23473511897966717,0,private_random
AOI-0032,2011-09-12,255,пастбища/зерновые,0.1957348571721655,landsat,0.1912400359369208,0.1912400359369208,0.17502202449714932,0.22484484112783107,0.21469046636305253,0.18739240717858077,0,private_random
AOI-0032,2011-09-14,257,пастбища/зерновые,0.2732870162297129,modis,0.2791620307076276,0.2791620307076276,0.28242601397711875,0.22258632070311357,0.28242601397711875,0.27890640775259495,0,private_random
AOI-0032,2012-08-28,241,пастбища/зерновые,0.2062740326272649,landsat,0.24969357699817624,0.24969357699817624,0.27607772352227394,0.21431201564403488,0.20355932670388238,0.22824477286767814,0,private_random
AOI-0032,2012-09-29,273,пастбища/зерновые,0.1440060211958398,landsat,0.22339504113445177,0.22339504113445177,0.26020198880494305,0.17755266113030918,0.1491748551266231,0.21110962992004956,0,private_random
AOI-0032,2013-07-12,193,пастбища/зерновые,0.3901003745318352,modis,0.29362971080121214,0.29362971080121214,0.32651784824244484,0.26367688052845756,0.32651784824244484,0.28698111988445546,0,private_random
AOI-0032,2013-07-23,204,пастбища/зерновые,0.3738778460901562,landsat,0.2891056094248374,0.2891056094248374,0.2648524123342311,0.3108603007400976,0.30520079727222105,0.2546749835532955,0,private_random
AOI-0032,2013-08-15,227,пастбища/зерновые,0.1754247758736017,landsat,0.28435910211594806,0.28435910211594806,0.2838458038937914,0.28641229500457455,0.2838458038937914,0.29357937024748176,0,private_random
AOI-0032,2013-10-26,299,пастбища/зерновые,0.2520831113047294,landsat,0.22805665327540292,0.22805665327540292,0.22438656226757436,0.23295010795250767,0.22438656226757436,0.22103443606188838,0,private_random
AOI-0032,2014-07-17,198,пастбища/зерновые,0.1410582692217684,landsat,0.15422458087461188,0.15422458087461188,0.15229491496697045,0.15937035662832236,0.15229491496697045,0.13292786699698322,0,private_random
AOI-0032,2014-09-27,270,пастбища/зерновые,0.1820195718045265,landsat,0.17374627796476794,0.17374627796476794,0.17180836663332638,0.17891404151527876,0.17180836663332638,0.167240014628294,0,private_random
AOI-0032,2014-10-05,278,пастбища/зерновые,0.1482542549752049,landsat,0.1776278012126559,0.1776278012126559,0.17626639541609368,0.18488863212765436,0.17626639541609368,0.17432309206067625,0,private_random
AOI-0032,2014-10-06,279,пастбища/зерновые,0.1849861068172393,landsat,0.18057665675541376,0.18057665675541376,0.17674142390076766,0.1856903005616086,0.17674142390076766,0.17532853432102574,0,private_random
AOI-0032,2014-10-14,287,пастбища/зерновые,0.1480779794975605,landsat,0.15294264100606708,0.15294264100606708,0.14568597851648107,0.19164484095052572,0.1808015799162059,0.14530940912383516,0,private_random
AOI-0032,2015-04-07,97,пастбища/зерновые,0.2594025593008738,modis,0.3028639920365434,0.3028639920365434,0.30915905817580835,0.18535609077026508,0.30915905817580835,0.3119765877881121,0,private_random
AOI-0032,2015-04-24,114,пастбища/зерновые,0.1891589925551568,landsat,0.22598927818153958,0.22598927818153958,0.21063569722885842,0.24646071945178116,0.21063569722885842,0.19380776476979972,0,private_random
AOI-0032,2015-07-20,201,пастбища/зерновые,0.2560080469733846,landsat,0.347094876594301,0.347094876594301,0.3474390612162137,0.34571813810664986,0.3474390612162137,0.34880425873010346,0,private_random
AOI-0032,2015-08-06,218,пастбища/зерновые,0.2543028952580139,landsat,0.2390440386967318,0.2390440386967318,0.23668223660535517,0.24219310815190065,0.23668223660535517,0.2258595524253125,0,private_random
AOI-0032,2015-10-17,290,пастбища/зерновые,0.1309251309901584,landsat,0.19362919451596772,0.19362919451596772,0.18333984814315202,0.20734832301305525,0.18333984814315202,0.20743564494326236,0,private_random
AOI-0032,2016-04-01,92,пастбища/зерновые,0.1894763691093828,landsat,0.20430277331179486,0.20430277331179486,0.18840719859719635,0.22549687293125956,0.18840719859719635,0.1944097207234597,0,private_random
AOI-0032,2016-05-20,141,пастбища/зерновые,0.2663198943988005,landsat,0.2912070761833773,0.2912070761833773,0.28595549335441284,0.29820918662199664,0.28595549335441284,0.2893465532223358,0,private_random
AOI-0032,2016-07-14,196,пастбища/зерновые,0.2005093795215869,landsat,0.1741286027312743,0.1741286027312743,0.17356244352953332,0.17639323953823824,0.17356244352953332,0.1663756676295307,0,private_random
AOI-0032,2016-08-12,225,пастбища/зерновые,0.2062385767790262,modis,0.23553685269863436,0.23553685269863436,0.2563246004670011,0.18523725009308079,0.2563246004670011,0.2309495221603519,0,private_random
AOI-0032,2016-09-17,261,пастбища/зерновые,0.1451459972336842,landsat,0.1939890759492396,0.1939890759492396,0.19047456138542343,0.19867509536766112,0.19047456138542343,0.17447727213489278,0,private_random
AOI-0032,2017-05-25,145,пастбища/зерновые,0.77478595505618,modis,0.7123533308229709,0.7123533308229709,0.7125906697783634,0.7079230036556452,0.7125906697783634,0.7330227956224495,0,private_random
AOI-0032,2017-07-18,199,пастбища/зерновые,0.1551602813653715,landsat,0.18260453810267385,0.18260453810267385,0.1434872287476046,0.20320864500700178,0.20626876727949714,0.1728164283224236,0,private_random
AOI-0032,2017-07-27,208,пастбища/зерновые,0.1335446179851466,s2,0.12203102734636558,0.12203102734636558,0.1170899999267387,0.18132335638188826,0.1170899999267387,0.12063197336492555,0,private_random
AOI-0032,2017-08-26,238,пастбища/зерновые,0.1303216085442272,landsat,0.15135243762035164,0.15135243762035164,0.12414246226887074,0.1912429576733157,0.18672976652624554,0.14903133944126823,0,private_random
AOI-0032,2017-09-10,253,пастбища/зерновые,0.1496116769729756,s2,0.12854218940628684,0.12854218940628684,0.12252238807140929,0.1767006000853071,0.12252238807140929,0.12901533500381132,0,private_random
AOI-0032,2017-09-17,260,пастбища/зерновые,0.1504783287229045,s2,0.17949991177796437,0.17949991177796437,0.18644000771189206,0.19013708792022307,0.13682155000163182,0.17624259929357786,0,private_random
AOI-0032,2017-09-22,265,пастбища/зерновые,0.1474503994329346,s2,0.17208607382316307,0.17208607382316307,0.14463447441196348,0.19636528380552856,0.14463447441196348,0.16662911495813718,0,private_random
AOI-0032,2018-05-03,123,пастбища/зерновые,0.1699347913705228,s2,0.1667239119616925,0.1667239119616925,0.15909161905680713,0.26848781736016414,0.15909161905680713,0.16600434602469455,0,private_random
AOI-0032,2018-06-02,153,пастбища/зерновые,0.1532089041430534,s2,0.14460878542893385,0.14460878542893385,0.13845466032038586,0.2184582867315096,0.13845466032038586,0.14930018729875352,0,private_random
AOI-0032,2018-06-03,154,пастбища/зерновые,0.1637078614868324,landsat,0.17060916299915774,0.17060916299915774,0.136352032985082,0.21628533635125877,0.2155641975159965,0.17850024043032758,0,private_random
AOI-0032,2018-06-14,165,пастбища/зерновые,0.1500382555411484,s2,0.15022984663206496,0.15022984663206496,0.11665839385975045,0.1949917836618176,0.11665839385975045,0.1499989329802774,0,private_random
AOI-0032,2018-06-18,169,пастбища/зерновые,0.1894413612090554,landsat,0.1604766190971654,0.1604766190971654,0.18584844600234232,0.19021989830651923,0.18584844600234232,0.16240563944766823,0,private_random
AOI-0032,2018-07-02,183,пастбища/зерновые,0.1149897424204884,s2,0.13352794625756206,0.13352794625756206,0.11465780803341583,0.18385163979220465,0.11465780803341583,0.12256218039873673,0,private_random
AOI-0032,2019-06-10,161,пастбища/зерновые,0.3053232833957552,modis,0.3669914005454299,0.3669914005454299,0.3353121903087192,0.3935494060661125,0.43328999754290076,0.3386617215544869,0,private_random
AOI-0032,2019-06-30,181,пастбища/зерновые,0.179840009871791,landsat,0.1358448350341249,0.1358448350341249,0.12124308272155694,0.18204920867317895,0.18880206868024205,0.1280469203751972,0,private_random
AOI-0032,2019-07-08,189,пастбища/зерновые,0.1237018338603569,landsat,0.12130174927283993,0.12130174927283993,0.09278994329420691,0.159317490577684,0.16348800002739586,0.11609820216164428,0,private_random
AOI-0032,2019-07-31,212,пастбища/зерновые,0.1662648865431879,landsat,0.19404108499258044,0.19404108499258044,0.19338204064044798,0.19843471400679658,0.19338204064044798,0.1904728634139073,0,private_random
AOI-0032,2019-08-03,215,пастбища/зерновые,0.1625328241320529,s2,0.17460776184184545,0.17460776184184545,0.14573017218659065,0.21311121471551855,0.14573017218659065,0.17185373999787396,0,private_random
AOI-0032,2019-08-08,220,пастбища/зерновые,0.1706594339447151,s2,0.21254545493114524,0.21254545493114524,0.21154566934118532,0.21654459729098488,0.14918395539344625,0.21591459915564415,0,private_random
AOI-0032,2019-08-18,230,пастбища/зерновые,0.1396113849104123,s2,0.18049444578427287,0.18049444578427287,0.1508676199138808,0.21999688027812894,0.1508676199138808,0.18156037200373562,0,private_random
AOI-0032,2019-08-21,233,пастбища/зерновые,0.1469110440608474,s2,0.17182878925439748,0.17182878925439748,0.14966394919738094,0.21765594003907504,0.14966394919738094,0.1726451448111823,0,private_random
AOI-0032,2019-09-17,260,пастбища/зерновые,0.138151321769963,s2,0.1856559357810344,0.1856559357810344,0.18581420586856393,0.18481182864754367,0.13503041007589597,0.17052127224787758,0,private_random
AOI-0032,2019-10-04,277,пастбища/зерновые,0.2179203835932374,landsat,0.14647106114862762,0.14647106114862762,0.1544266454780972,0.17470331032538458,0.1544266454780972,0.142562855153691,0,private_random
AOI-0032,2019-10-20,293,пастбища/зерновые,0.2825030883130912,s2,0.2625882220052434,0.2625882220052434,0.2586844783626947,0.30422815419242966,0.2586844783626947,0.2404324328252671,0,private_random
AOI-0032,2020-04-14,105,пастбища/зерновые,0.4468830172616329,s2,0.47929073722205373,0.47929073722205373,0.45915366339601016,0.5061401689901118,0.45915366339601016,0.4767093576305603,0,private_random
AOI-0032,2020-05-17,138,пастбища/зерновые,0.2859046142023044,s2,0.4214442704077429,0.4214442704077429,0.41340978120764926,0.49643283627528295,0.41340978120764926,0.4255582271277641,0,private_random
AOI-0032,2020-06-28,180,пастбища/зерновые,0.1331375822768925,s2,0.2128690428130029,0.2128690428130029,0.22533645100588973,0.2240587741147371,0.16707451975804158,0.21955359348335896,0,private_random
AOI-0032,2020-07-01,183,пастбища/зерновые,0.0842646890761245,s2,0.15002595717370404,0.15002595717370404,0.14565845659129265,0.20825929827252257,0.14565845659129265,0.16484213252805643,0,private_random
AOI-0032,2020-07-16,198,пастбища/зерновые,0.0210705114189349,s2,0.09741921058500423,0.09741921058500423,0.09127581241598824,0.16294879105450813,0.09127581241598824,0.09096770313503406,0,private_random
AOI-0032,2020-07-23,205,пастбища/зерновые,0.1301412510011032,s2,0.16053650350168222,0.16053650350168222,0.1705189682469184,0.17090488421909278,0.10284789423744348,0.1634253993479873,0,private_random
AOI-0032,2020-08-15,228,пастбища/зерновые,0.0886814528645673,s2,0.11902333828549003,0.11902333828549003,0.10283552169752955,0.17808293476022463,0.10283552169752955,0.11887422487116295,0,private_random
AOI-0032,2020-08-20,233,пастбища/зерновые,0.1160859339389633,s2,0.10985543575050942,0.10985543575050942,0.10343888773617697,0.1782986145700555,0.10343888773617697,0.10831702285969044,0,private_random
AOI-0032,2020-08-28,241,пастбища/зерновые,0.1791693508114856,modis,0.22617367700747534,0.22617367700747534,0.23654760298179417,0.17658799373391298,0.23654760298179417,0.22110701974017632,0,private_random
AOI-0032,2020-09-01,245,пастбища/зерновые,0.1245522591121481,s2,0.1676999508911025,0.1676999508911025,0.16741867463903806,0.17032519591037035,0.11103046080896342,0.1669457640179311,0,private_random
AOI-0032,2020-09-14,258,пастбища/зерновые,0.1237608858595258,s2,0.11554751366083357,0.11554751366083357,0.10892505863940255,0.16852715383228176,0.10892505863940255,0.11440578654764717,0,private_random
AOI-0032,2020-10-19,293,пастбища/зерновые,0.0498914403297556,s2,0.1823178531609323,0.1823178531609323,0.16850611802230153,0.2218493936570619,0.16850611802230153,0.1743092148691181,0,private_random
AOI-0032,2021-04-07,97,пастбища/зерновые,0.2205913857677902,modis,0.3121874584021951,0.3121874584021951,0.31911239609615694,0.1921552050401898,0.31911239609615694,0.3214501894901597,0,private_random
AOI-0032,2021-05-17,137,пастбища/зерновые,0.2095430440504064,s2,0.20152079708618295,0.20152079708618295,0.17346621024920306,0.3137391444341026,0.17346621024920306,0.2002606632855501,0,private_random
AOI-0032,2021-06-21,172,пастбища/зерновые,0.1364431080855829,s2,0.15748609974029618,0.15748609974029618,0.15168738655273042,0.2348022755745058,0.15168738655273042,0.16580219569005028,0,private_random
AOI-0032,2021-06-27,178,пастбища/зерновые,0.1780824803158557,landsat,0.23854264875167622,0.23854264875167622,0.24358003861365776,0.2318261289357008,0.24358003861365776,0.24001740510293182,0,private_random
AOI-0032,2021-07-08,189,пастбища/зерновые,0.1537198962021524,s2,0.1752126342854563,0.1752126342854563,0.1488962788033079,0.21030110826165416,0.1488962788033079,0.174863319043508,0,private_random
AOI-0032,2021-08-07,219,пастбища/зерновые,0.1432487598962462,s2,0.14831994338146057,0.14831994338146057,0.11830996543755863,0.18833324730666315,0.11830996543755863,0.14309589706954381,0,private_random
AOI-0032,2021-09-04,247,пастбища/зерновые,0.1251471789713602,s2,0.14875190812769506,0.14875190812769506,0.13974770641990977,0.1954238376558063,0.13974770641990977,0.13848778514596463,0,private_random
AOI-0032,2021-09-11,254,пастбища/зерновые,0.1432102207879037,s2,0.17297309710171252,0.17297309710171252,0.18560673650021767,0.18435925507790132,0.12653256042405545,0.17305165122883748,0,private_random
AOI-0032,2021-09-19,262,пастбища/зерновые,0.1388675347146465,s2,0.14585786081832344,0.14585786081832344,0.13854622011285708,0.194602132188099,0.13854622011285708,0.13471077253824718,0,private_random
AOI-0032,2022-04-19,109,пастбища/зерновые,0.6583101157716376,s2,0.7545137139486495,0.7545137139486495,0.7554723995962354,0.7506789713583056,0.7388927497576191,0.8012696220182187,0,private_random
AOI-0032,2022-04-23,113,пастбища/зерновые,0.7649950062421972,modis,0.7760616668346914,0.7760616668346914,0.7768782910635132,0.7754104233726422,0.7768782910635132,0.828225068572821,0,private_random
AOI-0032,2022-06-20,171,пастбища/зерновые,0.3690408347716855,landsat,0.44586922249568345,0.44586922249568345,0.4472805164441751,0.4308154203784394,0.4472805164441751,0.450102680051016,0,private_random
AOI-0032,2022-07-28,209,пастбища/зерновые,0.0999302305391475,s2,0.202820201864988,0.202820201864988,0.22811872401784905,0.15190654722374944,0.07951502786906449,0.19861025136344118,0,private_random
AOI-0032,2022-08-08,220,пастбища/зерновые,0.1570317187972409,landsat,0.11136773409812294,0.11136773409812294,0.0848277148105008,0.15736810989356334,0.14918769738981658,0.11486144783390839,0,private_random
AOI-0032,2022-09-09,252,пастбища/зерновые,0.1195979686388773,s2,0.10617066038040517,0.10617066038040517,0.10150565472116478,0.16215072829128974,0.10150565472116478,0.10352833981731435,0,private_random
AOI-0032,2022-09-14,257,пастбища/зерновые,0.1949453807740324,modis,0.21658287302480778,0.21658287302480778,0.23867261546096277,0.17146870285605356,0.23867261546096277,0.22107737927707463,0,private_random
AOI-0032,2022-09-25,268,пастбища/зерновые,0.1820739801524915,landsat,0.19207628907563193,0.19207628907563193,0.1910225685411882,0.19348124978822356,0.1910225685411882,0.19287262566795182,0,private_random
AOI-0032,2022-10-01,274,пастбища/зерновые,0.1625541121800677,s2,0.19617980181842062,0.19617980181842062,0.19963506810070497,0.2190605911264313,0.16174287842599075,0.1966030662245099,0,private_random
AOI-0032,2023-04-03,93,пастбища/зерновые,0.2082075518087279,landsat,0.196158242479962,0.196158242479962,0.2048500834146603,0.24265559243601864,0.2048500834146603,0.2123894124376614,0,private_random
AOI-0032,2023-05-16,136,пастбища/зерновые,0.2920509492569803,landsat,0.3441435957960977,0.3441435957960977,0.328380636882618,0.36516087434740396,0.328380636882618,0.3374757224088858,0,private_random
AOI-0032,2023-06-03,154,пастбища/зерновые,0.3465102054735835,s2,0.4400372585726498,0.4400372585726498,0.4551768996835161,0.4463658222403572,0.40501155360013674,0.4233836472928379,0,private_random
AOI-0032,2023-07-06,187,пастбища/зерновые,0.5636252815690941,s2,0.5106504606787969,0.5106504606787969,0.510225913800861,0.5163110857179409,0.510225913800861,0.6352477814039462,0,private_random
AOI-0032,2023-08-05,217,пастбища/зерновые,0.2091698417005265,s2,0.19817189162744311,0.19817189162744311,0.19126878248160226,0.25339676479417017,0.19126878248160226,0.17521998280137804,0,private_random
AOI-0032,2023-08-27,239,пастбища/зерновые,0.2311044771743936,s2,0.24513451045445547,0.24513451045445547,0.2560113812903768,0.25736994082896075,0.2033273251658125,0.25531912999159145,0,private_random
AOI-0032,2023-08-30,242,пастбища/зерновые,0.235545761481443,s2,0.2145218745552585,0.2145218745552585,0.2113883942022857,0.2521236387909328,0.2113883942022857,0.22599011709954667,0,private_random
AOI-0032,2023-10-04,277,пастбища/зерновые,0.1903824843315513,s2,0.20041176622315368,0.20041176622315368,0.1886509616165709,0.24009617372987013,0.1886509616165709,0.19877093076656208,0,private_random
AOI-0032,2023-10-16,289,пастбища/зерновые,0.2090051835853132,modis,0.26032618154433285,0.26032618154433285,0.29995238943395525,0.2275366806269549,0.29995238943395525,0.25401727751543124,0,private_random
AOI-0032,2023-10-19,292,пастбища/зерновые,0.110460826079199,s2,0.18434487050802528,0.18434487050802528,0.16720439415779206,0.22246045249457225,0.16720439415779206,0.18277570839558377,0,private_random
AOI-0032,2023-10-30,303,пастбища/зерновые,0.1948658962119243,landsat,0.20515674766334702,0.20515674766334702,0.20416052465099774,0.20914163971274422,0.20416052465099774,0.21873450006123485,0,private_random
AOI-0032,2024-04-08,99,пастбища/зерновые,0.1892506958271924,s2,0.23983039310452703,0.23983039310452703,0.2250721441666283,0.2595080583550587,0.17272514243626305,0.23889716674862535,0,private_random
AOI-0032,2024-04-28,119,пастбища/зерновые,0.227833746159515,s2,0.24279694518225448,0.24279694518225448,0.23399755402648692,0.2662619882643012,0.18762592905762296,0.24276584192946268,0,private_random
AOI-0032,2024-06-02,154,пастбища/зерновые,0.1958117783390822,s2,0.26715704987566674,0.26715704987566674,0.2690384337980016,0.2571230022898809,0.18806005560164477,0.2806832712388772,0,private_random
AOI-0032,2024-06-17,169,пастбища/зерновые,0.0789750792434976,s2,0.23875761926736383,0.23875761926736383,0.24695718739456937,0.23876712613438614,0.16495437597224766,0.23767117314044037,0,private_random
AOI-0032,2024-07-10,192,пастбища/зерновые,0.1575033127225645,s2,0.15901750836221593,0.15901750836221593,0.1245816435520434,0.18535635189192298,0.1245816435520434,0.1674451333134785,0,private_random
AOI-0032,2024-07-17,199,пастбища/зерновые,0.1363167353367841,s2,0.18559672921773235,0.18559672921773235,0.19751938590616622,0.19453662674258018,0.131201179320361,0.18058162479022696,0,private_random
AOI-0032,2024-08-11,224,пастбища/зерновые,0.1370413621183111,s2,0.17651940243299497,0.17651940243299497,0.185064160867286,0.18844545776262034,0.12485106876432084,0.18575464703964528,0,private_random
AOI-0032,2024-08-28,241,пастбища/зерновые,0.1762729088639201,modis,0.2027780422864292,0.2027780422864292,0.1843951346369683,0.18275306174479589,0.238702814524542,0.20208974502851512,0,private_random
AOI-0032,2024-09-20,264,пастбища/зерновые,0.1513709473737276,s2,0.17413939379642598,0.17413939379642598,0.18069451691491073,0.18381164431507613,0.12755446719652974,0.17565774340146686,0,private_random
AOI-0032,2024-09-30,274,пастбища/зерновые,0.123488578222399,s2,0.16153876040435983,0.16153876040435983,0.16550927620933648,0.1819565356696713,0.1303433657354695,0.16891731974048993,0,private_random
AOI-0032,2024-10-08,282,пастбища/зерновые,0.1326807237853191,s2,0.14581171331325277,0.14581171331325277,0.13936987305610707,0.19734643537041854,0.13936987305610707,0.13763085389124008,0,private_random
AOI-0032,2025-05-16,136,пастбища/зерновые,0.5067082227038892,s2,0.7379237300095665,0.7379237300095665,0.7375494552588554,0.7558889180436955,0.7375494552588554,0.7331636972929544,0,private_random
AOI-0032,2025-05-23,143,пастбища/зерновые,0.7775091090767564,s2,0.7305425847731268,0.7305425847731268,0.729246889753211,0.7478185183720041,0.729246889753211,0.7509635125088533,0,private_random
AOI-0032,2025-05-25,145,пастбища/зерновые,0.7926420724094883,modis,0.7491174087594887,0.7491174087594887,0.7501646945674422,0.7360335855519584,0.7501646945674422,0.7439363704000501,0,private_random
AOI-0032,2025-06-15,166,пастбища/зерновые,0.5251792198569931,s2,0.49083866264518167,0.49083866264518167,0.48949554683360785,0.5230734421229534,0.48949554683360785,0.49248969241325663,0,private_random
AOI-0032,2025-07-08,189,пастбища/зерновые,0.2325473830243031,landsat,0.21723869899677298,0.21723869899677298,0.20421825941723745,0.255465990638093,0.2638493225259089,0.21482001710944607,0,private_random
AOI-0032,2025-07-15,196,пастбища/зерновые,0.1398203482908678,s2,0.15783576843974872,0.15783576843974872,0.15419498567625595,0.2160118712025545,0.15419498567625595,0.1595068511023907,0,private_random
AOI-0032,2025-08-01,213,пастбища/зерновые,0.1470614852039655,s2,0.17612619230594712,0.17612619230594712,0.15209283784261407,0.2172552456421768,0.15209283784261407,0.17171548465668784,0,private_random
AOI-0032,2025-08-25,237,пастбища/зерновые,0.2083252109885107,landsat,0.21306343024872593,0.21306343024872593,0.21273990323333444,0.21780849314113404,0.21273990323333444,0.2130543292101959,0,private_random
AOI-0032,2025-09-01,244,пастбища/зерновые,0.1948682747453092,landsat,0.1594248469197215,0.1594248469197215,0.14495640130615609,0.1996956725238347,0.19888751639840332,0.15877584977159503,0,private_random
AOI-0032,2025-09-14,257,пастбища/зерновые,0.2051481641468682,modis,0.24026021781039886,0.24026021781039886,0.25032691218693737,0.197482558305874,0.25032691218693737,0.24275370868418467,0,private_random
AOI-0033,2025-04-25,115,пастбища/зерновые,0.2346656274908839,s2,0.210833839468055,0.210833839468055,0.18759784997683862,0.2679065632599598,0.18759784997683862,0.20276222959163948,0,private_random
AOI-0033,2025-05-01,121,пастбища/зерновые,0.1884016400434032,s2,0.1959141131622291,0.1959141131622291,0.1851233136179362,0.30935248036772545,0.1851233136179362,0.18040979976289867,0,private_random
AOI-0033,2025-05-06,126,пастбища/зерновые,0.1817097739809742,s2,0.19511513932229438,0.19511513932229438,0.19224922326627425,0.3135730029711264,0.19224922326627425,0.1783847936864807,0,private_random
AOI-0033,2025-05-25,145,пастбища/зерновые,0.5663519669742594,modis,0.534512560330325,0.534512560330325,0.5744505664610609,0.40908918375652076,0.5744505664610609,0.5752311581428288,0,private_random
AOI-0033,2025-06-13,164,пастбища/зерновые,0.747813964582257,landsat,0.6195769447766016,0.6195769447766016,0.6057340392382493,0.62133874738184,0.6436919168058909,0.6707087074235325,0,private_random
AOI-0033,2025-07-02,183,пастбища/зерновые,0.6078941455625225,s2,0.5504981271721909,0.5504981271721909,0.5504593976264252,0.5509112423270259,0.5504593976264252,0.6137250963422881,0,private_random
AOI-0033,2025-07-25,206,пастбища/зерновые,0.3360194828609462,s2,0.2849260178404692,0.2849260178404692,0.28390970564564977,0.32828867148609975,0.28390970564564977,0.283048906968125,0,private_random
AOI-0033,2025-08-29,241,пастбища/зерновые,0.286607874436064,s2,0.2625101628642286,0.2625101628642286,0.2620569073921932,0.29756191936830667,0.2620569073921932,0.25946252427778765,0,private_random
AOI-0033,2025-09-01,244,пастбища/зерновые,0.3059397585749934,landsat,0.2665813777962991,0.2665813777962991,0.25573360543063134,0.29269171093360913,0.29637280858768106,0.2666794506714489,0,private_random
AOI-0033,2025-09-12,255,пастбища/зерновые,0.2789503914675904,s2,0.2908041156318757,0.2908041156318757,0.28824149914114494,0.3147218695453623,0.28824149914114494,0.26458869414817315,0,private_random
AOI-0033,2025-10-27,300,пастбища/зерновые,0.5532953411188383,landsat,0.5514692976387031,0.5514692976387031,0.5516917109419716,0.5458348272892342,0.5516917109419716,0.5482844320150738,0,private_random
AOI-0034,2025-04-07,97,пастбища/зерновые,0.282869696010133,modis,0.35522130486921333,0.35522130486921333,0.36789621465616407,0.24151599898989803,0.36789621465616407,0.36164434442653076,0,private_random
AOI-0034,2025-05-01,121,пастбища/зерновые,0.1705774608671817,s2,0.1809786161389041,0.1809786161389041,0.16987549423792805,0.30528878165533146,0.16987549423792805,0.1812160658751227,0,private_random
AOI-0034,2025-05-15,135,пастбища/зерновые,0.1414364560688642,s2,0.17381110056560245,0.17381110056560245,0.16327105598404273,0.3002916355443191,0.16327105598404273,0.17396563580989918,0,private_random
AOI-0034,2025-06-13,164,пастбища/зерновые,0.2555529153724198,landsat,0.17331924327928078,0.17331924327928078,0.1352597072175019,0.2231225403163782,0.23681072532257516,0.18491607637859217,0,private_random
AOI-0034,2025-07-25,206,пастбища/зерновые,0.1293113722341733,s2,0.1307491445532749,0.1307491445532749,0.12927786656568838,0.19352367202363388,0.12927786656568838,0.12996995375528012,0,private_random
AOI-0034,2025-07-31,212,пастбища/зерновые,0.1890903614714208,landsat,0.17115045075154245,0.17115045075154245,0.18921179736256147,0.19311258510174534,0.18921179736256147,0.1714573434855923,0,private_random
AOI-0034,2025-08-01,213,пастбища/зерновые,0.1216071906793844,s2,0.14931483623463235,0.14931483623463235,0.1246692967559016,0.1919917231011706,0.1246692967559016,0.1494063782700952,0,private_random
AOI-0034,2025-08-16,228,пастбища/зерновые,0.1274162653996127,s2,0.12487647511148714,0.12487647511148714,0.12349485042145393,0.19119446023308143,0.12349485042145393,0.12121185884154849,0,private_random
AOI-0034,2025-09-02,245,пастбища/зерновые,0.1792160694340991,landsat,0.19383689020364508,0.19383689020364508,0.19381327492714726,0.1941202735216193,0.19381327492714726,0.19402221432749017,0,private_random
AOI-0034,2025-09-25,268,пастбища/зерновые,0.1441743069195076,s2,0.17919272622075288,0.17919272622075288,0.17421083430405132,0.22316376269966423,0.17421083430405132,0.16819139536608546,0,private_random
AOI-0035,2025-06-17,168,пастбища/зерновые,0.1116758793309962,s2,0.13710188988405048,0.13710188988405048,0.1325974447363612,0.21517893911066457,0.1325974447363612,0.1398883442611969,0,private_random
AOI-0035,2025-07-07,188,пастбища/зерновые,0.1226481043090376,s2,0.11762189221519088,0.11762189221519088,0.11592481252614015,0.18324230685848586,0.11592481252614015,0.11865948466300232,0,private_random
AOI-0035,2025-07-12,193,пастбища/зерновые,0.1144305359224096,s2,0.2153180043568878,0.2153180043568878,0.24664907755864832,0.18227893918147844,0.11542356886925774,0.21988317418236775,0,private_random
AOI-0035,2025-07-24,205,пастбища/зерновые,0.1678848191204218,landsat,0.1739062791796176,0.1739062791796176,0.1740093198692129,0.17294456607672803,0.1740093198692129,0.17579587782516395,0,private_random
AOI-0035,2025-08-06,218,пастбища/зерновые,0.1301240832005549,s2,0.1298789244848124,0.1298789244848124,0.10718698706025144,0.17764187076564575,0.10718698706025144,0.12963482902606632,0,private_random
AOI-0035,2025-08-24,236,пастбища/зерновые,0.0956638056029294,s2,0.11196453720749834,0.11196453720749834,0.10973577322060721,0.18328498478801417,0.10973577322060721,0.10780992617396581,0,private_random
AOI-0035,2025-08-29,241,пастбища/зерновые,0.1328147011139799,s2,0.11602350430721789,0.11602350430721789,0.11526385742913807,0.17476952954539168,0.11526385742913807,0.11375210490298647,0,private_random
AOI-0035,2025-09-17,260,пастбища/зерновые,0.1606857003046782,landsat,0.186201717411782,0.186201717411782,0.18635129436824094,0.18261187045676697,0.18635129436824094,0.1815133734132333,0,private_random
AOI-0035,2025-10-03,276,пастбища/зерновые,0.2094821311989798,landsat,0.2045190949374704,0.2045190949374704,0.2009340269690131,0.25489459548957955,0.24202389686099227,0.16875289104273056,0,private_random
AOI-0035,2025-10-05,278,пастбища/зерновые,0.1938479612687554,s2,0.231890875908322,0.231890875908322,0.22959676020848038,0.28083201083827647,0.22959676020848038,0.18105546300591593,0,private_random
AOI-0036,2025-04-16,106,пастбища/зерновые,0.4835576874741638,s2,0.5146537143658915,0.5146537143658915,0.5053180156190126,0.5493548677238824,0.5053180156190126,0.5126955179074739,0,private_random
AOI-0036,2025-04-19,109,пастбища/зерновые,0.5492239013497514,landsat,0.5319174760411481,0.5319174760411481,0.5263832575604943,0.5665435196097768,0.5549588222396948,0.5359492024700732,0,private_random
AOI-0036,2025-04-23,113,пастбища/зерновые,0.5437978919309335,s2,0.6173770703995063,0.6173770703995063,0.64037101334373,0.5950045853726941,0.5591953445483453,0.6399606076834254,0,private_random
AOI-0036,2025-05-04,124,пастбища/зерновые,0.6164064192715855,landsat,0.6144967465407707,0.6144967465407707,0.5994502262381969,0.6487924196402456,0.6414889651775986,0.6257428472494689,0,private_random
AOI-0036,2025-05-15,135,пастбища/зерновые,0.5361723945608156,s2,0.5917472772325528,0.5917472772325528,0.5876693863525497,0.64068196779259,0.5876693863525497,0.6106712023591366,0,private_random
AOI-0036,2025-06-04,155,пастбища/зерновые,0.4435313031598222,s2,0.4973424983738881,0.4973424983738881,0.5103986599982497,0.494992087684546,0.4570446781400676,0.5161532715077701,0,private_random
AOI-0036,2025-06-05,156,пастбища/зерновые,0.4567004544557541,s2,0.44808999899359875,0.44808999899359875,0.447181076045889,0.4868707114292141,0.447181076045889,0.475868725734117,0,private_random
AOI-0036,2025-07-15,196,пастбища/зерновые,0.1898680752870059,s2,0.21748230588432874,0.21748230588432874,0.21423960285449956,0.26615019739844215,0.21423960285449956,0.21261432254436538,0,private_random
AOI-0036,2025-08-29,241,пастбища/зерновые,0.168856279629355,s2,0.16055400299002204,0.16055400299002204,0.15987373063106555,0.21316173208265568,0.15987373063106555,0.1594176241966204,0,private_random
AOI-0036,2025-10-04,277,пастбища/зерновые,0.2021180029083022,landsat,0.1974449841304266,0.1974449841304266,0.20737925994006226,0.2226146244530456,0.20737925994006226,0.18683410566068237,0,private_random
AOI-0036,2025-10-08,281,пастбища/зерновые,0.1624792403292861,s2,0.18550287283182246,0.18550287283182246,0.18454146421415774,0.23934175542104721,0.18454146421415774,0.1548097441029871,0,private_random
AOI-0037,2025-04-03,93,зерновые,0.3929496007269261,landsat,0.360207552349577,0.360207552349577,0.3532879424134848,0.3786598455124895,0.3532879424134848,0.3603378291645924,0,private_random
AOI-0037,2025-04-19,109,зерновые,0.5549250221714086,landsat,0.5180997256136365,0.5180997256136365,0.5127784485175336,0.552904130768592,0.5401128788368481,0.5432679306395796,0,private_random
AOI-0037,2025-05-01,121,зерновые,0.6169847124353183,s2,0.5770952282639831,0.5770952282639831,0.5716454046344261,0.6224548258856952,0.5716454046344261,0.5949659001761219,0,private_random
AOI-0037,2025-07-05,186,зерновые,0.3775216018495675,s2,0.32991527990583736,0.32991527990583736,0.3184603108653309,0.3546710965107054,0.3184603108653309,0.32781595703447575,0,private_random
AOI-0037,2025-07-07,188,зерновые,0.3297332184234619,s2,0.31532493710025405,0.31532493710025405,0.31439706600201606,0.3512026195654576,0.31439706600201606,0.3118980875391997,0,private_random
AOI-0037,2025-07-16,197,зерновые,0.3427918271094939,landsat,0.2914515624291481,0.2914515624291481,0.31106190709547704,0.3000297650635733,0.31106190709547704,0.2948689364147504,0,private_random
AOI-0037,2025-09-01,244,зерновые,0.2650508453322649,landsat,0.22326155098083036,0.22326155098083036,0.21100661096648549,0.2552997658830195,0.25679046827684276,0.22403403243779824,0,private_random
AOI-0037,2025-09-09,252,зерновые,0.2291100758960789,landsat,0.2480139821028173,0.2480139821028173,0.24810218290768785,0.24742597673701347,0.24810218290768785,0.2503483427562477,0,private_random
AOI-0037,2025-10-16,289,зерновые,0.2954401256732495,modis,0.2727943584619582,0.2727943584619582,0.2256810058386644,0.27366191211993196,0.33485385087601005,0.2715785083231724,0,private_random
AOI-0038,2025-04-03,93,зерновые,0.3776038882154468,s2,0.36724326887351066,0.36724326887351066,0.36000629660263195,0.38654186159585385,0.3211108117792003,0.4073112350429946,0,private_random
AOI-0038,2025-05-15,135,зерновые,0.5084920209417544,s2,0.5053941944415645,0.5053941944415645,0.5001450546390248,0.5683838720720414,0.5001450546390248,0.5083739274685136,0,private_random
AOI-0038,2025-06-27,178,зерновые,0.3182209243833575,s2,0.2919643980295032,0.2919643980295032,0.2670037371234239,0.32389028700661543,0.2670037371234239,0.3098656343943609,0,private_random
AOI-0038,2025-06-29,180,зерновые,0.2849258323641168,landsat,0.30500200197998845,0.30500200197998845,0.30572636969607414,0.29824123662985497,0.30572636969607414,0.3095734516006439,0,private_random
AOI-0038,2025-07-12,193,зерновые,0.1891649605034915,s2,0.2805571150528613,0.2805571150528613,0.3055241778202423,0.2538542085745528,0.19751006977137966,0.26293172873961757,0,private_random
AOI-0038,2025-07-14,195,зерновые,0.1734139315158021,s2,0.24171779156360645,0.24171779156360645,0.25619683083240935,0.2517278937217724,0.19744649857735064,0.22590714050006983,0,private_random
AOI-0038,2025-07-16,197,зерновые,0.2420622575084693,landsat,0.23169731592341722,0.23169731592341722,0.2520496636721344,0.2485894372564373,0.2520496636721344,0.21194848860379525,0,private_random
AOI-0038,2025-07-22,203,зерновые,0.1771179466848675,s2,0.22996237580022502,0.22996237580022502,0.2481840613325972,0.24606367381908853,0.18919076772883495,0.22841542479416557,0,private_random
AOI-0038,2025-07-30,211,зерновые,0.1940692304829712,s2,0.18076936530571514,0.18076936530571514,0.1800585222684318,0.23953238972113688,0.1800585222684318,0.18421759795718531,0,private_random
AOI-0038,2025-09-14,257,зерновые,0.2413507851054285,modis,0.25451632028279775,0.25451632028279775,0.26324435920101136,0.216048803481638,0.26324435920101136,0.2589566887994877,0,private_random
AOI-0038,2025-10-04,277,зерновые,0.2024021343825434,landsat,0.2015398321496923,0.2015398321496923,0.21219468916131423,0.22632568980387457,0.21219468916131423,0.19614276114476203,0,private_random
AOI-0039,2025-04-05,95,зерновые,0.5342940726613118,s2,0.5053755226622102,0.5053755226622102,0.5025436152613749,0.5469101645411277,0.5025436152613749,0.5243094552359572,0,private_random
AOI-0039,2025-04-19,109,зерновые,0.697035986202659,landsat,0.6971786345059027,0.6971786345059027,0.6942747792926269,0.7106337929790874,0.7097105256621008,0.6850449441604476,0,private_random
AOI-0039,2025-05-06,126,зерновые,0.7002091441267786,s2,0.701933091667063,0.701933091667063,0.7014343316653072,0.722548505072968,0.7014343316653072,0.7347842857442558,0,private_random
AOI-0039,2025-05-09,129,зерновые,0.607836048749198,modis,0.7293985151675647,0.7293985151675647,0.7363737982748758,0.70766009905807,0.7363737982748758,0.719728602024202,0,private_random
AOI-0039,2025-06-14,165,зерновые,0.5414181033303017,landsat,0.5679524722211837,0.5679524722211837,0.5719377520373539,0.5520113529565029,0.5719377520373539,0.5650879084624929,0,private_random
AOI-0039,2025-07-25,206,зерновые,0.2855575842430371,s2,0.3338520598712117,0.3338520598712117,0.332900459439423,0.37445367829419735,0.332900459439423,0.3305515322854188,0,private_random
AOI-0039,2025-07-28,209,зерновые,0.3457920025188916,modis,0.35037109108017367,0.35037109108017367,0.3289387742713797,0.3688966561405694,0.3981445357634812,0.3423229614715262,0,private_random
AOI-0039,2025-08-04,216,зерновые,0.366219067759726,s2,0.3176491926477346,0.3176491926477346,0.31421043922599023,0.35432922914634196,0.31421043922599023,0.3185548481257184,0,private_random
AOI-0039,2025-08-17,229,зерновые,0.3015843582413177,landsat,0.34500442920831287,0.34500442920831287,0.33721618801329256,0.36993280979284776,0.3767409487567264,0.3439464522155804,0,private_random
AOI-0039,2025-09-13,256,зерновые,0.3237480485836535,s2,0.3119131916412074,0.3119131916412074,0.3112564610857374,0.34168497682251386,0.3112564610857374,0.31014458087583646,0,private_random
AOI-0040,2025-05-26,146,зерновые,0.8359068233220236,s2,0.7647736171247076,0.7647736171247076,0.7502640944881985,0.7786872773549018,0.7502640944881985,0.7936926552478276,0,private_random
AOI-0040,2025-05-28,148,зерновые,0.7482715115665319,s2,0.7516068096097444,0.7516068096097444,0.7459375095822922,0.768862962879029,0.7459375095822922,0.7791149813588043,0,private_random
AOI-0040,2025-07-10,191,зерновые,0.2201799404542483,s2,0.20451267594155614,0.20451267594155614,0.20373922394343716,0.2571074118136485,0.20373922394343716,0.18542582548091907,0,private_random
AOI-0040,2025-07-12,193,зерновые,0.1961986729872377,s2,0.2726363572771322,0.2726363572771322,0.2949328827581634,0.24825587514509687,0.19356809331576041,0.26729770331459884,0,private_random
AOI-0040,2025-08-13,225,зерновые,0.2046122279792746,modis,0.27017675001309893,0.27017675001309893,0.288807873936636,0.21173535519377298,0.288807873936636,0.26971215449308505,0,private_random
AOI-0040,2025-09-08,251,зерновые,0.1291363073948288,s2,0.13915480932291507,0.13915480932291507,0.13483393170968222,0.18964568664604875,0.13483393170968222,0.14176032678121495,0,private_random
AOI-0040,2025-09-25,268,зерновые,0.1275797051137194,s2,0.1300790357852961,0.1300790357852961,0.1242666390481099,0.18135637559710263,0.1242666390481099,0.12690114546842804,0,private_random
AOI-0040,2025-10-03,276,зерновые,0.1537310259519132,s2,0.1427765937046194,0.1427765937046194,0.1395355763205517,0.19531536807491082,0.1395355763205517,0.13593008326686584,0,private_random
AOI-0040,2025-10-05,278,зерновые,0.1364996629612992,s2,0.14415425810865484,0.14415425810865484,0.14169045153246712,0.1967154650673267,0.14169045153246712,0.13561651316143902,0,private_random
AOI-0040,2025-10-08,281,зерновые,0.1406446297137721,s2,0.14598168609456,0.14598168609456,0.145010504953299,0.20036783000517566,0.145010504953299,0.13481206791372155,0,private_random
AOI-0040,2025-10-16,289,зерновые,0.2368149740932643,modis,0.21008319875959086,0.21008319875959086,0.15282500996111342,0.20884082146155128,0.285850364568287,0.2050365389684896,0,private_random
AOI-0041,2025-04-03,93,зерновые,0.4544879486943248,s2,0.4476211265488289,0.4476211265488289,0.4426744009816318,0.4608123947280213,0.40415639723692093,0.43005366866452627,0,private_random
AOI-0041,2025-05-25,145,зерновые,0.5781810810810811,modis,0.6864420499611157,0.6864420499611157,0.6994624713475185,0.6419858986385468,0.6994624713475185,0.6677864971224989,0,private_random
AOI-0041,2025-06-04,155,зерновые,0.540654050390898,s2,0.562621477567848,0.562621477567848,0.5744785722064737,0.5530369995221703,0.5265833200415343,0.5614763712165249,0,private_random
AOI-0041,2025-06-14,165,зерновые,0.4641519993357598,landsat,0.4673919781035409,0.4673919781035409,0.47061236813091434,0.4545104179940469,0.47061236813091434,0.46672765028582575,0,private_random
AOI-0041,2025-07-02,183,зерновые,0.4193568555284702,s2,0.3531187107022261,0.3531187107022261,0.3503489339887092,0.3826629956464067,0.3503489339887092,0.35035573602459685,0,private_random
AOI-0041,2025-07-07,188,зерновые,0.3393478427007982,s2,0.34156950990630475,0.34156950990630475,0.34066773937618844,0.3764379704041361,0.34066773937618844,0.337281817009524,0,private_random
AOI-0041,2025-09-14,257,зерновые,0.2687594594594595,modis,0.2822704476077067,0.2822704476077067,0.2898704564829246,0.24865227187561553,0.2898704564829246,0.2851543175024859,0,private_random
AOI-0041,2025-09-23,266,зерновые,0.2061775835636797,s2,0.22094039460199044,0.22094039460199044,0.20561411495050685,0.2502131314671535,0.20561411495050685,0.2225468165724049,0,private_random
AOI-0041,2025-10-03,276,зерновые,0.2106489249163763,s2,0.2137668158101139,0.2137668158101139,0.21043072226274095,0.2622424852761865,0.21043072226274095,0.20851215051347222,0,private_random
AOI-0041,2025-10-08,281,зерновые,0.1955605984318691,s2,0.23026738371723357,0.23026738371723357,0.2293432995394405,0.2820160976736444,0.2293432995394405,0.21218248408483825,0,private_random
AOI-0041,2025-10-27,300,зерновые,0.3626315289103146,landsat,0.3687662754566312,0.3687662754566312,0.36876951187187695,0.36868428627040556,0.36876951187187695,0.387916370732115,0,private_random
AOI-0042,2025-04-07,97,зерновые,0.3026933314495621,modis,0.3475263734124515,0.3475263734124515,0.3595171768146932,0.23834618839978314,0.3595171768146932,0.35443051780110185,0,private_random
AOI-0042,2025-04-25,115,зерновые,0.1488462820029472,s2,0.18300399148674498,0.18300399148674498,0.15803467698005716,0.24414971517567893,0.15803467698005716,0.18224561458891533,0,private_random
AOI-0042,2025-05-01,121,зерновые,0.1585249730726449,s2,0.16698671120329192,0.16698671120329192,0.1546954509256744,0.29759337086163734,0.1546954509256744,0.16448460548411895,0,private_random
AOI-0042,2025-05-16,136,зерновые,0.1507400434343987,s2,0.14622587853451516,0.14622587853451516,0.1433943564262799,0.28213893972980797,0.1433943564262799,0.1473294972350682,0,private_random
AOI-0042,2025-07-15,196,зерновые,0.1383344006636406,s2,0.12001746612316228,0.12001746612316228,0.11614064147878381,0.18268944570012036,0.11614064147878381,0.11892844544959402,0,private_random
AOI-0042,2025-09-02,245,зерновые,0.1622067282816406,landsat,0.17303779783541676,0.17303779783541676,0.17268107812642197,0.17731843434335415,0.17268107812642197,0.17427289189908393,0,private_random
AOI-0042,2025-09-08,251,зерновые,0.1199313609454249,s2,0.1243752541117115,0.1243752541117115,0.11972170395303929,0.17661839734306475,0.11972170395303929,0.12546171814910173,0,private_random
AOI-0042,2025-09-25,268,зерновые,0.1219787140759076,s2,0.12675145055925266,0.12675145055925266,0.12084794489616792,0.17585127046620144,0.12084794489616792,0.12259734911432403,0,private_random
AOI-0042,2025-09-28,271,зерновые,0.1521531183618919,s2,0.13276386216812855,0.13276386216812855,0.13084484272892027,0.1839377138803487,0.13084484272892027,0.12871326261227034,0,private_random
AOI-0042,2025-10-03,276,зерновые,0.1539005814899872,s2,0.1427350405300231,0.1427350405300231,0.13924069335110123,0.19427159608545683,0.13924069335110123,0.13419572131258484,0,private_random
AOI-0043,2025-04-14,104,зерновые,0.2015090611504154,s2,0.18917819081004103,0.18917819081004103,0.1876672985172451,0.2657300669783707,0.1876672985172451,0.1865196100415964,0,private_random
AOI-0043,2025-04-26,116,зерновые,0.2033987947629884,s2,0.24813674523107568,0.24813674523107568,0.21141157209058628,0.28677288728988487,0.21141157209058628,0.2411005235268394,0,private_random
AOI-0043,2025-05-08,128,зерновые,0.1684174037012612,s2,0.19012112888739124,0.19012112888739124,0.18446373473535713,0.3258985885362102,0.18446373473535713,0.18605406422863377,0,private_random
AOI-0043,2025-05-09,129,зерновые,0.3033006350886478,modis,0.48106449786470185,0.48106449786470185,0.5247285748636629,0.32861900024389606,0.5247285748636629,0.47316827935928923,0,private_random
AOI-0043,2025-05-11,131,зерновые,0.3184337214384041,s2,0.201951545386158,0.201951545386158,0.18980051074695403,0.3315625815376672,0.18980051074695403,0.19903124594926555,0,private_random
AOI-0043,2025-06-05,156,зерновые,0.2033195395087233,s2,0.17227720515647008,0.17227720515647008,0.17055067427663004,0.24594252269631153,0.17055067427663004,0.17701501033413203,0,private_random
AOI-0043,2025-06-07,158,зерновые,0.1739531591704433,s2,0.16962677793387082,0.16962677793387082,0.16814132096103448,0.24488993122424518,0.16814132096103448,0.17103722625763249,0,private_random
AOI-0043,2025-07-08,189,зерновые,0.1792812177934462,s2,0.17522443319986786,0.17522443319986786,0.16139510323191802,0.22021134155533081,0.16139510323191802,0.17346747933656936,0,private_random
AOI-0043,2025-07-22,203,зерновые,0.2308898136953447,landsat,0.20393206896721816,0.20393206896721816,0.22456265255874844,0.21724677700372752,0.22456265255874844,0.19892859651995204,0,private_random
AOI-0043,2025-08-17,229,зерновые,0.165589680536475,s2,0.1668893855267225,0.1668893855267225,0.15452833489386988,0.21992605840053633,0.15452833489386988,0.16805026944082985,0,private_random
AOI-0043,2025-09-11,254,зерновые,0.1602999830844382,s2,0.13982412603054042,0.13982412603054042,0.1385525749737995,0.1906861683001768,0.1385525749737995,0.13974884858777556,0,private_random
AOI-0043,2025-10-23,296,зерновые,0.2072413720226734,s2,0.16681356319743731,0.16681356319743731,0.16249619938448154,0.22437841403684775,0.16249619938448154,0.1496291670331111,0,private_random
AOI-0044,2010-06-19,170,зерновые,0.376003606948019,landsat,0.4970884628042734,0.4970884628042734,0.4974858064227592,0.4944395053477013,0.4974858064227592,0.5037568738237049,0,private_random
AOI-0044,2010-07-05,186,зерновые,0.4936860480229468,landsat,0.46415647903117724,0.46415647903117724,0.46221082254319534,0.47712752228439,0.46221082254319534,0.507861410347072,0,private_random
AOI-0044,2010-08-23,235,зерновые,0.1857867475113681,landsat,0.2075711965698758,0.2075711965698758,0.20687131205601506,0.21223709332894733,0.20687131205601506,0.20141578521241507,0,private_random
AOI-0044,2011-04-07,97,зерновые,0.2436928421604615,modis,0.2488323393163156,0.2488323393163156,0.2549661415615222,0.15069150339301007,0.2549661415615222,0.48644628332003653,0,private_random
AOI-0044,2011-05-09,129,зерновые,0.349386680650236,modis,0.38361863027788856,0.38361863027788856,0.390431135865799,0.2564518593035609,0.390431135865799,0.28508243238881975,0,private_random
AOI-0044,2011-05-14,134,зерновые,0.2300733936027565,landsat,0.24698221785886537,0.24698221785886537,0.2415841315363749,0.26857456314882716,0.2415841315363749,0.13601514417102764,0,private_random
AOI-0044,2011-06-30,181,зерновые,0.8166709778086161,landsat,0.73781392429684,0.73781392429684,0.7396362840380981,0.7329542983201516,0.7396362840380981,0.7443685152713837,0,private_random
AOI-0044,2011-09-10,253,зерновые,0.1543992515750847,landsat,0.1978563845876962,0.1978563845876962,0.19639086623564733,0.20958053140408703,0.19639086623564733,0.19470360104127446,0,private_random
AOI-0044,2012-06-09,161,зерновые,0.5071516489665685,landsat,0.4718833845078199,0.4718833845078199,0.4808089725310019,0.43743523683098356,0.4357107057591321,0.513779694431953,0,private_random
AOI-0044,2012-06-25,177,зерновые,0.223099129389518,landsat,0.37912901741938104,0.37912901741938104,0.39274613815626036,0.3365876746377199,0.33529587016727896,0.38822802916946086,0,private_random
AOI-0044,2013-04-23,113,зерновые,0.3191464538542214,modis,0.3562544108394502,0.3562544108394502,0.3612601166500649,0.25614029462715554,0.3612601166500649,0.3424618142341217,0,private_random
AOI-0044,2013-07-21,202,зерновые,0.3997894066742965,landsat,0.4480608641943633,0.4480608641943633,0.44825936903381464,0.44673749859802103,0.44825936903381464,0.4471660121030743,0,private_random
AOI-0044,2013-08-14,226,зерновые,0.3364280971105635,landsat,0.30952546481870186,0.30952546481870186,0.3093546244856773,0.31089218748289804,0.3093546244856773,0.3061824138384685,0,private_random
AOI-0044,2013-08-15,227,зерновые,0.2780841830570252,landsat,0.3070829114873879,0.3070829114873879,0.3067666833801024,0.3083478239165302,0.3067666833801024,0.30348936101738405,0,private_random
AOI-0044,2013-09-14,257,зерновые,0.3511715980597797,modis,0.36678289887092025,0.36678289887092025,0.3702893695908303,0.329380544525213,0.3702893695908303,0.3568141941833301,0,private_random
AOI-0044,2014-04-23,113,зерновые,0.4227159937073937,modis,0.4199411678355734,0.4199411678355734,0.42393902444036075,0.3293230847937256,0.42393902444036075,0.45548730320206615,0,private_random
AOI-0044,2014-05-29,149,зерновые,0.3065786161491625,landsat,0.28146425867647074,0.28146425867647074,0.27744435364712283,0.3029037521663263,0.27744435364712283,0.2918265936388888,0,private_random
AOI-0044,2014-07-24,205,зерновые,0.1939599662410014,landsat,0.21725912749869097,0.21725912749869097,0.21688037742159205,0.2207941282182809,0.21688037742159205,0.22088346747555002,0,private_random
AOI-0044,2014-08-26,238,зерновые,0.2118586572964181,landsat,0.190460252045636,0.190460252045636,0.18914549224222837,0.1957192912592665,0.18914549224222837,0.19047566041682187,0,private_random
AOI-0044,2014-09-27,270,зерновые,0.2165005425843506,landsat,0.19629075360377574,0.19629075360377574,0.19207423091605091,0.20753481410437527,0.19207423091605091,0.19274980660446367,0,private_random
AOI-0044,2015-04-14,104,зерновые,0.497375032591372,landsat,0.4193017925434033,0.4193017925434033,0.41761538682607074,0.4350415792385068,0.41761538682607074,0.399738853376539,0,private_random
AOI-0044,2015-04-23,113,зерновые,0.6776300518223211,landsat,0.5916718688216831,0.5916718688216831,0.6135102745027092,0.560936055115045,0.5537580225296255,0.7030389047297161,0,private_random
AOI-0044,2015-04-30,120,зерновые,0.7914209473635998,landsat,0.6855010760945888,0.6855010760945888,0.6867857082311688,0.6717983333044023,0.6867857082311688,0.768896054226477,0,private_random
AOI-0044,2015-09-06,249,зерновые,0.1547475385793455,landsat,0.20598099731502217,0.20598099731502217,0.20446365361956476,0.2140734970241284,0.20446365361956476,0.20229104378720553,0,private_random
AOI-0044,2016-05-03,124,зерновые,0.8263545614325319,landsat,0.7778517647762333,0.7778517647762333,0.7842019068344317,0.7609180526210376,0.7842019068344317,0.7970540991132886,0,private_random
AOI-0044,2016-07-05,187,зерновые,0.3609009040715719,landsat,0.3592570675108509,0.3592570675108509,0.35895333888875564,0.36209186798373966,0.35895333888875564,0.35063328669836386,0,private_random
AOI-0044,2016-07-06,188,зерновые,0.2839399785507662,landsat,0.3556692332828166,0.3556692332828166,0.35524436044635394,0.3585017188592336,0.35524436044635394,0.3464184770388779,0,private_random
AOI-0044,2016-08-28,241,зерновые,0.3136256095962245,modis,0.26801703877582655,0.26801703877582655,0.287565611874125,0.22705194795314285,0.287565611874125,0.2606423347181561,0,private_random
AOI-0044,2016-09-15,259,зерновые,0.2074156878387953,landsat,0.20888793643029827,0.20888793643029827,0.2078814025787163,0.21828225237839657,0.2078814025787163,0.19816565756405638,0,private_random
AOI-0044,2017-06-06,157,зерновые,0.2556577525370971,landsat,0.28638263274665066,0.28638263274665066,0.286488088865059,0.285538983799384,0.286488088865059,0.299639901467407,0,private_random
AOI-0044,2017-06-22,173,зерновые,0.2756707950237587,landsat,0.29148681935200943,0.29148681935200943,0.2928266690357735,0.2879138868619718,0.2928266690357735,0.2943011889732906,0,private_random
AOI-0044,2017-07-16,197,зерновые,0.179518240568392,landsat,0.23145269274780925,0.23145269274780925,0.23113502062075617,0.23357050692816297,0.23113502062075617,0.22657161054931416,0,private_random
AOI-0044,2017-07-24,205,зерновые,0.2193513391151685,landsat,0.19541640111330244,0.19541640111330244,0.20628313393955552,0.20872405848516604,0.20628313393955552,0.20121503519579648,0,private_random
AOI-0044,2017-08-01,213,зерновые,0.1556684823069604,s2,0.15448462770025134,0.15448462770025134,0.14256690366846933,0.20481950214845412,0.14256690366846933,0.15703223472275266,0,private_random
AOI-0044,2017-08-11,223,зерновые,0.1555989135867161,s2,0.14059777416450855,0.14059777416450855,0.13381419592038193,0.19486640011752146,0.13381419592038193,0.1355177314649601,0,private_random
AOI-0044,2017-09-11,254,зерновые,0.1504184408548743,landsat,0.18980980283979312,0.18980980283979312,0.20455086320962626,0.20590132487789403,0.20455086320962626,0.19191042853591891,0,private_random
AOI-0044,2017-09-18,261,зерновые,0.1638952443333775,landsat,0.1708493824042825,0.1708493824042825,0.15783720976018129,0.21062328327303134,0.20861720688213292,0.1685324879665065,0,private_random
AOI-0044,2018-06-02,153,зерновые,0.7949935096966505,s2,0.7406390383800309,0.7406390383800309,0.7403307387784174,0.7443386335993928,0.7403307387784174,0.7495215504419828,0,private_random
AOI-0044,2018-08-05,217,зерновые,0.2697827799343893,landsat,0.22827911825581249,0.22827911825581249,0.22760254376748698,0.23278961484464902,0.22760254376748698,0.22676751143408988,0,private_random
AOI-0044,2018-08-13,225,зерновые,0.2629396893025695,modis,0.29160895290841127,0.29160895290841127,0.29488629168898683,0.2260621772968999,0.29488629168898683,0.2859587644093886,0,private_random
AOI-0044,2018-09-05,248,зерновые,0.1660569316017812,landsat,0.18198499393785797,0.18198499393785797,0.19984399646504078,0.21007976060393532,0.19984399646504078,0.182975994660275,0,private_random
AOI-0044,2018-09-14,257,зерновые,0.2505141714735187,modis,0.26146308472309876,0.26146308472309876,0.2772102247728267,0.21155984417797705,0.2772102247728267,0.25504654986537767,0,private_random
AOI-0044,2018-10-07,280,зерновые,0.1458207452638129,landsat,0.17768406402684758,0.17768406402684758,0.17579322453981883,0.2003741378711924,0.17579322453981883,0.17579762797230794,0,private_random
AOI-0044,2019-06-13,164,зерновые,0.4286389034265773,landsat,0.49923063828982617,0.49923063828982617,0.5013145613713244,0.49089494596383343,0.5013145613713244,0.5359120709653848,0,private_random
AOI-0044,2019-07-14,195,зерновые,0.189058242325937,landsat,0.17912521613432,0.17912521613432,0.1858466082816578,0.1880723681584702,0.1858466082816578,0.16579531964862115,0,private_random
AOI-0044,2019-07-22,203,зерновые,0.1398886811131503,s2,0.16972501116584954,0.16972501116584954,0.16518916291407168,0.22415519018718386,0.16518916291407168,0.14019220461531232,0,private_random
AOI-0044,2019-08-15,227,зерновые,0.4146664023434667,landsat,0.3806871401355716,0.3806871401355716,0.3811986789784993,0.3745486740204392,0.3811986789784993,0.3938153311525324,0,private_random
AOI-0044,2019-08-23,235,зерновые,0.2993673789326809,landsat,0.3462104162326893,0.3462104162326893,0.35637798454545355,0.3515930965299609,0.35637798454545355,0.35521202142755026,0,private_random
AOI-0044,2019-10-11,284,зерновые,0.2202861230071554,landsat,0.20200363892823522,0.20200363892823522,0.19854122428281568,0.21585329750991336,0.19854122428281568,0.22019599686629945,0,private_random
AOI-0044,2019-10-16,289,зерновые,0.2733879719454641,modis,0.26030011453023677,0.26030011453023677,0.2911407441210366,0.212174312316551,0.2911407441210366,0.2506857299240388,0,private_random
AOI-0044,2019-10-20,293,зерновые,0.1538051203711677,s2,0.14313712800294487,0.14313712800294487,0.13763775188034946,0.20179713997729587,0.13763775188034946,0.15083023656379546,0,private_random
AOI-0044,2019-10-26,299,зерновые,0.1796611768842473,landsat,0.165679482559157,0.165679482559157,0.16853687220022012,0.18872785296854477,0.16853687220022012,0.1403066704534274,0,private_random
AOI-0044,2020-04-03,94,зерновые,0.1990291691683025,landsat,0.2365329779224078,0.2365329779224078,0.24335483374651076,0.2745753335699629,0.24335483374651076,0.250105709286548,0,private_random
AOI-0044,2020-05-02,123,зерновые,0.1823957641237176,s2,0.21507001106291143,0.21507001106291143,0.18337323943359599,0.29959473540775255,0.18337323943359599,0.19751214411825618,0,private_random
AOI-0044,2020-06-09,161,зерновые,0.3458632931305716,modis,0.21859684044851663,0.21859684044851663,0.17036802628763847,0.24968337394783702,0.3233591067824022,0.2237283850946587,0,private_random
AOI-0044,2020-06-16,168,зерновые,0.1478814500432366,s2,0.17735391435937975,0.17735391435937975,0.16534283764877314,0.24141299014928178,0.16534283764877314,0.18033298803504677,0,private_random
AOI-0044,2020-07-26,208,зерновые,0.1411708447161041,s2,0.0966178996154927,0.0966178996154927,0.08893305355101427,0.15809666813132014,0.08893305355101427,0.08140459642438674,0,private_random
AOI-0044,2020-08-17,230,зерновые,0.1892477861673833,landsat,0.17605089547637698,0.17605089547637698,0.1845735361252496,0.1901568022039378,0.1845735361252496,0.17737562908755353,0,private_random
AOI-0044,2020-09-03,247,зерновые,0.1430495650879168,landsat,0.19466616786876795,0.19466616786876795,0.1942470794724268,0.19690130598258748,0.1942470794724268,0.19219477701877818,0,private_random
AOI-0044,2020-09-18,262,зерновые,0.175335310479776,landsat,0.16861754713384297,0.16861754713384297,0.1676835061191264,0.17733526327119745,0.1676835061191264,0.17200858772809563,0,private_random
AOI-0044,2020-09-24,268,зерновые,0.1124740335158876,s2,0.13694479811648702,0.13694479811648702,0.12131801943234666,0.17776249696583765,0.12131801943234666,0.13528224513923476,0,private_random
AOI-0044,2021-04-02,92,зерновые,0.1881713404986391,s2,0.10281689565563498,0.10281689565563498,0.09473622442378263,0.16746226551045387,0.09473622442378263,0.11566292087942799,0,private_random
AOI-0044,2021-05-16,136,зерновые,0.7498337223453313,landsat,0.6725247021802074,0.6725247021802074,0.6728690652453629,0.669769797658963,0.6728690652453629,0.7260073268531875,0,private_random
AOI-0044,2021-07-04,185,зерновые,0.3312212407367867,landsat,0.4020276639789105,0.4020276639789105,0.404475652242546,0.3922357109243684,0.404475652242546,0.3889039220537798,0,private_random
AOI-0044,2021-08-13,225,зерновые,0.2849167671735713,modis,0.26715350372768276,0.26715350372768276,0.29151525919329313,0.21518175873438058,0.29151525919329313,0.26626163840592154,0,private_random
AOI-0044,2021-08-28,240,зерновые,0.1926607744739378,landsat,0.18024659089382145,0.18024659089382145,0.1617400553343355,0.2142084024477089,0.21493805431081675,0.17115414288081632,0,private_random
AOI-0044,2021-09-14,257,зерновые,0.1525037866837445,s2,0.18218217806497805,0.18218217806497805,0.14085306471310136,0.19603973282395729,0.14085306471310136,0.1812239022525599,0,private_random
AOI-0044,2022-04-02,92,зерновые,0.3749712343118416,s2,0.35983053750216976,0.35983053750216976,0.3439499616941374,0.4021787396569226,0.3439499616941374,0.3981096689594313,0,private_random
AOI-0044,2022-04-07,97,зерновые,0.4032252957387834,s2,0.40468012657875874,0.40468012657875874,0.3842090051988024,0.4389444908728664,0.3842090051988024,0.4184890042906752,0,private_random
AOI-0044,2022-06-04,155,зерновые,0.5723105583422525,landsat,0.7408125202759019,0.7408125202759019,0.7352545447767509,0.7372307422758713,0.7616086012729419,0.7455851480712161,0,private_random
AOI-0044,2022-06-21,172,зерновые,0.3517035532230863,s2,0.4291089344889285,0.4291089344889285,0.4155973856931274,0.4600469347926784,0.4155973856931274,0.4762894397360909,0,private_random
AOI-0044,2022-06-26,177,зерновые,0.2473328919769271,modis,0.4212188816152181,0.4212188816152181,0.4328189197808239,0.38705410394532386,0.4328189197808239,0.3625994335901558,0,private_random
AOI-0044,2022-06-28,179,зерновые,0.3153109021004966,landsat,0.36382802767146494,0.36382802767146494,0.36836917243747164,0.357773167983456,0.36836917243747164,0.35596726687272906,0,private_random
AOI-0044,2022-07-12,193,зерновые,0.1940542356801037,landsat,0.23245487827702613,0.23245487827702613,0.21458232927795692,0.21693482606461623,0.21458232927795692,0.20334373778467757,0,private_random
AOI-0044,2022-08-31,243,зерновые,0.236324026661373,landsat,0.21739744937004832,0.21739744937004832,0.22210115578191816,0.22470604477539355,0.22210115578191816,0.2200628632586769,0,private_random
AOI-0044,2023-04-23,113,зерновые,0.3304680060304142,modis,0.39650206829848034,0.39650206829848034,0.40172642845949685,0.2920148650781492,0.40172642845949685,0.39801815206930374,0,private_random
AOI-0044,2023-06-10,161,зерновые,0.2881901481384374,modis,0.3175031243706356,0.3175031243706356,0.32048063729211296,0.24604281425517815,0.32048063729211296,0.29205400087375594,0,private_random
AOI-0044,2023-06-15,166,зерновые,0.2539398590495673,landsat,0.22472179541802492,0.22472179541802492,0.22529315239103953,0.22015093963390808,0.22529315239103953,0.2229715303887589,0,private_random
AOI-0044,2023-07-27,208,зерновые,0.1596194787123468,landsat,0.19257365871548987,0.19257365871548987,0.20034798903468995,0.19990931383697194,0.20034798903468995,0.19152998788760617,0,private_random
AOI-0044,2023-08-11,223,зерновые,0.1993023719225366,landsat,0.18342566667823407,0.18342566667823407,0.191735459886581,0.19540275471544608,0.191735459886581,0.18885796763361654,0,private_random
AOI-0044,2023-08-20,232,зерновые,0.1434568438864678,s2,0.124559179480354,0.124559179480354,0.11931634677605506,0.18747317193194135,0.11931634677605506,0.12936086801905652,0,private_random
AOI-0044,2023-09-14,257,зерновые,0.1211314335743044,s2,0.20680006868700768,0.20680006868700768,0.15619177720334504,0.2090446876723686,0.15619177720334504,0.20482094879339385,0,private_random
AOI-0044,2023-09-24,267,зерновые,0.1516462042128357,s2,0.17691764683210387,0.17691764683210387,0.15740603549799131,0.21106013954127803,0.15740603549799131,0.17344481659746372,0,private_random
AOI-0044,2023-09-28,271,зерновые,0.1938016947532962,landsat,0.2047685520857403,0.2047685520857403,0.2017845806146534,0.22068306659820372,0.2017845806146534,0.20070551683745147,0,private_random
AOI-0044,2024-04-26,117,зерновые,0.7466102732678249,s2,0.848680627116304,0.848680627116304,0.8464332191049635,0.8546737151465454,0.8464332191049635,0.8740849905807861,0,private_random
AOI-0044,2024-05-01,122,зерновые,0.8623589890281325,s2,0.8467623532356021,0.8467623532356021,0.8464445714501502,0.8476097713301405,0.8464445714501502,0.8786891745098289,0,private_random
AOI-0044,2024-06-17,169,зерновые,0.3960677946033713,landsat,0.3493023312590177,0.3493023312590177,0.35733290720846944,0.3451601804268309,0.35733290720846944,0.34323701773093196,0,private_random
AOI-0044,2024-07-04,186,зерновые,0.2154783340987422,landsat,0.20521125879644148,0.20521125879644148,0.20516426628979717,0.2053365721474929,0.20516426628979717,0.19922043602725487,0,private_random
AOI-0044,2024-07-25,207,зерновые,0.1030027392799989,s2,0.13519165606935724,0.13519165606935724,0.11173165802517866,0.18158648976576353,0.11173165802517866,0.1356065283195324,0,private_random
AOI-0044,2024-07-30,212,зерновые,0.08491652458494,s2,0.11946095242499129,0.11946095242499129,0.11244020676412045,0.18498791192645234,0.11244020676412045,0.11797216102070342,0,private_random
AOI-0044,2024-08-28,241,зерновые,0.1777529097399184,landsat,0.19746910174860494,0.19746910174860494,0.17731370060446228,0.17748630101270316,0.17731370060446228,0.1990964633975181,0,private_random
AOI-0044,2024-09-05,249,зерновые,0.1775400278848591,landsat,0.184038379811228,0.184038379811228,0.18392731254489936,0.18448264887654264,0.18392731254489936,0.18287080230007902,0,private_random
AOI-0044,2024-10-07,281,зерновые,0.18930915631752,landsat,0.17066087368910512,0.17066087368910512,0.1683398845126956,0.18922878710038105,0.1683398845126956,0.170501389580845,0,private_random
AOI-0044,2025-04-18,108,зерновые,0.176103953007012,s2,0.18493958806840474,0.18493958806840474,0.1834070676080964,0.26054393077694976,0.1834070676080964,0.18316013209243515,0,private_random
AOI-0044,2025-05-03,123,зерновые,0.2239262462810147,landsat,0.24687000455819233,0.24687000455819233,0.2451686092908825,0.28997201799670735,0.2451686092908825,0.2550594565826094,0,private_random
AOI-0044,2025-05-06,126,зерновые,0.1464311201311708,s2,0.16060410856696986,0.16060410856696986,0.15755410761417912,0.2866708146156536,0.15755410761417912,0.16474486690673434,0,private_random
AOI-0044,2025-05-27,147,зерновые,0.218624219770043,landsat,0.23569324311773696,0.23569324311773696,0.2344747956261799,0.26980977288133495,0.2344747956261799,0.2404552863058494,0,private_random
AOI-0044,2025-07-30,211,зерновые,0.1397404707009186,s2,0.14540276654987733,0.14540276654987733,0.1446441218846101,0.20811739221196757,0.1446441218846101,0.14665071709508304,0,private_random
AOI-0044,2025-08-24,236,зерновые,0.1410834476611633,s2,0.14180975935073206,0.14180975935073206,0.13975104952386766,0.2076884738103921,0.13975104952386766,0.14197156166002112,0,private_random
AOI-0044,2025-09-08,251,зерновые,0.1281137772603557,s2,0.14590515832436765,0.14590515832436765,0.14136710402922742,0.1945274762816883,0.14136710402922742,0.14484196468785007,0,private_random
AOI-0044,2025-09-25,268,зерновые,0.19108394042976,landsat,0.15654681612315324,0.15654681612315324,0.1509643925113489,0.2050447558406013,0.19976674845895798,0.1536086033397951,0,private_random
AOI-0044,2025-09-30,273,зерновые,0.2223337113266911,modis,0.28389515775349045,0.28389515775349045,0.292724771989613,0.21692802034876327,0.292724771989613,0.2809152167345316,0,private_random
AOI-0044,2025-10-18,291,зерновые,0.1225219394071212,s2,0.17233039782962598,0.17233039782962598,0.1710159211031982,0.221404195616262,0.1710159211031982,0.16871989677997376,0,private_random
AOI-0044,2025-10-23,296,зерновые,0.1887799993117573,s2,0.18488042364795135,0.18488042364795135,0.18147271052216893,0.2303165986583835,0.18147271052216893,0.17808288359160282,0,private_random
AOI-0045,2025-04-07,97,зерновые,0.2828883803457688,modis,0.3646028790985737,0.3646028790985737,0.3755771783845911,0.2641341655949346,0.3755771783845911,0.37659073954883543,0,private_random
AOI-0045,2025-04-18,108,зерновые,0.1728519653289394,s2,0.1870425682481076,0.1870425682481076,0.18548061466154805,0.2640989451850451,0.18548061466154805,0.19555631661245534,0,private_random
AOI-0045,2025-05-31,151,зерновые,0.141236165069484,s2,0.17412870203084557,0.17412870203084557,0.16898487261694697,0.24271309421616002,0.16898487261694697,0.183429645283157,0,private_random
AOI-0045,2025-07-22,203,зерновые,0.1953942229264784,landsat,0.19295059647602017,0.19295059647602017,0.2120224175607663,0.2067530667433012,0.2120224175607663,0.19152444339037217,0,private_random
AOI-0045,2025-07-25,206,зерновые,0.1335930465753912,s2,0.15159375366194106,0.15159375366194106,0.15030760950939115,0.20646923750407045,0.15030760950939115,0.14992936607962923,0,private_random
AOI-0045,2025-09-14,257,зерновые,0.2201628662420382,modis,0.23931823573101174,0.23931823573101174,0.2500566217254939,0.1951188430003433,0.2500566217254939,0.24486137021796517,0,private_random
AOI-0045,2025-09-16,259,зерновые,0.1814850301344193,landsat,0.15534899276544598,0.15534899276544598,0.1414053900623288,0.19647682878124098,0.19564323048309484,0.15480149821758646,0,private_random
AOI-0045,2025-09-25,268,зерновые,0.1909459409415148,landsat,0.1588814037335323,0.1588814037335323,0.15312431210472094,0.20645730083139982,0.20436845023875705,0.1566875038785843,0,private_random
AOI-0045,2025-10-16,289,зерновые,0.2379063512283894,modis,0.22425240348470948,0.22425240348470948,0.16481967282427462,0.22480002033917112,0.3026214654283142,0.23169755375392592,0,private_random
AOI-0045,2025-10-27,300,зерновые,0.2240217614734778,landsat,0.24832379378847994,0.24832379378847994,0.24836745336683305,0.24721775113686673,0.24836745336683305,0.26168215132826483,0,private_random
AOI-0046,2010-05-02,122,зерновые,0.1799637054918998,landsat,0.27745473525970227,0.27745473525970227,0.274609177935695,0.29642511741975053,0.274609177935695,0.2812544857370677,0,private_random
AOI-0046,2010-06-28,179,зерновые,0.2038302843773676,landsat,0.21941657451125862,0.21941657451125862,0.21843489183558984,0.22334330521393375,0.21843489183558984,0.2294837781264965,0,private_random
AOI-0046,2010-08-06,218,зерновые,0.4088617658575646,landsat,0.46796537699799057,0.46796537699799057,0.4683721590624391,0.46525349656833287,0.4683721590624391,0.4714771393957972,0,private_random
AOI-0046,2010-08-22,234,зерновые,0.5299957914101029,landsat,0.49158247823413254,0.49158247823413254,0.4921005023038494,0.48674758691677517,0.4921005023038494,0.4848944121291886,0,private_random
AOI-0046,2010-10-16,289,зерновые,0.3306940052396363,modis,0.273860599773444,0.273860599773444,0.2402725687455024,0.2535516782186257,0.31442287682910786,0.2671063269975349,0,private_random
AOI-0046,2011-04-28,118,зерновые,0.1874599563145112,landsat,0.22622385186105992,0.22622385186105992,0.22279236848725661,0.24910040768641498,0.22279236848725661,0.24249921135114305,0,private_random
AOI-0046,2011-06-26,177,зерновые,0.4587857759284943,modis,0.3216288378238177,0.3216288378238177,0.3252274477920169,0.25445478508409963,0.3252274477920169,0.33073277494096376,0,private_random
AOI-0046,2011-06-30,181,зерновые,0.243062535326781,landsat,0.27237535447848615,0.27237535447848615,0.27108326834049173,0.2758209175131378,0.27108326834049173,0.2593844394550789,0,private_random
AOI-0046,2011-08-18,230,зерновые,0.1547915925124473,landsat,0.1984026796221438,0.1984026796221438,0.1970450522677617,0.2020230192338294,0.1970450522677617,0.1990995549810202,0,private_random
AOI-0046,2011-08-25,237,зерновые,0.1369953634289581,landsat,0.163245341416152,0.163245341416152,0.12470222574390909,0.18878899006694586,0.18263072060029947,0.16542651675286496,0,private_random
AOI-0046,2012-08-28,241,зерновые,0.4490730403034011,landsat,0.4231730576520127,0.4231730576520127,0.43302183936010274,0.40240064631663075,0.40737032136121676,0.40953883448711514,0,private_random
AOI-0046,2012-09-20,264,зерновые,0.3732178554164159,landsat,0.41383575983010384,0.41383575983010384,0.4139949726759083,0.4125620570636683,0.4139949726759083,0.40483324394797526,0,private_random
AOI-0046,2013-04-16,106,зерновые,0.194348782235323,landsat,0.2256139038034149,0.2256139038034149,0.22281014504964758,0.25178231883857616,0.22281014504964758,0.21337107934169053,0,private_random
AOI-0046,2013-05-25,145,зерновые,0.6605315456927107,modis,0.5401057247238027,0.5401057247238027,0.5638283714955608,0.4850119283301721,0.5638283714955608,0.5744936063804534,0,private_random
AOI-0046,2013-08-06,218,зерновые,0.3128478310621366,landsat,0.3053528885351461,0.3053528885351461,0.3052550165294954,0.3065273526029542,0.3052550165294954,0.29535090729264685,0,private_random
AOI-0046,2013-09-14,257,зерновые,0.3884690399137002,modis,0.39746889513249595,0.39746889513249595,0.40093423648358456,0.36050525405421757,0.40093423648358456,0.42165771946996733,0,private_random
AOI-0046,2014-08-02,214,зерновые,0.1528017845461737,landsat,0.20397437311716557,0.20397437311716557,0.20337609174360857,0.2063674986113936,0.20337609174360857,0.20089489315034764,0,private_random
AOI-0046,2014-08-09,221,зерновые,0.144065686471176,landsat,0.19358899154438675,0.19358899154438675,0.19298066622104962,0.19683339326885138,0.19298066622104962,0.18909448476838087,0,private_random
AOI-0046,2014-08-26,238,зерновые,0.1998150323467257,landsat,0.17482745850700598,0.17482745850700598,0.17393396649458437,0.1784014265566923,0.17393396649458437,0.17393509865184897,0,private_random
AOI-0046,2014-09-27,270,зерновые,0.2107398792669643,landsat,0.1762697143624603,0.1762697143624603,0.17110832966209594,0.19003340689676526,0.17110832966209594,0.18010006612672333,0,private_random
AOI-0046,2014-10-16,289,зерновые,0.2082485128679303,modis,0.26472963422344686,0.26472963422344686,0.26938619772295297,0.19022461823134895,0.26938619772295297,0.26056351242144965,0,private_random
AOI-0046,2014-10-29,302,зерновые,0.1957686561428658,landsat,0.14924423191217923,0.14924423191217923,0.1458441423546693,0.16284459014221897,0.1458441423546693,0.14504099944881224,0,private_random
AOI-0046,2015-06-02,153,зерновые,0.2338085278830221,landsat,0.36989893808928614,0.36989893808928614,0.3705283724193877,0.3665419549954114,0.3705283724193877,0.388556371425901,0,private_random
AOI-0046,2015-06-09,160,зерновые,0.2672592359988375,landsat,0.4400393739878735,0.4400393739878735,0.44084088275966177,0.43255862545118245,0.44084088275966177,0.4384500602840743,0,private_random
AOI-0046,2015-07-20,201,зерновые,0.2759299765019551,landsat,0.2836186499338387,0.2836186499338387,0.28286843783864746,0.28661949831460365,0.28286843783864746,0.2795654959695814,0,private_random
AOI-0046,2015-08-04,216,зерновые,0.245367921758252,landsat,0.21529665381324448,0.21529665381324448,0.21464293690991737,0.22139801157763053,0.21464293690991737,0.21261238448774664,0,private_random
AOI-0046,2015-10-07,280,зерновые,0.1959020273518017,landsat,0.17880775213506134,0.17880775213506134,0.17647289693616428,0.2005997339914337,0.17647289693616428,0.17157879796393602,0,private_random
AOI-0046,2016-05-26,147,зерновые,0.6796791466458482,landsat,0.7037923287688672,0.7037923287688672,0.7087290061918468,0.6906278556409214,0.7087290061918468,0.7758492168565404,0,private_random
AOI-0046,2016-06-19,171,зерновые,0.5800633785689943,landsat,0.45758768510915454,0.45758768510915454,0.45824844658149655,0.4540636239233304,0.45824844658149655,0.47709342385977915,0,private_random
AOI-0046,2016-06-27,179,зерновые,0.3265102746183155,landsat,0.35064124613692077,0.35064124613692077,0.3510681305003382,0.3466569920783578,0.3510681305003382,0.3720646268769331,0,private_random
AOI-0046,2016-07-05,187,зерновые,0.2964507302698337,landsat,0.2705096429499574,0.2705096429499574,0.2701555284890806,0.27381471125147366,0.2701555284890806,0.2864701493009047,0,private_random
AOI-0046,2016-08-23,236,зерновые,0.2755420073977681,landsat,0.2776096927680146,0.2776096927680146,0.277363608940645,0.27925025161714506,0.277363608940645,0.27854770430040665,0,private_random
AOI-0046,2017-06-07,158,зерновые,0.6619747234367492,landsat,0.6904505581734257,0.6904505581734257,0.69488189041038,0.6786336722082141,0.69488189041038,0.7243773921755766,0,private_random
AOI-0046,2017-06-22,173,зерновые,0.634550241885972,landsat,0.4960037876075637,0.4960037876075637,0.4983043882411171,0.4898688525847544,0.4983043882411171,0.5310768238548144,0,private_random
AOI-0046,2017-06-30,181,зерновые,0.3791711647834677,landsat,0.37414182136426904,0.37414182136426904,0.36831392894352694,0.39976824641084563,0.3957172495245313,0.4162824194870842,0,private_random
AOI-0046,2017-07-28,209,зерновые,0.248511049468331,modis,0.25718272830832956,0.25718272830832956,0.26034400651544254,0.1981722017755547,0.26034400651544254,0.24985594135973252,0,private_random
AOI-0046,2017-08-02,214,зерновые,0.203646964235624,landsat,0.19714623560413466,0.19714623560413466,0.19554403692904263,0.20141876540438006,0.19554403692904263,0.1938557312313126,0,private_random
AOI-0046,2017-09-03,246,зерновые,0.2285655829316823,landsat,0.1880021743887997,0.1880021743887997,0.16838565867423336,0.21540083059162338,0.2007690260526602,0.18947241123861874,0,private_random
AOI-0046,2017-09-20,263,зерновые,0.2985632650733005,s2,0.2871554371577165,0.2871554371577165,0.28348882811025267,0.32137712160071247,0.28348882811025267,0.28498793517556253,0,private_random
AOI-0046,2018-04-07,97,зерновые,0.1575554736512306,landsat,0.2836710041917447,0.2836710041917447,0.3428139578954734,0.22569723434992336,0.18590975300130622,0.2847357629762609,0,private_random
AOI-0046,2018-04-30,120,зерновые,0.1968055606565146,landsat,0.24417279439382214,0.24417279439382214,0.2401778105858897,0.28678595501176835,0.2401778105858897,0.24810259821514355,0,private_random
AOI-0046,2018-05-25,145,зерновые,0.1975797687511052,landsat,0.4037925171450078,0.4037925171450078,0.45612059392280785,0.28890597395551676,0.2406445380904473,0.4114846676755298,0,private_random
AOI-0046,2018-06-18,169,зерновые,0.2106161383400364,landsat,0.16739683466602553,0.16739683466602553,0.19630748190879546,0.19710310897659913,0.19630748190879546,0.1619044535717463,0,private_random
AOI-0046,2018-07-12,193,зерновые,0.1667996523436246,landsat,0.24392869821789265,0.24392869821789265,0.26846750466553365,0.19524632682147866,0.19066247387328686,0.24086195588193646,0,private_random
AOI-0046,2018-10-16,289,зерновые,0.1417469300120601,landsat,0.24828119308110475,0.24828119308110475,0.26658308161321065,0.19617195150004232,0.1758996903265427,0.19553629145565793,0,private_random
AOI-0046,2019-04-10,100,зерновые,0.2429911897564953,landsat,0.29731543647888925,0.29731543647888925,0.3016462545678965,0.32716646538149446,0.3016462545678965,0.2755129944521682,0,private_random
AOI-0046,2019-05-20,140,зерновые,0.7778385752941943,landsat,0.7606489819748102,0.7606489819748102,0.7739231750884823,0.7591583793679387,0.7739231750884823,0.7839964450577473,0,private_random
AOI-0046,2019-06-02,153,зерновые,0.7586597242655356,s2,0.7022956376453713,0.7022956376453713,0.6943230058977863,0.7001938930635618,0.6943230058977863,0.7342552347671141,0,private_random
AOI-0046,2019-06-04,155,зерновые,0.7516530505406561,landsat,0.6929810865906267,0.6929810865906267,0.7043663288285218,0.6835475094399296,0.7043663288285218,0.712864980316673,0,private_random
AOI-0046,2019-06-27,178,зерновые,0.3070917159673141,s2,0.319122109590572,0.319122109590572,0.29594042135687865,0.3491640008419014,0.29594042135687865,0.32657017448189773,0,private_random
AOI-0046,2019-07-07,188,зерновые,0.1685741953808331,s2,0.1825100854251076,0.1825100854251076,0.1784556571995523,0.23656912843251124,0.1784556571995523,0.19374172810942886,0,private_random
AOI-0046,2019-08-06,218,зерновые,0.1730734603517187,s2,0.2042976921764588,0.2042976921764588,0.18464856267388802,0.24552588459448244,0.18464856267388802,0.21604229883169626,0,private_random
AOI-0046,2019-08-13,225,зерновые,0.3435454153182309,modis,0.2769893664400302,0.2769893664400302,0.31362163827552797,0.2486351748835635,0.31362163827552797,0.2785772106414663,0,private_random
AOI-0046,2019-08-16,228,зерновые,0.2027901267029531,s2,0.19690169635599256,0.19690169635599256,0.18728929271144343,0.24816784912692139,0.18728929271144343,0.2014155524204604,0,private_random
AOI-0046,2019-10-11,284,зерновые,0.3015027363755064,landsat,0.3428711733127657,0.3428711733127657,0.341222716072072,0.34946500227554056,0.341222716072072,0.3242686746570983,0,private_random
AOI-0046,2020-04-03,94,зерновые,0.8370231619016685,landsat,0.7783566775335535,0.7783566775335535,0.7831576150447764,0.7801516333602084,0.7831576150447764,0.8240055418654767,0,private_random
AOI-0046,2020-04-17,108,зерновые,0.7965686838473393,s2,0.7365659134892375,0.7365659134892375,0.7309174867180078,0.7466534620264463,0.7309174867180078,0.7149510541054525,0,private_random
AOI-0046,2020-05-13,134,зерновые,0.828838849699529,landsat,0.8172356948376431,0.8172356948376431,0.8184035392575465,0.8078929394784161,0.8184035392575465,0.8363052294472046,0,private_random
AOI-0046,2020-05-29,150,зерновые,0.859882177970765,landsat,0.7926941225388272,0.7926941225388272,0.8000710423301265,0.769481738812218,0.8000710423301265,0.8065144680297062,0,private_random
AOI-0046,2020-08-10,223,зерновые,0.1168179048161182,s2,0.09809840182323754,0.09809840182323754,0.09285796049531056,0.1609836977583614,0.09285796049531056,0.10223332750286145,0,private_random
AOI-0046,2020-08-17,230,зерновые,0.1804593413974013,landsat,0.1500232090261754,0.1500232090261754,0.15884399014975942,0.16565278637219516,0.15884399014975942,0.1508907364183019,0,private_random
AOI-0046,2020-09-02,246,зерновые,0.1733336807690325,landsat,0.12919642384227717,0.12919642384227717,0.11315105546594255,0.1706016696754112,0.16698121751299755,0.1323434378790514,0,private_random
AOI-0046,2020-09-29,273,зерновые,0.1328044078826477,s2,0.23568743765716632,0.23568743765716632,0.267506395706793,0.18725367406350932,0.13112636570694933,0.23327615455700165,0,private_random
AOI-0046,2020-10-09,283,зерновые,0.1368124137276833,s2,0.12284855902693581,0.12284855902693581,0.11889818693356603,0.1755201869385327,0.11889818693356603,0.11804274064312438,0,private_random
AOI-0046,2021-04-02,92,зерновые,0.180566393569703,s2,0.12373835234573285,0.12373835234573285,0.11513361573266781,0.19257624525025316,0.11513361573266781,0.16307881801076277,0,private_random
AOI-0046,2021-04-07,97,зерновые,0.3178642317768532,modis,0.32075480248992017,0.32075480248992017,0.3274486355406765,0.204728362943478,0.3274486355406765,0.38277509722839065,0,private_random
AOI-0046,2021-06-09,160,зерновые,0.8593551917113815,landsat,0.7727753958638617,0.7727753958638617,0.77236362015841,0.7620081133080117,0.7792837810550155,0.8148461912261261,0,private_random
AOI-0046,2021-07-19,200,зерновые,0.3058580494335561,landsat,0.24427825419200344,0.24427825419200344,0.230958431436913,0.28315695290919096,0.28963794457096487,0.23588882822875537,0,private_random
AOI-0046,2021-09-14,257,зерновые,0.5765398094529519,s2,0.4493563460213128,0.4493563460213128,0.44336560292345867,0.4580842623585875,0.44336560292345867,0.4865077270341243,0,private_random
AOI-0046,2021-10-14,287,зерновые,0.5971389407569494,s2,0.6059091065922678,0.6059091065922678,0.600566256262595,0.5994985889022854,0.600566256262595,0.568151588763773,0,private_random
AOI-0046,2022-04-02,92,зерновые,0.1789630245298844,s2,0.18886223138463956,0.18886223138463956,0.1659310476302165,0.2500120547297678,0.1659310476302165,0.15811100485886473,0,private_random
AOI-0046,2022-05-12,132,зерновые,0.2130719830953566,s2,0.22524674037907016,0.22524674037907016,0.21454894902547186,0.325092793012654,0.21454894902547186,0.23918202993668064,0,private_random
AOI-0046,2022-05-25,145,зерновые,0.4102127908768687,modis,0.3918823384540595,0.3918823384540595,0.484796388653622,0.3215065800317193,0.484796388653622,0.39645358590584706,0,private_random
AOI-0046,2022-06-29,180,зерновые,0.2323250905064181,landsat,0.18028718531053828,0.18028718531053828,0.15680450166643592,0.2154510756361404,0.21728143232108219,0.18417652048518077,0,private_random
AOI-0046,2022-08-07,219,зерновые,0.2192571258511721,landsat,0.20314745491779368,0.20314745491779368,0.2088943045822835,0.2123591075172233,0.2088943045822835,0.20534350507109148,0,private_random
AOI-0046,2022-08-15,227,зерновые,0.1548702792834575,s2,0.15986776323712615,0.15986776323712615,0.14664704629771735,0.20723272363459452,0.14664704629771735,0.16167127690259792,0,private_random
AOI-0046,2022-08-25,237,зерновые,0.1648246867320744,s2,0.16029292220694027,0.16029292220694027,0.1406086579723211,0.20138900831099246,0.1406086579723211,0.15766540945407215,0,private_random
AOI-0046,2022-08-31,243,зерновые,0.2017075655529497,landsat,0.18378600773180287,0.18378600773180287,0.18833716140181941,0.1940645334417118,0.18833716140181941,0.18458423319005351,0,private_random
AOI-0046,2023-04-04,94,зерновые,0.5898381464752864,landsat,0.6388745146591566,0.6388745146591566,0.6385277328053668,0.6416487694894747,0.6385277328053668,0.6149013958911697,0,private_random
AOI-0046,2023-05-17,137,зерновые,0.835037043911409,s2,0.8319767769787084,0.8319767769787084,0.8311557119019685,0.8385452975926276,0.8311557119019685,0.849497133558837,0,private_random
AOI-0046,2023-06-26,177,зерновые,0.3938649097962849,s2,0.46387642951540714,0.46387642951540714,0.4353175452792696,0.4770473088052685,0.4353175452792696,0.41348224954906365,0,private_random
AOI-0046,2023-07-27,208,зерновые,0.1965757309352692,landsat,0.21867059354856933,0.21867059354856933,0.22689200999005132,0.22178894438536545,0.22689200999005132,0.22547525491364742,0,private_random
AOI-0046,2023-08-20,232,зерновые,0.1483145645761741,s2,0.13862183348881504,0.13862183348881504,0.13345797540705168,0.20058813046997548,0.13345797540705168,0.13535482121542752,0,private_random
AOI-0046,2023-09-14,257,зерновые,0.1834947734142908,s2,0.21807309626259544,0.21807309626259544,0.16854571007473795,0.22077986953946907,0.16854571007473795,0.21291310989792028,0,private_random
AOI-0046,2023-09-20,263,зерновые,0.20273702672751,landsat,0.1943375022530855,0.1943375022530855,0.2119052377797074,0.21281668083006725,0.2119052377797074,0.19432856571354915,0,private_random
AOI-0046,2023-09-28,271,зерновые,0.199928764559959,landsat,0.19394182062439316,0.19394182062439316,0.19148446443901862,0.20704772027972407,0.19148446443901862,0.18992921342190153,0,private_random
AOI-0046,2023-09-29,272,зерновые,0.1521855572957593,s2,0.16355706076458706,0.16355706076458706,0.1504847268012813,0.20300862506586292,0.1504847268012813,0.16102407282779793,0,private_random
AOI-0046,2024-04-22,113,зерновые,0.9012395740600392,landsat,0.8309011224915471,0.8309011224915471,0.8410053151173223,0.828517753726855,0.8410053151173223,0.8450184250343409,0,private_random
AOI-0046,2024-07-12,194,зерновые,0.1830292013803705,landsat,0.1832902890235407,0.1832902890235407,0.19777020183667457,0.19148899048694945,0.19777020183667457,0.18632383230219102,0,private_random
AOI-0046,2024-07-27,209,зерновые,0.1857136263753811,landsat,0.19576370774228619,0.19576370774228619,0.19027849435928293,0.18554259836898082,0.19027849435928293,0.19173217968486583,0,private_random
AOI-0046,2024-08-24,237,зерновые,0.1440299027080948,s2,0.15490666707685452,0.15490666707685452,0.1492649640441943,0.21508483275856363,0.1492649640441943,0.15607553398317917,0,private_random
AOI-0046,2024-09-14,258,зерновые,0.1913624510206733,landsat,0.18635901914899738,0.18635901914899738,0.2039997964647381,0.20624246789730447,0.2039997964647381,0.18562501873673368,0,private_random
AOI-0046,2024-10-07,281,зерновые,0.1868722514157073,landsat,0.1757853094082515,0.1757853094082515,0.17350406373217875,0.19403527481683344,0.17350406373217875,0.17394395240813043,0,private_random
AOI-0046,2024-10-15,289,зерновые,0.2196551086453999,modis,0.28430060741755014,0.28430060741755014,0.2894860499132085,0.20824745081456086,0.2894860499132085,0.2973249931425666,0,private_random
AOI-0046,2025-04-17,107,зерновые,0.243112753563603,landsat,0.2500582200573891,0.2500582200573891,0.2580549327267012,0.2881223361358896,0.2580549327267012,0.2559293705027848,0,private_random
AOI-0046,2025-04-26,116,зерновые,0.1726478105709188,s2,0.2675531242565821,0.2675531242565821,0.23238980423841746,0.3047437143257446,0.23238980423841746,0.26649724093306665,0,private_random
AOI-0046,2025-05-06,126,зерновые,0.1473943976094516,s2,0.18988205638527478,0.18988205638527478,0.1869820731053407,0.30974803195588335,0.1869820731053407,0.18533961158890988,0,private_random
AOI-0046,2025-06-04,155,зерновые,0.4610625556523531,landsat,0.4514474162218932,0.4514474162218932,0.46645702738907785,0.44969533730585104,0.46645702738907785,0.4499681331088882,0,private_random
AOI-0046,2025-07-25,206,зерновые,0.4742680941742211,s2,0.5031867884141757,0.5031867884141757,0.5030549304484255,0.5088127282861862,0.5030549304484255,0.4915765018624217,0,private_random
AOI-0046,2025-08-14,226,зерновые,0.3833706896553168,s2,0.3667637070520945,0.3667637070520945,0.3556791132193619,0.38901218997538606,0.3556791132193619,0.3905288539521475,0,private_random
AOI-0046,2025-09-01,244,зерновые,0.3139335456529754,landsat,0.2812472138434554,0.2812472138434554,0.27208785474054614,0.3006896154344441,0.30653192319224565,0.2825121602730452,0,private_random
AOI-0046,2025-09-13,256,зерновые,0.1943531664323465,s2,0.20710696119170705,0.20710696119170705,0.20627249185273092,0.24493623789195781,0.20627249185273092,0.2143222925293892,0,private_random
AOI-0046,2025-09-16,259,зерновые,0.228454572789999,landsat,0.20255513520883112,0.20255513520883112,0.19158495369586248,0.23509057408081646,0.23424464359855335,0.20882688278394537,0,private_random
AOI-0046,2025-10-23,296,зерновые,0.2009070940089801,s2,0.18162121885976967,0.18162121885976967,0.17794239306582857,0.23067222944565105,0.17794239306582857,0.17768099624663583,0,private_random
AOI-0047,2025-04-17,107,зерновые,0.8241851239693251,landsat,0.8198476402270337,0.8198476402270337,0.8220439237862958,0.8165485586268404,0.8220439237862958,0.8256486362981685,0,private_random
AOI-0047,2025-04-18,108,зерновые,0.8302427853720903,s2,0.815875668283268,0.815875668283268,0.8157701729735006,0.8210801035651238,0.8157701729735006,0.8194507135499716,0,private_random
AOI-0047,2025-04-26,116,зерновые,0.862007637868954,s2,0.8379683870060748,0.8379683870060748,0.8317888656427502,0.8370405543169063,0.8317888656427502,0.8435773161814879,0,private_random
AOI-0047,2025-06-10,161,зерновые,0.415938152599885,s2,0.508303555485075,0.508303555485075,0.4886391345010055,0.5207626334805652,0.4886391345010055,0.4701779957292154,0,private_random
AOI-0047,2025-07-03,184,зерновые,0.2256614446615466,s2,0.2340001049386235,0.2340001049386235,0.23136962975967457,0.279595008040405,0.23136962975967457,0.23402836079239603,0,private_random
AOI-0047,2025-07-23,204,зерновые,0.1751927465293217,s2,0.19737112899291315,0.19737112899291315,0.18245499306924778,0.23691336713756384,0.18245499306924778,0.20100107083959662,0,private_random
AOI-0047,2025-08-16,228,зерновые,0.1550667839152759,s2,0.15657272000763495,0.15657272000763495,0.15523659342715157,0.22070679587083739,0.15523659342715157,0.15774226380538375,0,private_random
AOI-0047,2025-08-24,236,зерновые,0.1518012431544713,s2,0.16262821185229953,0.16262821185229953,0.16061321947600654,0.22710796789367368,0.16061321947600654,0.16260462222077443,0,private_random
AOI-0047,2025-08-27,239,зерновые,0.1598680243032306,s2,0.15909903856868343,0.15909903856868343,0.15763328594605047,0.22554649079471054,0.15763328594605047,0.15860882920756858,0,private_random
AOI-0047,2025-09-15,258,зерновые,0.1542316256894762,s2,0.166676971932487,0.166676971932487,0.15151932602251736,0.20017882456783964,0.15151932602251736,0.15957210693069376,0,private_random
AOI-0047,2025-09-24,267,зерновые,0.2035152121575708,landsat,0.21579321716526653,0.21579321716526653,0.2243997396795056,0.22135072592633123,0.2243997396795056,0.21333139498466092,0,private_random
AOI-0047,2025-10-18,291,зерновые,0.1432833224815735,s2,0.15392634302727853,0.15392634302727853,0.15231507087435525,0.21408050340308052,0.15231507087435525,0.1155420060615309,0,private_random
AOI-0048,2025-04-16,106,зерновые,0.6768994524356792,s2,0.7105983290813653,0.7105983290813653,0.7049226536844431,0.7256812695415057,0.7049226536844431,0.7038498084189182,0,private_random
AOI-0048,2025-04-26,116,зерновые,0.7749655319563853,s2,0.7710955654233324,0.7710955654233324,0.7589054492253909,0.7744694645612303,0.7589054492253909,0.7687537650865088,0,private_random
AOI-0048,2025-05-03,123,зерновые,0.7817548523738618,landsat,0.7580883545397165,0.7580883545397165,0.7584154969603064,0.7498007465514359,0.7584154969603064,0.771950390617359,0,private_random
AOI-0048,2025-06-15,166,зерновые,0.2307356640993825,s2,0.2750183783916459,0.2750183783916459,0.2725300767635908,0.3347376174649681,0.2725300767635908,0.2672168413726666,0,private_random
AOI-0048,2025-06-21,172,зерновые,0.2697214176855206,landsat,0.2831980707494542,0.2831980707494542,0.3023214943669312,0.2923796022005701,0.3023214943669312,0.26531510195120417,0,private_random
AOI-0048,2025-07-07,188,зерновые,0.1365429932305084,s2,0.15619327820038142,0.15619327820038142,0.15469867218519368,0.2139847107876404,0.15469867218519368,0.15755779731675015,0,private_random
AOI-0048,2025-07-27,208,зерновые,0.1352409646386385,s2,0.14176705979018842,0.14176705979018842,0.13944934165976497,0.20048258576091618,0.13944934165976497,0.14483536461889499,0,private_random
AOI-0048,2025-07-30,211,зерновые,0.1447600935514819,s2,0.14382696457055447,0.14382696457055447,0.14308996359377524,0.20475237865097276,0.14308996359377524,0.14776633688157206,0,private_random
AOI-0048,2025-09-16,259,зерновые,0.1864365951125612,landsat,0.153686398906133,0.153686398906133,0.1398640407952218,0.19115785970095325,0.1938551789220298,0.1540062788317006,0,private_random
AOI-0048,2025-10-18,291,зерновые,0.1049224865456418,s2,0.15027769047329223,0.15027769047329223,0.14884158302572806,0.20389236851568748,0.14884158302572806,0.1413186479560932,0,private_random
AOI-0049,2025-06-02,153,озимая пшеница,0.5191818237995378,landsat,0.5364292472804133,0.5364292472804133,0.5378690450712086,0.517231943403143,0.5378690450712086,0.5419098244693603,0,private_random
AOI-0049,2025-06-10,161,озимая пшеница,0.344424209012464,modis,0.3648049653351496,0.3648049653351496,0.3169095891325343,0.37509797554386265,0.4212839386991183,0.34904925306295426,0,private_random
AOI-0049,2025-07-10,191,озимая пшеница,0.1417641051504977,s2,0.14908798987916813,0.14908798987916813,0.14817182586532018,0.21138714282083013,0.14817182586532018,0.14248471365151863,0,private_random
AOI-0049,2025-07-12,193,озимая пшеница,0.1896948054677181,landsat,0.23738284798830434,0.23738284798830434,0.26621235890376443,0.20679247752861518,0.21043943334167958,0.23221305902027353,0,private_random
AOI-0049,2025-07-21,202,озимая пшеница,0.2351133066482783,landsat,0.2146083204198934,0.2146083204198934,0.22173692537492795,0.21468590887868114,0.22173692537492795,0.20895308089755107,0,private_random
AOI-0049,2025-07-23,204,озимая пшеница,0.1589087726791146,s2,0.17048469948590822,0.17048469948590822,0.1544553114369582,0.21326306388699887,0.1544553114369582,0.1691550533858484,0,private_random
AOI-0049,2025-08-05,217,озимая пшеница,0.2361392438410957,landsat,0.2146467974789003,0.2146467974789003,0.23354643132587724,0.23713925802123237,0.23354643132587724,0.21659478046486597,0,private_random
AOI-0050,2025-04-11,101,озимая пшеница,0.2820264309358089,s2,0.35434741598166775,0.35434741598166775,0.350735770660558,0.41213374111942436,0.350735770660558,0.3540560793946404,0,private_random
AOI-0050,2025-04-19,109,озимая пшеница,0.349702352008721,s2,0.3801739071106064,0.3801739071106064,0.37243897168841816,0.43109401760958893,0.37243897168841816,0.3802753206765813,0,private_random
AOI-0050,2025-04-29,119,озимая пшеница,0.3885282577410121,s2,0.41256163794897305,0.41256163794897305,0.4111121795389673,0.464742140709181,0.4111121795389673,0.402945088956829,0,private_random
AOI-0050,2025-05-09,129,озимая пшеница,0.6847641509433965,modis,0.5869444280159555,0.5869444280159555,0.6106226436865602,0.5072423148070905,0.6106226436865602,0.5959474601458563,0,private_random
AOI-0050,2025-08-21,233,озимая пшеница,0.3516639151188026,landsat,0.35558271398500507,0.35558271398500507,0.3559207591555682,0.35062471815007906,0.3559207591555682,0.35522628409898765,0,private_random
AOI-0050,2025-09-21,264,озимая пшеница,0.3285103894214553,s2,0.307354136121545,0.307354136121545,0.3067029428151966,0.34034793030986205,0.3067029428151966,0.3031374302677936,0,private_random
AOI-0050,2025-09-23,266,озимая пшеница,0.3423290162590717,landsat,0.3188693578037513,0.3188693578037513,0.30698086941657843,0.3384203041250014,0.3431824385212388,0.3165900243889255,0,private_random
AOI-0051,2010-04-06,96,озимая пшеница,0.4180275792175275,landsat,0.45610259286315147,0.45610259286315147,0.4530578057538639,0.4682817413003016,0.4530578057538639,0.4012133756945197,0,private_random
AOI-0051,2010-05-09,129,озимая пшеница,0.6138892105263157,modis,0.6680313542891924,0.6680313542891924,0.6695302675974093,0.6440487413577201,0.6695302675974093,0.6955667769541515,0,private_random
AOI-0051,2010-08-05,217,озимая пшеница,0.3117676928033472,landsat,0.33086821064709093,0.33086821064709093,0.3307799707533125,0.3316917829890222,0.3307799707533125,0.33160494827215364,0,private_random
AOI-0051,2010-10-24,297,озимая пшеница,0.2852919445596938,landsat,0.3442703623569579,0.3442703623569579,0.3446710094782383,0.34159938154842173,0.3446710094782383,0.3502337764255793,0,private_random
AOI-0051,2011-04-07,97,озимая пшеница,0.2885494736842106,modis,0.3080318291083169,0.3080318291083169,0.3147895106766495,0.19990892401499527,0.3147895106766495,0.32485376016847334,0,private_random
AOI-0051,2011-05-25,145,озимая пшеница,0.6859560526315789,modis,0.5696988174077733,0.5696988174077733,0.5743069885789779,0.4898238504402263,0.5743069885789779,0.5869277705331327,0,private_random
AOI-0051,2011-05-27,147,озимая пшеница,0.4606333508258577,landsat,0.49369558637166605,0.49369558637166605,0.4912378434219799,0.49697257697124764,0.4912378434219799,0.49769772988818217,0,private_random
AOI-0051,2011-08-29,241,озимая пшеница,0.584236052631579,modis,0.5904127403972331,0.5904127403972331,0.590443027404016,0.589807000261577,0.590443027404016,0.5698271394864941,0,private_random
AOI-0051,2012-04-04,95,озимая пшеница,0.1987497559330121,landsat,0.21405885019900447,0.21405885019900447,0.2113721229649101,0.23197036509296676,0.2113721229649101,0.20019606349670693,0,private_random
AOI-0051,2012-06-09,161,озимая пшеница,0.7178486842105264,modis,0.6227034995380135,0.6227034995380135,0.6241113093085471,0.6105849190224657,0.6241113093085471,0.6523136256560478,0,private_random
AOI-0051,2012-07-27,209,озимая пшеница,0.5152318421052632,modis,0.4492933914742992,0.4492933914742992,0.46140478537465607,0.4248265237166174,0.46140478537465607,0.457888691756299,0,private_random
AOI-0051,2013-06-10,161,озимая пшеница,0.5859086842105263,modis,0.5217586162631931,0.5217586162631931,0.5245118392554945,0.500687268798842,0.5245118392554945,0.497139005094467,0,private_random
AOI-0051,2013-07-20,201,озимая пшеница,0.3887518885031162,landsat,0.4595951699670492,0.4595951699670492,0.46025633032771324,0.45430588708173675,0.46025633032771324,0.4368517071487381,0,private_random
AOI-0051,2013-09-14,257,озимая пшеница,0.5252663157894737,modis,0.4532289004116457,0.4532289004116457,0.45548824670539534,0.4291292066116494,0.45548824670539534,0.4644297233731715,0,private_random
AOI-0051,2013-10-08,281,озимая пшеница,0.4084219819762356,landsat,0.5277794742012847,0.5277794742012847,0.5331801684945588,0.49897577130382204,0.5331801684945588,0.5128631776318917,0,private_random
AOI-0051,2014-04-07,97,озимая пшеница,0.5658452631578946,modis,0.7550239168018581,0.7550239168018581,0.7553783110928278,0.7479360309824656,0.7553783110928278,0.7608385389435115,0,private_random
AOI-0051,2014-04-25,115,озимая пшеница,0.8967252795342238,landsat,0.7509546249340748,0.7509546249340748,0.7304305971264711,0.7570263973489375,0.7669248234305317,0.8081144857311139,0,private_random
AOI-0051,2014-05-09,129,озимая пшеница,0.7517276315789474,modis,0.7941876475943337,0.7941876475943337,0.7928670044413216,0.8188396531172266,0.7928670044413216,0.7931461694842628,0,private_random
AOI-0051,2014-06-26,177,озимая пшеница,0.6274773684210527,modis,0.5220622489920005,0.5220622489920005,0.5237427790044789,0.4929330621090428,0.5237427790044789,0.4899440402787248,0,private_random
AOI-0051,2014-08-31,243,озимая пшеница,0.4096935560907128,landsat,0.3658619906632901,0.3658619906632901,0.36181767659089636,0.38743166571605675,0.36181767659089636,0.37658757286719596,0,private_random
AOI-0051,2015-04-12,102,озимая пшеница,0.2576856435847507,landsat,0.22746697235775107,0.22746697235775107,0.2227564934512429,0.2525895265257945,0.2227564934512429,0.26735697196722713,0,private_random
AOI-0051,2015-05-09,129,озимая пшеница,0.6854031578947369,modis,0.6116361729189187,0.6116361729189187,0.6147291827731479,0.5621480152512516,0.6147291827731479,0.6567312368266504,0,private_random
AOI-0051,2015-08-13,225,озимая пшеница,0.5318373684210526,modis,0.46662552920993716,0.46662552920993716,0.47709801960382914,0.44920777078897983,0.47709801960382914,0.454057587591959,0,private_random
AOI-0051,2015-09-27,270,озимая пшеница,0.2995911922352456,landsat,0.301895422604747,0.301895422604747,0.3014698175673315,0.3030303693711882,0.3014698175673315,0.30361349145090955,0,private_random
AOI-0051,2015-10-05,278,озимая пшеница,0.3031713747140282,landsat,0.29818052669653905,0.29818052669653905,0.29768359440368486,0.29950567947748347,0.29768359440368486,0.29039553677287655,0,private_random
AOI-0051,2016-04-22,113,озимая пшеница,0.7406628090478696,landsat,0.7097509617777229,0.7097509617777229,0.711604754931765,0.6776185471076598,0.6799597448988972,0.7388429536927793,0,private_random
AOI-0051,2016-04-23,114,озимая пшеница,0.8591889985542396,landsat,0.6773895159096996,0.6773895159096996,0.6776141040997308,0.6755928103894507,0.6776141040997308,0.710432525747939,0,private_random
AOI-0051,2016-05-25,146,озимая пшеница,0.8859305972354818,landsat,0.6793208723047268,0.6793208723047268,0.6817238071802225,0.6600973933007604,0.6817238071802225,0.6958391137665023,0,private_random
AOI-0051,2017-04-02,92,озимая пшеница,0.2240461045326564,landsat,0.2644301220876284,0.2644301220876284,0.26045542581273523,0.29092809725358265,0.26045542581273523,0.24207815842750607,0,private_random
AOI-0051,2017-05-03,123,озимая пшеница,0.4455849718135705,landsat,0.4383456873236239,0.4383456873236239,0.43274215071335675,0.4607598337646924,0.43274215071335675,0.45224257473707746,0,private_random
AOI-0051,2017-05-25,145,озимая пшеница,0.7471686842105264,modis,0.5896310764244984,0.5896310764244984,0.5938756347265235,0.5103993214533622,0.5938756347265235,0.60234216288547,0,private_random
AOI-0051,2017-06-20,171,озимая пшеница,0.6000005870264311,landsat,0.625468646693879,0.625468646693879,0.6268285860820446,0.620028889141217,0.6268285860820446,0.6383184234546595,0,private_random
AOI-0051,2017-07-28,209,озимая пшеница,0.5087471052631579,modis,0.6296236296218214,0.6296236296218214,0.627835210474386,0.6630074537072828,0.627835210474386,0.6389129268855618,0,private_random
AOI-0051,2017-08-14,226,озимая пшеница,0.7177634915096841,s2,0.5204952437859707,0.5204952437859707,0.5195440635340237,0.5357141278171218,0.5195440635340237,0.5938204768245445,0,private_random
AOI-0051,2017-10-18,291,озимая пшеница,0.1083392988885124,landsat,0.2439096809984236,0.2439096809984236,0.2200393407477277,0.264577886174584,0.2522788673669993,0.23654106972035532,0,private_random
AOI-0051,2018-05-25,145,озимая пшеница,0.632673947368421,modis,0.7061571240466891,0.7061571240466891,0.7072274996001262,0.6941555291817704,0.7072274996001262,0.7014406787403753,0,private_random
AOI-0051,2018-06-15,166,озимая пшеница,0.3492426123272615,s2,0.42077671495997154,0.42077671495997154,0.4152754730741694,0.4574516608653189,0.4152754730741694,0.43793432030373525,0,private_random
AOI-0051,2018-06-23,174,озимая пшеница,0.3444872143094984,landsat,0.3363250252186886,0.3363250252186886,0.32098624750545784,0.3772284324539707,0.3863106898004473,0.35795024285897326,0,private_random
AOI-0051,2018-07-12,193,озимая пшеница,0.4803184210526315,modis,0.3455530845404048,0.3455530845404048,0.363537801529608,0.30729108720354165,0.363537801529608,0.33534129997702367,0,private_random
AOI-0051,2018-07-28,209,озимая пшеница,0.5365215789473685,modis,0.36759520866215084,0.36759520866215084,0.37680910971301207,0.32315851101011017,0.37680910971301207,0.3695815720764726,0,private_random
AOI-0051,2018-08-19,231,озимая пшеница,0.2862854536232089,landsat,0.32494135298354854,0.32494135298354854,0.3243132223374393,0.3282913830961309,0.3243132223374393,0.3311427312061979,0,private_random
AOI-0051,2019-04-26,116,озимая пшеница,0.7595084979504895,s2,0.7191552262688524,0.7191552262688524,0.7124225040880492,0.7308788042668057,0.7124225040880492,0.7647268847869882,0,private_random
AOI-0051,2019-06-19,170,озимая пшеница,0.399847798776349,landsat,0.3606939315681046,0.3606939315681046,0.3698589581145972,0.35895778372769666,0.3698589581145972,0.3534247074442842,0,private_random
AOI-0051,2019-07-20,201,озимая пшеница,0.2431131992563679,s2,0.33268142054048466,0.33268142054048466,0.32923923893656193,0.3648084488437635,0.32923923893656193,0.3703766154821971,0,private_random
AOI-0051,2019-08-06,218,озимая пшеница,0.3895957991518983,landsat,0.32399340220329714,0.32399340220329714,0.3081112623531274,0.35110771888873504,0.3546442824876596,0.31687912254132694,0,private_random
AOI-0051,2019-09-28,271,озимая пшеница,0.1266792134960023,s2,0.20672803927375766,0.20672803927375766,0.19838465473505967,0.25122609014681374,0.19838465473505967,0.20070081796295242,0,private_random
AOI-0051,2019-09-30,273,озимая пшеница,0.4043948485596099,landsat,0.30240832239306165,0.30240832239306165,0.32137090987823325,0.25727845388626175,0.24490795360847015,0.3255648499061976,0,private_random
AOI-0051,2019-10-09,282,озимая пшеница,0.3530808208698859,landsat,0.24819307758917292,0.24819307758917292,0.24691060038520554,0.26016286482620177,0.24691060038520554,0.2868236811452429,0,private_random
AOI-0051,2020-04-09,100,озимая пшеница,0.2909327254716859,landsat,0.29814435625435826,0.29814435625435826,0.26924322779590654,0.3379172641542734,0.3121306442503418,0.26783893141245274,0,private_random
AOI-0051,2020-04-18,109,озимая пшеница,0.3749391227701416,landsat,0.35203806952760447,0.35203806952760447,0.3248226164435197,0.3890014498230576,0.3653922550008944,0.3165706103024781,0,private_random
AOI-0051,2020-05-11,132,озимая пшеница,0.6916018136456085,landsat,0.6567643128294504,0.6567643128294504,0.6579866053614285,0.6518751427015376,0.6579866053614285,0.6566972068795298,0,private_random
AOI-0051,2020-05-28,149,озимая пшеница,0.7981541809076597,landsat,0.7674717226535581,0.7674717226535581,0.7762617471417617,0.7614169067291479,0.7762617471417617,0.7680189058010485,0,private_random
AOI-0051,2020-06-29,181,озимая пшеница,0.5451850986436386,s2,0.5704719700067827,0.5704719700067827,0.5697717827184293,0.5770070513647473,0.5697717827184293,0.5823154845555912,0,private_random
AOI-0051,2020-08-23,236,озимая пшеница,0.3157708826426958,s2,0.31527060453097383,0.31527060453097383,0.3113648629729955,0.3569318478160761,0.3113648629729955,0.32369907816756815,0,private_random
AOI-0051,2020-09-01,245,озимая пшеница,0.336527651115394,landsat,0.3246266570919916,0.3246266570919916,0.3241220672261351,0.32933616250665226,0.3241220672261351,0.3343298476322264,0,private_random
AOI-0051,2020-09-12,256,озимая пшеница,0.2319586726440121,s2,0.29124757806834967,0.29124757806834967,0.2855054582939605,0.31488225372055734,0.2855054582939605,0.3012130571442069,0,private_random
AOI-0051,2020-09-24,268,озимая пшеница,0.2162098948694887,landsat,0.24888485166712654,0.24888485166712654,0.23766289653141373,0.27240916387598196,0.2729289873101469,0.25567545296347455,0,private_random
AOI-0051,2021-04-21,111,озимая пшеница,0.5885483339937563,landsat,0.3939225325348718,0.3939225325348718,0.391887084332104,0.4047782562829669,0.391887084332104,0.386050740253763,0,private_random
AOI-0051,2021-04-23,113,озимая пшеница,0.6301136842105263,modis,0.472812747476291,0.472812747476291,0.503119604257955,0.43984866251755017,0.503119604257955,0.5362961309330452,0,private_random
AOI-0051,2021-05-05,125,озимая пшеница,0.7608987776782766,s2,0.6287244099859554,0.6287244099859554,0.6251605790927284,0.6714903807046788,0.6251605790927284,0.6639053787361795,0,private_random
AOI-0051,2021-07-09,190,озимая пшеница,0.299373660271386,s2,0.3987474891510487,0.3987474891510487,0.39663349184028995,0.4269341199611643,0.39663349184028995,0.3806264819785246,0,private_random
AOI-0051,2021-08-18,230,озимая пшеница,0.3751184692253357,s2,0.3285265104849556,0.3285265104849556,0.32399724129972074,0.3768387151274612,0.32399724129972074,0.3328503119990962,0,private_random
AOI-0051,2021-10-06,279,озимая пшеница,0.3718612706815191,landsat,0.30213480872551723,0.30213480872551723,0.3062221265420095,0.3170636727241279,0.3062221265420095,0.3176432713929435,0,private_random
AOI-0051,2021-10-27,300,озимая пшеница,0.2749058598889008,s2,0.253737785265135,0.253737785265135,0.24879312855771432,0.2998879145343943,0.24879312855771432,0.2572878882448276,0,private_random
AOI-0051,2022-04-15,105,озимая пшеница,0.4113842151748215,landsat,0.3548056416615861,0.3548056416615861,0.3354019782855729,0.402171991300615,0.37749186956035424,0.3157331141650019,0,private_random
AOI-0051,2022-05-15,135,озимая пшеница,0.4438894796925703,landsat,0.37382818461801404,0.37382818461801404,0.3615567951562234,0.45563744769661785,0.42428094406698774,0.40171617084728545,0,private_random
AOI-0051,2022-07-13,194,озимая пшеница,0.7656984146729349,landsat,0.7437846567548639,0.7437846567548639,0.7593699597466631,0.7230042527657982,0.7593699597466631,0.7244535889269434,0,private_random
AOI-0051,2022-07-28,209,озимая пшеница,0.798670728940492,landsat,0.6693026949756524,0.6693026949756524,0.6536150324229724,0.6815581879870504,0.7080725885299497,0.675282082845924,0,private_random
AOI-0051,2022-09-27,270,озимая пшеница,0.3854525092839221,s2,0.41274267200806497,0.41274267200806497,0.4093281273205161,0.4309535770083257,0.4093281273205161,0.41491118659022963,0,private_random
AOI-0051,2022-10-08,281,озимая пшеница,0.3710136488784803,landsat,0.37451374109928065,0.37451374109928065,0.37484805349007505,0.3731764915361029,0.37484805349007505,0.393702274309378,0,private_random
AOI-0051,2022-10-17,290,озимая пшеница,0.2662613918475655,s2,0.30641180115409433,0.30641180115409433,0.29156979323915483,0.33099286705917513,0.29156979323915483,0.31213022250201977,0,private_random
AOI-0051,2023-04-07,97,озимая пшеница,0.6515749999999999,modis,0.7679022433918247,0.7679022433918247,0.7706945838926172,0.7691679185960939,0.7706945838926172,0.7835718103046786,0,private_random
AOI-0051,2023-07-07,188,озимая пшеница,0.419482168652907,landsat,0.4799834930310766,0.4799834930310766,0.4858219157101046,0.48278034412686627,0.4858219157101046,0.49632550396460806,0,private_random
AOI-0051,2023-08-06,218,озимая пшеница,0.3434578398419339,landsat,0.32412486533588586,0.32412486533588586,0.3347723794404887,0.3351003309454568,0.3347723794404887,0.3334689839375079,0,private_random
AOI-0051,2023-08-17,229,озимая пшеница,0.3391098356998476,landsat,0.3213116458239955,0.3213116458239955,0.3358808824498075,0.33505514857675495,0.3358808824498075,0.32333286006066686,0,private_random
AOI-0051,2023-09-14,257,озимая пшеница,0.4076323684210525,modis,0.3546489320195453,0.3546489320195453,0.33813601175442337,0.36008024145995415,0.3736497399216303,0.3783408777172048,0,private_random
AOI-0051,2023-09-24,267,озимая пшеница,0.4206067211255017,landsat,0.3754725956452168,0.3754725956452168,0.36524015872491605,0.38937444489572615,0.3924620071731909,0.37856548040012294,0,private_random
AOI-0051,2023-09-29,272,озимая пшеница,0.4179921093734338,landsat,0.34199383231300035,0.34199383231300035,0.32853757741768247,0.36823883960453724,0.37071353068413165,0.3703074624682365,0,private_random
AOI-0051,2023-10-02,275,озимая пшеница,0.3185519034155881,s2,0.33631723874185226,0.33631723874185226,0.33311741077699086,0.3704487370337069,0.33311741077699086,0.35604801076805775,0,private_random
AOI-0051,2023-10-20,293,озимая пшеница,0.3951411818665214,landsat,0.3499694589172886,0.3499694589172886,0.350654893063281,0.3481416345279755,0.350654893063281,0.3286885450640333,0,private_random
AOI-0051,2024-06-13,165,озимая пшеница,0.5587541296379901,s2,0.5489588903635492,0.5489588903635492,0.5462398406128174,0.5707112883694037,0.5462398406128174,0.5546012399079608,0,private_random
AOI-0051,2024-07-02,184,озимая пшеница,0.4179950677061422,landsat,0.4133215878749201,0.4133215878749201,0.4197953476647476,0.4115825816032839,0.4197953476647476,0.4160218316879111,0,private_random
AOI-0051,2024-07-13,195,озимая пшеница,0.3037420856424149,s2,0.3711526993993311,0.3711526993993311,0.3658308096541834,0.39591654325777575,0.3658308096541834,0.35259809528190383,0,private_random
AOI-0051,2024-07-25,207,озимая пшеница,0.3461638007779585,landsat,0.3635869700795221,0.3635869700795221,0.35332144777633795,0.38621885574910136,0.3818818840362236,0.35423408175661275,0,private_random
AOI-0051,2024-08-03,216,озимая пшеница,0.3328977209582898,landsat,0.3548920098794609,0.3548920098794609,0.3548114130235326,0.355321859777745,0.3548114130235326,0.36607139826206336,0,private_random
AOI-0051,2024-09-01,245,озимая пшеница,0.2307046295262165,s2,0.29148602168924065,0.29148602168924065,0.2884831098286231,0.31550931657418124,0.2884831098286231,0.2901013571395485,0,private_random
AOI-0051,2024-09-12,256,озимая пшеница,0.3345883229611576,landsat,0.28960707151017356,0.28960707151017356,0.28875493518632733,0.29301561680555843,0.28875493518632733,0.2953947233443556,0,private_random
AOI-0051,2024-10-26,300,озимая пшеница,0.2729269740938308,s2,0.26901796244591003,0.26901796244591003,0.26453399439604824,0.31684695497776927,0.26453399439604824,0.26330579709403507,0,private_random
AOI-0051,2025-04-11,101,озимая пшеница,0.7198837194572558,s2,0.7164407692572309,0.7164407692572309,0.7151458808736315,0.7371589833948207,0.7151458808736315,0.7154692946186721,0,private_random
AOI-0051,2025-04-24,114,озимая пшеница,0.829799703706409,s2,0.8315403769200215,0.8315403769200215,0.8315061786697837,0.8327715139285804,0.8315061786697837,0.8229041315432202,0,private_random
AOI-0051,2025-06-13,164,озимая пшеница,0.404795497862598,s2,0.47495079347429664,0.47495079347429664,0.4559800411873657,0.4926130163191202,0.4559800411873657,0.4768477691804002,0,private_random
AOI-0051,2025-07-28,209,озимая пшеница,0.160212708998939,s2,0.21106305015606802,0.21106305015606802,0.1734287956362814,0.2350852057181195,0.1734287956362814,0.20476091587125966,0,private_random
AOI-0051,2025-08-22,234,озимая пшеница,0.1643635901422289,s2,0.1859257488077941,0.1859257488077941,0.18477054421096914,0.24753666063846,0.18477054421096914,0.18453853923767632,0,private_random
AOI-0051,2025-08-27,239,озимая пшеница,0.1704965669264013,s2,0.17108432214439645,0.17108432214439645,0.1696772114387936,0.2348733407983907,0.1696772114387936,0.17454044744564604,0,private_random
AOI-0051,2025-09-14,257,озимая пшеница,0.2887328831723915,landsat,0.27699824382326005,0.27699824382326005,0.2864689504635903,0.2379609889762974,0.23825492871932938,0.288083503029076,0,private_random
AOI-0051,2025-10-28,301,озимая пшеница,0.4371484930507008,s2,0.48103107599307776,0.48103107599307776,0.47953298158679286,0.5069980457020163,0.47953298158679286,0.42487395667757794,0,private_random
AOI-0052,2025-04-07,97,озимая пшеница,0.2991637263277804,modis,0.375267567988301,0.375267567988301,0.38707454109552913,0.26905674048687295,0.38707454109552913,0.39156633566819504,0,private_random
AOI-0052,2025-05-24,144,озимая пшеница,0.2510168713766123,s2,0.24639544729231128,0.24639544729231128,0.2444865949554116,0.3609265875062901,0.2444865949554116,0.2156850514903353,0,private_random
AOI-0052,2025-06-19,170,озимая пшеница,0.5116155065629955,landsat,0.6108061489855204,0.6108061489855204,0.6123733014954588,0.5940898555461782,0.6123733014954588,0.6197758158721755,0,private_random
AOI-0052,2025-07-12,193,озимая пшеница,0.549719421356725,landsat,0.5037145209682605,0.5037145209682605,0.4952545298871543,0.5092401353914021,0.5329747148333688,0.4460913615350724,0,private_random
AOI-0052,2025-08-09,221,озимая пшеница,0.1204210669176955,s2,0.14187128354467704,0.14187128354467704,0.14056037958328213,0.21003828953721226,0.14056037958328213,0.14063300307396873,0,private_random
AOI-0052,2025-08-17,229,озимая пшеница,0.1363152466228593,s2,0.14282056870742926,0.14282056870742926,0.1299641697449242,0.20076486731348556,0.1299641697449242,0.13830228456110072,0,private_random
AOI-0052,2025-08-29,241,озимая пшеница,0.131210949666786,s2,0.12920456447150674,0.12920456447150674,0.128466607489396,0.18627323775473617,0.128466607489396,0.12549508218037803,0,private_random
AOI-0052,2025-09-07,250,озимая пшеница,0.1781024476055906,landsat,0.1834100279419828,0.1834100279419828,0.18341696653784856,0.18316948995197,0.18341696653784856,0.18534203070332342,0,private_random
AOI-0052,2025-09-22,265,озимая пшеница,0.2033286047802617,landsat,0.20754612617985324,0.20754612617985324,0.2073805672481423,0.20909134287582196,0.2073805672481423,0.19955110680767627,0,private_random
AOI-0053,2025-05-09,129,озимая пшеница,0.7825749646079214,s2,0.7802959820692346,0.7802959820692346,0.778462447055573,0.7903710024627465,0.7921769387846197,0.7678198658336568,0,private_random
AOI-0053,2025-06-13,164,озимая пшеница,0.238537734007407,s2,0.3057478280282049,0.3057478280282049,0.28245510035162796,0.33846589055788584,0.28245510035162796,0.3150474449730947,0,private_random
AOI-0053,2025-06-18,169,озимая пшеница,0.343075064295114,landsat,0.31335985319549137,0.31335985319549137,0.3139133144084088,0.3111460083438218,0.3139133144084088,0.3031445879182477,0,private_random
AOI-0053,2025-08-06,218,озимая пшеница,0.198059876073675,landsat,0.1577029014040352,0.1577029014040352,0.13591925791992934,0.20589833376726108,0.19914391929739872,0.15732169672189425,0,private_random
AOI-0053,2025-08-17,229,озимая пшеница,0.1406155684739029,s2,0.14228465672180862,0.14228465672180862,0.1290944540942685,0.20119269069338963,0.1290944540942685,0.14156031581738093,0,private_random
AOI-0053,2025-08-21,233,озимая пшеница,0.197788674981665,landsat,0.1959472092258618,0.1959472092258618,0.19552948492310807,0.20207383233291665,0.19552948492310807,0.19456448608134844,0,private_random
AOI-0053,2025-09-22,265,озимая пшеница,0.1969427928513121,landsat,0.20193433103432495,0.20193433103432495,0.20155798238610842,0.20544691841767923,0.20155798238610842,0.1909781511223677,0,private_random
AOI-0054,2025-04-07,97,озимая пшеница,0.6684514050719672,modis,0.6158721567699034,0.6158721567699034,0.6208368448697541,0.5736276697532071,0.6208368448697541,0.6612389075487157,0,private_random
AOI-0054,2025-04-24,114,озимая пшеница,0.7365013900996188,s2,0.7087574042136352,0.7087574042136352,0.7083199545181883,0.7245055932497259,0.7083199545181883,0.7027234810279964,0,private_random
AOI-0054,2025-06-10,161,озимая пшеница,0.7702751972928101,s2,0.734604828731269,0.734604828731269,0.7498201255588508,0.746568802965525,0.7498201255588508,0.7412989929458829,0,private_random
AOI-0054,2025-06-27,178,озимая пшеница,0.8071278869467716,landsat,0.7240621944371816,0.7240621944371816,0.7185660511773974,0.7225950555040604,0.7340927262330301,0.7536765281290692,0,private_random
AOI-0054,2025-08-13,225,озимая пшеница,0.7409494523424219,landsat,0.6203312952103205,0.6203312952103205,0.5980668860056192,0.667740093589977,0.6980905747361833,0.6205715954436896,0,private_random
AOI-0054,2025-08-21,233,озимая пшеница,0.6987899512419804,landsat,0.6953986777922017,0.6953986777922017,0.6973758909050451,0.6663995521371627,0.6973758909050451,0.7007858792328515,0,private_random
AOI-0054,2025-09-22,265,озимая пшеница,0.7159696606977928,landsat,0.6960561854733158,0.6960561854733158,0.698343482890955,0.6747080762420161,0.698343482890955,0.6951018041210023,0,private_random
AOI-0054,2025-10-08,281,озимая пшеница,0.6600109139423199,s2,0.6634255118432074,0.6634255118432074,0.6636987384109024,0.6481248240522866,0.6636987384109024,0.6850830185719563,0,private_random
AOI-0055,2025-04-23,113,озимая пшеница,0.4677708777903407,landsat,0.4981892377199017,0.4981892377199017,0.5352492970172449,0.46213080164681103,0.44326771252315617,0.5014627145802258,0,private_random
AOI-0055,2025-05-24,144,озимая пшеница,0.4981954585212805,s2,0.4356515224304266,0.4356515224304266,0.43444152819228676,0.5082511767188175,0.43444152819228676,0.46432621600708046,0,private_random
AOI-0055,2025-08-22,234,озимая пшеница,0.3655027949142527,s2,0.37013667194092814,0.37013667194092814,0.3695799161637591,0.3998303133899401,0.3695799161637591,0.3704622458123234,0,private_random
AOI-0055,2025-08-30,242,озимая пшеница,0.3742631128968379,landsat,0.3786936442837056,0.3786936442837056,0.3825498909065106,0.37448974784851435,0.3825498909065106,0.3774158184765761,0,private_random
AOI-0055,2025-09-08,251,озимая пшеница,0.3214649374974528,s2,0.35536433718998484,0.35536433718998484,0.3523519488289736,0.3826031223997899,0.3523519488289736,0.3570648547000881,0,private_random
AOI-0055,2025-09-11,254,озимая пшеница,0.4076184837184284,s2,0.3606202587532876,0.3606202587532876,0.35991181124738475,0.3889581589894014,0.35991181124738475,0.3582746581942947,0,private_random
AOI-0055,2025-09-30,273,озимая пшеница,0.4481,modis,0.44075854561245875,0.44075854561245875,0.44333290285882854,0.4191648409586474,0.44333290285882854,0.4469362721252668,0,private_random
AOI-0056,2025-04-01,91,озимая пшеница,0.5115623529252458,s2,0.6523994980355742,0.6523994980355742,0.6515805423765026,0.6873416061559573,0.6515805423765026,0.6562159267565608,0,private_random
AOI-0056,2025-04-29,119,озимая пшеница,0.8303715223077969,s2,0.751425906401992,0.751425906401992,0.7510531757042556,0.7648442115205089,0.7510531757042556,0.7672698863659185,0,private_random
AOI-0056,2025-07-05,186,озимая пшеница,0.3006542013861507,landsat,0.2634489683059192,0.2634489683059192,0.25068112806058335,0.30061388183811,0.30151868857607966,0.28001529664011465,0,private_random
AOI-0056,2025-07-08,189,озимая пшеница,0.1885863603023611,s2,0.23826693431480522,0.23826693431480522,0.22634288757564275,0.27912821830573953,0.22634288757564275,0.24977562128794598,0,private_random
AOI-0056,2025-07-29,210,озимая пшеница,0.2247715215990257,landsat,0.23478115281140344,0.23478115281140344,0.23467424352179053,0.23848734151798423,0.23467424352179053,0.22930333269649783,0,private_random
AOI-0056,2025-08-13,225,озимая пшеница,0.2477494610261108,landsat,0.29004013904576675,0.29004013904576675,0.3064608786731003,0.2377943508541164,0.23368702971184832,0.2917534559584126,0,private_random
AOI-0056,2025-08-29,241,озимая пшеница,0.1796321169132037,s2,0.17807976672169692,0.17807976672169692,0.17744067626617868,0.22750276194844146,0.17744067626617868,0.1787944604450767,0,private_random
AOI-0056,2025-09-30,273,озимая пшеница,0.264798360044726,modis,0.31898473999359567,0.31898473999359567,0.326218334616507,0.26275132446888455,0.326218334616507,0.32233134068597485,0,private_random
AOI-0057,2025-04-14,104,озимая пшеница,0.6710574694352689,s2,0.617599626965367,0.617599626965367,0.6167779706963571,0.6592302112618714,0.6167779706963571,0.5780924384004249,0,private_random
AOI-0057,2025-04-19,109,озимая пшеница,0.7939650222969825,s2,0.670941499834292,0.670941499834292,0.6645198215653098,0.7010182936416206,0.6645198215653098,0.6807361229426053,0,private_random
AOI-0057,2025-04-29,119,озимая пшеница,0.8571100682220832,s2,0.7001501436937763,0.7001501436937763,0.6994418885209386,0.725647329915935,0.6994418885209386,0.7522195544084253,0,private_random
AOI-0057,2025-06-19,170,озимая пшеница,0.3156348938992717,landsat,0.33354020383662636,0.33354020383662636,0.3339544111073839,0.32912199294854566,0.3339544111073839,0.3176565699151393,0,private_random
AOI-0057,2025-07-04,185,озимая пшеница,0.253638537066485,landsat,0.2689889215264253,0.2689889215264253,0.26882055780267167,0.27190722607148854,0.26882055780267167,0.26493476494813706,0,private_random
AOI-0057,2025-07-08,189,озимая пшеница,0.1868752392751371,s2,0.20031796356335194,0.20031796356335194,0.18699102690176933,0.25138739431899493,0.18699102690176933,0.21188367020290136,0,private_random
AOI-0057,2025-10-28,301,озимая пшеница,0.1636754071914774,s2,0.17714349141704722,0.17714349141704722,0.17375621057533658,0.23585635934003155,0.17375621057533658,0.16189796776804022,0,private_random
AOI-0058,2010-04-30,120,озимая пшеница,0.2528648760869983,landsat,0.3356810883262082,0.3356810883262082,0.3275391721509443,0.3573928647935785,0.3275391721509443,0.33026840562021353,0,private_random
AOI-0058,2010-06-10,161,озимая пшеница,0.6260407426698679,landsat,0.6004416606076273,0.6004416606076273,0.6031968353541103,0.5868781513617259,0.5955670136796538,0.6404699212584694,0,private_random
AOI-0058,2010-07-19,200,озимая пшеница,0.5689964198515596,landsat,0.6342757228727138,0.6342757228727138,0.6396672597388127,0.6270870070512488,0.6396672597388127,0.6317126729627712,0,private_random
AOI-0058,2011-04-07,97,озимая пшеница,0.4920689318492484,modis,0.5627391635892335,0.5627391635892335,0.5662232714669738,0.506993437545387,0.5662232714669738,0.46300038878794403,0,private_random
AOI-0058,2011-06-20,171,озимая пшеница,0.6693307672254317,landsat,0.6520053057929467,0.6520053057929467,0.6544352313271817,0.6455255043683201,0.6544352313271817,0.6572483161142836,0,private_random
AOI-0058,2011-08-08,220,озимая пшеница,0.37091673416492,landsat,0.40228899026367604,0.40228899026367604,0.4015699078864893,0.405165319772423,0.4015699078864893,0.4088185461582817,0,private_random
AOI-0058,2011-10-16,289,озимая пшеница,0.4795810193321619,modis,0.3106837479847109,0.3106837479847109,0.313824161895603,0.2436882512190116,0.313824161895603,0.5189610738671121,0,private_random
AOI-0058,2012-04-06,97,озимая пшеница,0.4565152704549894,modis,0.4200560717510436,0.4200560717510436,0.4252682322163253,0.3297119570194938,0.4252682322163253,0.43930435877906865,0,private_random
AOI-0058,2012-05-06,127,озимая пшеница,0.5467226476168587,landsat,0.5069612381473579,0.5069612381473579,0.5065884904845618,0.5099432194497271,0.5065884904845618,0.532216571397256,0,private_random
AOI-0058,2012-07-09,191,озимая пшеница,0.5415101513615543,landsat,0.553619882605116,0.553619882605116,0.5529197483478909,0.5582874443199498,0.5529197483478909,0.5706005926005463,0,private_random
AOI-0058,2013-06-17,168,озимая пшеница,0.6222097893642139,landsat,0.6063550994804766,0.6063550994804766,0.6157788269382126,0.5937901295368287,0.6157788269382126,0.6385664278510466,0,private_random
AOI-0058,2013-08-12,224,озимая пшеница,0.3389628427478919,landsat,0.3793286109903129,0.3793286109903129,0.380281339676574,0.37678800116028327,0.380281339676574,0.3997863976397612,0,private_random
AOI-0058,2013-10-07,280,озимая пшеница,0.2110153142724909,landsat,0.37464371615591696,0.37464371615591696,0.3784291265216203,0.36959650233497915,0.3784291265216203,0.40589949097862393,0,private_random
AOI-0058,2014-06-26,177,озимая пшеница,0.5287557508299162,modis,0.4070183378660122,0.4070183378660122,0.41037826354339846,0.348779626124651,0.41037826354339846,0.36342393798902506,0,private_random
AOI-0058,2014-07-12,193,озимая пшеница,0.4740462604959971,modis,0.344288094720321,0.344288094720321,0.3472178807510056,0.285692374106629,0.3472178807510056,0.32866593148749396,0,private_random
AOI-0058,2014-07-30,211,озимая пшеница,0.2514132798274997,landsat,0.28853145579581935,0.28853145579581935,0.28740380152863987,0.29304207286453726,0.28740380152863987,0.27943731419669937,0,private_random
AOI-0058,2014-10-16,289,озимая пшеница,0.3725391720367115,modis,0.324357920407386,0.324357920407386,0.3277034027271088,0.2708302032918215,0.3277034027271088,0.3218746101088537,0,private_random
AOI-0058,2014-10-26,299,озимая пшеница,0.1885829046305344,landsat,0.2461921882947481,0.2461921882947481,0.24400272048127586,0.25786934996660005,0.24400272048127586,0.2275446234917814,0,private_random
AOI-0058,2015-04-05,95,озимая пшеница,0.2878646474093895,landsat,0.3381497526911025,0.3381497526911025,0.33285605307142796,0.3593245511698007,0.33285605307142796,0.22873054127719103,0,private_random
AOI-0058,2015-07-02,183,озимая пшеница,0.7114684788714715,landsat,0.6113765184835429,0.6113765184835429,0.6105350925085763,0.6169860249833198,0.6105350925085763,0.6025301186837819,0,private_random
AOI-0058,2015-08-13,225,озимая пшеница,0.4877237258347981,modis,0.5492141964140606,0.5492141964140606,0.5495806627016339,0.5392247152267734,0.5495806627016339,0.5434985860759624,0,private_random
AOI-0058,2015-09-11,254,озимая пшеница,0.5027325800236577,landsat,0.468793481534519,0.468793481534519,0.46668287537711467,0.4772359061641363,0.46668287537711467,0.477310635474926,0,private_random
AOI-0058,2015-09-30,273,озимая пшеница,0.4198532903729742,modis,0.44979160637258603,0.44979160637258603,0.4437840678878781,0.4389073169162028,0.4437840678878781,0.45335943274671753,0,private_random
AOI-0058,2015-10-05,278,озимая пшеница,0.5172521025598444,landsat,0.431121036435428,0.431121036435428,0.43584268598081977,0.4185299709810499,0.43584268598081977,0.4435868316106043,0,private_random
AOI-0058,2016-06-25,177,озимая пшеница,0.6997225080205125,landsat,0.6649447990330216,0.6649447990330216,0.6639963796134138,0.6750612728421709,0.7015705903653379,0.621868040761778,0,private_random
AOI-0058,2016-07-04,186,озимая пшеница,0.4416162618552342,landsat,0.5752685197422451,0.5752685197422451,0.5764000950240743,0.5692334515724894,0.5764000950240743,0.5821676009730001,0,private_random
AOI-0058,2016-08-12,225,озимая пшеница,0.5929557410537248,landsat,0.40163452658973553,0.40163452658973553,0.4144296491381194,0.3675972035473927,0.3674934488557083,0.3689422169161448,0,private_random
AOI-0058,2016-08-29,242,озимая пшеница,0.3299963153807962,landsat,0.3591225093859226,0.3591225093859226,0.3592725269129942,0.35812239253877837,0.3592725269129942,0.37918508021377306,0,private_random
AOI-0058,2017-04-16,106,озимая пшеница,0.7515647965930459,s2,0.6716176224601258,0.6716176224601258,0.6674961599574651,0.6990940391445296,0.6674961599574651,0.6846508602957885,0,private_random
AOI-0058,2017-05-03,123,озимая пшеница,0.8417658898285917,landsat,0.8444690851504033,0.8444690851504033,0.8488315545968339,0.8270192073646809,0.8488315545968339,0.8495612517769028,0,private_random
AOI-0058,2017-05-19,139,озимая пшеница,0.902999245957828,landsat,0.8096211221740767,0.8096211221740767,0.8208140033779922,0.794697280568856,0.8208140033779922,0.8112608856407791,0,private_random
AOI-0058,2017-05-28,148,озимая пшеница,0.6799034098875798,landsat,0.7783618502515999,0.7783618502515999,0.7815039040587131,0.7616042299469962,0.7815039040587131,0.7919078823863438,0,private_random
AOI-0058,2017-06-10,161,озимая пшеница,0.8100751220464755,modis,0.7470740657459902,0.7470740657459902,0.7455381483906967,0.7777924128518622,0.7455381483906967,0.7440028606843996,0,private_random
AOI-0058,2017-06-12,163,озимая пшеница,0.8930854565752309,landsat,0.7958144990504351,0.7958144990504351,0.8023447965751709,0.7696933089514916,0.8023447965751709,0.8059116974256281,0,private_random
AOI-0058,2017-09-30,273,озимая пшеница,0.3044550673696544,modis,0.24782216734149798,0.24782216734149798,0.2979130982342713,0.22742128800795322,0.2979130982342713,0.2485062461825529,0,private_random
AOI-0058,2017-10-18,291,озимая пшеница,0.0519085157402747,landsat,0.2162618205388791,0.2162618205388791,0.1917714851431458,0.23973184231823141,0.2231496396000982,0.22131354423063132,0,private_random
AOI-0058,2018-04-04,94,озимая пшеница,0.4942709278995908,landsat,0.47953493713173345,0.47953493713173345,0.47698609946518894,0.48973028779791156,0.47698609946518894,0.5328724177786325,0,private_random
AOI-0058,2018-05-09,129,озимая пшеница,0.6570811169693421,modis,0.6786011459615972,0.6786011459615972,0.6818677134337603,0.6263360664069859,0.6818677134337603,0.7239126129016029,0,private_random
AOI-0058,2018-07-18,199,озимая пшеница,0.4793937899226272,landsat,0.4706670334368956,0.4706670334368956,0.46739916684638755,0.47938134434491686,0.46739916684638755,0.4826453632528211,0,private_random
AOI-0058,2018-08-10,222,озимая пшеница,0.5318644449018924,landsat,0.3974436176413249,0.3974436176413249,0.39658605064137953,0.3997304629745126,0.39658605064137953,0.40388083801604097,0,private_random
AOI-0058,2018-08-27,239,озимая пшеница,0.3747066646513857,landsat,0.38482764054498236,0.38482764054498236,0.38514113417662516,0.38315567450955407,0.38514113417662516,0.38459488977402356,0,private_random
AOI-0058,2018-09-12,255,озимая пшеница,0.506526341971552,landsat,0.4069874952029041,0.4069874952029041,0.4061701659745942,0.4091670398117304,0.4061701659745942,0.4103950025417762,0,private_random
AOI-0058,2018-10-06,279,озимая пшеница,0.475518048849755,landsat,0.43391697726479106,0.43391697726479106,0.43493636207448677,0.42848025827974706,0.43493636207448677,0.4356276555170573,0,private_random
AOI-0058,2018-10-29,302,озимая пшеница,0.2719050816642109,landsat,0.275988688608139,0.275988688608139,0.27199962231544383,0.28130744366506594,0.27199962231544383,0.27775359890715196,0,private_random
AOI-0058,2019-04-08,98,озимая пшеница,0.7508598173582751,landsat,0.711904630759907,0.711904630759907,0.7124891110916616,0.7103460165418948,0.7124891110916616,0.7142073925024747,0,private_random
AOI-0058,2019-04-24,114,озимая пшеница,0.7965550796881045,landsat,0.7966105016245084,0.7966105016245084,0.7890108200202683,0.7965422415243021,0.8042613783039032,0.7998350050940122,0,private_random
AOI-0058,2019-05-17,137,озимая пшеница,0.8095418830091557,landsat,0.850545593425276,0.850545593425276,0.8556829294046835,0.8368460308135227,0.8556829294046835,0.8718818862602984,0,private_random
AOI-0058,2019-06-18,169,озимая пшеница,0.443634351400955,landsat,0.4988374942031526,0.4988374942031526,0.47084842611463323,0.5060935020804953,0.5241055593376684,0.5176223730709795,0,private_random
AOI-0058,2019-07-20,201,озимая пшеница,0.1550873703819276,s2,0.22088965302182673,0.22088965302182673,0.21530583840503478,0.2730052561118848,0.21530583840503478,0.19644005128411113,0,private_random
AOI-0058,2019-07-29,210,озимая пшеница,0.2538080237705507,landsat,0.2539752303300864,0.2539752303300864,0.2674847057665673,0.2710628695582274,0.2674847057665673,0.2405708003783621,0,private_random
AOI-0058,2019-08-29,241,озимая пшеница,0.1675684072284873,s2,0.21699322253376224,0.21699322253376224,0.17991999071320733,0.2307506819724935,0.17991999071320733,0.20978712861236753,0,private_random
AOI-0058,2019-09-18,261,озимая пшеница,0.1132936257431057,s2,0.1416464915653608,0.1416464915653608,0.13223422226748668,0.1918452611540228,0.13223422226748668,0.13293423039235827,0,private_random
AOI-0058,2020-04-22,113,озимая пшеница,0.5187723882054288,modis,0.49547281328156134,0.49547281328156134,0.4451968714058837,0.4943117268663255,0.558535444329015,0.4859547891596921,0,private_random
AOI-0058,2020-04-26,117,озимая пшеница,0.5050372161586302,landsat,0.4911632642208616,0.4911632642208616,0.48885883848494266,0.5034535348124293,0.48885883848494266,0.4832805887296252,0,private_random
AOI-0058,2020-05-12,133,озимая пшеница,0.5593114846492423,landsat,0.5051733312013943,0.5051733312013943,0.48723527668702266,0.5483036682144632,0.5464160429259657,0.502597446414748,0,private_random
AOI-0058,2020-06-09,161,озимая пшеница,0.7637731107205625,modis,0.5450932262413668,0.5450932262413668,0.5341520520520684,0.5604454880288939,0.5667845672361811,0.5651339309545856,0,private_random
AOI-0058,2020-07-24,206,озимая пшеница,0.4087701381105505,s2,0.44919005902237397,0.44919005902237397,0.44288395109850043,0.4558902994060297,0.44288395109850043,0.44600095174577675,0,private_random
AOI-0058,2020-07-31,213,озимая пшеница,0.3233779785216994,landsat,0.39637163651489027,0.39637163651489027,0.3788389789571429,0.413505577539506,0.41834726594204413,0.39867273481297033,0,private_random
AOI-0058,2020-08-24,237,озимая пшеница,0.3701363842945951,landsat,0.3517297501690758,0.3517297501690758,0.3520830474871778,0.34937443471506285,0.3520830474871778,0.3501117107208947,0,private_random
AOI-0058,2020-09-02,246,озимая пшеница,0.3012405103462445,s2,0.30152254440744336,0.30152254440744336,0.2902818199842633,0.3283234170223652,0.2902818199842633,0.2954803439046373,0,private_random
AOI-0058,2020-09-22,266,озимая пшеница,0.3026388500860186,s2,0.3148247222549519,0.3148247222549519,0.31218848315921743,0.339429620481807,0.31218848315921743,0.3261234459826003,0,private_random
AOI-0058,2021-05-07,127,озимая пшеница,0.5754931142051503,landsat,0.5661343747654499,0.5661343747654499,0.5391810651042964,0.5980984339517924,0.5850966696300177,0.5677151552196876,0,private_random
AOI-0058,2021-06-19,170,озимая пшеница,0.8261462290146178,s2,0.6519724545645094,0.6519724545645094,0.646762509399685,0.6552345121956945,0.646762509399685,0.674985009279397,0,private_random
AOI-0058,2021-08-02,214,озимая пшеница,0.4594346441727166,landsat,0.3305363811782527,0.3305363811782527,0.3469436758018733,0.34299465264561646,0.3469436758018733,0.32687979898430464,0,private_random
AOI-0058,2021-08-18,230,озимая пшеница,0.2801412046198126,s2,0.2839728817502934,0.2839728817502934,0.2801357408346635,0.32490238485034567,0.2801357408346635,0.24457095712364335,0,private_random
AOI-0058,2021-08-29,241,озимая пшеница,0.5519379222808046,modis,0.34728708175869716,0.34728708175869716,0.36084923757762083,0.33102671934822236,0.36084923757762083,0.3570241314202506,0,private_random
AOI-0058,2021-09-04,247,озимая пшеница,0.3588402363704374,landsat,0.35829569756453944,0.35829569756453944,0.3551317185675621,0.3749633829870062,0.37427074447048514,0.3501430671101494,0,private_random
AOI-0058,2021-09-28,271,озимая пшеница,0.5225253946140435,landsat,0.44700655482070056,0.44700655482070056,0.44757498398170115,0.4462486492726998,0.44757498398170115,0.44721601516512827,0,private_random
AOI-0058,2021-10-21,294,озимая пшеница,0.4355759878345511,landsat,0.3877526850846884,0.3877526850846884,0.3949958727624293,0.400150288128925,0.3949958727624293,0.3723745836482626,0,private_random
AOI-0058,2022-05-09,129,озимая пшеница,0.8680622701180648,landsat,0.7906744944614021,0.7906744944614021,0.7890202245481129,0.7962382265300437,0.80966147419597,0.8068457238410669,0,private_random
AOI-0058,2022-06-02,153,озимая пшеница,0.8862373735152811,landsat,0.7931376603751797,0.7931376603751797,0.7872857361205788,0.775280286533226,0.8056860998205133,0.8023642275310305,0,private_random
AOI-0058,2022-06-29,180,озимая пшеница,0.3269927894557072,s2,0.4455043270736064,0.4455043270736064,0.4361067704086346,0.45763720592136065,0.4361067704086346,0.487816101331471,0,private_random
AOI-0058,2022-07-09,190,озимая пшеница,0.195916052284863,s2,0.28225213902956736,0.28225213902956736,0.2782602518302541,0.3248322691555749,0.2782602518302541,0.3006077826002785,0,private_random
AOI-0058,2022-07-24,205,озимая пшеница,0.1541274746605918,s2,0.21156131385229354,0.21156131385229354,0.18369608410152558,0.24488332007977479,0.18369608410152558,0.2028815303060345,0,private_random
AOI-0058,2022-09-02,245,озимая пшеница,0.2143950994900599,s2,0.2421859549210533,0.2421859549210533,0.23909144016419495,0.27932013200335365,0.23909144016419495,0.24578957294537182,0,private_random
AOI-0058,2022-09-17,260,озимая пшеница,0.2191927754791495,s2,0.21365799592613602,0.21365799592613602,0.20926713592126947,0.2546393559715569,0.20926713592126947,0.22301060915883258,0,private_random
AOI-0058,2023-04-23,113,озимая пшеница,0.6120467877367703,modis,0.48050212474679677,0.48050212474679677,0.48437846513907273,0.40297531690127747,0.48437846513907273,0.4866877175631142,0,private_random
AOI-0058,2023-05-13,133,озимая пшеница,0.475520625369337,landsat,0.5394097777909292,0.5394097777909292,0.5369363358296133,0.5493035456361928,0.5369363358296133,0.5255733040216276,0,private_random
AOI-0058,2023-05-28,148,озимая пшеница,0.8070482831586101,landsat,0.7571551927092981,0.7571551927092981,0.7620439791548278,0.7441184288545518,0.7620439791548278,0.7693144800947423,0,private_random
AOI-0058,2023-08-13,225,озимая пшеница,0.6135202292580696,s2,0.5971536100324807,0.5971536100324807,0.5966421671061038,0.5941429237787114,0.5966421671061038,0.5634471621731224,0,private_random
AOI-0058,2023-08-16,228,озимая пшеница,0.5257666091985865,landsat,0.5719331580317232,0.5719331580317232,0.5796676397512681,0.5616205157389967,0.5796676397512681,0.5368377542427247,0,private_random
AOI-0058,2023-08-18,230,озимая пшеница,0.4592715450434024,s2,0.5403351424825599,0.5403351424825599,0.5320661696503938,0.5367024758003783,0.5320661696503938,0.5029243870018377,0,private_random
AOI-0058,2023-08-29,241,озимая пшеница,0.481636047646944,modis,0.438826109485384,0.438826109485384,0.43879678464890076,0.4394126062150478,0.43879678464890076,0.4338145784362812,0,private_random
AOI-0058,2023-09-26,269,озимая пшеница,0.5194201799696989,landsat,0.495957499089761,0.495957499089761,0.49923646425039186,0.4928076934331666,0.49923646425039186,0.491933471320696,0,private_random
AOI-0058,2023-10-16,289,озимая пшеница,0.4971371802382347,modis,0.45014649183762395,0.45014649183762395,0.45681377486331987,0.44145706965379955,0.45681377486331987,0.4525531174078833,0,private_random
AOI-0058,2023-10-20,293,озимая пшеница,0.4985382192267272,landsat,0.4515368663371651,0.4515368663371651,0.4532059397973893,0.4470860037765669,0.4532059397973893,0.44996377941995547,0,private_random
AOI-0058,2024-04-04,95,озимая пшеница,0.763844639820207,s2,0.6526191279285795,0.6526191279285795,0.6486404040986484,0.684448918568028,0.6486404040986484,0.6742064692514801,0,private_random
AOI-0058,2024-05-07,128,озимая пшеница,0.8340280975428959,landsat,0.784802579136258,0.784802579136258,0.7876415323355802,0.7696614954065394,0.7876415323355802,0.7822935229072477,0,private_random
AOI-0058,2024-05-08,129,озимая пшеница,0.8117729349736382,modis,0.7601875786444832,0.7601875786444832,0.7582925882963354,0.7637248939610256,0.7582925882963354,0.7468202411103269,0,private_random
AOI-0058,2024-06-18,170,озимая пшеница,0.2774505860137829,s2,0.4474340340583687,0.4474340340583687,0.4272375576705044,0.466729142108612,0.4272375576705044,0.47677270660671117,0,private_random
AOI-0058,2024-07-10,192,озимая пшеница,0.3292926740647782,landsat,0.3446077811575912,0.3446077811575912,0.3270675967638254,0.35902516590375905,0.3594447059114506,0.33285411539963394,0,private_random
AOI-0058,2024-09-16,260,озимая пшеница,0.2115589929030775,s2,0.2270628625443143,0.2270628625443143,0.22374804699611114,0.2668406491227519,0.22374804699611114,0.2270387547893679,0,private_random
AOI-0058,2024-09-26,270,озимая пшеница,0.1981725268056048,s2,0.21669745187486786,0.21669745187486786,0.21323243184522095,0.25827769223063096,0.21323243184522095,0.21848592582823656,0,private_random
AOI-0058,2024-10-15,289,озимая пшеница,0.2946053309900411,modis,0.31398045347308345,0.31398045347308345,0.3184400246064311,0.2485734101839839,0.3184400246064311,0.3131081274357172,0,private_random
AOI-0058,2025-05-09,129,озимая пшеница,0.2291098603978417,s2,0.5740964579877073,0.5740964579877073,0.6010705160534262,0.4818421059223963,0.3923141691915518,0.5441391418109797,0,private_random
AOI-0058,2025-07-10,191,озимая пшеница,0.5182651111508639,s2,0.48364385257895404,0.48364385257895404,0.4834037178379083,0.49997301497006186,0.4834037178379083,0.5092315334603614,0,private_random
AOI-0058,2025-07-12,193,озимая пшеница,0.491665396420508,landsat,0.46113887781528795,0.46113887781528795,0.46229759424163513,0.4574514790759694,0.47526428431721734,0.43962044833852165,0,private_random
AOI-0058,2025-08-13,225,озимая пшеница,0.2562372263957838,landsat,0.30591060444458706,0.30591060444458706,0.32090446645548026,0.2570880229143078,0.2545187138011815,0.2863340189166359,0,private_random
AOI-0058,2025-08-29,241,озимая пшеница,0.1399956327774697,s2,0.15547752320280392,0.15547752320280392,0.15478567101760266,0.20898075885836787,0.15478567101760266,0.15194669921103135,0,private_random
AOI-0058,2025-09-01,244,озимая пшеница,0.1302509137643932,s2,0.17121178873625256,0.17121178873625256,0.15784543283995583,0.2117222512867648,0.15784543283995583,0.16646783119461678,0,private_random
AOI-0058,2025-09-21,264,озимая пшеница,0.1668586820129526,s2,0.17260754617689167,0.17260754617689167,0.17160974449383581,0.22316283145172178,0.17160974449383581,0.17237138661824794,0,private_random
AOI-0058,2025-09-30,273,озимая пшеница,0.2946833430970513,modis,0.2944684710570491,0.2944684710570491,0.30301944503898126,0.22839507315488197,0.30301944503898126,0.29059023504449194,0,private_random
AOI-0059,2010-05-09,129,озимая пшеница,0.6544038242473555,modis,0.5388224754870893,0.5388224754870893,0.544195041382015,0.45286142116827627,0.544195041382015,0.5856160302621489,0,private_random
AOI-0059,2010-05-25,145,озимая пшеница,0.8040438161106591,modis,0.6858634433684999,0.6858634433684999,0.6866252182312452,0.6685965464796056,0.6866252182312452,0.7023080616336739,0,private_random
AOI-0059,2010-07-27,208,озимая пшеница,0.6126778819501141,landsat,0.5789945040164709,0.5789945040164709,0.5832368025376564,0.567681707959976,0.5832368025376564,0.575288758801677,0,private_random
AOI-0059,2011-04-02,92,озимая пшеница,0.2234980367934954,landsat,0.5147102810812337,0.5147102810812337,0.5135141697485596,0.5210895415221629,0.5135141697485596,0.3120648848339502,0,private_random
AOI-0059,2011-08-29,241,озимая пшеница,0.5974769324654191,modis,0.47839998714849796,0.47839998714849796,0.4796588847115516,0.45322203588742555,0.4796588847115516,0.5133948200871236,0,private_random
AOI-0059,2011-09-25,268,озимая пшеница,0.7780681211617136,landsat,0.6693028543154897,0.6693028543154897,0.6687477266114038,0.6730037056760619,0.6687477266114038,0.679430441452068,0,private_random
AOI-0059,2011-10-27,300,озимая пшеница,0.6609382868927363,landsat,0.5296391538496145,0.5296391538496145,0.5296274171990093,0.5297017493195089,0.5296274171990093,0.4266570276246008,0,private_random
AOI-0059,2012-05-13,134,озимая пшеница,0.8847453785421564,landsat,0.7099823579367348,0.7099823579367348,0.7130729738745968,0.6934990729348045,0.7130729738745968,0.7058435146010771,0,private_random
AOI-0059,2012-09-18,262,озимая пшеница,0.1900769448530903,landsat,0.3116698352927348,0.3116698352927348,0.3054453536819297,0.32826845292154827,0.3054453536819297,0.2744612957752912,0,private_random
AOI-0059,2012-10-15,289,озимая пшеница,0.5717963384865746,modis,0.35533000134043335,0.35533000134043335,0.3679789147045943,0.32526073463955635,0.3679789147045943,0.37079631119527146,0,private_random
AOI-0059,2013-07-04,185,озимая пшеница,0.241543788999677,landsat,0.27789232190180285,0.27789232190180285,0.2775702408353918,0.28003952901120993,0.2775702408353918,0.28006134483971623,0,private_random
AOI-0059,2013-08-12,224,озимая пшеница,0.2717765550032375,landsat,0.2157349419532861,0.2157349419532861,0.21427673584115156,0.21962349158564487,0.21427673584115156,0.2049936750880066,0,private_random
AOI-0059,2013-09-14,257,озимая пшеница,0.345119690805533,modis,0.28669912299797234,0.28669912299797234,0.2915328638137109,0.23513922096342807,0.2915328638137109,0.29041156851235433,0,private_random
AOI-0059,2013-10-24,297,озимая пшеница,0.409838768226421,landsat,0.22984230822295637,0.22984230822295637,0.2278603836583864,0.24305513865342263,0.2278603836583864,0.1738828190759141,0,private_random
AOI-0059,2014-04-25,115,озимая пшеница,0.8754277035126797,landsat,0.835307390792356,0.835307390792356,0.8156856295438847,0.8381804868223907,0.8527743300183018,0.8743406770008016,0,private_random
AOI-0059,2014-05-11,131,озимая пшеница,0.9076452829455922,landsat,0.8318171033440613,0.8318171033440613,0.8397794477751276,0.810584184861218,0.8397794477751276,0.8768333266208935,0,private_random
AOI-0059,2014-06-29,180,озимая пшеница,0.2275825390412673,landsat,0.38987530910165036,0.38987530910165036,0.388210472015193,0.4009742230113658,0.388210472015193,0.3815599694537361,0,private_random
AOI-0059,2014-09-30,273,озимая пшеница,0.3252694873881204,modis,0.3166554307155004,0.3166554307155004,0.3201542047300248,0.2560100144637443,0.3201542047300248,0.33518549325138025,0,private_random
AOI-0059,2014-10-02,275,озимая пшеница,0.2212897793563136,landsat,0.2455362332613207,0.2455362332613207,0.24205483171974781,0.25481997070551504,0.24205483171974781,0.2734350915967721,0,private_random
AOI-0059,2015-07-12,193,озимая пшеница,0.759778681855167,modis,0.7666156578541208,0.7666156578541208,0.7553388946483388,0.7864594422369254,0.7553388946483388,0.7696745676080079,0,private_random
AOI-0059,2015-08-11,223,озимая пшеница,0.7411746805598567,landsat,0.6557359414403936,0.6557359414403936,0.6563947197119938,0.6504657152675932,0.6563947197119938,0.669062871433625,0,private_random
AOI-0059,2015-09-20,263,озимая пшеница,0.5281932250306002,landsat,0.4877059974342569,0.4877059974342569,0.48772037523114087,0.4876101454550305,0.48772037523114087,0.4734531665080202,0,private_random
AOI-0059,2015-10-16,289,озимая пшеница,0.3030897477624085,modis,0.3021284479216503,0.3021284479216503,0.32111977251062823,0.26594477717506976,0.32111977251062823,0.2907749906676293,0,private_random
AOI-0059,2015-10-29,302,озимая пшеница,0.1841976299679795,landsat,0.20943907034290696,0.20943907034290696,0.20601340569319096,0.21857417607548282,0.20601340569319096,0.21322168954313328,0,private_random
AOI-0059,2016-06-09,161,озимая пшеница,0.7618135069161923,modis,0.7408004769438452,0.7408004769438452,0.7394440603838159,0.7606945864909394,0.7394440603838159,0.7248880713542388,0,private_random
AOI-0059,2016-06-18,170,озимая пшеница,0.6996379969115399,landsat,0.6930340282692349,0.6930340282692349,0.6966959293999926,0.6735038889051941,0.6966959293999926,0.7029996967345925,0,private_random
AOI-0059,2016-06-25,177,озимая пшеница,0.4490544749134031,landsat,0.5875177424156597,0.5875177424156597,0.5885238670305956,0.5767857465230111,0.5923699065052783,0.5339311740402607,0,private_random
AOI-0059,2016-06-26,178,озимая пшеница,0.4464627149034236,landsat,0.5969143773931372,0.5969143773931372,0.599190810112333,0.5787029156395719,0.599190810112333,0.5879174829769207,0,private_random
AOI-0059,2017-05-04,124,озимая пшеница,0.8778592375055796,landsat,0.8720144117682467,0.8720144117682467,0.8777361493669512,0.8491274613734282,0.8777361493669512,0.8707683706612777,0,private_random
AOI-0059,2017-05-12,132,озимая пшеница,0.905806470996818,landsat,0.8959675078237079,0.8959675078237079,0.9004101473915819,0.8663499107045478,0.9004101473915819,0.8992062212832633,0,private_random
AOI-0059,2017-05-19,139,озимая пшеница,0.9193382396998044,landsat,0.882030622946701,0.882030622946701,0.8954692203156676,0.8641124931214123,0.8954692203156676,0.8992211302367351,0,private_random
AOI-0059,2017-06-13,164,озимая пшеница,0.8889529441891334,landsat,0.8212831384349337,0.8212831384349337,0.8293565557872311,0.7997540254954743,0.8293565557872311,0.8275856772632809,0,private_random
AOI-0059,2017-06-21,172,озимая пшеница,0.78430162002295,landsat,0.7371574952863335,0.7371574952863335,0.7399321141536561,0.7149605443477524,0.7399321141536561,0.734119825995551,0,private_random
AOI-0059,2017-06-28,179,озимая пшеница,0.6188170035057089,landsat,0.5943494818333614,0.5943494818333614,0.5973166526978229,0.5824807983755155,0.5973166526978229,0.6228041315376437,0,private_random
AOI-0059,2017-10-08,281,озимая пшеница,0.1471662903196163,s2,0.1536555528476839,0.1536555528476839,0.14917555593993712,0.20144218653031634,0.14917555593993712,0.15665336052525825,0,private_random
AOI-0059,2018-06-07,158,озимая пшеница,0.528836516170479,landsat,0.4808415294608236,0.4808415294608236,0.45466830312312073,0.49283006349069614,0.5040176222910583,0.501214365065731,0,private_random
AOI-0059,2018-06-10,161,озимая пшеница,0.6300681448331977,modis,0.5213653241606413,0.5213653241606413,0.530409327229629,0.5072168691635616,0.530409327229629,0.5364786824730582,0,private_random
AOI-0059,2018-07-02,183,озимая пшеница,0.7096062819828517,landsat,0.5975297128845547,0.5975297128845547,0.5962543323584494,0.5982676963381487,0.6011713585994726,0.5980440532787786,0,private_random
AOI-0059,2018-09-19,262,озимая пшеница,0.1785339819129701,landsat,0.2298112933603985,0.2298112933603985,0.22832850053111348,0.2337654075718251,0.22832850053111348,0.2371970236626616,0,private_random
AOI-0059,2018-10-13,286,озимая пшеница,0.1841777775191825,s2,0.17411771532870451,0.17411771532870451,0.16998185976083113,0.22374798214318528,0.16998185976083113,0.1714545741380976,0,private_random
AOI-0059,2018-10-29,302,озимая пшеница,0.311590347052954,landsat,0.2235184184542033,0.2235184184542033,0.21854443949814775,0.23015039039561067,0.21854443949814775,0.3201249733114212,0,private_random
AOI-0059,2018-10-30,303,озимая пшеница,0.2513074795749094,landsat,0.22003715611984287,0.22003715611984287,0.21818760768301748,0.22990141444957826,0.21818760768301748,0.3183358739824265,0,private_random
AOI-0059,2019-05-25,145,озимая пшеница,0.8959121643612696,modis,0.7677897511936819,0.7677897511936819,0.768373672189514,0.7729124269630345,0.768373672189514,0.7716395910075382,0,private_random
AOI-0059,2019-06-25,176,озимая пшеница,0.2261575108966746,s2,0.29521129968785426,0.29521129968785426,0.2884700872343882,0.3491409993155828,0.2884700872343882,0.3031574091954631,0,private_random
AOI-0059,2019-08-05,217,озимая пшеница,0.2572111112381886,landsat,0.2664375016199471,0.2664375016199471,0.2655615341902887,0.26877341476570266,0.2655615341902887,0.25989022597312256,0,private_random
AOI-0059,2019-08-29,241,озимая пшеница,0.1160807508390338,s2,0.21779727254318665,0.21779727254318665,0.1768680960049979,0.23034948291237203,0.1768680960049979,0.21558861694845105,0,private_random
AOI-0059,2019-09-13,256,озимая пшеница,0.1287729354857989,s2,0.1964104944960721,0.1964104944960721,0.19211896390635338,0.24218682078640494,0.19211896390635338,0.18464932492437228,0,private_random
AOI-0059,2019-09-15,258,озимая пшеница,0.2147155946441496,landsat,0.20589726721422355,0.20589726721422355,0.18771781206267948,0.2374017307633499,0.23180422681396443,0.1990566437157581,0,private_random
AOI-0059,2019-09-23,266,озимая пшеница,0.1947925213784118,s2,0.20651546312617697,0.20651546312617697,0.20218100107257272,0.2469704422931498,0.20218100107257272,0.19055609187966793,0,private_random
AOI-0059,2020-05-28,149,озимая пшеница,0.4094408822683726,landsat,0.5160854380205624,0.5160854380205624,0.5291663966491666,0.540116307661736,0.5291663966491666,0.5118083827820931,0,private_random
AOI-0059,2020-06-24,176,озимая пшеница,0.713168435809552,s2,0.7737178076312565,0.7737178076312565,0.7727264389065692,0.767954230508933,0.7727264389065692,0.7922702402156516,0,private_random
AOI-0059,2020-06-28,180,озимая пшеница,0.867957807491334,landsat,0.7856962086693149,0.7856962086693149,0.7856423393012187,0.7649790193480926,0.7856423393012187,0.788709572155025,0,private_random
AOI-0059,2020-07-07,189,озимая пшеница,0.7792185686041367,landsat,0.7502257021445428,0.7502257021445428,0.7547393590271568,0.723570112747144,0.7547393590271568,0.7538894783722514,0,private_random
AOI-0059,2020-07-24,206,озимая пшеница,0.7138957605857174,s2,0.6888854046585057,0.6888854046585057,0.6906132822820635,0.6693281630403076,0.6906132822820635,0.6909282651452225,0,private_random
AOI-0059,2020-08-03,216,озимая пшеница,0.7348355614014167,s2,0.6307261917656591,0.6307261917656591,0.6287930286237784,0.624927772713042,0.6287930286237784,0.624852537261137,0,private_random
AOI-0059,2020-08-24,237,озимая пшеница,0.5955073525881951,landsat,0.5637926214311526,0.5637926214311526,0.5657784840115021,0.5505535375621559,0.5657784840115021,0.5574381294871222,0,private_random
AOI-0059,2020-10-03,277,озимая пшеница,0.4980503526142076,landsat,0.4653882161605553,0.4653882161605553,0.4652147707530982,0.466081997790384,0.4652147707530982,0.48194600205555654,0,private_random
AOI-0059,2020-10-15,289,озимая пшеница,0.2527272172497966,modis,0.3629835703273714,0.3629835703273714,0.37787299951076914,0.3232305540258721,0.37787299951076914,0.3099449130349221,0,private_random
AOI-0059,2021-04-07,97,озимая пшеница,0.7470115606936416,modis,0.7860635558505509,0.7860635558505509,0.7848279683320493,0.8074804061712458,0.7848279683320493,0.7352003269033625,0,private_random
AOI-0059,2021-06-14,165,озимая пшеница,0.7790338057710573,s2,0.5433183797606715,0.5433183797606715,0.5412980409532545,0.5675624454496759,0.5412980409532545,0.5428216156667782,0,private_random
AOI-0059,2021-07-02,183,озимая пшеница,0.3174951620515548,landsat,0.4268986670777069,0.4268986670777069,0.43039082179526944,0.42897507574909577,0.43039082179526944,0.42570453560839955,0,private_random
AOI-0059,2021-07-10,191,озимая пшеница,0.3120359040991836,landsat,0.3434680634405867,0.3434680634405867,0.34333213062683293,0.34455552595061695,0.34333213062683293,0.3424301575400096,0,private_random
AOI-0059,2021-07-26,207,озимая пшеница,0.2850548667761612,landsat,0.2290122270813227,0.2290122270813227,0.20442860446505012,0.26355004688867534,0.26555772544592104,0.24781812911948045,0,private_random
AOI-0059,2021-08-03,215,озимая пшеница,0.1744570366728288,s2,0.284905947811057,0.284905947811057,0.2812353760537359,0.3387410002517665,0.2812353760537359,0.25244591771570035,0,private_random
AOI-0059,2021-10-07,280,озимая пшеница,0.2267575920306384,s2,0.24678615920888267,0.24678615920888267,0.23451842258352698,0.28105807202655303,0.23451842258352698,0.2409341889326562,0,private_random
AOI-0059,2022-07-13,194,озимая пшеница,0.7746967375417464,landsat,0.750496124248224,0.750496124248224,0.7576446749048495,0.740964723372723,0.7576446749048495,0.7617662559546812,0,private_random
AOI-0059,2022-07-28,209,озимая пшеница,0.8279805296188818,landsat,0.7135025199160759,0.7135025199160759,0.6805798342924603,0.7508948815410125,0.7919482578394836,0.7245398294087577,0,private_random
AOI-0059,2022-08-03,215,озимая пшеница,0.737178488108051,s2,0.7716948139098008,0.7716948139098008,0.7785989818983869,0.7421788752698272,0.7785989818983869,0.7764981811065845,0,private_random
AOI-0059,2022-08-13,225,озимая пшеница,0.7544420631873366,s2,0.671733709429154,0.671733709429154,0.7057049571843598,0.6815858870704791,0.7057049571843598,0.6775136385585254,0,private_random
AOI-0059,2022-08-25,237,озимая пшеница,0.6017584205035524,landsat,0.6000469788322724,0.6000469788322724,0.5943957186243051,0.5968029135782573,0.6129663610779029,0.6184652847234664,0,private_random
AOI-0059,2022-08-28,240,озимая пшеница,0.5267459753252514,s2,0.5862035995614858,0.5862035995614858,0.5874175863675174,0.5732544069638151,0.5874175863675174,0.588637727398814,0,private_random
AOI-0059,2022-09-07,250,озимая пшеница,0.5070134639324253,s2,0.5055905232769322,0.5055905232769322,0.506507818038831,0.5079252024883365,0.506507818038831,0.5089758913133979,0,private_random
AOI-0059,2023-04-01,91,озимая пшеница,0.6816119120259265,landsat,0.6401071465900463,0.6401071465900463,0.6418428976029211,0.6377928119062133,0.6418428976029211,0.6711888978512763,0,private_random
AOI-0059,2023-04-07,97,озимая пшеница,0.7848993897477623,modis,0.6950311594883207,0.6950311594883207,0.7050715263238572,0.6796960370908126,0.7050715263238572,0.7303134060056882,0,private_random
AOI-0059,2023-05-04,124,озимая пшеница,0.8944181450059782,landsat,0.8594275076114251,0.8594275076114251,0.8778289526713474,0.8464293195748835,0.8778289526713474,0.8644448885474627,0,private_random
AOI-0059,2023-06-23,174,озимая пшеница,0.6988828384566812,landsat,0.638509117793035,0.638509117793035,0.6422791433598442,0.6221978442679926,0.6422791433598442,0.6381709880002693,0,private_random
AOI-0059,2023-07-23,204,озимая пшеница,0.3559240957338423,landsat,0.21220629297695337,0.21220629297695337,0.18568279524145395,0.24170437124678226,0.24312972974558053,0.22026390145865138,0,private_random
AOI-0059,2023-08-16,228,озимая пшеница,0.207490130782195,landsat,0.21931268056698375,0.21931268056698375,0.2169043249986308,0.22252382132478765,0.2169043249986308,0.2173227332830832,0,private_random
AOI-0059,2023-09-01,244,озимая пшеница,0.255657140671779,landsat,0.24341188049358808,0.24341188049358808,0.25031329183792617,0.2505204716398333,0.25031329183792617,0.23842370318562278,0,private_random
AOI-0059,2023-09-14,257,озимая пшеница,0.3670246135069162,modis,0.3000281929209586,0.3000281929209586,0.2682642972828186,0.3046797476000391,0.3374471344848647,0.3086033937095948,0,private_random
AOI-0059,2023-09-22,265,озимая пшеница,0.2958726970353479,s2,0.25757159405595864,0.25757159405595864,0.2548875534774426,0.2969375225408604,0.2548875534774426,0.24897281932671939,0,private_random
AOI-0059,2023-10-04,277,озимая пшеница,0.1810470588391935,landsat,0.1941826133580371,0.1941826133580371,0.1818131337326317,0.23661274556661713,0.2206835191821084,0.19220805294119384,0,private_random
AOI-0059,2024-05-06,127,озимая пшеница,0.2742968936458928,landsat,0.2610520435004632,0.2610520435004632,0.24040956283096657,0.3562959378391735,0.3129301657039397,0.2593894636441829,0,private_random
AOI-0059,2024-05-08,129,озимая пшеница,0.6289375915378357,modis,0.45773744553899814,0.45773744553899814,0.5139280020216016,0.3528484067714716,0.5139280020216016,0.4684621228342042,0,private_random
AOI-0059,2024-06-07,159,озимая пшеница,0.5386837330869088,landsat,0.4781193231727444,0.4781193231727444,0.4998782620613772,0.48262439154362596,0.4998782620613772,0.5113871160327207,0,private_random
AOI-0059,2024-06-18,170,озимая пшеница,0.6168681426981542,s2,0.5439212695240003,0.5439212695240003,0.5268916012063027,0.5522213042605081,0.5268916012063027,0.5853091766747653,0,private_random
AOI-0059,2024-06-24,176,озимая пшеница,0.5870915078479633,landsat,0.5921086031072836,0.5921086031072836,0.5938545791851765,0.5781407944841412,0.5938545791851765,0.6239432504834805,0,private_random
AOI-0059,2024-07-02,184,озимая пшеница,0.6156939295606566,landsat,0.5766087558643263,0.5766087558643263,0.5825634317258237,0.5624491772282051,0.5825634317258237,0.5755542349143759,0,private_random
AOI-0059,2024-07-11,193,озимая пшеница,0.4292270545158666,modis,0.4643063608990669,0.4643063608990669,0.4663230516249968,0.44661509741435607,0.4663230516249968,0.4062258591167118,0,private_random
AOI-0059,2024-08-10,223,озимая пшеница,0.2038714630845885,landsat,0.195038473031963,0.195038473031963,0.2075009796482409,0.2135170411994086,0.2075009796482409,0.17917397398664497,0,private_random
AOI-0059,2024-08-11,224,озимая пшеница,0.2170344139991757,landsat,0.194765807194281,0.194765807194281,0.20366839433346248,0.20978000091010932,0.20366839433346248,0.18449522122229872,0,private_random
AOI-0059,2025-04-24,114,озимая пшеница,0.8327739034105088,s2,0.7476132024820671,0.7476132024820671,0.7472433076000736,0.7609294182338339,0.7472433076000736,0.8171967957517507,0,private_random
AOI-0059,2025-04-29,119,озимая пшеница,0.8670246322493455,s2,0.7400104113797354,0.7400104113797354,0.7396184345117401,0.7541215786275709,0.7396184345117401,0.8171967957517507,0,private_random
AOI-0059,2025-05-04,124,озимая пшеница,0.844940601149337,s2,0.7381333337850451,0.7381333337850451,0.729114877769191,0.7450373117495314,0.729114877769191,0.8258835736735365,0,private_random
AOI-0059,2025-05-19,139,озимая пшеница,0.8109037461646407,s2,0.7258317697700335,0.7258317697700335,0.716045673903959,0.7316946944475015,0.716045673903959,0.7994177580738326,0,private_random
AOI-0059,2025-06-08,159,озимая пшеница,0.367305120499277,s2,0.4101300167682694,0.4101300167682694,0.40942655119235977,0.45327590542406077,0.40942655119235977,0.35872108400928104,0,private_random
AOI-0059,2025-07-05,186,озимая пшеница,0.2422185568857462,landsat,0.2146307368699903,0.2146307368699903,0.20052161704740193,0.257631095488243,0.2565548934059041,0.23896169215678262,0,private_random
AOI-0059,2025-07-08,189,озимая пшеница,0.1707854552911538,s2,0.19713206806258687,0.19713206806258687,0.1842016982300145,0.24245015354527485,0.1842016982300145,0.21144079458192305,0,private_random
AOI-0059,2025-09-22,265,озимая пшеница,0.2088216539609636,landsat,0.21088357606151162,0.21088357606151162,0.21058185174678032,0.21369966966567025,0.21058185174678032,0.21002879289175885,0,private_random
AOI-0060,2025-04-07,97,озимая пшеница,0.6809021231422505,modis,0.6098762588340763,0.6098762588340763,0.6151152179127235,0.5645415748806791,0.6151152179127235,0.7398149707431079,0,private_random
AOI-0060,2025-04-24,114,озимая пшеница,0.7505626180902903,s2,0.7304790463280627,0.7304790463280627,0.7300405537392078,0.7462647795268397,0.7300405537392078,0.7961027282802837,0,private_random
AOI-0060,2025-05-25,145,озимая пшеница,0.5116834394904458,modis,0.6166657916012499,0.6166657916012499,0.6390845932511007,0.541303378315094,0.6390845932511007,0.6189718173596855,0,private_random
AOI-0060,2025-07-10,191,озимая пшеница,0.4874783317231309,s2,0.4675977236291032,0.4675977236291032,0.4673515225012835,0.48433940032084344,0.4673515225012835,0.4845632763548576,0,private_random
AOI-0060,2025-07-28,209,озимая пшеница,0.2343742105940336,s2,0.2695110039691968,0.2695110039691968,0.24231834699705787,0.29094366456946985,0.24231834699705787,0.2523613596619384,0,private_random
AOI-0060,2025-08-06,218,озимая пшеница,0.2523406844405902,landsat,0.2204640092518201,0.2204640092518201,0.2005269767868679,0.26046747677827037,0.25857321532026345,0.21551443409819954,0,private_random
AOI-0060,2025-09-15,258,озимая пшеница,0.2449670110785387,landsat,0.21334443555863564,0.21334443555863564,0.1994013050809836,0.24895733579000548,0.24566146139956702,0.20943810169859062,0,private_random
AOI-0061,2010-06-26,177,озимая пшеница,0.7814601642254773,modis,0.6488603057418998,0.6488603057418998,0.6495251558036151,0.6373362380055001,0.6495251558036151,0.6942288654706489,0,private_random
AOI-0061,2010-07-12,193,озимая пшеница,0.7295451398135819,modis,0.6474607906499303,0.6474607906499303,0.6514955628906618,0.647050138902416,0.6421324257973942,0.6594832599728955,0,private_random
AOI-0061,2010-10-01,274,озимая пшеница,0.1881588686250659,landsat,0.23362623998116414,0.23362623998116414,0.2320025125462087,0.23795617980771197,0.2320025125462087,0.17151671358380222,0,private_random
AOI-0061,2011-05-21,141,озимая пшеница,0.6742444055687684,landsat,0.6452015761096003,0.6452015761096003,0.6482933060330821,0.6328346564156727,0.6482933060330821,0.6886393150941355,0,private_random
AOI-0061,2011-05-25,145,озимая пшеница,0.8000357745228583,modis,0.6680064162624968,0.6680064162624968,0.6701763306048683,0.6303945676613921,0.6701763306048683,0.6934315126099462,0,private_random
AOI-0061,2011-09-14,257,озимая пшеница,0.3833321127385707,modis,0.4121494216860126,0.4121494216860126,0.4146204525033915,0.3693182208514454,0.4146204525033915,0.39262045301142595,0,private_random
AOI-0061,2012-05-08,129,озимая пшеница,0.6432890368397692,modis,0.5611417958808668,0.5611417958808668,0.5704839506253756,0.48976507801102137,0.5704839506253756,0.6185401060958147,0,private_random
AOI-0061,2012-10-15,289,озимая пшеница,0.2581988015978695,modis,0.2406812068893357,0.2406812068893357,0.2660766749717696,0.195853007269005,0.2660766749717696,0.24196205423122727,0,private_random
AOI-0061,2013-04-07,97,озимая пшеница,0.7839472259209942,modis,0.7469562591979395,0.7469562591979395,0.7491375851765542,0.7091466089019532,0.7491375851765542,0.5056142121231448,0,private_random
AOI-0061,2013-05-09,129,озимая пшеница,0.8341045494895695,modis,0.7060310340696395,0.7060310340696395,0.7131789760522158,0.6817623865416396,0.7131789760522158,0.7687484523937874,0,private_random
AOI-0061,2013-09-30,273,озимая пшеница,0.2804513537505548,modis,0.2666250181735311,0.2666250181735311,0.2861466373829108,0.22158334476671315,0.2861466373829108,0.2591861501748476,0,private_random
AOI-0061,2014-04-07,97,озимая пшеница,0.7872698845983134,modis,0.7155763215545421,0.7155763215545421,0.7175230171737073,0.6766424091712393,0.7175230171737073,0.764336344351282,0,private_random
AOI-0061,2014-06-06,157,озимая пшеница,0.7502622220146051,landsat,0.6829092110333509,0.6829092110333509,0.6842842660593442,0.6737421775267282,0.6842842660593442,0.7046546225844241,0,private_random
AOI-0061,2014-09-02,245,озимая пшеница,0.2212312008041529,landsat,0.22426224477752504,0.22426224477752504,0.22327146004860995,0.23615166152450598,0.22327146004860995,0.22644325566237647,0,private_random
AOI-0061,2014-09-18,261,озимая пшеница,0.2321792869483206,landsat,0.23497964517144065,0.23497964517144065,0.233695671764861,0.24696339696618386,0.233695671764861,0.24906256610787175,0,private_random
AOI-0061,2015-04-23,113,озимая пшеница,0.3619518641810918,modis,0.3470844079431857,0.3470844079431857,0.394734882842468,0.2936550897464305,0.394734882842468,0.33123315106464524,0,private_random
AOI-0061,2015-06-09,160,озимая пшеница,0.6675245215934006,landsat,0.661213364379635,0.661213364379635,0.6611904972026031,0.661426791365264,0.6611904972026031,0.625383445207966,0,private_random
AOI-0061,2015-07-19,200,озимая пшеница,0.8882506094995354,landsat,0.7667547802485989,0.7667547802485989,0.7651046395657032,0.77775571813457,0.7651046395657032,0.7925492699940034,0,private_random
AOI-0061,2015-09-30,273,озимая пшеница,0.2857396138482024,modis,0.3155602743438266,0.3155602743438266,0.33757370890132,0.2913278544808376,0.33757370890132,0.3004347155258816,0,private_random
AOI-0061,2016-04-06,97,озимая пшеница,0.750776875277408,modis,0.7124603508962768,0.7124603508962768,0.7153624377220736,0.6929697238174358,0.7153624377220736,0.6832758752352545,0,private_random
AOI-0061,2016-06-25,177,озимая пшеница,0.4734806702174878,modis,0.5652763230719284,0.5652763230719284,0.5670008547211032,0.5468813188140645,0.5670008547211032,0.5753212294250917,0,private_random
AOI-0061,2016-09-29,273,озимая пшеница,0.2608376830892143,modis,0.2768087324392575,0.2768087324392575,0.2813890019319415,0.21573847253680475,0.2813890019319415,0.27112158292332783,0,private_random
AOI-0061,2017-04-23,113,озимая пшеница,0.370789458499778,modis,0.38950777294199557,0.38950777294199557,0.3948040207905296,0.28358281597131435,0.3948040207905296,0.4006739965606837,0,private_random
AOI-0061,2017-07-16,197,озимая пшеница,0.760129667377987,landsat,0.8288456697349047,0.8288456697349047,0.8340268095155641,0.7943047378638427,0.8340268095155641,0.8487560539056307,0,private_random
AOI-0061,2017-08-13,225,озимая пшеница,0.4517752774079006,modis,0.4740861391857524,0.4740861391857524,0.47429613374861246,0.47844133095015734,0.47429613374861246,0.4137117865628724,0,private_random
AOI-0061,2017-09-14,257,озимая пшеница,0.2613320239680426,modis,0.27879464017912664,0.27879464017912664,0.2807194589091925,0.2428646905512312,0.2807194589091925,0.27185454170646645,0,private_random
AOI-0061,2017-09-20,263,озимая пшеница,0.1858635541117197,s2,0.18940953222697038,0.18940953222697038,0.1848891077777337,0.23160016041984569,0.1848891077777337,0.18889495501451564,0,private_random
AOI-0061,2017-10-04,277,озимая пшеница,0.1773974600262314,landsat,0.20953979900296515,0.20953979900296515,0.20843228367415856,0.2228299829486441,0.20843228367415856,0.21469743016481596,0,private_random
AOI-0061,2017-10-12,285,озимая пшеница,0.2114531980373091,landsat,0.19452940377061514,0.19452940377061514,0.19340895795314764,0.20199904255373177,0.19340895795314764,0.2044948350337483,0,private_random
AOI-0061,2018-04-06,96,озимая пшеница,0.7520176842452216,landsat,0.8142782502110381,0.8142782502110381,0.8154848482543768,0.8062342632554457,0.8154848482543768,0.8245894311075106,0,private_random
AOI-0061,2018-05-16,136,озимая пшеница,0.8867870992046732,landsat,0.8708690364528567,0.8708690364528567,0.8736015471153938,0.84536560360251,0.8736015471153938,0.8973996819635798,0,private_random
AOI-0061,2018-07-12,193,озимая пшеница,0.2911752108300044,modis,0.32601581817260766,0.32601581817260766,0.34107267349199155,0.2936774016597188,0.34107267349199155,0.300747401064827,0,private_random
AOI-0061,2018-08-28,240,озимая пшеница,0.2000217520678693,landsat,0.20260799544031624,0.20260799544031624,0.2020219948048354,0.20729600052416297,0.2020219948048354,0.2026296667952691,0,private_random
AOI-0061,2018-09-13,256,озимая пшеница,0.1601767375163079,s2,0.17806604554911729,0.17806604554911729,0.16508744895331762,0.20851224735787108,0.16508744895331762,0.173716804282469,0,private_random
AOI-0061,2019-04-08,98,озимая пшеница,0.1782931935577388,s2,0.25371092002494644,0.25371092002494644,0.24588217306829818,0.2745875785760083,0.19698588119043461,0.2483710572016771,0,private_random
AOI-0061,2019-04-23,113,озимая пшеница,0.1884839787641078,s2,0.24263329510683407,0.24263329510683407,0.20354157796379074,0.2831728536255456,0.20354157796379074,0.23890828124269134,0,private_random
AOI-0061,2019-05-09,129,озимая пшеница,0.5392694629383046,modis,0.5669502701851828,0.5669502701851828,0.5743221221983371,0.40968409390455723,0.5743221221983371,0.6032435716813996,0,private_random
AOI-0061,2019-05-23,143,озимая пшеница,0.4192037130868851,s2,0.5386626926105305,0.5386626926105305,0.5101968831176635,0.5766171052676865,0.5101968831176635,0.5445045003488963,0,private_random
AOI-0061,2019-06-02,153,озимая пшеница,0.6405937452461443,s2,0.6736801611092758,0.6736801611092758,0.6651545630138909,0.6688273380948102,0.6651545630138909,0.679608592197695,0,private_random
AOI-0061,2019-06-17,168,озимая пшеница,0.759768954309395,s2,0.7334134501358148,0.7334134501358148,0.7341493889633796,0.7265446877452103,0.7341493889633796,0.7545260884899484,0,private_random
AOI-0061,2019-07-02,183,озимая пшеница,0.721907550429027,s2,0.7043647627007557,0.7043647627007557,0.7060065552015388,0.6868523093590692,0.7060065552015388,0.7115776210785838,0,private_random
AOI-0061,2019-07-20,201,озимая пшеница,0.8234132431946343,s2,0.7694710274663088,0.7694710274663088,0.7725585395305947,0.7406542481996395,0.7725585395305947,0.7724562843809722,0,private_random
AOI-0061,2019-08-09,221,озимая пшеница,0.8288519283316924,s2,0.7376882623291517,0.7376882623291517,0.7399066273205624,0.7111965711622017,0.7399066273205624,0.7133194322854746,0,private_random
AOI-0061,2019-09-18,261,озимая пшеница,0.1605476445381861,s2,0.21680037045562875,0.21680037045562875,0.20967511337839148,0.2548017415342274,0.20967511337839148,0.1912444974417737,0,private_random
AOI-0061,2020-04-10,101,озимая пшеница,0.6476446656656772,s2,0.5213592343806348,0.5213592343806348,0.5152532256034479,0.5590765238810095,0.5152532256034479,0.5041465721318187,0,private_random
AOI-0061,2020-05-08,129,озимая пшеница,0.6987699289835774,modis,0.6928726591230869,0.6928726591230869,0.6958630100705088,0.6410399093677751,0.6958630100705088,0.7153829129673588,0,private_random
AOI-0061,2020-05-13,134,озимая пшеница,0.6778496675227891,landsat,0.6696548613178521,0.6696548613178521,0.6687711638928128,0.6767244407181675,0.6687711638928128,0.6624187997977211,0,private_random
AOI-0061,2020-06-09,161,озимая пшеница,0.6226477909208596,s2,0.5701596546342398,0.5701596546342398,0.5636957500294534,0.5840700113631828,0.5636957500294534,0.5624189352267692,0,private_random
AOI-0061,2020-07-11,193,озимая пшеница,0.3209456536205604,s2,0.3388611956039672,0.3388611956039672,0.3210262162939866,0.3550141497502796,0.3210262162939866,0.33812788211103917,0,private_random
AOI-0061,2020-08-10,223,озимая пшеница,0.2328194757587562,s2,0.23974791013336433,0.23974791013336433,0.23582866073563613,0.2867789029061026,0.23582866073563613,0.2516705423898373,0,private_random
AOI-0061,2020-08-28,241,озимая пшеница,0.2703795162006214,modis,0.2707191162276302,0.2707191162276302,0.27767379560958166,0.23992187101912674,0.27767379560958166,0.25142951277521663,0,private_random
AOI-0061,2020-09-24,268,озимая пшеница,0.1479791748567187,s2,0.14464033741062696,0.14464033741062696,0.12769813872956828,0.18168671886297408,0.12769813872956828,0.14238336242145,0,private_random
AOI-0061,2020-10-12,286,озимая пшеница,0.1282777402738683,s2,0.16856712461457157,0.16856712461457157,0.15324617665007778,0.2083388058644521,0.15324617665007778,0.17320930063566595,0,private_random
AOI-0061,2020-10-28,302,озимая пшеница,0.1058150454615413,landsat,0.22048969902512472,0.22048969902512472,0.21996402684097136,0.22119059527066254,0.21996402684097136,0.20736439833512665,0,private_random
AOI-0061,2021-04-02,92,озимая пшеница,0.418454396914465,s2,0.5556790815604055,0.5556790815604055,0.550412355876838,0.5978128870289446,0.550412355876838,0.4843034577507096,0,private_random
AOI-0061,2021-04-15,105,озимая пшеница,0.7399679700501887,s2,0.7146557619800341,0.7146557619800341,0.7044861630682614,0.728738775245274,0.7044861630682614,0.6998769684448201,0,private_random
AOI-0061,2021-04-23,113,озимая пшеница,0.90307603195739,modis,0.8140131853080389,0.8140131853080389,0.8114742834498743,0.8133684577189744,0.8114742834498743,0.8454275885894738,0,private_random
AOI-0061,2021-05-16,136,озимая пшеница,0.9013571005632846,landsat,0.8803883377293068,0.8803883377293068,0.8824644792052238,0.8637792059219712,0.8824644792052238,0.9116161801331556,0,private_random
AOI-0061,2021-05-25,145,озимая пшеница,0.8548417665335111,modis,0.8238672285352008,0.8238672285352008,0.810816746936073,0.8322446141636289,0.810816746936073,0.8227143458057256,0,private_random
AOI-0061,2021-05-30,150,озимая пшеница,0.827312428971489,s2,0.7973889531239151,0.7973889531239151,0.8068632535036168,0.7847565526176462,0.8068632535036168,0.7999767052149638,0,private_random
AOI-0061,2021-07-09,190,озимая пшеница,0.1937652703137728,s2,0.20832425205199684,0.20832425205199684,0.20485357278693744,0.2545999755861222,0.20485357278693744,0.202555888472684,0,private_random
AOI-0061,2021-07-11,192,озимая пшеница,0.2025577428624232,s2,0.21661012579838834,0.21661012579838834,0.20167159767620982,0.2502170768717677,0.20167159767620982,0.19820174437209895,0,private_random
AOI-0061,2021-07-26,207,озимая пшеница,0.2005287509081711,s2,0.23769378831198015,0.23769378831198015,0.2168694332854853,0.26249711180340324,0.2168694332854853,0.2224460242703001,0,private_random
AOI-0061,2021-09-12,255,озимая пшеница,0.1548836383733894,s2,0.28002184756280213,0.28002184756280213,0.27050608684924415,0.3053972094656234,0.27050608684924415,0.2777553531897582,0,private_random
AOI-0061,2022-04-10,100,озимая пшеница,0.1921756082068661,s2,0.20648524352186007,0.20648524352186007,0.17939447404170988,0.2623565969270721,0.17939447404170988,0.2269186391279307,0,private_random
AOI-0061,2022-05-10,130,озимая пшеница,0.2270654203862744,s2,0.2903399241341048,0.2903399241341048,0.26471178702791204,0.3869239868963297,0.26471178702791204,0.26074661928242604,0,private_random
AOI-0061,2022-06-09,160,озимая пшеница,0.7493600508892714,s2,0.7521642873986781,0.7521642873986781,0.7524058921003256,0.7492650309789098,0.7524058921003256,0.7388462176175493,0,private_random
AOI-0061,2022-07-09,190,озимая пшеница,0.7994399308528121,s2,0.7987764200586932,0.7987764200586932,0.8010386239468764,0.7746462452514061,0.8010386239468764,0.8070017391881446,0,private_random
AOI-0061,2022-07-14,195,озимая пшеница,0.8230459482640077,s2,0.7804846139172248,0.7804846139172248,0.7786643391172847,0.7597490881636277,0.7786643391172847,0.7893582136310239,0,private_random
AOI-0061,2022-08-05,217,озимая пшеница,0.727668743981992,s2,0.7022312024844116,0.7022312024844116,0.7042766635672115,0.6759147335823269,0.706986225615694,0.6644231933523155,0,private_random
AOI-0061,2022-08-13,225,озимая пшеница,0.5683744856117864,s2,0.4009760383407019,0.4009760383407019,0.3793752374389264,0.40681120654511266,0.3793752374389264,0.3695633624032431,0,private_random
AOI-0061,2022-10-14,287,озимая пшеница,0.1922163255012328,s2,0.17237985229485314,0.17237985229485314,0.16746620515162927,0.22479208848924093,0.16746620515162927,0.17892231884823895,0,private_random
AOI-0061,2023-06-07,158,озимая пшеница,0.8353002010421002,landsat,0.7838482085870138,0.7838482085870138,0.7857422399592764,0.7686959576089126,0.7857422399592764,0.8086108442051055,0,private_random
AOI-0061,2023-06-30,181,озимая пшеница,0.5251692733164331,landsat,0.587573245191168,0.587573245191168,0.5921318494346208,0.5632606892260869,0.5921318494346208,0.5869361957425557,0,private_random
AOI-0061,2023-08-05,217,озимая пшеница,0.3456261032646188,s2,0.3534547296143566,0.3534547296143566,0.3497237927391769,0.38330222461579383,0.3497237927391769,0.3486730073448831,0,private_random
AOI-0061,2023-08-08,220,озимая пшеница,0.2721030683844789,s2,0.3090426478422187,0.3090426478422187,0.3029811716354747,0.34548285698626185,0.3029811716354747,0.3058564298245933,0,private_random
AOI-0061,2023-08-23,235,озимая пшеница,0.1672998841867495,s2,0.19999065519976633,0.19999065519976633,0.17563560959130894,0.23840923311954954,0.17563560959130894,0.19291239417347944,0,private_random
AOI-0061,2023-08-28,240,озимая пшеница,0.1723019383211425,s2,0.20014448767967966,0.20014448767967966,0.18394338866485582,0.22717751107619452,0.18394338866485582,0.19214219193300416,0,private_random
AOI-0061,2023-09-19,262,озимая пшеница,0.182801339241154,s2,0.17778129128156406,0.17778129128156406,0.16870860379043875,0.21730249971053542,0.16870860379043875,0.1753053728780838,0,private_random
AOI-0061,2023-10-04,277,озимая пшеница,0.1342117405154717,s2,0.16958319490325133,0.16958319490325133,0.15638388913909115,0.2143383359300628,0.15638388913909115,0.17124742185451355,0,private_random
AOI-0061,2023-10-05,278,озимая пшеница,0.1974328275522871,landsat,0.20782087826257084,0.20782087826257084,0.204482347019879,0.22117500323333816,0.204482347019879,0.20543703398017604,0,private_random
AOI-0061,2024-04-04,95,озимая пшеница,0.3549521209939142,s2,0.39196078614717655,0.39196078614717655,0.38553362315647616,0.44337809007277934,0.38553362315647616,0.3855637914859077,0,private_random
AOI-0061,2024-04-11,102,озимая пшеница,0.3967365661188494,s2,0.4137450284563412,0.4137450284563412,0.40956654582389507,0.46388682004569537,0.40956654582389507,0.41760986624072877,0,private_random
AOI-0061,2024-05-24,145,озимая пшеница,0.4829671738095505,s2,0.5108369002822137,0.5108369002822137,0.46878263521696506,0.5464988365218859,0.46878263521696506,0.521392422976487,0,private_random
AOI-0061,2024-06-18,170,озимая пшеница,0.2326730298205582,s2,0.5712875667738839,0.5712875667738839,0.5522613936981928,0.5784092445628825,0.5522613936981928,0.5596471961369518,0,private_random
AOI-0061,2024-07-03,185,озимая пшеница,0.4914759925680367,s2,0.4239039085083021,0.4239039085083021,0.408948770905768,0.4278007672058222,0.408948770905768,0.42471200553267807,0,private_random
AOI-0061,2024-07-23,205,озимая пшеница,0.4942633925716712,s2,0.380736016374666,0.380736016374666,0.37399395989794276,0.39871483364592786,0.37399395989794276,0.38338969305854237,0,private_random
AOI-0061,2024-08-02,215,озимая пшеница,0.3877985879533688,s2,0.35432068212546675,0.35432068212546675,0.3476033393153904,0.3811900533657721,0.3476033393153904,0.35875600342979586,0,private_random
AOI-0061,2024-09-21,265,озимая пшеница,0.2020023070228082,s2,0.20158435755621273,0.20158435755621273,0.1881900423984113,0.23430151661895052,0.1881900423984113,0.19995099104269567,0,private_random
AOI-0061,2024-10-23,297,озимая пшеница,0.1605127367430337,s2,0.10658790650443208,0.10658790650443208,0.08329642350531835,0.15289911437664858,0.08329642350531835,0.13157190901300353,0,private_random
AOI-0061,2025-04-17,107,озимая пшеница,0.6999270203597056,landsat,0.7004039471889058,0.7004039471889058,0.7040692597426003,0.7063062158508161,0.7040692597426003,0.7048119223208501,0,private_random
AOI-0061,2025-06-08,159,озимая пшеница,0.814795533743851,s2,0.7587019239358712,0.7587019239358712,0.7588708536275692,0.7483409028450638,0.7588708536275692,0.7751295044718037,0,private_random
AOI-0061,2025-06-10,161,озимая пшеница,0.748417835695973,s2,0.7082532895916743,0.7082532895916743,0.7251403108310482,0.7191464754756515,0.7251403108310482,0.6892889601045706,0,private_random
AOI-0061,2025-06-25,176,озимая пшеница,0.5313869416664854,s2,0.5023060631911891,0.5023060631911891,0.5004768546212576,0.5266955107902761,0.5004768546212576,0.5226027936851806,0,private_random
AOI-0061,2025-08-04,216,озимая пшеница,0.0917282057636204,s2,0.1588452461314662,0.1588452461314662,0.15286232731215832,0.22266304687075023,0.15286232731215832,0.15444848272874215,0,private_random
AOI-0061,2025-08-09,221,озимая пшеница,0.1693750102234248,s2,0.16842668749077472,0.16842668749077472,0.16717049863209973,0.23374850814187328,0.16717049863209973,0.1612524853454558,0,private_random
AOI-0061,2025-08-13,225,озимая пшеница,0.2827267421216156,modis,0.2986799874053743,0.2986799874053743,0.3140230680797634,0.2488490532090287,0.3140230680797634,0.2953436536156942,0,private_random
AOI-0061,2025-09-01,244,озимая пшеница,0.1737381328412237,s2,0.22168439003190823,0.22168439003190823,0.210751514784013,0.2540158248989249,0.210751514784013,0.20887222307792586,0,private_random
AOI-0061,2025-09-06,249,озимая пшеница,0.2056511931599948,s2,0.24625659630305488,0.24625659630305488,0.22922062685934852,0.26651805104497467,0.22922062685934852,0.2282556398598322,0,private_random
AOI-0061,2025-09-13,256,озимая пшеница,0.2281428502189051,s2,0.2669850413328179,0.2669850413328179,0.26638705706355714,0.2940936615393069,0.26638705706355714,0.23547400272910818,0,private_random
AOI-0061,2025-10-06,279,озимая пшеница,0.311014414142793,s2,0.30103539644630195,0.30103539644630195,0.2966807619298299,0.3358724725780782,0.2966807619298299,0.29879634687255896,0,private_random
AOI-0062,2010-06-11,162,озимая пшеница,0.6960104568551625,landsat,0.6276153650219615,0.6276153650219615,0.6276030020943901,0.6277472362493889,0.6276030020943901,0.6653199125392667,0,private_random
AOI-0062,2010-07-21,202,озимая пшеница,0.1817358422046644,landsat,0.2112259807437582,0.2112259807437582,0.2102874492219721,0.2162314821932841,0.2102874492219721,0.2322444873812279,0,private_random
AOI-0062,2011-04-07,97,озимая пшеница,0.7277331983805669,modis,0.7568296872530372,0.7568296872530372,0.7590269113685961,0.721674101404094,0.7590269113685961,0.720301593582196,0,private_random
AOI-0062,2011-08-17,229,озимая пшеница,0.1907056887441271,landsat,0.3383056935223122,0.3383056935223122,0.3384708558612195,0.3365439619073012,0.3384708558612195,0.3228538221487359,0,private_random
AOI-0062,2011-09-18,261,озимая пшеница,0.153998398947595,landsat,0.2481946265745791,0.2481946265745791,0.24696665570888954,0.25965568798768146,0.24696665570888954,0.21309422699654598,0,private_random
AOI-0062,2012-07-18,200,озимая пшеница,0.2047771943882945,landsat,0.30174640670101904,0.30174640670101904,0.30049560640075196,0.3117528091031559,0.30049560640075196,0.3060953327549546,0,private_random
AOI-0062,2012-10-22,296,озимая пшеница,0.1905813231553269,landsat,0.24312967006879235,0.24312967006879235,0.24019739074495033,0.24703937583391497,0.24019739074495033,0.31470190884925975,0,private_random
AOI-0062,2013-05-25,145,озимая пшеница,0.6255806117858751,modis,0.5041337609498191,0.5041337609498191,0.5301953115448917,0.4411246667480649,0.5301953115448917,0.4814275532121439,0,private_random
AOI-0062,2013-08-29,241,озимая пшеница,0.3953048582995952,modis,0.4423087616649055,0.4423087616649055,0.4440333216147075,0.4147158024680728,0.4440333216147075,0.4321976061945629,0,private_random
AOI-0062,2013-10-25,298,озимая пшеница,0.1926849706055133,landsat,0.13980480273786294,0.13980480273786294,0.13772492476540277,0.16199016777743783,0.13772492476540277,0.14650035426734997,0,private_random
AOI-0062,2014-06-14,165,озимая пшеница,0.6858687802286505,landsat,0.6190001392975102,0.6190001392975102,0.6224134580987255,0.6144490475625565,0.6224134580987255,0.6517997231003742,0,private_random
AOI-0062,2014-09-30,273,озимая пшеница,0.5020467836257311,modis,0.3151904323233517,0.3151904323233517,0.3183365130245283,0.2606583668362899,0.3183365130245283,0.31759315045575004,0,private_random
AOI-0062,2014-10-12,285,озимая пшеница,0.4695516236664624,landsat,0.2578990533714686,0.2578990533714686,0.2566122744942389,0.2647618740500272,0.2566122744942389,0.19012507856091446,0,private_random
AOI-0062,2014-10-16,289,озимая пшеница,0.670156725146199,modis,0.3197048190004972,0.3197048190004972,0.32306021395890966,0.266018499665897,0.32306021395890966,0.2902931704603132,0,private_random
AOI-0062,2015-07-12,193,озимая пшеница,0.4124111111111112,modis,0.4045978708823333,0.4045978708823333,0.41676173788328696,0.3748196025788508,0.41676173788328696,0.3832387950924316,0,private_random
AOI-0062,2015-08-12,224,озимая пшеница,0.1511438887577434,landsat,0.22728109603416422,0.22728109603416422,0.2269166300786909,0.2306827782852486,0.2269166300786909,0.20391022538471001,0,private_random
AOI-0062,2015-08-13,225,озимая пшеница,0.2504358974358974,modis,0.2614186875658031,0.2614186875658031,0.2913497864414598,0.22927813584139253,0.2913497864414598,0.23330261219502108,0,private_random
AOI-0062,2016-07-13,195,озимая пшеница,0.1945673471415187,landsat,0.3419753249469818,0.3419753249469818,0.3417764094664937,0.3430362075095847,0.3417764094664937,0.30111987262550427,0,private_random
AOI-0062,2016-09-15,259,озимая пшеница,0.1733930413400196,landsat,0.24037353084263713,0.24037353084263713,0.2392332740702307,0.25101592738509676,0.2392332740702307,0.24548185966729916,0,private_random
AOI-0062,2016-10-17,291,озимая пшеница,0.318583748864446,landsat,0.3026079802738763,0.3026079802738763,0.3021228176570389,0.3064892812085748,0.3021228176570389,0.2933783466776836,0,private_random
AOI-0062,2017-05-29,149,озимая пшеница,0.5386353607860532,landsat,0.6299432583725737,0.6299432583725737,0.6302042237863608,0.6275075811772276,0.6302042237863608,0.6062481270846443,0,private_random
AOI-0062,2017-06-22,173,озимая пшеница,0.8761229072235782,landsat,0.808420194844946,0.808420194844946,0.8119189746260038,0.7990901154287916,0.8119189746260038,0.8376828581479178,0,private_random
AOI-0062,2017-06-30,181,озимая пшеница,0.9193167958754356,s2,0.8487679779275046,0.8487679779275046,0.8563444414936374,0.8129778401067019,0.8563444414936374,0.8907338978224456,0,private_random
AOI-0062,2017-07-12,193,озимая пшеница,0.8096838887751644,s2,0.7330321407094187,0.7330321407094187,0.7222713014594576,0.7862480724884421,0.8222502628746841,0.7266783846206879,0,private_random
AOI-0062,2017-08-13,225,озимая пшеница,0.3487766981556455,modis,0.41907364076617903,0.41907364076617903,0.422959815085689,0.41147164415180987,0.422959815085689,0.36323360137193167,0,private_random
AOI-0062,2017-09-14,257,озимая пшеница,0.2547733243364823,modis,0.27251022037720135,0.27251022037720135,0.2745282519211599,0.23484029822330754,0.2745282519211599,0.261190985904577,0,private_random
AOI-0062,2017-09-26,269,озимая пшеница,0.2192064740352841,landsat,0.2185577224994647,0.2185577224994647,0.21878771252132628,0.2157978422371257,0.21878771252132628,0.2159792988473705,0,private_random
AOI-0062,2018-06-20,171,озимая пшеница,0.358604504266486,s2,0.4512693076369816,0.4512693076369816,0.44882587173336935,0.48059053848032823,0.44882587173336935,0.5348399807402011,0,private_random
AOI-0062,2018-07-11,192,озимая пшеница,0.2238921260290873,landsat,0.27796272071249684,0.27796272071249684,0.2777239890252069,0.27987257421081635,0.2777239890252069,0.2738898811805682,0,private_random
AOI-0062,2018-09-13,256,озимая пшеница,0.1581500329258504,s2,0.17282026977088932,0.17282026977088932,0.1593389372363769,0.20418052843293802,0.1593389372363769,0.17139467838228045,0,private_random
AOI-0062,2018-09-29,272,озимая пшеница,0.2082252484152076,landsat,0.19400654951631316,0.19400654951631316,0.19199085853993417,0.2101320773273451,0.19199085853993417,0.194399317836277,0,private_random
AOI-0062,2018-09-30,273,озимая пшеница,0.2446739091318038,modis,0.2725927548347702,0.2725927548347702,0.28234968477498745,0.21053380329407376,0.28234968477498745,0.27702025603472974,0,private_random
AOI-0062,2019-04-07,97,озимая пшеница,0.3164311291048133,modis,0.33183932017853857,0.33183932017853857,0.3699893025565735,0.2502790122253129,0.3699893025565735,0.33944884099314504,0,private_random
AOI-0062,2019-05-08,128,озимая пшеница,0.2340641640053675,s2,0.24066583348845116,0.24066583348845116,0.2323635704409365,0.35136267412198025,0.2323635704409365,0.2355626791945944,0,private_random
AOI-0062,2019-05-31,151,озимая пшеница,0.3661880965392887,s2,0.42125818566105483,0.42125818566105483,0.41698301109072194,0.46115981498416186,0.41698301109072194,0.43940645909141657,0,private_random
AOI-0062,2019-06-26,177,озимая пшеница,0.7724417903733694,modis,0.7157617340088971,0.7157617340088971,0.6941448295533221,0.7286781752716621,0.6941448295533221,0.7303268064011872,0,private_random
AOI-0062,2019-06-30,181,озимая пшеница,0.7547954791997427,s2,0.7440877682208786,0.7440877682208786,0.7453095023222488,0.7204285660566795,0.7453095023222488,0.7433016602185025,0,private_random
AOI-0062,2019-07-07,188,озимая пшеница,0.6686037144304746,s2,0.7687772411409324,0.7687772411409324,0.7709499994279675,0.7398071306471311,0.7709499994279675,0.7680442777427623,0,private_random
AOI-0062,2019-07-28,209,озимая пшеница,0.7317798470535314,modis,0.6548766211973007,0.6548766211973007,0.6205528420720142,0.6808849238621962,0.6205528420720142,0.6520445388064194,0,private_random
AOI-0062,2019-08-14,226,озимая пшеница,0.6660649924853511,s2,0.5728218707855895,0.5728218707855895,0.5719743489655017,0.5841221617200935,0.5719743489655017,0.5950919439130132,0,private_random
AOI-0062,2019-08-26,238,озимая пшеница,0.3090204809342002,s2,0.349144343365292,0.349144343365292,0.3468229050186763,0.3800968546535013,0.3468229050186763,0.35506527004607025,0,private_random
AOI-0062,2019-09-13,256,озимая пшеница,0.2421645882510868,s2,0.2133739589988402,0.2133739589988402,0.20994143488045477,0.24998754959495173,0.20994143488045477,0.20462934256706233,0,private_random
AOI-0062,2020-04-22,113,озимая пшеница,0.6832818344467617,s2,0.7383837610443849,0.7383837610443849,0.7229954790637909,0.741251933609728,0.7229954790637909,0.7124688806096013,0,private_random
AOI-0062,2020-06-25,177,озимая пшеница,0.3531847053531264,modis,0.46331108613987104,0.46331108613987104,0.46462886840638107,0.43344135476564266,0.46462886840638107,0.36044240919573467,0,private_random
AOI-0062,2020-06-26,178,озимая пшеница,0.2792189907992531,s2,0.368478500218271,0.368478500218271,0.3627777068386058,0.4140848472555929,0.3627777068386058,0.36724965522532244,0,private_random
AOI-0062,2020-07-01,183,озимая пшеница,0.2123397188170406,s2,0.2694799421927602,0.2694799421927602,0.2663130451516884,0.311705236073717,0.2663130451516884,0.2438965441371567,0,private_random
AOI-0062,2020-07-06,188,озимая пшеница,0.1639228611066396,s2,0.20246040523972197,0.20246040523972197,0.18929764862498352,0.24505946552278846,0.18929764862498352,0.18587571185384474,0,private_random
AOI-0062,2020-07-09,191,озимая пшеница,0.1641632408519713,s2,0.19334329484727272,0.19334329484727272,0.16853349220363018,0.22642303170546282,0.16853349220363018,0.16747171481361006,0,private_random
AOI-0062,2020-07-16,198,озимая пшеница,0.1406421619712813,s2,0.13676204622735805,0.13676204622735805,0.13144792516929227,0.1934460041800599,0.13144792516929227,0.11008838290184594,0,private_random
AOI-0062,2020-07-29,211,озимая пшеница,0.1790238628616056,s2,0.1539394472092377,0.1539394472092377,0.1474059849025932,0.2149184287379197,0.1474059849025932,0.13398460323547043,0,private_random
AOI-0062,2020-09-19,263,озимая пшеница,0.1312230051553017,s2,0.15675170891723772,0.15675170891723772,0.1380113134699425,0.19280428959561724,0.1380113134699425,0.1573339094441249,0,private_random
AOI-0062,2020-09-22,266,озимая пшеница,0.1422687085811597,s2,0.13661069815204058,0.13661069815204058,0.13138151110575377,0.1854164439173839,0.13138151110575377,0.13762675151737017,0,private_random
AOI-0062,2021-05-15,135,озимая пшеница,0.2041054767267125,s2,0.23810435640890365,0.23810435640890365,0.21934501855818586,0.33382374863264147,0.21934501855818586,0.23484355846957666,0,private_random
AOI-0062,2021-05-30,150,озимая пшеница,0.2466960251794436,s2,0.3652346694159309,0.3652346694159309,0.343118128179443,0.3947233910645813,0.343118128179443,0.36971270096488795,0,private_random
AOI-0062,2021-06-09,160,озимая пшеница,0.372893460397347,s2,0.4265338672190785,0.4265338672190785,0.4162647909981434,0.4582862453300147,0.4162647909981434,0.42533906376017017,0,private_random
AOI-0062,2021-06-24,175,озимая пшеница,0.7378741855482305,s2,0.6408453288930698,0.6408453288930698,0.6354601493097296,0.6446434585708986,0.6354601493097296,0.6455331898633762,0,private_random
AOI-0062,2021-07-31,212,озимая пшеница,0.7073137341283843,s2,0.6518638488651687,0.6518638488651687,0.6526696354094843,0.6421944103333814,0.6526696354094843,0.6691515904973458,0,private_random
AOI-0062,2021-08-08,220,озимая пшеница,0.6073000778636914,s2,0.5985893046328943,0.5985893046328943,0.5995346963681557,0.5897656484371213,0.5995346963681557,0.6064001883331219,0,private_random
AOI-0062,2021-08-13,225,озимая пшеница,0.4474486729644625,modis,0.5313179125817635,0.5313179125817635,0.522499607209466,0.5501302973759983,0.522499607209466,0.489142800298394,0,private_random
AOI-0062,2021-08-30,242,озимая пшеница,0.3626828899471038,s2,0.345637919962162,0.345637919962162,0.3443779796619223,0.3590772831647184,0.3443779796619223,0.34925304610691804,0,private_random
AOI-0062,2021-10-27,300,озимая пшеница,0.2072987511541962,s2,0.16593642135593825,0.16593642135593825,0.15965995817259965,0.22451674440043187,0.15965995817259965,0.17147630577876083,0,private_random
AOI-0062,2022-04-23,113,озимая пшеница,0.846835582546109,modis,0.8116193238656259,0.8116193238656259,0.8114539853641742,0.8146570666569266,0.8114539853641742,0.8491946340415426,0,private_random
AOI-0062,2022-05-20,140,озимая пшеница,0.8654537292844675,s2,0.8545376295633522,0.8545376295633522,0.8548669559976269,0.8450354574989812,0.8548669559976269,0.8518893964145412,0,private_random
AOI-0062,2022-05-30,150,озимая пшеница,0.8963459231134309,s2,0.8227999249873719,0.8227999249873719,0.8242717290126897,0.8012134659493766,0.8242717290126897,0.8281840462347342,0,private_random
AOI-0062,2022-07-01,182,озимая пшеница,0.2436923885420221,s2,0.28288484003008707,0.28288484003008707,0.2795481855616269,0.3229246936516093,0.2795481855616269,0.2894507664870969,0,private_random
AOI-0062,2022-07-09,190,озимая пшеница,0.1951995346694433,s2,0.2084433982523578,0.2084433982523578,0.2037274899938395,0.25874641967655293,0.2037274899938395,0.19927974256446496,0,private_random
AOI-0062,2022-07-22,203,озимая пшеница,0.2636743610462769,landsat,0.2642591296913586,0.2642591296913586,0.26501478998583533,0.26224403557275394,0.26501478998583533,0.24859442346448016,0,private_random
AOI-0062,2022-07-29,210,озимая пшеница,0.2348388601812599,landsat,0.23334528336076119,0.23334528336076119,0.2130488595373128,0.2690348567285957,0.26724633600118897,0.22655233428412802,0,private_random
AOI-0062,2022-08-08,220,озимая пшеница,0.1859081746258484,s2,0.21729017901908643,0.21729017901908643,0.1938511090210436,0.25445386468755776,0.1938511090210436,0.2204709930943954,0,private_random
AOI-0062,2022-08-30,242,озимая пшеница,0.1513146014985333,s2,0.17869028330417244,0.17869028330417244,0.15618124246281948,0.20528674432854074,0.15618124246281948,0.17329227467788946,0,private_random
AOI-0062,2023-04-02,92,озимая пшеница,0.1829662037592384,s2,0.16710627764422,0.16710627764422,0.18216005323722576,0.2056196265769666,0.137406239620359,0.3114189519748521,0,private_random
AOI-0062,2023-04-04,94,озимая пшеница,0.2292776708640796,landsat,0.19204996961522652,0.19204996961522652,0.1894357878083493,0.21296342407024452,0.1894357878083493,0.29382803482913533,0,private_random
AOI-0062,2023-04-25,115,озимая пшеница,0.0529111974894102,s2,0.24733347638537975,0.24733347638537975,0.254348870938413,0.2816994173636527,0.20752823154560857,0.21925052285753086,0,private_random
AOI-0062,2023-06-23,174,озимая пшеница,0.8842868843769103,landsat,0.8627445788751239,0.8627445788751239,0.8648647583737923,0.8338255082433381,0.8648647583737923,0.8643227436588563,0,private_random
AOI-0062,2023-06-29,180,озимая пшеница,0.8961190165295363,s2,0.8248333021118366,0.8248333021118366,0.8266224456684964,0.7967912632958044,0.8266224456684964,0.8395149233622714,0,private_random
AOI-0062,2023-07-04,185,озимая пшеница,0.8542910940399168,s2,0.8210113877429864,0.8210113877429864,0.8232694331936974,0.7939148423344554,0.8232694331936974,0.827449185033008,0,private_random
AOI-0062,2023-08-01,213,озимая пшеница,0.6134908466329103,landsat,0.5358377353241544,0.5358377353241544,0.538462353844624,0.5257616575490541,0.538462353844624,0.5537150950849,0,private_random
AOI-0062,2023-08-28,240,озимая пшеница,0.1333501545814945,s2,0.18198893640836192,0.18198893640836192,0.16479359171783048,0.2111041118871887,0.16479359171783048,0.16055400794559835,0,private_random
AOI-0062,2023-09-11,254,озимая пшеница,0.204477128009357,landsat,0.21057246626837905,0.21057246626837905,0.21090379610180712,0.20703828137848,0.21090379610180712,0.21108129964893957,0,private_random
AOI-0062,2023-10-09,282,озимая пшеница,0.1711147801149009,s2,0.17453925767914874,0.17453925767914874,0.17082421241625595,0.22407319451771926,0.17082421241625595,0.17110222064590488,0,private_random
AOI-0062,2024-04-01,92,озимая пшеница,0.7392614372651556,s2,0.8292049128315392,0.8292049128315392,0.8295515738620255,0.8259694098803326,0.8295515738620255,0.8309347083820695,0,private_random
AOI-0062,2024-04-11,102,озимая пшеница,0.8441041402988008,s2,0.8506928133781577,0.8506928133781577,0.8511285960741665,0.8454634210260535,0.8511285960741665,0.8469854190494116,0,private_random
AOI-0062,2024-05-04,125,озимая пшеница,0.9110331897313,s2,0.8789767423757016,0.8789767423757016,0.8803462902552605,0.860716103981583,0.8803462902552605,0.887209820694317,0,private_random
AOI-0062,2024-06-18,170,озимая пшеница,0.3397376392230387,s2,0.39470676571871666,0.39470676571871666,0.36825032499205584,0.41892313733320424,0.36825032499205584,0.40992695343481983,0,private_random
AOI-0062,2024-06-28,180,озимая пшеница,0.2067380376665111,s2,0.23463181194621305,0.23463181194621305,0.22924973344351823,0.27768843996777154,0.22924973344351823,0.21714781717397444,0,private_random
AOI-0062,2024-07-13,195,озимая пшеница,0.1412998579693712,s2,0.15663769407810268,0.15663769407810268,0.1458457547413961,0.2033487907759135,0.1458457547413961,0.15088982019714672,0,private_random
AOI-0062,2024-07-23,205,озимая пшеница,0.1094043594327865,s2,0.14803401840430758,0.14803401840430758,0.13030548998745178,0.19531009418258968,0.13030548998745178,0.14848291963792115,0,private_random
AOI-0062,2024-08-20,233,озимая пшеница,0.2021382492968949,landsat,0.19720143281084154,0.19720143281084154,0.210369090426454,0.21551407015711152,0.210369090426454,0.19608879639495716,0,private_random
AOI-0062,2025-04-16,106,озимая пшеница,0.2925658161170615,s2,0.2760394751420859,0.2760394751420859,0.2631082606471312,0.33492436584844415,0.2631082606471312,0.274925482977666,0,private_random
AOI-0062,2025-04-28,118,озимая пшеница,0.2727933638358351,s2,0.24936511803966413,0.24936511803966413,0.24747705364867395,0.31985285530329577,0.24747705364867395,0.2554451803761693,0,private_random
AOI-0062,2025-06-05,156,озимая пшеница,0.5680980911645822,s2,0.580670468980781,0.580670468980781,0.5802522261558085,0.5985154961796075,0.5802522261558085,0.5845967917426701,0,private_random
AOI-0062,2025-07-05,186,озимая пшеница,0.8361347850666013,s2,0.7252079293207345,0.7252079293207345,0.727315010900412,0.695830742950928,0.727315010900412,0.7801256681026224,0,private_random
AOI-0062,2025-07-08,189,озимая пшеница,0.8019304907228068,s2,0.6723408700294536,0.6723408700294536,0.6728131792368558,0.649402321413424,0.6728131792368558,0.7258620264637928,0,private_random
AOI-0062,2025-07-14,195,озимая пшеница,0.5705012745911885,landsat,0.5673095307519924,0.5673095307519924,0.5713445392392954,0.5510931867321132,0.5713445392392954,0.5994112463779249,0,private_random
AOI-0062,2025-07-18,199,озимая пшеница,0.4845943381472459,s2,0.4914708084889169,0.4914708084889169,0.4913682422521968,0.4969410077806553,0.4913682422521968,0.5129677541159067,0,private_random
AOI-0062,2025-07-30,211,озимая пшеница,0.3203735871377214,s2,0.35416910060217177,0.35416910060217177,0.35382598072918026,0.38253367676947064,0.35382598072918026,0.33458388361555386,0,private_random
AOI-0062,2025-09-15,258,озимая пшеница,0.1737437563438965,s2,0.19625649085200528,0.19625649085200528,0.18355971920769068,0.22611651796808183,0.18355971920769068,0.17309384774763986,0,private_random
AOI-0062,2025-10-11,284,озимая пшеница,0.1632493379583851,s2,0.2524505941658501,0.2524505941658501,0.2457833010529029,0.2613403183164462,0.20912814227166188,0.251757387361605,0,private_random
AOI-0063,2025-04-11,101,озимая пшеница,0.2243560081697115,s2,0.24280331419482326,0.24280331419482326,0.23842063723116574,0.3129261456133434,0.23842063723116574,0.21040674922760735,0,private_random
AOI-0063,2025-04-17,107,озимая пшеница,0.2605633062876389,landsat,0.2760359363852903,0.2760359363852903,0.283865794646409,0.31307067287234985,0.283865794646409,0.2503875332532295,0,private_random
AOI-0063,2025-05-24,144,озимая пшеница,0.3104022591174739,s2,0.422502229115643,0.422502229115643,0.4211707142316841,0.5023931221531767,0.4211707142316841,0.4304853599570009,0,private_random
AOI-0063,2025-06-17,168,озимая пшеница,0.5322399624391532,s2,0.7315909236338025,0.7315909236338025,0.7317684010538604,0.7285146483527988,0.7317684010538604,0.7950324786196482,0,private_random
AOI-0063,2025-06-27,178,озимая пшеница,0.9055980857406796,s2,0.7475201421542662,0.7475201421542662,0.7455977852765909,0.7461639241015896,0.7455977852765909,0.7554000655746554,0,private_random
AOI-0063,2025-07-13,194,озимая пшеница,0.6740825394239239,s2,0.6161786559457195,0.6161786559457195,0.6163383358234793,0.607875302302217,0.6163383358234793,0.6685113750174875,0,private_random
AOI-0063,2025-07-15,196,озимая пшеница,0.597086072463334,s2,0.5953296141049427,0.5953296141049427,0.5948562503969348,0.5906235592791639,0.5948562503969348,0.6235610907522319,0,private_random
AOI-0063,2025-08-16,228,озимая пшеница,0.3627478257884443,s2,0.3709129969035115,0.3709129969035115,0.37029030746155256,0.40080209011753815,0.37029030746155256,0.3675056904876848,0,private_random
AOI-0063,2025-10-06,279,озимая пшеница,0.1995315460082955,s2,0.1996977946812672,0.1996977946812672,0.19370620822452952,0.2476304863351686,0.19370620822452952,0.19776289773972258,0,private_random
AOI-0063,2025-10-18,291,озимая пшеница,0.2090102274582254,s2,0.23861770066770552,0.23861770066770552,0.23735503796235316,0.2857571083341927,0.23735503796235316,0.25341911270232526,0,private_random
AOI-0064,2025-04-18,108,озимая пшеница,0.4287082165940261,s2,0.4334736938453611,0.4334736938453611,0.43242975750580964,0.4849745532632291,0.43242975750580964,0.45848066756066164,0,private_random
AOI-0064,2025-04-19,109,озимая пшеница,0.4437724409402892,s2,0.45123239900074913,0.45123239900074913,0.44442339285390714,0.49590389875726704,0.44442339285390714,0.4636795177420696,0,private_random
AOI-0064,2025-05-14,134,озимая пшеница,0.6464626040551061,s2,0.6677287851781187,0.6677287851781187,0.666662497636942,0.7118020035467588,0.666662497636942,0.6575601656242969,0,private_random
AOI-0064,2025-07-14,195,озимая пшеница,0.2813269234886588,landsat,0.26503655215538197,0.26503655215538197,0.2785504212552636,0.2698029837624936,0.2785504212552636,0.2650892235498835,0,private_random
AOI-0064,2025-07-15,196,озимая пшеница,0.152976692167651,s2,0.22193672364175673,0.22193672364175673,0.2189499713231688,0.2662416764286151,0.2189499713231688,0.21891714197906764,0,private_random
AOI-0064,2025-08-07,219,озимая пшеница,0.0432948274397651,s2,0.17643523261221722,0.17643523261221722,0.16609407469081258,0.23325134291036262,0.16609407469081258,0.17491609364944918,0,private_random
AOI-0064,2025-08-13,225,озимая пшеница,0.248718018018018,modis,0.28411205860606836,0.28411205860606836,0.30167614938530196,0.2284806523895512,0.30167614938530196,0.2896201148360187,0,private_random
AOI-0064,2025-08-29,241,озимая пшеница,0.1681493187843893,s2,0.17342608871058746,0.17342608871058746,0.17279636593512,0.22212465001340498,0.17279636593512,0.17440705392235295,0,private_random
AOI-0064,2025-09-06,249,озимая пшеница,0.189976303375484,s2,0.21678506697353409,0.21678506697353409,0.19581658671316024,0.23865233674800343,0.19581658671316024,0.21108839117497508,0,private_random
AOI-0064,2025-09-21,264,озимая пшеница,0.1155563999211325,s2,0.23058456393539997,0.23058456393539997,0.2298624355039179,0.2671724044638241,0.2298624355039179,0.2278763686315341,0,private_random
AOI-0065,2025-04-18,108,озимая пшеница,0.4334270132840677,s2,0.4074571780419351,0.4074571780419351,0.4063744369144051,0.46087240700007975,0.4063744369144051,0.41068195684443903,0,private_random
AOI-0065,2025-04-29,119,озимая пшеница,0.5416193784953789,s2,0.46840202636272277,0.46840202636272277,0.4671052213573658,0.5150870065555737,0.4671052213573658,0.4595661187299647,0,private_random
AOI-0065,2025-06-25,176,озимая пшеница,0.5705844189543245,s2,0.5761207645281402,0.5761207645281402,0.5748768259309247,0.5927066124910133,0.5748768259309247,0.5950527634514204,0,private_random
AOI-0065,2025-06-27,178,озимая пшеница,0.5763729695961773,s2,0.6341517295497198,0.6341517295497198,0.6210152623842047,0.6316690008180449,0.6210152623842047,0.6082855169933525,0,private_random
AOI-0065,2025-07-22,203,озимая пшеница,0.3942129274154283,landsat,0.4200849007404662,0.4200849007404662,0.4333412655895379,0.4152603871185358,0.4333412655895379,0.4251552562432266,0,private_random
AOI-0065,2025-07-25,206,озимая пшеница,0.3522841167892059,s2,0.35560509347896946,0.35560509347896946,0.3549546997347763,0.38335522656454746,0.3549546997347763,0.3668350421997511,0,private_random
AOI-0065,2025-07-30,211,озимая пшеница,0.2317321221084664,s2,0.3114151933708564,0.3114151933708564,0.3109661312081844,0.34853766548507137,0.3109661312081844,0.30460735278462114,0,private_random
AOI-0065,2025-08-04,216,озимая пшеница,0.156831974287108,s2,0.28052455952741806,0.28052455952741806,0.27669984184539226,0.3213215481356935,0.27669984184539226,0.2690035426666483,0,private_random
AOI-0065,2025-08-13,225,озимая пшеница,0.3244393895611341,modis,0.3184867295017622,0.3184867295017622,0.33172712325662607,0.2740346715518729,0.33172712325662607,0.3194859428568562,0,private_random
AOI-0065,2025-09-13,256,озимая пшеница,0.1808731233270205,s2,0.18534648958021332,0.18534648958021332,0.184348515184565,0.2305879955162701,0.184348515184565,0.1813931412922136,0,private_random
AOI-0066,2025-04-01,91,озимая пшеница,0.1907217225861599,s2,0.3771218594000937,0.3771218594000937,0.3756832365989971,0.4385030989135495,0.3756832365989971,0.329308890568047,0,private_random
AOI-0066,2025-05-06,126,озимая пшеница,0.1913707828018559,s2,0.2684101249857422,0.2684101249857422,0.2654505702575366,0.39073838708490616,0.2654505702575366,0.27098083640368276,0,private_random
AOI-0066,2025-05-09,129,озимая пшеница,0.504843886620226,modis,0.5245837605138822,0.5245837605138822,0.5625273948415251,0.39321919483480006,0.5625273948415251,0.5278882240229291,0,private_random
AOI-0066,2025-06-03,154,озимая пшеница,0.5029575285098221,s2,0.45007678068780627,0.45007678068780627,0.4492997285570448,0.4884113524720341,0.4492997285570448,0.43255878531560993,0,private_random
AOI-0066,2025-06-25,176,озимая пшеница,0.8376323505079006,s2,0.7140367612371046,0.7140367612371046,0.71417842252388,0.7121479440800987,0.71417842252388,0.7419748994491111,0,private_random
AOI-0066,2025-06-27,178,озимая пшеница,0.8335963186088818,s2,0.7400562163969618,0.7400562163969618,0.7369048467482491,0.7305563711286984,0.7369048467482491,0.7702721794838358,0,private_random
AOI-0066,2025-07-06,187,озимая пшеница,0.8181277492963406,landsat,0.7488342656337295,0.7488342656337295,0.749631378066712,0.7176863351301556,0.749631378066712,0.7657701495353778,0,private_random
AOI-0066,2025-07-10,191,озимая пшеница,0.7758767314954681,s2,0.7139186725499816,0.7139186725499816,0.7143032923553394,0.6877645257856627,0.7143032923553394,0.7455717838689303,0,private_random
AOI-0066,2025-09-26,269,озимая пшеница,0.1546333152703898,s2,0.19603750551919993,0.19603750551919993,0.187798408091691,0.23197306458823386,0.187798408091691,0.195410340478513,0,private_random
AOI-0066,2025-10-02,275,озимая пшеница,0.250859601781176,landsat,0.22335865377010014,0.22335865377010014,0.23009920635619738,0.24277776761233308,0.23009920635619738,0.22278982144164367,0,private_random
AOI-0066,2025-10-05,278,озимая пшеница,0.159329124845657,s2,0.19692112662277772,0.19692112662277772,0.19449464603046496,0.24868604592544985,0.19449464603046496,0.19357328937582222,0,private_random
AOI-0067,2010-04-23,113,зерновые,0.3018043027888447,modis,0.2585720260235713,0.2585720260235713,0.30805471327025236,0.20144202563571964,0.30805471327025236,0.26303653133545407,0,private_random
AOI-0067,2010-05-02,122,зерновые,0.149476747607636,landsat,0.1947912565088271,0.1947912565088271,0.19176048210064897,0.21499641923001436,0.19176048210064897,0.20367373111053652,0,private_random
AOI-0067,2010-06-19,170,зерновые,0.1708564535346165,landsat,0.21283316150315945,0.21283316150315945,0.2124634052557121,0.21529820315280834,0.2124634052557121,0.22188236088562158,0,private_random
AOI-0067,2010-08-31,243,зерновые,0.1640160826144758,landsat,0.15453194880980234,0.15453194880980234,0.15306745185493995,0.16234259923573505,0.15306745185493995,0.15466209552799526,0,private_random
AOI-0067,2011-04-19,109,зерновые,0.1551317071277597,landsat,0.2003892497000303,0.2003892497000303,0.19763235611386754,0.22612025650421597,0.19763235611386754,0.1913293822427312,0,private_random
AOI-0067,2011-05-25,145,зерновые,0.3151582470119521,modis,0.4186237417661679,0.4186237417661679,0.4264407237262229,0.2831293877918819,0.4264407237262229,0.4134724256029865,0,private_random
AOI-0067,2011-06-10,161,зерновые,0.4021520318725099,modis,0.34886151787970276,0.34886151787970276,0.3517742888363968,0.28283870952797224,0.3517742888363968,0.36585203680420725,0,private_random
AOI-0067,2011-06-23,174,зерновые,0.4275784349320053,landsat,0.4024319012044185,0.4024319012044185,0.4029056607344098,0.40053686308445346,0.4029056607344098,0.38626139422258654,0,private_random
AOI-0067,2011-07-09,190,зерновые,0.5809683505847165,landsat,0.5283021931790588,0.5283021931790588,0.5267497722256785,0.5365817715970866,0.5267497722256785,0.5330731248153019,0,private_random
AOI-0067,2012-04-22,113,зерновые,0.3270227237487876,landsat,0.3507560574966144,0.3507560574966144,0.36611497450909497,0.27046953739882396,0.24202286043267154,0.36098602441717986,0,private_random
AOI-0067,2012-07-18,200,зерновые,0.124968200225377,landsat,0.1445666185392624,0.1445666185392624,0.14384526165897607,0.15033747358155283,0.14384526165897607,0.14546702168550169,0,private_random
AOI-0067,2013-04-07,97,зерновые,0.2554567330677291,modis,0.32378138482704,0.32378138482704,0.3298829512858254,0.21802089954142678,0.3298829512858254,0.3057485180860163,0,private_random
AOI-0067,2013-06-19,170,зерновые,0.3001284628820932,landsat,0.3765697159892147,0.3765697159892147,0.37763883283314564,0.3708677594882495,0.37763883283314564,0.37331024768338206,0,private_random
AOI-0067,2013-08-15,227,зерновые,0.2680336550766167,landsat,0.3024723169252637,0.3024723169252637,0.3018680141613425,0.3048895279809486,0.3018680141613425,0.2880336632597522,0,private_random
AOI-0067,2013-10-16,289,зерновые,0.5480291633466134,modis,0.4856422931343588,0.4856422931343588,0.48661893298377923,0.4687955519623103,0.48661893298377923,0.4855123141159244,0,private_random
AOI-0067,2014-04-03,93,зерновые,0.172080629570538,landsat,0.20655194252417408,0.20655194252417408,0.20164101881211474,0.23274353565515718,0.20164101881211474,0.18928944941969164,0,private_random
AOI-0067,2014-05-09,129,зерновые,0.2922500398406374,modis,0.3634421731966729,0.3634421731966729,0.3700341744879581,0.24039148242601502,0.3700341744879581,0.37856154191288494,0,private_random
AOI-0067,2014-06-22,173,зерновые,0.1682394214018941,landsat,0.22946648552132015,0.22946648552132015,0.22959165204692097,0.2284651533165136,0.22959165204692097,0.2298824934105928,0,private_random
AOI-0067,2014-07-24,205,зерновые,0.1664314537991603,landsat,0.19005015913468157,0.19005015913468157,0.18978534610229023,0.19252174743700065,0.18978534610229023,0.191179435554651,0,private_random
AOI-0067,2014-08-10,222,зерновые,0.1858777076364288,landsat,0.16659429291096195,0.16659429291096195,0.1657408448543814,0.17228394662149904,0.1657408448543814,0.16671852022167488,0,private_random
AOI-0067,2015-04-06,96,зерновые,0.1347996459690284,landsat,0.13660073899367686,0.13660073899367686,0.1300491242853742,0.16280719782688746,0.1300491242853742,0.11617841629077243,0,private_random
AOI-0067,2015-06-09,160,зерновые,0.2272734143886861,landsat,0.2793318104084165,0.2793318104084165,0.2795299438449004,0.27748256500123397,0.2795299438449004,0.2582880219023317,0,private_random
AOI-0067,2015-07-11,192,зерновые,0.3518560643976463,landsat,0.38706571823080704,0.38706571823080704,0.3871883163975819,0.38592146867424176,0.3871883163975819,0.3915610457996864,0,private_random
AOI-0067,2015-09-06,249,зерновые,0.4058726335302302,landsat,0.45578521990264337,0.45578521990264337,0.45714575424477144,0.44852903674462724,0.45714575424477144,0.4666533597058875,0,private_random
AOI-0067,2016-06-03,155,зерновые,0.2431796300119988,landsat,0.22485475596619586,0.22485475596619586,0.22450839827362754,0.2280874277635001,0.22450839827362754,0.2385997048344879,0,private_random
AOI-0067,2016-06-09,161,зерновые,0.2920495617529881,modis,0.29047720430230095,0.29047720430230095,0.2952710451658054,0.2201675383042354,0.2952710451658054,0.2853501147345643,0,private_random
AOI-0067,2016-07-11,193,зерновые,0.3382934661354582,modis,0.2709125827732062,0.2709125827732062,0.2752725038520395,0.1953406174067623,0.2752725038520395,0.2799401066200296,0,private_random
AOI-0067,2016-07-30,212,зерновые,0.2990863350740615,landsat,0.24343835068839,0.24343835068839,0.24201207780428716,0.24724174504599758,0.24201207780428716,0.2548013876705797,0,private_random
AOI-0067,2016-10-10,284,зерновые,0.1587408135042251,landsat,0.19370818146219082,0.19370818146219082,0.19039491944411718,0.20696122953448545,0.19039491944411718,0.20427059870869063,0,private_random
AOI-0067,2017-04-13,103,зерновые,0.1302071127608348,s2,0.1243274368552458,0.1243274368552458,0.11811664884514182,0.19885689297649367,0.11811664884514182,0.11743920260812675,0,private_random
AOI-0067,2017-05-22,142,зерновые,0.1888526837091011,landsat,0.24582430804781075,0.24582430804781075,0.2380331278974165,0.2666007884488619,0.2380331278974165,0.23692667389362604,0,private_random
AOI-0067,2017-05-29,149,зерновые,0.2018726909207814,landsat,0.2680399246673093,0.2680399246673093,0.2655743268491797,0.2910521709698522,0.2655743268491797,0.25726850226995257,0,private_random
AOI-0067,2017-06-06,157,зерновые,0.2652041801167698,landsat,0.34546696136973837,0.34546696136973837,0.3459291349363979,0.3417695728364622,0.3459291349363979,0.3393590440000767,0,private_random
AOI-0067,2017-06-30,181,зерновые,0.3831074147160835,landsat,0.416168450524106,0.416168450524106,0.41142663250527567,0.43151435614782047,0.43785174743813216,0.4148443475167794,0,private_random
AOI-0067,2017-07-17,198,зерновые,0.5059860060571031,landsat,0.49689416974407324,0.49689416974407324,0.49899807998423357,0.491283742436979,0.49899807998423357,0.4966237821042612,0,private_random
AOI-0067,2017-09-10,253,зерновые,0.4605909747268005,s2,0.43112109902350826,0.43112109902350826,0.4288828860816447,0.4490268025584168,0.4288828860816447,0.43699491968033194,0,private_random
AOI-0067,2018-05-09,129,зерновые,0.313396015936255,modis,0.42336868825346746,0.42336868825346746,0.43411010564814606,0.2515060099386092,0.43411010564814606,0.4261803561967446,0,private_random
AOI-0067,2018-05-17,137,зерновые,0.1968943316028222,landsat,0.20076148768332974,0.20076148768332974,0.19385114089439448,0.24683046627623137,0.19385114089439448,0.21330990740798778,0,private_random
AOI-0067,2018-06-10,161,зерновые,0.1519235302905378,landsat,0.2567648455871431,0.2567648455871431,0.2906308071760409,0.21263072115263534,0.21907204268316,0.2530526519604301,0,private_random
AOI-0067,2018-06-18,169,зерновые,0.1795509582881034,landsat,0.1940501479066897,0.1940501479066897,0.22802262111072338,0.21635377012031246,0.22802262111072338,0.18420773354285672,0,private_random
AOI-0067,2018-09-06,249,зерновые,0.1764160763044396,landsat,0.15534864268754914,0.15534864268754914,0.1528208052012471,0.16545999263275743,0.1528208052012471,0.1517251642154426,0,private_random
AOI-0067,2018-10-15,288,зерновые,0.2249752225382528,landsat,0.2023414514113037,0.2023414514113037,0.2006589681439919,0.22028793959596263,0.2006589681439919,0.20246661865053522,0,private_random
AOI-0067,2019-04-09,99,зерновые,0.348253764419953,landsat,0.3317746483197156,0.3317746483197156,0.32777506271531887,0.35310577154316497,0.32777506271531887,0.3077204595549289,0,private_random
AOI-0067,2019-04-23,113,зерновые,0.4859581566790529,s2,0.518848396552182,0.518848396552182,0.4979098953891707,0.5405623977582678,0.4979098953891707,0.5235562014841278,0,private_random
AOI-0067,2019-06-21,172,зерновые,0.3788976170915978,landsat,0.3723397731897481,0.3723397731897481,0.37388680267115754,0.3640889492888974,0.37388680267115754,0.37955881468804786,0,private_random
AOI-0067,2019-07-15,196,зерновые,0.1676221216942831,landsat,0.2342273639770077,0.2342273639770077,0.2585863962378305,0.25221711998677315,0.2585863962378305,0.2320813736855583,0,private_random
AOI-0067,2019-08-01,213,зерновые,0.4477952090212627,s2,0.30951889775969227,0.30951889775969227,0.30622181008214333,0.34908394989027974,0.30622181008214333,0.3199264286560353,0,private_random
AOI-0067,2019-08-23,235,зерновые,0.2500866599488749,landsat,0.32457662190923625,0.32457662190923625,0.3354284416514774,0.3326011957246649,0.3354284416514774,0.3288612580055211,0,private_random
AOI-0067,2019-09-25,268,зерновые,0.2610407496704391,s2,0.26463869230952114,0.26463869230952114,0.2607178753097689,0.2907774723078694,0.2607178753097689,0.25534784237930347,0,private_random
AOI-0067,2019-10-16,289,зерновые,0.3496522709163346,modis,0.33502359522268765,0.33502359522268765,0.3543472601296555,0.3043117193294718,0.3543472601296555,0.3263513297285692,0,private_random
AOI-0067,2020-04-19,110,зерновые,0.1873763148122446,landsat,0.1820237575655779,0.1820237575655779,0.17719841720797772,0.21419269328291227,0.17719841720797772,0.16288551917624794,0,private_random
AOI-0067,2020-05-27,148,зерновые,0.1297126091198384,s2,0.22504217584701494,0.22504217584701494,0.20039356220016408,0.31061189937411343,0.20039356220016408,0.20640407221240012,0,private_random
AOI-0067,2020-08-15,228,зерновые,0.4199464275251658,s2,0.37958267179954086,0.37958267179954086,0.37070496065515973,0.4046913148498173,0.37070496065515973,0.3900917305839321,0,private_random
AOI-0067,2020-08-30,243,зерновые,0.3646743737791966,s2,0.3055536238301457,0.3055536238301457,0.30334224650305525,0.3350386548580187,0.30334224650305525,0.31555703034761917,0,private_random
AOI-0067,2020-09-10,254,зерновые,0.3032198086379639,landsat,0.29551290048168977,0.29551290048168977,0.30361253650287506,0.30521111051039335,0.30361253650287506,0.2976159267220008,0,private_random
AOI-0067,2020-09-27,271,зерновые,0.2538523148679771,landsat,0.2180702341154192,0.2180702341154192,0.20463168463504913,0.2542213792836437,0.23816899335711716,0.21743683125954785,0,private_random
AOI-0067,2020-10-20,294,зерновые,0.2514010216810419,landsat,0.17516945154685523,0.17516945154685523,0.17991440867447797,0.20024384954330246,0.17991440867447797,0.17325701221516063,0,private_random
AOI-0067,2020-10-21,295,зерновые,0.1890642957024336,landsat,0.1657323813121966,0.1657323813121966,0.13241655252896234,0.19640348051192735,0.17604488569563284,0.16247235879595429,0,private_random
AOI-0067,2021-05-08,128,зерновые,0.1856002073315403,landsat,0.279043599355334,0.279043599355334,0.27406712600142075,0.3188553861866404,0.27406712600142075,0.26422067358941964,0,private_random
AOI-0067,2021-05-09,129,зерновые,0.3566757768924303,modis,0.49124669452972725,0.49124669452972725,0.49960585292925985,0.32406352653907505,0.49960585292925985,0.5095904058397496,0,private_random
AOI-0067,2021-05-12,132,зерновые,0.2813094164136469,s2,0.22292203385237747,0.22292203385237747,0.21035917732911089,0.3401753614028655,0.21035917732911089,0.2027847727886114,0,private_random
AOI-0067,2021-07-11,192,зерновые,0.3010679638188995,s2,0.3075374034286658,0.3075374034286658,0.29315045438611714,0.33661468981102133,0.29315045438611714,0.30671621705993407,0,private_random
AOI-0067,2021-07-12,193,зерновые,0.3500192411438426,landsat,0.3442698473917767,0.3442698473917767,0.3545539556873166,0.3170889885543943,0.32622701475882104,0.30366322264712736,0,private_random
AOI-0067,2021-08-05,217,зерновые,0.1404637918456824,s2,0.19134956198760594,0.19134956198760594,0.18590528502392303,0.24942184960022398,0.18590528502392303,0.15722149156368492,0,private_random
AOI-0067,2022-05-07,127,зерновые,0.1706017417701675,s2,0.14334399591910138,0.14334399591910138,0.12835766607584567,0.24325286154080605,0.12835766607584567,0.13862311588831305,0,private_random
AOI-0067,2022-07-28,209,зерновые,0.5595623904382471,modis,0.5548484203707492,0.5548484203707492,0.5518154792685892,0.5476860560645008,0.5518154792685892,0.5431514575674343,0,private_random
AOI-0067,2022-08-10,222,зерновые,0.537095315142491,s2,0.44528773818211814,0.44528773818211814,0.44345822299606563,0.46968127399615095,0.44345822299606563,0.46749344273605886,0,private_random
AOI-0067,2022-08-27,239,зерновые,0.3884435114990214,landsat,0.4271285496853245,0.4271285496853245,0.43082601066795834,0.42219860170847934,0.43082601066795834,0.41483800360224804,0,private_random
AOI-0067,2022-08-30,242,зерновые,0.3529849477988938,s2,0.39808505907065517,0.39808505907065517,0.3912635273021518,0.40365200319230765,0.3912635273021518,0.3901201195282354,0,private_random
AOI-0067,2022-08-31,243,зерновые,0.3982908232052821,landsat,0.39920686144281614,0.39920686144281614,0.40099759514318334,0.3997193420256973,0.40099759514318334,0.392147449870114,0,private_random
AOI-0067,2022-10-18,291,зерновые,0.3252483367017599,landsat,0.29877160726926066,0.29877160726926066,0.2981527096486799,0.30454798506134745,0.2981527096486799,0.3123221283025075,0,private_random
AOI-0067,2022-10-19,292,зерновые,0.2680263278270519,s2,0.26477813200113753,0.26477813200113753,0.25633358804812684,0.30236842231104566,0.25633358804812684,0.2848577439637812,0,private_random
AOI-0067,2023-05-14,134,зерновые,0.2236200764089122,landsat,0.25461366159151794,0.25461366159151794,0.2462269787858763,0.2881603928140843,0.2462269787858763,0.251430001035507,0,private_random
AOI-0067,2023-06-06,157,зерновые,0.1830305127927242,s2,0.27247542169311,0.27247542169311,0.29790478946483395,0.2992340982013464,0.23794637889080583,0.24819883037522442,0,private_random
AOI-0067,2023-07-01,182,зерновые,0.7012229660115802,landsat,0.6500552749019691,0.6500552749019691,0.6503091080512297,0.6487014981059133,0.6763790367564533,0.6763733630195465,0,private_random
AOI-0067,2023-07-05,186,зерновые,0.757081241976983,landsat,0.693558348914128,0.693558348914128,0.6965021747570995,0.6660826410463939,0.6965021747570995,0.7127560562273777,0,private_random
AOI-0067,2023-07-17,198,зерновые,0.6481823719547419,landsat,0.6560841573221369,0.6560841573221369,0.665813733106018,0.6396552822950151,0.665813733106018,0.6806603532688759,0,private_random
AOI-0067,2023-08-02,214,зерновые,0.4227478255281705,landsat,0.4196300660823899,0.4196300660823899,0.42069983522789295,0.41392463063970725,0.42069983522789295,0.41821796292320645,0,private_random
AOI-0067,2023-08-15,227,зерновые,0.402159115168022,s2,0.20895397069958224,0.20895397069958224,0.20462066595318243,0.26095362765638,0.20462066595318243,0.23808908824335798,0,private_random
AOI-0067,2023-09-30,273,зерновые,0.2616710756972111,modis,0.3070372613035109,0.3070372613035109,0.32606584064616023,0.260521880037001,0.32606584064616023,0.2955256109501667,0,private_random
AOI-0067,2023-10-06,279,зерновые,0.2673800263475825,landsat,0.22310829929146686,0.22310829929146686,0.19996948807580509,0.25123774434040375,0.2356985686137773,0.21577665664705598,0,private_random
AOI-0067,2024-04-06,97,зерновые,0.2555494439730097,s2,0.24420965809383466,0.24420965809383466,0.16819190750973156,0.24409465729347482,0.16819190750973156,0.2725294263900424,0,private_random
AOI-0067,2024-04-22,113,зерновые,0.2858144901209886,landsat,0.3541699576387949,0.3541699576387949,0.3094469310166052,0.3390067742141212,0.3094469310166052,0.35259184052036685,0,private_random
AOI-0067,2024-06-18,170,зерновые,0.559630967281439,landsat,0.4556931909132665,0.4556931909132665,0.43164568094745875,0.4740070521382799,0.49119390888335934,0.4542424369140291,0,private_random
AOI-0067,2024-07-20,202,зерновые,0.2179158710363034,s2,0.20269796422984226,0.20269796422984226,0.19884092990558827,0.2592678009855676,0.19884092990558827,0.1945653981127045,0,private_random
AOI-0067,2024-07-25,207,зерновые,0.2230087797548679,s2,0.1996558388670822,0.1996558388670822,0.17805019904057742,0.24072242521455486,0.17805019904057742,0.19379388708357556,0,private_random
AOI-0067,2024-08-14,227,зерновые,0.188385890752655,s2,0.1865218492462571,0.1865218492462571,0.17572892141836105,0.23865527380570337,0.17572892141836105,0.18123704460181153,0,private_random
AOI-0067,2024-08-20,233,зерновые,0.2234717819934068,landsat,0.2113686256052582,0.2113686256052582,0.22326593744655082,0.2284500072154647,0.22326593744655082,0.20913598564427086,0,private_random
AOI-0067,2024-09-28,272,зерновые,0.1286393569424274,s2,0.1386826032690817,0.1386826032690817,0.12893077139071804,0.18403087149733724,0.12893077139071804,0.1381498797598293,0,private_random
AOI-0067,2025-04-11,101,зерновые,0.1252176791986078,s2,0.12378249383476894,0.12378249383476894,0.11903095092992541,0.19980718031226538,0.11903095092992541,0.12394237737749755,0,private_random
AOI-0067,2025-05-04,124,зерновые,0.1626467452692132,landsat,0.15073592960626978,0.15073592960626978,0.11855332017175993,0.2614094779382273,0.20691390513540123,0.15575532716355053,0,private_random
AOI-0067,2025-05-20,140,зерновые,0.1860041246427818,landsat,0.2128893010122151,0.2128893010122151,0.210917822412302,0.2549475111436937,0.210917822412302,0.21391796204593658,0,private_random
AOI-0067,2025-06-15,166,зерновые,0.1656403828741354,s2,0.17477662624428897,0.17477662624428897,0.1714322300686577,0.25504213445943913,0.1714322300686577,0.17849415076926312,0,private_random
AOI-0067,2025-06-25,176,зерновые,0.2885715260516839,s2,0.28077081404151694,0.28077081404151694,0.2761548723266274,0.34231670357337807,0.2761548723266274,0.2892456750886142,0,private_random
AOI-0067,2025-07-25,206,зерновые,0.5660920648255879,s2,0.5291848185416793,0.5291848185416793,0.5290242058662649,0.5360376260260238,0.5290242058662649,0.5250864615217352,0,private_random
AOI-0067,2025-07-27,208,зерновые,0.1531403564508126,s2,0.5431414222128078,0.5431414222128078,0.5431262538956044,0.5435256862486249,0.5431262538956044,0.5344680458126935,0,private_random
AOI-0067,2025-07-30,211,зерновые,0.5699887061993384,s2,0.48179014904558565,0.48179014904558565,0.48135404221066297,0.517841647399193,0.48135404221066297,0.48395036964692967,0,private_random
AOI-0067,2025-10-02,275,зерновые,0.283872526055085,landsat,0.24711498534611126,0.24711498534611126,0.25317117564221614,0.26246382363460613,0.25317117564221614,0.25069727555052057,0,private_random
AOI-0068,2010-04-25,115,зерновые,0.1692405059059248,landsat,0.14554713001503614,0.14554713001503614,0.1390970036272846,0.17134763556604216,0.1390970036272846,0.15151463979319937,0,private_random
AOI-0068,2010-08-15,227,зерновые,0.1156224114636546,landsat,0.1494663311267452,0.1494663311267452,0.14790968382439207,0.15361739059968688,0.14790968382439207,0.1432628962628357,0,private_random
AOI-0068,2010-09-23,266,зерновые,0.1469807779969912,landsat,0.20119145670581992,0.20119145670581992,0.1998106972304948,0.21039651987465388,0.1998106972304948,0.17658079653437392,0,private_random
AOI-0068,2010-10-25,298,зерновые,0.3360487225439958,landsat,0.3288606697489501,0.3288606697489501,0.3290019671845347,0.32754189368349346,0.3290019671845347,0.3335398355300168,0,private_random
AOI-0068,2011-04-19,109,зерновые,0.4487005745848141,landsat,0.5189673327065016,0.5189673327065016,0.5177795109075728,0.5300536694965041,0.5177795109075728,0.2811097441536202,0,private_random
AOI-0068,2011-05-05,125,зерновые,0.5123774801130832,landsat,0.5486141607234275,0.5486141607234275,0.550426321157544,0.5461979468112722,0.550426321157544,0.5860217713948419,0,private_random
AOI-0068,2011-09-11,254,зерновые,0.1512963949028919,landsat,0.2085205889438933,0.2085205889438933,0.2064633691650879,0.216749468059115,0.2064633691650879,0.20865539756237536,0,private_random
AOI-0068,2011-09-14,257,зерновые,0.3016574474789916,modis,0.28301601374423435,0.28301601374423435,0.28623312803248224,0.22725269941460502,0.28623312803248224,0.2921780214604767,0,private_random
AOI-0068,2011-09-18,261,зерновые,0.2224465572623536,landsat,0.23031935834660142,0.23031935834660142,0.2293256668834651,0.23959381200254048,0.2293256668834651,0.2284051373190069,0,private_random
AOI-0068,2012-06-25,177,зерновые,0.2305956820104661,landsat,0.2560616561431273,0.2560616561431273,0.27323097738182045,0.20278884648566306,0.20070257360272087,0.261700214019126,0,private_random
AOI-0068,2012-09-13,257,зерновые,0.190437194352617,landsat,0.24027621799445556,0.24027621799445556,0.26819803085546967,0.20113151295670725,0.19030429802808954,0.23922320081073603,0,private_random
AOI-0068,2013-05-11,131,зерновые,0.4006079071501592,landsat,0.429732934730856,0.429732934730856,0.4291912947368912,0.4326216813653346,0.4291912947368912,0.4290207941806564,0,private_random
AOI-0068,2013-06-10,161,зерновые,0.3301639390756302,modis,0.3698889515999812,0.3698889515999812,0.381466865595533,0.3256967484027732,0.381466865595533,0.3517289535487793,0,private_random
AOI-0068,2013-07-14,195,зерновые,0.1709933043658048,landsat,0.20470270239351732,0.20470270239351732,0.20378057123182214,0.20839122704029808,0.20378057123182214,0.2010217117169247,0,private_random
AOI-0068,2013-07-29,210,зерновые,0.2472947553032556,landsat,0.18351030842621038,0.18351030842621038,0.18279559281474492,0.19018098746655462,0.18279559281474492,0.18247465776487598,0,private_random
AOI-0068,2013-09-14,257,зерновые,0.3877170899312817,modis,0.322519653985748,0.322519653985748,0.3269385409110241,0.2753848601161362,0.3269385409110241,0.3094878574615951,0,private_random
AOI-0068,2014-04-04,94,зерновые,0.2957150779893066,landsat,0.3416968094757811,0.3416968094757811,0.338283250932268,0.3599024550411842,0.338283250932268,0.3177487283407709,0,private_random
AOI-0068,2014-06-07,158,зерновые,0.2639529238694059,landsat,0.26733251890400456,0.26733251890400456,0.26748318157290485,0.2665289846698698,0.26748318157290485,0.2873672697736266,0,private_random
AOI-0068,2014-06-30,181,зерновые,0.207268302719593,landsat,0.1801178848057164,0.1801178848057164,0.179704631198994,0.183974918468459,0.179704631198994,0.17915227327352337,0,private_random
AOI-0068,2014-07-17,198,зерновые,0.1406027304780508,landsat,0.17137849021076315,0.17137849021076315,0.16997822086733494,0.1751125417932383,0.16997822086733494,0.1682802167222868,0,private_random
AOI-0068,2014-08-26,238,зерновые,0.1798972458196085,landsat,0.1550633702926475,0.1550633702926475,0.1544425298152612,0.15754673220219273,0.1544425298152612,0.15499544798192613,0,private_random
AOI-0068,2014-09-03,246,зерновые,0.1286658683583461,landsat,0.16386845882887693,0.16386845882887693,0.1628519249381441,0.16928997291278544,0.1628519249381441,0.16280659771975362,0,private_random
AOI-0068,2015-05-09,129,зерновые,0.4354275105042016,modis,0.48794636165969857,0.48794636165969857,0.49499653929431325,0.3751435195058633,0.49499653929431325,0.5224513431971086,0,private_random
AOI-0068,2015-07-19,200,зерновые,0.3661125741792861,landsat,0.2767531653193901,0.2767531653193901,0.2763976769696284,0.27912308765113464,0.2763976769696284,0.2744876115683449,0,private_random
AOI-0068,2015-07-28,209,зерновые,0.2879461071273511,landsat,0.325884942179717,0.325884942179717,0.3432722991779513,0.2803609320799229,0.27791178382916654,0.3206912862072099,0,private_random
AOI-0068,2015-08-05,217,зерновые,0.2293236442042004,landsat,0.2708137616435555,0.2708137616435555,0.27034281346635897,0.27395341615819874,0.27034281346635897,0.26966294757532866,0,private_random
AOI-0068,2015-08-21,233,зерновые,0.2616566053119187,landsat,0.28978121333878576,0.28978121333878576,0.28938529311443434,0.29189278786866013,0.28938529311443434,0.2875205846473082,0,private_random
AOI-0068,2016-05-08,129,зерновые,0.5164368802521008,modis,0.4302175869703546,0.4302175869703546,0.45659961428395013,0.3349481810245445,0.45659961428395013,0.439975741824089,0,private_random
AOI-0068,2016-05-10,131,зерновые,0.2699459922687279,landsat,0.31433833361961183,0.31433833361961183,0.3111243109698145,0.33576515128492707,0.3111243109698145,0.3272742160183715,0,private_random
AOI-0068,2016-05-26,147,зерновые,0.2998898139852658,landsat,0.34541607896734217,0.34541607896734217,0.34155118758923825,0.3557224559756191,0.34155118758923825,0.35604596987184184,0,private_random
AOI-0068,2016-06-20,172,зерновые,0.3192164274441643,landsat,0.3785129077860722,0.3785129077860722,0.3798763130150143,0.37305928687030376,0.3798763130150143,0.38052549911593136,0,private_random
AOI-0068,2016-07-11,193,зерновые,0.3831612132352942,modis,0.36675090891471857,0.36675090891471857,0.36964914601963755,0.3165147990961228,0.36964914601963755,0.3697891870368133,0,private_random
AOI-0068,2016-10-15,289,зерновые,0.4442684330007763,modis,0.3835255699588226,0.3835255699588226,0.387153011488196,0.3640675564748331,0.387153011488196,0.3925878069918087,0,private_random
AOI-0068,2017-04-07,97,зерновые,0.464728193277311,modis,0.3995805280066531,0.3995805280066531,0.40476070202158493,0.2959770477080161,0.40476070202158493,0.4270500862410145,0,private_random
AOI-0068,2017-05-09,129,зерновые,0.5541630777310927,modis,0.5728907917213893,0.5728907917213893,0.5766924522703467,0.4968575807422422,0.5766924522703467,0.5932122773480345,0,private_random
AOI-0068,2017-05-30,150,зерновые,0.5683302157251485,landsat,0.5239353275347561,0.5239353275347561,0.5256032107426986,0.5128161061484727,0.5256032107426986,0.5322626334736538,0,private_random
AOI-0068,2017-06-15,166,зерновые,0.5330920014265248,landsat,0.4087099230153938,0.4087099230153938,0.4107217509027221,0.4006626114660801,0.4107217509027221,0.4254377304364204,0,private_random
AOI-0068,2017-07-08,189,зерновые,0.2686925847114834,landsat,0.24035595197882528,0.24035595197882528,0.23982495500508982,0.24247993987376712,0.23982495500508982,0.24082840375297748,0,private_random
AOI-0068,2017-08-26,238,зерновые,0.145207383218277,s2,0.1683495281277556,0.1683495281277556,0.14367736707971046,0.20536837638298325,0.14367736707971046,0.15211062525507427,0,private_random
AOI-0068,2017-09-10,253,зерновые,0.1904356680282281,s2,0.20965294476232152,0.20965294476232152,0.20505843261448767,0.24640904194499255,0.20505843261448767,0.19938661294779023,0,private_random
AOI-0068,2018-04-14,104,зерновые,0.2184020948769191,landsat,0.24609951166815408,0.24609951166815408,0.24374377361680308,0.27750935235283397,0.24374377361680308,0.24883399077308455,0,private_random
AOI-0068,2018-05-16,136,зерновые,0.2873441670007245,landsat,0.29900021545714617,0.29900021545714617,0.29526740668487794,0.33383976399831594,0.29526740668487794,0.30395602779044273,0,private_random
AOI-0068,2018-05-25,145,зерновые,0.2488618978365624,landsat,0.43485386709275686,0.43485386709275686,0.48176679841070374,0.33103928492464646,0.28879343113564604,0.43853237555029634,0,private_random
AOI-0068,2018-06-10,161,зерновые,0.14057722177942,landsat,0.29476044298618576,0.29476044298618576,0.3265478297230034,0.2537136144325844,0.2579617296412854,0.2868857955882428,0,private_random
AOI-0068,2018-06-26,177,зерновые,0.1677103032392659,landsat,0.2750891453028075,0.2750891453028075,0.2986474993729213,0.2183912181978562,0.22093453294217302,0.2659236186390116,0,private_random
AOI-0068,2019-04-01,91,зерновые,0.2531587037365281,landsat,0.22636261126009916,0.22636261126009916,0.21129337345163177,0.27682818779432766,0.2526457334851658,0.2384142774484151,0,private_random
AOI-0068,2019-04-13,103,зерновые,0.2567585473893323,s2,0.3497113131623904,0.3497113131623904,0.32420959425994966,0.3837136050323114,0.32420959425994966,0.3428307681502071,0,private_random
AOI-0068,2019-05-20,140,зерновые,0.5887155076460927,landsat,0.5616511746754907,0.5616511746754907,0.5718068321829674,0.5812636220086881,0.5718068321829674,0.5715785386014811,0,private_random
AOI-0068,2019-05-27,147,зерновые,0.6288680662614561,landsat,0.52092438226519,0.52092438226519,0.5195435576444607,0.533812078725329,0.5195435576444607,0.5474674856111782,0,private_random
AOI-0068,2019-06-10,161,зерновые,0.3645252573529413,modis,0.33383994842482057,0.33383994842482057,0.29855345121248966,0.3569658546627151,0.40889845973295985,0.3206065967035281,0,private_random
AOI-0068,2019-07-28,209,зерновые,0.2541354201680673,modis,0.24453741686863206,0.24453741686863206,0.2771947344248526,0.21487834661869862,0.2771947344248526,0.25675451170166963,0,private_random
AOI-0068,2019-08-06,218,зерновые,0.1726754668238564,s2,0.20626313133283544,0.20626313133283544,0.18662510142277133,0.2460277006483592,0.18662510142277133,0.21223577514644226,0,private_random
AOI-0068,2019-08-16,228,зерновые,0.136855970813801,s2,0.18894748520153273,0.18894748520153273,0.17981450507016933,0.2376567125688042,0.17981450507016933,0.1939183207403568,0,private_random
AOI-0068,2019-09-14,257,зерновые,0.2290597636554623,modis,0.25322582234972957,0.25322582234972957,0.2741460473091289,0.21157378672856134,0.2741460473091289,0.2599289446461972,0,private_random
AOI-0068,2020-04-22,113,зерновые,0.3138282241859956,s2,0.3721579392829464,0.3721579392829464,0.29957187320900397,0.36839808083517783,0.29957187320900397,0.36157217794906155,0,private_random
AOI-0068,2020-06-09,161,зерновые,0.4265127993697479,modis,0.2792487124301027,0.2792487124301027,0.23873547800788752,0.30487629508171776,0.3673726970857011,0.2780372952530038,0,private_random
AOI-0068,2020-06-16,168,зерновые,0.2088387120777498,s2,0.19485528244408568,0.19485528244408568,0.18385931402991643,0.25350044731965493,0.18385931402991643,0.2048845915845081,0,private_random
AOI-0068,2020-07-11,193,зерновые,0.1496723619626239,s2,0.12709225012774253,0.12709225012774253,0.07585931248682526,0.14932451696871737,0.07585931248682526,0.12184501389970753,0,private_random
AOI-0068,2020-07-25,207,зерновые,0.1841380885583041,landsat,0.14450140996650207,0.14450140996650207,0.14408721757472345,0.14671043605598807,0.14408721757472345,0.1389000150995287,0,private_random
AOI-0068,2020-08-20,233,зерновые,0.1308990859647434,s2,0.11848866453059868,0.11848866453059868,0.11271250884565463,0.18010099183666853,0.11271250884565463,0.11827458332267136,0,private_random
AOI-0068,2020-09-18,262,зерновые,0.1657180219295245,landsat,0.16348283588708493,0.16348283588708493,0.16310772020357606,0.16698391559983436,0.16310772020357606,0.16127681102928532,0,private_random
AOI-0068,2020-09-19,263,зерновые,0.1188816948277707,s2,0.1290737427693677,0.1290737427693677,0.10995294052348598,0.1667584599817837,0.10995294052348598,0.12773927513934252,0,private_random
AOI-0068,2021-05-08,128,зерновые,0.3282945250339566,landsat,0.3978630449990868,0.3978630449990868,0.39570766823620973,0.41510605910210296,0.39570766823620973,0.3957197425876043,0,private_random
AOI-0068,2021-06-06,157,зерновые,0.4463967057508144,s2,0.4460842431917667,0.4460842431917667,0.44301433802072737,0.48292310524423937,0.44301433802072737,0.458503444599727,0,private_random
AOI-0068,2021-07-03,184,зерновые,0.3210325189788893,landsat,0.30827319269395725,0.30827319269395725,0.3204577395482285,0.31222092188658873,0.3204577395482285,0.30270514227027434,0,private_random
AOI-0068,2021-09-13,256,зерновые,0.0541413263975363,landsat,0.40339279435756387,0.40339279435756387,0.4045084725906713,0.394467368492704,0.4045084725906713,0.41803128545222934,0,private_random
AOI-0068,2021-09-19,262,зерновые,0.3632648725481037,s2,0.37653623547373205,0.37653623547373205,0.37436364395920374,0.3910201789039207,0.37436364395920374,0.4147129626420445,0,private_random
AOI-0068,2021-10-16,289,зерновые,0.3653925610464786,landsat,0.38212259096410994,0.38212259096410994,0.39568430928372617,0.35964940107137,0.3564512304149166,0.2759148553336055,0,private_random
AOI-0068,2022-04-10,100,зерновые,0.3690215400394088,landsat,0.36411108783292556,0.36411108783292556,0.3436820733381602,0.4052985370297793,0.3819247092269721,0.36243449495773344,0,private_random
AOI-0068,2022-05-03,123,зерновые,0.4372038189283694,landsat,0.44540080040550595,0.44540080040550595,0.4081802007611806,0.48355097595542457,0.46831508421861195,0.45663597850359383,0,private_random
AOI-0068,2022-06-28,179,зерновые,0.2384633342251084,landsat,0.24287160678937833,0.24287160678937833,0.2447084111096196,0.24042253436238994,0.2447084111096196,0.24821045854407475,0,private_random
AOI-0068,2022-08-23,235,зерновые,0.1855918440170581,landsat,0.1361274016638293,0.1361274016638293,0.12174403859205035,0.18744655993023498,0.1816078511369325,0.13278355064620925,0,private_random
AOI-0068,2022-08-30,242,зерновые,0.1256187716824501,s2,0.14153179021735615,0.14153179021735615,0.11806715392826415,0.17319902948950192,0.11806715392826415,0.14025079152005984,0,private_random
AOI-0068,2022-09-25,268,зерновые,0.2793307923772168,landsat,0.2916420064155357,0.2916420064155357,0.28654163077090167,0.29844250727504784,0.28654163077090167,0.247757872990749,0,private_random
AOI-0068,2022-09-29,272,зерновые,0.1846490103743614,s2,0.27553946857114897,0.27553946857114897,0.2715399012770654,0.3182015197080407,0.2715399012770654,0.20658964249536427,0,private_random
AOI-0068,2022-10-18,291,зерновые,0.5034857372590273,landsat,0.44814435036633177,0.44814435036633177,0.44857053887011566,0.4441665909976815,0.44857053887011566,0.46981042944249546,0,private_random
AOI-0068,2023-04-07,97,зерновые,0.4773874997548306,s2,0.5358028042803913,0.5358028042803913,0.556705407751217,0.49487307401721586,0.44663843577495316,0.5223016754947596,0,private_random
AOI-0068,2023-04-29,119,зерновые,0.5973466339955356,landsat,0.5242817136361162,0.5242817136361162,0.5190823202918717,0.5312142380951089,0.5190823202918717,0.5147513451396579,0,private_random
AOI-0068,2023-06-15,166,зерновые,0.3857154270818455,landsat,0.3939336814169791,0.3939336814169791,0.3952403561212026,0.3834802837831908,0.3952403561212026,0.402829542747704,0,private_random
AOI-0068,2023-06-25,176,зерновые,0.2755324085413901,landsat,0.3103685331998731,0.3103685331998731,0.3124206548557176,0.3048962087842877,0.3124206548557176,0.30953336322016645,0,private_random
AOI-0068,2023-07-09,190,зерновые,0.2759800730905709,landsat,0.23392155941816864,0.23392155941816864,0.20227031727009692,0.25271066693796834,0.2585268862463155,0.22936893993062313,0,private_random
AOI-0068,2023-07-17,198,зерновые,0.251343488868765,landsat,0.23865472363628557,0.23865472363628557,0.2560657529947553,0.25233359769327063,0.2560657529947553,0.23589465611243482,0,private_random
AOI-0068,2023-08-19,231,зерновые,0.3382036154752047,landsat,0.3364547553484367,0.3364547553484367,0.3367342601582805,0.3345913899494777,0.3367342601582805,0.33711829101621016,0,private_random
AOI-0068,2023-09-29,272,зерновые,0.3168645294005033,s2,0.3103870994756599,0.3103870994756599,0.2978729781934867,0.33611539246308175,0.2978729781934867,0.32239844879816437,0,private_random
AOI-0068,2023-10-13,286,зерновые,0.3159298169781744,landsat,0.2918535167625236,0.2918535167625236,0.2901386935539536,0.2987128095968034,0.2901386935539536,0.2901217293076098,0,private_random
AOI-0068,2023-10-19,292,зерновые,0.2695927281701884,s2,0.2817366259797051,0.2817366259797051,0.26492442846438885,0.3087039941311735,0.26492442846438885,0.2665228114060137,0,private_random
AOI-0068,2024-05-08,129,зерновые,0.3463203046218487,modis,0.4507964889168984,0.4507964889168984,0.5128838334096544,0.33490011253042035,0.5128838334096544,0.45010224643586405,0,private_random
AOI-0068,2024-05-11,132,зерновые,0.1919167463244868,s2,0.228164677882953,0.228164677882953,0.20283940829692154,0.3294657562270788,0.20283940829692154,0.23219724047602142,0,private_random
AOI-0068,2024-05-17,138,зерновые,0.2338487188330189,landsat,0.22337514262427194,0.22337514262427194,0.1884199320985537,0.3165890373595205,0.2661789749557656,0.22616277452347963,0,private_random
AOI-0068,2024-06-09,161,зерновые,0.2086693219024588,landsat,0.2944299064060753,0.2944299064060753,0.30806942140856547,0.23051935721844732,0.23655927233649465,0.29037356482082033,0,private_random
AOI-0068,2024-06-20,172,зерновые,0.14998100349862,s2,0.1471205210219191,0.1471205210219191,0.13923758141374662,0.22069462403152892,0.13923758141374662,0.14590476829164564,0,private_random
AOI-0068,2024-07-19,201,зерновые,0.1793619165422501,landsat,0.20160920628513854,0.20160920628513854,0.2018865198191148,0.1990209466346935,0.2018865198191148,0.19967891300845014,0,private_random
AOI-0068,2024-09-28,272,зерновые,0.160638061041405,s2,0.14893031345979102,0.14893031345979102,0.13844107615365256,0.19408597562432153,0.13844107615365256,0.15182016386824868,0,private_random
AOI-0068,2024-10-24,298,зерновые,0.1921832568626684,landsat,0.20235068826613,0.20235068826613,0.20908340651564555,0.22763860819016776,0.20908340651564555,0.2112374595821708,0,private_random
AOI-0068,2025-04-17,107,зерновые,0.5465048073613815,landsat,0.5603264006677754,0.5603264006677754,0.5654309238727695,0.5760186242254882,0.5654309238727695,0.5595592813157755,0,private_random
AOI-0068,2025-04-26,116,зерновые,0.6496346654689306,landsat,0.6372286621769481,0.6372286621769481,0.6187651977453756,0.6493858883315479,0.6465742069925705,0.641646848448336,0,private_random
AOI-0068,2025-05-16,136,зерновые,0.6836545162283366,s2,0.6403810028859754,0.6403810028859754,0.6396034715395856,0.6777025075126827,0.6396034715395856,0.6343098175023828,0,private_random
AOI-0068,2025-05-25,145,зерновые,0.6508662762605043,modis,0.6833916504002966,0.6833916504002966,0.6922083097702977,0.6476606439690457,0.6922083097702977,0.6695610178204763,0,private_random
AOI-0068,2025-07-05,186,зерновые,0.2008051072888329,s2,0.22985445348482694,0.22985445348482694,0.2156784406578428,0.2686427667693397,0.2156784406578428,0.21959716536315926,0,private_random
AOI-0068,2025-08-16,228,зерновые,0.1942532267056176,s2,0.19336944232715497,0.19336944232715497,0.19214006694915675,0.2523794604710684,0.19214006694915675,0.19327730227509785,0,private_random
AOI-0068,2025-09-23,266,зерновые,0.1994528088194128,s2,0.21372495152581067,0.21372495152581067,0.19810301051874962,0.24436168776491388,0.19810301051874962,0.21755758254600802,0,private_random
AOI-0068,2025-09-28,271,зерновые,0.2170445721213802,s2,0.20388635126726828,0.20388635126726828,0.20203441243219064,0.2532713868693394,0.20203441243219064,0.20249391228529495,0,private_random
AOI-0068,2025-09-30,273,зерновые,0.2196693981762917,modis,0.3113139850400114,0.3113139850400114,0.3189150041979361,0.2523487048984235,0.3189150041979361,0.305432317652631,0,private_random
AOI-0069,2025-04-07,97,зерновые,0.2487992685978251,modis,0.3491795845989998,0.3491795845989998,0.3606377202115617,0.24389143594513774,0.3606377202115617,0.3368404960727564,0,private_random
AOI-0069,2025-05-31,151,зерновые,0.4673793139225914,s2,0.38961423309526444,0.38961423309526444,0.38627044790399023,0.434198035645587,0.38627044790399023,0.3994200428499327,0,private_random
AOI-0069,2025-06-05,156,зерновые,0.4431867617431856,s2,0.3915008183179001,0.3915008183179001,0.3904197486962377,0.4376264555088303,0.3904197486962377,0.41164170972028197,0,private_random
AOI-0069,2025-06-21,172,зерновые,0.4137194801610845,landsat,0.37612065744461964,0.37612065744461964,0.3934099811813981,0.3794270655110446,0.3934099811813981,0.38626701715214906,0,private_random
AOI-0069,2025-06-27,178,зерновые,0.1760427219360737,s2,0.2969954909230118,0.2969954909230118,0.27066035038868397,0.33312101073080824,0.27066035038868397,0.308465571528245,0,private_random
AOI-0069,2025-07-14,195,зерновые,0.191155900407955,landsat,0.1927804785079731,0.1927804785079731,0.20856653572923167,0.2012868457528679,0.20856653572923167,0.2006134591177542,0,private_random
AOI-0069,2025-08-19,231,зерновые,0.1416989882273773,s2,0.12053493264260944,0.12053493264260944,0.11971594456572106,0.18823794699871507,0.11971594456572106,0.1213972555224491,0,private_random
AOI-0069,2025-10-15,288,зерновые,0.1611315257299195,s2,0.16793906391122318,0.16793906391122318,0.1626010028760489,0.21776096690618316,0.1626010028760489,0.1592906275631914,0,private_random
AOI-0070,2025-04-17,107,зерновые,0.3060902926255407,landsat,0.3081473149074565,0.3081473149074565,0.3152815130574795,0.34159191123018645,0.3152815130574795,0.306727028362623,0,private_random
AOI-0070,2025-05-03,123,зерновые,0.3028042963463239,landsat,0.33364010888257717,0.33364010888257717,0.33223073166067113,0.36934433183752785,0.33223073166067113,0.3408220699278572,0,private_random
AOI-0070,2025-06-21,172,зерновые,0.2656805674456885,landsat,0.2595461697045503,0.2595461697045503,0.2790343019054044,0.26942887067426263,0.2790343019054044,0.26857884064318355,0,private_random
AOI-0070,2025-06-30,181,зерновые,0.188551602970478,s2,0.20488129969019434,0.20488129969019434,0.2038232156277115,0.2570801134393485,0.2038232156277115,0.20658491465596435,0,private_random
AOI-0070,2025-07-25,206,зерновые,0.1471171638828654,s2,0.15036390841284863,0.15036390841284863,0.14890553358668995,0.2125879009956192,0.14890553358668995,0.14632686039169432,0,private_random
AOI-0070,2025-07-28,209,зерновые,0.2214253222760488,modis,0.1839867247868901,0.1839867247868901,0.14647755840720622,0.2086521607892644,0.26790225517239674,0.1814733489476466,0,private_random
AOI-0070,2025-08-14,226,зерновые,0.1189057955895021,s2,0.1595217334545393,0.1595217334545393,0.14254422785729604,0.2045150146820304,0.14254422785729604,0.16497639768794783,0,private_random
AOI-0070,2025-09-23,266,зерновые,0.1522800876892326,s2,0.1670211988662158,0.1670211988662158,0.15076591386075724,0.20427051507536254,0.15076591386075724,0.16220183300578,0,private_random
AOI-0070,2025-09-30,273,зерновые,0.2183838574595614,modis,0.2898720758051396,0.2898720758051396,0.2987349106082961,0.22167601628239578,0.2987349106082961,0.2923455297278404,0,private_random
AOI-0071,2025-04-17,107,зерновые,0.3403240682715812,landsat,0.4086637601564231,0.4086637601564231,0.4159158859787904,0.4346266959985982,0.4159158859787904,0.4041031667475424,0,private_random
AOI-0071,2025-06-07,158,зерновые,0.4746466548814492,s2,0.41275229921256856,0.41275229921256856,0.4119749718135357,0.4521368874302328,0.4119749718135357,0.4183090172539107,0,private_random
AOI-0071,2025-06-28,179,зерновые,0.6826609765597962,landsat,0.5256698074477348,0.5256698074477348,0.5486891820586633,0.5285853254486724,0.5486891820586633,0.5346895157684393,0,private_random
AOI-0071,2025-07-17,198,зерновые,0.3932982378280161,s2,0.4409159470790726,0.4409159470790726,0.4403610554457516,0.46089204587862825,0.4403610554457516,0.4470145772389831,0,private_random
AOI-0071,2025-09-25,268,зерновые,0.3036208847555499,s2,0.31525639737786865,0.31525639737786865,0.31161968020672787,0.34123404807421526,0.31161968020672787,0.3030360598191315,0,private_random
AOI-0071,2025-09-30,273,зерновые,0.3496784090909091,modis,0.3857744564877494,0.3857744564877494,0.39024494698730683,0.34917857540467895,0.39024494698730683,0.3830068232783287,0,private_random
AOI-0071,2025-10-02,275,зерновые,0.3414842897466674,landsat,0.33516651816653453,0.33516651816653453,0.3396157310894589,0.3477922876055632,0.3396157310894589,0.3253286624857934,0,private_random
AOI-0072,2025-04-02,92,зерновые,0.4213367863586251,landsat,0.536214934846381,0.536214934846381,0.5463158769748928,0.5630523378049445,0.5463158769748928,0.5418058198650108,0,private_random
AOI-0072,2025-06-26,177,зерновые,0.2806986518636003,modis,0.345963005051361,0.345963005051361,0.3467494500785157,0.2830474028789829,0.3467494500785157,0.32086400758302247,0,private_random
AOI-0072,2025-07-10,191,зерновые,0.1599153893639828,s2,0.17740809406486424,0.17740809406486424,0.17664426343167597,0.22934857712166754,0.17664426343167597,0.15311543168915304,0,private_random
AOI-0072,2025-07-30,211,зерновые,0.1463701494214001,s2,0.15611117125839144,0.15611117125839144,0.15536506916274054,0.21778894449886654,0.15536506916274054,0.15396529694936212,0,private_random
AOI-0072,2025-08-15,227,зерновые,0.2056926593680804,landsat,0.20721395704815285,0.20721395704815285,0.21262933568878645,0.21629474593998346,0.21262933568878645,0.20707625525090362,0,private_random
AOI-0072,2025-08-26,238,зерновые,0.1755295693534904,s2,0.1613647435187095,0.1613647435187095,0.1507115683184778,0.21818167791994517,0.1507115683184778,0.1634953993683149,0,private_random
AOI-0072,2025-08-31,243,зерновые,0.2006376269235131,landsat,0.19114829295061067,0.19114829295061067,0.20583466809926587,0.20853997637157073,0.20583466809926587,0.1919543543409529,0,private_random
AOI-0072,2025-10-08,281,зерновые,0.1476026150843522,s2,0.149613309857182,0.149613309857182,0.14865313832578078,0.20338291561565036,0.14865313832578078,0.15035333343209573,0,private_random
AOI-0073,2010-04-07,97,озимая пшеница,0.2758543110695937,modis,0.3030597718749291,0.3030597718749291,0.36387197785407177,0.2537013719639399,0.36387197785407177,0.28405703897989354,0,private_random
AOI-0073,2010-05-09,129,озимая пшеница,0.5833119476879962,modis,0.5279548234607814,0.5279548234607814,0.5335920721569356,0.4377588443223129,0.5335920721569356,0.5914966295004751,0,private_random
AOI-0073,2010-06-09,160,озимая пшеница,0.6262000926013629,landsat,0.5938149281899224,0.5938149281899224,0.5946090013291547,0.5927561640042796,0.5946090013291547,0.6218264559269508,0,private_random
AOI-0073,2011-05-27,147,озимая пшеница,0.4235608982597487,landsat,0.3955793701407031,0.3955793701407031,0.39228666866175205,0.3999696387793045,0.39228666866175205,0.3842492854447818,0,private_random
AOI-0073,2011-06-04,155,озимая пшеница,0.2690147752975363,landsat,0.4295949949390279,0.4295949949390279,0.42989113026861947,0.4284104536206616,0.42989113026861947,0.42788992146934474,0,private_random
AOI-0073,2011-09-24,267,озимая пшеница,0.2694604167888213,landsat,0.3250517430417722,0.3250517430417722,0.31931000846565766,0.3480186813462303,0.31931000846565766,0.29261430908384023,0,private_random
AOI-0073,2012-05-06,127,озимая пшеница,0.476291741170567,landsat,0.44693091796789,0.44693091796789,0.44665667833497286,0.44912483503122685,0.44665667833497286,0.4894473952079877,0,private_random
AOI-0073,2012-06-14,166,озимая пшеница,0.5749098725500796,landsat,0.4845287423602999,0.4845287423602999,0.4847179095108843,0.4835198508905168,0.4847179095108843,0.5200181753962667,0,private_random
AOI-0073,2013-07-27,208,озимая пшеница,0.6503110400743944,landsat,0.46952920435113366,0.46952920435113366,0.4701364339818746,0.4679099253358245,0.4701364339818746,0.47889576655594773,0,private_random
AOI-0073,2013-08-12,224,озимая пшеница,0.4509879896089961,landsat,0.41316669853314325,0.41316669853314325,0.41345464776976315,0.41239883390215687,0.41345464776976315,0.4266335310008417,0,private_random
AOI-0073,2013-08-29,241,озимая пшеница,0.3836868099019148,modis,0.4317563531385956,0.4317563531385956,0.43368156831257954,0.4009529103548524,0.43368156831257954,0.42450946533086126,0,private_random
AOI-0073,2014-04-25,115,озимая пшеница,0.2701900861146977,landsat,0.297356193391467,0.297356193391467,0.30498843159299566,0.32370598689590924,0.30498843159299566,0.2535449339222823,0,private_random
AOI-0073,2014-07-28,209,озимая пшеница,0.6709224381130312,modis,0.5982244803669505,0.5982244803669505,0.5984087888196603,0.5955212897272063,0.5984087888196603,0.6076159104542356,0,private_random
AOI-0073,2014-08-07,219,озимая пшеница,0.5120621950960961,landsat,0.5256810553591271,0.5256810553591271,0.5267868871601777,0.5197832857535242,0.5267868871601777,0.5590513416865751,0,private_random
AOI-0073,2015-04-23,113,озимая пшеница,0.2495142456795888,modis,0.304521811427803,0.304521811427803,0.3521130308907534,0.2506403572054302,0.3521130308907534,0.301892226325861,0,private_random
AOI-0073,2015-05-25,145,озимая пшеница,0.5222107052779077,modis,0.4695470127410103,0.4695470127410103,0.5098461294145087,0.4128289830405177,0.5098461294145087,0.4876500142899472,0,private_random
AOI-0073,2015-09-14,257,озимая пшеница,0.3086390378327884,modis,0.31101494187104356,0.31101494187104356,0.31374359774268595,0.26008003226705245,0.31374359774268595,0.29556759167329083,0,private_random
AOI-0073,2015-10-29,302,озимая пшеница,0.1943801490826632,landsat,0.19400115952038044,0.19400115952038044,0.1907511612487094,0.20266782157816984,0.1907511612487094,0.2305526795982628,0,private_random
AOI-0073,2016-06-25,177,озимая пшеница,0.6913703022976833,landsat,0.6339416885178576,0.6339416885178576,0.634901580939471,0.6237028360206486,0.6357030641265708,0.6332351811089683,0,private_random
AOI-0073,2016-07-11,193,озимая пшеница,0.3663720885851503,landsat,0.544086128089042,0.544086128089042,0.5451735289182948,0.5252378470486597,0.5248088484514462,0.5289101691170968,0,private_random
AOI-0073,2017-04-07,97,озимая пшеница,0.2333589911256421,modis,0.34777958319577057,0.34777958319577057,0.3536298957332163,0.2307733324468558,0.3536298957332163,0.4926340610307133,0,private_random
AOI-0073,2017-05-04,124,озимая пшеница,0.210927928485449,s2,0.2977270292181523,0.2977270292181523,0.28997114629260023,0.3287505609203604,0.21222195671868108,0.2751105323334216,0,private_random
AOI-0073,2017-07-22,203,озимая пшеница,0.8053192099660462,landsat,0.701143520773243,0.701143520773243,0.7197658237484789,0.6964292854973427,0.6860568942549324,0.7481999870989309,0,private_random
AOI-0073,2017-08-19,231,озимая пшеница,0.514464896931358,s2,0.5060717637058085,0.5060717637058085,0.49078203335799997,0.5091342424874343,0.49078203335799997,0.5146536623553164,0,private_random
AOI-0073,2017-10-18,291,озимая пшеница,0.2394258938267156,s2,0.32367696698290976,0.32367696698290976,0.2984317759710664,0.334049326283981,0.2984317759710664,0.38456151710645153,0,private_random
AOI-0073,2018-04-28,118,озимая пшеница,0.2522968930931632,landsat,0.2553312718962426,0.2553312718962426,0.2318327640097316,0.30282455189995144,0.27478929574399674,0.23040694579775095,0,private_random
AOI-0073,2018-05-01,121,озимая пшеница,0.2102401772753791,s2,0.2631040630762226,0.2631040630762226,0.22902639906994973,0.34001034698464255,0.22902639906994973,0.24149291669329387,0,private_random
AOI-0073,2018-05-09,129,озимая пшеница,0.4425449322746379,modis,0.5066670909040326,0.5066670909040326,0.5152062348560703,0.37004078767142873,0.5152062348560703,0.5010355948657753,0,private_random
AOI-0073,2018-06-10,161,озимая пшеница,0.4882666978047641,modis,0.42711619516120336,0.42711619516120336,0.4448563940691893,0.4027483645674373,0.4448563940691893,0.42812138732588456,0,private_random
AOI-0073,2018-08-13,225,озимая пшеница,0.7325395983185427,modis,0.6919420502892812,0.6919420502892812,0.6915136165352417,0.7005107253700706,0.6915136165352417,0.6851902954791229,0,private_random
AOI-0073,2018-09-13,256,озимая пшеница,0.389475645701143,s2,0.3724200598724543,0.3724200598724543,0.36804718315437074,0.38928096886427666,0.36804718315437074,0.40213117391752995,0,private_random
AOI-0073,2019-04-21,111,озимая пшеница,0.1686137593113685,s2,0.15367195789045093,0.15367195789045093,0.14717816175883328,0.23159751146986285,0.14717816175883328,0.13442731538004463,0,private_random
AOI-0073,2019-04-24,114,озимая пшеница,0.1499395511361654,s2,0.17521038722877605,0.17521038722877605,0.13405083375052396,0.21997309382106592,0.13405083375052396,0.16640371506181434,0,private_random
AOI-0073,2019-05-29,149,озимая пшеница,0.4202615032499717,s2,0.5003931331794078,0.5003931331794078,0.5127661780838076,0.5318619803877237,0.45204540796437126,0.49403991576201095,0,private_random
AOI-0073,2019-06-10,161,озимая пшеница,0.6515357348607296,s2,0.6488229926873674,0.6488229926873674,0.6499832165785465,0.6604701887034335,0.6499832165785465,0.670711560126362,0,private_random
AOI-0073,2019-06-13,164,озимая пшеница,0.6715261814784307,s2,0.7021482827421486,0.7021482827421486,0.7075809373543412,0.6804176642933774,0.6754559788082031,0.7130999029565444,0,private_random
AOI-0073,2019-07-20,201,озимая пшеница,0.6749817845025732,s2,0.6565018862946347,0.6565018862946347,0.6580706147091927,0.6418604210920927,0.6580706147091927,0.6801956627868909,0,private_random
AOI-0073,2019-09-01,244,озимая пшеница,0.3256663749862347,s2,0.35803924552672467,0.35803924552672467,0.36435489941504934,0.35778064033884643,0.3329705838643344,0.3545713719635366,0,private_random
AOI-0073,2019-09-23,266,озимая пшеница,0.3609226360179159,s2,0.24023823749637002,0.24023823749637002,0.23663879190978626,0.2738330629711517,0.23663879190978626,0.2290016257113817,0,private_random
AOI-0073,2019-09-26,269,озимая пшеница,0.262899338855701,s2,0.24974882995887768,0.24974882995887768,0.2403163103206522,0.27490221566081224,0.2403163103206522,0.23591972238649145,0,private_random
AOI-0073,2020-04-06,97,озимая пшеница,0.2681364222326016,modis,0.35730644365181047,0.35730644365181047,0.3631851883498121,0.23973154969177765,0.3631851883498121,0.37126451629953855,0,private_random
AOI-0073,2020-04-23,114,озимая пшеница,0.282561980061762,s2,0.32414671913266024,0.32414671913266024,0.2944302929493562,0.363768620710399,0.2944302929493562,0.3032779749786007,0,private_random
AOI-0073,2020-04-30,121,озимая пшеница,0.3421999648697079,s2,0.38531214604731,0.38531214604731,0.37868618640541235,0.46482366175008233,0.37868618640541235,0.36230160462642635,0,private_random
AOI-0073,2020-05-24,145,озимая пшеница,0.7863560018682859,modis,0.6894787532866419,0.6894787532866419,0.6977516618903997,0.650934201249754,0.6977516618903997,0.6871302382439781,0,private_random
AOI-0073,2020-06-12,164,озимая пшеница,0.7115183484838707,s2,0.6698642920160733,0.6698642920160733,0.6673586943395422,0.6732050889181149,0.6673586943395422,0.6727006784768346,0,private_random
AOI-0073,2020-06-27,179,озимая пшеница,0.5391552701492057,s2,0.48018676222153817,0.48018676222153817,0.46491578850032916,0.5005480605164836,0.46491578850032916,0.4978551240994805,0,private_random
AOI-0073,2020-07-19,201,озимая пшеница,0.2165546244720126,s2,0.22470566248964668,0.22470566248964668,0.22138098370980214,0.2690347128875738,0.22138098370980214,0.24484292394204657,0,private_random
AOI-0073,2020-08-07,220,озимая пшеница,0.2054298712132511,landsat,0.21894037645048087,0.21894037645048087,0.21764923633621844,0.2223834167551807,0.21764923633621844,0.21605189565839256,0,private_random
AOI-0073,2020-08-08,221,озимая пшеница,0.1510590804210779,s2,0.15807260994530342,0.15807260994530342,0.15273337049189475,0.2221434833862074,0.15273337049189475,0.15443149462362607,0,private_random
AOI-0073,2020-10-07,281,озимая пшеница,0.1892298812198534,s2,0.17313311009071544,0.17313311009071544,0.16865890797210023,0.22682353551409803,0.16865890797210023,0.1722133594172068,0,private_random
AOI-0073,2020-10-19,293,озимая пшеница,0.185210175884407,landsat,0.1961003533381729,0.1961003533381729,0.1818299278064367,0.23756735000261534,0.22208180796678587,0.19663305927571764,0,private_random
AOI-0073,2021-04-23,113,озимая пшеница,0.1286016036462872,s2,0.3420969340117024,0.3420969340117024,0.398854431030433,0.2846504238550683,0.20393893954493786,0.34021534795349706,0,private_random
AOI-0073,2021-05-25,145,озимая пшеница,0.2429497332770636,s2,0.4102721006394643,0.4102721006394643,0.5411727526685813,0.38193089865074237,0.2610973235207514,0.4091830069656283,0,private_random
AOI-0073,2021-06-27,178,озимая пшеница,0.6223392754122223,s2,0.6178566316999973,0.6178566316999973,0.623078815116804,0.6108937204775883,0.5853140097581218,0.6181562353036405,0,private_random
AOI-0073,2021-07-07,188,озимая пшеница,0.7654872131690648,s2,0.6052953253929209,0.6052953253929209,0.6075101582267564,0.6023422149478068,0.6075101582267564,0.6396952556832658,0,private_random
AOI-0073,2021-07-12,193,озимая пшеница,0.7026984456024177,s2,0.6113103021047619,0.6113103021047619,0.5866517866754759,0.6297410565135136,0.6392351874960503,0.6569446469488875,0,private_random
AOI-0073,2021-07-17,198,озимая пшеница,0.7719317361128634,s2,0.6943025617457879,0.6943025617457879,0.7013040529165129,0.6662965970628881,0.6802195146441828,0.7157332257309339,0,private_random
AOI-0073,2021-07-22,203,озимая пшеница,0.7502112365934084,s2,0.7098877574077695,0.7098877574077695,0.7195276600391814,0.6970345538992205,0.7195276600391814,0.7096114614654909,0,private_random
AOI-0073,2021-07-28,209,озимая пшеница,0.5997389257356376,modis,0.6515382730669133,0.6515382730669133,0.6148862690723483,0.6794415908166297,0.6148862690723483,0.6351710723293267,0,private_random
AOI-0073,2021-08-26,238,озимая пшеница,0.4824748468400226,s2,0.39594001358292824,0.39594001358292824,0.37099451215583107,0.4077130900692887,0.37099451215583107,0.398922621922246,0,private_random
AOI-0073,2021-08-31,243,озимая пшеница,0.3915574939670503,s2,0.37906313939072445,0.37906313939072445,0.37230484858846485,0.38807419379373725,0.37230484858846485,0.3773834274739506,0,private_random
AOI-0073,2022-05-01,121,озимая пшеница,0.2822373915846619,landsat,0.3101562365363706,0.3101562365363706,0.28819709627000495,0.3394350902248582,0.28819709627000495,0.30723871020474486,0,private_random
AOI-0073,2022-05-23,143,озимая пшеница,0.2011667327910344,s2,0.2948110181411655,0.2948110181411655,0.2439992929615465,0.36255998504732423,0.2439992929615465,0.27565009144899916,0,private_random
AOI-0073,2022-06-27,178,озимая пшеница,0.716663078548004,s2,0.6783709133874093,0.6783709133874093,0.6758272076776526,0.681762521000418,0.6758272076776526,0.6814287148253764,0,private_random
AOI-0073,2022-07-12,193,озимая пшеница,0.7763100147956892,s2,0.7423775278528241,0.7423775278528241,0.7772028582231238,0.7323035979737549,0.767679473029682,0.7601242257539482,0,private_random
AOI-0073,2022-08-21,233,озимая пшеница,0.5697025511869998,s2,0.6005800851632245,0.6005800851632245,0.6075983457526349,0.5917881596716631,0.5933496663384443,0.6054780244627941,0,private_random
AOI-0073,2022-08-31,243,озимая пшеница,0.434462174993293,s2,0.45858690941478775,0.45858690941478775,0.459030814367037,0.4588956231864192,0.4552480394203189,0.4626438962364106,0,private_random
AOI-0073,2022-10-07,280,озимая пшеница,0.2515978505271165,s2,0.26556231964688604,0.26556231964688604,0.26221395022194605,0.3057427527461662,0.26221395022194605,0.25343822346798855,0,private_random
AOI-0073,2022-10-15,288,озимая пшеница,0.2984556029057379,s2,0.292602054672265,0.292602054672265,0.2984287733526198,0.3062111874006908,0.2649150490848812,0.29867529116887115,0,private_random
AOI-0073,2023-04-10,100,озимая пшеница,0.1793102599190917,s2,0.15787709526090724,0.15787709526090724,0.14588798198178293,0.22181903274957007,0.14588798198178293,0.12340064558606571,0,private_random
AOI-0073,2023-05-04,124,озимая пшеница,0.3289675854833291,landsat,0.3016238146112121,0.3016238146112121,0.3253655213467238,0.34505817222608853,0.3253655213467238,0.277242244330442,0,private_random
AOI-0073,2023-06-17,168,озимая пшеница,0.533962805199941,s2,0.3917339749108427,0.3917339749108427,0.3956717147032741,0.38648365518760097,0.3360922918890455,0.39051743776186315,0,private_random
AOI-0073,2023-06-19,170,озимая пшеница,0.2576699626570349,s2,0.3111461606045862,0.3111461606045862,0.30580519605661105,0.360995163052354,0.30580519605661105,0.3213167573020759,0,private_random
AOI-0073,2023-07-07,188,озимая пшеница,0.2533008237192199,s2,0.3099268850087078,0.3099268850087078,0.32285448670361033,0.31682356843949333,0.2788991690458136,0.31345663191847223,0,private_random
AOI-0073,2023-08-01,213,озимая пшеница,0.2198987068821394,s2,0.29525102638429074,0.29525102638429074,0.29940562517722447,0.29912429051553874,0.24664549156358304,0.30667938400330097,0,private_random
AOI-0073,2023-08-24,236,озимая пшеница,0.2735109810463694,landsat,0.27852765470850427,0.27852765470850427,0.27845216119236676,0.2789302867945706,0.27845216119236676,0.2758708507902244,0,private_random
AOI-0073,2023-10-19,292,озимая пшеница,0.3065702723054726,landsat,0.2661796660694394,0.2661796660694394,0.2455534453426737,0.298007682310807,0.292599696553707,0.2563090361089886,0,private_random
AOI-0073,2024-04-07,98,озимая пшеница,0.408921751998664,s2,0.45357812084325694,0.45357812084325694,0.45765880945561305,0.4741806401349568,0.41772278831270176,0.43304913692684344,0,private_random
AOI-0073,2024-04-09,100,озимая пшеница,0.3362050376383673,s2,0.44044352426376454,0.44044352426376454,0.4367289343991373,0.4899713891254612,0.4367289343991373,0.4306064647555834,0,private_random
AOI-0073,2024-04-28,119,озимая пшеница,0.5920970913988537,landsat,0.6168666641002604,0.6168666641002604,0.6146993243891196,0.6226462366633023,0.6146993243891196,0.6208392147002817,0,private_random
AOI-0073,2024-06-01,153,озимая пшеница,0.6081657391621121,s2,0.6202151056633922,0.6202151056633922,0.6320904976494048,0.6101271869696213,0.5921548687256826,0.636626416754288,0,private_random
AOI-0073,2024-06-08,160,озимая пшеница,0.5143532146019852,s2,0.5870036137045715,0.5870036137045715,0.581455473250978,0.6013599421360653,0.581455473250978,0.5853694430258135,0,private_random
AOI-0073,2024-07-16,198,озимая пшеница,0.2527323583521607,s2,0.2808648191466725,0.2808648191466725,0.2606728672922917,0.3077874216191802,0.2606728672922917,0.25972086654213833,0,private_random
AOI-0073,2024-08-17,230,озимая пшеница,0.1909016403750148,s2,0.19040096381421212,0.19040096381421212,0.18674696044127334,0.24886501778123238,0.18674696044127334,0.19171210798557825,0,private_random
AOI-0073,2024-08-27,240,озимая пшеница,0.1659005273133498,s2,0.19114142125613853,0.19114142125613853,0.18576927650276973,0.23411857928308918,0.18576927650276973,0.18930328763223686,0,private_random
AOI-0073,2024-09-27,271,озимая пшеница,0.2171776078139391,landsat,0.2184359320205064,0.2184359320205064,0.21568936605219083,0.23308428385152288,0.21568936605219083,0.21841346608064122,0,private_random
AOI-0073,2024-10-24,298,озимая пшеница,0.1980456026324408,s2,0.1897639523777635,0.1897639523777635,0.20064390931025702,0.20279768619413616,0.15822873815049693,0.18533064336604232,0,private_random
AOI-0073,2025-04-21,111,озимая пшеница,0.1836748257905832,s2,0.18879133472627022,0.18879133472627022,0.18554640909929698,0.27099611727625805,0.18554640909929698,0.1881207792263583,0,private_random
AOI-0073,2025-05-01,121,озимая пшеница,0.1738117287825789,s2,0.2115912651026538,0.2115912651026538,0.19969397293319485,0.3424086682965431,0.19969397293319485,0.20771345573704164,0,private_random
AOI-0073,2025-05-09,129,озимая пшеница,0.4300450256889303,modis,0.4940315953611069,0.4940315953611069,0.5367651416830789,0.3450066556188364,0.5367651416830789,0.4906271878930307,0,private_random
AOI-0073,2025-05-31,151,озимая пшеница,0.2399385535501277,s2,0.30940889900852503,0.30940889900852503,0.30522825933524744,0.3651507613188926,0.30522825933524744,0.3031622474318695,0,private_random
AOI-0073,2025-07-11,192,озимая пшеница,0.7790197301636419,s2,0.7521391353051574,0.7521391353051574,0.7581518965333451,0.7280880903924066,0.7581518965333451,0.7730396199425454,0,private_random
AOI-0073,2025-07-12,193,озимая пшеница,0.7801939328627835,landsat,0.7025822125384321,0.7025822125384321,0.6693025383833757,0.7327398459100808,0.7655794122142789,0.6814845535573082,0,private_random
AOI-0073,2025-07-13,194,озимая пшеница,0.7002268218265704,s2,0.7525740574960235,0.7525740574960235,0.7531327003940352,0.72352462679941,0.7531327003940352,0.768793224828461,0,private_random
AOI-0073,2025-08-17,229,озимая пшеница,0.6138216883489624,s2,0.5767794987940891,0.5767794987940891,0.5745992380680328,0.5667439489013154,0.5745992380680328,0.5766440659183941,0,private_random
AOI-0073,2025-09-24,267,озимая пшеница,0.2700000501273155,s2,0.31424023508434296,0.31424023508434296,0.32068384872899774,0.3149809937442776,0.2844884985199406,0.30934073922659644,0,private_random
AOI-0074,2010-04-06,96,озимая пшеница,0.2384478137549229,landsat,0.1418618056059301,0.1418618056059301,0.13558332522581595,0.16697572712638667,0.13558332522581595,0.1180388998082775,0,private_random
AOI-0074,2010-07-19,200,озимая пшеница,0.2449892196874119,landsat,0.3350614177588185,0.3350614177588185,0.33209208436316073,0.3390205289530288,0.33209208436316073,0.3598977277400979,0,private_random
AOI-0074,2010-10-16,289,озимая пшеница,0.2634037168713639,modis,0.23146361882420616,0.23146361882420616,0.19586365060478939,0.2101793271853841,0.27442975660769914,0.242698789329121,0,private_random
AOI-0074,2011-04-25,115,озимая пшеница,0.2288834427070059,landsat,0.24525621655056976,0.24525621655056976,0.2333200100901547,0.2611711584977899,0.2333200100901547,0.20465634085211665,0,private_random
AOI-0074,2011-05-25,145,озимая пшеница,0.5408313186813186,modis,0.4954541977479952,0.4954541977479952,0.5012542950600555,0.39491917767228396,0.5012542950600555,0.5174058302115911,0,private_random
AOI-0074,2011-08-13,225,озимая пшеница,0.5734937621202327,modis,0.5798671978262214,0.5798671978262214,0.5814866634737325,0.5453185973459854,0.5814866634737325,0.5730443298153395,0,private_random
AOI-0074,2012-04-06,97,озимая пшеница,0.2605689075630251,modis,0.34715480175660524,0.34715480175660524,0.35291089440060863,0.24738252926054574,0.35291089440060863,0.3266551378217087,0,private_random
AOI-0074,2012-04-22,113,озимая пшеница,0.4980053652230125,modis,0.43392540445779515,0.43392540445779515,0.448725815941594,0.3565887522309715,0.448725815941594,0.481898931498365,0,private_random
AOI-0074,2012-09-29,273,озимая пшеница,0.2738033290239172,modis,0.3030634951155423,0.3030634951155423,0.32627663759078585,0.2665218754849957,0.32627663759078585,0.2792809583335274,0,private_random
AOI-0074,2013-05-09,129,озимая пшеница,0.6264313510019393,modis,0.4997281933403568,0.4997281933403568,0.5296931872222538,0.4441638369493983,0.5296931872222538,0.5867738245047707,0,private_random
AOI-0074,2013-06-09,160,озимая пшеница,0.5029449557521948,landsat,0.48616988348151485,0.48616988348151485,0.48578393847833873,0.4877136634942194,0.48578393847833873,0.5468915864400066,0,private_random
AOI-0074,2013-06-26,177,озимая пшеница,0.5041493212669685,modis,0.4341007280429382,0.4341007280429382,0.41493537925680907,0.41600212588214447,0.4552052127748666,0.46266167107571055,0,private_random
AOI-0074,2014-04-25,115,озимая пшеница,0.2464004039516631,landsat,0.2544579162522673,0.2544579162522673,0.26830464496080625,0.2920251689907701,0.26830464496080625,0.2035273490344617,0,private_random
AOI-0074,2014-05-11,131,озимая пшеница,0.3382605321756813,landsat,0.398192420657246,0.398192420657246,0.3974941761696231,0.4000544059575737,0.3974941761696231,0.3611552115874003,0,private_random
AOI-0074,2014-10-10,283,озимая пшеница,0.2203922132642177,landsat,0.23841105915135122,0.23841105915135122,0.23373537630715177,0.24464530294361717,0.23373537630715177,0.20166144278553924,0,private_random
AOI-0074,2015-05-25,145,озимая пшеница,0.5119465416936005,modis,0.4248121388964028,0.4248121388964028,0.4738671335994533,0.35871512927862104,0.4738671335994533,0.41123873941346795,0,private_random
AOI-0074,2015-08-02,214,озимая пшеница,0.6595062937188704,landsat,0.5284091594569111,0.5284091594569111,0.5288563390563896,0.5266204410589972,0.5288563390563896,0.5615601717416508,0,private_random
AOI-0074,2015-08-13,225,озимая пшеница,0.5586104718810602,modis,0.4925692761509337,0.4925692761509337,0.5058325689468643,0.47353176268116415,0.5058325689468643,0.4994421097907162,0,private_random
AOI-0074,2015-09-30,273,озимая пшеница,0.2739745636716225,modis,0.2633401881871487,0.2633401881871487,0.3001603187035523,0.23384896275864117,0.3001603187035523,0.24124652559294796,0,private_random
AOI-0074,2016-06-25,177,озимая пшеница,0.6738207041038756,landsat,0.6051518979307408,0.6051518979307408,0.6065936700861528,0.5897729949396787,0.6001449319283466,0.6137710969202704,0,private_random
AOI-0074,2016-07-11,193,озимая пшеница,0.3618711164164496,landsat,0.5150468372186893,0.5150468372186893,0.5164584292528267,0.49057924196030633,0.48966351828779675,0.4986440296855735,0,private_random
AOI-0074,2017-04-25,115,озимая пшеница,0.2282683855772742,landsat,0.2138554725402044,0.2138554725402044,0.20776246558897615,0.23822750034511742,0.20776246558897615,0.18770621063502904,0,private_random
AOI-0074,2017-05-25,145,озимая пшеница,0.4571723658694248,modis,0.5134631472915054,0.5134631472915054,0.5190282450216034,0.4095813229963446,0.5190282450216034,0.5296826413492075,0,private_random
AOI-0074,2017-08-12,224,озимая пшеница,0.6146457187383657,s2,0.5367321110991404,0.5367321110991404,0.5244692790807923,0.5464178583433043,0.5244692790807923,0.5545752154252084,0,private_random
AOI-0074,2017-09-21,264,озимая пшеница,0.2540343335826457,s2,0.3183858794811326,0.3183858794811326,0.31027863104090636,0.3291955440681009,0.31027863104090636,0.3154673378816503,0,private_random
AOI-0074,2018-06-10,161,озимая пшеница,0.4604250161603104,modis,0.4360332126682065,0.4360332126682065,0.4514713835844864,0.41468418772244103,0.4514713835844864,0.4330527521998515,0,private_random
AOI-0074,2018-08-10,222,озимая пшеница,0.8089581101075405,landsat,0.6469429114171943,0.6469429114171943,0.645728252792722,0.6501820010824536,0.645728252792722,0.7018567771997004,0,private_random
AOI-0074,2018-09-03,246,озимая пшеница,0.582342607977348,landsat,0.5172384019719692,0.5172384019719692,0.5077242179059287,0.52992398072669,0.5077242179059287,0.5281850746964291,0,private_random
AOI-0074,2018-10-13,286,озимая пшеница,0.1979609856151453,s2,0.1803024257610572,0.1803024257610572,0.17651426974933357,0.225760297901741,0.17651426974933357,0.18354873055646662,0,private_random
AOI-0074,2019-04-01,91,озимая пшеница,0.172478825622806,s2,-0.28541250346787195,-0.28541250346787195,-0.3088445082150635,-0.17644523713967675,-0.3088445082150635,-0.07987564348218502,0,private_random
AOI-0074,2019-04-21,111,озимая пшеница,0.1255603274293541,s2,0.0134610917854073,0.0134610917854073,0.0056518094346124535,0.10717247999494545,0.0056518094346124535,0.06324314004888494,0,private_random
AOI-0074,2019-06-05,156,озимая пшеница,0.5325987432549418,s2,0.5551608270295552,0.5551608270295552,0.5383212769373515,0.5620264821542866,0.5383212769373515,0.5756478902564598,0,private_random
AOI-0074,2019-06-10,161,озимая пшеница,0.6667233574620316,s2,0.6125867576477425,0.6125867576477425,0.6120693526329937,0.6234026984514229,0.6120693526329937,0.6378764433373872,0,private_random
AOI-0074,2019-06-25,176,озимая пшеница,0.7183966919732554,s2,0.6422974168641842,0.6422974168641842,0.6409897738896831,0.6527585606601924,0.6409897738896831,0.6434065130660205,0,private_random
AOI-0074,2019-07-04,185,озимая пшеница,0.7397516747649454,landsat,0.6263574428086819,0.6263574428086819,0.6166073581696342,0.6098562611976278,0.6422954705518751,0.6304405051099102,0,private_random
AOI-0074,2019-07-08,189,озимая пшеница,0.7127260023745889,s2,0.6214697468204206,0.6214697468204206,0.6235055783638911,0.6187553047624599,0.6235055783638911,0.6410996038541112,0,private_random
AOI-0074,2019-08-22,234,озимая пшеница,0.2996112287640061,s2,0.39314229407551604,0.39314229407551604,0.39827072537419983,0.39190947053366076,0.3581678926411207,0.3995356620562284,0,private_random
AOI-0074,2019-10-18,291,озимая пшеница,0.207042656608643,s2,0.2168776103538774,0.2168776103538774,0.20672702545920943,0.2574799499325493,0.20672702545920943,0.21345131407680462,0,private_random
AOI-0074,2020-04-08,99,озимая пшеница,0.1597828697685846,s2,0.164847364352967,0.164847364352967,0.13104147499655133,0.2099218834948546,0.13104147499655133,0.1740152588964258,0,private_random
AOI-0074,2020-05-11,132,озимая пшеница,0.7362912003796178,landsat,0.5426546319836933,0.5426546319836933,0.540999636393782,0.5492746143433385,0.540999636393782,0.5281551531822077,0,private_random
AOI-0074,2020-05-12,133,озимая пшеница,0.6100593816148314,landsat,0.49263300614996336,0.49263300614996336,0.47036258658368996,0.5521229430193145,0.5427222967942119,0.467583846775368,0,private_random
AOI-0074,2020-06-28,180,озимая пшеница,0.4590384192277448,landsat,0.44107693826984057,0.44107693826984057,0.4492371086490636,0.4362714785562078,0.4492371086490636,0.46053884064068573,0,private_random
AOI-0074,2020-07-11,193,озимая пшеница,0.3847755332902392,modis,0.24811056674385298,0.24811056674385298,0.21794697059281662,0.26676657828393213,0.3049397568821608,0.24188230372471492,0,private_random
AOI-0074,2020-08-03,216,озимая пшеница,0.1652031735785131,s2,0.173963260056781,0.173963260056781,0.15993244957924582,0.22861228171935918,0.15993244957924582,0.1666830479688556,0,private_random
AOI-0074,2020-08-28,241,озимая пшеница,0.1135475260886577,s2,0.2510550795189005,0.2510550795189005,0.2600287059859296,0.20951753693428157,0.15657746591895721,0.2645272948486488,0,private_random
AOI-0074,2020-09-16,260,озимая пшеница,0.2097000051008732,landsat,0.19924443350447085,0.19924443350447085,0.2128469081788784,0.21382005721866948,0.2128469081788784,0.19851487380223973,0,private_random
AOI-0074,2020-09-22,266,озимая пшеница,0.1377557148172671,s2,0.17001050376186855,0.17001050376186855,0.16526602466113535,0.21429230870204474,0.16526602466113535,0.18130601425202775,0,private_random
AOI-0074,2020-09-27,271,озимая пшеница,0.144849510997878,s2,0.18247225580325072,0.18247225580325072,0.16593854710271755,0.2225037554267093,0.16593854710271755,0.1829038971370434,0,private_random
AOI-0074,2021-04-23,113,озимая пшеница,-0.0077600964867982,s2,0.2958898619533685,0.2958898619533685,0.3579342299421158,0.23344723995989383,0.1465929997070479,0.2965583798526588,0,private_random
AOI-0074,2021-04-28,118,озимая пшеница,0.1829435026869475,s2,0.2082511704573817,0.2082511704573817,0.17306894626276703,0.2551608027168679,0.17306894626276703,0.1963516860817146,0,private_random
AOI-0074,2021-05-09,129,озимая пшеница,0.3662373303167421,modis,0.4972142811170025,0.4972142811170025,0.5061969440607768,0.3175610222415173,0.5061969440607768,0.5188628913528995,0,private_random
AOI-0074,2021-05-28,148,озимая пшеница,0.26437549319513,s2,0.3034970487550671,0.3034970487550671,0.24667106002388817,0.37926503372997233,0.24667106002388817,0.27613355124972744,0,private_random
AOI-0074,2021-07-01,182,озимая пшеница,0.7112908107347631,landsat,0.7168655609907065,0.7168655609907065,0.7155789538548251,0.697458703089747,0.7233992129028698,0.7380710281161812,0,private_random
AOI-0074,2021-07-12,193,озимая пшеница,0.6683179990507592,s2,0.6558853228373772,0.6558853228373772,0.6252193753766025,0.6823139879303279,0.7017942584951894,0.6811811525570663,0,private_random
AOI-0074,2021-07-19,200,озимая пшеница,0.6353400887124191,s2,0.7184493396118998,0.7184493396118998,0.7165436138466726,0.7011614977550789,0.7165436138466726,0.7255574940571748,0,private_random
AOI-0074,2021-08-13,225,озимая пшеница,0.5282615384615384,modis,0.47547916775558174,0.47547916775558174,0.4728129549845894,0.4811670883336985,0.4728129549845894,0.43201772752488815,0,private_random
AOI-0074,2021-09-30,273,озимая пшеница,0.2237993335756248,s2,0.2972924718056201,0.2972924718056201,0.32793924350239817,0.2623020525285919,0.2098767332718064,0.2758323759702864,0,private_random
AOI-0074,2022-04-08,98,озимая пшеница,0.1817069082142221,s2,0.2004606139280378,0.2004606139280378,0.20389638428636547,0.24234694457789394,0.16217432522399036,0.2016950796367064,0,private_random
AOI-0074,2022-04-25,115,озимая пшеница,0.1798631269602225,s2,0.21381849220035676,0.21381849220035676,0.19405647797885933,0.27548447872698517,0.19405647797885933,0.21162600375306284,0,private_random
AOI-0074,2022-04-28,118,озимая пшеница,0.1652862542279306,s2,0.23698732635396105,0.23698732635396105,0.20292660986326547,0.28240161500822186,0.20292660986326547,0.23301201571630842,0,private_random
AOI-0074,2022-05-20,140,озимая пшеница,0.1992737298758342,s2,0.2602089721557811,0.2602089721557811,0.2364316914347039,0.362225653526338,0.2364316914347039,0.25019207821849393,0,private_random
AOI-0074,2022-06-07,158,озимая пшеница,0.2793384108722501,s2,0.3142381562983751,0.3142381562983751,0.2680530000194412,0.3342170215405274,0.2680530000194412,0.3351634166922305,0,private_random
AOI-0074,2022-06-17,168,озимая пшеница,0.4710833232196772,s2,0.5013153362914821,0.5013153362914821,0.48616726348061207,0.5215127667059755,0.48616726348061207,0.5156978269300749,0,private_random
AOI-0074,2022-07-17,198,озимая пшеница,0.7554774607046779,s2,0.787894614309474,0.787894614309474,0.7928120459075139,0.7540501973359124,0.7788559058533666,0.7778618327977356,0,private_random
AOI-0074,2022-09-20,263,озимая пшеница,0.3419856695534625,s2,0.35477583682815084,0.35477583682815084,0.34947625861558673,0.3618419411115697,0.34947625861558673,0.36992660157687285,0,private_random
AOI-0074,2022-10-07,280,озимая пшеница,0.2218001720359843,s2,0.23138621793121852,0.23138621793121852,0.22740376406802096,0.2791756642895894,0.22740376406802096,0.2288597585419219,0,private_random
AOI-0074,2023-05-18,138,озимая пшеница,0.2845468286798486,s2,0.3436700484075799,0.3436700484075799,0.29494525580833914,0.408636438539901,0.29494525580833914,0.36465550032701544,0,private_random
AOI-0074,2023-06-06,157,озимая пшеница,0.5902261662769523,landsat,0.5049432689131513,0.5049432689131513,0.5267718999218082,0.5129007175152472,0.5267718999218082,0.507811879871823,0,private_random
AOI-0074,2023-06-17,168,озимая пшеница,0.6304213620829152,s2,0.4258970740249032,0.4258970740249032,0.4295898694123536,0.42097334684163584,0.3728732221882479,0.4574526509368387,0,private_random
AOI-0074,2023-06-23,174,озимая пшеница,0.2785304225444338,landsat,0.36129656063489135,0.36129656063489135,0.3662867619695288,0.35723456592647135,0.3662867619695288,0.38484460783062635,0,private_random
AOI-0074,2023-07-27,208,озимая пшеница,0.2172499386501044,s2,0.31438891339345193,0.31438891339345193,0.31945883839867195,0.3205062919796452,0.27938132942248645,0.30145760454636383,0,private_random
AOI-0074,2023-08-03,215,озимая пшеница,0.1880271958693899,s2,0.23459952368567227,0.23459952368567227,0.21716708005705548,0.27557828505342225,0.21716708005705548,0.24750416892590052,0,private_random
AOI-0074,2023-08-11,223,озимая пшеница,0.2184447284086123,s2,0.2601992645383647,0.2601992645383647,0.2685072215340953,0.2699384542622527,0.21135508726679597,0.26158413020844234,0,private_random
AOI-0074,2023-08-28,240,озимая пшеница,0.1341117322348353,s2,0.2501450242571262,0.2501450242571262,0.23805496316910552,0.2736180871178415,0.23805496316910552,0.23332204616742092,0,private_random
AOI-0074,2023-09-29,272,озимая пшеница,0.2074770100670296,landsat,0.21338179566191162,0.21338179566191162,0.20016921025957923,0.2535640615364612,0.23887908431626453,0.21490451255325393,0,private_random
AOI-0074,2024-04-04,95,озимая пшеница,0.3701902005680143,s2,0.38244184491878963,0.38244184491878963,0.37534917666477075,0.43918319095094116,0.37534917666477075,0.3390495294294129,0,private_random
AOI-0074,2024-04-12,103,озимая пшеница,0.4043152423665028,s2,0.4550267667239696,0.4550267667239696,0.43227199714061093,0.48536645950178103,0.43227199714061093,0.45975122532570417,0,private_random
AOI-0074,2024-04-22,113,озимая пшеница,0.6247858308823887,s2,0.5834546852243987,0.5834546852243987,0.5648275975378666,0.5737235893055943,0.5358249512008402,0.6071864225778891,0,private_random
AOI-0074,2024-05-07,128,озимая пшеница,0.5947166739122891,s2,0.641491584200871,0.641491584200871,0.6406372047066311,0.6460482748368181,0.6068322111988659,0.6492864785087795,0,private_random
AOI-0074,2024-07-06,188,озимая пшеница,0.2609522204895488,s2,0.27958419060569184,0.27958419060569184,0.2613836175172896,0.3038516213902281,0.2613836175172896,0.2969944717997165,0,private_random
AOI-0074,2024-07-11,193,озимая пшеница,0.2941549906279735,s2,0.33647118138168075,0.33647118138168075,0.34030572114795077,0.31019099456276017,0.2669482496991742,0.34266034489721303,0,private_random
AOI-0074,2024-07-26,208,озимая пшеница,0.1692536996255012,s2,0.24056704456343941,0.24056704456343941,0.2505006099908307,0.24473349279225953,0.18777438125486792,0.2446997673839632,0,private_random
AOI-0074,2024-08-18,231,озимая пшеница,0.2246108162120478,landsat,0.2247588525492069,0.2247588525492069,0.22390037188112166,0.22819277522154782,0.22390037188112166,0.2207234044814127,0,private_random
AOI-0074,2024-08-26,239,озимая пшеница,0.232855599207227,landsat,0.2088675842254758,0.2088675842254758,0.21962032957110175,0.22398289889123948,0.21962032957110175,0.20993847935600843,0,private_random
AOI-0074,2024-09-06,250,озимая пшеница,0.1628178601983365,s2,0.18336943526405677,0.18336943526405677,0.16493750614673053,0.21255544763544396,0.16493750614673053,0.17960869930302317,0,private_random
AOI-0074,2025-04-12,102,озимая пшеница,0.1680279412110422,s2,0.18326658311877816,0.18326658311877816,0.1657313003715718,0.2534077141076037,0.1657313003715718,0.18065731333339724,0,private_random
AOI-0074,2025-04-24,114,озимая пшеница,0.1747484388876695,s2,0.1950229049351771,0.1950229049351771,0.19281550788391197,0.27448919878072164,0.19281550788391197,0.19184843686450614,0,private_random
AOI-0074,2025-05-01,121,озимая пшеница,0.170143932638408,s2,0.2147756814146435,0.2147756814146435,0.2030807490107428,0.33978628448935994,0.2030807490107428,0.2110680085775679,0,private_random
AOI-0074,2025-06-03,154,озимая пшеница,0.3514436314105175,s2,0.3345618313655496,0.3345618313655496,0.3334523640404956,0.3892955527348816,0.3334523640404956,0.3371921138725215,0,private_random
AOI-0074,2025-07-10,191,озимая пшеница,0.7913816795815516,s2,0.7385603448105201,0.7385603448105201,0.7388990261007833,0.7155300170726305,0.7388990261007833,0.75614905047084,0,private_random
AOI-0074,2025-07-21,202,озимая пшеница,0.4229751605260377,s2,0.702792999902192,0.702792999902192,0.7056868598521854,0.6673224010661994,0.6875451500279128,0.704378814167881,0,private_random
AOI-0074,2025-09-14,257,озимая пшеница,0.3112419849974682,landsat,0.3096624812171608,0.3096624812171608,0.31312481334419173,0.28879687926359826,0.2959931400047419,0.29928809069052287,0,private_random
AOI-0074,2025-09-30,273,озимая пшеница,0.2948818363730855,landsat,0.3310511365112202,0.3310511365112202,0.33810029165388233,0.27570969813446816,0.2621246608519122,0.3307560830377129,0,private_random
AOI-0074,2025-10-06,279,озимая пшеница,0.1871711438202641,s2,0.22248078404438743,0.22248078404438743,0.21690663428804097,0.2670739820951589,0.21690663428804097,0.23020082029517727,0,private_random
AOI-0075,2025-05-11,131,озимая пшеница,0.2992283031872998,s2,0.321904736650067,0.321904736650067,0.3124313260135482,0.42295445010626764,0.3124313260135482,0.3077329586539359,0,private_random
AOI-0075,2025-05-22,142,озимая пшеница,0.2618626087519413,s2,0.35761673705327335,0.35761673705327335,0.3418564895161789,0.44167139058444377,0.3418564895161789,0.3437324217008844,0,private_random
AOI-0075,2025-06-08,159,озимая пшеница,0.383788894131537,s2,0.48715186378625946,0.48715186378625946,0.4866224644406668,0.5196216903159433,0.4866224644406668,0.44544830791742707,0,private_random
AOI-0075,2025-07-21,202,озимая пшеница,0.4515676240713518,s2,0.6042699975591833,0.6042699975591833,0.607971025885651,0.5742410427613994,0.5809353335380653,0.5917537131771574,0,private_random
AOI-0075,2025-08-05,217,озимая пшеница,0.5895223433988903,s2,0.571636717710103,0.571636717710103,0.5761245122542532,0.5544739666378671,0.5669518163898615,0.5738699632521694,0,private_random
AOI-0075,2025-08-20,232,озимая пшеница,0.5036532822930491,s2,0.5100555116064899,0.5100555116064899,0.510433176710154,0.5090484046633855,0.510433176710154,0.5130991826061075,0,private_random
AOI-0075,2025-08-27,239,озимая пшеница,0.3073100642147772,s2,0.486849856518205,0.486849856518205,0.4867947746798318,0.48934689985778973,0.4867947746798318,0.49318518242083353,0,private_random
AOI-0075,2025-09-22,265,озимая пшеница,0.288291426313041,landsat,0.312327951036133,0.312327951036133,0.3128220996084362,0.30771589769463636,0.3128220996084362,0.3023451674394775,0,private_random
AOI-0075,2025-10-01,274,озимая пшеница,0.1904157902065949,s2,0.2401357204907972,0.2401357204907972,0.23041879728432849,0.27900341331667206,0.23041879728432849,0.21473122726830993,0,private_random
AOI-0076,2025-04-02,92,озимая пшеница,0.1689929749862231,s2,0.22626300975593253,0.22626300975593253,0.24119473023604449,0.27481316730741756,0.18911704516298586,0.23274724206003733,0,private_random
AOI-0076,2025-04-15,105,озимая пшеница,0.2358254424605881,landsat,0.2558687686846255,0.2558687686846255,0.249230323947481,0.28242254763320357,0.249230323947481,0.25800878392929516,0,private_random
AOI-0076,2025-05-04,124,озимая пшеница,0.2348351016912461,s2,0.2748970647690263,0.2748970647690263,0.24552674424654986,0.3756932650939535,0.24552674424654986,0.2599284580873684,0,private_random
AOI-0076,2025-05-09,129,озимая пшеница,0.5677864253393666,modis,0.5232299988937585,0.5232299988937585,0.5630196367856216,0.384688533760931,0.5630196367856216,0.5248272292048537,0,private_random
AOI-0076,2025-07-04,185,озимая пшеница,0.8424873525280823,landsat,0.8196937120669997,0.8196937120669997,0.8215589802341259,0.7873623971701452,0.8215589802341259,0.8189181885222643,0,private_random
AOI-0076,2025-07-16,197,озимая пшеница,0.6792587942343549,s2,0.7406846504463704,0.7406846504463704,0.7482932125846765,0.7083208556359878,0.7334378782312817,0.7410672086649694,0,private_random
AOI-0076,2025-07-18,199,озимая пшеница,0.6884655240712952,s2,0.7096952460753325,0.7096952460753325,0.7101154592880621,0.6872838747297516,0.7101154592880621,0.718210628555622,0,private_random
AOI-0076,2025-09-14,257,озимая пшеница,0.3486448781653178,landsat,0.3216825233805685,0.3216825233805685,0.32423428475259664,0.304113097002177,0.3117724803220243,0.2934359328357001,0,private_random
AOI-0076,2025-09-30,273,озимая пшеница,0.255271033702889,landsat,0.3535309050925913,0.3535309050925913,0.36037306383487516,0.29943252648473745,0.2867000652308702,0.3222116598948656,0,private_random
AOI-0077,2025-04-12,102,озимая пшеница,0.4519689249378107,s2,0.49082753113430616,0.49082753113430616,0.48187223588220984,0.5266487121426912,0.48187223588220984,0.49813521152795537,0,private_random
AOI-0077,2025-04-19,109,озимая пшеница,0.5922020624366889,s2,0.5808742315389815,0.5808742315389815,0.5764830696666904,0.6082734068987069,0.5764830696666904,0.583201709302912,0,private_random
AOI-0077,2025-04-23,113,озимая пшеница,0.6566842661530403,landsat,0.667182508124366,0.667182508124366,0.6827480365028985,0.6520376697020099,0.6461549335289571,0.7026224784654364,0,private_random
AOI-0077,2025-04-29,119,озимая пшеница,0.701918057162742,s2,0.6792010376436469,0.6792010376436469,0.6787211106340312,0.696478409989813,0.6787211106340312,0.6910707580436676,0,private_random
AOI-0077,2025-07-06,187,озимая пшеница,0.2801797320897862,s2,0.39921843564127385,0.39921843564127385,0.4041458305311085,0.3947452754889227,0.3625600315239631,0.4368891452464436,0,private_random
AOI-0077,2025-07-11,192,озимая пшеница,0.2391465976364271,s2,0.2914610394574894,0.2914610394574894,0.2831486068715541,0.3247107698012309,0.2831486068715541,0.2962777759411577,0,private_random
AOI-0077,2025-07-13,194,озимая пшеница,0.209267384416837,s2,0.2615029812941233,0.2615029812941233,0.26066460326914137,0.3050986385931833,0.26066460326914137,0.26138925382917216,0,private_random
AOI-0077,2025-07-21,202,озимая пшеница,0.1827533302898556,s2,0.2541115823383144,0.2541115823383144,0.26096216687392454,0.2501347196239149,0.1980175935534963,0.26255043712005005,0,private_random
AOI-0077,2025-08-29,241,озимая пшеница,0.1830974162817539,s2,0.1965621940736284,0.1965621940736284,0.19598130146526874,0.24148455578677527,0.19598130146526874,0.2219997469779885,0,private_random
AOI-0078,2025-05-12,132,озимая пшеница,0.3331015607978992,s2,0.8366069322349843,0.8366069322349843,0.8371186938163379,0.8338775371344319,0.8371186938163379,0.8425947296275795,0,private_random
AOI-0078,2025-06-11,162,озимая пшеница,0.6026153246028897,s2,0.5848721384704191,0.5848721384704191,0.5925671290071998,0.5694037728442666,0.5471784425230831,0.5846813141976265,0,private_random
AOI-0078,2025-06-26,177,озимая пшеница,0.3936605614670589,modis,0.44129958404955677,0.44129958404955677,0.44175423988332313,0.4049271173482471,0.44175423988332313,0.36972869348428283,0,private_random
AOI-0078,2025-07-31,212,озимая пшеница,0.2069522841972909,s2,0.22967931802479954,0.22967931802479954,0.2470196747396447,0.24950642140885074,0.18694593353188832,0.2264677144344002,0,private_random
AOI-0078,2025-08-02,214,озимая пшеница,0.1851907593016128,s2,0.1815750116585451,0.1815750116585451,0.18034065178849676,0.24411591174099412,0.18034065178849676,0.18081952069446616,0,private_random
AOI-0078,2025-08-27,239,озимая пшеница,0.1420112163354439,s2,0.15538667616081653,0.15538667616081653,0.1538880468585015,0.22332453786576456,0.1538880468585015,0.15203054235483834,0,private_random
AOI-0078,2025-09-21,264,озимая пшеница,0.2192444488259707,s2,0.21305506414347808,0.21305506414347808,0.2121725949966042,0.2577668342517548,0.2121725949966042,0.20906477846701846,0,private_random
AOI-0078,2025-09-23,266,озимая пшеница,0.277229310464013,landsat,0.23251393327360062,0.23251393327360062,0.21757315918675027,0.26195666880853574,0.26285427536038963,0.22950127808982668,0,private_random
AOI-0078,2025-10-06,279,озимая пшеница,0.1550981636414888,s2,0.2859887668035389,0.2859887668035389,0.28100675359024346,0.3258448725099026,0.28100675359024346,0.28599714179645064,0,private_random
