truth,doy,canon,src,cur_pred,idw_pred
0.8261870272789141,114,False,landsat,0.7006506268078905,0.7170251043330254
0.8154570151097014,138,False,landsat,0.6913592100814845,0.6741075411153359
0.8427347485303727,145,True,modis,0.6921722103904138,0.6759188660581745
0.1589617400262272,242,False,landsat,0.18070552101733722,0.199597633588867
0.1789340010985546,108,False,landsat,0.20161482820603052,0.22616423264879298
0.5094951991641379,156,False,landsat,0.559103590120196,0.5569632470199124
0.7496252552995117,196,False,landsat,0.6731011483036182,0.6618066000510398
0.3537305457026612,229,False,landsat,0.4361555990832438,0.43581593810149877
0.3406709223244566,245,False,landsat,0.3571146762410018,0.3641350703563272
0.7731293150404653,127,False,landsat,0.6312539790947357,0.6382375061216459
0.7212150228608754,129,True,modis,0.669928418435971,0.6527982767443391
0.4171321032005226,177,True,modis,0.417211371376067,0.40927690732059235
0.8277768778576094,113,True,modis,0.774241783895813,0.7522249631416678
0.8207372251013105,122,False,landsat,0.720070154291166,0.7045726471486456
0.2596467734927721,201,False,landsat,0.28036460200163754,0.25838835278094396
0.7293943827563685,161,True,modis,0.6326239531926611,0.6330966006180425
0.72905614382807,205,False,landsat,0.6716118403237448,0.6564823875235093
0.6348345965917321,212,False,landsat,0.5826232011846773,0.5740795031452968
0.2567289353363814,273,True,modis,0.3102690435480727,0.27471911072593613
0.6978706727629003,161,True,modis,0.6769327153279164,0.6792807256890783
0.1704357971399509,215,False,landsat,0.24448161183578299,0.22694736755060657
0.23493187459177,257,True,modis,0.23414046928607357,0.20593297528771431
0.2219707571801566,273,True,modis,0.22024350452911085,0.20115987782978256
0.6950718158066623,145,True,modis,0.5055580390743383,0.4632895521638454
0.474403473696065,146,False,landsat,0.385727163657453,0.4412590391951622
0.3567804049640759,193,True,modis,0.3612767981208799,0.33824754801551793
0.284425795007836,194,False,landsat,0.31381798947962636,0.32763970153046773
0.7626847984275666,126,False,s2,0.662128933973573,0.6858717405218226
0.8080149235603722,148,False,landsat,0.7131688145488647,0.714752103782924
0.4337932453412805,196,False,landsat,0.44280244386913353,0.4486417104013142
0.3103183127989997,228,False,landsat,0.2895873720034436,0.29133533495145963
0.1949134407839924,268,False,landsat,0.21730169371085167,0.23367772163067
0.2742384062704115,273,True,modis,0.26937632096947306,0.26662606112637494
0.1823272731248774,284,False,landsat,0.253418296099058,0.25515875484575434
0.8536706710387919,131,False,s2,0.7824302272459338,0.8124382679284688
0.2473473112193128,175,False,landsat,0.34120473618660907,0.34527476691015657
0.1743837108484365,199,False,landsat,0.2869939640601196,0.2689303185926826
0.1865369959456821,239,False,landsat,0.2921977245236636,0.2910222706685713
0.174560852717402,264,False,landsat,0.22776431867888466,0.21378053161919708
0.1910494373430321,281,False,s2,0.17640653522934627,0.18940466247789361
0.1604955837071514,303,False,landsat,0.1530582999645138,0.14384050469329734
0.6218768288816312,136,False,s2,0.5716462604986075,0.595431427633324
0.3355076355834703,181,False,s2,0.31786348481030596,0.34155871379235103
0.3352561803782687,186,False,s2,0.34668772069610265,0.37366165543932256
0.4037910393561491,201,False,s2,0.40136811942123146,0.4253226030470713
0.2571846635752309,211,False,s2,0.49058189775540245,0.5010064957231349
0.2404246729618012,241,True,s2,0.23782365181836385,0.2710951683973857
0.1964011785682675,271,False,s2,0.1627209663632395,0.20420423326125106
0.2754452619293974,299,False,landsat,0.29711843615857253,0.2938609759606367
0.5436107969583641,101,False,s2,0.5330990913432399,0.5663973681676211
0.7116737426518616,113,True,modis,0.6364115176416603,0.6601862685439541
0.8362273230924363,158,False,landsat,0.7410280232864023,0.747253104654506
0.1857813096343201,206,False,s2,0.1880665643691735,0.2345040255228553
0.229620970641,222,False,landsat,0.2556162112027007,0.25950012008405265
0.2332168531928978,226,False,s2,0.24194513107087268,0.28739840595926114
0.3537251469627695,241,True,modis,0.3493315637100663,0.32642664742022875
0.4166564089104664,165,False,s2,0.43278822889452345,0.4676371466179831
0.6500938928804704,177,True,modis,0.5208842878119307,0.5405504762988012
0.675536777534287,195,False,s2,0.6216049856697587,0.6428796118678167
0.6774553530560073,200,False,s2,0.6201593912003392,0.6302722268828483
0.6217606554258613,210,False,s2,0.5569321199511863,0.5533155923524252
0.61836663069141,230,False,s2,0.3565846250296782,0.3746673893688546
0.2839915741345526,273,True,modis,0.2672634660798312,0.2555353313986948
0.2506552741139493,275,False,s2,0.17940472312546213,0.21982619552474775
0.7975576420640106,145,True,modis,0.7567863239085599,0.7627925508133658
0.7552931716868074,146,False,landsat,0.7741621943560087,0.7684971569094963
0.7061448999827347,169,False,landsat,0.6293346910317934,0.6223455807994067
0.6966270673333632,170,False,s2,0.5944559632430477,0.6070539875869506
0.3349322697568063,190,False,s2,0.37189327083944845,0.4046712022772861
0.3412292856149462,218,False,landsat,0.32261562108681857,0.3234546291101153
0.1937142172479962,275,False,s2,0.21272092904520243,0.24029836611647068
0.1911112512463695,295,False,s2,0.24801890360442888,0.2660062614069786
0.5394044000870365,117,False,landsat,0.5833969311866778,0.6052081490485134
0.803332168517309,161,True,modis,0.786525369365573,0.8212618312006321
0.6664617174426686,175,False,s2,0.7041858570136588,0.7021760741606972
0.2036377185384461,195,False,s2,0.28391111144774883,0.3261280330158984
0.173264997682864,205,False,s2,0.2704737303471705,0.28954418349417654
0.2374690783602436,213,False,landsat,0.25190296811297086,0.2615409434063506
0.2138120933365595,245,False,s2,0.2318420855089059,0.26078717309399935
0.2763385567827841,262,False,landsat,0.23402741349050468,0.2650107813214523
0.7033901570800051,100,False,s2,0.6321838621137976,0.660399888094798
0.8691609405617244,129,True,modis,0.7629533507758173,0.7602165503999643
0.2349493495161713,224,False,landsat,0.2195392843816695,0.2451045854494699
0.1567391352581243,225,True,s2,0.20945358873058126,0.2563507540654029
0.1504921712675575,235,False,s2,0.1720401169909869,0.19239334828232332
0.198125203979439,272,False,landsat,0.1649954582774372,0.2110470126048473
0.3652618876551275,97,True,modis,0.4456953730986737,0.4091703083520989
0.331291942699164,107,False,landsat,0.33733495327718604,0.33444601625558634
0.4864710528611345,161,True,s2,0.544745265811353,0.5566651322319506
0.3455537359984418,218,False,landsat,0.3027649872293629,0.31941261719304637
0.2964736974845159,226,False,landsat,0.24328519895648706,0.2792191510262911
0.2699924309803695,250,False,landsat,0.2153946534055765,0.19306081446437454
0.1910475510863999,264,False,s2,0.20271682968161642,0.22529797133646903
0.4140783594923889,91,False,s2,0.8173123855024237,0.8286515760454041
0.748360525059666,97,True,modis,0.8220831186811208,0.8215779272358321
0.4117396985101638,159,False,s2,0.4638417928523258,0.4985373281706409
0.3811022911694511,193,True,modis,0.3215426182894777,0.3211968475091419
0.2836643626284761,202,False,landsat,0.26083665059697886,0.2532579390583987
0.2373228129034542,218,False,landsat,0.19551346459564217,0.21630927301349423
0.2720000954653938,257,True,modis,0.2645142000223815,0.2459840878613026
0.7799984912841873,107,False,landsat,0.8066520352748118,0.807668069358114
0.7032718694940119,158,False,s2,0.6803269229348398,0.6878613659278173
0.301373320610687,177,True,modis,0.36982987894761515,0.3355479820195582
0.1736450972322274,186,False,s2,0.18003280320135862,0.1945649173574953
0.2850005346316959,187,False,landsat,0.22787467500451944,0.19754106886022738
0.1760361915344687,189,False,s2,0.18308754007928882,0.21830356781017585
0.1613908517709887,209,True,s2,0.2090876790781967,0.2396848755625508
0.1797665888606488,239,False,s2,0.1689259791242563,0.21718040919040954
0.1556828711373607,248,False,s2,0.19827897626799046,0.21847275187921383
0.2155575067892485,268,False,s2,0.24301139334002164,0.263943096726459
0.277330642891789,289,True,s2,0.3138524978739451,0.32641466633373706
0.2724644431806922,91,False,s2,0.4610335991095659,0.477254424244753
0.6348215514280734,162,False,landsat,0.656212846939079,0.6435045884625498
0.643680790242663,177,True,modis,0.6200957129284017,0.6239887259971224
0.457048500226818,209,True,s2,0.44675440922827514,0.4690477269881754
0.3882084537583832,219,False,s2,0.3935685482331201,0.409436297197575
0.3808595238772488,229,False,s2,0.37011353285593707,0.3866289567403033
0.3215749463920119,264,False,s2,0.32528471029197853,0.3366577775096503
0.5788439465902154,106,False,landsat,0.5357152734022242,0.5539754744577279
0.5623279020799687,107,False,landsat,0.5552281016012349,0.5618672722875088
0.4322257518789177,139,False,s2,0.6460907479702284,0.6638048542458712
0.3816840613856436,209,True,s2,0.3760667917383491,0.37967558019791486
0.3452906848659002,225,True,modis,0.41929682843067906,0.3915101608736675
0.2896994700778882,234,False,s2,0.3106540373209936,0.333530327095953
0.1717949667403646,254,False,s2,0.2591245738679824,0.29560368500744605
0.2580954174135563,259,False,s2,0.2721264057241647,0.3030337106065958
0.267094942220563,106,False,landsat,0.22000793248628442,0.25173382031206976
0.2395247388268596,139,False,s2,0.3844805658343093,0.4355235939211616
0.3233868700320097,144,False,s2,0.42471481855402066,0.5064259094732307
0.2715218749244575,214,False,s2,0.34987319605346545,0.37363177939569925
0.3198439198855508,225,True,modis,0.35338274790147467,0.30722154727491846
1.749495620344094,226,False,landsat,0.2917306666925426,0.30412269690229077
0.1583867687911254,244,False,s2,0.2285388218398544,0.2442672347238168
0.1854855495135587,269,False,s2,0.20652565180258506,0.24210388077598974
0.3649780974260763,166,False,s2,0.25538416017068116,0.29136269626763556
0.2421956663982297,188,False,s2,0.20087674606726427,0.22876087988945265
0.1563008087351521,194,False,s2,0.15802700278253182,0.21072120808035086
0.1368918014600975,204,False,s2,0.15390166153878013,0.18892232894974842
0.1348220854232127,218,False,s2,0.14489246821214893,0.14661738416446854
0.1503015272792904,239,False,s2,0.14144918469393142,0.18832253183883024
0.1481347505703089,241,True,s2,0.14449266349617726,0.20172453276700347
0.1144940585091287,248,False,s2,0.1535986035502962,0.17090002059281936
0.1529828318300377,251,False,s2,0.15628397092742624,0.1702510616128983
0.1639873348594087,258,False,s2,0.17620176518876873,0.19713397484990924
0.1578546748254296,286,False,s2,0.2971632580948591,0.333321946848147
0.888832635238635,118,False,s2,0.8416094984288314,0.8406929951011022
0.8403985537190083,129,True,modis,0.8325679586076019,0.8390874443516765
0.5425551652892562,161,True,modis,0.7608812860329404,0.7610915902126779
0.2508581895794612,195,False,landsat,0.22821152350776672,0.23120000298561305
0.1762136991405435,204,False,s2,0.18949773138220494,0.2183880611458066
0.1512755939756565,209,True,s2,0.19962511414325068,0.233724112671995
0.1237161449707546,218,False,s2,0.16164728091061703,0.16604964874502554
0.1362674853814403,221,False,s2,0.14293490670557968,0.183105863488389
0.1525502875572217,229,False,s2,0.16681102434769932,0.20009159897540424
0.190675740590512,243,False,landsat,0.18515076195192703,0.1879834142181699
0.8575214258916581,119,False,s2,0.8125834534301337,0.8138381066346265
0.8842780998487619,134,False,s2,0.7956415642048931,0.8143685910504919
0.8331859676127225,136,False,s2,0.7937172709578431,0.8125363289574199
0.7503912935943514,147,False,landsat,0.7381721301105446,0.7273760748065761
0.3098304809678371,177,True,modis,0.34465511354635253,0.2791485138006715
0.2539618283675486,187,False,landsat,0.2473158550690177,0.22916107543740577
0.159930307658335,188,False,s2,0.1887168336046534,0.22747891450641017
0.1526542285566669,196,False,s2,0.17246497061374422,0.21363841790215704
0.162344168699569,199,False,s2,0.16927261634332808,0.20184140268281364
0.168276513151667,209,True,s2,0.19856584938726038,0.1901925573648001
0.0493641725333262,248,False,s2,0.1603709429902219,0.19178946724907658
0.346234693877551,177,True,modis,0.4112382989880449,0.37680769895504196
0.3372489795918367,225,True,modis,0.277811838153498,0.22660435538173782
0.2986959183673469,241,True,modis,0.2386277689603763,0.222106849398234
0.3084729432409574,173,False,landsat,0.4470736655343648,0.4433010487109368
0.3761806122448979,209,True,modis,0.3435452516252881,0.30168113315159395
0.2197349252112004,245,False,landsat,0.2496440182505112,0.25078987255062196
0.2703418367346938,161,True,modis,0.3259538301046775,0.3095517929121767
0.3195163265306122,241,True,modis,0.25971368301127645,0.23719542062184149
0.3583122448979592,289,True,modis,0.2721327234837021,0.2522195998932879
0.8494459706619103,122,False,landsat,0.6496351242566372,0.6141678638541949
0.7961938775510204,129,True,modis,0.63479633632192,0.6315278762558825
0.323915306122449,273,True,modis,0.29364214867195687,0.2638786655786544
0.656238775510204,97,True,modis,0.8838404747296416,0.8743504884844673
0.2415595574004517,181,False,landsat,0.2894478064370179,0.2728116125443768
0.2202136798922163,213,False,landsat,0.194807343234926,0.19261079319866675
0.2238020408163265,289,True,modis,0.26175894291671425,0.21938808957082845
0.2619672693942171,168,False,landsat,0.2598631217713462,0.23225435400538724
0.2343826530612245,225,True,modis,0.24007099520728759,0.19807945157766255
0.2018680132904904,248,False,landsat,0.20860649492004005,0.19336007401557076
0.2668928571428571,273,True,modis,0.25894428083058635,0.23545940631873985
0.6566755102040818,145,True,modis,0.7123165483171032,0.7012225188969137
0.5782265306122448,161,True,modis,0.5741767500014673,0.568036314914546
0.4150384420380099,171,False,landsat,0.47814400244679184,0.46025142972965793
0.2381969343144691,179,False,landsat,0.3977089846442657,0.39022931238667075
0.395862609584723,103,False,s2,0.5619571521172767,0.5675868387551861
0.6292594834888027,121,False,s2,0.6368703303848724,0.6500060426737423
0.7277594214852794,125,False,landsat,0.6995205028580961,0.7000731925627848
0.1314738480397633,218,False,s2,0.15077483870441127,0.17441276563300961
0.1656877875999825,248,False,s2,0.18629484816859895,0.20776562407176127
0.1774969562260943,261,False,s2,0.1929419353337221,0.21196125602958343
0.1713018970390633,263,False,s2,0.18492263734316386,0.20131376386767127
0.6870572610555307,104,False,landsat,0.6571906843998574,0.6521869142652554
0.8071501158504031,144,False,landsat,0.6367982427998369,0.6471269312717325
0.7003169968190667,153,False,s2,0.569039927797464,0.5789478972181746
0.1407871525049816,256,False,s2,0.14092479101807265,0.1661249345598814
0.1552734231384052,264,False,landsat,0.18765305238362742,0.16609250133491998
0.3631144548142337,91,False,s2,0.5005867288519908,0.5079421918409093
0.1646817824459676,173,False,s2,0.20867055658145353,0.26531182576168927
0.2534143567472242,213,False,s2,0.27330357839337094,0.30693442409193
0.2508387473975123,227,False,landsat,0.2652327274004139,0.25164866757740345
0.1686488262654771,236,False,s2,0.19206582235601474,0.2112171428675661
0.1611159907498465,238,False,s2,0.18175867569721177,0.22037735945494288
0.1749360377135404,243,False,s2,0.1743691146578979,0.21207046196649798
0.1568599125844167,248,False,s2,0.17142144047247862,0.19451296316911562
0.1733696967881408,261,False,s2,0.2008151927234872,0.22540161651701576
0.2376978243570798,296,False,s2,0.20648003933355055,0.2294403089679898
0.735304468240265,98,False,s2,0.6776396998850824,0.71304461094268
0.6936019311358331,121,False,s2,0.6576453331479026,0.6680538391423118
0.66968295366853,134,False,landsat,0.6508024246650216,0.6436968997985576
0.3427938561801918,156,False,s2,0.44057420736226854,0.45611663249503853
0.1481987651641244,211,False,s2,0.1446812621715946,0.19761124144281614
0.1522780794911652,218,False,s2,0.13871997285144771,0.1620399606587544
0.1618299277918659,223,False,s2,0.14337362735358158,0.17922758156010093
0.1624924453968348,236,False,s2,0.16120905253904994,0.1934616831746631
0.1609022506926784,238,False,s2,0.16719947699033919,0.20288509508287705
0.1380232877823456,286,False,s2,0.17642470609842198,0.20319708303046755
0.2978003187879481,132,False,s2,0.3004214310096494,0.39913313116617044
0.3135136586098652,136,False,landsat,0.36046374143769305,0.3110188629231882
0.2480725883959237,190,False,s2,0.22252340221148917,0.2540627129341424
0.2255697195566499,192,False,s2,0.23165103258302397,0.2678066541191332
0.2286304729834291,215,False,s2,0.26236448716225896,0.28322967413277134
0.2858252463521312,230,False,s2,0.3033704719558366,0.3214178136393743
0.3565070026331763,250,False,s2,0.3325380489887359,0.3380881837486952
0.3927102040816326,273,True,modis,0.34995226515408545,0.3377656033807831
0.346810921453734,280,False,s2,0.29318703052698525,0.30034923969379607
0.4597860042188753,92,False,s2,0.5483613866654089,0.5814512182463347
0.5592077457382079,97,True,s2,0.587682133576206,0.6371896225325044
0.7463849890607764,115,False,s2,0.591177557212194,0.6291959841131485
0.7928098579968629,150,False,s2,0.7281101930509611,0.7263854595601144
0.3105164722967027,227,False,s2,0.3030518431498852,0.32363502164002567
0.3077587149072104,245,False,s2,0.28611293633599555,0.30868375025190997
0.2575317038184936,252,False,s2,0.2159873100327782,0.23780670115944028
0.3175418367346939,273,True,modis,0.32694241979762795,0.3059566758938166
0.4952902914276934,175,False,s2,0.49553058050634535,0.5089089508731507
0.2474683673469388,193,True,modis,0.39755228161373285,0.3743201313174018
0.25526573425752,220,False,s2,0.24763295254486925,0.2650835434089915
0.2652860646480194,265,False,s2,0.2647042069613011,0.27562931477059543
0.3011969387755102,273,True,modis,0.3474239070765419,0.31756896599897444
0.2521945445060512,275,False,s2,0.27036417755000697,0.30414935065424537
0.2506277155764584,287,False,s2,0.26224347978211404,0.2980372322257119
0.2634150334049788,292,False,s2,0.23704311913968812,0.2690780219992156
0.3580794808132807,302,False,s2,0.1842093520333906,0.2157124215705278
0.6594225289388598,100,False,s2,0.6203046684010627,0.6452403689965094
0.7528978205439173,113,True,landsat,0.6414352544040629,0.6542734128444836
0.795120836497849,125,False,s2,0.6365196387187765,0.6654888172310085
0.7559711900182683,130,False,s2,0.6364221189705115,0.6741629325626352
0.6854318913562367,145,True,s2,0.5842444153996058,0.6448519279509554
0.2188345751645982,175,False,s2,0.23042372660785768,0.283784409304046
0.2078663010891898,180,False,s2,0.2027916670855349,0.2341973364350849
0.1933600809525915,240,False,s2,0.2034691269327871,0.24021035946868624
0.6127306949802799,119,False,s2,0.5779025392370716,0.5863215820089295
0.7683899434629001,136,False,s2,0.7106195217635536,0.7168410346967522
0.1796703430816622,189,False,s2,0.15557373787523918,0.18589774871911152
0.2398163265306122,193,True,modis,0.2426330984980765,0.2294374802054033
0.1606953724964264,199,False,s2,0.1548702636763737,0.1812773565184143
0.1808463711919807,229,False,s2,0.18554353147064595,0.21253144738162136
0.2134343727643803,264,False,s2,0.20008419445104061,0.21912336961756093
0.2535769616556436,267,False,landsat,0.23508434051024546,0.21464814048912678
0.2805252139269932,275,False,landsat,0.2489360876739958,0.26478334903968176
0.8619612838915474,129,True,modis,0.7990876744931243,0.801088604239052
0.8152250843680131,136,False,s2,0.7895940177080785,0.7992802204413318
0.4625288575657957,156,False,s2,0.476031277504329,0.49735940131993006
0.3892464598757531,158,False,s2,0.42299579830165085,0.4494145119301354
0.2232582369643344,209,True,s2,0.24358357439080283,0.2733388903669693
0.2167267732434002,211,False,s2,0.20414997716588384,0.24747913922029433
0.2862520334928229,225,True,modis,0.3180229000229885,0.2839994035650243
0.1667435899673806,241,True,s2,0.17910205478149757,0.2318764638404772
0.2916567583732058,257,True,modis,0.2581912214852977,0.21791095884642364
0.1607300744062322,269,False,s2,0.18155202877646195,0.20699520327840337
0.137995827154184,286,False,s2,0.18404643193735087,0.2166784825911206
0.3378999588738786,107,False,landsat,0.3339575469093522,0.32376110325674273
0.4191737830398068,114,False,s2,0.4286116016425728,0.49580926145810433
0.8054254905658695,144,False,s2,0.6402853668681643,0.6759435582329273
0.6623853556485356,145,True,modis,0.6960958096476293,0.6694943480117277
0.4528303982212943,158,False,s2,0.44696005781491466,0.47362865983190844
0.2599402572043427,187,False,landsat,0.2249080227584559,0.18274460070549509
0.1573371976617419,209,True,s2,0.19136125547520522,0.1853754972178504
0.1458318018794883,236,False,s2,0.17370049550115196,0.20494079027257242
0.1715562866301286,268,False,s2,0.21752243848940261,0.24491597952828165
0.2038273662993816,269,False,s2,0.2231978163497318,0.2520802041690693
0.7296089420264839,105,False,landsat,0.7310203878742773,0.717274172975476
0.4977886746987952,145,True,modis,0.5571256208639558,0.5082832450552881
0.2059338032162345,242,False,landsat,0.2204003639999544,0.22102967413776914
0.1873629662422297,274,False,landsat,0.1929233193821444,0.2151869952805569
0.1900844857595667,92,False,landsat,0.14353170246414948,0.13766345169439767
0.4710571594195725,148,False,landsat,0.3352457578441006,0.363341980825583
0.3094012317112227,164,False,landsat,0.46711737519163654,0.4629544019115621
0.4076063857103225,189,False,landsat,0.5537132172780336,0.538199102071133
0.5292995486267227,196,False,landsat,0.524912165310164,0.5052641981355196
0.307609139410299,213,False,landsat,0.35319923644931656,0.3442721099922569
0.6069091566265061,161,True,modis,0.5277586641434596,0.505257262518661
0.4206288997567121,200,False,landsat,0.44387710384374796,0.4180892976739324
0.4089257344468522,207,False,landsat,0.42997005667233434,0.41803495567392207
0.325421204819277,273,True,modis,0.3211656332514876,0.3054972802430139
0.5928599426588557,170,False,landsat,0.44635566659958126,0.4303808626586535
0.4842619354861824,194,False,landsat,0.4552925327469242,0.4417203088644411
0.5556000117245862,202,False,landsat,0.4850640538593095,0.45488519811635003
0.4261517762750368,210,False,landsat,0.4590144000435631,0.4496144042586302
0.5647043347405036,297,False,landsat,0.5666211722371418,0.5455576422552725
0.5565853012048193,97,True,modis,0.687039708508005,0.6551462968161126
0.5036276685075798,117,False,landsat,0.5791731597462327,0.5851076067565497
0.3616190662454553,156,False,landsat,0.409383770717915,0.3974808084561723
0.3226959036144578,241,True,modis,0.4122495907955506,0.3706949240069173
0.3842451628892434,245,False,landsat,0.3604176242913525,0.3531785415498605
0.398326148373873,277,False,landsat,0.34102098505598283,0.3283625036485352
0.3630564457309072,120,False,landsat,0.4168913356201321,0.40007657676852987
0.4748295980973555,135,False,landsat,0.4637653115629572,0.4382812233002571
0.5242889156626506,161,True,modis,0.51121705936303,0.4855139182494601
0.4818876094944438,208,False,landsat,0.4706660891892914,0.45916215257554716
0.3614546850510743,224,False,landsat,0.39182699000204985,0.3872293800030489
0.4045404819277108,113,True,modis,0.5028213338687986,0.4401404685115802
0.5401592771084337,161,True,modis,0.5513720275171707,0.5265418422365081
0.4670224788351581,179,False,landsat,0.5194523755595499,0.5143276934930099
0.5268149162537176,187,False,landsat,0.5222420489479117,0.5003722541277064
0.6261366265060241,193,True,modis,0.5432107311192808,0.5237213901156504
0.6309470825836402,226,False,landsat,0.6648158468663842,0.6524639995274879
0.2238152449368226,92,False,landsat,0.2708923072765471,0.2841508102062264
0.5747513253012049,113,True,modis,0.4930051607759272,0.4224688383783691
0.6884412048192772,129,True,modis,0.6075471700245452,0.5456270013729267
0.7669267783866159,183,False,s2,0.5586494467009505,0.5760698542181737
0.4901959036144578,193,True,modis,0.5615831661972632,0.5576936749401794
0.572032469235618,212,False,landsat,0.48846126678911095,0.47727752122815137
0.4727228314249196,237,False,landsat,0.44226987739635576,0.4305637583762498
0.5107717715638865,251,False,s2,0.4502165231280414,0.4507021281548024
0.3504842109537308,151,False,s2,0.3495577012031474,0.3819024945575676
0.4944493975903615,177,True,modis,0.42389828108116256,0.4044344890909316
0.37806589321567,199,False,landsat,0.3722703280847228,0.34390507272960763
0.3364868404528527,207,False,landsat,0.3832798906457726,0.3698433503360097
0.4332867397137304,231,False,landsat,0.3891058100772766,0.37011534737591656
0.4634488225917269,256,False,s2,0.36939845138492816,0.39128451323047625
0.4755311295334086,263,False,landsat,0.40813588288668984,0.3980706065679539
0.4492726926754119,148,False,s2,0.41166492432166046,0.4920400711145596
0.4328217136952027,186,False,s2,0.4190881166447781,0.4414639577460956
0.4187864283383913,188,False,s2,0.4296119843530904,0.4527704472914796
0.5968230306833227,218,False,s2,0.563374893078154,0.564990399703884
0.6207666686839955,219,False,landsat,0.5677754750086957,0.5635960107075433
0.6105854653330529,221,False,s2,0.5464013069145046,0.5461351961331499
0.6118608173706387,223,False,s2,0.5378025959033027,0.5339839959939403
0.5024326042469779,238,False,s2,0.4924860123695184,0.5011666195775547
0.532913969949562,246,False,s2,0.4797827595450806,0.4834352150809355
0.3814428915662651,289,True,modis,0.49191746723210406,0.48750061407607914
0.2997910901985135,101,False,s2,0.3151732119712214,0.36713575398789183
0.3606679340246042,116,False,s2,0.3324860335216055,0.37559675159776745
0.3657188583559843,117,False,landsat,0.36588898425950694,0.37400721312993807
0.5013171084337349,129,True,modis,0.568784925183918,0.49005913585918726
0.3675428707610038,148,False,s2,0.3672212209221175,0.44589614386702575
0.5249051873486825,161,True,s2,0.4263849927004024,0.44171453345053485
0.520570843373494,177,True,modis,0.5156726156995981,0.5081800418370929
0.5125950074868143,189,False,landsat,0.5338798760915637,0.5253618182513787
0.4895909805620221,205,False,landsat,0.4975442488615373,0.49106103302399984
0.4195121969241863,222,False,landsat,0.4207900232390969,0.4063530923477331
0.3503487998295742,251,False,s2,0.41408648882928606,0.41898032426543325
0.357907536426122,268,False,s2,0.3641963874238799,0.37643594411892234
0.2705612673457929,120,False,s2,0.4036551171211935,0.44199528128140414
0.4199196558762925,135,False,s2,0.4824836836192153,0.504177530719547
0.5115727820706154,165,False,s2,0.5286542874701976,0.5442149567036909
0.5253292840152904,170,False,s2,0.5246996856319163,0.5359428550622135
0.5075851312444893,235,False,s2,0.45527767258785007,0.4651162767738671
0.5147083604656132,237,False,s2,0.46326654462753253,0.4705069810614312
0.478201490201121,257,True,s2,0.46440711204526436,0.4677733921111219
0.5758267643181219,270,False,s2,0.371821949809867,0.3917634002554289
0.4395028764398365,279,False,landsat,0.375860284797365,0.371187758010388
0.4841712771016969,303,False,landsat,0.48685381610425,0.48725412938268703
0.6381590025333729,97,True,s2,0.6412161855225544,0.6709018510658464
0.6193207228915664,113,True,modis,0.636936126624289,0.6017076159778845
0.5195542284793573,146,False,landsat,0.5270276972261183,0.5763386696234822
0.5639438554216868,209,True,modis,0.5050393666655156,0.5003874751051048
0.51841122236441,222,False,s2,0.529203760511716,0.5318563489093756
0.5420637898359041,227,False,s2,0.5268083313131118,0.5258424398658387
0.5528159224767821,237,False,s2,0.48988878966725,0.491877566127255
0.4722582666356274,243,False,landsat,0.3856068602870007,0.388468460725517
0.5271297553486378,259,False,landsat,0.4012466183432119,0.3992327942239202
0.4492461433679334,291,False,landsat,0.408798137490091,0.4105819661777449
0.7649901204819278,129,True,modis,0.6360394854511788,0.580052745955725
0.4161454261174615,140,False,s2,0.469913995734638,0.5124215127376774
0.6081004819277108,161,True,modis,0.5277648189899105,0.5098671538472337
0.3023939684174362,185,False,s2,0.5454301167177439,0.562699906627434
0.5699969744903775,206,False,landsat,0.4960905653246938,0.47928444570059503
0.5556915330262161,225,True,s2,0.5108750705652193,0.5111889386565542
0.5046695837315902,242,False,s2,0.4447471262449036,0.449604484310413
0.4989649081666023,250,False,s2,0.48039414506280415,0.4812369139810241
0.5054084126586178,280,False,s2,0.4290459061370467,0.4324849808069936
0.4322040769673538,302,False,s2,0.27505512205029825,0.30388047089511633
0.3412618942811646,96,False,landsat,0.3473108225555732,0.3889250634520136
0.2977274652309972,100,False,s2,0.32899961337152944,0.3874196946238704
0.5184267940718544,130,False,s2,0.4787040687175924,0.5314322033078183
0.5054622383038888,190,False,s2,0.49982304562250646,0.5183165913793347
0.5333630592199622,227,False,s2,0.47401776998689227,0.47747852510350264
0.5288175665578568,233,False,landsat,0.48322523541052353,0.4767682393418958
0.541336674618171,237,False,s2,0.4576845862765774,0.4654532815140052
0.5188597889952543,241,True,landsat,0.45552354129288664,0.4560594771607064
0.4811548626224768,255,False,s2,0.4707177040575697,0.475174999400327
0.4534758146070601,304,False,landsat,0.3704753178642696,0.37211033464519583
0.5942978313253013,129,True,modis,0.6044855544459845,0.5720323972403019
0.5182824979840068,154,False,s2,0.44973537805807495,0.47932923508881653
0.5133556951485614,156,False,s2,0.4432133249407011,0.4755586182533023
0.5327217932322593,234,False,s2,0.49517411514252113,0.508262273102589
0.4804930819034348,242,False,landsat,0.4920586954735553,0.4920340939080982
0.5717212150925222,254,False,s2,0.46698383477345445,0.4664677105286566
0.5513311942068565,256,False,s2,0.45364935334422496,0.45612680110222303
0.5142728743355323,258,False,s2,0.45961846313839577,0.4628990588161944
0.595925038289289,275,False,landsat,0.481777111472759,0.4772290143334822
0.5253979209248794,281,False,s2,0.5348004068838411,0.544924271561042
0.6981294890718748,289,True,s2,0.5963864250844171,0.606104110341354
0.6073223152509999,105,False,landsat,0.5680652790313926,0.5588233245327554
0.713196372099945,113,True,landsat,0.6642864146820485,0.6557734134178523
0.7991504045481114,122,False,landsat,0.6968468798658928,0.6789927513779135
0.2644536244932932,218,False,landsat,0.31147453675359815,0.2954124648817414
0.1579995866065955,92,False,landsat,0.14497880130396829,0.14183368378959038
0.2998674427986861,124,False,landsat,0.3833733866053605,0.3756942928311121
0.7069098617511522,145,True,modis,0.6467855135036831,0.6154763300432646
0.193905364363427,268,False,landsat,0.2149149818474358,0.2100969209837198
0.4200464516129032,193,True,modis,0.3653399796812671,0.3243603906791347
0.2320348751531445,200,False,landsat,0.2980797390280717,0.2690577237509115
0.2815599078341014,257,True,modis,0.2615259967320297,0.22438284631554006
0.8003677460092916,194,False,landsat,0.7336634246736601,0.7121779017359856
0.4332797695852534,225,True,modis,0.4952439165657862,0.48423544476230684
0.1879342398789212,289,True,landsat,0.2724863041180563,0.24796922690461776
0.2380793950355025,297,False,landsat,0.2000834352457606,0.1950458592624429
0.389569890563077,173,False,landsat,0.5065346606153726,0.49991928702161226
0.205181230074379,205,False,landsat,0.2667265300660324,0.25750573418100037
0.3714352534562212,257,True,modis,0.2883821927095817,0.2327613316172425
0.1829865347133252,260,False,landsat,0.23057141178064763,0.21811868122849903
0.2191174997797124,276,False,landsat,0.23324471194635382,0.240547771140237
0.1695075995943249,301,False,landsat,0.2437680632240326,0.22440088953838191
0.7037889400921659,145,True,modis,0.7763136100262849,0.7721986304592736
0.8126906755858806,160,False,landsat,0.7121338314038618,0.6996477818959197
0.2617275109510091,224,False,landsat,0.30168629640575295,0.30919257944639367
0.2121549816107749,239,False,landsat,0.2359236328373027,0.2303545059726722
0.2092416402779361,248,False,landsat,0.1980708604256037,0.18061700852609083
0.1108198205215425,279,False,landsat,0.1932630857818563,0.18336579607303116
0.2845536144736034,122,False,landsat,0.3663795719000084,0.3419386644986768
0.5739941474654378,129,True,modis,0.557964545329924,0.4997616387760246
0.296507047452941,131,False,landsat,0.4418909624745412,0.45618909345955994
0.4677331875573453,146,False,landsat,0.6082757435774998,0.6285425463612813
0.5727524423963134,209,True,modis,0.6506886157831445,0.6505253861769869
0.3315938709677419,289,True,modis,0.37428297913478614,0.34394976532974925
0.410944711544622,92,False,landsat,0.48464450910405354,0.4892631714233336
0.441917404410603,93,False,landsat,0.48297779780172856,0.5064524826370621
0.4263367157435007,180,False,landsat,0.4329136304223043,0.41168772795455955
0.1390129597624976,229,False,landsat,0.1856373212862279,0.18042176958115932
0.1577072300821382,261,False,s2,0.1766483528351073,0.19528644602247508
0.1656448341701339,268,False,s2,0.19355424646170885,0.20660322696066297
0.1976413677186705,284,False,landsat,0.20426964199200404,0.2064261829208247
0.2431610562016477,285,False,landsat,0.2075706642160686,0.20435543176068993
0.2618724736250813,292,False,landsat,0.20873934329245122,0.21382939356476544
0.8037731469053542,120,False,landsat,0.7725622196843802,0.7624093086803366
0.8281977654227517,135,False,landsat,0.7424439018012792,0.725792664451929
0.6628444710329118,143,False,landsat,0.6940411603507067,0.694609931833392
0.4742448847926267,161,True,modis,0.5415393403778883,0.5291522901493745
0.405018974629019,167,False,landsat,0.43187231432044926,0.39194906888382186
0.2595779815857153,171,False,s2,0.3346850443139387,0.362083618909525
0.1818572385465317,280,False,landsat,0.20728991694204754,0.1999792337001587
0.333629400921659,289,True,modis,0.26899738309453364,0.22899977400753158
0.5088170506912443,97,True,modis,0.34794108626149367,0.2742966144071147
0.4527789017661606,139,False,landsat,0.48286719175090564,0.473165872503089
0.8173379573971556,158,False,s2,0.8102497276274001,0.8019844392050856
0.8088155209278934,178,False,s2,0.7193451434525959,0.714369193132521
0.706354672347737,203,False,s2,0.5845413337496158,0.5933115659192015
0.4089330460654097,219,False,landsat,0.4286022610111505,0.42147926859260687
0.3610056419350096,223,False,s2,0.36973904505630384,0.38850951264698375
0.1334774826382042,236,False,s2,0.20879863211240005,0.22815980437527875
0.1550455809914896,248,False,s2,0.18795714327877042,0.20592772722307828
0.1588226535271506,266,False,s2,0.13795412699636647,0.16128564086757663
0.3470247720819548,283,False,s2,0.3349520371880911,0.3488505265858732
0.1434233194579981,293,False,s2,0.43361793913529245,0.4545410014277912
0.7247165746028024,94,False,landsat,0.7417515429657803,0.7452723563484047
0.6126834069048981,103,False,s2,0.7163983628859197,0.7235756761540876
0.7639884872958027,121,False,s2,0.6906329864579906,0.7110708025689064
0.1687714552114778,197,False,landsat,0.2047473043983418,0.17804385803731015
0.1402869270127407,198,False,s2,0.14256382878074814,0.1777536272150702
0.1342530173615486,218,False,s2,0.13741670697213698,0.16781122645601035
0.1390192420933502,223,False,s2,0.1480026904579606,0.19918737556903868
0.2088814882370619,237,False,landsat,0.19512775398370172,0.17607783138508304
0.1598690636273387,243,False,s2,0.14907609271422984,0.18465750714570153
0.1651365359585292,254,False,landsat,0.18513013496947564,0.18011137736412458
0.1583950533917932,258,False,s2,0.14930830596222314,0.18307681942467166
0.2357879723502304,273,True,modis,0.2332447549831044,0.2051542083050647
0.2344130119868673,105,False,s2,0.4492146481112722,0.46290550423935006
0.7326010866635744,157,False,s2,0.7819374015527423,0.7808092928699509
0.744564664350702,167,False,s2,0.7194015557571033,0.718456279998396
0.795148742067462,170,False,s2,0.6767684401421964,0.6821495559083441
0.244647503960809,190,False,s2,0.2519012882890948,0.2933239840915002
0.1375028468300302,217,False,s2,0.14003472144137658,0.171006896990506
0.159768816701555,240,False,s2,0.1993057115947758,0.22828244079906151
0.1744264889966322,275,False,s2,0.15605789481095006,0.20356403584053673
0.1835903550087735,279,False,landsat,0.18028840515106104,0.1744226962538244
0.1729991277814494,295,False,s2,0.16608984059206977,0.18503292805820418
0.2939708025336485,107,False,landsat,0.24597118155137393,0.2504423711480374
0.2158133713647707,115,False,s2,0.25441707453529033,0.3167436981959421
0.5037139994433831,160,False,s2,0.5554271753448796,0.57283635817093
0.7730978478867486,171,False,landsat,0.735489549372891,0.7305967220048636
0.7708646948435118,172,False,s2,0.7232544895476771,0.7244496564751541
0.8170688901644311,190,False,s2,0.7991908352139854,0.8022675171377214
0.7520221961576814,211,False,landsat,0.6536223919640985,0.6436929047173954
0.7758607341003446,212,False,s2,0.6409849932353757,0.626852153681938
0.5411244697717896,220,False,s2,0.5298326046710317,0.5340160280403967
0.1883930617904946,244,False,landsat,0.23868518830167929,0.24029943868560533
0.1688828602755556,280,False,s2,0.16135740296173964,0.18154867961034218
0.6025278728536391,94,False,landsat,0.5770213276518082,0.5900782677659384
0.724234746543779,97,True,modis,0.639070709181194,0.6140783775403007
0.7708895852534564,113,True,modis,0.7786219808866446,0.7605031561981794
0.8642532974640355,140,False,s2,0.8030676008314503,0.8086970848419076
0.9119169339883048,170,False,s2,0.7069042887765498,0.7172140653424687
0.3243271293080317,198,False,landsat,0.2863092569638076,0.2761688251944119
0.201248032479487,207,False,s2,0.2603537274065213,0.3035399429988884
0.1261803513677097,220,False,s2,0.17504615817533647,0.20787372919393796
0.2457961168040934,246,False,landsat,0.21267327619826626,0.19538344587473083
0.1579547933165485,272,False,s2,0.18484080146171555,0.21812854226642261
0.1454766408807175,275,False,s2,0.16775350509815218,0.21433368835797154
0.3386485295618739,302,False,s2,0.07954652538898259,0.11122142214704743
0.8864538340633046,113,True,landsat,0.808524958322125,0.80904993825897
0.1645447602687802,190,False,s2,0.1888370283650694,0.2332087499870412
0.1093447696995575,200,False,s2,0.14021855790085705,0.16261338011241955
0.1898274875968804,209,True,landsat,0.22657554482787864,0.22882949084570112
0.1390435957227526,212,False,s2,0.16383630372018024,0.20664768224485586
0.1373385848934291,222,False,s2,0.16905954430408468,0.21206939852390838
0.1530028803147408,225,True,s2,0.1957529877697991,0.24094371429673814
0.1385589099415181,270,False,s2,0.1497660545576514,0.18897518377527378
0.1559881237920617,275,False,s2,0.1521776431933818,0.1967335644725759
0.1362598299801672,280,False,s2,0.13868273487515942,0.16010598488107736
0.1493493969239263,106,False,s2,0.21000289786350956,0.2324339413098609
0.3281055649632592,123,False,landsat,0.3076282813618138,0.27349802079660807
0.5447367741935485,177,True,modis,0.5166133375269792,0.5041564170698093
0.3491958846208535,195,False,landsat,0.37723195013150745,0.3762953038131051
0.3241935789194706,196,False,s2,0.35310421623013605,0.3812541980492857
0.3765985664786309,209,True,s2,0.3994822951470456,0.4200391908705884
0.2813397460250897,228,False,s2,0.21697131707215006,0.250570486204074
0.1822227520263387,241,True,s2,0.19876880852540538,0.24615705090640566
0.2298695450540594,243,False,landsat,0.2113902201832135,0.2146019322104885
0.1701419850425578,256,False,s2,0.1625176533300484,0.19605926446972888
0.1715758003492895,281,False,s2,0.30932794729162694,0.32135193008478075
0.283202624738398,109,False,s2,0.285243132019932,0.33416294068750446
0.326877057231409,114,False,s2,0.3198528850817752,0.38774803373079647
0.3881774313478587,118,False,s2,0.3429305500012281,0.37675075069130515
0.6104741679873219,145,True,modis,0.632644528196182,0.5899261115066885
0.4761389269185704,148,False,s2,0.4907878899068998,0.5406916188714741
0.3058247471733112,188,False,s2,0.32290946011319116,0.35165294975051936
0.2366255666168708,229,False,s2,0.2519164309391842,0.2774154962149772
0.2116092879139597,239,False,s2,0.1924835647753161,0.23442956670096127
0.1688403030688729,244,False,s2,0.19983973226083865,0.22337480280597366
0.1959379335210314,256,False,s2,0.16711911875179758,0.20221295593303462
0.2869454041204438,257,True,modis,0.2547193343884309,0.21356612256978535
0.1714948550925907,91,False,s2,0.34134433419455734,0.4050716804504681
0.2542069267262887,107,False,landsat,0.3041774565378726,0.3072783581343481
0.5292107197549771,113,True,modis,0.4545812654852244,0.36781602664028573
0.2499068338396359,118,False,s2,0.2978575209301329,0.3384707875411046
0.1734219348279061,124,False,s2,0.27949943856490495,0.33787425058209963
0.2667000045222769,144,False,s2,0.3360311969396483,0.41303241069753155
0.4640902700924523,155,False,landsat,0.49182429388188353,0.4661383739676286
0.8525668199528469,187,False,landsat,0.8061757706923134,0.8005461727889804
0.6775154670750381,193,True,modis,0.7415032994533722,0.761160520247458
0.5230973516062584,219,False,s2,0.5053442576504231,0.5016888609286065
0.2525853951674222,254,False,s2,0.24555022808401344,0.26995004494488695
0.3270232553323142,97,True,landsat,0.39875829455333717,0.38328324325777624
0.606664938801632,153,False,landsat,0.5522358276552287,0.542358267906388
0.4505912126584141,249,False,landsat,0.40771433876795005,0.39825486737658566
0.4199033358117727,298,False,landsat,0.40631431962233866,0.38998007152887887
0.3329248907154317,116,False,landsat,0.4177497024669366,0.4305028159766961
0.6086555764349613,157,False,landsat,0.6094814187978261,0.6019625323122195
0.4808715564133204,221,False,landsat,0.4790233732022149,0.47083974056401073
0.4729997049627372,229,False,landsat,0.47873106593256387,0.473018302027624
0.5039212389380532,289,True,modis,0.5392551364883057,0.5379365874845672
0.5497115044247788,145,True,modis,0.6479754572540201,0.6055385800613688
0.6838694686643715,191,False,landsat,0.6023121655213733,0.5912109307442057
0.447633628318584,225,True,modis,0.4969889490465554,0.48549187803836247
0.423541654771634,280,False,landsat,0.41769045624433604,0.3890889974435934
0.4435456495639844,114,False,landsat,0.4638853989280148,0.4917766229057918
0.5735698297381094,177,True,landsat,0.5671829191114897,0.5576079190462233
0.5724160079606302,201,False,landsat,0.4795320342071855,0.4523257864904669
0.6855274818990641,265,False,landsat,0.5787799610969142,0.5644977851694754
0.7733840707964603,129,True,modis,0.69334741689381,0.6707128150136166
0.6031265486725664,177,True,modis,0.5656551485446958,0.5546559934355069
0.4927835955893948,213,False,landsat,0.3907101351688303,0.3799427225634113
0.4702030994743783,220,False,landsat,0.3793523204980585,0.36749575428933023
0.4766425388745537,229,False,landsat,0.394614745667462,0.38306266957466406
0.29170796460177,241,True,modis,0.457393828947251,0.4123428602349229
0.3742300884955752,97,True,modis,0.43832097239440354,0.3839836125445042
0.587963367990433,159,False,landsat,0.5428850247508402,0.5349720782229908
0.5555097855579264,232,False,landsat,0.4565099003133878,0.43991826400744016
0.4924969735328505,248,False,landsat,0.41588703721540116,0.4034711232129159
0.4277022129612704,303,False,landsat,0.454319464318887,0.4492391569057457
0.6946526590973021,131,False,landsat,0.6784186777340421,0.6734977990857915
0.612843569116847,171,False,landsat,0.590558455694975,0.5809726653823244
0.4571150442477876,241,True,modis,0.6496586964321588,0.6275134068583667
0.459746017699115,257,True,modis,0.5806371987614058,0.559625580456873
0.6659322195877688,258,False,landsat,0.5437727299193174,0.5446262174657142
0.3324212970399984,91,False,s2,0.2740086732629582,0.2889510164520506
0.4154814624677042,121,False,s2,0.421288828537067,0.45164047958057657
0.54635476650622,126,False,s2,0.4992553968289588,0.5331422851702489
0.6481433628318585,129,True,modis,0.6331555437866512,0.5918819503520723
0.6431292035398232,145,True,modis,0.6841784873845567,0.6502972200926112
0.5395310966286359,260,False,landsat,0.4931454890207714,0.4960036865013626
0.5034877342881003,268,False,s2,0.4734130186717246,0.4738892102754825
0.5310085922888071,269,False,landsat,0.4677112401755187,0.4684908614538324
0.3597619469026549,273,True,modis,0.4669773108234282,0.4685601131793271
0.5189918202236504,281,False,s2,0.448032028034558,0.46429773288140463
0.5082987399323478,120,False,landsat,0.5201920612975395,0.5011583041402756
0.6400866459705198,153,False,s2,0.6047448962231893,0.6206577506232374
0.6194945993465497,159,False,landsat,0.5978761704459379,0.5866819021043419
0.3923912472839104,191,False,landsat,0.4895762138325219,0.48038530648128375
0.5088181008137569,208,False,landsat,0.41537098543908574,0.4091541862438234
0.5309022599011514,240,False,landsat,0.4180694518416682,0.4130409339200445
0.396470796460177,257,True,modis,0.5368170088432866,0.5346657909169057
0.6231668281347211,286,False,s2,0.4389618053564306,0.4713000593076098
0.431458667286478,116,False,s2,0.4552700472941829,0.48508839715425317
0.5265620887083226,128,False,s2,0.5075004100034125,0.5772796423922417
0.6359681051919108,178,False,s2,0.6249503928118768,0.6288331800022688
0.6360288005394003,227,False,landsat,0.5737675845917154,0.559304556581644
0.5383059945966644,242,False,landsat,0.503413908745474,0.50477390183159
0.5372536263674175,251,False,landsat,0.49993626828537735,0.5048586846290454
0.3155752212389381,257,True,modis,0.46992355152326726,0.4722855581596176
0.5882621042841202,259,False,landsat,0.466969749992999,0.4691194171553224
-0.0146004246648725,266,False,s2,0.5277921488918498,0.5221844296812135
0.6589300176127167,275,False,landsat,0.516210435007494,0.5113373584985748
0.7103403086494201,286,False,s2,0.5281997315794333,0.5497964679274339
0.2729354712751858,94,False,landsat,0.28249981597403967,0.32415945294574233
0.2914266947702105,108,False,s2,0.3566171722002593,0.3949706731908713
0.3089211648625407,113,True,s2,0.45039261171795875,0.4790062479302025
0.5677238817253619,131,False,s2,0.5445171894762676,0.5963249131338468
0.6293513274336283,145,True,modis,0.6756723144863648,0.6440257017364224
0.5471347154499886,186,False,s2,0.5170454074381059,0.5330713765427786
0.5428554987533754,218,False,s2,0.45021313328120083,0.45834338364781485
0.4821394560991098,229,False,landsat,0.41091251334502216,0.40340250351154
0.3398176991150443,241,True,modis,0.4809798950705055,0.4743061369421849
0.3986347135939951,270,False,landsat,0.3991622656749525,0.39854522992213065
0.4508317812576369,281,False,s2,0.36013990306345023,0.3713752914840541
0.4403554355045627,132,False,s2,0.4357634973866939,0.500987255735639
0.4762801188853816,135,False,s2,0.4851528414914597,0.512030321133027
0.5504674683651264,136,False,landsat,0.5474805457481609,0.5218225222123551
0.5905039852541047,143,False,landsat,0.6142520432235026,0.6176279154068975
0.7379681415929205,161,True,modis,0.6605636673388973,0.6670664899897683
0.5295327273653155,212,False,s2,0.4967056507085679,0.4982116199593664
0.5966149814388179,220,False,s2,0.440671871261324,0.4495269669100005
0.5409288141227645,237,False,s2,0.5171653061799789,0.5222520503578003
0.5294559704716157,260,False,s2,0.46147874478025713,0.469795246477931
0.4219311595424191,262,False,s2,0.4372656656079673,0.44960439278131875
0.6970437444858457,97,True,s2,0.5750407337485506,0.6179051825692914
0.5778254392682316,150,False,s2,0.6292155276525448,0.6431452076831718
0.5734901869388633,187,False,s2,0.5647773855011958,0.5802798095383892
0.5784572012909783,195,False,s2,0.5611777402183863,0.574446040473824
0.5934847050708901,211,False,landsat,0.5399464691031048,0.532321001301106
0.5519440738333983,225,True,s2,0.5191824909277236,0.5192607656463566
0.5054776286013215,243,False,landsat,0.4737547146947758,0.4760521286492824
0.5222221376319961,251,False,landsat,0.4914797156711813,0.4883978716197933
0.3775485745481161,270,False,s2,0.38384965911112306,0.4178566273140309
0.583426884861423,137,False,s2,0.5567853681350425,0.5790803188194217
0.6569292035398231,209,True,modis,0.6055087192855593,0.6122725053758756
0.5729591480475366,214,False,landsat,0.6009505081265438,0.5914355498080665
0.6511990200073835,218,False,landsat,0.5647057951498283,0.5584108060503139
0.4943472395936646,220,False,s2,0.5300700336903672,0.5329479681726852
0.4227318584070796,241,True,modis,0.4728474093913204,0.4709898900320332
0.450539473065297,246,False,landsat,0.46804414080788287,0.46754212656882754
0.3034073040797451,257,True,s2,0.4886854823352491,0.4884130702001576
0.4661526921233665,269,False,landsat,0.43289056292097544,0.4329203607742146
0.4597780351517198,270,False,s2,0.4184231485341416,0.4280740931581449
0.2825424778761062,273,True,modis,0.42737859085651225,0.414623025505894
0.5091008849557522,161,True,modis,0.3380048671899807,0.3022496250780583
0.2831999650017205,185,False,landsat,0.21867182795792312,0.23223712453839654
0.1698381110286722,187,False,s2,0.20943775645688775,0.23926138792021112
0.3293238938053097,193,True,modis,0.2973193194521806,0.2699966767995394
0.1995519183746472,197,False,s2,0.2078606417528236,0.24814582341970065
0.2090165707600632,222,False,s2,0.24072534854370636,0.2756827422077114
0.311830160189072,224,False,landsat,0.2655065524060225,0.27962664534142134
0.1811385026615259,240,False,s2,0.26443723538475367,0.2882368531885507
0.263640573703665,242,False,s2,0.2709422546525961,0.29454835497894505
0.354629232856689,264,False,landsat,0.2875535846223473,0.281924707706508
0.8621412507174009,108,False,s2,0.7978180872427589,0.806739841597886
0.4361394913620937,164,False,s2,0.5074389628810236,0.5170588450074363
0.1964241107568655,184,False,s2,0.30860719439875445,0.330094514585287
0.3442513274336283,193,True,modis,0.3089271355962028,0.29936912464521853
0.2072001227497492,211,False,s2,0.20878397311124017,0.25144034345512783
0.163100845289257,226,False,s2,0.18430024558945496,0.2231439097036374
0.146008084166658,251,False,s2,0.19345007905159178,0.2038791105027255
0.1995906756596877,256,False,s2,0.19321804583169125,0.22319017098477328
0.2414294528993109,286,False,s2,0.2585531529858773,0.28614403579969117
0.3297837477141416,290,False,landsat,0.30015383708387083,0.3101881376508094
0.254503541347786,291,False,s2,0.27847575458246565,0.3069120959893603
0.7687829431438127,97,True,modis,0.6824927071884036,0.6424234869311537
0.8117342858311416,107,False,landsat,0.7693582027701691,0.7718625005311086
0.8585471031019359,121,False,s2,0.8205558444157205,0.8257957876806754
0.7983599800765729,136,False,s2,0.7339951152464783,0.7596743409154578
0.2817993196865802,161,True,s2,0.4435126822952874,0.4391786739456634
0.1761070791067815,184,False,s2,0.28549359551901804,0.3161306939367737
0.2684595074580903,204,False,s2,0.31622436270007803,0.3233586299921196
0.399059653188034,210,False,landsat,0.39284054977470806,0.36979320635822294
0.3334665271541041,211,False,s2,0.37012875389454175,0.37921980954040413
0.3882795796079574,224,False,s2,0.24331255602881785,0.28444844139605446
0.1589685148781687,281,False,s2,0.1881189169467002,0.22759752675566142
0.5807231376457651,136,False,s2,0.5559611089288418,0.5782753384232986
0.5984974809114596,144,False,s2,0.5102341833982235,0.5792884334665834
0.182911306148499,184,False,s2,0.3844983686377424,0.4051388431156961
0.28480511022449,204,False,s2,0.32103379391956627,0.34636281701693317
0.3257637306933154,224,False,s2,0.31240111952919525,0.3441071146184131
0.3244346091933465,225,True,modis,0.37519019535887327,0.35202438076716047
0.2367974761925779,256,False,s2,0.212057679012765,0.24334202810742975
0.3055675907708818,257,True,modis,0.2862615508568409,0.2547587537188261
0.2225884171616918,264,False,s2,0.2198797316976278,0.24165158959812091
0.2862035592917189,273,True,modis,0.3204899608576629,0.2783437983014132
0.0703509371994565,286,False,s2,0.22512597656161848,0.2520612247032477
0.375414045164578,121,False,s2,0.4257785545177674,0.4530677526690778
0.4315566558358849,124,False,s2,0.4848172705253172,0.5262293826729997
0.5896591310827328,134,False,s2,0.5873690608763689,0.6290796900478808
0.6183820994462724,156,False,s2,0.5084849913793935,0.5350814351974864
0.3309289604674703,194,False,s2,0.34073650668604955,0.3799218720391239
0.3283810912097276,199,False,s2,0.32538796584944146,0.3508980121311159
0.3137887660728362,204,False,s2,0.3260375138391779,0.3496767853357298
0.2697206967991234,224,False,s2,0.22615253530224752,0.26744106340305673
0.2137057603580964,241,True,s2,0.2075635271895332,0.25298714708679226
0.2158422862005387,269,False,s2,0.20344052495906909,0.2273329669834593
0.233865827189274,290,False,landsat,0.23458266081325654,0.24867830552686498
0.2754987772234843,104,False,s2,0.31190655048300486,0.33729725968964064
0.3231711365899176,107,False,landsat,0.3553589746530304,0.35193674665840247
0.6367534369663406,144,False,s2,0.49065118944048836,0.5692987212372235
0.6055635597189694,145,True,modis,0.6341315069289243,0.5861496043309613
0.5848040009086792,156,False,s2,0.48808496562038434,0.5176109425202418
0.0914610399355115,184,False,s2,0.3602410403062912,0.38100117438033193
0.3735732076625581,209,True,s2,0.3352854438813647,0.35762032302587243
0.226210240238258,221,False,s2,0.2610875124726942,0.2880984797573498
0.212685701560005,256,False,s2,0.21155919907289536,0.24358816398040575
0.2124061369445947,264,False,s2,0.211837902562935,0.23296228199026198
0.2229019048386908,269,False,s2,0.21090215783149238,0.23534511941116681
0.8308098533924311,113,True,modis,0.7843293753772512,0.7769764724716863
0.8225395304905835,121,False,s2,0.7861173323931901,0.7972742537208187
0.8413777340199041,124,False,s2,0.8010507642779698,0.8093712835200523
0.782034236691705,158,False,s2,0.7525225502945331,0.751950534201289
0.1229047721368538,221,False,s2,0.149580990741056,0.18685311744460853
0.1463486991895665,228,False,s2,0.15311993672040428,0.1960206145617137
0.150097626248079,229,False,s2,0.16213992841460073,0.19557027206509825
0.2017753936823925,250,False,landsat,0.1861101144394537,0.15752733116273948
0.1409581182234292,254,False,s2,0.1504072834570483,0.18420991121732216
0.2103247363157948,275,False,landsat,0.19470806041616132,0.20477961825770058
-0.0104725684299768,278,False,s2,0.16626805314935406,0.19876073084947232
0.1892851159763136,104,False,s2,0.17780028322463726,0.20887629753029602
0.202233208005725,119,False,s2,0.2175206602368819,0.24366270944450139
0.2676828337369274,134,False,s2,0.34833842678320653,0.418172508240363
0.6809055662717001,145,True,modis,0.6332575365614524,0.5977303805062626
0.6635689184806213,154,False,s2,0.5950451332174146,0.6173553005148507
0.814649769059085,179,False,landsat,0.6804615000188238,0.6794591637791301
0.717334660672994,187,False,landsat,0.6218557109095169,0.6101308107012428
0.653406541992332,188,False,s2,0.5819413052042075,0.5941634511156383
0.1137321420957293,214,False,s2,0.14257764366457967,0.18578576534159208
0.1469622582311461,219,False,s2,0.1557803362759707,0.17921671709546327
0.1525651353049696,256,False,s2,0.15291530099885453,0.19202919886568748
0.1830900017213121,91,False,s2,0.14430990567449636,0.232676056614658
0.2316365300390434,107,False,landsat,0.22972758820145045,0.22600849151653807
0.175767593718727,118,False,s2,0.23548052128581648,0.28141695817921275
0.2123835149993165,119,False,s2,0.23869567752460036,0.28231253460123296
0.2041284563712169,124,False,s2,0.26186920409545444,0.3244094091951533
0.3569280117670472,147,False,landsat,0.32642099277762193,0.3420138990195933
0.3561338378611929,155,False,landsat,0.3718618234335296,0.34701556873710837
0.3796697610651833,210,False,landsat,0.3619466479496473,0.33517651774601365
0.3197544073973973,227,False,landsat,0.29359033922479993,0.2758999368667624
0.2172314804618546,248,False,s2,0.21948814060059596,0.2474706557078687
0.2272110697937352,256,False,s2,0.21107469649435284,0.23110992681410666
0.3463265224358974,97,True,modis,0.3902962489780713,0.2688128584988659
0.4519084935897435,145,True,modis,0.44932677174955965,0.25453201753702287
0.1544177562896376,159,False,s2,0.18469690841640723,0.24954522747851798
0.3137109775641025,161,True,modis,0.2432364094847596,0.2486077960696767
0.1550986278742901,241,True,s2,0.1516348537225664,0.18000265188352044
0.2879930217189571,289,True,s2,0.5322833365490838,0.5336492115350139
0.7801516754214295,104,False,s2,0.6294397930295671,0.6368039422773041
0.6780831359231563,106,False,landsat,0.6813513259084086,0.6844115306374744
0.9006356324731928,119,False,s2,0.8430146415375828,0.8404933360681901
0.3199428501489813,186,False,landsat,0.3385977327419359,0.353362274112062
0.1317111574783632,209,True,s2,0.1870813074329972,0.2327333057479859
0.179883844395175,218,False,landsat,0.1584478177244715,0.17374916992292272
0.1409821515150441,224,False,s2,0.1537391496051331,0.22171632705580185
0.3330427907292443,289,True,s2,0.35913583597679233,0.37290520567474794
0.8217562428969795,109,False,s2,0.6936805398519367,0.7222238208805047
0.8677351867431935,121,False,s2,0.7485755036802292,0.7635279731428979
0.7400252312545359,124,False,s2,0.7673278637320601,0.7846237996931972
0.7385491902834009,145,True,modis,0.7730022363108952,0.7694744222790165
0.1821364673021401,251,False,s2,0.23970799829448947,0.2544028167809707
0.621175479513743,290,False,landsat,0.560472631159328,0.5573915378191006
0.7984021700962245,153,False,landsat,0.6307241813373508,0.6254278676495797
0.1967171988313013,209,True,landsat,0.29377421051065433,0.27664656283817207
0.5394789573197908,212,False,landsat,0.6453176937437677,0.6465776006955448
0.5108129585925769,225,True,modis,0.5285125316767039,0.5190954112879766
0.3177573052992922,257,True,modis,0.41901971492147033,0.3961716003378455
0.8223201970697329,127,False,landsat,0.5567772612580769,0.57851070260566
0.807273911177859,129,True,modis,0.6339848063013053,0.6115739865515327
0.1501219187113027,223,False,landsat,0.18898051758934054,0.19431445914328915
0.288898991632697,113,True,modis,0.39051763877794465,0.34833983222622317
0.2030308631398124,129,True,landsat,0.35102811920871724,0.3773731883473061
0.9114285561038404,129,True,modis,0.8003732151688893,0.7939313310151053
0.2114793391975971,225,True,modis,0.25645198748903597,0.20564902378618266
0.1331666687481578,260,False,landsat,0.17907705759997228,0.17025347271583108
0.233178330830294,289,True,modis,0.27023242547462467,0.23539346551950638
0.7151265756670662,167,False,landsat,0.6796188099967658,0.6851814739815522
0.5859135689488427,215,False,landsat,0.5201442579345983,0.5186914207808075
0.1405364857410782,247,False,landsat,0.25116309936547454,0.23857576444688802
0.2046297575627548,273,True,modis,0.23275248073543783,0.22830679557284622
0.3268080032671066,178,False,landsat,0.4192040375861551,0.430309828413675
0.2143821926625188,241,True,modis,0.24548594623882009,0.21426825990837636
0.1905309710901148,258,False,landsat,0.2016039595288921,0.21103005473446135
0.2681745913541288,106,False,s2,0.22792504940566605,0.2522984952632103
0.6245158850922754,132,False,landsat,0.5379131574108398,0.5647426883843197
0.8726813837617009,156,False,s2,0.5987286526717781,0.6024507110946026
0.2336133762535241,196,False,landsat,0.23806615313407395,0.2468871361653246
0.4035819954153632,284,False,landsat,0.4633048227223915,0.4486866498827519
0.8981016401132875,135,False,landsat,0.8514070615980194,0.8299558430127806
0.7880816528083626,159,False,landsat,0.6792337936066033,0.6713362017230688
0.5684744552603145,166,False,s2,0.5282085291222632,0.5411093724862475
0.1843239635573524,191,False,landsat,0.24783358128082042,0.2590255565407482
0.26122329972109,209,True,modis,0.25208574583960314,0.2063101455382269
0.3127755489427864,131,False,s2,0.2036497200945386,0.3385861886318647
0.2315760110281306,170,False,landsat,0.19928195628096274,0.16206533674310894
0.3185602874919546,177,True,modis,0.2599395734093597,0.24541280518667805
0.3958433383394122,209,True,modis,0.25504145617031926,0.22474677367342896
0.2026302614494028,250,False,landsat,0.17606908999812487,0.14784769950992518
0.143445117161356,256,False,s2,0.14034432814178208,0.192459596671038
0.1029676763136348,271,False,s2,0.23953158063337687,0.2948165548499676
0.5014272870867272,286,False,s2,0.4508939483383013,0.4868458173730024
0.8728983308861118,93,False,landsat,0.7383072037462859,0.7607655786879824
0.5467804762926413,177,True,modis,0.5673958438275832,0.5677939881593741
0.2638817025030524,181,False,s2,0.4550292262415075,0.4772372203686749
0.2322035363505954,197,False,landsat,0.26884278626103675,0.2677804261753016
0.2246698006685462,205,False,landsat,0.2055476202465565,0.20858526889194343
0.163739906026885,206,False,s2,0.18146624020955282,0.20782525549759073
0.2052981755741575,289,True,modis,0.26164363699569176,0.22317830399403593
0.2449951595285379,127,False,landsat,0.2594102243068367,0.3698181502101574
0.8638055345177309,190,False,s2,0.7694817110046653,0.7760229188660013
0.809969897518639,195,False,s2,0.7324604221159045,0.7428342303669548
0.7803258314618738,210,False,s2,0.6466091864805353,0.6337384582946748
0.2535037116498606,257,True,modis,0.2475514312268775,0.2761885597876194
0.1739768397716936,275,False,s2,0.19420165009554174,0.2431975990854
0.1648354530291521,280,False,s2,0.2050823235999838,0.21311296378255815
0.9179659399945928,135,False,s2,0.8678074930667921,0.8700113648066637
0.9050228152696204,154,False,landsat,0.8736085313699992,0.8729324863578691
0.2140849894816723,190,False,s2,0.23889910406291517,0.2921455598837857
0.181894817518486,226,False,landsat,0.18674257949755646,0.19168199852509477
0.192200938440906,234,False,landsat,0.16767829576069623,0.1554070726274594
0.2246818708431667,273,True,modis,0.2481989234808174,0.2433257503077611
0.1731704396885278,290,False,s2,0.18152415637883698,0.23035727062883074
0.1639834238483441,295,False,s2,0.17973445173808444,0.19694589637289278
0.2047842927805652,135,False,s2,0.22405441503275952,0.24245576503150879
0.2442000858184939,193,True,modis,0.2946954316474427,0.2704765552993491
0.2146035151333711,213,False,landsat,0.2040713458943592,0.20433608429482883
0.1254273411212545,240,False,s2,0.16107779899651598,0.19250097889292014
0.2536115099488958,277,False,landsat,0.2789884127675351,0.31982433463754834
0.433844440887525,290,False,s2,0.48221643639042694,0.5913473472549096
0.4206238372129801,294,False,landsat,0.6014202827460342,0.591692677886443
0.8748602048058965,95,False,s2,0.8232765330908968,0.8359355387018468
0.856939948508904,113,True,modis,0.8341911205067947,0.8432242887391719
0.9020042135982238,125,False,s2,0.8353107007702468,0.8418529795609756
0.5296193306157478,161,True,modis,0.5945614474153083,0.5925299764563714
0.1790962766842843,208,False,landsat,0.18264114942735227,0.19802822223321476
0.1784370521347351,241,True,modis,0.19087735132808709,0.16999759330780537
0.1849838446685261,257,True,modis,0.15864901388285807,0.2016547967403045
0.2093813439981866,114,False,s2,0.278518709666809,0.3914228429740708
0.6405917614245872,129,True,modis,0.5637207465961441,0.5486646602588162
0.5681761210040764,161,True,modis,0.6405184406489388,0.645379835262433
0.1280306096809368,219,False,s2,0.14146519357091708,0.1685041221567592
0.1302926779185091,229,False,s2,0.15619338336512684,0.19514536399428994
0.1327797160835248,231,False,s2,0.1442903051893287,0.16777194616438743
0.2041303687690728,266,False,landsat,0.18393151429592655,0.18637873423862583
0.2434097803248555,290,False,landsat,0.23118052750734266,0.2548739367077433
0.7622789254031832,111,False,s2,0.8077789642837612,0.8185933956328675
0.8978158763931662,119,False,s2,0.8561374051111087,0.8556724835361891
0.8408423294602735,141,False,s2,0.8261207181527199,0.8205270091122105
0.8834080071937489,144,False,s2,0.7646326307844611,0.769642242252227
0.8498514048059154,145,True,modis,0.7650393867350413,0.7654870653682804
0.4394547638671801,178,False,landsat,0.3333586468685056,0.3637285141675422
0.1153179633960352,204,False,s2,0.14002803227180025,0.173517855078377
0.1688611984535663,250,False,landsat,0.16677295529603012,0.13814128327982023
0.5344850120870266,97,True,modis,0.545040012541459,0.5159873089929681
0.7737225616702808,129,True,s2,0.7349464229353495,0.7286900466602271
0.6410603823610117,164,False,s2,0.7614847578943607,0.7576726481781793
0.7235925220442078,194,False,s2,0.710062966234738,0.7144062732971946
0.7654812298438544,202,False,landsat,0.7193495749798136,0.714702608035755
0.7149194159063046,224,False,s2,0.6413093676188282,0.6232316214544855
0.6954949030798405,264,False,s2,0.6188769376602893,0.6139794753579841
0.4796618191877285,301,False,s2,0.33710984278761225,0.3530216178198095
0.3745805281882867,161,True,modis,0.43811405977142237,0.4203712942488784
0.266152203065134,177,True,modis,0.3116676200058871,0.25416161436033924
0.1653196540980207,187,False,landsat,0.18970968401393354,0.16571721817855362
0.1563964041225243,235,False,landsat,0.14564917663571253,0.12453517438246973
0.1961067870826491,241,True,modis,0.18294431944162895,0.1561373443094945
0.1932430729289592,273,True,modis,0.2297934028894524,0.15912154319452093
0.2808722632731252,193,True,modis,0.30464186013442646,0.2553840840502193
0.2239002456927455,263,False,landsat,0.20982162088070835,0.18506195275380474
0.2824682327816337,273,True,modis,0.2867045488840641,0.2190793283994667
0.2849432402846195,289,True,modis,0.29239271532527145,0.23354186705154623
0.2900848795840174,113,True,modis,0.34358389391799027,0.24949912649663814
0.1194770831802306,234,False,landsat,0.1677724394238,0.14085463225646694
0.1410471839528349,250,False,landsat,0.19728497748513235,0.1823294483513322
0.6146711513421562,107,False,landsat,0.5136655508392008,0.49474305564567805
0.6523762452107278,113,True,modis,0.6207905121961484,0.555695304257152
0.649625045156005,124,False,landsat,0.5968233278008311,0.5919849691394113
0.6319982975977023,139,False,landsat,0.5391144517986558,0.5177718657052875
0.252856785577836,164,False,landsat,0.284548212594665,0.27035793469974984
0.2371887931034482,241,True,modis,0.26887416897129507,0.22069273035075296
0.2029373390622502,191,False,landsat,0.20736631688454205,0.2055516557020491
0.2033539390452967,222,False,landsat,0.1683206359423473,0.15854280117690103
0.1983037219730941,257,True,modis,0.2358333607241724,0.1845487501904905
0.1966823042706925,279,False,landsat,0.17817726829113564,0.16721682117040598
0.1891014012865296,302,False,landsat,0.16230076910600377,0.13917310827445478
0.2592950774503001,122,False,landsat,0.28262113561088775,0.2511253543909676
0.4244980731582011,170,False,landsat,0.36800448504547933,0.3457000548802079
0.3215717860520913,186,False,landsat,0.29997872674019116,0.2754582590247164
0.2270491148577874,194,False,landsat,0.3061926704579033,0.3046192396586175
0.1871288884140931,233,False,landsat,0.2080402867781834,0.1836376852535093
0.2239053320072964,258,False,landsat,0.21922322068166222,0.21643341686306028
0.334814624945387,101,False,landsat,0.38676646734471104,0.3844266448564319
0.3082863193108075,180,False,landsat,0.3081503447337389,0.2938368613615652
0.2575071420861248,189,False,landsat,0.24953486349779247,0.235855413990565
0.2262665604581524,204,False,landsat,0.24093295882451451,0.22530681269039016
0.2416430658974032,244,False,landsat,0.21751161949884287,0.2080687271925101
0.1779498714131696,261,False,landsat,0.2217681610080439,0.209005219047116
0.4029233442802408,97,True,modis,0.42396452640839594,0.32427699849412317
0.333694277007196,102,False,landsat,0.34346697777159235,0.3392942696638036
0.7163020935960592,113,True,modis,0.599181273010547,0.5236655353162122
0.5725040655965881,119,False,landsat,0.5730305700500351,0.5716225777348849
0.2067923680967608,205,False,s2,0.22581983173000486,0.22175673272747773
0.1791325616328402,222,False,landsat,0.23265464794328897,0.2198337161298307
0.1563173580499358,231,False,landsat,0.20437798673228355,0.19684033033349083
0.2707725670217792,253,False,s2,0.23117318187190794,0.2549385552295758
0.2978891899288451,273,True,modis,0.32449700523185065,0.3038650911183997
0.2389329922012352,98,False,landsat,0.267259510359812,0.29284150508544227
0.7151707131389149,121,False,landsat,0.5827464439584116,0.5903116694393142
0.6701976838999466,137,False,landsat,0.5393779537494995,0.5179933177674081
0.5350149061677922,145,True,landsat,0.5985123957904981,0.5489538020092358
0.501325890665839,201,False,landsat,0.3644184796880369,0.34092332616756826
0.2376872138208903,234,False,landsat,0.2818010768007516,0.25887720676873827
0.2459116801466225,274,False,landsat,0.18416376859663952,0.19673454240581556
0.7343243021346468,129,True,modis,0.7478581617603846,0.735888951220613
0.7559323434826375,135,False,s2,0.7293432736114148,0.740705032877171
0.729655933054602,141,False,landsat,0.7149215682924213,0.7290332699854623
0.3186994405250427,153,False,s2,0.4208642323110753,0.4411592738355861
0.228477038257741,172,False,landsat,0.2416276170983474,0.20937026406599055
0.2024375068418171,193,True,modis,0.24476421656640587,0.21066442608818786
0.1468235577408217,196,False,landsat,0.20198063769066357,0.20663335578086994
0.274268010779135,205,False,s2,0.3155248891538535,0.3264655009183665
0.3097213499745023,233,False,s2,0.31749975440589073,0.3269769440829382
0.2826705453816697,235,False,s2,0.325814402926375,0.31419246730198375
0.2560117300236617,240,False,s2,0.2506092918416677,0.2760652461293003
0.4418762802029383,284,False,landsat,0.4006079966522642,0.38717809098168204
0.4753920680050313,112,False,landsat,0.44533878366435437,0.45547682097303005
0.5369245539494436,140,False,s2,0.4606856062353645,0.48303007331257264
0.2071899905947396,178,False,s2,0.18379514219358825,0.23966845679506643
0.2294430958485588,184,False,landsat,0.18131373616987329,0.16592773285688403
0.1436208235178157,208,False,s2,0.12230008167358891,0.17095237848853814
0.1256600263846764,225,True,s2,0.23339714301543316,0.18156151374585855
0.1377323252362148,243,False,s2,0.12134189115707471,0.15816442620185792
0.1266285822212416,258,False,s2,0.10100736074849544,0.1416137387440955
0.1161427679305447,270,False,s2,0.14041447649948738,0.14392058760851068
0.1369764370577636,273,True,s2,0.22006401821421645,0.16512924963913733
0.1231764154707005,283,False,s2,0.127644272411326,0.1468760931328779
-0.0023536172544217,285,False,s2,0.15668678911823322,0.16382631353827595
0.189573619890434,289,True,modis,0.26106998291366706,0.19776411462879176
0.1716675472893819,149,False,s2,0.23057399072280438,0.29414350614011125
0.2017760915046549,186,False,landsat,0.1668017392636308,0.13437582701555664
0.1462999537707123,189,False,s2,0.11426553799034997,0.15612704367642574
0.2167063299606232,193,True,landsat,0.2048351421052539,0.18225650755111306
0.1592874240018685,194,False,s2,0.11188038750542119,0.16760431780155022
0.1316477462502823,199,False,s2,0.1488562082067094,0.123081250927365
0.1309335547793631,214,False,s2,0.16073418657713784,0.1650745703961407
0.1649083536026876,249,False,s2,0.15925474857336214,0.15791976514717712
0.1898468189833019,279,False,s2,0.2165351348857564,0.20984383116491037
0.1594610994310613,284,False,s2,0.18718693777346923,0.20914993046342256
0.8458978866335085,124,False,s2,0.7924603739438641,0.7970465458226169
0.8963744917961136,149,False,s2,0.830323631388282,0.8395476859311537
0.6135777416467705,165,False,landsat,0.5878808675855771,0.5868802538646077
0.2672410918739007,183,False,landsat,0.2717540054477376,0.27375586968098053
0.188686646173619,187,False,s2,0.20741536647977743,0.2370870438513626
0.209440258210544,196,False,landsat,0.23572681878950158,0.2214996709276338
0.1550948712547453,205,False,landsat,0.14418358248305937,0.16905964023801223
0.1873124110563765,257,True,modis,0.21249622464807644,0.18390756149543835
0.1749686868946664,261,False,landsat,0.18148357660635486,0.1636364136462924
0.2369187649998795,299,False,s2,0.3407340484632009,0.32907551724850603
0.385155723582915,93,False,landsat,0.35995565533223267,0.3695137538489432
0.4680665937097883,122,False,s2,0.40641908604848087,0.4290347378038881
0.3667677724248313,154,False,s2,0.4175264443398798,0.42675817182536113
0.3845979108382226,157,False,s2,0.39806417930705856,0.4081040940750793
0.2727446352302869,187,False,s2,0.28986625927895276,0.31565749687055605
0.2516610426929392,241,True,modis,0.3205525117222783,0.2781723332119004
0.1979462501176638,244,False,s2,0.24749440570666137,0.24937887345858026
0.2576103664921466,257,True,modis,0.2434334937766734,0.24223077201463333
0.2222848428020016,271,False,landsat,0.21548403483794049,0.21309077425507397
0.1745020241098047,277,False,s2,0.19353127642366794,0.20835717327286646
0.2053167063614209,295,False,landsat,0.16532226347177909,0.16892609514652523
0.2287209337438686,139,False,landsat,0.23941633717221547,0.2218364528473591
0.1323383501785415,172,False,s2,0.13652853091740605,0.18251707400387712
0.0951158902853461,177,True,s2,0.20850541957408725,0.21556240247221395
0.1320143935211764,187,False,s2,0.12712021516491537,0.1605911968823526
0.1856450738916256,193,True,modis,0.22754937882355575,0.19704664999957577
0.125603416099259,194,False,s2,0.16532407681754405,0.1824153650503419
0.1734115057663864,203,False,landsat,0.16738599615610178,0.15818725847303017
0.1402956695835365,207,False,s2,0.14590978352868517,0.17691817484954386
0.1816306923918992,241,True,modis,0.2045152557327578,0.1809169049690963
0.137311227784991,279,False,s2,0.16322691862992555,0.16165141063893498
0.1590727951150742,282,False,landsat,0.1481242696223809,0.16727103479538188
0.1498350540706609,299,False,s2,0.14067130596752492,0.1548473522779699
0.7744615489874109,129,True,modis,0.74585332149742,0.738931538589028
0.7328187831143341,135,False,s2,0.7304576924276753,0.7440535378854212
0.8071827829078979,136,False,s2,0.7348459317700058,0.7497270232237934
0.8358981397959895,140,False,landsat,0.7843116846935162,0.7729550299150415
0.7156194218711347,156,False,s2,0.7023029437103583,0.7091223764035764
0.4708437500569853,166,False,s2,0.5607181322230658,0.5783199508492903
0.5174550020611727,168,False,s2,0.5366303048226083,0.5508902203377473
0.4262436523629161,173,False,s2,0.4711076520951929,0.48646054805892114
0.3821252804824233,176,False,s2,0.4194332437349403,0.44852401989566804
0.3807988706105868,181,False,s2,0.3533296359570752,0.3812801173083293
0.2009180870226843,245,False,landsat,0.19521010291657165,0.1803567432045562
0.4149659176029963,145,True,modis,0.4400481063031797,0.3480842959218805
0.1846382399153398,164,False,landsat,0.22133899230428492,0.20875981020273146
0.2121075530586767,209,True,modis,0.20144946862390883,0.1712084435719957
0.2023332709113608,225,True,modis,0.21807421738552044,0.1381662296588654
0.1406339333708489,244,False,landsat,0.15661868476271815,0.1444382289943803
0.2161013075927357,198,False,landsat,0.2611233631103471,0.24167921356694158
0.1957348571721655,255,False,landsat,0.214954277309031,0.2078686920966418
0.2732870162297129,257,True,modis,0.274521132889772,0.22672193547730857
0.219884058591344,262,False,landsat,0.21208503096694506,0.20245073072596198
0.3873076779026217,193,True,modis,0.36609625427904635,0.3226064659514009
0.3011246778179592,202,False,landsat,0.2854513961499173,0.2615900207767358
0.270441344466155,209,True,landsat,0.31232389570000163,0.2796091803736838
0.5190289312768093,107,False,landsat,0.2293419908551797,0.21157819547967893
0.4008087390761548,113,True,modis,0.3902516215030744,0.29736316441174393
0.3960106050932778,131,False,landsat,0.3586955689181173,0.39169830611688145
0.3908621665814838,156,False,landsat,0.3510951423814384,0.3385022150179224
0.243899937358509,187,False,landsat,0.24875282756456435,0.22728782561418553
0.5449559458386578,150,False,landsat,0.49309032824678606,0.4818068602713688
0.1748388581831909,222,False,landsat,0.14283326643352534,0.13055843482615595
0.1783380149812734,225,True,modis,0.226387996442172,0.14516350325973465
0.1820195718045265,270,False,landsat,0.16793706901926003,0.1712005500752384
0.1482542549752049,278,False,landsat,0.17003556984115545,0.17085173620930985
0.2405313358302122,289,True,modis,0.25351890378503456,0.20409957750315427
0.357891822721598,129,True,modis,0.4577672606966448,0.38477852133272256
0.5544756554307118,145,True,modis,0.47466887084816106,0.4412442881311001
0.325992654593911,209,True,landsat,0.3144171712463296,0.27803329007943667
0.213559563468637,217,False,landsat,0.24672436366519362,0.2284441163524431
0.1553628689575406,242,False,landsat,0.22549130501765222,0.22136682473899466
0.1867272567661793,282,False,landsat,0.16695622890269884,0.15641644460104917
0.19008987988401,108,False,landsat,0.20692869067159,0.20547091179759966
0.4666719101123595,145,True,modis,0.40511639629000196,0.3289171218141541
0.2618016229712859,177,True,modis,0.26328408838593675,0.20585603256969914
0.1845669507711206,237,False,landsat,0.15987464022150238,0.14442661861324357
0.1451459972336842,261,False,landsat,0.19050268848688057,0.18045205734019143
0.5655172799965111,103,False,s2,0.5145685799264571,0.5256578297246302
0.7745145698133897,159,False,landsat,0.5792739438300835,0.5727336392329492
0.220695659942555,185,False,s2,0.23948089430218353,0.25943988245138355
0.2245446941323346,193,True,modis,0.2609336537495932,0.22561507312353324
0.1915685044440417,207,False,landsat,0.18134457267119714,0.17202417549226462
0.1504783287229045,260,False,s2,0.17624793381914955,0.17272154814090454
0.1373138606895907,263,False,s2,0.14956840078864428,0.16950432968528922
0.196410144058953,138,False,landsat,0.24268885565450793,0.20961077154932145
0.1884798960855077,145,True,landsat,0.42166011836641426,0.3606179940822159
0.1980658379576111,201,False,landsat,0.17607893369950128,0.15087736321991885
0.1466680446762929,234,False,landsat,0.17640891945582252,0.15126320691156153
0.1756347113281668,242,False,landsat,0.17213397723480883,0.16708936814525044
0.2216725176100491,274,False,landsat,0.22130423705292976,0.24126177860929973
0.6027583729807091,100,False,s2,0.4304064605587762,0.4575353925148632
0.7193944742513935,149,False,landsat,0.662325042818026,0.6702124263711511
0.2393950721018403,168,False,s2,0.21850244270317062,0.25290799929113794
0.1961763420724094,177,True,modis,0.25783451447035,0.20999794473416908
0.134643037797988,185,False,s2,0.1377437663529644,0.1407525456935401
0.1737015017890697,223,False,s2,0.15686354185614249,0.19891337259663658
0.1369158420980099,235,False,s2,0.19782561595107584,0.1815219962622021
0.1456277714607677,248,False,s2,0.14058478888152948,0.16526309217101748
0.2873968789013733,273,True,modis,0.20008534967628602,0.17945510661931866
0.0986454536783296,280,False,s2,0.18029674987817906,0.15839191540043854
0.1446267375663472,283,False,s2,0.13931936803364128,0.1539379217128278
0.426501747815231,289,True,modis,0.296937534198152,0.26734217425577333
0.2489740996031759,125,False,s2,0.48178923660308914,0.5009537804077775
0.3617768457312877,159,False,landsat,0.39209549764992807,0.380085157744281
0.3710254319753833,167,False,landsat,0.3298076632909813,0.29611557196683763
0.1331375822768925,180,False,s2,0.1942384974084456,0.20405477786846019
0.1229493232331393,185,False,s2,0.13370810753972084,0.16589616809076804
0.1197251643084899,208,False,s2,0.12191423989101233,0.17319736031853855
0.1189602739167194,213,False,s2,0.1463017564397728,0.16326707948464236
0.1160859339389633,233,False,s2,0.10985013611022296,0.13794077757522258
0.1649035600382467,239,False,landsat,0.16612983793199304,0.1672863353485143
0.1791693508114856,241,True,modis,0.22665976158627646,0.17537724482647196
0.1224471387676097,243,False,s2,0.11868482211259924,0.15544318626684883
0.1295512874657678,263,False,s2,0.13197013985294548,0.14602062367439775
0.1638352347433986,264,False,landsat,0.1568040558151991,0.14316733748351151
0.1588312845138579,105,False,landsat,0.12745932729799525,0.14449187583907683
0.1933750182133962,134,False,s2,0.22173415968998833,0.26121015261244823
0.1495844566179045,209,True,s2,0.22218461660547034,0.19380997472650835
0.1125072026879282,222,False,s2,0.12092876762049046,0.15319155867205758
0.2020387016229713,225,True,modis,0.2456981562943075,0.16564462957505433
0.1886192507010197,241,True,landsat,0.21939164297590663,0.1792988533538452
0.1382437923956657,242,False,s2,0.1252835117365014,0.16649997888269996
0.1388675347146465,262,False,s2,0.13006891024656633,0.16388646572240156
0.247841033294864,274,False,s2,0.2452859809576951,0.2770793745583529
0.7558661236632973,101,False,landsat,0.67225875880474,0.6775541319027727
0.868021774999082,148,False,landsat,0.7880177760960925,0.7756766614157515
0.3045887016229713,177,True,modis,0.37916381885596606,0.34106137852253626
0.3417093979089007,180,False,landsat,0.26703382870281256,0.2938617521617861
0.1240837547903211,189,False,s2,0.14835278188717715,0.1812776686235827
0.159732403220207,196,False,landsat,0.17011400599882887,0.15694287502162213
0.1664916354556804,225,True,modis,0.16972293233326893,0.16723023478063864
0.0983986788187826,229,False,s2,0.11745043293404364,0.14396778450872008
0.1195979686388773,252,False,s2,0.10895846265476092,0.13964391554628997
0.2082075518087279,93,False,landsat,0.20103988219380722,0.22853574043957697
0.2363319297437971,137,False,s2,0.2554707826678036,0.2883945870074561
0.4102460225212971,151,False,landsat,0.42906950459059134,0.41242015749476474
0.3465102054735835,154,False,s2,0.43378217019873083,0.4320205203216683
0.0547379041722949,204,False,s2,0.4139334519776463,0.4263587894978477
0.2678263994719543,230,False,landsat,0.23663928757732022,0.2502387622512263
0.2198029019820216,234,False,s2,0.2270581367372877,0.24635059897442724
0.2296874381337891,271,False,landsat,0.21490211889582525,0.21953236923422884
0.2008988968283974,284,False,s2,0.20818950134177358,0.21029976910730147
0.1427297634644656,294,False,s2,0.18918995940152997,0.19211375554382149
0.155339516266577,302,False,s2,0.14333558583495737,0.17711261587432028
0.1773478877426823,102,False,s2,0.17960212827704503,0.23928480119438272
0.2465370074261638,123,False,landsat,0.27768828231672865,0.2403778929559901
0.2406766311122288,130,False,landsat,0.22318704039701986,0.3664893909371445
0.1988582944653604,139,False,s2,0.25223010406470087,0.23596565795222174
0.1877908817564219,159,False,s2,0.2205198426246663,0.21839193448816663
0.2125470661672908,177,True,modis,0.22737403551653207,0.23045832101877084
0.2148434351089745,178,False,landsat,0.23891401028912146,0.2199447534165096
0.1635056279193927,187,False,s2,0.1521612271816945,0.1849645162629594
0.1380414027837388,239,False,s2,0.14992369849619686,0.1532446128368692
0.1549672093811582,269,False,s2,0.13157102901704365,0.16583383751052802
0.1056110980960447,304,False,s2,0.21354852498209137,0.21088136913321787
0.2249809236590095,95,False,s2,0.4339494742350796,0.47904212371157584
0.6983877803790692,128,False,s2,0.6737764683889484,0.7232637454726922
0.7926420724094883,145,True,modis,0.7530388508482365,0.7436213930584971
0.3824529439347614,173,False,s2,0.3895677571452217,0.40832542854319914
0.2575476509599303,183,False,s2,0.2595130372082054,0.2855112633952929
0.2325473830243031,189,False,landsat,0.21423596374517892,0.24178443415764878
0.1948682747453092,244,False,landsat,0.1564455689315015,0.17637571214968942
0.1938591762801766,245,False,landsat,0.19318474830881757,0.1763133675213992
0.1261158669990468,268,False,s2,0.15247076772554546,0.1813518164739939
0.1292258539943129,278,False,s2,0.16030340214345773,0.18695199339032198
0.1566723520577801,295,False,s2,0.1740138410991478,0.18277944394287682
0.1807137110188474,108,False,s2,0.19250262619572378,0.24680271024297606
0.222310759346506,109,False,landsat,0.20209600283590304,0.26156984651976484
0.1621280868367833,113,True,s2,0.3542296771389192,0.3136416474358924
0.2399646604800927,124,False,landsat,0.22517277394031707,0.2906025458230055
0.1954412407369141,128,False,s2,0.21226009820709885,0.3632613634517728
0.747813964582257,164,False,landsat,0.6196898566573231,0.6244479892095305
0.6565303341730239,181,False,s2,0.5993285641593614,0.6145028936229131
0.3220309569911398,203,False,s2,0.32181820011246615,0.3171555017238049
0.2686687494019287,213,False,s2,0.28348759830771125,0.29631551321455496
0.286607874436064,241,True,s2,0.26670369715285613,0.3083383490027596
0.5532953411188383,300,False,landsat,0.536419117343878,0.5315701343388538
0.282869696010133,97,True,modis,0.36576338398687996,0.20499214904998594
0.3789904053198227,145,True,modis,0.4496621514047831,0.24564820596683076
0.1564638176374961,148,False,s2,0.16095351106088882,0.26604822136078476
0.1226042634963286,181,False,s2,0.13316953343244542,0.17864336634282557
0.1877857814313523,204,False,landsat,0.14900531814339277,0.18970948799350196
0.1355855644786491,211,False,s2,0.12567437823465344,0.18324093897178656
0.1805597197945573,244,False,landsat,0.15380759188898718,0.1722572216087105
0.1200108289036293,251,False,s2,0.14628356916122823,0.17071916271804802
0.1441743069195076,268,False,s2,0.18738802669819649,0.22159224713339523
0.3064525253880473,277,False,landsat,0.308056813693801,0.30822888164606277
0.300459876733436,97,True,modis,0.36031599939722553,0.27254261272262476
0.1732349730141642,106,False,s2,0.1715613385858933,0.1887742439687158
0.1545684669266895,115,False,s2,0.17570614201545842,0.22226507531819478
0.1116758793309962,168,False,s2,0.1429926819526069,0.18071157695912973
0.1930657919666947,172,False,landsat,0.19836987336814085,0.18657129186755694
0.1158844507478443,183,False,s2,0.13386897671862102,0.16094355190093654
0.1124807272359329,226,False,s2,0.11396124866882423,0.1574879038062896
0.1644381581572622,244,False,landsat,0.13650264907097887,0.16025030063425533
0.1015121017135406,248,False,s2,0.12706938164956377,0.14953234751164474
0.1144715828714297,251,False,s2,0.12924593725547026,0.15630275961448034
0.2067592295839753,257,True,modis,0.2266067928979763,0.185046717758386
0.5437978919309335,113,True,s2,0.6209748817962599,0.571616999945747
0.5361723945608156,135,False,s2,0.5937808457459517,0.6387841131778005
0.4801604740985637,157,False,landsat,0.47098238671625176,0.44724369144711307
0.4237279229709751,161,True,s2,0.4172921780911064,0.41259027154258776
0.282104787115734,173,False,s2,0.32551257852030807,0.35364888337646033
0.2261863890143303,193,True,s2,0.2995415892317624,0.25468659761582024
0.1898680752870059,196,False,s2,0.2192784834949028,0.238327976746933
0.2054483552247132,245,False,landsat,0.2063799789440909,0.19494445790546688
0.1969991686655461,260,False,landsat,0.20469860094384296,0.19950158873370433
0.1403886993525639,268,False,s2,0.1717801769856251,0.2016946006253822
0.1624792403292861,281,False,s2,0.1806642985775711,0.21405782989117147
0.3513837104072399,289,True,modis,0.2661354555939225,0.26512026753029333
0.5993281173025944,124,False,landsat,0.605087216246714,0.6253209808023896
0.6513311490125675,129,True,modis,0.6867698078215814,0.6709592334238957
0.633751615798923,145,True,modis,0.6853588467005434,0.6518444451262098
0.4076770079258716,161,True,s2,0.46248403077335054,0.47582966566810136
0.1829370576304834,196,False,s2,0.2988893732295154,0.3356043945793032
0.283858770323116,212,False,landsat,0.2708791407284502,0.2734597537917016
0.2878733393177737,225,True,modis,0.31933209039056104,0.2855072902217784
0.2454193002838008,226,False,s2,0.24326700207961435,0.2761914398211729
0.2729972534198026,237,False,landsat,0.26454645254830444,0.2470569850040157
0.203087335200456,271,False,s2,0.20457925947852226,0.24004166726601517
0.4640398480515403,109,False,landsat,0.4458828387455579,0.47718661785311756
0.4695893110247245,155,False,s2,0.5293675904907471,0.5210700090728851
0.4285172944138153,161,True,s2,0.4920843890275304,0.5046575685725717
0.2194585481430665,212,False,landsat,0.22435847504077128,0.22681838998699724
0.1986588326305093,228,False,s2,0.1749613306448043,0.21401928113979682
0.2269583310292807,229,False,landsat,0.18436139915110886,0.20924471572903547
0.1653976806866092,243,False,s2,0.20967552734934755,0.21273714531211324
0.1517874459520445,246,False,s2,0.17724367299118324,0.21009431351478874
0.1685872136424663,251,False,s2,0.1753689376122162,0.19977887290766472
0.1652025248552794,266,False,s2,0.18107807037026363,0.19161964230844025
0.1750326428339084,276,False,s2,0.17692855126406232,0.20325076096998224
0.5664065668954672,136,False,s2,0.6220196138769196,0.6444904279974923
0.6745622054705677,140,False,landsat,0.6356929576918157,0.6404485451166589
0.7203384423652884,143,False,s2,0.588409575253469,0.6345407821256661
0.5547395691262871,178,False,s2,0.4613724088033227,0.4759243898417949
0.509102598932309,180,False,landsat,0.4886010891179109,0.47094668109786253
0.4949768864396245,186,False,s2,0.4578833554253307,0.46549386745288646
0.4429291864904794,193,True,s2,0.44232122145063024,0.4246924453759722
0.2855575842430371,206,False,s2,0.32573908203457685,0.3646444872725598
0.346512310906712,228,False,s2,0.31917830283362325,0.34548635401495
0.3237480485836535,256,False,s2,0.3155305420439071,0.33804309615889816
0.3185106076953794,276,False,s2,0.2887425326860702,0.307682167249873
0.6821880269828915,124,False,landsat,0.6853591745221381,0.70113727785228
0.745337662639357,156,False,s2,0.6909901294491938,0.7014315321286355
0.631259634975957,161,True,s2,0.6012812894538667,0.6111704674796657
0.2126713770112006,204,False,landsat,0.16229233758803235,0.18827969341581807
0.2192489411816,205,False,landsat,0.20925849052856382,0.18825539532939467
0.1152713483768813,216,False,s2,0.1361421834448706,0.16538035903763007
0.1451483014238354,228,False,s2,0.13835429544073893,0.17825658501558425
0.1533331537087406,235,False,s2,0.18935352742320155,0.17929149715874987
0.1316300812913027,236,False,s2,0.15327807045493524,0.19360095596037524
0.1375246947986873,266,False,s2,0.1434254096847886,0.15591907166438226
0.1537310259519132,276,False,s2,0.1454769282059686,0.1758780517708672
0.6514842631131192,121,False,s2,0.5939547458513101,0.6121352045050533
0.5875979852253699,128,False,s2,0.5585709927676199,0.6218874531574086
0.5317420708936963,156,False,s2,0.5077732766962936,0.5324067523633705
0.5065826390706318,158,False,s2,0.4819476368007862,0.5091926365064129
0.4641519993357598,165,False,landsat,0.46915132051574715,0.45042187096521014
0.3176255109539305,180,False,landsat,0.41039681259837507,0.395219064405183
0.4193568555284702,183,False,s2,0.3711766739369647,0.38590387835942913
0.3413944101512067,197,False,landsat,0.3212085944306167,0.317147763167512
0.1893412001214535,213,False,s2,0.2527504224139803,0.26627435780393516
0.18793183661216,251,False,s2,0.20958210044730946,0.2326579829944043
0.2106489249163763,276,False,s2,0.20891071423225663,0.23525930412245655
0.2927983143722356,296,False,s2,0.30309170454751944,0.3246620698300742
0.1580430686259077,113,True,s2,0.3163754738120932,0.20661947306751657
0.3386103136479232,129,True,modis,0.44912027968515583,0.21922867968492174
0.1468828681271094,135,False,s2,0.15624396616536418,0.23044136998203688
0.1614328596634989,146,False,s2,0.18479802715965357,0.2856200957679872
0.1313546703958968,186,False,s2,0.1414256409577433,0.1585712143637778
0.1166807949413973,193,True,s2,0.21486290236300212,0.16163741471359788
0.1244685296055594,235,False,s2,0.1557652540563852,0.17494724906950376
0.1191730210297094,243,False,s2,0.1559713486638794,0.17008714948138615
0.1653961946919505,252,False,landsat,0.17017292071210044,0.1552938034203418
0.1318599289326632,256,False,s2,0.11936369832808848,0.16535819118416795
0.1363127697677971,278,False,s2,0.15396856173563336,0.18925404727620593
0.203303834177862,121,False,s2,0.1921071284837116,0.2178309885268664
0.1531355352185401,126,False,s2,0.18772883807426216,0.28646691256425405
0.2242331039957661,177,True,modis,0.3016240451240052,0.24513923876629307
0.1830308848084066,179,False,s2,0.21705204350324683,0.23177078777592353
0.1537484308291616,184,False,s2,0.17740688821421924,0.20256917105812353
0.1792812177934462,189,False,s2,0.17958060251609131,0.2093770707761346
0.1386689725930012,196,False,s2,0.15984926092914115,0.19489670580700483
-0.0990471258126274,214,False,s2,0.16706091455190086,0.21086860185098613
0.1636350066651918,234,False,s2,0.1672809423097854,0.19018035137950834
0.1489745339852936,236,False,s2,0.1671601697915964,0.1954152735829944
0.1678914885553061,249,False,s2,0.16647220768586415,0.17114283350779366
0.1533884703035221,258,False,s2,0.1622664724566074,0.1868825445655493
0.5511976337178813,145,True,modis,0.5196633792738563,0.46883256166647264
0.376003606948019,170,False,landsat,0.4891631793947822,0.48230519092598734
0.4936860480229468,186,False,landsat,0.4702884418717972,0.4546053317256114
0.1550379977699988,299,False,landsat,0.2275949464693244,0.21686183171060602
0.349386680650236,129,True,modis,0.40154744259745384,0.30888102241552856
0.6414834039762077,166,False,landsat,0.561941572154938,0.5578662729464937
0.6418452562886153,174,False,landsat,0.663941147787977,0.6606245138567224
0.8344856271777396,182,False,landsat,0.737128934374113,0.7188552461637122
0.1543992515750847,253,False,landsat,0.19669520466706522,0.1966817476461003
0.2946583406797923,273,True,modis,0.3373035125967406,0.29211200869553217
0.6442808009963291,113,True,modis,0.5084057805653236,0.4696527326900308
0.1513253942196969,257,True,landsat,0.23490721529022204,0.2167285736957337
0.1390118048758179,273,True,landsat,0.2297219453913848,0.19550858459920492
0.2498132144729942,97,True,modis,0.28043801044017375,0.21310621077377156
0.6012492527530156,145,True,modis,0.5100297280472027,0.4813263933980044
0.4559748817507771,194,False,landsat,0.4977555879612696,0.49755362212242343
0.3997894066742965,202,False,landsat,0.4520498398198295,0.4458976919308779
0.3202077843215786,218,False,landsat,0.3497589167273993,0.33946390625679845
0.4445807223387521,129,True,modis,0.4794448840823355,0.40643037035249663
0.2432302635028841,225,True,modis,0.264901187225068,0.21666357094461058
0.2121255732075073,229,False,landsat,0.18278258874379902,0.18217121886494975
0.2118586572964181,238,False,landsat,0.18425140985384658,0.17848589295670295
0.1996628778339523,245,False,landsat,0.17881915045841995,0.18008847970810113
0.220547650512944,286,False,landsat,0.21595233825992396,0.2174262266492336
0.4862313778185632,97,True,modis,0.7156409642813528,0.6910574302796334
0.497375032591372,104,False,landsat,0.6763162948893474,0.6688377371167968
0.3544452999048241,105,False,landsat,0.6767256675880238,0.6688823803581617
0.2248609751507568,225,True,landsat,0.2511626330125149,0.2250788581029331
0.2307896840669841,232,False,landsat,0.18914551990776798,0.17204257324317526
0.6400013179752041,108,False,landsat,0.6136137034147152,0.6201209144437256
0.4559720047181383,171,False,landsat,0.4973291134712931,0.48525852021715865
0.3609009040715719,187,False,landsat,0.3502004741990459,0.32848808853876
0.3503443235448349,193,True,modis,0.3782754830819123,0.3454488711335272
0.1839717080744523,243,False,landsat,0.23381754454861886,0.23487738267217045
0.1855116455022258,291,False,landsat,0.2285003464179881,0.23846863956116685
0.2787150760356581,97,True,modis,0.3791606908125707,0.2837070090778441
0.2539234947695889,125,False,landsat,0.22605575409751508,0.2631210686757524
0.2703659276631402,150,False,landsat,0.2865131527247933,0.288093521623405
0.2556577525370971,157,False,landsat,0.2791607896683534,0.27220246221439226
0.3554264027267961,161,True,modis,0.34830868632282924,0.29942637056251237
0.1541356456866196,208,False,s2,0.153846682444429,0.2113722928047857
0.2501778906659676,241,True,modis,0.18624728194638424,0.19123009370774224
0.1923979969696048,269,False,landsat,0.18712499484534922,0.18514329009432495
0.8224907185595808,118,False,s2,0.7856475164607468,0.7924683752654276
0.8441873663940456,120,False,landsat,0.8229300136272513,0.8123438439606641
0.8815039328788673,129,True,modis,0.8195545433520699,0.8310313476199744
0.3365580659535215,176,False,landsat,0.3738543463179489,0.37507547218516746
0.3158002556371264,209,True,modis,0.29864409718681584,0.25814403243797224
0.1868224408849609,232,False,landsat,0.2182068111336795,0.20176895134810593
0.2087424659846284,265,False,landsat,0.18225824019045475,0.1762508047809247
0.199483728401929,100,False,landsat,0.24093682522406568,0.2800434740727519
0.4822801355806502,123,False,landsat,0.5420143694723131,0.5147735915691286
0.5111676553008269,124,False,landsat,0.5403010543543925,0.5515705499321283
0.7381388516311913,147,False,landsat,0.6875120476928814,0.690183108931654
0.4286389034265773,164,False,landsat,0.4910072240613138,0.49377551750383397
0.1712506970222215,183,False,s2,0.1748581025077195,0.20236298928357765
0.1154721205674645,198,False,s2,0.14369174786302447,0.1947205289766535
0.1398886811131503,203,False,s2,0.17643767295992402,0.21896878214377813
0.1866249879775683,244,False,landsat,0.23275910581912926,0.24245852239966262
0.1796611768842473,299,False,landsat,0.15726793744325748,0.1535746907699865
0.1888169883258902,148,False,s2,0.21548867650164152,0.2929240436252385
0.2686507079181962,177,True,modis,0.2808786913793134,0.2335924865325463
0.1411708447161041,208,False,s2,0.11123435944138631,0.16965967406770893
0.053447990979574,215,False,landsat,0.13383195361247824,0.14778887614479727
0.1372642182276632,218,False,s2,0.11432164701256284,0.1473730386990316
0.1124740335158876,268,False,s2,0.13469550631171862,0.15874425787915414
0.140220692556386,283,False,s2,0.12774369876984998,0.14565357988044647
0.2373963109645491,294,False,landsat,0.16323233384097938,0.1764994178255026
0.0778193686885705,298,False,s2,0.13635211323870125,0.15722663478326263
0.1621871914862401,96,False,landsat,0.23439324115016427,0.27274489673838986
0.2849511032518584,105,False,landsat,0.31920014639023786,0.3424159969999648
0.4258287106501822,177,True,s2,0.4865330098428441,0.5032735255890003
0.1177402646235977,232,False,s2,0.17126663818542553,0.2014096137221122
0.1525037866837445,257,True,s2,0.1884880078312085,0.21832754796558046
0.1668978419717016,281,False,landsat,0.20019313261040375,0.1921543102420032
0.4111008274692334,102,False,s2,0.4396664470777282,0.4725899801364677
0.5919857766079378,115,False,landsat,0.5281145118534991,0.5686757593717321
0.6738121448116927,123,False,landsat,0.6126280053353361,0.6145249811968426
0.7067169144958461,127,False,s2,0.6206324178044901,0.6596572716511258
0.5723105583422525,155,False,landsat,0.7471812072811237,0.7554275492981262
0.1940542356801037,193,True,landsat,0.22395266231216843,0.2255117508695743
0.2964999475616151,209,True,modis,0.22060820469119355,0.21031169414199835
0.2114798291640702,211,False,landsat,0.19467274401410398,0.19899741113164662
0.2563501499821627,290,False,landsat,0.2173694054576706,0.2648849544063275
0.2305173413584973,93,False,landsat,0.22068586855541925,0.2401400702066655
0.2613899729254475,126,False,landsat,0.2912500231067181,0.3151175837876146
0.2881901481384374,161,True,modis,0.3229033595597185,0.26646769130110654
0.0905250134227211,167,False,s2,0.17107796846647025,0.20137906183999574
0.2734174947561616,193,True,modis,0.27103288345873205,0.22443734652353703
0.1426808797548174,207,False,s2,0.12494847791626339,0.18656043381794948
0.2561126835343472,209,True,modis,0.2566190351761581,0.20570724514560507
0.1522755622373958,235,False,landsat,0.146870468068066,0.17841416353747827
0.1573579425719764,262,False,s2,0.15699248159965631,0.19550705648772593
0.1943383575756885,270,False,landsat,0.16871227290487606,0.19993194076752324
0.8234085484235454,98,False,landsat,0.7778148029522052,0.781425793927018
0.8320070732408685,145,True,landsat,0.7590567911162296,0.7754318441824898
0.3960677946033713,169,False,landsat,0.34581107710363956,0.3381167401448087
0.3336063896083447,170,False,landsat,0.3029752208919201,0.32979015256287925
0.1485061643153481,177,True,s2,0.2605103882708848,0.2724655342996909
0.1030027392799989,207,False,s2,0.13326672688768773,0.17953238535109287
0.131475246485447,257,True,s2,0.17606234024757889,0.20834993234561283
0.1725750957342471,273,True,landsat,0.2142125261237049,0.20221589028931822
0.1069268336675585,282,False,s2,0.15198605470577833,0.17038364505320883
0.2999664058922813,115,False,landsat,0.19858818798525552,0.2610510586320455
0.2418190190508304,148,False,landsat,0.15883748246319543,0.2551924105741671
-0.0296133753584297,168,False,s2,0.1688465225099883,0.20641969663234636
0.0280799486955555,176,False,s2,0.17236702810212212,0.2369451154214503
0.2163516152409826,179,False,landsat,0.19907897958937965,0.22583711434882683
0.2016023932873613,204,False,landsat,0.16491657289775447,0.20983110069017283
0.1407471349626194,206,False,s2,0.15783256122413078,0.21435769223623477
0.1397404707009186,211,False,s2,0.14971621207561672,0.20238027009664797
0.1503108499715659,231,False,s2,0.1412572497988187,0.18138939806075738
0.1426557031798827,246,False,s2,0.1450336379487481,0.18612109471177765
0.2223337113266911,273,True,modis,0.2750769636378036,0.2205894697029932
0.2459516651501365,177,True,modis,0.29348998803646925,0.23429588029860038
0.1891232700859976,195,False,landsat,0.20495233999584747,0.2188346398005954
0.1953942229264784,203,False,landsat,0.1933759587678148,0.19428455209214254
0.1919826194823547,219,False,landsat,0.15156703492604048,0.18564648083549623
0.1456220520652975,231,False,s2,0.1471976529511681,0.18897717714700096
0.1233714679847403,251,False,s2,0.14772525622495658,0.17868004448493335
0.1833065427665413,260,False,landsat,0.19058798546852926,0.193775937180165
0.1909459409415148,268,False,landsat,0.16434053280803926,0.19333508974468328
0.1622424452531464,276,False,s2,0.1683184156341717,0.2073663487036979
0.2379063512283894,289,True,modis,0.2240147998213617,0.24153210664552774
0.1682801059477058,106,False,landsat,0.20821819835684416,0.19836597859000976
0.4130689474495299,145,True,modis,0.43089746319309413,0.3386456492379838
0.294123982181676,155,False,landsat,0.2553755695979236,0.24258102272609958
0.1906336442906172,170,False,landsat,0.2314098003787744,0.22063932876750272
0.2190868892736459,186,False,landsat,0.27395393375054794,0.26024075085734205
0.270029573123748,97,True,modis,0.2855583491082516,0.22321239368531035
0.1914369193004923,222,False,landsat,0.18960349676565377,0.1884303361895224
0.2784016797657575,225,True,modis,0.26386581566216316,0.21326893595411045
0.0953640604769299,254,False,landsat,0.1740000312605562,0.1781947393871098
0.1590654615792491,261,False,landsat,0.18130174942854813,0.18607458310695568
0.15147987488942,270,False,landsat,0.18692918920256327,0.19218995405991604
0.480164309709594,257,True,landsat,0.44540250551091576,0.4318341048812062
0.402296615504907,280,False,landsat,0.4249703486624807,0.4154946686099803
0.3886701340730468,289,True,modis,0.4461510129140846,0.4319397105790016
0.3319218831869318,193,True,modis,0.3654603716500341,0.34622006184629084
0.2587372926590677,234,False,landsat,0.29702982702026903,0.2879945599615664
0.3055364462937279,241,True,modis,0.3591005296749008,0.31676471024844977
0.4834631838495916,273,True,modis,0.37840253357057757,0.3528147630695877
0.3462206811527201,289,True,modis,0.361133522165495,0.34659907351892194
0.7588263214670982,113,True,modis,0.6502477305208839,0.6055220889560158
0.7706468176914778,129,True,modis,0.7070544955733804,0.6926395994783998
0.5818549750496719,158,False,landsat,0.5857647727879141,0.5760599570745778
0.2222114715469252,205,False,landsat,0.2221772522433842,0.22357440902079456
0.1915146878794288,286,False,landsat,0.1656126770985635,0.1697359460163895
0.2082485128679303,289,True,modis,0.25623500168046437,0.20453111976121385
0.5663741163619714,161,True,landsat,0.3413093127360317,0.3110907475897784
0.220277173802093,225,True,landsat,0.2522921023061595,0.22333939901867184
0.223143848623187,248,False,landsat,0.1871717794570118,0.17520176002316812
0.210409691035062,273,True,landsat,0.23731530162029096,0.2069036318926742
0.1959020273518017,280,False,landsat,0.16792475881487318,0.16484850833657042
0.7868913750703649,108,False,landsat,0.6946879017192445,0.6989419642148107
0.3268962370284946,180,False,landsat,0.3512025684293802,0.35169800893188485
0.2964507302698337,187,False,landsat,0.2931386936450171,0.2803359020032046
0.2045083251445676,196,False,landsat,0.23335667624737846,0.23190614993644612
0.3176281091077207,209,True,modis,0.2912936624936881,0.2661966680408676
0.308873110740182,300,False,landsat,0.3647749724333835,0.36007516962789005
0.3263691003974384,98,False,s2,0.3773443467171978,0.45547754333575186
0.6009366044339893,117,False,landsat,0.6321216324108517,0.638056796633383
0.6876983048235475,161,True,modis,0.6443232815559364,0.6490981748728534
0.3791711647834677,181,False,landsat,0.37899918984591857,0.4090164617415525
0.1500403975542665,213,False,s2,0.1462476094763718,0.18939217435389186
0.3184376945600247,241,True,modis,0.19711836165418278,0.20313022635911498
0.2985632650733005,263,False,s2,0.28205699804430495,0.3065609591188154
0.3549397892994672,278,False,landsat,0.32333776458389996,0.3402519079257561
0.1934048078569542,96,False,landsat,0.15872547594108527,0.23294167213223432
0.2283099984402374,136,False,landsat,0.23791343745306553,0.21994070511057687
0.1568097546148189,158,False,s2,0.1672049187987772,0.1819004230841477
0.2226102943442749,225,True,modis,0.2740135325319957,0.224767356792797
0.193836701630181,240,False,landsat,0.18777636776262385,0.19657695263197977
0.1649648343741089,280,False,landsat,0.17019044943513953,0.17078343881668953
0.2628882652736075,99,False,landsat,0.30768320015862055,0.3447765277915289
0.2429911897564953,100,False,landsat,0.29811982700055106,0.3435584586610114
0.8450629323766693,147,False,landsat,0.7628767743748607,0.7578589143990577
0.7590759925082514,156,False,landsat,0.6707363691392635,0.6753085424082149
0.279747302930186,183,False,s2,0.23315319057745015,0.2678740248839191
0.248788241639698,193,True,modis,0.26514320604123187,0.22291598796926113
0.3435454153182309,225,True,modis,0.2745445670938625,0.2630793492015149
0.2775643496272098,236,False,landsat,0.18695981272985654,0.2170091727109143
0.3015027363755064,284,False,landsat,0.31527207414792213,0.3123782071932842
0.6242117737709972,289,True,modis,0.39227649053928476,0.3747751092888242
0.8348892290715717,93,False,s2,0.703011113659616,0.7232695912469647
0.8370231619016685,94,False,landsat,0.7049865826127815,0.7274789069414885
0.8526146058406927,133,False,s2,0.8104462377037828,0.810543257657929
0.775928037313202,151,False,landsat,0.8014429463928815,0.8077629408608772
0.1158548324149403,218,False,s2,0.09690885362152851,0.1352366735873273
0.1695177953204597,239,False,landsat,0.15916416320959825,0.1727833994592604
0.175854657414284,255,False,landsat,0.14785623074385038,0.17907271262058141
0.1317174416485602,279,False,landsat,0.1566040968000403,0.15932053234079263
0.1788491248016831,294,False,landsat,0.14893390472770945,0.16997361579864753
0.3178642317768532,97,True,modis,0.37398342682908386,0.308185324811713
0.6194989014850977,177,True,s2,0.5493509953193245,0.5627826376908952
0.4250343334520076,182,False,s2,0.44211784345016863,0.4619687994025218
0.2236972091583756,202,False,s2,0.23403053632539267,0.2664390577839643
0.3576067581819624,242,False,s2,0.2816493594599811,0.3168796390267372
0.5765398094529519,257,True,s2,0.4403542737263201,0.45334720357132474
0.2599401085943831,115,False,landsat,0.2841689943306738,0.3373120559441224
0.2413707902922501,130,False,landsat,0.2514788563409665,0.36878495114409826
0.2130719830953566,132,False,s2,0.24422992273463132,0.3279273305555769
0.1964913285945259,147,False,s2,0.24619457148457777,0.3155462792664202
0.2403421975628595,172,False,landsat,0.17399377822702233,0.2217810967591242
0.1630024718702044,182,False,s2,0.1672101063210281,0.21162999211305367
0.2177655108645399,241,True,modis,0.2655494443752457,0.2197197666768516
0.1773317586983086,244,False,landsat,0.19086796240078097,0.20190690080942647
0.625267109495977,95,False,landsat,0.6237983742145604,0.6529555591028317
0.818948727193388,122,False,s2,0.7750040584784381,0.7948343272420837
0.9194279704114656,129,True,modis,0.8155647885465684,0.8221210463796572
0.9012268166812296,135,False,landsat,0.8332893165808198,0.8407312918589261
0.5897238730984026,174,False,landsat,0.5320425896210907,0.532153463116543
0.2091892076287766,187,False,s2,0.23768194692993908,0.273595673500514
0.2751883054812752,199,False,landsat,0.2460767084100379,0.254762785475315
0.1976908997449491,223,False,landsat,0.18681191476356315,0.18998045527004143
0.1445960746262304,227,False,s2,0.14183192255823604,0.19312254786719105
0.9013012413191372,114,False,landsat,0.8341844773142123,0.8369510538381599
0.1344706889253028,207,False,s2,0.14146385197640396,0.17622824075040483
0.1857136263753811,209,True,landsat,0.19492745529901306,0.20042277226834115
0.2422203883495146,225,True,modis,0.1760797006642163,0.22466476062552898
0.1457240193892184,227,False,s2,0.15319865295839208,0.19881323293794986
0.1440299027080948,237,False,s2,0.1560110473388624,0.19770006303399262
0.2011611787765028,250,False,landsat,0.17145029477929524,0.18943275321392877
0.1804374848245558,273,True,landsat,0.21883658600833428,0.21310587808297426
0.1993346574736336,106,False,s2,0.22107105374616592,0.24385005289502873
0.3034816459848762,151,False,s2,0.37720082093975166,0.4087309163122665
0.4495442876367171,161,True,s2,0.5268159524397966,0.5406543220458466
0.5869757870327903,164,False,landsat,0.5571483169171911,0.5675536061866124
0.7365516589248767,179,False,landsat,0.6963508535102763,0.6956712911972235
0.2292493253205343,188,False,s2,0.5899886354752182,0.6089681470087802
0.6704133930977325,208,False,s2,0.43695634430457764,0.4667571218803493
0.1943531664323465,256,False,s2,0.2047334562297739,0.2521746230751894
0.1619400056218797,281,False,s2,0.16984385598388319,0.19667490727314205
0.2610308368007398,289,True,modis,0.22145642532873677,0.23723683902908976
0.2009070940089801,296,False,s2,0.1802927475258961,0.20116512312191498
0.8284998276671922,126,False,s2,0.7825487135300854,0.7878702196793751
0.8206450827349361,129,True,modis,0.755609758510508,0.7348732090571138
0.3084736809241337,177,True,modis,0.37474695648147055,0.3005177980765445
0.2352360876959912,195,False,landsat,0.2286826942702448,0.2172921602489114
0.1565686580148878,218,False,s2,0.18062426167900628,0.19902417862089145
0.1228255997688504,249,False,s2,0.15958565991740908,0.16750645879854664
0.2484455510458945,257,True,modis,0.23058082779537845,0.15188293678578027
0.1731676731209256,259,False,s2,0.15344064607165195,0.1623229494203392
0.1721657677747548,264,False,s2,0.1551926867700408,0.1961528939640613
0.1719198275645773,266,False,s2,0.17626279136086073,0.19618035487167865
0.1506714922931431,281,False,s2,0.17475274110385378,0.21409580412493845
0.1432833224815735,291,False,s2,0.1810101315690663,0.22113706177734865
0.7817548523738618,123,False,landsat,0.7630030049384628,0.7536081972453464
0.3980068821698621,156,False,s2,0.3960993123922604,0.43888014642520723
0.2697214176855206,172,False,landsat,0.2808750456170133,0.27495031698458344
0.1335394224556596,191,False,s2,0.15576665618770347,0.20783578791766874
0.1190047906950611,196,False,s2,0.15079910174332864,0.2019043121762681
0.2180133730373578,209,True,modis,0.18786140222794068,0.22099429408325205
0.1386341515189697,228,False,s2,0.1394275285299234,0.18974936553254634
0.1343998758374404,231,False,s2,0.1401488351598697,0.18067991016623766
0.1837461545949587,244,False,landsat,0.15013019767047991,0.1867765853875482
0.2069262587980508,257,True,modis,0.23773217150300058,0.20524812155370237
0.1568943469448966,271,False,s2,0.1570837810993695,0.19422327911336587
0.5778231195956124,104,False,s2,0.6254154255184263,0.6501835422447262
0.7497672998267431,145,True,landsat,0.7193995522481277,0.6847452787897109
0.3001974542932156,170,False,landsat,0.30583082988676735,0.3049239830474696
0.1451216339116035,199,False,s2,0.15506651662213572,0.19993633723848345
0.1683082114778711,219,False,s2,0.19200495055195768,0.23194985587792596
0.1516229381930368,221,False,s2,0.18673667262173976,0.2402883892950397
0.1527439631213874,234,False,s2,0.16486448085737637,0.20650025257938964
0.121997779140048,251,False,s2,0.15851503251565974,0.19392384770387167
0.3082013657934013,231,False,s2,0.31434537964161585,0.33910441097985594
0.3516639151188026,233,False,landsat,0.3521751736822568,0.34355928199340313
0.3335886553065915,242,False,landsat,0.3248349159895446,0.3303969891490328
0.33515693964589,249,False,landsat,0.3163153446380569,0.32401758395897284
0.2524896201971183,259,False,s2,0.3274984002406866,0.35048503873949777
0.3423290162590717,266,False,landsat,0.3277328676250002,0.3349821688348507
0.3182780587406692,269,False,s2,0.3203185176563661,0.343167865842922
0.3994611087486654,289,True,landsat,0.33294682473247594,0.34315582364282127
0.4180275792175275,96,False,landsat,0.4217200069620793,0.44894699106480546
0.5714413795219212,105,False,landsat,0.4765122433211018,0.4697345970782065
0.4206423528508975,192,False,landsat,0.4613945294590027,0.46845598644288255
0.4021581578947368,225,True,modis,0.3608306045492897,0.32071018869607815
0.1858586798403851,92,False,landsat,0.1512841865656299,0.16022860246464213
0.2885494736842106,97,True,modis,0.27522518312299854,0.20432181815504172
0.7816643190108471,196,False,landsat,0.6838269467794117,0.6715371377098972
0.5208809746481824,259,False,landsat,0.470268602614999,0.4829697129036189
0.4873256254003959,260,False,landsat,0.4668632304724123,0.4744356871571852
0.5994554648096359,134,False,landsat,0.5789064823530776,0.5768445538822017
0.3782244736842106,257,True,modis,0.4309193319788207,0.4116477754908702
0.4175092105263158,289,True,modis,0.4545630232991207,0.44282030245229215
0.7886128066981666,105,False,landsat,0.6136135391288455,0.6076082645857784
0.8411215133568255,129,True,landsat,0.7063124354505456,0.7058752536647577
0.5728010134290554,152,False,landsat,0.612207448113418,0.6028574442423301
0.6240847620811071,273,True,landsat,0.4503223923818371,0.4400531416386023
0.5658452631578946,97,True,modis,0.7597571201007327,0.7357753244490264
0.8073171913381405,99,False,landsat,0.7287419888228659,0.7314652253579779
0.4340000672710422,219,False,landsat,0.44336139652743717,0.437393053241224
0.4068883592346062,228,False,landsat,0.4395220597484574,0.4343433452023426
0.3841657894736842,257,True,modis,0.44639465447603244,0.41189691073226714
0.2576856435847507,102,False,landsat,0.22088715642040735,0.23153654106177973
0.6854031578947369,129,True,modis,0.628796706188185,0.6049546314512974
0.682635569610642,183,False,landsat,0.6888336714149212,0.6782579487745489
0.620758663707041,206,False,landsat,0.5918319390322766,0.5814057237087358
0.2995911922352456,270,False,landsat,0.3048856331933055,0.3000948062085368
0.7406628090478696,113,True,landsat,0.8007446172508899,0.7873405974777672
0.8272414329252663,162,False,landsat,0.6376779379079458,0.6392966076023219
0.3639716716830783,202,False,landsat,0.46020590407131096,0.4498504807929385
0.3725141362235108,233,False,landsat,0.3846786036239293,0.37446953886826784
0.5440281578947368,97,True,modis,0.4047793391945663,0.31821085388269094
0.4888987470825169,131,False,landsat,0.4774765607299653,0.5123101905370118
0.7471686842105264,145,True,modis,0.6064603632235472,0.5279477525011527
0.7551503042794332,163,False,landsat,0.5680291276003412,0.5692746893416701
0.7962685687438777,216,False,s2,0.6476477708774803,0.6550926952268221
0.3984947368421053,225,True,modis,0.5978336442279265,0.6307874393016915
0.4384307069026743,244,False,landsat,0.4871063679278078,0.48531362311152537
0.2394713902560054,281,False,s2,0.2759971859402398,0.2911778715660266
0.5775960526315791,129,True,modis,0.7286587192351807,0.7222043484414038
0.8449914398593954,135,False,landsat,0.702739842046845,0.6924557338792167
0.6697367350881953,158,False,landsat,0.5643532482036584,0.569092351739612
0.3179174757833994,182,False,landsat,0.346600250185977,0.34358355899046683
0.2484528405503915,239,False,landsat,0.3264622315998166,0.33171342096035394
0.2100025959097325,256,False,s2,0.2662044444164645,0.29776606532186156
0.2808582595150172,303,False,landsat,0.26703349988920844,0.26213225996733613
0.8647119331378618,136,False,s2,0.7335728501619597,0.756306851175268
0.3138782398752867,161,True,s2,0.4888263290931498,0.5126870570395232
0.4378825956670815,162,False,landsat,0.49669471789076564,0.4925073870085638
0.2699459434446192,171,False,s2,0.33765296197035566,0.36702544176895163
0.4277178236892168,209,True,landsat,0.3556822959781728,0.34134662801349025
0.0002506226484485,261,False,s2,0.2564778409192188,0.28671953371901976
0.1266792134960023,271,False,s2,0.28509202906175696,0.32372039492313864
0.2909327254716859,100,False,landsat,0.2914101663186564,0.32131124276108486
0.4101721861221517,121,False,s2,0.470911033833718,0.49794878406947357
0.6916018136456085,132,False,landsat,0.6600027058263095,0.6669651530191525
0.7706144736842104,145,True,modis,0.7612959117916179,0.758065914718395
0.3919330579265527,201,False,s2,0.38457366649276675,0.41628891180358035
0.4677003377158154,204,False,landsat,0.39447329007229304,0.4110222596796229
0.336527651115394,245,False,landsat,0.30682577806564654,0.3073283923587937
0.3368538883995141,253,False,landsat,0.28119207413016983,0.30065329877404556
0.237510790623773,261,False,s2,0.2637308965580843,0.2894114303014625
0.867845490285829,127,False,landsat,0.6870027121855904,0.7106623687923324
0.8353268312151577,134,False,landsat,0.7555068434529455,0.7607231516894557
0.8639033129729476,151,False,landsat,0.7264768989210848,0.7190119914456632
0.3653711477233198,198,False,landsat,0.34694831591093195,0.35852168562078796
0.3356648759020707,207,False,landsat,0.29139202601152997,0.32801675493935767
0.256923318381047,210,False,s2,0.28576602064483525,0.3236424902500197
0.4916363157894737,225,True,modis,0.37821739707518703,0.35531109101693914
0.3718612706815191,279,False,landsat,0.29501343933868907,0.2904800491584179
0.2735973918944624,130,False,s2,0.4229458852199905,0.5315140122625598
0.7774554949604561,180,False,s2,0.6781653863757473,0.6827892920059786
0.7524008553028892,220,False,s2,0.6913835744160873,0.6977823786563668
0.668836829688354,226,False,landsat,0.6642564420822982,0.6474533967005003
0.6159595204762894,235,False,s2,0.5677458721704165,0.5778777950532131
0.571746951314941,258,False,landsat,0.42029566565425575,0.42333793204083836
0.2662613918475655,290,False,s2,0.300671686131461,0.33491776768067194
0.7584847123620075,92,False,landsat,0.5441294783597624,0.5689614024429419
0.8605089971706574,140,False,s2,0.836144988798913,0.8376201356316332
0.8441825862804279,156,False,landsat,0.7822063577810373,0.7709968909683347
0.5669610016674715,173,False,landsat,0.5843568425197576,0.5835646731055313
0.5755263405883713,174,False,landsat,0.5692845684375059,0.5676980604917823
0.4765520058814788,180,False,landsat,0.47670626795237886,0.5048381292074842
0.4744194736842105,241,True,modis,0.3882992424170007,0.35560694274062304
0.363981284461153,260,False,s2,0.3562940045487725,0.3768298565008355
0.4192811307958246,269,False,landsat,0.38771413925899306,0.39056319134308665
0.4895902631578947,97,True,modis,0.30387015871825324,0.34719602600718774
0.4850329619771985,127,False,landsat,0.4446768551858728,0.5220491061073864
0.4776981687158784,128,False,landsat,0.48395568409651807,0.5402888589451762
0.5583685789501844,144,False,landsat,0.5428079101296827,0.5729979674356682
0.5118438287127745,170,False,s2,0.5506077949668698,0.563652038677102
0.3462704058694924,239,False,landsat,0.31302412319708595,0.3255308064789962
0.2373543425094881,250,False,s2,0.275895388419004,0.28508678716157765
0.345636052631579,273,True,modis,0.32381792608151105,0.3306118598095239
0.2081087013104922,285,False,s2,0.2752004909246847,0.2987406671260014
0.7535092287310337,105,False,landsat,0.7740512328579103,0.7728373755182413
0.8534252426737512,113,True,landsat,0.8211121726274497,0.820937476193849
0.8792903429929967,119,False,s2,0.8436124580878566,0.8423849361562831
0.5023331632547264,159,False,s2,0.5384897096546692,0.5679193108927552
0.1643635901422289,234,False,s2,0.18609043338584536,0.22369141857364758
0.1704965669264013,239,False,s2,0.17529604004529134,0.23405170339126705
0.2316335849616696,242,False,landsat,0.2059715920776716,0.21657952755000376
0.2214905990709981,249,False,landsat,0.1953843012283894,0.2078990921394692
0.4371484930507008,301,False,s2,0.4991229448736013,0.5095644099119041
0.2814483107484536,113,True,landsat,0.34306138331465574,0.32483022763292185
0.1906507635192149,119,False,s2,0.18681213214115633,0.2174061805254282
0.2510168713766123,144,False,s2,0.24751470774336143,0.3646454425576356
0.34439903344532,154,False,s2,0.36742726651477137,0.4083190142127778
0.7363343941335615,177,True,modis,0.6052919350838477,0.6074815039127308
0.3469628838078469,202,False,landsat,0.4005459257992718,0.3974088193974321
0.2304430061162425,204,False,s2,0.3364443529545063,0.365519621196633
0.2823349138007709,210,False,landsat,0.264303470078405,0.26176006058878476
0.1948134899329454,266,False,landsat,0.17994258123315318,0.1911814796420989
0.4619656592117263,153,False,landsat,0.5271253706692715,0.518133878612473
0.4189773350121007,154,False,s2,0.46424315373672237,0.49559498178515426
0.3514165662664533,162,False,landsat,0.3723363004880763,0.37823936996629004
0.2900799550926961,170,False,landsat,0.3248856685426486,0.29904745480936823
0.1842309015613585,193,True,landsat,0.23407530702249263,0.22880517093663094
0.1301277161894586,211,False,s2,0.14615416299972242,0.20128856528957254
0.197788674981665,233,False,landsat,0.19250307331791516,0.17395818139921998
0.5051122300110424,91,False,s2,0.517819007373574,0.563825968398228
0.7365013900996188,114,False,s2,0.6997808438167407,0.7171932813971289
0.7858773912325204,129,True,s2,0.7460993901222506,0.7388949902110811
0.8071278869467716,178,False,landsat,0.7301142503423569,0.7245456693770611
0.6785034234000458,221,False,s2,0.692277901222397,0.6859186901061258
0.7713338586662662,229,False,s2,0.7031122919541483,0.6921269361650637
0.6600109139423199,281,False,s2,0.6541036933871781,0.6662643905238127
0.6388010034891431,301,False,s2,0.7074545611861779,0.7010990998840536
0.3989318292652857,104,False,s2,0.3750422771376595,0.404248215634794
0.4538530002556808,134,False,s2,0.445626966853598,0.5088584323273551
0.4783894555432347,193,True,landsat,0.49151867115799086,0.49387714886620704
0.421736265964067,194,False,s2,0.45457634768258937,0.48831938992279605
0.2464292088288135,214,False,s2,0.3863413535711356,0.41323749271438687
0.4405546787820794,218,False,landsat,0.3908768286371352,0.40621623228995496
0.3803262089561878,221,False,s2,0.3809564905615553,0.4033689426803509
0.4171037983985513,233,False,landsat,0.3994994644566914,0.3901412424673907
0.7116398047136211,101,False,s2,0.6676141796907628,0.6844648027247
0.3703857249756788,164,False,s2,0.4652915859056525,0.48468427767063904
0.3405600184611841,178,False,landsat,0.3509471452005699,0.3855669736329681
0.3006542013861507,186,False,landsat,0.26066110891124755,0.2843209982610227
0.1449078214976033,219,False,s2,0.1947775300539572,0.22525070867240954
0.1900783131365959,239,False,s2,0.17807236853986566,0.23042664165903368
0.1971869544960978,281,False,s2,0.1630802586321782,0.18489492957388642
0.2507401335777993,290,False,landsat,0.1721916127707045,0.1917009466691078
0.6710574694352689,104,False,s2,0.6315335039517214,0.6509954074043103
0.5614310964411874,137,False,landsat,0.6031116190952424,0.5953914665468987
0.2450278769617641,186,False,landsat,0.22286941230409132,0.2566276955895952
0.210366340851078,204,False,s2,0.21507351687219173,0.25151750930285316
0.1340825793174603,221,False,s2,0.1635280095963555,0.20162850886557052
0.2016101789434964,225,True,landsat,0.27699566984770396,0.20220034244357596
0.1335083589653762,231,False,s2,0.15221451338434822,0.19192644264834757
0.1898770682955209,269,False,s2,0.16631684013294787,0.20942183117186638
0.5366584958306525,153,False,landsat,0.5761773707118241,0.5727685553725393
0.6629939310615379,208,False,landsat,0.5693037415494747,0.5575259618301497
0.4819038523545588,217,False,landsat,0.502030574522683,0.49337535212470596
0.3960632688927945,273,True,modis,0.39623823648977596,0.3789335260800566
0.6693307672254317,171,False,landsat,0.6548953026092593,0.6513634559754039
0.5027439114322466,187,False,landsat,0.5537962571059386,0.5449843993368035
0.3965779372252317,219,False,landsat,0.41674052098108716,0.4120746477639582
0.1965460017956122,267,False,landsat,0.2912342691339619,0.2872083876851958
0.5284690142137459,207,False,landsat,0.5127878928894721,0.5038346276622069
0.3419650249973403,239,False,landsat,0.45592620894168623,0.4594090491986834
0.6508103885959774,289,True,modis,0.49217918375384445,0.47411055691208004
0.4449529158994144,145,True,landsat,0.5786212867684523,0.5250388347156805
0.2778904090692282,233,False,landsat,0.29230415359672235,0.28041912161561633
0.2852014840851395,241,True,modis,0.3490683389288263,0.30609341801739864
0.6382645060115005,273,True,landsat,0.2894272949866289,0.2781676121043465
0.8063120289006056,129,True,modis,0.8255425706363616,0.8356352406783442
0.7966196842431053,139,False,landsat,0.8155443015538667,0.7985180583935617
0.4775269088068737,209,True,modis,0.33377244215983226,0.2817898411012442
0.2514132798274997,211,False,landsat,0.24439979837675446,0.2391539562285075
0.2345338072165896,284,False,landsat,0.2787315519190191,0.2735487697753823
0.5895947656224917,142,False,landsat,0.6824808464575298,0.6793160070935186
0.6794502083279448,199,False,landsat,0.6875934985528263,0.6792145138089727
0.7299548450843693,207,False,landsat,0.6488200496152495,0.6341456713581958
0.5536906291608884,262,False,landsat,0.45457200977499973,0.45645191830278353
0.5233821541367832,271,False,landsat,0.3999780640823748,0.40089120643570786
0.5172521025598444,278,False,landsat,0.39639846937233836,0.3913837616694318
0.9005013154610954,146,False,landsat,0.8358352858683102,0.8182383618599534
0.6997225080205125,177,True,landsat,0.6681427757262587,0.6702261471504131
0.5929557410537248,225,True,landsat,0.3820293595417057,0.3514506018583542
0.483753125770128,257,True,landsat,0.5310399452308648,0.5159980079072846
0.902999245957828,139,False,landsat,0.7958489717732683,0.7802700159001437
0.8334819911169397,156,False,s2,0.7766709022906995,0.7802060997387762
0.848669170260129,171,False,landsat,0.7355331602293078,0.7257160472255934
0.5320191908126395,179,False,landsat,0.559982647589651,0.5575313601531333
0.3895042569810586,209,True,modis,0.32256494593733853,0.27804679416301126
0.2336410335191858,220,False,landsat,0.2610609662310009,0.24991102281090297
0.2612559600364308,244,False,landsat,0.22790899744301724,0.2237262156533285
0.3457586994727593,257,True,modis,0.2846709018325051,0.24934000701123843
0.4983561869692527,95,False,landsat,0.46705856848434096,0.48681359166622157
0.610694610427651,113,True,modis,0.5688866336627055,0.537920018333504
0.6442853153680924,161,True,modis,0.6734209098121979,0.6758876717026518
0.4793937899226272,199,False,landsat,0.4801222447534998,0.469425836575895
0.5203750048818591,209,True,modis,0.48257643379356896,0.4601201239940362
0.4097450742301644,238,False,landsat,0.3843361396837002,0.38116820070129087
0.393251277306211,256,False,s2,0.4143702198958589,0.44148379394158627
0.4592922385013945,278,False,landsat,0.43740366801289104,0.4332578490099385
0.6809365028839374,101,False,s2,0.727133497138915,0.7447753134188152
0.7965550796881045,114,False,landsat,0.7996607621517422,0.807650251161044
0.859187254467994,151,False,s2,0.7790902553831731,0.7897332075497447
0.8453934531689878,156,False,s2,0.7664009061453966,0.7697963048071923
0.2297762351730432,186,False,s2,0.25154552001659697,0.2928629776547255
0.295749583300224,209,True,landsat,0.2842327169885761,0.2517036737041631
0.1598785625718879,226,False,s2,0.1756967644380846,0.22103453804317136
0.1132936257431057,261,False,s2,0.13572898473933842,0.17441216018207353
0.4732994388452782,93,False,landsat,0.32458505499286017,0.37298534026886887
0.4634309687851598,100,False,landsat,0.38394781209478784,0.41791543266200015
0.6280031757737442,148,False,landsat,0.5710109730596681,0.6142176079031386
0.6163546774620204,180,False,landsat,0.5369054033642304,0.5418499782639628
0.5195867173945047,189,False,landsat,0.5145683933325939,0.5135020700343544
0.3233779785216994,213,False,landsat,0.4111452002784344,0.4195196897288592
0.3510764993578734,229,False,landsat,0.38565568746053464,0.3774089116573213
0.3023886960173607,245,False,landsat,0.33462431126792175,0.33491918664478904
0.2975018225710256,256,False,s2,0.32322412158852193,0.3521047049318637
0.7381606265190386,97,True,modis,0.6887094692729154,0.6385628769131806
0.5754931142051503,127,False,landsat,0.5667757622879116,0.6004244165574625
0.648070640672812,174,False,landsat,0.6916083253379706,0.6870900004641546
0.4769811279833421,200,False,s2,0.4498276668449118,0.4681239381126532
0.4956812882133501,207,False,landsat,0.3944614396596216,0.41361657033830224
0.1037208736147785,220,False,s2,0.3436980228338737,0.3654803575262719
0.3991642257371607,289,True,modis,0.42604941909798844,0.41453579507779825
0.4198837978987114,300,False,s2,0.35714479981472985,0.3779738812850796
0.5587744102631943,97,True,landsat,0.7188728821774882,0.7489926480586022
0.2520331370665552,201,False,landsat,0.24863166046619617,0.22653397453318122
0.1530622316480802,215,False,s2,0.2028295623372568,0.22918752785249263
0.4111415195620581,226,False,landsat,0.2614536184861195,0.2552061943334859
0.3028116350618757,242,False,landsat,0.23960177492057863,0.2659042025959602
0.278965236094592,249,False,landsat,0.2486447465898648,0.24704840164080258
0.150910649877562,285,False,s2,0.18310323614259952,0.21298665615371065
0.5643586799453232,97,True,modis,0.3954851455772479,0.3570595973762137
0.8451892403827382,145,True,modis,0.6898085927198847,0.6770098588981591
0.8070482831586101,148,False,landsat,0.7067198565261296,0.705240744931146
0.7989986721343489,161,True,modis,0.7962517995586521,0.8270865687086364
0.8062236569615207,172,False,landsat,0.7995784055690829,0.7969852875982667
0.808327721941458,196,False,landsat,0.8171527000482457,0.8000076086685162
0.4531952900186991,240,False,s2,0.42218354205781056,0.4369627376918962
0.4741744009931344,250,False,s2,0.43762742300090196,0.4409850580291125
0.5075536793409312,260,False,s2,0.47534443085032435,0.48548307320226375
0.5194201799696989,269,False,landsat,0.4944456301961629,0.4998790586624083
0.7351537590314394,113,True,modis,0.7745060910672112,0.783695170314483
0.6558477002734094,144,False,landsat,0.6662374076065268,0.6801729270120223
0.2774505860137829,170,False,s2,0.4577410177993655,0.46855341503899506
0.3721936000027346,184,False,landsat,0.37548191848495066,0.3749719486454046
0.3267863752953129,223,False,landsat,0.2824843493893229,0.2861020266591555
0.1981725268056048,270,False,s2,0.2166130785819461,0.2566219934308238
0.1971235308041249,280,False,s2,0.20947445975556409,0.22738749433888816
0.187836974040337,285,False,s2,0.2040847991565281,0.23425972725371536
0.4678237523853538,101,False,s2,0.41962366346108754,0.4596049340091115
0.4711335139087264,104,False,s2,0.43528865451234533,0.4605273713439077
0.6961390633399478,113,True,landsat,0.551565908664434,0.5472392113050217
0.2203322844629265,134,False,s2,0.3460125005316447,0.4199284312156468
0.4294842864504203,162,False,landsat,0.4844552610647419,0.48595564363538
0.6648980346993225,185,False,landsat,0.5993121858393381,0.587779715470314
0.2182968329328253,266,False,landsat,0.19770465474011428,0.20750129144190269
0.1439251224316713,281,False,s2,0.1813771886644038,0.20124435142109706
0.6126778819501141,208,False,landsat,0.5664289117165942,0.5562765228270454
0.2591017101002816,249,False,landsat,0.3047627703469888,0.2961696362627649
0.3350425549227014,257,True,modis,0.37383102731438245,0.34011801827325605
0.3137368034225538,289,True,landsat,0.3819024149369685,0.36297715046965184
0.2234980367934954,92,False,landsat,0.46930128756882594,0.4980210322392711
0.9072938161106592,129,True,modis,0.6866903829757839,0.657089419540136
0.7056005173304138,164,False,landsat,0.6273875869537171,0.6272255422396288
0.5180830349877948,225,True,modis,0.4888981733269528,0.47036410441446896
0.8676334418226203,113,True,modis,0.7745880601812362,0.7600414345363748
0.8397526851098455,161,True,modis,0.6814040058545878,0.6824827559036235
0.1900769448530903,262,False,landsat,0.32525235610806885,0.3313834679365208
0.8211365218949328,98,False,landsat,0.854885699180141,0.8750146386353701
0.2981440913816032,192,False,landsat,0.24024155051877144,0.25352520895988584
0.2717765550032375,224,False,landsat,0.22879194402953126,0.22549454300976196
0.169482080118141,232,False,landsat,0.2285728404841876,0.2130309396676993
0.8754277035126797,115,False,landsat,0.8366318799641447,0.8444400301711206
0.5065275834011392,177,True,modis,0.39867019956269534,0.3624357932008385
0.4092576891781936,193,True,modis,0.31332323388854105,0.2680016145441144
0.3814373881204232,209,True,modis,0.31707872257967296,0.24740991912577545
0.2249491806162193,227,False,landsat,0.2366731782318751,0.23250650053226923
0.2223430219658309,236,False,landsat,0.21722869611577958,0.2165887332585652
0.2311248493298934,102,False,landsat,0.8665214057009992,0.8584990756562776
0.8003808787632223,177,True,modis,0.7827510532042612,0.7940944409212554
0.6995876322213183,209,True,modis,0.7556128463444935,0.7729394969326518
0.7578498682659858,215,False,landsat,0.7454456239852674,0.7418796353613832
0.651697806311993,239,False,landsat,0.6107229059731588,0.6008460538327247
0.3879166522776357,185,False,landsat,0.4377923386405339,0.42285586250695795
0.2980654082403292,210,False,landsat,0.26058044252083157,0.25369131528280453
0.2261113406178782,233,False,landsat,0.2063045050841948,0.19165851523600086
0.2172470487488438,242,False,landsat,0.21095210937492653,0.2292021260804504
0.1743093763349162,257,True,landsat,0.2976130736443363,0.2752713216621816
0.8110903823574904,107,False,landsat,0.7918131372130559,0.7920999349093227
0.863320487757592,123,False,landsat,0.8742216165343463,0.867124527091474
0.196572013489965,220,False,landsat,0.21241954433801816,0.20382584610803794
0.1620682161269546,226,False,s2,0.16323723568718984,0.20789612574888477
0.2349089960544453,251,False,landsat,0.19597820070646638,0.20443008975140972
0.3263115541090318,257,True,modis,0.2774864228856289,0.24095370308831923
0.0514376980057032,291,False,landsat,0.21503870894343802,0.23255978236733305
0.2425730623176308,94,False,landsat,0.2012537061450076,0.25847668553780123
0.244405343419567,118,False,landsat,0.2687288099287928,0.30004505848745056
0.654622742066721,145,True,modis,0.5451165605900419,0.4933291101958601
0.4989861599138307,159,False,landsat,0.5218994855696697,0.5203275859548504
0.2944321804874929,231,False,landsat,0.28238347911685263,0.2652181642309841
0.2197355400152514,239,False,landsat,0.2582334567837885,0.26232621278799
0.2513074795749094,303,False,landsat,0.30509667941766333,0.2969424832849003
0.2261575108966746,176,False,s2,0.2969168430111507,0.35626181350290814
0.3189347309668445,193,True,landsat,0.2511872584306558,0.22425226634627307
0.3318980384497478,209,True,landsat,0.27737956926611007,0.23441983972500688
0.181011093358295,221,False,s2,0.19833842574460162,0.22961143599012646
0.2489531922432099,234,False,landsat,0.21175499836235057,0.20119176787814183
0.2147155946441496,258,False,landsat,0.18766666051606465,0.22723672256830413
0.2793511410914834,282,False,landsat,0.22943401794230683,0.2122009172791834
0.4254794548413345,97,True,modis,0.3777562646386793,0.30744998438117854
0.4172498372660701,113,True,modis,0.28943158049370155,0.3367143441577607
0.8288609366715197,166,False,s2,0.6892606835755636,0.6919738906486675
0.829867564205867,181,False,s2,0.7709747209377271,0.7844517954895797
0.6623657345245885,221,False,s2,0.6396844177903988,0.6418007227449098
0.5718736843937899,236,False,s2,0.532147820307655,0.5373579885100945
0.5955073525881951,237,False,landsat,0.5329012145911979,0.5296065119725292
0.5614089605540892,244,False,landsat,0.47520928112954236,0.4845919199314245
0.5112084926845054,246,False,s2,0.4586007959752783,0.47205237606183825
0.4675991963387528,268,False,landsat,0.493751495441921,0.49962709100389524
0.8935578519121238,129,True,modis,0.8259223768111319,0.8479247207491774
0.2138759155413324,195,False,s2,0.28439507238540507,0.3309079222986213
0.2810525953950524,199,False,landsat,0.2965965200638115,0.2863658141925496
0.2004816115550223,205,False,s2,0.2290023338008261,0.26219891960143965
0.8090277560207504,246,False,landsat,0.5758498598562858,0.5853431816475039
0.213001240385543,275,False,s2,0.29914327669838026,0.35412628330313944
0.2804480388875291,303,False,landsat,0.1870728041154755,0.18404445769532257
0.2330135990176083,97,True,landsat,0.26330505305509455,0.3506910160182227
0.3131872808402138,115,False,s2,0.36664198058376657,0.41903916109267025
0.7859269121281077,175,False,s2,0.7838894502449745,0.7786335593968726
0.8033454985211068,186,False,landsat,0.7766426016163087,0.7709855929876083
0.7746967375417464,194,False,landsat,0.7623259127879665,0.747414306221881
0.7912595890221972,200,False,s2,0.7645871331902001,0.7759945715293581
0.737178488108051,215,False,s2,0.7818137910135777,0.7812361106802452
0.6202241140856806,242,False,landsat,0.5210075152279119,0.526984162014046
0.7945016772119508,108,False,landsat,0.7718207597219447,0.7809796781096445
0.2382432769520552,185,False,s2,0.2783003971351478,0.3114677879984123
0.2593194873881204,209,True,modis,0.3121483779327233,0.25157934029912515
0.1463689934351807,220,False,s2,0.17819056138938186,0.20946464537704412
0.261645303445457,255,False,s2,0.27553454782122455,0.3043194002832889
0.2781695704711276,268,False,landsat,0.25930988434871105,0.2694765418332872
0.1467932882601494,275,False,s2,0.16075722373071225,0.20654555524487622
0.17172860943508,280,False,s2,0.18283925104254653,0.19321581805198207
0.2815820927804409,284,False,landsat,0.19489595897132683,0.20060012417895018
0.2207136351178577,293,False,landsat,0.1900680696063479,0.19589592232915065
0.4376073637103336,97,True,modis,0.35029825876856346,0.40510018036632345
0.1639347082691934,130,False,s2,0.3434717819570598,0.42551409544694474
0.5092546205108356,151,False,landsat,0.43619778749760507,0.41670573022691376
0.5386837330869088,159,False,landsat,0.4688960491809779,0.47703747496088134
0.6168681426981542,170,False,s2,0.5328889446063795,0.5475320156852548
0.4282557956777087,192,False,landsat,0.4406184583873133,0.46316406430078966
0.1955261745333153,231,False,landsat,0.20103539307167317,0.17602627425902306
0.2151486836202853,247,False,landsat,0.17214140114946413,0.19156776480273222
0.1573186444652899,260,False,s2,0.17250760093826145,0.2081970483736833
0.8670246322493455,119,False,s2,0.8188362323875895,0.8198398464386766
0.757026133861648,144,False,s2,0.6654128452460891,0.6995336825946403
0.4445604764275155,154,False,s2,0.5236555512029737,0.5534856086603822
0.367305120499277,159,False,s2,0.42783332774082117,0.46968243026760537
0.1083695670062469,221,False,s2,0.1354544798078768,0.18015108898982246
0.1183948491528658,234,False,s2,0.13200034747824752,0.16864973058494664
0.1798764160855746,242,False,landsat,0.1752210786016125,0.19538745154054
0.1700792266676143,269,False,s2,0.19154553995382773,0.21895674299908086
0.7505626180902903,114,False,s2,0.745173445387777,0.7709483399915331
0.5116834394904458,145,True,modis,0.6166566655271244,0.5759079422758353
0.7022286922306382,178,False,landsat,0.5810093666329489,0.5934504721890604
0.2687953678042152,204,False,s2,0.31555583353689814,0.3467916254216652
0.2343742105940336,209,True,s2,0.2803988006220951,0.30814608175472086
0.1789761113273054,219,False,s2,0.2119402811547693,0.2402142943209847
0.2385915289429785,225,True,landsat,0.2926699737437469,0.25027016121192136
0.1811531108931818,229,False,s2,0.195262260046223,0.23049739872764238
0.3586353306702174,97,True,modis,0.3663379508070251,0.3405482748450389
0.2743227416012725,122,False,landsat,0.3916725614777153,0.3579389746521999
0.636167709720373,209,True,modis,0.5618980859120735,0.5448112326431369
0.8000357745228583,145,True,modis,0.6895015097609423,0.662037898484189
0.4367763038027597,213,False,landsat,0.43269659952716627,0.4263748924508911
0.5213718077440948,301,False,landsat,0.5649875612511699,0.5533328580586432
0.6806640454346876,152,False,landsat,0.5788363402940686,0.5788120977135164
0.7230775854416335,177,True,modis,0.6329390257352496,0.6288196180783157
0.3506295383932534,273,True,modis,0.3033114572636312,0.27837790275953755
0.7313320253798534,122,False,landsat,0.6835481519421917,0.6492131447064534
0.8341045494895695,129,True,modis,0.7080985292365343,0.702067313423127
0.4020736781981823,194,False,landsat,0.3939028573908532,0.3919367583368104
0.1900525847990051,234,False,landsat,0.27089438433972085,0.2464054815007684
0.8664803595206391,129,True,modis,0.7907611269269301,0.7777687407531084
0.1574400570417979,237,False,landsat,0.22965940802670054,0.21326649829349617
0.3013661784287616,257,True,modis,0.29083796071046225,0.24255533041471922
0.2393580158791325,277,False,landsat,0.21717496568412556,0.2132770912308838
0.7703108300044385,161,True,modis,0.6439738692230224,0.6352073654435093
0.8326352090859136,192,False,landsat,0.7873151720219498,0.769535766957966
0.80956643028857,208,False,landsat,0.7450478737426149,0.7204446801341879
0.5780702776958336,240,False,landsat,0.4812290611840581,0.5032653231483206
0.615410769665865,139,False,landsat,0.7143819510122587,0.6839654699304628
0.8241308526798045,155,False,landsat,0.6656206934371067,0.675044205519169
0.3280830448291167,241,True,modis,0.309466541912855,0.2806494123461076
0.2262681805074068,283,False,landsat,0.2010207100800239,0.1817741275878127
0.2144874016793924,116,False,s2,0.21206714024667647,0.2697824114903137
0.2196066362394576,121,False,s2,0.2136784747262824,0.24362935551298395
0.3186904338758162,125,False,landsat,0.2772908784040592,0.31543945662296
0.9406800118344956,181,False,s2,0.7517557815235384,0.7560509936392791
0.7070902130492674,209,True,modis,0.7094793196099775,0.7307763983245247
0.2142794273093667,253,False,s2,0.2133739740217594,0.2343029554136321
0.2001521021101176,256,False,s2,0.20055576061576535,0.22957056608227916
0.9074292875447576,121,False,s2,0.8562710418267646,0.8565058137656513
0.8908685195387064,151,False,s2,0.8267228158938416,0.8286020426290326
0.2417747877088934,208,False,landsat,0.2550960246347266,0.24890834113389443
0.1476150659224198,248,False,s2,0.19147044410720043,0.17562841582702896
0.1766097099513342,280,False,landsat,0.19831924904666529,0.18390886645641918
0.1901674258420527,286,False,s2,0.17191223136460598,0.20295609916514193
0.374753861517976,97,True,modis,0.3610081067882267,0.303669777998626
0.1953229011172527,116,False,s2,0.22913958177802496,0.2787031639725661
0.3239902791055804,136,False,s2,0.396562886105873,0.43170604823917597
0.6817755639811617,147,False,landsat,0.593738609679523,0.6096553186833957
0.5578793349961161,148,False,s2,0.571005637847964,0.617411111727914
0.7388338397793188,176,False,s2,0.7154021050553528,0.7099822006847046
0.7228255074639062,211,False,s2,0.8016627319463066,0.7785840446722352
0.7673510247138058,213,False,s2,0.8090272446616845,0.7859808800923433
0.0460539679517143,228,False,s2,0.7335558588122439,0.7132572174688667
0.2302936103485283,259,False,landsat,0.24565131829757494,0.2390853410266807
0.3449525440928913,296,False,s2,0.27414315253842847,0.2886136800359096
0.6402706199400914,121,False,s2,0.5278207353483875,0.5455079587450148
0.6109806281877415,148,False,s2,0.6385955036850003,0.6650848436165361
0.5987949888274697,158,False,s2,0.5926799435394008,0.6028794546110532
0.2538950498081191,222,False,landsat,0.3017820845247555,0.28651131022567733
0.3186695739014646,225,True,modis,0.3277695421520172,0.303776541827791
0.2109823006292339,238,False,s2,0.2057720584947254,0.23425362548141435
0.1455953551798643,256,False,s2,0.15143708123250563,0.17859375715254944
0.0998547245945139,263,False,s2,0.15425149331297663,0.15983393295853393
0.1548053688647657,281,False,s2,0.1469451883141491,0.1562301031343632
0.1870581885884102,298,False,s2,0.12547648775224787,0.14183757120221901
0.917865468264536,129,True,modis,0.84165888945774,0.8520234851414763
0.908698290803277,132,False,s2,0.8746610095226313,0.8658071690079706
0.827312428971489,150,False,s2,0.7780758113489276,0.7713026196576256
0.67953113574178,157,False,s2,0.6994294106006671,0.6982446821755488
0.3130480470483799,209,True,modis,0.28669488607756793,0.26330640566342817
0.2933902822620788,242,False,s2,0.25695912193193454,0.2845193039909819
0.3520980192476775,248,False,landsat,0.20124545908054026,0.18860459182037242
0.3015122033655479,257,True,s2,0.2771967087779196,0.2852333244469518
0.2954947482561957,275,False,s2,0.28881973065677,0.3230316992187011
0.245112966747219,296,False,landsat,0.2616700821861052,0.24433431022112234
0.1961539023567547,97,True,s2,0.20892652370010156,0.29973855697832175
0.3056660674656015,113,True,modis,0.40232151324348575,0.3327830867435009
0.783086192110591,162,False,s2,0.7774277547380527,0.770641488788671
0.8150505368895491,167,False,s2,0.7892127157352213,0.7904697087847316
0.8426135947073843,181,False,landsat,0.8143186664108379,0.7981803418387418
0.8687205379363614,182,False,s2,0.7981013079655612,0.799589554000688
0.7409932007554679,193,True,landsat,0.7922366039161538,0.7797422093348676
0.727668743981992,217,False,s2,0.7007558953262171,0.6995032061198826
0.0118848463016737,227,False,s2,0.5446189376996878,0.5366526839786216
0.7012176261572838,135,False,s2,0.7209989809143728,0.7274905753224004
0.80023698805492,167,False,s2,0.7663725990007045,0.7750725992133939
0.440792890551646,195,False,s2,0.4215492234537877,0.4457656151077992
0.2008831722849169,225,True,s2,0.2694224935623467,0.3013532631103167
0.1672998841867495,235,False,s2,0.19392927579399505,0.20324812487412386
0.1684383414267663,237,False,s2,0.19709246467438907,0.21255410214057358
0.2248389932446523,238,False,landsat,0.22434580005922536,0.21762268780435307
0.1822181825060759,255,False,s2,0.18408921170789944,0.2070259603705956
0.2370292498890367,273,True,modis,0.2741201693440619,0.2290288158216568
0.1789906674094892,292,False,s2,0.15096848472771557,0.19302527581445383
0.3549521209939142,95,False,s2,0.37224881922079095,0.4332956831278221
0.3967365661188494,102,False,s2,0.3873993629150532,0.4194393869795381
0.5029544490846527,105,False,s2,0.39921233742815126,0.40507311539182717
0.4579577545237769,142,False,s2,0.45221661117337053,0.5243389372500857
0.5550073783881371,155,False,s2,0.5283900028944333,0.5341396685013299
0.469993951424882,190,False,s2,0.4109088275657893,0.4316283811397992
0.3936571788037323,200,False,s2,0.3596794173043459,0.3831978078218585
0.3877985879533688,215,False,s2,0.36390104963991804,0.3706174696142496
0.2306399856323799,242,False,s2,0.24336716835200442,0.2750161637550488
0.6815093590012271,104,False,s2,0.65886530302098,0.6660897249196597
0.8535306005358918,155,False,landsat,0.8056469580947166,0.8045459796980408
0.8186572821309871,156,False,s2,0.7987778042216608,0.7921334316075348
0.5313869416664854,176,False,s2,0.5256280238727437,0.5386142059038275
0.4526947700477239,181,False,s2,0.4605255314596475,0.47675669546334676
0.4296649538013185,187,False,landsat,0.4622797077292563,0.4399632538123199
0.2420213882587305,196,False,s2,0.27026826054139713,0.30172426061432533
0.187203799318703,224,False,s2,0.1862707539072651,0.23940919295986599
0.2370844393317358,243,False,landsat,0.22267159822538213,0.2244158005286562
0.2061775971987194,248,False,s2,0.2147713251240189,0.2256119432103644
0.247371000013043,258,False,s2,0.2620058420946226,0.27809407924159246
0.3157051731893838,193,True,modis,0.29580532231413,0.27753184728782887
0.2631328834907783,257,True,modis,0.26860461851893197,0.22141409872042347
0.2024739371832009,274,False,landsat,0.2493229446182495,0.2605032567612337
0.7277331983805669,97,True,modis,0.7470800489151167,0.7171419464925327
0.8174574448942871,113,True,modis,0.7231849421464043,0.6894410461720348
0.7953866724476567,157,False,landsat,0.6236926454154467,0.6270429327567583
0.2668814215024741,209,True,modis,0.2989715609382908,0.26359375275736047
0.1905813231553269,296,False,landsat,0.2390079379078163,0.22133326725022948
0.5005037279420942,162,False,landsat,0.5653699291335885,0.5712235509528101
0.662540169853027,178,False,landsat,0.6576758041684014,0.6646527251042604
0.6939095973098931,218,False,landsat,0.6172618210913259,0.606487147476495
0.7745881691408008,97,True,modis,0.9073640399578333,0.8752088254145185
0.271670003888018,197,False,landsat,0.27911138441747574,0.2680985526173666
0.2229399888208194,213,False,landsat,0.23841014092891516,0.2239952582316604
0.241943103228749,261,False,landsat,0.32175011556480176,0.3243293790346391
0.6191006501124827,128,False,landsat,0.659890021861229,0.6579479640402452
0.6344088169140801,161,True,modis,0.6020972092518435,0.5931197583990332
0.2614845409957224,200,False,landsat,0.3231417955638002,0.29809428952057326
0.2158615830892988,280,False,landsat,0.2579821267958743,0.22911620054763662
0.9138330634278006,113,True,modis,0.8845517780886852,0.869178368635685
0.7306276653171391,161,True,modis,0.643814345103209,0.6372202665921939
0.4031891317789519,219,False,landsat,0.23782091522352075,0.21667773146458574
0.1733930413400196,259,False,landsat,0.23930710010632897,0.23648171004173668
0.1959852340986566,117,False,landsat,0.24162867558582699,0.2401907424576502
0.5034061063801146,146,False,s2,0.532073638034471,0.5971193665585197
0.6913066938505054,156,False,s2,0.6923070794852909,0.6953556892473346
0.394279314057561,223,False,s2,0.42090043481340544,0.4285568197194194
0.1927551671955747,253,False,s2,0.20940714980921174,0.23159164710023708
0.1733181420734426,273,True,s2,0.25392212424289085,0.24894494405247292
0.1670920791599854,277,False,landsat,0.2090878874901961,0.2148435792216529
0.8589495923635257,151,False,s2,0.7660634278663374,0.7674834613902928
0.358604504266486,171,False,s2,0.4663108652361563,0.4782212811489827
0.2365673624771573,208,False,landsat,0.2141045690919715,0.21094155466787617
0.271114979757085,225,True,modis,0.2684559199800486,0.2169566356508686
0.1757521556724643,286,False,s2,0.1662760471455102,0.1905477782343939
0.223959229362239,115,False,landsat,0.2301323114617591,0.25984517026591114
0.5933692307692309,145,True,modis,0.5474500233517176,0.5148611735676066
0.7724417903733694,177,True,modis,0.718200604756665,0.723889767299459
0.7701066012467814,179,False,landsat,0.7552908319121473,0.7381199376211411
0.7298082041872778,183,False,s2,0.7450467042400696,0.7476119366087133
0.6686037144304746,188,False,s2,0.7505695996683583,0.7497433672282681
0.6508974358974359,225,True,modis,0.5915739397365216,0.5997238096216422
0.3738736539320707,233,False,s2,0.4658184935093399,0.47032715043628914
0.1988906966174858,258,False,s2,0.21744149204525604,0.23587364749653109
0.1833103623044815,283,False,s2,0.18320279402435177,0.1954853919769795
0.166351518545951,293,False,s2,0.1950891567737241,0.23091910401399657
0.8348386610143691,134,False,landsat,0.7497381260434206,0.7364099445118759
0.1596902998716818,206,False,s2,0.14162168907341596,0.17072644165921294
0.2943077372919478,209,True,modis,0.2368525800843155,0.1994756379393537
0.1473899704094704,223,False,s2,0.14028717807474345,0.1901438337157282
0.2970355375618534,225,True,modis,0.2611284739476397,0.2215670028345133
0.1543509790840322,243,False,s2,0.1674671191255143,0.20302803578527623
0.146535534290735,248,False,s2,0.157052455090674,0.16975057741811148
0.1466674700615044,261,False,s2,0.1459727004563438,0.17102988727857402
0.119921505907769,270,False,landsat,0.16802081480617556,0.1723566343353245
0.1295404953934459,301,False,s2,0.07343918181191096,0.11288559247658551
0.2692084120557805,97,True,modis,0.3485762719021499,0.2531160300762269
0.2112912268415955,110,False,s2,0.18208832232372354,0.24557577865292096
0.2138597664307825,112,False,landsat,0.1856059087828253,0.27826638928582226
0.1885385372797164,122,False,s2,0.20213731758041392,0.23505857634128013
0.4024596491228071,129,True,modis,0.5198841422822565,0.41812330678965975
0.7823611824151204,205,False,s2,0.6992095951518603,0.7024399794058945
0.6960796221322537,209,True,modis,0.6764536151432157,0.6863930736948551
0.6096274367043171,217,False,s2,0.6312957571564692,0.6325672779200081
0.3990252416252502,240,False,s2,0.36596086625253305,0.38193699072902954
0.7488422460669149,99,False,landsat,0.7394245380503437,0.7459662399965501
0.8112403778066026,135,False,s2,0.8808748187047951,0.8793520381452307
0.8226811530112826,155,False,s2,0.8512543856215822,0.8500016491075205
0.6037607831977558,172,False,s2,0.5790807127448385,0.5912457928585686
0.3434296896086369,177,True,modis,0.48878602515389985,0.4670420639868381
0.2636743610462769,203,False,landsat,0.26157227280904144,0.23010082097792559
0.201888016752363,212,False,s2,0.218817416968221,0.24600106507981662
0.1859081746258484,220,False,s2,0.21889348849187543,0.235161597307715
0.1686444055339098,222,False,s2,0.19879634126744863,0.23643964623767483
0.1983538965281984,107,False,s2,0.16869137213057986,0.19043355203126816
0.3527197031039137,113,True,modis,0.369922911843074,0.27990187227019225
0.3060916790238265,126,False,landsat,0.32939995384386994,0.34089229133227117
0.6320806900527349,157,False,s2,0.8023929127280651,0.799341589413125
0.8467375943480598,162,False,s2,0.8245580757685332,0.8175441975487152
0.8346212218839666,187,False,s2,0.8021260136953319,0.8072841617283721
0.0485105280450443,225,True,s2,0.2749143874929022,0.3077591567963908
0.1711147801149009,282,False,s2,0.1733844191072309,0.18617081411231493
0.2123768187603903,286,False,landsat,0.19635827884247722,0.19490160469053575
0.1249765667185885,295,False,s2,0.18114077830832107,0.18171157908023777
0.8966399265777305,145,True,s2,0.7432627306771556,0.7467663858360707
0.5177206532531032,165,False,s2,0.4264998969270997,0.44747946019806484
0.1838256171403175,187,False,s2,0.1879135518872769,0.20430239726388036
0.1625737762598864,190,False,s2,0.1766294383983891,0.20788668281219622
0.1300732261869231,197,False,s2,0.14394820266541858,0.18160246847415545
0.1462780462189579,207,False,s2,0.1476585053478043,0.17559569630657818
0.1519180721907909,232,False,s2,0.16615513605801824,0.17186907166210993
0.1218961227365734,255,False,s2,0.1320746227837333,0.1681985801743508
0.1291002354865058,277,False,s2,0.13617848754597195,0.17670791718930798
0.2673478451170961,108,False,s2,0.2679747797539513,0.3128320218109836
0.2789986948810347,109,False,s2,0.27156444043450495,0.3214454144793172
0.2178653578072658,136,False,s2,0.2912046828026997,0.3196735244546107
0.8778197802585148,176,False,s2,0.8036775067813601,0.7874134535260736
0.4845943381472459,199,False,s2,0.4864720721195015,0.4994226539152895
0.3580780152161323,208,False,s2,0.3894619925417533,0.4170633123615365
0.2551297165922088,228,False,s2,0.2350315900159577,0.270435208094625
0.2097955122551823,234,False,s2,0.21946598625627836,0.2427158091502861
0.2697809872884879,235,False,landsat,0.25102511357732726,0.23182273901874242
0.1732591356328014,266,False,s2,0.1871575673274927,0.18746526264789484
0.2465491120662351,106,False,s2,0.2401204156100414,0.24832179024001985
0.2361878944657949,118,False,s2,0.24368288395570742,0.28453635367633673
0.4082855060858424,129,True,modis,0.5232568230124679,0.47644047925841987
0.757186979905039,191,False,s2,0.6606994628917927,0.6624824868896394
0.597086072463334,196,False,s2,0.5884639655344752,0.5968679951245057
0.5025222266887356,204,False,s2,0.4959416009480964,0.503807669663514
0.4213451502903393,208,False,s2,0.43271874735633087,0.45408190096351086
0.3714513463989183,214,False,s2,0.3611515802018046,0.37650891323329877
0.3652980372855525,229,False,s2,0.3748461800485819,0.3863213149795799
0.2494399573568338,289,True,s2,0.2559780695248576,0.280812738745741
0.3144545552881321,91,False,s2,0.6066387062629838,0.6129680498091048
0.4975009896498942,118,False,s2,0.44922858814312705,0.4786617771848709
0.4829696623515979,119,False,s2,0.4452003231302999,0.4565610747302697
0.7500601146892687,136,False,s2,0.6554045749544948,0.6728543633426197
0.3039692017598994,193,True,modis,0.3011143168338703,0.28790903280776625
0.1017650579330571,216,False,s2,0.16829349144378236,0.1877250689602198
0.1587818914933768,221,False,s2,0.14641963621838405,0.18077581462914047
0.1625523129284949,229,False,s2,0.1829284956399727,0.2112226784729801
0.2030788363958111,258,False,s2,0.22542711321001513,0.24528586049223877
0.2801812089945428,267,False,landsat,0.24099116366211445,0.2201954764367682
0.4557395090541944,144,False,s2,0.4492913473000524,0.5415483551206561
0.5436422485647536,154,False,s2,0.5102906685634618,0.5234946450062659
0.5022663249245158,161,True,s2,0.5359232749323314,0.5434745025119488
0.5422965389319604,191,False,s2,0.5217683926895514,0.5331526116526969
0.5223192703630124,193,True,modis,0.5219046845049597,0.5170316320275506
0.470171174271291,195,False,landsat,0.5036085267152023,0.4949611654892725
0.2317321221084664,211,False,s2,0.2859728647109917,0.3143345051352203
0.216490069211738,221,False,s2,0.22498596772210552,0.2531498611452675
0.2245258873996419,244,False,s2,0.23249266932517773,0.2540808559947451
0.2023919955022331,249,False,s2,0.22290195819877096,0.22139361366066057
0.2596748853061956,134,False,s2,0.3022184860611999,0.3976645801408431
0.7238069112267196,188,False,s2,0.7732127969652254,0.7745814377779575
0.7758767314954681,191,False,s2,0.7498049136275331,0.750272429979737
0.5728386259908722,193,True,modis,0.7143516774153995,0.7288800121246294
0.6756543740547999,198,False,s2,0.6551093777780234,0.6621559300456626
0.7023556576299912,199,False,s2,0.6401536976523496,0.647095217955678
0.5185485327742261,203,False,landsat,0.6125665447892343,0.6004373699922283
0.5212213915317817,209,True,s2,0.48960222873992243,0.49089792345857336
0.2539638208485441,229,False,s2,0.29479770586909143,0.31489426523468417
0.2214228558620624,231,False,s2,0.27719652674948714,0.30623759067744644
0.1613698314037007,259,False,s2,0.18766624818992705,0.20899024670113117
0.1788913819771212,268,False,s2,0.18043022610129686,0.20356202219619232
0.2635785657370518,97,True,modis,0.25864957082147577,0.21189637592132815
0.254927250996016,193,True,modis,0.206966145498503,0.17909857768239057
0.1335245546877507,234,False,landsat,0.15016475452507314,0.1328628406267051
0.1340477318920412,250,False,landsat,0.16856574617772815,0.1593764770419133
0.3151582470119521,145,True,modis,0.4293495094463356,0.35004654120110446
0.3709397068079536,173,False,landsat,0.41685629835524907,0.4101272224036941
0.565498738928028,197,False,landsat,0.5781769130472236,0.5653783190208806
0.6606697676712889,205,False,landsat,0.6024345281723371,0.5905765095720035
0.3841457979749716,238,False,landsat,0.4353451336770146,0.4293028436923654
0.3270227237487876,113,True,landsat,0.35137654942771934,0.2964388275941713
0.2025958565737051,193,True,modis,0.23311033965730896,0.15901782732998412
0.1253629435060284,248,False,landsat,0.12122196781718102,0.11318203569667354
0.2438926247228646,107,False,landsat,0.26915996783285673,0.24850583546085186
0.561216043824936,155,False,landsat,0.5026150720973088,0.4973064233157853
0.3001284628820932,170,False,landsat,0.36827507733771325,0.35510803921207307
0.2217429716123099,203,False,landsat,0.24944569342241008,0.23000659289559644
0.255564610303171,210,False,landsat,0.26240925494109196,0.270432281661804
0.2950578486055777,97,True,modis,0.3449018588535127,0.2503803221211351
0.2132162453205455,117,False,landsat,0.20748968788885386,0.21492005253280155
0.1814269717538646,261,False,landsat,0.1609290941278316,0.1609850746449667
0.1434935911815096,269,False,landsat,0.15694018813581279,0.15571779189769713
0.2189972908366533,273,True,modis,0.25201527380180444,0.18975060022026874
0.2020508366533864,289,True,modis,0.249097520158189,0.1785797560595265
0.1843236213771476,104,False,landsat,0.14852120752749645,0.13482571350758638
0.4824569190612526,248,False,landsat,0.43260843409976246,0.42533795057097595
0.2594811797471943,273,True,landsat,0.31071709292544647,0.28240351947112496
0.23075066515789,289,True,landsat,0.23768812192853056,0.19910102656539758
0.1789383479420125,172,False,landsat,0.2118559732138764,0.19723650945162252
0.1911651727130102,204,False,landsat,0.22187943364445403,0.21539819237733587
0.2990863350740615,212,False,landsat,0.22626546120373084,0.22144481517286213
0.3847635666211251,219,False,landsat,0.24232636233629298,0.23320472079062501
0.2772756175298805,257,True,modis,0.22109012411461082,0.18401650016528026
0.2470262151394422,289,True,modis,0.2564523067631264,0.20613073444281746
0.1302050894074506,93,False,s2,0.11988029147012315,0.1668098189107951
0.1630467950633748,117,False,landsat,0.17931410989950827,0.1882688285209605
0.2018726909207814,149,False,landsat,0.24242422929861354,0.276273831638139
0.5800163910773531,205,False,landsat,0.5306892416884288,0.5250821556069432
0.5553013545816733,209,True,modis,0.5389782949601571,0.5390374608498414
0.5844417986134536,221,False,landsat,0.5228971251656254,0.529032608925202
0.5717702007197945,230,False,landsat,0.5303341545430786,0.5197661988511675
0.4685745967666491,237,False,landsat,0.5280195781463456,0.5162424947548113
0.1735051421921702,136,False,landsat,0.20305289255009928,0.17587994843426147
0.1968943316028222,137,False,landsat,0.20468574693028324,0.1763149438828372
0.2100997609561753,177,True,modis,0.23183118272531486,0.18582899267665223
0.1057131513660966,183,False,s2,0.11973401907994231,0.14079870719393184
0.132885247660834,232,False,landsat,0.16753888663433736,0.14643711678922625
0.1673847811139994,256,False,landsat,0.12079175012423334,0.1587143603922922
0.2497928102918436,91,False,landsat,0.18748477786512857,0.21842868608140842
0.348253764419953,99,False,landsat,0.3168900570882949,0.3370279132670897
0.3178521321154289,173,False,s2,0.3094201222157732,0.34804783533440076
0.3609155803329314,179,False,landsat,0.31687642317326437,0.3135055319122493
0.4246317290346075,218,False,s2,0.3433166183490094,0.3542565746120371
0.2500866599488749,235,False,landsat,0.33411308580995636,0.32653140192829627
0.263357558632928,244,False,landsat,0.29292664038455113,0.3000104115535337
0.2995330112004971,252,False,landsat,0.28482131607173367,0.27855361430847575
0.3496522709163346,289,True,modis,0.3389476403635444,0.3063656284495252
0.2753372111553784,97,True,modis,0.36354994159318665,0.2534635910335071
0.216643421275061,126,False,landsat,0.23534938202669206,0.2697416047950083
0.1297126091198384,148,False,s2,0.2162845390043748,0.30144751301080136
0.5874866135458167,161,True,modis,0.32456199198081537,0.3625377597792168
0.567692903211238,190,False,landsat,0.5679386193849519,0.5731536254329705
0.449186734366168,230,False,landsat,0.39147710232279126,0.3916104351235223
0.3125197102710364,253,False,s2,0.2830927149915768,0.2987201618176808
0.1097839427556732,298,False,s2,0.18771110147004452,0.20742723359355145
0.5684766533864541,145,True,modis,0.5031865660523602,0.5167826758357308
0.7294314563648422,162,False,s2,0.5264942666327715,0.5594277377793797
0.1457638844592883,212,False,s2,0.17436179054617462,0.21554501711756902
0.1844633928513487,232,False,s2,0.24129237250155636,0.26422421000284163
0.3100828735230325,240,False,landsat,0.26669392925247604,0.29371789747901655
0.3753062849659639,262,False,s2,0.2376553175871093,0.2649427973259028
0.1866840206735973,280,False,landsat,0.16861444318047245,0.18636166397707585
0.3631095176046681,157,False,s2,0.35974060441891836,0.3918114650286513
0.6014791415197318,193,True,landsat,0.5894198768376414,0.5855703705348739
0.626441472182235,203,False,landsat,0.5554080989334543,0.5388036968874794
0.6413398093152571,205,False,landsat,0.517657214682636,0.5306922308936792
0.5595623904382471,209,True,modis,0.512828220211874,0.512047486748386
0.6194232690500899,210,False,landsat,0.49083782784905583,0.5025752625853007
0.4812093527173417,228,False,landsat,0.46448983485746975,0.4569673310233676
0.4216545019920319,273,True,modis,0.361055102220067,0.33689969990043694
0.1528124077621754,117,False,s2,0.20605085569610712,0.2376647759775173
0.2068549058016662,135,False,landsat,0.18988040654289767,0.21329494291949155
0.1712045845851305,137,False,s2,0.17625203285517016,0.2105764668267402
0.6537340345566937,177,True,s2,0.5880316471921104,0.6019517698444647
0.3998129471076623,230,False,landsat,0.28785869462817415,0.3106780881896367
0.3396766432276332,235,False,landsat,0.2772123461146947,0.2967961360926926
0.2433095510835245,237,False,s2,0.2739120443552456,0.2889019798018303
0.2615726693227092,289,True,modis,0.26505851801163827,0.22369889590974432
0.2201233454240721,295,False,landsat,0.20289856285583,0.21415528750662682
0.190980887648506,302,False,s2,0.18555324887236546,0.2282916505317839
0.6671814287393063,154,False,landsat,0.5765990786524189,0.5851669766581811
0.4209317032393166,178,False,landsat,0.40164687288806206,0.3895569443439334
0.2291771396243622,197,False,s2,0.2296965497012425,0.2698879519050793
0.2412051682254619,225,True,landsat,0.20699757370937152,0.2583806460670164
0.2352850194508228,226,False,landsat,0.23092806480537523,0.2418034247417299
0.1730291506973661,249,False,landsat,0.18795219458925638,0.18025512165001517
0.1248356371038763,257,True,s2,0.1708146804833538,0.1878251756506592
0.1561733173458209,273,True,landsat,0.20186841529067404,0.19258578541248073
0.1886584128123069,92,False,landsat,0.16197240890559317,0.20539418650508973
0.2366501992031872,97,True,modis,0.35310544791021886,0.24602710300116057
0.1605128156720124,123,False,landsat,0.20325064130642304,0.18114710926674935
0.1227444887955012,151,False,s2,0.1441739163794209,0.2002189405863497
0.0022067913565899,161,True,s2,0.22865335852633675,0.25979829974768676
0.3759339257954362,179,False,landsat,0.3615919180153688,0.37952465272376257
0.5727147410358565,193,True,modis,0.4678867429775141,0.46552475778980856
0.5699887061993384,211,False,s2,0.47570024608102934,0.4858334050971944
0.2382530872457596,268,False,s2,0.2573603925549647,0.2770333302400435
0.2629992114205506,271,False,s2,0.23370995469223496,0.26781736981965953
0.1938885185924094,155,False,landsat,0.22214629339746725,0.21325264164512758
0.1623277265689958,186,False,landsat,0.1629131911838654,0.14680999723614116
0.1404160585639344,210,False,landsat,0.1471071340685002,0.15566039202004753
0.1231795667383916,218,False,landsat,0.1427992952816703,0.1204895470969849
0.3360487225439958,298,False,landsat,0.32992784135789394,0.31827767470756346
0.409039866379176,118,False,landsat,0.5128765308295815,0.5220710516536222
0.479896181722689,161,True,modis,0.49137526036591544,0.46951713314475
0.1600483826242352,245,False,landsat,0.1912597950666325,0.1924662046585732
0.2494160766667163,262,False,landsat,0.22408430948908226,0.22042118529143095
0.2457810326318319,269,False,landsat,0.24031110849628695,0.24424322151731376
0.1907048408424238,200,False,landsat,0.18945213011993223,0.1803324818454452
0.1739238849805668,248,False,landsat,0.18824700289739246,0.17733208575716802
0.2081311010551828,264,False,landsat,0.18816761614930588,0.1791719136612697
0.295929035843213,107,False,landsat,0.2480920640574316,0.23577637089409045
0.4006079071501592,131,False,landsat,0.39959663828952907,0.4366424731342611
0.1880288004407781,186,False,landsat,0.21938896831126758,0.19896804682126906
0.2382757405462185,193,True,modis,0.2498669410721776,0.22585630211034652
0.1930988079463249,234,False,landsat,0.21538472215268586,0.20308958892930926
0.4620588287815126,289,True,modis,0.4153932725093382,0.39441825471652575
0.4124657773109244,97,True,modis,0.4641910259142034,0.39494680906833995
0.4009835399159664,145,True,modis,0.5213733173503771,0.4566294321242814
0.1739221709163592,173,False,landsat,0.21304058386989003,0.20770713077287392
0.2045312184873949,193,True,modis,0.25687869204015373,0.19443710318829183
0.1888240021008403,225,True,modis,0.23547655579388188,0.18170836707031934
0.1426047721076938,262,False,landsat,0.16753082291677587,0.1605600906316544
0.393337219075495,144,False,landsat,0.3843674316521127,0.443869734831985
0.4266710810407827,145,True,landsat,0.49052482415941856,0.4640978801766791
0.3301740966386556,177,True,modis,0.3607372068015513,0.3191118045237085
0.2293236442042004,217,False,landsat,0.2787849239806769,0.25709449342187896
0.2616566053119187,233,False,landsat,0.28835536739896367,0.27207198280070455
0.3251683073206833,241,True,landsat,0.332905804215358,0.30297694356030164
0.3339205334592943,187,False,landsat,0.31594117909290154,0.29626561587716377
0.2217069554617497,236,False,landsat,0.26965844503277103,0.26064774054345813
0.2735889484193278,244,False,landsat,0.2519200845484777,0.2525172021948807
0.2379122477527967,252,False,landsat,0.24824093270542943,0.2446140100353114
0.413797904091492,299,False,landsat,0.43088263541992666,0.4203944826881823
0.3708671952753509,300,False,landsat,0.4453622697382501,0.4428863243636517
0.3586916799929912,102,False,landsat,0.30705589009574263,0.3254587247329519
0.386707354870287,117,False,landsat,0.41649776551039,0.43065589010365785
0.5541630777310927,129,True,modis,0.5951693674995326,0.5607146885015812
0.5728785976890755,145,True,modis,0.6237112067976378,0.5836282065590238
0.5330920014265248,166,False,landsat,0.41918841926711986,0.41205220111282415
0.1622960341625465,213,False,s2,0.14572692958508465,0.1862295041693743
0.144073146175274,229,False,landsat,0.18299392993283997,0.18727198330228506
0.2639391242110044,261,False,landsat,0.2628998909082456,0.28743385617970507
0.2472320475988448,120,False,landsat,0.28445955441212534,0.27127487574532894
0.307352054920157,144,False,landsat,0.26914052805573624,0.3549965234275321
0.183985328709062,201,False,landsat,0.1570162936495801,0.1461673022160782
0.1763856024896168,217,False,landsat,0.14977308205285284,0.12434188102141959
0.1240330313943127,257,True,landsat,0.22094521117720392,0.18639962519203176
0.2142995879829604,288,False,landsat,0.17499663134677682,0.18467511365439807
0.2531587037365281,91,False,landsat,0.21397468724067195,0.24364278334178918
0.2567585473893323,103,False,s2,0.33304038700179067,0.35601957572201853
0.4215895526989788,116,False,landsat,0.44345453095536785,0.4804634694748886
0.5867706425466306,138,False,s2,0.5390608918469015,0.5622145906836963
0.1370844130208239,188,False,s2,0.12382994735272408,0.1618218542496008
0.1953315921643113,195,False,landsat,0.14975268172072884,0.162988784569777
0.1383100186532979,203,False,s2,0.13286717866171335,0.1683547775636115
0.1692702357097649,251,False,landsat,0.20969575424162065,0.20002218286079332
0.2290597636554623,257,True,modis,0.2528249767292919,0.2220398884906973
0.2216173421000081,259,False,landsat,0.19778816197539853,0.20793937111431926
0.3138282241859956,113,True,s2,0.37800044853444364,0.4082129714171545
0.27401794128996,118,False,s2,0.3304461747035822,0.3688755976003095
0.4695157142857143,145,True,modis,0.542231282881553,0.48798525516042524
0.1532481138005929,183,False,s2,0.15066618323539477,0.1845248648393287
0.1324566819621917,218,False,s2,0.10705424029428287,0.13564706587974082
0.1304341166950471,223,False,s2,0.1029575263452806,0.1617728787145698
0.1372917918397348,254,False,landsat,0.17475430797897074,0.18028569756941662
0.1153014102965798,270,False,landsat,0.15103530292609768,0.1669890155567011
0.1541955522702661,273,True,s2,0.22758726571073581,0.1969090886885863
0.3282945250339566,128,False,landsat,0.38083689186656194,0.44103153850260934
0.524309851648451,160,False,landsat,0.43453607097749347,0.47222501618510937
0.3210325189788893,184,False,landsat,0.30873814668222427,0.30455329438835455
0.2024503036719137,192,False,s2,0.26109337922525433,0.3071193438716109
0.3914299092666558,249,False,landsat,0.3848865236861035,0.3875429650916956
0.0541413263975363,256,False,landsat,0.40519623256126736,0.40638517289152387
0.3632648725481037,262,False,s2,0.37873337689015624,0.3918443786447333
0.4032158310253387,127,False,s2,0.3888166249749072,0.4691126181402355
0.6097182220090402,131,False,landsat,0.44200428387049473,0.479729911755047
0.4164198785305291,148,False,landsat,0.38486530481570963,0.39194272183993073
0.2053562747306999,203,False,landsat,0.169298432354496,0.15527921558313462
0.1233369288639351,212,False,s2,0.1132231974611553,0.15594398192137227
0.1855918440170581,235,False,landsat,0.13198464231580825,0.1620813820428123
0.1800692101751744,236,False,landsat,0.17814128816460317,0.16755736545984315
0.1846490103743614,272,False,s2,0.26807347270321075,0.31672680010533866
0.3631235333745106,282,False,s2,0.3413067216833679,0.3604954805430195
0.3926373172838769,112,False,s2,0.4919742040186795,0.5253432859747461
0.5973466339955356,119,False,landsat,0.5319170310673044,0.5233426918253129
0.5824075262605042,145,True,modis,0.6116104310805077,0.6000914702378254
0.5801660323815648,154,False,landsat,0.4783736885322369,0.4950272312660872
0.472913371547792,159,False,landsat,0.4753025587260552,0.48366123581581383
0.426582237394958,161,True,modis,0.483900785433624,0.4632307930342666
0.2095375868444771,197,False,s2,0.22118433596482945,0.24566149780179272
0.3382036154752047,231,False,landsat,0.33426935231616733,0.32187902798526846
0.3801841988697498,254,False,landsat,0.3487032962315304,0.3519287367640191
0.2695927281701884,292,False,s2,0.2781091807201716,0.30071582288195225
0.2609320499763617,302,False,s2,0.28220879954586076,0.3150365930558594
0.2038286932852145,97,True,s2,0.2899343507623884,0.33475346248052906
0.248550844210574,98,False,landsat,0.25660311086625653,0.31164165302810143
0.1919167463244868,132,False,s2,0.19532347238270342,0.29762008147195607
0.1754443066897064,142,False,s2,0.181574419463984,0.29048007313281277
0.2324366731691992,145,True,landsat,0.23601336261432138,0.3722451296762739
0.2086693219024588,161,True,landsat,0.28251320808382985,0.24410745201364703
0.2078689957686347,170,False,landsat,0.17427732337941976,0.20922847155724553
0.1854038275428137,193,True,landsat,0.242537821791918,0.20937172555069672
0.1306999652714891,197,False,s2,0.13411748853687913,0.18736218953799721
0.5465048073613815,107,False,landsat,0.5408270030277924,0.5388396053297471
0.555796020993643,108,False,s2,0.5352932382565911,0.5640186462887784
0.6496346654689306,116,False,landsat,0.6101935197997728,0.6341621669077218
0.7059227450689319,118,False,s2,0.6245385633690165,0.6464699978818056
0.1740451707713857,176,False,s2,0.25576615734032193,0.30891885858813145
0.1721007823588175,198,False,s2,0.17921703427689697,0.22576580139737684
0.2339023909760697,243,False,landsat,0.2373223627345931,0.24312290403416603
0.1689790426803899,246,False,s2,0.2100588931009665,0.2452537098280776
0.2015978852401547,256,False,s2,0.21042791860818968,0.2551753897553056
0.1889793670639582,268,False,s2,0.2048704445080817,0.2331506806453617
0.2204509064784522,124,False,landsat,0.21393118055500449,0.29424888513550385
0.2105437758913351,128,False,s2,0.2284453837675392,0.37461389743980433
0.4457587310395336,147,False,landsat,0.43907069824130074,0.46565486514037835
0.1737901260275628,191,False,s2,0.16363641038249696,0.21674499068182113
0.1414886024784069,218,False,s2,0.13555978527882537,0.15461324571854496
0.1258353915627091,228,False,s2,0.11867180850188616,0.17066154861557423
0.1112511629201058,251,False,s2,0.12163003459387116,0.15500658737639425
0.1495808670242652,281,False,s2,0.16260394611643994,0.18739622819635365
0.141196923742455,286,False,s2,0.16833072406490704,0.20842891009717351
0.3388860251252153,97,True,modis,0.42719538557178666,0.3611259869720683
0.21655861745682,188,False,s2,0.19278773243492908,0.23665234065691695
0.2368531633405939,195,False,landsat,0.20318495097295214,0.21837781676118337
0.2025020166878595,196,False,s2,0.15599118105202464,0.20951612078165582
0.1599810080141897,218,False,s2,0.1546704324678094,0.17298605459636252
0.1189057955895021,226,False,s2,0.15725119748904512,0.20787441037773424
0.1645692177266715,241,True,s2,0.15251071871185032,0.2136687651397263
0.2048393628376713,257,True,modis,0.24430157786367424,0.21014230579026816
0.1864577160247926,260,False,landsat,0.1965861257449995,0.1974957357656066
0.1522800876892326,266,False,s2,0.16925216354947514,0.18893387599797096
0.4046644587687458,166,False,s2,0.48301596603798014,0.51227237872735
0.624259879140831,172,False,landsat,0.5362058205927879,0.5314778849402065
0.5503916564249826,191,False,s2,0.4781202652451648,0.5102509291866224
0.4584967554604996,196,False,s2,0.4344125621792423,0.4685718235172579
0.4532964811040078,203,False,landsat,0.4308129903738338,0.431175545010044
0.3800637045563068,251,False,landsat,0.32318528346795733,0.3392774870757741
0.318655923371988,276,False,s2,0.29220548312472044,0.329504158096393
0.3096572755648275,288,False,s2,0.28867265098001366,0.33318572401920776
0.5538986002542879,106,False,s2,0.6514098354245008,0.663751319789262
0.6810851108367438,107,False,landsat,0.6731190108152931,0.6754141928411734
0.7254582077716099,113,True,modis,0.7513894838445547,0.7281214096290454
0.8035405784425977,121,False,s2,0.7771055476248536,0.7898566312129566
0.8725228755716048,131,False,s2,0.7657172352290945,0.779334984672711
0.1808786269119469,176,False,s2,0.22873798772050977,0.280518956284922
0.2056926593680804,227,False,landsat,0.20085926614510344,0.19444655126127816
0.1755295693534904,238,False,s2,0.16489427209314722,0.20023318180734775
0.1595281724874181,271,False,s2,0.15503360733026156,0.18602578394615318
0.4395046613731901,113,True,modis,0.3779382016539849,0.32867314631945227
0.5615571434852844,184,False,landsat,0.5347952011329457,0.5090834203359957
0.2748781784212985,273,True,modis,0.28847936061937896,0.2400718046220224
0.3277831013545072,113,True,modis,0.35229920637102513,0.23463241017623887
0.6236563942083141,193,True,modis,0.5104351721292112,0.48009386697938394
0.4739046122638952,219,False,landsat,0.44931395340066405,0.44461054469665
0.3804643344231666,273,True,modis,0.36097597405350457,0.3062254825067691
0.476291741170567,127,False,landsat,0.44435570724877366,0.46067693960289335
0.3781953479682392,209,True,modis,0.3799236024114984,0.35818986534739417
0.1900897204420131,278,False,landsat,0.2518748878442011,0.23604573706191434
0.4446456889304062,113,True,modis,0.42279693309496286,0.32957289562180103
0.6692509037699713,184,False,landsat,0.5005647421005432,0.4743611615090796
0.4255856515646892,289,True,modis,0.3730057214292824,0.3592214833657373
0.2799665203176087,97,True,modis,0.3785041478234945,0.3113781735609723
0.4161160952825782,113,True,modis,0.3820384304820837,0.2793863464392804
0.8261894761655353,179,False,landsat,0.7223397268659804,0.7242037966236399
0.5222107052779077,145,True,modis,0.47951515251213045,0.43018532786220554
0.4376798823911025,158,False,landsat,0.473784471138206,0.4659794423601975
0.465821569360112,225,True,modis,0.46010254575735693,0.4419997384395728
0.1943801490826632,302,False,landsat,0.19402882418764067,0.16439836982794892
0.6913703022976833,177,True,landsat,0.6168296564258277,0.6096168971115159
0.359037774782864,241,True,landsat,0.413981533082807,0.3903203056631961
0.2333589911256421,97,True,modis,0.36539176469427426,0.27667910812290397
0.2565368644779129,123,False,landsat,0.2901029621664261,0.2399830788320052
0.514464896931358,231,False,s2,0.5237039769029789,0.5203944027967187
0.3632629518916394,273,True,modis,0.3423689980565893,0.33232853932123774
0.347072617355564,283,False,landsat,0.29217665714996033,0.27473449661123006
0.29606447899894,126,False,landsat,0.3252153363677411,0.3352546329591352
0.2388372334650872,146,False,s2,0.3381881534385808,0.3792954632420407
0.4180839623360895,179,False,s2,0.5739041604581446,0.5865220874682904
0.6586107653878981,190,False,landsat,0.6843046736642199,0.6711633510576437
0.796238959374158,222,False,landsat,0.6916058024018118,0.7077339731589121
0.7370737974199867,230,False,landsat,0.6550606286840296,0.6670305858212521
0.2165698186683789,134,False,s2,0.2862251896363947,0.35563752701233947
0.7002631744334707,169,False,s2,0.7012208807039281,0.6955312248431958
0.7207836698619025,171,False,s2,0.6880335116114799,0.6962766254639166
0.5141115097615494,179,False,s2,0.7025467270764671,0.6832927950386001
0.6749817845025732,201,False,s2,0.6500996030044737,0.6566605218301301
0.6487897846261664,204,False,s2,0.6550900827283783,0.6434814702208249
0.5877140207463731,225,True,landsat,0.5011662042400977,0.5034855389663857
0.3788996465320434,234,False,s2,0.4362132777031538,0.42210590903280215
0.1516208504989608,264,False,s2,0.29277661833018026,0.2924241275304562
0.3609226360179159,266,False,s2,0.2761733669911166,0.2854149996877863
0.2681364222326016,97,True,modis,0.3795028503996179,0.29223360107914664
0.1661080794341354,109,False,s2,0.274154676878639,0.27965900183205034
0.6704427381262353,169,False,s2,0.6640716683484038,0.671862435049417
0.33514578281977,184,False,s2,0.4344846142150996,0.4226428763160584
0.18007378083254,209,True,s2,0.28343128078475016,0.2457550425277166
0.0638698372254131,236,False,s2,0.17969687862655276,0.22248894191046736
0.1956629302931498,244,False,s2,0.20407141295286652,0.2083744813634147
0.1758506013513715,246,False,s2,0.18651250361274221,0.20889393528896447
0.2171257358546436,260,False,landsat,0.17522976471187943,0.17966311895026427
0.1708425796872991,261,False,s2,0.1547107086961044,0.1874209561167361
0.1470307685994889,291,False,s2,0.18443700858364973,0.22810169127934504
0.1770941917840175,102,False,landsat,0.14694917252154105,0.1788000501215521
0.2324799128393517,119,False,landsat,0.24709669201731313,0.23012745245539945
0.3742418309201306,129,True,modis,0.5410734107218439,0.44159131448672406
0.7654872131690648,188,False,s2,0.6069389035424103,0.6119836026299675
0.7026984456024177,193,True,s2,0.6484448595478413,0.6499946913792356
0.5621938626809903,225,True,modis,0.5146576291200939,0.5400405813498044
0.3553577274983618,240,False,s2,0.3924744447766758,0.4075434897057718
0.3915574939670503,243,False,s2,0.3643047518590853,0.37609260726997196
0.458112531149244,246,False,landsat,0.3448461373677038,0.341055312031012
0.2701372556651873,273,True,s2,0.27426921922825387,0.2507275574048037
0.4738499211460605,168,False,s2,0.4745597390777277,0.48562663407091355
0.5255186792483009,169,False,landsat,0.5275730392052,0.5113409264217735
0.4941325875850116,170,False,s2,0.5092407543879067,0.526386220152937
0.718317018422527,177,True,landsat,0.6511954634538322,0.6567225255453946
0.7795924386588369,208,False,s2,0.771721081191397,0.7588954225519168
0.7091539841195703,225,True,modis,0.6299051534447595,0.6338115393352658
0.3444315187932951,260,False,s2,0.31721624722254593,0.33790534352431656
0.3311477075777466,263,False,s2,0.332548991867914,0.3347733416296166
0.218309738893372,278,False,s2,0.2744701710623754,0.2905573717505078
0.2793191831529473,116,False,landsat,0.27583154098173035,0.2670385321540627
0.5947825783722919,157,False,landsat,0.5166403604061811,0.5207516419713749
0.4127036805231198,161,True,modis,0.5212250284906216,0.5055755927999592
0.2576699626570349,170,False,s2,0.3667893303175484,0.39067113894958716
0.2052767638141088,248,False,s2,0.24016503240647868,0.23429149914202557
0.1966755382554821,265,False,s2,0.1990908390664035,0.21100078793788146
0.2087783127834026,268,False,s2,0.23125368692923223,0.22741451435875648
0.2527839216039505,285,False,s2,0.23295003861475996,0.2658619446353666
0.3888174305071581,103,False,s2,0.47726979089161864,0.4840361681776442
0.6865794114899576,129,True,modis,0.673893061440076,0.6446702014777412
0.613865048157248,130,False,s2,0.5640776317277257,0.6209927882423975
0.6433873340734372,133,False,s2,0.529480434419072,0.577222095786979
0.5135822234054142,167,False,landsat,0.48544932440885874,0.4974080998909812
0.2737245896234257,183,False,s2,0.3557368155413838,0.3333033508999414
0.2574348020253863,190,False,s2,0.2781565966589219,0.30302079047086844
0.2527323583521607,198,False,s2,0.2743976966115462,0.29261082021637735
0.1800709315849764,253,False,s2,0.19003531589222647,0.21282087659684115
0.1980456026324408,298,False,s2,0.18152417041129498,0.17779571413984807
0.1782438484233404,107,False,s2,0.23102290130186884,0.2171263331354025
0.1836748257905832,111,False,s2,0.20199578829532738,0.2538562640251808
0.1803937697816522,114,False,s2,0.20194601506909415,0.2561950327661695
0.1738117287825789,121,False,s2,0.21872117450491652,0.23810091762594
0.395403141330734,157,False,s2,0.4413849063445709,0.4363428166050382
0.3555280567541776,164,False,s2,0.5654309949360842,0.5678445193807593
0.7790197301636419,192,False,s2,0.7478775362534569,0.7438494749131581
0.2374234620749805,287,False,s2,0.21772540886749212,0.25756544272937576
0.2519832997328141,299,False,s2,0.16936000481661825,0.1871111122767185
0.6158238526179702,129,True,modis,0.5876748235558125,0.5446988465220097
0.7468496444731739,161,True,modis,0.5870199093645388,0.5778251861431756
0.2634037168713639,289,True,modis,0.2468218249917734,0.22087214792029694
0.0582310158511446,91,False,landsat,0.14474315235247198,0.1108795526687831
0.7241903361344537,209,True,modis,0.662493606004793,0.6528394418974393
0.3581917941251187,243,False,landsat,0.4023410108595411,0.4154617455050496
0.1919849439952101,102,False,landsat,0.24823608603899905,0.23971883663327376
0.4513267688171385,127,False,landsat,0.46977808935355,0.4865963631859207
0.3320995475113122,241,True,modis,0.3194908481443013,0.29512552035076356
0.3810341915978358,104,False,landsat,0.3671309487178255,0.34579693480055523
0.4222428248222366,257,True,modis,0.34637333316455193,0.3053915290032606
0.3942747740598483,296,False,landsat,0.36344386994648753,0.3383625915967676
0.3670492889463478,113,True,modis,0.3747254439476937,0.2889357515753071
0.3834275957230359,139,False,landsat,0.48288777174889935,0.44519997944186196
0.839172495151907,177,True,modis,0.6910570400579057,0.6867950354175649
0.2120244343891402,97,True,modis,0.33273444222417564,0.25884064591523503
0.4491244442064022,238,False,landsat,0.36357845929223087,0.35584522105698474
0.2164461885232803,254,False,landsat,0.27594988381589336,0.27150278330327116
0.2739745636716225,273,True,modis,0.27379729117791046,0.24910065214441085
0.3167448179489872,209,True,landsat,0.44056615908319813,0.4014139953776369
0.395160762766645,289,True,modis,0.26585619125110355,0.22648152382536374
0.4571723658694248,145,True,modis,0.5311075821159926,0.45321099970401324
0.4528546899986586,163,False,landsat,0.5429634582170054,0.5296835606104209
0.758427861508073,181,False,s2,0.6657420219675019,0.6759628574868903
0.473271283417332,231,False,s2,0.5222547721213654,0.5203364758091411
0.1818880972252468,102,False,landsat,0.19023822060392692,0.1923027436147325
0.2520974268567755,124,False,s2,0.26097382804902297,0.31823240428714655
0.4866214932126698,145,True,modis,0.49518162532046023,0.43919820214203553
0.5614720426632193,177,True,modis,0.456092641130011,0.4396807773163728
0.7714627020038785,209,True,modis,0.7077659568127909,0.7059282925212567
0.172478825622806,91,False,s2,-0.2767420817891698,-0.24944353125820887
0.3545308622839959,137,False,landsat,0.3497546098881975,0.3022846841577499
0.6667233574620316,161,True,s2,0.5988341927460175,0.6054101484641731
0.7375866372551065,171,False,s2,0.6839245752368889,0.6879109654850404
0.5637504126289501,224,False,s2,0.4775508672006976,0.4826494424369544
0.3945385822547775,233,False,landsat,0.37397163696382396,0.37650319064934573
0.2137542169500769,271,False,s2,0.20690549218810578,0.24161689303951994
0.2179371571454125,289,True,s2,0.2955757749645137,0.26260404136404447
0.2006159540479906,294,False,s2,0.21892968766655205,0.2444204341925983
0.291518124333169,114,False,s2,0.3247786346190505,0.3718001279592594
0.3489935954122113,121,False,s2,0.36731587008035776,0.39328424010886365
0.7362912003796178,132,False,landsat,0.5514042074033103,0.5595636609108491
0.645908710359208,149,False,s2,0.6495545663801007,0.6465320290094003
0.5586200387847446,177,True,modis,0.5178395148346825,0.5107693212926149
0.4590384192277448,180,False,landsat,0.4538509901380082,0.44904789889383157
0.2136836540606272,186,False,s2,0.31675785654664507,0.33939132585805787
0.247427001704595,245,False,landsat,0.19545271283468665,0.18351469399210435
0.2097000051008732,260,False,landsat,0.18736714816596364,0.18754651891075425
0.1549005896063961,261,False,s2,0.16140434669821255,0.18792095961937216
0.1483003828497044,289,True,s2,0.273384399247547,0.22373411317007086
0.1752581167273635,102,False,landsat,0.11272186261553632,0.1459867591634415
0.2230924019635843,145,True,s2,0.43455963367519984,0.4236712736332646
0.8261832175580124,183,False,landsat,0.6873589691202373,0.6768941936408691
0.6818517916000373,208,False,s2,0.6201933964884037,0.625111103273068
0.573932029734971,209,True,modis,0.597455404799525,0.5960787508430816
0.3448485742565947,240,False,s2,0.3312097743869973,0.34542606908698276
0.3904783451842275,257,True,modis,0.27639497004519076,0.28993097481130775
0.2470729358354946,294,False,landsat,0.16557494264802505,0.18098991451502933
0.2459455306209403,298,False,s2,0.14381179658945686,0.15202200986190212
0.2251012191194872,303,False,s2,0.15461921341252297,0.1443971427976207
0.1817069082142221,98,False,s2,0.19553209591946696,0.2600239389272778
0.6596996206066821,174,False,landsat,0.610674720271778,0.61136093096839
0.7554774607046779,198,False,s2,0.7724855959087275,0.7578618823569804
0.723455312367135,200,False,s2,0.7684566296138019,0.7750274941272585
0.7776813110088221,205,False,s2,0.7803023120168989,0.7747183481476103
0.7854243901924783,209,True,landsat,0.741530262654122,0.75042893726226
0.6077168503068634,235,False,s2,0.5797210029229332,0.5803995049953796
0.2218001720359843,280,False,s2,0.22052403504201548,0.23479629659895304
0.2824142434212613,281,False,landsat,0.2557760762774842,0.23563155157567614
0.2168528419669558,92,False,landsat,0.14842240876288024,0.21382152899000492
0.29094534583064,97,True,modis,0.33069555244536164,0.28609511647888697
0.5113442191089882,155,False,s2,0.49892108228784454,0.5103192881801171
0.5342288584563627,156,False,landsat,0.5374922255880216,0.5163974521844679
0.216309840625525,188,False,s2,0.2882350303526396,0.27770150476349764
0.414450952434696,196,False,landsat,0.30926760884716364,0.29216307276450715
0.1847520172116341,250,False,s2,0.1916407444704942,0.20161298901407826
0.3006410344747496,276,False,landsat,0.23600172317249865,0.2476214585224671
0.3796171299288947,289,True,modis,0.3308297306054511,0.3062442996532031
0.3554908216891558,100,False,s2,0.4155046197558262,0.45612049160169743
0.5615465098556816,111,False,landsat,0.5490856859088524,0.5546904518837132
0.6247858308823887,113,True,s2,0.5816747662412103,0.582725904597579
0.602498380227653,151,False,landsat,0.5987488019131763,0.573389503986904
0.4439346979843271,163,False,s2,0.4592887213544212,0.4707248235281714
0.3483331533493055,168,False,s2,0.418635488434939,0.41011632287065364
0.2140842480860652,183,False,s2,0.32859399963165314,0.3101052242532251
0.2453473392459452,185,False,s2,0.29683749365870005,0.31122134221511893
0.1587311295962461,215,False,s2,0.17227393980493863,0.1869626331099675
0.1355187598708222,228,False,s2,0.19476782914024943,0.22427550996840545
0.1490933314237932,260,False,s2,0.16868649375207936,0.19283168705957426
0.1797734009266821,112,False,s2,0.20005238789864924,0.27355231185626916
0.2902447213685473,151,False,s2,0.32428223052340527,0.3375871289528836
0.3594264248597226,153,False,landsat,0.40768226637683747,0.36004257400099393
0.3514436314105175,154,False,s2,0.3580927270209236,0.37560395808863334
0.8090912205010145,181,False,s2,0.735796642140962,0.748845269453904
0.2687196179272896,254,False,s2,0.2653503652691752,0.2860500394220689
0.2662389080515636,264,False,s2,0.24547971795337412,0.25014865138498177
0.2118457407611456,277,False,s2,0.24784306335161688,0.2610422544471903
0.2861249191984485,289,True,modis,0.25677955134507885,0.26638232730109473
0.270734665237793,122,False,s2,0.2768105397463403,0.2877496309390398
0.2992283031872998,131,False,s2,0.30013901737395027,0.3963396057771984
0.2828232349770407,132,False,s2,0.3087571220531834,0.38623402186487543
0.455968102561383,141,False,s2,0.3093329701892379,0.3555940018496223
0.294663913827265,154,False,s2,0.3490781973399129,0.36913609295976796
0.7152611589692693,187,False,s2,0.6826733665732404,0.6700803294873987
0.5191009232314346,231,False,s2,0.4971974081049253,0.5028066904946336
0.4894843350743605,234,False,s2,0.47054979672415337,0.4775403782325177
0.3757693904112199,257,True,landsat,0.3956812325354866,0.38752709579168165
0.1289826590383437,279,False,s2,0.24077902850361166,0.2551916036970351
0.229477605263004,111,False,s2,0.2156269208461204,0.28850067901390536
0.2778559878827633,113,True,landsat,0.36863284205839214,0.3290471407240342
0.2472790298109024,119,False,s2,0.23373033659003473,0.25353798693431806
0.5677864253393666,129,True,modis,0.5134159688826122,0.4521838256301949
0.2662348870746441,132,False,s2,0.30058515975679595,0.38248255853423313
0.2418525186383439,134,False,s2,0.2865817003356131,0.36317342639486183
0.5612995945397534,152,False,s2,0.4998570551589536,0.5142379774179736
0.560521314604252,154,False,s2,0.5417716504513327,0.555691655107724
0.788470894510967,172,False,s2,0.7754995213479424,0.7735215508291003
0.7006477312084429,121,False,s2,0.7021491013165994,0.7068838633358399
0.788759185826396,144,False,s2,0.7691889562756673,0.7767676330774587
0.5944180628272251,161,True,modis,0.3910048124227459,0.402926456049531
0.2801797320897862,187,False,s2,0.47139946814588946,0.44914325000736643
0.2180955491098479,189,False,s2,0.3624022299776417,0.3774635561653533
0.1695350484515629,219,False,s2,0.1897421689288953,0.20158650836615283
0.4626143979057591,225,True,modis,0.2792609596401515,0.23988624694781632
0.1721153604038885,267,False,s2,0.22481019022685148,0.20886443543441263
0.2144465881437846,274,False,s2,0.19970007739734094,0.24068136652288105
0.7602063842550677,107,False,s2,0.7281306281483687,0.7273540699265882
0.9016314951555336,134,False,s2,0.6935073697885478,0.713862563348367
0.2346443403654007,187,False,s2,0.28905918491578986,0.26823416096478037
0.2482645673796648,193,True,landsat,0.2688742201310515,0.2301366496752098
0.2150275425766815,211,False,s2,0.18616302399861168,0.21326425018182132
0.1851907593016128,214,False,s2,0.1824672289895125,0.21090574524394487
0.1414089388219162,229,False,s2,0.16807363706521933,0.196771366391103
0.2192444488259707,264,False,s2,0.22179987802058437,0.2531156215725436
0.1550981636414888,279,False,s2,0.2755704814890063,0.310977633896969
