anon_polygon_id,date,n16_c60_r125_k2,n16_c80_r125_k3,shock,state,base_file,year,canon
AOI-0001,2010-08-29,0.17403988,0.19108540,0.00027999,0.00233034,0.21966164,2010,True
AOI-0001,2010-10-25,0.14890914,0.14890914,0.00000000,-0.00116175,0.17639892,2010,False
AOI-0001,2011-06-13,0.44660977,0.44660977,-0.00329400,-0.02512406,0.66494372,2011,False
AOI-0001,2011-09-18,0.29119952,0.29119952,-0.00310109,0.01020161,0.26187146,2011,False
AOI-0001,2011-09-26,0.31000918,0.31000918,0.00000000,0.00826664,0.25789653,2011,False
AOI-0001,2011-09-30,0.36347841,0.34478761,0.00000000,0.00795553,0.38778091,2011,True
AOI-0001,2012-05-24,,,0.00000000,0.00739030,0.70262001,2012,True
AOI-0001,2012-07-09,,,-0.07775050,-0.00358450,0.25102003,2012,False
AOI-0001,2012-07-11,,,0.04309150,-0.00140159,0.31926317,2012,True
AOI-0001,2012-08-10,,,,-0.00143312,0.19917394,2012,False
AOI-0001,2012-08-12,,,0.00000000,0.00265798,0.27454444,2012,True
AOI-0001,2012-10-15,,,0.00000000,-0.00422762,0.33864532,2012,True
AOI-0001,2013-05-01,,,-0.00144689,-0.00818453,0.81661392,2013,False
AOI-0001,2013-07-12,,,0.01480307,-0.00180048,0.32638937,2013,True
AOI-0001,2013-09-30,,,0.00949771,0.00872259,0.49985816,2013,True
AOI-0001,2014-04-18,,,0.01574920,0.02668503,0.23503245,2014,False
AOI-0001,2014-05-25,,,0.00346117,0.00391612,0.64144913,2014,True
AOI-0001,2014-06-26,,,0.02347122,-0.00207523,0.78338683,2014,True
AOI-0001,2014-07-15,,,-0.04538381,-0.00051057,0.74368586,2014,False
AOI-0001,2014-07-28,,,0.04931972,0.00651350,0.61974552,2014,True
AOI-0001,2014-08-09,,,-0.03403907,-0.00071099,0.45114363,2014,False
AOI-0001,2014-08-13,,,0.03339717,-0.00076525,0.40968958,2014,True
AOI-0001,2014-10-03,,,,0.00011748,0.19876220,2014,False
AOI-0001,2014-10-16,,,0.02249368,-0.00028420,0.32619168,2014,True
AOI-0001,2015-04-13,,,,-0.00245997,0.42318263,2015,False
AOI-0001,2015-08-11,0.28558862,0.28558862,0.00000000,-0.00059301,0.21525533,2015,False
AOI-0001,2015-08-12,0.24160606,0.24160606,-0.05273573,-0.00055641,0.20002332,2015,False
AOI-0001,2015-08-27,0.19394777,0.19394777,0.01900124,0.00122019,0.20843125,2015,False
AOI-0001,2015-09-20,0.14354007,0.14354007,-0.00626007,0.00148588,0.18493756,2015,False
AOI-0001,2015-09-28,0.17633555,0.17633555,0.00055428,-0.00117758,0.19127589,2015,False
AOI-0001,2016-06-27,0.30701177,,-0.01731619,0.00576066,0.28766602,2016,False
AOI-0001,2016-07-04,0.33475744,,-0.02896277,0.00518632,0.28993866,2016,False
AOI-0001,2016-07-20,,,-0.06087436,-0.00012628,0.28559601,2016,False
AOI-0001,2016-07-27,,,0.00000000,0.00468948,0.36116571,2016,True
AOI-0001,2016-08-29,0.43601393,,0.01350648,0.02750566,0.29555023,2016,False
AOI-0001,2016-08-30,0.37044628,,-0.01781688,0.02773658,0.26847283,2016,False
AOI-0001,2016-09-15,,,-0.02590579,0.03234277,0.32023232,2016,False
AOI-0001,2016-09-29,0.26930088,,0.03185367,0.03800745,0.58873494,2016,True
AOI-0001,2017-05-12,0.77974793,0.78796097,-0.00501603,-0.00238500,0.72929201,2017,False
AOI-0001,2017-06-29,0.53891683,0.51895483,0.00122858,0.02092869,0.52385780,2017,False
AOI-0001,2017-07-12,0.42665092,0.41083542,0.03700044,0.02350483,0.46288059,2017,True
AOI-0001,2017-08-09,0.23117650,0.23252340,-0.01731615,0.02338625,0.30099540,2017,False
AOI-0001,2017-08-29,0.23315281,0.25861388,0.05896267,0.02114181,0.26443222,2017,True
AOI-0001,2017-09-08,0.28763997,0.27969217,0.00001365,0.01369186,0.20685300,2017,False
AOI-0001,2017-09-14,0.35649568,0.36103598,0.07102410,0.02818826,0.29225732,2017,True
AOI-0001,2018-04-05,0.53078981,0.49882553,-0.01907948,-0.01210900,0.50091583,2018,False
AOI-0001,2018-04-23,0.81433265,0.79737275,0.01469970,-0.00808414,0.78020078,2018,True
AOI-0001,2018-05-01,0.81916548,0.80351207,0.01320524,0.00224351,0.79803993,2018,False
AOI-0001,2018-06-08,0.65859668,0.64890636,-0.03284955,-0.01281008,0.62024828,2018,False
AOI-0001,2018-07-12,0.26629356,0.31328581,0.01527116,-0.04102142,0.30463496,2018,True
AOI-0001,2018-09-28,,,,0.01444634,0.17749874,2018,False
AOI-0001,2018-10-13,0.19824529,0.20601819,0.00000000,0.00747701,0.17830493,2018,False
AOI-0001,2019-05-11,,,-0.02992328,-0.02040067,0.51871476,2019,False
AOI-0001,2019-05-31,,,-0.03164287,0.03750269,0.71275044,2019,False
AOI-0001,2019-06-04,,,-0.04074273,0.02749160,0.69943363,2019,False
AOI-0001,2019-06-05,0.64418563,,0.00000000,0.02766571,0.70007372,2019,False
AOI-0001,2019-06-25,,,-0.02196028,-0.00779316,0.35847655,2019,False
AOI-0001,2019-07-12,,,0.05563736,0.01238957,0.45150307,2019,True
AOI-0001,2019-07-22,0.27098427,,0.00343621,0.02171856,0.36707155,2019,False
AOI-0001,2019-07-29,,,0.00101337,0.03457668,0.44196029,2019,False
AOI-0001,2019-08-30,,,0.02596625,-0.01278950,0.27523564,2019,False
AOI-0001,2019-09-07,,,0.11193745,-0.02955532,0.27484211,2019,False
AOI-0001,2019-09-08,0.30853822,,0.00036908,-0.02933732,0.23944629,2019,False
AOI-0001,2019-09-18,,,-0.09552027,-0.00699251,0.11287125,2019,False
AOI-0001,2020-04-03,0.74617759,0.74445945,0.00000000,0.00567173,0.55543840,2020,False
AOI-0001,2020-04-26,0.74218949,0.74218949,0.00000000,0.00184210,0.67197316,2020,False
AOI-0001,2020-05-30,0.74566305,0.68821608,-0.03276384,-0.01163092,0.81706711,2020,False
AOI-0001,2020-06-09,0.71789087,0.72028397,0.09872051,0.01539539,0.76461810,2020,True
AOI-0001,2020-07-14,0.20545183,0.20325076,-0.01910582,0.00080596,0.18179978,2020,False
AOI-0001,2020-07-23,0.28815242,0.28815242,0.00000000,0.00366203,0.21662483,2020,False
AOI-0001,2020-07-27,0.32207704,0.31666456,0.05864919,0.01181785,0.28813996,2020,True
AOI-0001,2020-08-08,0.21684777,0.22384248,-0.00218654,-0.00558379,0.18917345,2020,False
AOI-0001,2020-09-01,0.24050973,0.24050973,0.00000000,0.01499045,0.29882299,2020,False
AOI-0001,2020-09-02,0.22293782,0.23738132,0.00000000,0.01460188,0.28113855,2020,False
AOI-0001,2020-09-12,0.22268423,0.22079214,-0.00691309,-0.00170095,0.23414285,2020,False
AOI-0001,2020-09-22,0.23191128,0.22701921,0.00044242,-0.01082332,0.21050894,2020,False
AOI-0001,2020-09-29,0.29008790,0.29075783,0.04314490,0.00214532,0.25282281,2020,True
AOI-0001,2020-10-11,0.25329928,0.25329928,0.00988457,0.00360588,0.20180811,2020,False
AOI-0001,2020-10-12,0.19926388,0.19890227,-0.03923497,0.00399875,0.14871081,2020,False
AOI-0001,2020-10-19,0.21740690,0.21740690,-0.04567608,0.00481515,0.16642472,2020,False
AOI-0001,2021-05-15,0.29187426,0.28620865,-0.02944303,0.01894759,0.47433363,2021,False
AOI-0001,2021-05-20,0.30896754,0.31183767,0.00057935,-0.00339590,0.46961599,2021,False
AOI-0001,2021-06-10,0.65113365,,0.08999751,-0.00891457,0.57600269,2021,True
AOI-0001,2021-07-02,0.45583060,,0.00552650,-0.00112798,0.59244130,2021,False
AOI-0001,2021-07-24,0.66901723,0.67752000,0.01462145,-0.00613664,0.64938708,2021,False
AOI-0001,2021-09-17,0.32170557,,-0.00423643,-0.00608062,0.23091946,2021,False
AOI-0001,2022-04-25,0.70565765,0.70727975,-0.00638472,-0.00298164,0.61182275,2022,False
AOI-0001,2022-06-03,0.79224743,0.79224743,-0.00074445,0.01990529,0.78162824,2022,False
AOI-0001,2022-09-02,0.27370160,0.26724996,-0.00411332,-0.01062297,0.23048162,2022,False
AOI-0001,2022-09-30,0.30870951,0.30971151,0.03333934,-0.04544520,0.27828814,2022,True
AOI-0001,2022-10-01,0.30056830,0.30056830,0.03509862,-0.04447277,0.24711576,2022,False
AOI-0001,2022-10-17,0.27812991,0.27812991,-0.00953974,-0.03435940,0.22040357,2022,False
AOI-0001,2023-05-25,0.74397119,0.74772491,0.00000000,0.00890724,0.82366379,2023,True
AOI-0001,2023-06-23,0.70546591,0.66883927,-0.00437157,-0.03588706,0.78097794,2023,False
AOI-0001,2023-07-15,,,-0.02767084,-0.03114931,0.27025572,2023,False
AOI-0001,2023-07-29,0.34972777,0.34972777,-0.00246629,0.00283683,0.20945192,2023,False
AOI-0001,2023-08-03,,,-0.00629088,-0.00901428,0.20350458,2023,False
AOI-0001,2023-08-08,0.26045063,0.25277558,-0.08428694,-0.00384203,0.21131992,2023,False
AOI-0001,2023-08-13,0.22625392,0.20860473,0.00678008,-0.00850514,0.25666888,2023,True
AOI-0001,2023-08-17,0.27736480,0.27736480,0.01719114,-0.00149070,0.26745638,2023,False
AOI-0001,2023-08-28,0.22421085,0.22271432,-0.00719767,0.01030668,0.22202706,2023,False
AOI-0001,2023-08-29,0.32235719,0.30988952,0.04297086,0.01071209,0.30761040,2023,True
AOI-0001,2023-09-12,0.23138036,0.25142141,0.00096948,0.02015262,0.23719393,2023,False
AOI-0001,2024-04-06,0.66108045,0.65412396,0.00000000,-0.03055542,0.66838209,2024,True
AOI-0001,2024-05-24,0.70817366,0.67314004,0.01278292,0.00062455,0.76145268,2024,True
AOI-0001,2024-06-01,0.68086234,0.69455601,0.00044055,0.00010904,0.73584812,2024,False
AOI-0001,2024-06-03,0.59474831,0.61867148,-0.00247868,0.00381668,0.70085277,2024,False
AOI-0001,2024-06-09,0.44363432,0.48046809,0.07733220,-0.00693108,0.56451569,2024,True
AOI-0001,2024-06-13,0.35661407,0.38387854,0.00000000,-0.00113716,0.53190991,2024,False
AOI-0001,2024-06-17,0.34389643,0.36316853,0.01888598,-0.00118771,0.48038195,2024,False
AOI-0001,2024-06-23,0.24267392,0.25150724,-0.01381493,-0.00302484,0.37453989,2024,False
AOI-0001,2024-06-25,0.27774989,0.32077457,0.00933595,-0.00309250,0.39645122,2024,True
AOI-0001,2024-07-03,0.20406625,0.22544226,-0.00015334,-0.00295416,0.28940123,2024,False
AOI-0001,2024-09-11,0.16848818,0.17282075,-0.01013525,-0.00388074,0.15917310,2024,False
AOI-0001,2024-09-13,0.18728374,0.21224538,0.00101875,-0.00042862,0.19166789,2024,True
AOI-0001,2024-09-16,0.19203270,0.18390133,-0.00698255,-0.00329426,0.16049742,2024,False
AOI-0001,2024-09-29,0.23185160,0.22507432,0.04599075,0.00060188,0.19922352,2024,True
AOI-0001,2025-04-23,0.40840909,0.42285507,0.01813347,0.00951569,0.47278116,2025,True
AOI-0001,2025-05-03,0.33632434,0.33632434,0.01128228,0.00081515,0.36908511,2025,False
AOI-0001,2025-06-03,0.45299835,0.48526190,-0.00003268,-0.02522173,0.43454105,2025,False
AOI-0001,2025-06-27,0.54072688,0.57235537,0.02904008,-0.01055532,0.65048234,2025,False
AOI-0001,2025-07-05,0.50373833,0.48895176,-0.00118909,-0.00279189,0.58228516,2025,False
AOI-0001,2025-07-12,0.43153848,0.39445236,0.06347953,0.00436578,0.49583598,2025,True
AOI-0001,2025-07-13,0.44596445,0.42732614,0.00053227,0.00477977,0.49722875,2025,False
AOI-0001,2025-07-23,0.37261822,0.34304762,-0.00741115,-0.01351425,0.41193913,2025,False
AOI-0001,2025-07-28,0.32894471,0.30563641,0.02596977,0.01408167,0.37091130,2025,True
AOI-0001,2025-07-29,0.27531268,0.31367205,0.05129797,0.01420725,0.39309043,2025,False
AOI-0001,2025-08-02,0.25548306,0.24345398,-0.01551968,0.03100076,0.30795238,2025,False
AOI-0001,2025-10-28,0.34561391,0.28070951,0.00877973,-0.00210870,0.22836271,2025,False
AOI-0002,2025-05-03,0.83449373,0.83447872,0.01128228,0.00678958,0.83587995,2025,False
AOI-0002,2025-06-03,0.61488115,0.62195914,-0.00003268,0.01483374,0.56974030,2025,False
AOI-0002,2025-06-26,0.41342964,0.43774010,0.06903863,0.02578331,0.40776882,2025,True
AOI-0002,2025-07-29,0.25887614,0.25314501,0.05129797,0.00130320,0.25990851,2025,False
AOI-0002,2025-08-02,0.17521061,0.16663222,-0.01551968,0.00667900,0.16480197,2025,False
AOI-0002,2025-08-13,0.25361947,0.25607864,0.06268806,0.00383304,0.25881015,2025,True
AOI-0002,2025-08-19,0.17540123,0.18527227,-0.00985437,0.00723178,0.15809696,2025,False
AOI-0003,2025-04-01,0.57829878,0.56758099,0.00000000,0.01377918,0.55761165,2025,False
AOI-0003,2025-04-18,0.77739805,0.78543144,-0.00852308,0.01686277,0.81525127,2025,False
AOI-0003,2025-04-19,0.78065747,0.80533579,0.01598667,0.01652623,0.84068040,2025,False
AOI-0003,2025-05-06,0.85445843,0.85373551,-0.01158598,-0.00200540,0.83952083,2025,False
AOI-0003,2025-06-04,0.75467423,0.76928749,0.00498980,-0.01424874,0.74654827,2025,False
AOI-0003,2025-06-13,0.39657066,0.40453152,0.00007443,0.00158823,0.58768897,2025,False
AOI-0003,2025-07-07,0.21278159,0.21876036,-0.02634257,0.01416030,0.17956372,2025,False
AOI-0003,2025-07-13,0.18553586,0.18606685,0.00053227,0.02700535,0.17497371,2025,False
AOI-0003,2025-07-15,0.17645369,0.18209476,-0.00249133,0.02987633,0.16649719,2025,False
AOI-0003,2025-08-04,0.10482183,0.11943106,-0.04544233,-0.00074136,0.16550686,2025,False
AOI-0003,2025-08-07,0.17537364,0.16865833,-0.01166672,0.02061449,0.18784759,2025,False
AOI-0003,2025-08-14,0.24351135,0.22013790,0.00000000,0.01709308,0.18319294,2025,False
AOI-0003,2025-08-22,0.18391810,0.17602404,-0.00994513,0.01184164,0.16121872,2025,False
AOI-0003,2025-08-23,0.23483677,0.23403621,0.03258077,0.00598824,0.20561150,2025,False
AOI-0004,2025-04-23,0.72045797,0.67857437,0.01813347,0.00283220,0.66868651,2025,True
AOI-0004,2025-05-04,0.71735229,0.64629370,0.00731763,0.00298665,0.64692839,2025,False
AOI-0004,2025-05-24,0.63439190,0.60127958,0.00000000,-0.00397072,0.66341835,2025,False
AOI-0004,2025-05-25,0.65204877,0.64222065,0.04911856,-0.00406157,0.69822711,2025,True
AOI-0004,2025-06-30,0.65175760,0.65175760,0.00000000,-0.01130906,0.59721744,2025,False
AOI-0004,2025-07-12,0.51564228,0.53500055,0.06347953,-0.01672642,0.49351754,2025,True
AOI-0004,2025-07-23,0.42228546,0.44486408,-0.00741115,0.00602696,0.46054794,2025,False
AOI-0004,2025-08-02,0.39862903,0.40573115,-0.01551968,0.00137207,0.40523550,2025,False
AOI-0004,2025-09-14,0.39500965,0.40117769,0.05483990,-0.01077460,0.37406864,2025,True
AOI-0004,2025-09-23,0.38280838,0.37381529,-0.00020035,-0.00804302,0.35902882,2025,False
AOI-0005,2025-05-01,0.61024290,0.62768580,-0.00302657,-0.00738877,0.66022399,2025,False
AOI-0005,2025-05-03,0.66886444,0.66797091,0.01128228,-0.00776938,0.66121897,2025,False
AOI-0005,2025-05-14,0.67069499,0.67294809,-0.00085470,0.03234676,0.55581957,2025,False
AOI-0005,2025-06-11,0.54741173,0.52398373,0.01085835,0.02444471,0.60519827,2025,False
AOI-0005,2025-07-21,0.42530047,0.41278069,0.03665540,0.00594652,0.41448072,2025,False
AOI-0005,2025-08-17,0.31683468,0.31879538,-0.00008883,0.02226136,0.33538699,2025,False
AOI-0005,2025-09-01,0.28569769,0.29281475,-0.00663205,-0.00991659,0.26001371,2025,False
AOI-0006,2025-04-01,0.22945358,0.23570084,0.00000000,0.00900668,0.21098583,2025,False
AOI-0006,2025-05-09,0.28121287,0.35277177,0.03885863,0.00890136,0.37453545,2025,True
AOI-0006,2025-05-25,0.46177590,0.51161142,0.04911856,0.00380798,0.54933970,2025,True
AOI-0006,2025-07-28,0.36776786,0.33109877,0.02596977,0.02877016,0.41464790,2025,True
AOI-0006,2025-08-09,0.23730908,0.24086625,-0.02266645,0.04188531,0.32269596,2025,False
AOI-0006,2025-08-22,0.26861692,0.24548137,-0.00994513,0.04771429,0.29434026,2025,False
AOI-0006,2025-08-30,0.27320301,0.26074099,0.03410470,0.05040984,0.25499103,2025,False
AOI-0006,2025-09-07,0.27067037,0.27067037,0.04209997,0.01229254,0.23245034,2025,False
AOI-0006,2025-10-28,0.46112876,0.46112876,0.00877973,-0.00376266,0.23441590,2025,False
AOI-0007,2025-04-01,0.24960997,0.29327751,0.00000000,-0.00152409,0.24009636,2025,False
AOI-0007,2025-04-18,0.35859857,0.36314239,-0.00852308,-0.00725667,0.28662629,2025,False
AOI-0007,2025-04-29,0.47272431,0.50629086,0.00198102,-0.00038918,0.40744562,2025,False
AOI-0007,2025-05-01,0.55309761,0.46872573,-0.00302657,0.00015554,0.42279138,2025,False
AOI-0007,2025-06-26,0.25061142,0.29139761,0.06903863,-0.04139262,0.32170484,2025,True
AOI-0007,2025-07-28,0.17278257,0.16244049,0.02596977,-0.00570294,0.15739545,2025,True
AOI-0007,2025-08-13,0.25475756,0.24157204,0.06268806,0.00663833,0.23073979,2025,True
AOI-0007,2025-08-14,0.12436017,0.13218128,0.00000000,0.00675753,0.15482345,2025,False
AOI-0007,2025-08-16,0.14570903,0.14061578,-0.00719055,0.00959939,0.15379588,2025,False
AOI-0007,2025-09-11,0.09721504,0.11003340,0.00000000,0.00879737,0.15595467,2025,False
AOI-0007,2025-09-26,0.18010699,0.17061854,0.00020035,-0.00141221,0.17826874,2025,False
AOI-0008,2025-04-17,0.74261437,0.76649425,0.00000000,-0.07010339,0.83611838,2025,False
AOI-0008,2025-04-24,0.82151440,0.84124552,-0.03100570,-0.04987214,0.84926414,2025,False
AOI-0008,2025-05-19,0.85367339,0.86088318,0.00754363,-0.00198992,0.87602469,2025,False
AOI-0008,2025-07-08,0.22431193,0.20596869,-0.01565705,0.01786577,0.20464556,2025,False
AOI-0008,2025-07-15,0.15390535,0.15228911,-0.00249133,0.01920713,0.18079004,2025,False
AOI-0008,2025-07-17,0.14295049,0.13824598,-0.01726271,0.02177743,0.17646465,2025,False
AOI-0008,2025-08-13,0.27193657,0.25558853,0.06268806,0.00775482,0.23568586,2025,True
AOI-0008,2025-09-01,0.17815766,0.16751632,-0.00663205,0.01130171,0.13927674,2025,False
AOI-0008,2025-09-30,0.27548015,0.35256059,0.03748496,0.00535594,0.25351607,2025,True
AOI-0008,2025-10-16,0.24324705,0.23162449,0.00879559,0.00452394,0.23496760,2025,True
AOI-0009,2025-04-01,0.49302901,0.49776005,0.00000000,-0.03806069,0.52012139,2025,False
AOI-0009,2025-04-23,0.85294155,0.86342944,0.01813347,-0.03074258,0.81076777,2025,True
AOI-0009,2025-05-04,0.81922312,0.81505045,0.00731763,-0.00434934,0.85604138,2025,False
AOI-0009,2025-06-30,0.22274129,0.22185338,0.00000000,0.00921937,0.19708586,2025,False
AOI-0009,2025-07-05,0.20077636,0.22506438,-0.00118909,0.00673780,0.19930630,2025,False
AOI-0009,2025-07-10,0.17083855,0.16534632,-0.03499475,-0.00044567,0.15788697,2025,False
AOI-0009,2025-07-25,0.18307102,0.17597954,-0.01033757,-0.00116424,0.16042548,2025,False
AOI-0009,2025-08-12,0.19440763,0.17941441,0.00492083,0.01138845,0.15676966,2025,False
AOI-0009,2025-08-17,0.17257320,0.16124253,-0.00008883,0.01826339,0.17365542,2025,False
AOI-0009,2025-08-22,0.17732816,0.17029929,-0.00994513,0.02020054,0.16187197,2025,False
AOI-0009,2025-08-24,0.14549931,0.14854133,-0.02844148,0.01879740,0.14095099,2025,False
AOI-0009,2025-09-14,0.24076555,0.24037876,0.05483990,-0.01080255,0.24462194,2025,True
AOI-0009,2025-09-16,0.17950200,0.17655309,-0.00934341,-0.00985149,0.17321804,2025,False
AOI-0009,2025-09-25,0.16432506,0.16151860,-0.02285954,0.01922485,0.15462233,2025,False
AOI-0009,2025-10-03,0.18353106,0.17975391,0.00000000,0.01709768,0.16167884,2025,False
AOI-0010,2010-06-19,0.29399516,0.33848400,-0.03730450,0.00814832,0.35988692,2010,False
AOI-0010,2010-08-06,0.23660002,0.24404752,-0.06199650,-0.00602839,0.20726326,2010,False
AOI-0010,2010-08-22,0.21001832,0.19795693,-0.00020160,0.00384427,0.20586214,2010,False
AOI-0010,2011-06-14,0.66531093,0.66531093,,0.00447367,0.51963088,2011,False
AOI-0010,2011-07-12,0.32672151,0.32672151,0.00000000,-0.00855127,0.36148934,2011,True
AOI-0010,2011-08-09,0.26192142,0.26192142,-0.00892096,0.00069550,0.25203563,2011,False
AOI-0010,2011-08-13,0.29485155,0.29485155,0.02296399,0.00151326,0.30937347,2011,True
AOI-0010,2011-09-10,0.17706799,0.17706799,-0.01322753,-0.00300151,0.19847268,2011,False
AOI-0010,2012-04-13,,,-0.01884067,0.00292403,0.26983857,2012,False
AOI-0010,2012-08-03,,,-0.00388238,-0.00016722,0.22287756,2012,False
AOI-0010,2013-04-16,,,-0.02645598,-0.01595471,0.66684184,2013,False
AOI-0010,2013-05-25,,,0.04185600,-0.00565221,0.65005550,2013,True
AOI-0010,2013-06-26,,,0.00000000,0.00955083,0.33067254,2013,True
AOI-0010,2013-07-12,,,0.01480307,0.01328129,0.31431254,2013,True
AOI-0010,2014-05-29,0.78282285,0.78896476,0.07836085,0.00125080,0.62157975,2014,False
AOI-0010,2014-06-06,0.54560668,0.56488696,-0.00419581,0.00441257,0.50793464,2014,False
AOI-0010,2014-06-10,0.54919265,0.55357196,0.04146349,0.00491494,0.41861658,2014,True
AOI-0010,2014-08-29,0.24968499,0.24208348,0.01839680,-0.00790177,0.25623688,2014,True
AOI-0010,2014-09-30,0.27233415,0.26176245,0.03060917,-0.00836311,0.24894235,2014,True
AOI-0010,2015-04-07,0.23855162,,0.01408732,0.00512737,0.32480338,2015,True
AOI-0010,2015-04-14,0.22553236,,-0.00742421,0.00549546,0.21844545,2015,False
AOI-0010,2015-05-25,0.24942279,,0.00846919,-0.00278855,0.36529660,2015,True
AOI-0010,2015-10-07,0.21538904,,0.00000000,-0.00260830,0.21002985,2015,False
AOI-0010,2016-07-27,0.35568348,0.35568348,0.00000000,-0.00521313,0.32611910,2016,True
AOI-0010,2016-08-12,0.31229245,0.29848075,0.01293359,0.00213679,0.30671448,2016,True
AOI-0010,2016-09-13,0.25378354,0.25378354,0.00000000,0.00967951,0.27890214,2016,True
AOI-0010,2017-04-03,0.40428604,0.34215985,0.00000000,0.00619455,0.34606290,2017,False
AOI-0010,2017-04-07,0.55588300,0.56297825,0.04759822,0.00619455,0.54363009,2017,True
AOI-0010,2017-08-01,0.14319821,0.13590262,0.01908172,0.00793121,0.16101944,2017,False
AOI-0010,2017-08-04,0.14858239,0.17067036,-0.01476090,0.00979506,0.15125642,2017,False
AOI-0010,2017-08-13,0.23063955,0.23940840,0.03106068,0.00473382,0.24414878,2017,True
AOI-0010,2017-08-29,0.18735277,0.17014145,0.05896267,0.01220913,0.22034167,2017,True
AOI-0010,2018-05-16,0.79123744,0.78390864,-0.00182922,0.01971387,0.80897095,2018,False
AOI-0010,2018-07-28,0.29895710,0.29806727,0.01469500,-0.00003964,0.24943177,2018,True
AOI-0010,2018-08-28,0.17316561,0.17897012,0.00000000,0.00570490,0.17548496,2018,False
AOI-0010,2018-09-14,0.23892638,0.23518420,0.02282745,0.01223644,0.22970961,2018,True
AOI-0010,2019-04-06,0.50769426,0.50769426,0.00000000,-0.00108266,0.42834413,2019,False
AOI-0010,2019-04-28,,,-0.01341914,-0.00215963,0.71167069,2019,False
AOI-0010,2019-05-19,,,-0.00031013,0.01136222,0.82963452,2019,False
AOI-0010,2019-06-20,0.28837013,0.28837013,-0.04355419,-0.00585127,0.21138281,2019,False
AOI-0010,2019-06-26,0.30277828,0.30521525,0.06290493,-0.02225194,0.25910407,2019,True
AOI-0010,2019-06-27,0.24715659,0.25946285,0.00587049,-0.03469159,0.16595516,2019,False
AOI-0010,2019-07-20,0.17431350,0.17431350,-0.00948663,0.00502476,0.17772841,2019,False
AOI-0010,2019-08-13,0.24698602,0.24698602,0.06965199,-0.00835441,0.29735708,2019,True
AOI-0010,2019-08-19,0.17085444,0.17085444,0.00000000,-0.01056808,0.17249432,2019,False
AOI-0010,2019-08-21,0.24144741,0.24144741,-0.00425638,-0.01276655,0.18300762,2019,False
AOI-0010,2019-09-23,0.18919134,0.18919134,-0.03682174,0.01533918,0.12500314,2019,False
AOI-0010,2020-06-06,0.55988240,0.58882122,-0.02858282,-0.01509787,0.35221674,2020,False
AOI-0010,2020-06-09,0.61655547,0.62032392,0.09872051,-0.00250486,0.35968226,2020,True
AOI-0010,2020-07-16,0.13174233,0.13742927,-0.08159701,0.00324246,0.13965405,2020,False
AOI-0010,2020-07-19,0.11990389,0.12667812,-0.04008644,0.00533903,0.14031720,2020,False
AOI-0010,2020-07-26,0.16593634,0.16719691,0.00000000,0.00830502,0.14692609,2020,False
AOI-0010,2020-07-31,0.16605350,0.16621667,-0.00235313,0.01510681,0.15924921,2020,False
AOI-0010,2020-09-09,0.18249543,0.18432351,0.00941592,0.00974015,0.17141099,2020,False
AOI-0010,2020-09-13,0.23819127,0.23705970,0.05067500,0.01114757,0.24516518,2020,True
AOI-0010,2020-09-19,0.15189878,0.14915975,-0.01489088,0.00678147,0.13436921,2020,False
AOI-0010,2020-09-27,0.17012877,0.15814951,-0.01005108,0.00846445,0.15398048,2020,False
AOI-0010,2021-05-05,,,-0.00101080,-0.00153692,0.34120579,2021,False
AOI-0010,2021-05-09,,,0.06681065,-0.00421964,0.49417022,2021,True
AOI-0010,2021-07-28,,,0.00827202,-0.00209853,0.32742048,2021,True
AOI-0010,2021-08-05,,,-0.01230837,0.00135302,0.23975637,2021,False
AOI-0010,2021-09-04,,,-0.02650345,-0.00499429,0.30430444,2021,False
AOI-0010,2021-09-17,,,-0.00423643,-0.00641694,0.34462684,2021,False
AOI-0010,2021-10-27,,,0.00000000,-0.02997988,0.37384253,2021,False
AOI-0010,2022-06-06,0.74730928,0.74730928,0.00169175,0.02367611,0.70825055,2022,False
AOI-0010,2022-06-10,0.74569413,0.74309559,0.00000000,0.02415140,0.66779894,2022,True
AOI-0010,2022-06-11,0.71089469,0.71909257,0.00364499,0.02100595,0.67409382,2022,False
AOI-0010,2022-07-17,0.30824042,0.30824042,0.00000000,-0.03651414,0.29729867,2022,False
AOI-0010,2022-07-28,0.37723788,0.36288327,0.03029926,-0.01699970,0.35273442,2022,True
AOI-0010,2022-09-08,0.28798237,0.28265261,0.00493626,-0.01449535,0.29094127,2022,False
AOI-0010,2023-04-02,0.51813587,0.47909541,-0.00932541,0.00795251,0.52623021,2023,False
AOI-0010,2023-04-27,0.66184634,0.67606728,-0.03648607,0.00779837,0.66259609,2023,False
AOI-0010,2023-06-08,0.70707187,0.68196844,-0.00230642,0.00101870,0.72338732,2023,False
AOI-0010,2023-06-16,0.65301053,0.64348361,-0.02365009,0.01216350,0.59122060,2023,False
AOI-0010,2023-08-23,0.26111708,0.25170939,-0.00361637,-0.00063852,0.24818290,2023,False
AOI-0010,2023-08-30,0.27192485,0.26779207,-0.00416486,0.01091765,0.25586553,2023,False
AOI-0010,2023-09-19,0.26222366,0.26035267,-0.00306752,0.00580206,0.26427780,2023,False
AOI-0010,2024-04-04,0.63151765,0.64057517,0.00000000,-0.00144631,0.57782995,2024,False
AOI-0010,2024-04-26,0.62957947,0.62957947,-0.12733532,-0.00277898,0.68469494,2024,False
AOI-0010,2024-05-08,0.69956502,0.72889483,0.04741222,0.01680513,0.75628166,2024,True
AOI-0010,2024-05-21,0.67561616,0.67561616,-0.00333027,0.01388241,0.73028030,2024,False
AOI-0010,2024-06-18,0.32995439,0.31458404,-0.00934866,-0.03386742,0.25861529,2024,False
AOI-0010,2024-06-20,0.28094435,0.28662516,-0.05788799,-0.01397067,0.22771437,2024,False
AOI-0010,2024-07-08,0.20831728,0.21513836,-0.02848439,0.00857085,0.18077756,2024,False
AOI-0010,2024-07-15,0.19333441,0.18718965,-0.01483584,0.00886363,0.17418467,2024,False
AOI-0010,2024-08-12,0.21877211,0.23162927,0.00670859,0.00197186,0.22815698,2024,True
AOI-0010,2024-09-06,0.21460362,0.20584544,0.00000000,0.00379673,0.20640458,2024,False
AOI-0010,2024-09-28,0.19429415,0.19369481,-0.00466951,0.00155847,0.20086051,2024,False
AOI-0010,2024-10-01,0.19477283,0.19046933,0.00659322,0.00137109,0.18932732,2024,False
AOI-0010,2024-10-15,0.25223170,0.25138887,0.02355462,0.00064649,0.26736619,2024,True
AOI-0010,2024-10-23,0.21422389,0.22840030,-0.01025412,0.00061117,0.20896237,2024,False
AOI-0010,2025-04-16,0.32693501,0.36081335,-0.01990265,-0.01039934,0.38120301,2025,False
AOI-0010,2025-04-18,0.38757533,0.43229513,-0.00852308,-0.01018819,0.43257998,2025,False
AOI-0010,2025-05-09,0.61216813,0.61130984,0.03885863,0.00195960,0.74315474,2025,True
AOI-0010,2025-06-05,0.49290634,0.50041324,-0.00599929,-0.01182061,0.49772182,2025,False
AOI-0010,2025-06-07,0.45201474,0.46456319,-0.03444797,-0.01376811,0.44476840,2025,False
AOI-0010,2025-06-28,0.15668788,0.18247275,0.04834604,-0.00071308,0.21846278,2025,False
AOI-0010,2025-07-05,0.19133893,0.23121829,-0.00118909,0.00188964,0.18624063,2025,False
AOI-0010,2025-07-06,0.27016907,0.26592228,0.03000349,0.00248203,0.23951177,2025,False
AOI-0010,2025-07-07,0.18692766,0.19207496,-0.02634257,0.00306098,0.17388684,2025,False
AOI-0010,2025-07-25,0.16414820,0.16806619,-0.01033757,-0.01101996,0.15351513,2025,False
AOI-0010,2025-07-30,0.18331979,0.18282039,-0.00322138,-0.01551140,0.15942412,2025,False
AOI-0010,2025-08-16,0.17890158,0.18028147,-0.00719055,0.02099755,0.18396482,2025,False
AOI-0010,2025-08-27,0.18203862,0.17635390,0.00000000,0.00173466,0.17576717,2025,False
AOI-0010,2025-09-16,0.23865139,0.22291931,-0.00934341,0.00906289,0.21869330,2025,False
AOI-0010,2025-09-30,0.31534824,0.29961433,0.03748496,0.00781614,0.31096154,2025,True
AOI-0010,2025-10-05,0.10496036,0.12900451,-0.02807480,0.01037343,0.18598354,2025,False
AOI-0011,2025-04-07,0.77526528,0.76490773,0.05968037,-0.02498397,0.71833176,2025,True
AOI-0011,2025-04-17,0.76191415,0.76683904,0.00000000,-0.02528651,0.78834511,2025,False
AOI-0011,2025-04-23,0.86533799,0.84651971,0.01813347,-0.02261155,0.83463720,2025,True
AOI-0011,2025-04-28,0.87666840,0.87209807,0.00000000,0.00605212,0.84671456,2025,False
AOI-0011,2025-05-24,0.83590649,0.83272517,0.00000000,0.04468651,0.82252516,2025,False
AOI-0011,2025-06-03,0.54938951,0.61137688,-0.00003268,0.01451556,0.58366787,2025,False
AOI-0011,2025-07-12,0.25680077,0.25776955,0.06347953,0.01097422,0.28151050,2025,True
AOI-0011,2025-08-06,0.20818564,0.20091862,0.00064041,0.00853040,0.21907445,2025,False
AOI-0011,2025-08-14,0.19076630,0.18994436,0.00000000,0.01613798,0.22603470,2025,False
AOI-0011,2025-08-19,0.18958590,0.19129598,-0.00985437,0.01440988,0.20538978,2025,False
AOI-0011,2025-08-27,0.20422990,0.20021164,0.00000000,0.00047674,0.18477229,2025,False
AOI-0011,2025-09-30,0.28501602,0.27852650,0.03748496,0.00860939,0.26410100,2025,True
AOI-0011,2025-10-03,0.20711675,0.20273217,0.00000000,0.00895176,0.16954179,2025,False
AOI-0011,2025-10-05,0.09824045,0.09113744,-0.02807480,0.00873129,0.11872604,2025,False
AOI-0012,2025-04-01,0.21469431,0.23554696,0.00000000,-0.01586925,0.23541794,2025,False
AOI-0012,2025-04-28,0.51633805,0.47492917,0.00000000,-0.01080968,0.48849766,2025,False
AOI-0012,2025-05-16,0.65395393,0.64524790,-0.01713689,0.01986519,0.72831365,2025,False
AOI-0012,2025-06-03,0.62391125,0.59955692,-0.00003268,-0.01522480,0.61717806,2025,False
AOI-0012,2025-06-05,0.59457594,0.57607675,-0.00599929,-0.01946802,0.55178411,2025,False
AOI-0012,2025-06-15,0.29505523,0.31313646,-0.01217993,-0.04929744,0.27642597,2025,False
AOI-0012,2025-06-26,0.26158157,0.28134835,0.06903863,0.01257640,0.30272231,2025,True
AOI-0012,2025-07-10,0.18668963,0.18739373,-0.03499475,0.03446902,0.15587735,2025,False
AOI-0012,2025-07-18,0.15692814,0.16352336,-0.01324803,0.02095190,0.14612944,2025,False
AOI-0012,2025-07-30,0.17736954,0.18226076,-0.00322138,-0.00283504,0.15607015,2025,False
AOI-0013,2010-04-16,0.41939052,,-0.01240977,-0.00114258,0.67495200,2010,False
AOI-0013,2010-06-10,,,0.03851529,0.00150455,0.47892590,2010,True
AOI-0013,2010-06-19,0.43489377,,-0.03730450,0.00785781,0.33920291,2010,False
AOI-0013,2010-10-24,0.21719004,,0.00000000,0.00143217,0.21300688,2010,False
AOI-0013,2011-04-18,,,-0.03740962,0.00909148,0.21154611,2011,False
AOI-0013,2011-04-26,,,-0.04374107,0.01016395,0.22154314,2011,False
AOI-0013,2012-05-08,0.49489344,,0.00000000,0.00336404,0.53715167,2012,True
AOI-0013,2012-06-23,0.40507310,,-0.10996471,0.01856421,0.53499445,2012,False
AOI-0013,2012-08-12,0.43343456,,0.00000000,0.00147238,0.44925251,2012,True
AOI-0013,2013-04-16,0.33288431,,-0.02645598,0.00368873,0.26664657,2013,False
AOI-0013,2013-04-24,,,-0.01436443,0.00372354,0.28679674,2013,False
AOI-0013,2013-05-02,0.37163657,,-0.00682679,0.00208122,0.29873108,2013,False
AOI-0013,2013-05-09,,,0.00000000,0.00276811,0.44468594,2013,True
AOI-0013,2013-06-11,,,-0.00071208,-0.01179102,0.49565180,2013,False
AOI-0013,2013-07-12,0.42301657,,0.01480307,-0.00022680,0.51025423,2013,True
AOI-0013,2013-07-28,,,0.01239715,0.00697270,0.45841867,2013,True
AOI-0013,2014-05-29,0.52487890,,0.07836085,0.04639000,0.45144113,2014,False
AOI-0013,2014-06-10,0.45356935,0.45356935,0.04146349,0.02363231,0.48487942,2014,True
AOI-0013,2014-07-28,0.43480696,0.43480696,0.04931972,-0.01325513,0.40677158,2014,True
AOI-0013,2014-08-01,0.37909457,0.37964244,0.00000000,0.00189934,0.33789490,2014,False
AOI-0013,2014-08-08,0.37538434,0.37538434,0.01693293,-0.00510960,0.34065401,2014,False
AOI-0013,2014-08-13,0.39359995,0.39950975,0.03339717,-0.00882365,0.40143871,2014,True
AOI-0013,2015-05-09,0.42395882,,0.04551040,0.01182226,0.56421478,2015,True
AOI-0013,2015-05-23,0.41826769,,0.00559089,-0.00645069,0.46416447,2015,False
AOI-0013,2015-07-12,0.49635159,,0.00000000,0.01330388,0.54355031,2015,True
AOI-0013,2015-08-20,0.44739033,,0.04121617,-0.00135019,0.38801106,2015,False
AOI-0013,2015-10-07,0.39319008,,0.00000000,0.00225370,0.32206292,2015,False
AOI-0013,2015-10-16,0.36697418,,0.00000000,0.00214069,0.37201911,2015,True
AOI-0013,2016-05-09,,,0.00000000,-0.00502341,0.45898555,2016,False
AOI-0013,2016-05-10,,,-0.01068213,-0.00516805,0.44573547,2016,False
AOI-0013,2016-08-12,,,0.01293359,-0.01058091,0.64501148,2016,True
AOI-0013,2016-08-21,,,-0.06066967,-0.01213433,0.66488426,2016,False
AOI-0013,2016-09-13,,,0.00000000,-0.00659375,0.61437008,2016,True
AOI-0013,2016-10-09,,,0.00000000,-0.01653421,0.55080962,2016,False
AOI-0013,2017-04-11,0.26940467,0.26940467,-0.03142417,0.01262477,0.23660258,2017,False
AOI-0013,2017-04-28,0.36450778,0.34272846,-0.03136689,0.01333080,0.36526722,2017,False
AOI-0013,2017-05-01,0.37759157,0.36143713,-0.01286017,0.01320251,0.36311987,2017,False
AOI-0013,2017-05-21,0.53354887,0.53354887,0.00243914,0.03755425,0.59632105,2017,False
AOI-0013,2017-05-29,0.50203658,0.50460377,-0.01855071,0.03049934,0.55915221,2017,False
AOI-0013,2017-06-30,0.61760117,0.62760148,0.00000000,-0.02261771,0.65572630,2017,False
AOI-0013,2017-07-27,0.53647279,0.51940906,-0.03399397,0.02136402,0.50937926,2017,False
AOI-0013,2017-08-08,0.45734299,0.42358479,-0.01509943,0.00992558,0.45000184,2017,False
AOI-0013,2017-08-24,0.40326264,0.36813990,-0.02358906,0.00418686,0.42796710,2017,False
AOI-0013,2017-09-13,0.41976625,0.43028166,-0.03068546,0.00039901,0.46435036,2017,False
AOI-0013,2017-09-17,0.44663574,0.45049823,0.02384322,-0.00466890,0.48641662,2017,False
AOI-0013,2017-09-30,0.34991864,0.32143345,0.00848314,-0.00071230,0.42296706,2017,True
AOI-0013,2018-05-25,,,0.01437865,0.01710091,0.49147345,2018,True
AOI-0013,2018-06-08,,,-0.03284955,0.02108652,0.39282680,2018,False
AOI-0013,2018-06-15,,,0.00627196,0.02015769,0.35482668,2018,False
AOI-0013,2018-07-12,,,0.01527116,0.01331154,0.44160691,2018,True
AOI-0013,2018-08-13,,,0.02947933,-0.01736384,0.43240985,2018,True
AOI-0013,2018-08-27,,,-0.04120441,-0.01765760,0.42435484,2018,False
AOI-0013,2018-09-28,,,,0.00106047,0.42018653,2018,False
AOI-0013,2018-10-06,,,0.03842912,-0.00311703,0.41736073,2018,False
AOI-0013,2019-04-01,0.32842526,,0.00000000,0.01783192,0.24666763,2019,False
AOI-0013,2019-05-06,0.43444944,,0.00345638,0.02858211,0.39289014,2019,False
AOI-0013,2019-06-02,0.49757943,,-0.01550560,0.01824288,0.42687537,2019,False
AOI-0013,2019-06-05,0.51377245,,0.00000000,0.01376896,0.42407867,2019,False
AOI-0013,2019-06-12,,,0.02226573,0.00874850,0.44800893,2019,False
AOI-0013,2019-06-25,0.50485434,,-0.02196028,0.00861541,0.39913186,2019,False
AOI-0013,2019-07-17,,,-0.03389352,-0.02068753,0.44511343,2019,False
AOI-0013,2019-07-28,0.39329694,,0.04742407,-0.01817193,0.57180888,2019,True
AOI-0013,2019-08-24,,,-0.02709838,-0.02817266,0.46729485,2019,False
AOI-0013,2019-08-31,,,0.00000000,-0.03065873,0.52983076,2019,False
AOI-0013,2019-09-08,0.43695037,,0.00036908,0.00018906,0.50418381,2019,False
AOI-0013,2019-09-13,,,-0.00316537,-0.02209550,0.46973474,2019,False
AOI-0013,2019-10-02,0.50917292,,-0.02569789,-0.04050737,0.51285339,2019,False
AOI-0013,2019-10-10,0.54329746,,-0.00239808,0.01933848,0.52783606,2019,False
AOI-0013,2019-10-17,0.48453925,,0.00948898,0.00711346,0.48691036,2019,False
AOI-0013,2020-04-22,0.37997052,,-0.00006658,-0.00234163,0.39551703,2020,True
AOI-0013,2020-05-12,0.34208213,,0.01005814,0.02865213,0.36775166,2020,False
AOI-0013,2020-06-24,0.46885315,,-0.10708552,0.00031498,0.46206998,2020,False
AOI-0013,2020-06-26,0.56875652,,0.03677767,-0.00373083,0.48595313,2020,False
AOI-0013,2020-08-12,0.43596960,,0.06233729,-0.04153112,0.43691379,2020,True
AOI-0013,2020-08-15,0.45886527,,0.00000000,-0.04290990,0.40563752,2020,False
AOI-0013,2020-08-16,0.43462267,,-0.00042559,-0.04523863,0.42533557,2020,False
AOI-0013,2020-08-20,0.43440131,,-0.01053290,-0.04078918,0.40226422,2020,False
AOI-0013,2020-10-27,0.29025398,,0.00000000,0.01077161,0.37782916,2020,False
AOI-0013,2021-04-23,0.45391176,,0.02263228,-0.01088355,0.45335983,2021,True
AOI-0013,2021-06-10,0.60700775,,0.08999751,-0.00644673,0.60997941,2021,True
AOI-0013,2021-06-11,,,0.01382655,-0.00634084,0.53210565,2021,False
AOI-0013,2021-06-21,0.54924011,,-0.00914338,-0.00775324,0.50841774,2021,False
AOI-0013,2021-07-12,0.53233347,,0.07157591,0.00223748,0.51957852,2021,True
AOI-0013,2021-07-14,,,0.00000000,0.00631490,0.53838870,2021,False
AOI-0013,2021-08-20,0.48009592,,-0.03082844,-0.03508625,0.48064362,2021,False
AOI-0013,2021-10-14,0.53041109,,-0.01154898,-0.02039053,0.41393858,2021,False
AOI-0013,2021-10-16,0.36210299,,0.00230037,-0.02003345,0.46255738,2021,True
AOI-0013,2022-04-02,,,0.00000000,0.00928128,0.55697190,2022,False
AOI-0013,2022-04-17,,,0.04692934,0.01055252,0.58967761,2022,False
AOI-0013,2022-04-24,,,,0.01119113,0.56511232,2022,False
AOI-0013,2022-04-25,,,-0.00638472,0.01102134,0.54372039,2022,False
AOI-0013,2022-06-10,,,0.00000000,-0.02096752,0.52483802,2022,True
AOI-0013,2022-06-16,,,-0.01393982,-0.01991963,0.36938479,2022,False
AOI-0013,2022-06-26,,,0.01647727,-0.00842445,0.53527005,2022,True
AOI-0013,2022-07-05,,,0.01001051,0.00514945,0.52475705,2022,False
AOI-0013,2022-07-17,,,0.00000000,-0.00329194,0.56751632,2022,False
AOI-0013,2022-07-22,,,0.01248117,-0.01675808,0.55721347,2022,False
AOI-0013,2022-08-14,,,0.05378732,0.00812299,0.57204801,2022,False
AOI-0013,2022-09-14,,,0.01771263,-0.00829072,0.41176124,2022,True
AOI-0013,2022-10-07,,,0.00000000,-0.00313134,0.38184972,2022,False
AOI-0013,2022-10-14,,,0.00035104,-0.00620585,0.39749615,2022,False
AOI-0013,2023-04-10,,,-0.06138008,0.04395378,0.45103677,2023,False
AOI-0013,2023-06-21,0.51880838,,0.00000000,0.00563846,0.53159911,2023,False
AOI-0013,2023-06-29,0.55943990,,0.00000000,-0.01898797,0.52128932,2023,False
AOI-0013,2023-07-06,0.52787279,,-0.01903102,-0.02224153,0.46364647,2023,False
AOI-0013,2023-07-12,0.55321563,,0.05107796,-0.02418625,0.53040076,2023,True
AOI-0013,2023-07-24,,,-0.06516683,-0.00490765,0.51330581,2023,False
AOI-0013,2023-08-05,0.51247023,,-0.04328048,0.01434354,0.49035878,2023,False
AOI-0013,2023-08-20,0.48142681,,-0.00920293,-0.01651548,0.51909264,2023,False
AOI-0013,2023-08-23,0.49412225,,-0.00361637,-0.01800878,0.51943884,2023,False
AOI-0013,2023-08-26,0.49239266,,0.03743078,-0.02925356,0.50262486,2023,False
AOI-0013,2023-09-11,0.47494447,,0.03376815,0.01276158,0.52444004,2023,False
AOI-0013,2023-09-14,0.44296091,,0.00000000,0.01411040,0.50255551,2023,True
AOI-0013,2023-09-24,0.46478453,,-0.00504968,-0.00710514,0.50234825,2023,False
AOI-0013,2023-10-05,0.40879746,,0.01430868,-0.01566427,0.47282129,2023,False
AOI-0013,2023-10-14,0.41531019,,-0.02773937,0.00155299,0.40410824,2023,False
AOI-0013,2023-10-17,,,-0.03496212,0.01325160,0.32425065,2023,False
AOI-0013,2023-10-19,0.41475934,,-0.01037455,0.01279263,0.37440244,2023,False
AOI-0013,2024-04-26,,,-0.12733532,0.01067655,0.42122167,2024,False
AOI-0013,2024-05-04,,,0.00486396,0.01093317,0.47917245,2024,False
AOI-0013,2024-05-23,,,0.00000000,0.00282708,0.53491254,2024,False
AOI-0013,2024-05-24,,,0.01278292,0.01030604,0.53937712,2024,True
AOI-0013,2024-06-30,,,-0.01949094,0.00991229,0.49576660,2024,False
AOI-0013,2024-07-02,,,0.01434225,0.01230332,0.54138681,2024,False
AOI-0013,2024-07-11,,,0.06991471,0.01282670,0.49731479,2024,True
AOI-0013,2024-07-26,,,-0.00372744,-0.03263123,0.45584771,2024,False
AOI-0013,2024-07-27,,,0.02934325,-0.03337888,0.48562046,2024,True
AOI-0013,2024-08-09,,,-0.01365999,-0.02744537,0.46463644,2024,False
AOI-0013,2024-08-11,,,-0.00196003,-0.00832803,0.51911324,2024,False
AOI-0013,2024-09-03,,,0.00000000,-0.02142888,0.48048952,2024,False
AOI-0013,2024-09-06,,,0.00000000,-0.02312824,0.51298537,2024,False
AOI-0013,2024-09-26,,,-0.05005555,-0.01000838,0.45447734,2024,False
AOI-0013,2024-10-08,,,-0.01582620,-0.02412364,0.38983610,2024,False
AOI-0013,2025-04-01,,,0.00000000,0.03186564,0.47382436,2025,False
AOI-0013,2025-04-28,,,0.00000000,0.02814933,0.54767730,2025,False
AOI-0013,2025-05-16,,,-0.01713689,0.00394852,0.49483784,2025,False
AOI-0013,2025-05-19,,,0.00754363,0.00892340,0.51563843,2025,False
AOI-0013,2025-05-24,,,0.00000000,-0.00095286,0.50910135,2025,False
AOI-0013,2025-07-07,,,-0.02634257,-0.00210156,0.47874015,2025,False
AOI-0013,2025-07-08,,,-0.01565705,-0.00656336,0.48381476,2025,False
AOI-0013,2025-07-14,,,0.02032363,-0.00746113,0.50154287,2025,False
AOI-0013,2025-07-21,,,0.03665540,0.01296063,0.53357776,2025,False
AOI-0013,2025-07-27,,,-0.05942693,0.05016468,0.51268194,2025,False
AOI-0013,2025-08-15,,,0.04845079,-0.04223358,0.52549954,2025,False
AOI-0013,2025-09-03,,,-0.00936857,0.00151239,0.46608374,2025,False
AOI-0013,2025-09-07,,,0.04209997,-0.00523771,0.52718175,2025,False
AOI-0014,2010-04-07,0.59777825,0.54688828,0.00000000,-0.01426167,0.53733055,2010,True
AOI-0014,2010-04-24,0.81351003,0.81351003,0.00619117,-0.01586525,0.71712382,2010,False
AOI-0014,2010-06-10,0.62572413,0.65439579,0.03851529,0.00544949,0.70329870,2010,True
AOI-0014,2010-09-23,0.22351173,0.22351173,-0.03607469,-0.00154027,0.18545064,2010,False
AOI-0014,2011-04-19,0.15803660,0.15803660,-0.01188659,0.00704387,0.21821917,2011,False
AOI-0014,2011-04-26,0.16794635,0.16878676,-0.04374107,0.00803573,0.22870175,2011,False
AOI-0014,2011-05-09,0.40070350,0.41944377,0.00000000,0.00698053,0.59797236,2011,True
AOI-0014,2011-05-28,0.33030713,0.33040166,-0.00516912,0.00648359,0.61522599,2011,False
AOI-0014,2011-06-14,0.58491806,0.58491806,,0.01305646,0.73468788,2011,False
AOI-0014,2011-08-01,,,0.00683332,0.00441650,0.45946453,2011,False
AOI-0014,2011-09-14,0.33800103,0.35894156,0.05405889,0.01261504,0.28640399,2011,True
AOI-0014,2011-09-17,0.30316162,0.30316162,0.00000000,0.01183718,0.21231831,2011,False
AOI-0014,2011-10-27,0.40264772,0.37769768,-0.00181832,0.00866282,0.34301783,2011,False
AOI-0014,2012-05-06,0.71502641,0.71502641,0.00000000,-0.00177598,0.68046682,2012,False
AOI-0014,2012-06-25,0.36269405,0.36269405,0.02442675,0.01532017,0.39544534,2012,True
AOI-0014,2012-08-28,0.28150503,0.28150503,0.00000000,0.00165420,0.28314338,2012,True
AOI-0014,2012-09-04,,,0.00088991,0.00833179,0.20908689,2012,False
AOI-0014,2012-09-11,,,-0.03135522,0.01072733,0.20747472,2012,False
AOI-0014,2012-09-27,,,-0.02386882,0.01371392,0.17355121,2012,False
AOI-0014,2013-05-09,0.42019982,0.42019982,0.00000000,0.03147805,0.45508849,2013,True
AOI-0014,2013-06-11,0.48697566,0.48697566,-0.00071208,-0.01017596,0.58033393,2013,False
AOI-0014,2013-06-19,,,-0.02914720,-0.01118136,0.66397743,2013,False
AOI-0014,2013-07-28,,,0.01239715,0.00769227,0.66968756,2013,True
AOI-0014,2013-09-14,,,0.00000000,-0.00757980,0.36826135,2013,True
AOI-0014,2013-09-23,0.15103879,0.15103879,0.00000000,-0.00939844,0.25225562,2013,False
AOI-0014,2014-06-26,0.45952205,0.42728889,0.02347122,0.02142344,0.43093820,2014,True
AOI-0014,2014-06-29,,,-0.02231746,0.02270594,0.34709560,2014,False
AOI-0014,2014-08-17,0.25384540,0.26091519,0.00045226,0.00350862,0.21475165,2014,False
AOI-0014,2014-09-30,0.29594603,0.30984739,0.03060917,0.01419554,0.30617517,2014,True
AOI-0014,2014-10-27,,,0.00087995,-0.00737658,0.22131916,2014,False
AOI-0014,2015-04-14,0.49860182,0.49860182,-0.00742421,-0.00278757,0.39384223,2015,False
AOI-0014,2015-06-16,,,,-0.01757150,0.59848592,2015,False
AOI-0014,2015-06-26,0.51219953,0.51219953,0.00028490,-0.00534710,0.45581252,2015,True
AOI-0014,2015-07-12,0.36174465,0.37358285,0.00000000,0.00318655,0.44392959,2015,True
AOI-0014,2015-07-27,0.24118584,0.24118584,-0.05275639,0.02329755,0.31305423,2015,False
AOI-0014,2015-08-28,0.20610613,0.20610613,-0.03179189,0.00431582,0.21947885,2015,False
AOI-0014,2016-04-22,,,0.00000000,0.04012513,0.43651126,2016,True
AOI-0014,2016-05-09,,,0.00000000,0.00713012,0.32758181,2016,False
AOI-0014,2016-06-03,,,0.00031688,-0.01252513,0.65178699,2016,False
AOI-0014,2016-06-19,,,-0.04845494,-0.00132378,0.79667547,2016,False
AOI-0014,2016-08-13,,,-0.00518034,0.02243555,0.46132978,2016,False
AOI-0014,2016-08-30,,,-0.01781688,-0.01192331,0.31668765,2016,False
AOI-0014,2017-04-26,0.78415929,0.79037680,-0.00656328,-0.01626168,0.77256779,2017,False
AOI-0014,2017-04-28,0.70509411,0.70509411,-0.03136689,0.00405129,0.78080055,2017,False
AOI-0014,2017-05-21,0.93572021,0.93572021,0.00243914,0.01263236,0.89175964,2017,False
AOI-0014,2017-05-29,0.85526729,0.86132212,-0.01855071,0.00709916,0.85813969,2017,False
AOI-0014,2017-07-23,0.24633537,0.24633537,0.00000000,0.03146724,0.26881497,2017,False
AOI-0014,2017-07-31,0.29271174,0.29271174,0.09366623,0.01395731,0.23680623,2017,False
AOI-0014,2017-08-06,0.13701491,0.13701491,-0.00761332,0.03870132,0.14713389,2017,False
AOI-0014,2017-08-21,0.16128355,0.16128355,-0.00012456,0.01129541,0.14414361,2017,False
AOI-0014,2017-09-10,0.19747771,0.19747771,0.00000000,0.02621857,0.15733419,2017,False
AOI-0014,2017-09-30,0.26937710,0.26923894,0.00848314,0.00925596,0.23927822,2017,True
AOI-0014,2017-10-08,0.14760595,0.13844667,-0.00885840,0.01024803,0.16410982,2017,False
AOI-0014,2018-04-07,0.59500741,0.53973604,-0.00319098,-0.00844821,0.57425719,2018,True
AOI-0014,2018-05-03,0.77911124,0.76318417,-0.01010318,0.02707055,0.79904778,2018,False
AOI-0014,2018-06-24,0.23096725,0.23096725,,-0.01065970,0.28399015,2018,False
AOI-0014,2018-07-18,0.16521025,0.16521025,0.00000000,0.00213702,0.23431244,2018,False
AOI-0014,2018-08-27,0.18159142,0.17992998,-0.04120441,0.02698495,0.19918565,2018,False
AOI-0014,2018-10-06,0.22979655,0.22823426,0.03842912,0.01722699,0.21884778,2018,False
AOI-0014,2019-04-01,,,0.00000000,-0.00756886,0.19200658,2019,False
AOI-0014,2019-04-21,,,0.00000000,-0.00907938,0.22336087,2019,False
AOI-0014,2019-05-01,,,-0.05928565,-0.01516430,0.20733625,2019,False
AOI-0014,2019-05-09,,,-0.00298841,-0.00257843,0.58698290,2019,True
AOI-0014,2019-05-27,,,0.08851796,-0.01473900,0.70265137,2019,False
AOI-0014,2019-05-28,,,0.02365762,-0.01338515,0.65808923,2019,False
AOI-0014,2019-06-04,,,-0.04074273,-0.01636303,0.79032021,2019,False
AOI-0014,2019-06-11,,,0.09359261,-0.00271674,0.84988413,2019,False
AOI-0014,2019-06-15,,,0.00000000,0.00100661,0.85642685,2019,False
AOI-0014,2019-06-22,,,-0.05403392,-0.00748276,0.78867768,2019,False
AOI-0014,2019-07-06,,,-0.00894058,-0.04824509,0.64283449,2019,False
AOI-0014,2019-08-14,,,0.02503320,0.01387848,0.33043068,2019,False
AOI-0014,2019-08-26,,,-0.03463122,-0.02420660,0.19966616,2019,False
AOI-0014,2020-04-06,0.67020045,0.69608607,0.05959828,-0.01168409,0.68919336,2020,True
AOI-0014,2020-04-07,0.71715225,0.71148320,-0.00012641,-0.01183743,0.69739776,2020,False
AOI-0014,2020-04-17,0.65913963,0.65305896,-0.00000597,-0.01093901,0.67755163,2020,False
AOI-0014,2020-04-22,0.64155677,0.67589590,-0.00006658,-0.03812598,0.66769567,2020,True
AOI-0014,2020-04-25,0.72900874,0.69226838,-0.00252546,-0.03911558,0.71308903,2020,False
AOI-0014,2020-05-15,0.67281579,0.62185222,-0.01076361,-0.03984670,0.65131197,2020,False
AOI-0014,2020-05-17,0.69937543,0.67921782,-0.00124301,-0.04184367,0.66020888,2020,False
AOI-0014,2020-06-04,0.47817066,0.47817066,-0.08414499,0.01650585,0.64860347,2020,False
AOI-0014,2020-06-25,0.32452877,0.31163168,0.09745685,-0.02951278,0.30676215,2020,True
AOI-0014,2020-07-11,0.15058814,0.14774023,0.02903697,0.00079837,0.19599738,2020,True
AOI-0014,2020-07-27,0.23854319,0.24896022,0.05864919,0.01455709,0.24740290,2020,True
AOI-0014,2020-08-16,0.17007608,0.17007608,-0.00042559,0.01406351,0.19895845,2020,False
AOI-0014,2020-09-09,0.17424301,0.18933293,0.00941592,0.00855142,0.16271057,2020,False
AOI-0014,2020-09-24,0.14556714,0.13919687,-0.02427653,0.01109102,0.14320318,2020,False
AOI-0014,2021-04-07,0.26446270,0.26446270,0.01334586,0.00582292,0.47105993,2021,True
AOI-0014,2021-04-29,0.75683471,0.75683471,0.00000000,0.02956586,0.67779387,2021,False
AOI-0014,2021-05-25,0.50256966,0.50256966,0.02479899,0.02385125,0.78547409,2021,True
AOI-0014,2021-08-13,0.36119829,0.36119829,0.04526438,0.00253364,0.25255976,2021,True
AOI-0014,2021-08-18,0.29444399,0.29444399,0.05698820,0.02423087,0.16512122,2021,False
AOI-0014,2021-09-14,0.29770834,0.29770834,0.00332144,-0.00387911,0.19795470,2021,True
AOI-0014,2021-10-12,0.14682860,0.14682860,-0.06115295,0.01244633,0.10565944,2021,False
AOI-0014,2021-10-14,0.16866098,0.16866098,-0.01154898,-0.00045567,0.16520481,2021,False
AOI-0014,2022-05-15,0.20565803,0.20565803,0.00305317,0.00109658,0.23523028,2022,False
AOI-0014,2022-05-26,,,0.00477484,-0.00921913,0.36298361,2022,False
AOI-0014,2022-05-27,,,-0.02358743,-0.03024370,0.31285002,2022,False
AOI-0014,2022-06-24,,,-0.10029015,-0.01262121,0.69775285,2022,False
AOI-0014,2022-07-14,0.70376771,0.70376771,0.00000000,-0.00297927,0.79783855,2022,False
AOI-0014,2022-07-24,0.65995743,0.65995743,-0.02613243,0.04776998,0.74527751,2022,False
AOI-0014,2022-08-22,,,0.02124097,-0.00115750,0.34509538,2022,False
AOI-0014,2022-08-29,0.32434164,0.32434164,0.03763115,-0.03548871,0.29853857,2022,True
AOI-0014,2022-09-02,0.26376966,0.26376966,-0.00411332,-0.03352169,0.19498302,2022,False
AOI-0014,2022-09-08,0.27635047,0.27635047,0.00493626,0.00724380,0.22795889,2022,False
AOI-0014,2022-09-14,0.15631337,0.15631337,0.01771263,0.00919234,0.22394585,2022,True
AOI-0014,2023-06-07,0.85535456,0.85535456,0.00403433,0.02392228,0.83008825,2023,False
AOI-0014,2023-08-10,0.29036743,0.29036743,,-0.00739493,0.22682949,2023,False
AOI-0014,2024-04-04,0.76607757,0.77026967,0.00000000,-0.01317758,0.72624512,2024,False
AOI-0014,2024-05-08,0.83602262,0.84338322,0.04741222,-0.00087663,0.84526261,2024,True
AOI-0014,2024-05-09,0.84880808,0.85467543,0.00000000,-0.00377047,0.83574098,2024,False
AOI-0014,2024-05-21,0.81122640,0.81122640,-0.00333027,0.01997633,0.84304081,2024,False
AOI-0014,2024-05-23,0.77223479,0.77223479,0.00000000,0.02637378,0.84074730,2024,False
AOI-0014,2024-06-08,0.51362258,0.46015048,-0.06916133,0.01296688,0.54995945,2024,False
AOI-0014,2024-07-25,0.14355488,0.14093773,-0.01280466,0.00416943,0.14887312,2024,False
AOI-0014,2024-08-11,0.20812863,0.21017046,-0.00196003,0.00878789,0.20874552,2024,False
AOI-0014,2024-09-01,0.11886248,0.11941435,-0.01559250,0.00168462,0.14849243,2024,False
AOI-0014,2024-09-08,0.16985857,0.16716144,-0.02399713,0.00226471,0.14532338,2024,False
AOI-0014,2024-09-11,0.14125719,0.13150342,-0.01013525,0.00033086,0.14750545,2024,False
AOI-0014,2024-09-18,0.16234746,0.16592938,0.00642384,0.00753655,0.15145154,2024,False
AOI-0014,2024-09-29,0.18692771,0.19434170,0.04599075,0.00800558,0.19810434,2024,True
AOI-0014,2024-10-07,0.20191626,0.20555362,0.02781336,-0.00210836,0.19710404,2024,False
AOI-0014,2024-10-30,0.19237561,0.19237561,0.00000000,-0.01539509,0.20614460,2024,False
AOI-0014,2025-04-23,0.40425711,,0.01813347,0.00614871,0.40544722,2025,True
AOI-0014,2025-05-01,0.31735497,,-0.00302657,0.02697739,0.20970138,2025,False
AOI-0014,2025-05-27,0.46553895,,0.01740926,-0.00639367,0.42006586,2025,False
AOI-0014,2025-06-13,0.49988641,,0.00007443,0.02951937,0.42869732,2025,False
AOI-0014,2025-08-12,0.28756147,,0.00492083,-0.04845523,0.23590922,2025,False
AOI-0014,2025-08-15,0.28552277,,0.04845079,-0.04297963,0.28513487,2025,False
AOI-0014,2025-08-24,0.19026448,,-0.02844148,0.00328258,0.21355018,2025,False
AOI-0014,2025-09-11,0.14559138,,0.00000000,-0.02002631,0.15530262,2025,False
AOI-0014,2025-09-14,0.27048394,,0.05483990,-0.01565554,0.25614937,2025,True
AOI-0014,2025-09-23,0.20504210,,-0.00020035,-0.01181901,0.19204375,2025,False
AOI-0014,2025-09-24,0.25260294,,0.02766891,-0.00754680,0.21717475,2025,False
AOI-0015,2025-05-04,0.37031765,0.36672360,0.00731763,-0.00330523,0.36093063,2025,False
AOI-0015,2025-05-27,0.55256101,0.48993215,0.01740926,-0.01005526,0.52483603,2025,False
AOI-0015,2025-06-07,0.44894898,0.46054245,-0.03444797,-0.00281278,0.41902942,2025,False
AOI-0015,2025-07-03,0.18423695,0.18240100,-0.07332099,-0.01869746,0.35388225,2025,False
AOI-0015,2025-07-05,0.35197574,0.32491024,-0.00118909,-0.02020163,0.38451696,2025,False
AOI-0015,2025-07-08,0.32082216,0.30067525,-0.01565705,-0.02213132,0.32100223,2025,False
AOI-0015,2025-07-13,0.27560894,0.25934092,0.00053227,-0.03145032,0.26094622,2025,False
AOI-0015,2025-07-15,0.27928537,0.26022393,-0.00249133,-0.03108457,0.23786628,2025,False
AOI-0015,2025-07-18,0.25351212,0.24676814,-0.01324803,-0.02502447,0.25286687,2025,False
AOI-0015,2025-07-21,0.36275393,0.35144276,0.03665540,-0.01357581,0.31352559,2025,False
AOI-0015,2025-07-23,0.30383023,0.27619626,-0.00741115,0.00866944,0.26842071,2025,False
AOI-0015,2025-09-07,0.24081192,0.23605731,0.04209997,-0.00380392,0.21638654,2025,False
AOI-0015,2025-10-13,0.23283998,0.19388624,-0.01486578,-0.00066084,0.20581598,2025,False
AOI-0015,2025-10-16,0.19258686,0.25304450,0.00879559,-0.00064663,0.28596355,2025,True
AOI-0015,2025-10-18,0.19760603,0.23393557,-0.02021486,-0.00064161,0.24039543,2025,False
AOI-0016,2025-04-19,0.30601198,0.28288217,0.01598667,0.09586732,0.25391024,2025,False
AOI-0016,2025-05-25,0.43142353,0.48979853,0.04911856,-0.03019404,0.49100451,2025,True
AOI-0016,2025-06-11,0.55084258,0.49422587,0.01085835,-0.00895290,0.52198494,2025,False
AOI-0016,2025-06-26,0.70435048,0.71605402,0.06903863,-0.04271239,0.76185004,2025,True
AOI-0016,2025-07-10,0.74162816,0.72455794,-0.03499475,0.00324613,0.78486250,2025,False
AOI-0016,2025-07-17,0.61054196,0.61054196,-0.01726271,0.01006795,0.71472750,2025,False
AOI-0016,2025-07-18,0.66059564,0.61685395,-0.01324803,-0.01003972,0.72900598,2025,False
AOI-0016,2025-08-19,0.35425968,0.34116244,-0.00985437,-0.00480092,0.37411736,2025,False
AOI-0016,2025-08-29,0.29056932,0.29114022,0.00204728,-0.01334842,0.33911605,2025,True
AOI-0016,2025-10-17,0.31101686,,0.01880847,0.00857298,0.28521818,2025,False
AOI-0017,2010-06-10,0.58594118,,0.03851529,-0.00059208,0.60468317,2010,True
AOI-0017,2010-07-29,0.54475567,,0.00000000,-0.00002745,0.55654862,2010,False
AOI-0017,2010-09-23,,,-0.03607469,-0.00469924,0.34667505,2010,False
AOI-0017,2011-04-18,,,-0.03740962,0.00138460,0.30614372,2011,False
AOI-0017,2011-09-17,,,0.00000000,-0.01621793,0.52320117,2011,False
AOI-0017,2011-09-26,,,0.00000000,-0.01431946,0.51726632,2011,False
AOI-0017,2011-09-30,,,0.00000000,-0.01398137,0.51056344,2011,True
AOI-0017,2011-10-11,,,,-0.01281049,0.49748240,2011,False
AOI-0017,2011-10-27,,,-0.00181832,-0.01215540,0.49425257,2011,False
AOI-0017,2012-07-18,,,-0.02431818,-0.00482539,0.57894801,2012,False
AOI-0017,2012-07-27,,,0.00000000,-0.00807969,0.50542461,2012,True
AOI-0017,2012-08-28,,,0.00000000,0.00153991,0.46652227,2012,True
AOI-0017,2012-09-29,,,0.00946352,-0.00003759,0.43317902,2012,True
AOI-0017,2013-05-25,,,0.04185600,0.00843269,0.61908294,2013,True
AOI-0017,2013-07-12,,,0.01480307,-0.01098059,0.53696058,2013,True
AOI-0017,2013-08-14,,,0.01881523,-0.01078262,0.44661109,2013,False
AOI-0017,2013-09-14,,,0.00000000,-0.00309114,0.59627976,2013,True
AOI-0017,2013-09-30,,,0.00949771,0.00425206,0.61355043,2013,True
AOI-0017,2013-10-09,,,-0.05907398,0.00313332,0.64322739,2013,False
AOI-0017,2013-10-25,,,-0.03643780,0.00544923,0.61820056,2013,False
AOI-0017,2014-04-23,0.70541862,0.70421374,0.02324413,-0.00750457,0.67387740,2014,True
AOI-0017,2014-06-06,0.64095499,0.64095499,-0.00419581,-0.01023722,0.65481313,2014,False
AOI-0017,2014-07-24,0.40930873,0.40930873,-0.04138821,-0.02516329,0.46241863,2014,False
AOI-0017,2014-10-04,0.41490201,0.41490201,0.00000000,0.01030216,0.41648985,2014,False
AOI-0017,2015-04-23,0.46289369,,0.00000000,0.01109755,0.46313717,2015,True
AOI-0017,2015-04-30,0.42321597,,0.00000000,0.01232991,0.40154011,2015,False
AOI-0017,2015-07-11,0.61182030,,0.00000000,0.04091720,0.68663070,2015,False
AOI-0017,2015-07-27,0.57369970,,-0.05275639,0.00946739,0.61628886,2015,False
AOI-0017,2015-08-03,0.55684708,,0.00000000,0.01356839,0.57077590,2015,False
AOI-0017,2015-08-29,0.45333863,,0.01690069,-0.01488358,0.43724256,2015,True
AOI-0017,2015-10-16,0.41774257,,0.00000000,0.00317490,0.42015232,2015,True
AOI-0017,2016-04-06,0.57102789,,0.03941300,0.00385082,0.53441326,2016,True
AOI-0017,2016-04-07,0.51466409,,-0.00598668,0.00385082,0.43096836,2016,False
AOI-0017,2016-06-18,0.56013269,,-0.06013585,0.00152177,0.62047588,2016,False
AOI-0017,2016-07-05,0.49031033,,0.00000000,0.00657914,0.54840478,2016,False
AOI-0017,2016-07-27,,,0.00000000,0.00019004,0.57136793,2016,True
AOI-0017,2016-08-21,,,-0.06066967,-0.01121066,0.56712434,2016,False
AOI-0017,2016-09-15,0.44680786,,-0.02590579,-0.00993814,0.51509054,2016,False
AOI-0017,2016-10-15,0.57991728,,0.01781304,0.00570665,0.53638461,2016,True
AOI-0017,2016-10-17,0.55870025,,-0.02817410,0.00561344,0.54097720,2016,False
AOI-0017,2017-06-06,0.62498756,0.62498756,0.00000000,0.00423462,0.66402406,2017,False
AOI-0017,2017-07-31,0.64287249,0.64287249,0.09366623,-0.00937161,0.63359063,2017,False
AOI-0017,2017-08-01,0.64495758,0.64495758,0.01908172,-0.00949435,0.60981977,2017,False
AOI-0017,2017-09-02,,,-0.02397324,0.02896302,0.56591304,2017,False
AOI-0017,2018-04-05,,,-0.01907948,0.02941518,0.45249782,2018,False
AOI-0017,2018-05-09,,,-0.00069545,-0.00093424,0.65377722,2018,True
AOI-0017,2018-05-23,,,,-0.00750630,0.62811430,2018,False
AOI-0017,2018-06-20,,,-0.09783928,0.01234427,0.52732651,2018,False
AOI-0017,2018-07-11,,,0.00000000,0.02398940,0.43506875,2018,False
AOI-0017,2018-07-12,,,0.01527116,0.02344639,0.48004790,2018,True
AOI-0017,2019-04-25,0.50823857,,0.00122249,-0.01732191,0.44341947,2019,False
AOI-0017,2019-04-28,0.53674477,,-0.01341914,-0.01703549,0.46447222,2019,False
AOI-0017,2019-05-13,0.48984079,,-0.02540922,0.00545582,0.52621269,2019,False
AOI-0017,2019-05-18,0.51411507,,0.00000000,0.01514511,0.61681074,2019,False
AOI-0017,2019-05-28,0.56972147,,0.02365762,0.01357954,0.67569733,2019,False
AOI-0017,2019-06-04,0.57517051,,-0.04074273,0.00828140,0.63665756,2019,False
AOI-0017,2019-06-12,,,0.02226573,-0.00662726,0.66741840,2019,False
AOI-0017,2019-06-17,0.50378248,,-0.00833452,-0.00897063,0.63053668,2019,False
AOI-0017,2019-07-17,,,-0.03389352,-0.01209660,0.61769218,2019,False
AOI-0017,2019-08-06,0.69510061,,0.00000000,-0.00468294,0.63261583,2019,False
AOI-0017,2019-08-11,0.70787879,,0.00322407,0.02024573,0.65101535,2019,False
AOI-0017,2019-08-24,,,-0.02709838,-0.05210129,0.45344879,2019,False
AOI-0017,2019-08-29,0.67703657,,0.02332535,-0.06097230,0.51259913,2019,True
AOI-0017,2019-08-31,,,0.00000000,-0.06120294,0.47618474,2019,False
AOI-0017,2019-09-13,,,-0.00316537,-0.03862942,0.51064020,2019,False
AOI-0017,2020-04-25,0.45043717,,-0.00252546,-0.00500333,0.35385021,2020,False
AOI-0017,2020-04-30,0.47440046,,-0.00105466,-0.00897247,0.41955570,2020,False
AOI-0017,2020-05-08,0.58624800,,0.04604670,-0.00575621,0.59453974,2020,True
AOI-0017,2020-06-06,,,-0.02858282,0.00098586,0.60406423,2020,False
AOI-0017,2020-06-26,,,0.03677767,-0.00696500,0.54988808,2020,False
AOI-0017,2020-07-26,,,0.00000000,-0.04211477,0.42438294,2020,False
AOI-0017,2020-08-18,0.42854762,,-0.01503685,-0.03123541,0.44199763,2020,False
AOI-0017,2020-09-02,0.42166291,,0.00000000,0.00097364,0.43140815,2020,False
AOI-0017,2020-09-04,,,-0.00411496,-0.01811678,0.40160032,2020,False
AOI-0017,2020-09-09,0.44957461,,0.00941592,-0.00648964,0.42604763,2020,False
AOI-0017,2020-09-10,,,-0.00505617,-0.00610931,0.42111102,2020,False
AOI-0017,2020-09-19,,,-0.01489088,0.00368812,0.37800105,2020,False
AOI-0017,2020-10-12,0.39624419,,-0.03923497,-0.02327047,0.37637389,2020,False
AOI-0017,2021-04-07,0.38869185,,0.01334586,-0.00325221,0.36602978,2021,True
AOI-0017,2021-05-20,0.56517513,,0.00057935,0.02178042,0.51412562,2021,False
AOI-0017,2021-07-02,0.57300983,,0.00552650,-0.00161389,0.62583944,2021,False
AOI-0017,2021-08-29,0.48165362,,0.04540903,0.00015871,0.51538899,2021,True
AOI-0017,2021-09-04,0.52777020,,-0.02650345,0.00970248,0.50407899,2021,False
AOI-0017,2021-09-27,0.62616349,,-0.02856275,-0.03600619,0.44704523,2021,False
AOI-0017,2021-10-06,0.47838076,,0.00741320,-0.03533272,0.39948747,2021,False
AOI-0017,2021-10-27,0.52911098,,0.00000000,-0.03653191,0.47587199,2021,False
AOI-0017,2022-04-17,0.55821368,,0.04692934,-0.00451729,0.65237235,2022,False
AOI-0017,2022-04-23,0.59523075,,0.05414410,-0.00481720,0.65534534,2022,True
AOI-0017,2022-05-26,,,0.00477484,0.03045774,0.64755602,2022,False
AOI-0017,2022-05-27,,,-0.02358743,0.03047700,0.62725931,2022,False
AOI-0017,2022-06-03,,,-0.00074445,0.03134690,0.62897258,2022,False
AOI-0017,2022-06-11,,,0.00364499,0.01348893,0.60974016,2022,False
AOI-0017,2022-06-30,0.48928293,,0.03307322,0.00424716,0.59893063,2022,False
AOI-0017,2022-07-12,0.46844539,,0.00000000,0.00116068,0.57375426,2022,True
AOI-0017,2022-07-19,0.46001237,,0.00000000,-0.00118632,0.54752017,2022,False
AOI-0017,2022-07-24,,,-0.02613243,0.00555787,0.56169726,2022,False
AOI-0017,2022-08-07,0.49319753,,0.01141960,0.00829784,0.54666261,2022,False
AOI-0017,2022-08-14,,,0.05378732,0.00371030,0.56147612,2022,False
AOI-0017,2022-08-15,0.47749389,,-0.00644560,-0.00119923,0.53493476,2022,False
AOI-0017,2022-08-23,0.49484834,,0.00000000,-0.01612567,0.53876771,2022,False
AOI-0017,2022-08-30,0.47783219,,0.00000000,-0.01023679,0.53063441,2022,False
AOI-0017,2022-09-17,,,-0.01643573,-0.00677944,0.43228809,2022,False
AOI-0017,2022-10-19,0.46780114,,0.00000000,-0.04743018,0.46119852,2022,False
AOI-0017,2023-04-02,0.49197468,,-0.00932541,0.02408620,0.53797185,2023,False
AOI-0017,2023-05-06,0.48895840,,0.01825547,-0.00329564,0.63920983,2023,False
AOI-0017,2023-06-11,0.60653427,,-0.03300905,-0.00172837,0.60807561,2023,False
AOI-0017,2023-06-19,0.59399633,,0.05909728,0.00950711,0.64120237,2023,False
AOI-0017,2023-06-22,0.59021886,,-0.00856534,-0.02276790,0.66537621,2023,False
AOI-0017,2023-07-24,,,-0.06516683,0.01613248,0.59838496,2023,False
AOI-0017,2023-09-19,0.49841689,,-0.00306752,0.00488576,0.48710328,2023,False
AOI-0017,2023-10-12,0.48579984,,0.00786940,-0.00132014,0.29551716,2023,False
AOI-0017,2023-10-16,0.39829754,,0.01744420,0.00342110,0.36279629,2023,True
AOI-0017,2023-10-21,0.41349701,,-0.01097554,0.00368858,0.29390848,2023,False
AOI-0017,2024-04-04,0.44105210,,0.00000000,-0.00968945,0.51716852,2024,False
AOI-0017,2024-06-05,0.32100487,0.25126610,-0.05183313,0.06280914,0.23729687,2024,False
AOI-0017,2024-06-13,0.29820156,,0.00000000,0.03249810,0.22725271,2024,False
AOI-0017,2024-06-28,0.26029233,,0.00174264,-0.00684953,0.22713900,2024,False
AOI-0017,2024-07-19,0.26502511,0.28696090,0.02209489,0.02150246,0.25457607,2024,False
AOI-0017,2024-08-22,0.23276136,,-0.01734002,0.01311209,0.21836000,2024,False
AOI-0017,2024-09-01,0.22748222,,-0.01559250,-0.00591107,0.26407110,2024,False
AOI-0017,2024-09-21,0.23787378,0.28880706,-0.00303547,-0.02008483,0.26871569,2024,False
AOI-0017,2024-09-29,0.24349061,,0.04599075,-0.01797680,0.26007596,2024,True
AOI-0017,2024-10-08,0.22830690,,-0.01582620,-0.01702503,0.17500882,2024,False
AOI-0017,2024-10-22,0.27602057,,,-0.00042279,0.26500143,2024,False
AOI-0017,2025-05-04,0.88395450,0.87515783,0.00731763,-0.00333196,0.86100283,2025,False
AOI-0017,2025-05-27,0.82010366,0.82600049,0.01740926,-0.00915315,0.78055881,2025,False
AOI-0017,2025-06-07,0.59891713,0.64974918,-0.03444797,-0.00524624,0.61210212,2025,False
AOI-0017,2025-06-28,0.30229150,0.30152761,0.04834604,0.05667783,0.32848786,2025,False
AOI-0017,2025-07-07,0.24366951,0.23714377,-0.02634257,0.02240320,0.26832681,2025,False
AOI-0017,2025-08-23,0.25955907,0.25504770,0.03258077,0.00458552,0.21887453,2025,False
AOI-0017,2025-09-01,0.19110291,0.18973805,-0.00663205,0.00180212,0.16628864,2025,False
AOI-0017,2025-10-02,0.23908985,0.24111143,0.02817337,0.01772336,0.28202073,2025,False
AOI-0018,2025-04-19,0.81421180,0.81731823,0.01598667,-0.00124021,0.83122547,2025,False
AOI-0018,2025-05-27,0.68015067,0.68995870,0.01740926,0.00450038,0.67241636,2025,False
AOI-0018,2025-06-13,0.36584854,0.35784713,0.00007443,0.00092770,0.29718893,2025,False
AOI-0018,2025-06-15,0.28636652,0.32629391,-0.01217993,0.00264802,0.27070290,2025,False
AOI-0018,2025-07-05,0.21586244,0.22350938,-0.00118909,0.02269436,0.24719053,2025,False
AOI-0018,2025-07-07,0.20686634,0.22317586,-0.02634257,0.02244097,0.24360698,2025,False
AOI-0018,2025-07-14,0.26822259,0.26968260,0.02032363,0.02139460,0.24817245,2025,False
AOI-0018,2025-07-21,0.29330554,0.29327540,0.03665540,0.01142095,0.29945039,2025,False
AOI-0018,2025-08-19,0.20658422,0.19843244,-0.00985437,-0.00755568,0.17461243,2025,False
AOI-0018,2025-08-27,0.19921000,0.19626081,0.00000000,-0.01082920,0.16755086,2025,False
AOI-0018,2025-09-08,0.16990478,0.17090107,-0.02434620,0.00832600,0.13589747,2025,False
AOI-0018,2025-09-24,0.23930541,0.24872989,0.02766891,0.02870437,0.22783671,2025,False
AOI-0018,2025-10-17,0.34616608,0.34302129,0.01880847,-0.00203866,0.27138955,2025,False
AOI-0019,2025-04-14,0.59051955,0.59665717,-0.02229824,0.01406539,0.49712367,2025,False
AOI-0019,2025-04-17,0.62134960,0.61470679,0.00000000,0.01368457,0.53724460,2025,False
AOI-0019,2025-04-28,0.61769482,0.62324334,0.00000000,0.01071923,0.55457141,2025,False
AOI-0019,2025-05-14,0.64018546,0.63622262,-0.00085470,-0.00589413,0.58577352,2025,False
AOI-0019,2025-05-25,0.52603112,0.54595095,0.04911856,0.00738008,0.63796684,2025,True
AOI-0019,2025-06-15,0.37940831,0.36446311,-0.01217993,0.01488300,0.38960502,2025,False
AOI-0019,2025-06-27,0.40634427,0.39349903,0.02904008,0.02421497,0.44299166,2025,False
AOI-0019,2025-06-30,0.34686566,0.33173063,0.00000000,0.02082847,0.36712272,2025,False
AOI-0019,2025-07-10,0.33698935,0.31590280,-0.03499475,-0.00707654,0.29290206,2025,False
AOI-0019,2025-07-14,0.29934798,0.30023789,0.02032363,0.02446378,0.30258938,2025,False
AOI-0019,2025-08-14,0.29439274,0.26578941,0.00000000,0.04085898,0.31401443,2025,False
AOI-0019,2025-08-31,0.21854449,0.22943883,0.03557449,-0.02780440,0.21852006,2025,False
AOI-0019,2025-09-15,0.26398595,0.26782781,-0.00294628,0.01845535,0.22702748,2025,False
AOI-0019,2025-09-23,0.28949390,0.29550235,-0.00020035,0.02488131,0.23474979,2025,False
AOI-0019,2025-09-24,0.30090391,0.29661748,0.02766891,0.02498611,0.25755984,2025,False
AOI-0019,2025-10-18,0.26714512,0.27569232,-0.02021486,-0.01257718,0.21912685,2025,False
AOI-0020,2025-04-18,0.30400801,0.29836563,-0.00852308,-0.00626013,0.25905911,2025,False
AOI-0020,2025-04-23,0.61308147,0.58409259,0.01813347,-0.00205858,0.49645126,2025,True
AOI-0020,2025-05-03,0.41206013,0.39670902,0.01128228,-0.01055681,0.44280650,2025,False
AOI-0020,2025-06-03,0.64449385,0.64449385,-0.00003268,0.00267215,0.64287533,2025,False
AOI-0020,2025-06-11,0.51819966,0.51819966,0.01085835,0.00197742,0.40695639,2025,False
AOI-0020,2025-07-12,0.39739515,0.38375515,0.06347953,-0.01448613,0.39328287,2025,True
AOI-0020,2025-07-21,0.42843738,0.48620166,0.03665540,0.01170356,0.37175756,2025,False
AOI-0020,2025-07-29,0.32305766,0.33276694,0.05129797,0.00283528,0.33687898,2025,False
AOI-0020,2025-07-30,0.26583503,0.26334310,-0.00322138,0.00232224,0.27234027,2025,False
AOI-0020,2025-08-19,0.23624617,0.24173452,-0.00985437,0.00815128,0.23698295,2025,False
AOI-0020,2025-10-13,0.25332481,0.25332481,-0.01486578,-0.00337759,0.14002478,2025,False
AOI-0021,2025-04-28,0.38297563,0.41050823,0.00000000,0.00539925,0.36279582,2025,False
AOI-0021,2025-05-27,0.62471104,0.51548796,0.01740926,-0.02652551,0.53914309,2025,False
AOI-0021,2025-06-03,0.61495035,0.58677852,-0.00003268,-0.02188501,0.56318274,2025,False
AOI-0021,2025-07-06,0.43737690,0.41243825,0.03000349,-0.02677579,0.39071698,2025,False
AOI-0021,2025-07-18,0.29815450,0.28513599,-0.01324803,0.02057488,0.31443282,2025,False
AOI-0021,2025-07-29,0.31870068,0.33236293,0.05129797,0.03984701,0.34236961,2025,False
AOI-0021,2025-08-07,0.25636950,0.23848871,-0.01166672,0.01037690,0.26323788,2025,False
AOI-0021,2025-08-22,0.25263538,0.25152426,-0.00994513,-0.00001584,0.23505514,2025,False
AOI-0021,2025-08-30,0.26222747,0.25804142,0.03410470,0.00837482,0.26215460,2025,False
AOI-0021,2025-09-15,0.21599395,0.22844937,-0.00294628,0.01240964,0.21643527,2025,False
AOI-0021,2025-09-24,0.25422382,0.26699239,0.02766891,0.00990361,0.25982097,2025,False
AOI-0021,2025-10-03,0.22718498,0.22661546,0.00000000,-0.01329854,0.20636034,2025,False
AOI-0022,2025-04-01,0.45221936,0.46652427,0.00000000,-0.00143421,0.52327561,2025,False
AOI-0022,2025-05-03,0.87479169,0.87884504,0.01128228,0.00705762,0.84666863,2025,False
AOI-0022,2025-05-06,0.90561609,0.90022674,-0.01158598,-0.00158203,0.83528628,2025,False
AOI-0022,2025-05-25,0.81323293,0.80129391,0.04911856,-0.00041974,0.81928811,2025,True
AOI-0022,2025-05-28,0.76228790,0.77022347,0.00000000,-0.00347834,0.83385335,2025,False
AOI-0022,2025-07-08,0.21997365,0.20469235,-0.01565705,0.00411992,0.19679084,2025,False
AOI-0022,2025-07-17,0.13129300,0.12781907,-0.01726271,0.01151905,0.14059915,2025,False
AOI-0022,2025-07-21,0.22048164,0.22791964,0.03665540,0.00875796,0.20178933,2025,False
AOI-0022,2025-08-27,0.15128602,0.14933523,0.00000000,0.00831111,0.15231060,2025,False
AOI-0022,2025-08-31,0.19465907,0.19361029,0.03557449,0.01039656,0.17771225,2025,False
AOI-0022,2025-09-23,0.17936690,0.16792958,-0.00020035,0.02211678,0.17110122,2025,False
AOI-0022,2025-09-24,0.19722115,0.20312458,0.02766891,0.02222679,0.19629509,2025,False
AOI-0022,2025-09-30,0.26597550,0.28541652,0.03748496,-0.01331426,0.25419355,2025,True
AOI-0023,2025-04-16,0.30960090,0.29011240,-0.01990265,0.03454536,0.18686403,2025,False
AOI-0023,2025-04-17,0.27768837,0.26018047,0.00000000,0.03440790,0.22876626,2025,False
AOI-0023,2025-04-24,0.28738418,0.28738418,-0.03100570,0.02681563,0.18731602,2025,False
AOI-0023,2025-05-01,0.25693343,0.24190262,-0.00302657,0.03636645,0.19943047,2025,False
AOI-0023,2025-05-04,0.26270289,0.24288134,0.00731763,0.00817370,0.21459978,2025,False
AOI-0023,2025-06-27,0.78987825,0.72755503,0.02904008,-0.03129353,0.75849963,2025,False
AOI-0023,2025-07-05,0.57650957,0.60906328,-0.00118909,0.00669776,0.73629287,2025,False
AOI-0023,2025-07-14,0.37790837,0.46871287,0.02032363,0.00308940,0.34822886,2025,False
AOI-0023,2025-07-15,0.16721099,,-0.00249133,0.01726690,0.30414008,2025,False
AOI-0023,2025-08-14,0.22770875,0.20038278,0.00000000,0.02440167,0.16209920,2025,False
AOI-0023,2025-08-22,0.14761787,0.14972680,-0.00994513,0.01054514,0.15022446,2025,False
AOI-0023,2025-08-30,0.19547817,0.18927589,0.03410470,0.01636258,0.19731818,2025,False
AOI-0023,2025-09-21,0.15005498,0.12942011,-0.01269631,0.01597314,0.16556953,2025,False
AOI-0023,2025-09-23,0.19390577,0.17523089,-0.00020035,0.02443750,0.18148336,2025,False
AOI-0023,2025-10-17,0.21490694,0.21221799,0.01880847,0.00487242,0.23008737,2025,False
AOI-0024,2025-04-07,0.26036712,0.28879781,0.05968037,0.00455132,0.35844639,2025,True
AOI-0024,2025-04-23,0.25836660,0.27748265,0.01813347,0.00425303,0.35624538,2025,True
AOI-0024,2025-05-25,0.45463080,0.42813446,0.04911856,-0.00918308,0.46250712,2025,True
AOI-0024,2025-05-28,0.24910837,0.23998758,0.00000000,-0.00027078,0.28987316,2025,False
AOI-0024,2025-06-05,0.36170886,0.39763673,-0.00599929,-0.00445674,0.32194296,2025,False
AOI-0024,2025-07-03,0.46588964,0.52382921,-0.07332099,0.02381548,0.52548963,2025,False
AOI-0024,2025-07-21,0.40629360,0.40629360,0.03665540,-0.01241403,0.40010937,2025,False
AOI-0024,2025-07-25,0.35864380,,-0.01033757,-0.01380062,0.31961793,2025,False
AOI-0024,2025-08-06,0.30804092,0.30040818,0.00064041,-0.00648524,0.34401294,2025,False
AOI-0024,2025-08-09,0.21872053,0.22543842,-0.02266645,-0.00767007,0.27906957,2025,False
AOI-0024,2025-09-14,0.25031196,0.24909298,0.05483990,-0.00172021,0.29051680,2025,True
AOI-0024,2025-09-21,0.17302193,0.16930015,-0.01269631,-0.00522081,0.19694140,2025,False
AOI-0024,2025-09-30,0.23675819,0.24221804,0.03748496,-0.01154276,0.25034851,2025,True
AOI-0024,2025-10-02,0.22890510,0.23582677,0.02817337,-0.00681405,0.21285620,2025,False
AOI-0024,2025-10-18,0.20517642,0.20659886,-0.02021486,-0.00502382,0.19012424,2025,False
AOI-0025,2025-04-14,,,-0.02229824,0.01109275,0.18167652,2025,False
AOI-0025,2025-04-23,0.25918320,,0.01813347,0.01044005,0.31184410,2025,True
AOI-0025,2025-04-24,,,-0.03100570,0.01076054,0.17712353,2025,False
AOI-0025,2025-04-29,,,0.00198102,0.01231390,0.18809100,2025,False
AOI-0025,2025-05-09,0.36865163,,0.03885863,0.00281182,0.35067157,2025,True
AOI-0025,2025-06-03,,,-0.00003268,0.00571185,0.20833593,2025,False
AOI-0025,2025-06-13,0.27799973,,0.00007443,0.00373766,0.19376920,2025,False
AOI-0025,2025-06-27,0.17460633,,0.02904008,0.02484152,0.18436312,2025,False
AOI-0025,2025-07-21,,,0.03665540,0.01059818,0.20543984,2025,False
AOI-0025,2025-08-07,0.22034237,,-0.01166672,0.02498501,0.15351763,2025,False
AOI-0025,2025-08-30,,,0.03410470,0.00058218,0.19926823,2025,False
AOI-0025,2025-09-07,,,0.04209997,-0.00060548,0.20347131,2025,False
AOI-0025,2025-09-14,0.26498586,,0.05483990,0.00306198,0.26541917,2025,True
AOI-0025,2025-10-17,,,0.01880847,-0.00567337,0.41339112,2025,False
AOI-0026,2025-04-07,0.79070019,0.77705471,0.05968037,-0.00801667,0.67397720,2025,True
AOI-0026,2025-04-24,0.82096914,0.78898309,-0.03100570,-0.00510505,0.83705883,2025,False
AOI-0026,2025-05-09,0.90072309,0.88688428,0.03885863,-0.00080095,0.86478360,2025,True
AOI-0026,2025-06-13,0.41267865,0.46771720,0.00007443,0.01172317,0.62869460,2025,False
AOI-0026,2025-07-08,0.19593630,0.20518626,-0.01565705,0.02201072,0.22754679,2025,False
AOI-0026,2025-07-10,0.16422754,0.17028355,-0.03499475,0.02000406,0.20996447,2025,False
AOI-0026,2025-07-12,0.24411499,0.25370849,0.06347953,0.01980683,0.25430725,2025,True
AOI-0026,2025-07-13,0.14390257,0.15488628,0.00053227,0.01970961,0.20026960,2025,False
AOI-0026,2025-07-18,0.13190254,0.14246300,-0.01324803,0.01672033,0.18037323,2025,False
AOI-0026,2025-07-30,0.13342136,0.13525018,-0.00322138,0.00802608,0.13752890,2025,False
AOI-0026,2025-08-19,0.14314409,0.13279718,-0.00985437,0.03551035,0.14896895,2025,False
AOI-0026,2025-09-08,0.11095754,0.13796726,-0.02434620,0.01339085,0.12208152,2025,False
AOI-0026,2025-09-23,0.17619606,0.19068325,-0.00020035,0.00391597,0.17686167,2025,False
AOI-0026,2025-09-30,0.29354236,0.29648330,0.03748496,-0.00077509,0.30549082,2025,True
AOI-0027,2025-04-16,0.59354960,0.59703490,-0.01990265,-0.00203297,0.74483552,2025,False
AOI-0027,2025-04-24,0.77508163,0.79256734,-0.03100570,-0.00205160,0.79539256,2025,False
AOI-0027,2025-06-13,0.42136599,0.42851895,0.00007443,0.02010925,0.49621226,2025,False
AOI-0027,2025-06-27,0.47278341,0.43316127,0.02904008,0.02890912,0.40477713,2025,False
AOI-0027,2025-07-05,0.30729945,0.33041268,-0.00118909,0.03184654,0.28785709,2025,False
AOI-0027,2025-07-12,0.37037692,0.36550441,0.06347953,0.03250858,0.36785364,2025,True
AOI-0027,2025-07-13,0.28720948,0.28005712,0.00053227,0.03195916,0.26018114,2025,False
AOI-0027,2025-07-23,0.27416697,0.27033839,-0.00741115,0.00867890,0.24560403,2025,False
AOI-0027,2025-07-29,0.31387762,0.30919157,0.05129797,0.02696877,0.30416282,2025,False
AOI-0027,2025-08-19,0.25061498,0.25207436,-0.00985437,0.02124091,0.26230392,2025,False
AOI-0027,2025-08-30,0.28771383,0.28961486,0.03410470,0.01251685,0.25871111,2025,False
AOI-0027,2025-09-16,0.27876872,0.26993032,-0.00934341,0.01944657,0.23499871,2025,False
AOI-0027,2025-10-16,0.36949626,0.35732004,0.00879559,0.00776552,0.57344956,2025,True
AOI-0028,2010-04-07,,,0.00000000,-0.00084083,0.64116758,2010,True
AOI-0028,2010-04-15,,,0.04257419,-0.00084083,0.57458690,2010,False
AOI-0028,2010-10-24,,,0.00000000,0.00000380,0.19068661,2010,False
AOI-0028,2011-05-25,0.60069775,0.60069775,0.06602698,-0.00124909,0.53460338,2011,True
AOI-0028,2011-07-28,0.57211326,0.57211326,0.04097250,-0.00679995,0.59398751,2011,True
AOI-0028,2011-08-08,0.59950154,0.59950154,0.00000000,0.00410181,0.54132935,2011,False
AOI-0028,2011-10-11,,,,-0.00023950,0.22507963,2011,False
AOI-0028,2012-04-22,0.64408772,0.64408772,0.00000000,0.00299623,0.77153554,2012,True
AOI-0028,2012-09-27,,,-0.02386882,-0.00105931,0.15641707,2012,False
AOI-0028,2012-10-15,0.29088966,0.29088966,0.00000000,-0.00362519,0.27044727,2012,True
AOI-0028,2013-04-07,,,0.00171463,0.00063626,0.30634795,2013,True
AOI-0028,2013-06-10,,,0.00316291,-0.00071244,0.32313587,2013,True
AOI-0028,2013-06-26,,,0.00000000,-0.00015508,0.30931616,2013,True
AOI-0028,2013-08-29,,,0.00000000,-0.00956567,0.28615826,2013,True
AOI-0028,2014-04-07,0.70894551,0.70894551,0.00000000,-0.00504038,0.69707228,2014,True
AOI-0028,2014-05-04,0.92463521,0.92463521,0.01077229,0.00397604,0.90041611,2014,False
AOI-0028,2014-07-28,0.42583024,0.42583024,0.04931972,-0.00156113,0.26961536,2014,True
AOI-0028,2014-10-11,0.15174645,0.15174645,-0.00104808,-0.00056826,0.19455012,2014,False
AOI-0028,2015-04-13,,,,0.01156985,0.20596296,2015,False
AOI-0028,2015-08-27,,,0.01900124,-0.01085668,0.29973945,2015,False
AOI-0028,2015-09-28,,,0.00055428,0.00309836,0.18157297,2015,False
AOI-0028,2016-04-07,0.59080175,0.59080175,-0.00598668,0.00030396,0.69014026,2016,False
AOI-0028,2016-04-23,0.77857991,0.77857991,0.00000000,0.00035985,0.77215457,2016,False
AOI-0028,2016-06-09,0.69533249,0.69533249,0.02201805,0.00110468,0.64109860,2016,True
AOI-0028,2016-06-10,0.79500138,0.79500138,0.07251487,0.00111994,0.68555260,2016,False
AOI-0028,2016-06-25,0.40294968,0.40294968,0.03663475,0.00136538,0.36469972,2016,True
AOI-0028,2016-07-27,0.22699096,0.22699096,0.00000000,0.00062961,0.27630642,2016,True
AOI-0028,2016-09-06,0.16099141,0.16099141,0.00000000,-0.00024422,0.19020507,2016,False
AOI-0028,2017-04-26,,,-0.00656328,-0.00965961,0.28596529,2017,False
AOI-0028,2017-07-23,,,0.00000000,-0.02064385,0.23231703,2017,False
AOI-0028,2017-08-09,,,-0.01731615,-0.00624296,0.15814857,2017,False
AOI-0028,2017-08-13,,,0.03106068,-0.00495890,0.25099512,2017,True
AOI-0028,2017-08-29,,,0.05896267,0.01591603,0.21464626,2017,True
AOI-0028,2017-09-17,,,0.02384322,0.00885972,0.24437429,2017,False
AOI-0028,2018-05-11,0.92795248,0.92795248,-0.02973619,-0.00484986,0.88094411,2018,False
AOI-0028,2018-08-19,0.36679561,0.36679561,0.01539890,-0.00721135,0.21269268,2018,False
AOI-0028,2018-08-29,0.23610323,0.23170861,0.02332720,-0.00480978,0.23494567,2018,True
AOI-0028,2018-09-12,0.15156498,0.15156498,-0.00024804,-0.00320880,0.21509429,2018,False
AOI-0028,2018-10-08,0.16114715,0.16416133,-0.01512155,-0.00376184,0.16547056,2018,False
AOI-0028,2019-04-06,,,0.00000000,0.01531720,0.14939537,2019,False
AOI-0028,2019-05-02,,,0.04539603,0.02192814,0.25896860,2019,False
AOI-0028,2019-05-25,,,0.02465233,-0.00532445,0.40743391,2019,True
AOI-0028,2019-06-27,,,0.00587049,0.06527211,0.17849064,2019,False
AOI-0028,2019-08-09,,,-0.01661305,0.01581348,0.17943042,2019,False
AOI-0028,2019-08-24,,,-0.02709838,0.00682431,0.13934693,2019,False
AOI-0028,2019-10-17,,,0.00948898,0.00127325,0.63351952,2019,False
AOI-0028,2020-04-25,0.80540115,0.81050897,-0.00252546,0.00364215,0.83912039,2020,False
AOI-0028,2020-05-04,0.76627538,0.80165126,0.06239068,-0.00360415,0.87579756,2020,False
AOI-0028,2020-05-08,0.91911849,0.93305771,0.04604670,-0.00550197,0.86336214,2020,True
AOI-0028,2020-05-30,0.83957520,0.84429755,-0.03276384,-0.01167620,0.85509278,2020,False
AOI-0028,2020-07-14,0.12902473,0.17244293,-0.01910582,-0.00004264,0.18687985,2020,False
AOI-0028,2020-08-03,0.10342054,0.14370038,-0.00040621,-0.01119798,0.14621807,2020,False
AOI-0028,2020-08-08,0.14768513,0.14768513,-0.00218654,-0.00514975,0.14982738,2020,False
AOI-0028,2020-09-02,0.17583789,0.16842057,0.00000000,0.01430856,0.15536548,2020,False
AOI-0028,2020-09-13,0.26591809,0.26020569,0.05067500,-0.00015325,0.22882471,2020,True
AOI-0028,2021-06-14,0.46718081,0.46718081,-0.00122728,0.00555807,0.69298293,2021,False
AOI-0028,2021-06-16,0.35376864,0.35376864,0.00118363,0.01146405,0.71560588,2021,False
AOI-0028,2021-06-24,0.71745781,0.71745781,0.01681151,0.01430676,0.81732787,2021,False
AOI-0028,2021-06-26,0.73318616,0.73318616,0.07470695,0.01341206,0.82985052,2021,True
AOI-0028,2021-07-24,0.76084034,0.76084034,0.01462145,0.00677810,0.73906043,2021,False
AOI-0028,2021-10-27,0.20005474,0.20005474,0.00000000,0.01018014,0.31515910,2021,False
AOI-0028,2022-04-07,0.67154230,0.63866068,-0.02718179,-0.00991787,0.66993010,2022,True
AOI-0028,2022-04-23,0.89181167,0.86743990,0.05414410,-0.00908012,0.85303586,2022,True
AOI-0028,2022-06-09,0.81629025,0.81629025,0.00432091,0.00015104,0.88378085,2022,False
AOI-0028,2022-06-29,0.33305966,0.32090919,0.00884098,0.00221739,0.34946231,2022,False
AOI-0028,2022-07-28,0.33688193,0.29741797,0.03029926,0.00942476,0.23504781,2022,True
AOI-0028,2022-08-03,0.09255596,0.09255596,-0.08345962,-0.00030493,0.12446958,2022,False
AOI-0028,2022-08-08,0.22719001,0.20014582,0.00000000,-0.00178561,0.15770908,2022,False
AOI-0028,2022-08-30,0.16528109,0.18872705,0.00000000,0.00886062,0.15617923,2022,False
AOI-0028,2022-10-01,0.18824557,0.18824557,0.03509862,0.00651397,0.20258850,2022,False
AOI-0028,2023-04-07,,,0.05347828,0.01403206,0.33111742,2023,True
AOI-0028,2023-04-11,,,,0.01403206,0.23500911,2023,False
AOI-0028,2023-05-05,,,0.00000000,0.01581410,0.21089376,2023,False
AOI-0028,2023-05-09,,,0.10544403,0.01662916,0.43568750,2023,True
AOI-0028,2023-06-09,,,-0.00024804,-0.02288132,0.24537629,2023,False
AOI-0028,2023-08-06,,,-0.00024368,0.00902625,0.19750448,2023,False
AOI-0028,2023-08-23,,,-0.00361637,0.01806574,0.14163351,2023,False
AOI-0028,2023-08-29,,,0.04297086,0.02013597,0.22923177,2023,True
AOI-0028,2023-09-22,,,-0.00079453,-0.00594131,0.17515617,2023,False
AOI-0028,2023-09-24,,,-0.00504968,-0.01320983,0.18637292,2023,False
AOI-0028,2023-09-30,,,0.03281425,-0.00313901,0.30243571,2023,True
AOI-0028,2024-05-07,0.92560267,0.92546555,0.00023928,-0.01655070,0.87569526,2024,False
AOI-0028,2024-05-23,0.81851742,0.81851742,0.00000000,-0.00055245,0.83660826,2024,False
AOI-0028,2024-05-24,0.88243904,0.87718677,0.01278292,-0.00005506,0.81517349,2024,True
AOI-0028,2024-07-27,0.19367097,0.20126683,0.02934325,0.00031176,0.19070267,2024,True
AOI-0028,2024-08-03,0.22393493,0.20831477,0.01720146,0.00648678,0.17946709,2024,False
AOI-0028,2024-08-12,0.13260595,0.13825789,0.00670859,0.00713085,0.15031408,2024,True
AOI-0028,2024-09-11,0.13146492,0.12221723,-0.01013525,-0.00858479,0.12830850,2024,False
AOI-0028,2024-09-16,0.14465216,0.13641773,-0.00698255,-0.00583788,0.13032264,2024,False
AOI-0028,2025-04-07,0.45799696,0.42695119,0.05968037,0.04042839,0.37771476,2025,True
AOI-0028,2025-05-24,0.55226439,0.49743956,0.00000000,-0.02301434,0.61201761,2025,False
AOI-0028,2025-05-31,0.20012813,,-0.08103481,-0.01314157,0.60612994,2025,False
AOI-0028,2025-06-11,0.63872190,0.56428293,0.01085835,0.00465463,0.67869467,2025,False
AOI-0028,2025-06-26,0.55671012,0.67053656,0.06903863,-0.00449718,0.53852595,2025,True
AOI-0028,2025-06-27,0.31177491,0.43927422,0.02904008,-0.00480240,0.55539648,2025,False
AOI-0028,2025-07-10,0.38961486,0.40940104,-0.03499475,-0.00607071,0.27503180,2025,False
AOI-0028,2025-07-13,0.27462765,0.27976461,0.00053227,-0.00623231,0.23202856,2025,False
AOI-0028,2025-07-23,0.18608165,0.17954176,-0.00741115,-0.00665490,0.17307108,2025,False
AOI-0028,2025-08-13,0.23061309,0.22766387,0.06268806,0.00691760,0.22688063,2025,True
AOI-0028,2025-09-08,0.12667882,0.07758970,-0.02434620,0.00933880,0.12586487,2025,False
AOI-0028,2025-09-11,0.06434262,0.06787843,0.00000000,0.00818722,0.13692590,2025,False
AOI-0028,2025-10-16,0.19440204,0.17524410,0.00879559,-0.00208519,0.24283941,2025,True
AOI-0028,2025-10-28,0.19090713,0.19610551,0.00877973,-0.00221653,0.25861465,2025,False
AOI-0029,2025-04-04,0.41226355,0.44155110,0.00305055,0.00442316,0.56454401,2025,False
AOI-0029,2025-04-24,0.85954096,0.83191062,-0.03100570,0.00503707,0.83654702,2025,False
AOI-0029,2025-06-08,0.67692405,0.59023234,-0.03058925,0.01766789,0.73683944,2025,False
AOI-0029,2025-06-10,0.48009774,0.46927274,0.00000000,0.01979672,0.64884592,2025,True
AOI-0029,2025-06-11,0.62300372,0.56180291,0.01085835,0.01368698,0.68847386,2025,False
AOI-0029,2025-06-13,0.32244012,0.34873909,0.00007443,0.01538646,0.62654779,2025,False
AOI-0029,2025-07-29,0.17538076,0.18814499,0.05129797,0.00768940,0.19577045,2025,False
AOI-0029,2025-08-02,0.11231800,0.09678236,-0.01551968,0.01079838,0.12838086,2025,False
AOI-0029,2025-08-19,0.11204165,0.10681497,-0.00985437,0.01225121,0.12413546,2025,False
AOI-0029,2025-09-11,0.12697927,0.12592838,0.00000000,0.01150154,0.13341305,2025,False
AOI-0029,2025-09-16,0.11783486,0.11856244,-0.00934341,0.00619149,0.14270608,2025,False
AOI-0030,2025-04-21,,,0.00606841,0.00614633,0.54892877,2025,False
AOI-0030,2025-04-24,,,-0.03100570,0.00620724,0.57784162,2025,False
AOI-0030,2025-06-10,,,0.00000000,0.00286289,0.70474475,2025,True
AOI-0030,2025-08-07,,,-0.01166672,-0.04069000,0.65733908,2025,False
AOI-0031,2010-06-04,,,-0.05800520,-0.02768385,0.56686297,2010,False
AOI-0031,2010-09-14,,,0.00000000,0.00178856,0.19502047,2010,True
AOI-0031,2011-04-23,0.43593534,0.42962298,0.04274680,0.00001064,0.34084639,2011,True
AOI-0031,2011-06-10,0.41896959,0.44395613,0.02758590,-0.00054493,0.49286761,2011,True
AOI-0031,2011-07-09,0.22832139,0.22300965,0.00000000,0.01608878,0.22146623,2011,False
AOI-0031,2011-08-11,0.25704609,0.25704609,,0.00448896,0.21209740,2011,False
AOI-0031,2011-08-18,0.21708950,,0.00142071,0.00538590,0.20030121,2011,False
AOI-0031,2011-08-19,,,,0.00763830,0.17840277,2011,False
AOI-0031,2011-09-19,0.23669094,0.22468809,0.00221821,0.00662733,0.21514060,2011,False
AOI-0031,2012-04-06,,,0.00000000,0.00399208,0.28975677,2012,True
AOI-0031,2012-04-15,,,,0.00399208,0.19157436,2012,False
AOI-0031,2013-04-07,,,0.00171463,-0.02050064,0.52512136,2013,True
AOI-0031,2013-05-09,,,0.00000000,-0.02739951,0.65393927,2013,True
AOI-0031,2013-05-12,,,,-0.01541676,0.62227376,2013,False
AOI-0031,2013-05-25,,,0.04185600,-0.00422582,0.54589057,2013,True
AOI-0031,2013-06-12,,,-0.01216120,0.00162674,0.26815760,2013,False
AOI-0031,2013-06-28,,,-0.02244203,-0.01038393,0.20724956,2013,False
AOI-0031,2013-07-23,,,,-0.01123429,0.22432589,2013,False
AOI-0031,2013-08-13,,,0.02828705,0.00041988,0.27227969,2013,True
AOI-0031,2013-10-16,,,0.03237205,0.00000135,0.31542007,2013,True
AOI-0031,2014-05-23,,,,0.00475695,0.38518763,2014,False
AOI-0031,2014-06-23,0.25013939,0.25013939,0.00000000,-0.00544404,0.29303512,2014,False
AOI-0031,2014-07-17,0.19157012,0.19157012,-0.01464428,-0.00898557,0.14692550,2014,False
AOI-0031,2014-07-28,0.20152614,0.20152614,0.04931972,-0.00844453,0.21002309,2014,True
AOI-0031,2014-08-02,0.17538153,0.17538153,-0.03311007,-0.00437111,0.13789260,2014,False
AOI-0031,2014-08-13,0.19786167,0.19786167,0.03339717,-0.00443947,0.20082016,2014,True
AOI-0031,2014-10-14,0.18558697,0.18558697,,0.00036745,0.15175257,2014,False
AOI-0031,2015-09-22,0.20793490,,-0.01974389,0.00210286,0.20528800,2015,False
AOI-0031,2015-10-16,0.21696050,,0.00000000,0.00164195,0.21942792,2015,True
AOI-0031,2016-04-01,,,,0.00825082,0.23786130,2016,False
AOI-0031,2016-04-17,0.43699308,0.56102261,0.00000000,0.01202305,0.41091341,2016,False
AOI-0031,2016-04-22,0.45248340,0.53671237,0.00000000,0.01367515,0.59174897,2016,True
AOI-0031,2016-05-03,0.47246977,0.61940403,0.03802500,0.01742950,0.61343463,2016,False
AOI-0031,2016-05-24,0.47517017,0.58316117,0.00000000,0.03809031,0.73764466,2016,True
AOI-0031,2016-06-09,0.29615812,,0.02201805,0.02572052,0.57888607,2016,True
AOI-0031,2016-06-12,0.37735463,,0.00000000,0.02403748,0.57640985,2016,False
AOI-0031,2016-06-20,0.32040756,0.35867277,-0.04585128,0.00509466,0.37315809,2016,False
AOI-0031,2016-06-25,0.30034564,0.32017101,0.03663475,0.00523544,0.32212122,2016,True
AOI-0031,2016-07-30,0.29181048,,0.00000000,-0.00480031,0.24061357,2016,False
AOI-0031,2017-05-06,0.68845037,0.66227185,0.01270440,-0.01961214,0.69873965,2017,False
AOI-0031,2017-06-07,0.58234066,0.58234066,-0.10137138,-0.02482582,0.70144827,2017,False
AOI-0031,2017-08-03,,,,0.02206902,0.18631906,2017,False
AOI-0031,2017-08-13,0.21152484,0.22508828,0.03106068,0.00486580,0.19707445,2017,True
AOI-0031,2017-09-04,0.21752492,0.21752492,,-0.00580257,0.19225789,2017,False
AOI-0031,2017-09-22,0.21838762,0.21838762,,0.00274601,0.28439318,2017,False
AOI-0031,2018-04-23,,,0.01469970,-0.00550559,0.61828865,2018,True
AOI-0031,2018-05-02,,,,-0.00090735,0.66972012,2018,False
AOI-0031,2018-05-18,,,,0.00549230,0.61891195,2018,False
AOI-0031,2018-06-03,,,,-0.00408014,0.30033536,2018,False
AOI-0031,2018-06-10,,,0.10580824,-0.00831956,0.27131509,2018,True
AOI-0031,2018-06-11,,,,-0.01329635,0.25138237,2018,False
AOI-0031,2018-07-13,,,,-0.01643560,0.28121613,2018,False
AOI-0031,2018-09-06,,,0.01060359,-0.00082297,0.21534663,2018,False
AOI-0031,2018-09-14,,,0.02282745,0.01180692,0.23741885,2018,True
AOI-0031,2018-10-07,,,-0.01355772,0.00824078,0.16885790,2018,False
AOI-0031,2018-10-12,,,,0.00725479,0.19738759,2018,False
AOI-0031,2019-04-10,0.50806855,0.58492651,-0.02135741,0.01130640,0.43029563,2019,False
AOI-0031,2019-06-14,,,,-0.06291006,0.21195190,2019,False
AOI-0031,2019-06-22,0.27872442,0.27910483,-0.05403392,0.00968236,0.14373697,2019,False
AOI-0031,2019-07-09,,,,-0.00404251,0.14125199,2019,False
AOI-0031,2019-07-23,,,0.00499161,0.01551507,0.22520939,2019,False
AOI-0031,2019-08-08,0.32222827,0.29164743,0.03073078,0.01937652,0.43642668,2019,False
AOI-0031,2019-08-31,0.25383151,0.26977551,0.00000000,-0.01299595,0.23362074,2019,False
AOI-0031,2019-09-17,0.26494207,0.26958316,-0.01400444,-0.00717338,0.18654028,2019,False
AOI-0031,2019-10-03,0.31256464,0.28048884,-0.06774604,-0.06062158,0.28530032,2019,False
AOI-0031,2019-10-10,0.34319769,0.27397822,-0.00239808,-0.05006218,0.38676724,2019,False
AOI-0031,2019-10-12,0.20747321,0.20747321,,-0.04760589,0.28937152,2019,False
AOI-0031,2019-10-22,0.33996880,0.33996880,,-0.02664134,0.50496745,2019,False
AOI-0031,2020-04-13,0.46453827,0.46453827,-0.00294505,-0.00853594,0.44285220,2020,False
AOI-0031,2020-06-01,0.44340558,0.44340558,,-0.01906979,0.48723958,2020,False
AOI-0031,2020-06-06,0.44165758,0.44600618,-0.02858282,0.03755065,0.50068688,2020,False
AOI-0031,2020-07-11,0.16829811,0.15917781,0.02903697,-0.01998630,0.14646727,2020,True
AOI-0031,2020-07-18,0.13402017,0.13402017,,0.00088335,0.11034479,2020,False
AOI-0031,2020-07-28,0.13185218,0.13185218,,0.01968987,0.12043858,2020,False
AOI-0031,2020-08-07,,,0.03444526,0.00428452,0.13273206,2020,False
AOI-0031,2020-08-17,0.16163758,0.16000918,0.03977156,0.00446698,0.13405951,2020,False
AOI-0031,2020-08-22,,,,0.01475160,0.11674689,2020,False
AOI-0031,2020-09-27,0.12975060,0.12437730,-0.01005108,0.00452888,0.13870731,2020,False
AOI-0031,2020-10-13,,,,-0.01330478,0.16951226,2020,False
AOI-0031,2020-10-19,0.09298000,0.09298000,-0.04567608,-0.01269078,0.08902065,2020,False
AOI-0031,2020-10-21,0.19051991,0.22386958,0.01969490,-0.01239522,0.16201684,2020,False
AOI-0031,2021-04-07,0.18494289,,0.01334586,0.01534432,0.23007187,2021,True
AOI-0031,2021-05-17,,,-0.00522086,0.06379582,0.28294003,2021,False
AOI-0031,2021-06-11,0.22418566,,0.01382655,0.02878915,0.16215888,2021,False
AOI-0031,2021-07-01,0.16746614,,0.00010248,0.01097085,0.14520730,2021,False
AOI-0031,2021-07-16,0.14349337,,-0.01265950,-0.00237147,0.12089863,2021,False
AOI-0031,2021-07-21,,,-0.02655483,-0.00558335,0.11585260,2021,False
AOI-0031,2021-08-06,,,,-0.00332264,0.16305951,2021,False
AOI-0031,2021-08-25,0.16877151,,-0.00197280,-0.00627818,0.12929401,2021,False
AOI-0031,2021-08-30,0.15861360,,0.00000000,-0.00023383,0.13020319,2021,False
AOI-0031,2022-05-14,0.86931910,0.86931910,,-0.02094218,0.85024946,2022,False
AOI-0031,2022-06-10,0.58161767,0.59897478,0.00000000,-0.00280343,0.67521079,2022,True
AOI-0031,2022-06-11,0.69525070,0.70363873,0.00364499,-0.00279837,0.72787368,2022,False
AOI-0031,2022-06-20,0.43540953,0.43540953,-0.00296824,-0.00903246,0.42706581,2022,False
AOI-0031,2022-06-21,0.38612504,0.38612504,-0.10838459,-0.00900012,0.38282668,2022,False
AOI-0031,2022-07-08,0.13578863,0.13578863,,0.00530372,0.16731370,2022,False
AOI-0031,2022-07-12,0.18868073,0.19659214,0.00000000,-0.00719538,0.20289077,2022,True
AOI-0031,2022-09-08,0.13750091,0.13750091,0.00493626,0.01018806,0.13867618,2022,False
AOI-0031,2022-09-09,0.12686172,0.12686172,-0.03253120,0.00986826,0.11528060,2022,False
AOI-0031,2022-09-10,0.16351843,0.16351843,,0.00577302,0.14435866,2022,False
AOI-0031,2022-09-11,,,,0.00549131,0.13577742,2022,False
AOI-0031,2022-09-26,,,,-0.01558710,0.12981837,2022,False
AOI-0031,2022-09-29,0.13680614,0.13680614,-0.03056363,-0.01356080,0.12849095,2022,False
AOI-0031,2023-04-04,0.38009948,0.36211684,0.00319550,-0.00931028,0.33910699,2023,False
AOI-0031,2023-04-27,0.44264981,0.43644462,-0.03648607,0.00704352,0.43109686,2023,False
AOI-0031,2023-05-17,0.46852319,0.48356044,-0.02785951,0.02650861,0.42802139,2023,False
AOI-0031,2023-06-17,,,0.23696402,0.01421828,0.33340158,2023,False
AOI-0031,2023-06-23,0.41096884,0.42114177,-0.00437157,0.00089443,0.27487662,2023,False
AOI-0031,2023-06-26,0.36419485,0.40817231,0.04712658,0.00498554,0.29286137,2023,True
AOI-0031,2023-07-11,0.25904556,,,0.00659126,0.28956206,2023,False
AOI-0031,2023-08-15,0.22707084,0.22539198,-0.00171850,0.00641143,0.24763285,2023,False
AOI-0031,2023-09-19,0.22839962,0.22639548,-0.00306752,0.00964239,0.17937112,2023,False
AOI-0031,2023-09-20,0.25753470,,0.02020763,0.00945897,0.21914226,2023,False
AOI-0031,2023-09-30,0.25704462,0.25351654,0.03281425,0.00532230,0.23720378,2023,True
AOI-0031,2023-10-15,,,,0.00080396,0.19926094,2023,False
AOI-0031,2023-10-24,,,,0.00483501,0.18060278,2023,False
AOI-0031,2024-05-03,0.19374128,,,0.01980891,0.20876302,2024,False
AOI-0031,2024-06-02,0.20258539,,-0.03463979,0.00060530,0.19433258,2024,False
AOI-0031,2024-07-02,0.17408537,,0.01434225,0.00883293,0.16499618,2024,False
AOI-0031,2024-07-10,0.14446826,,-0.01108669,0.00748420,0.12695553,2024,False
AOI-0031,2024-07-13,0.16689456,,0.00280666,0.00580506,0.15501163,2024,False
AOI-0031,2024-08-09,0.14734006,,-0.01365999,-0.00066395,0.13687208,2024,False
AOI-0031,2024-08-16,0.14251672,,,-0.00965960,0.14045796,2024,False
AOI-0031,2024-08-26,0.14610312,,0.04266033,-0.02060197,0.15322315,2024,False
AOI-0031,2025-04-19,0.53852900,0.56844893,0.01598667,-0.01804759,0.48837844,2025,False
AOI-0031,2025-04-23,0.54896283,0.58468664,0.01813347,-0.02473405,0.60006882,2025,True
AOI-0031,2025-06-21,0.48718093,0.50655476,0.00612851,0.00414508,0.49453818,2025,False
AOI-0031,2025-07-12,0.20931563,0.22895189,0.06347953,-0.02061599,0.24933185,2025,True
AOI-0031,2025-07-15,0.20549410,0.20610966,-0.00249133,-0.00737266,0.19135527,2025,False
AOI-0031,2025-08-06,0.18171357,0.18661443,0.00064041,0.02308215,0.18281023,2025,False
AOI-0031,2025-08-09,0.17909825,0.16479066,-0.02266645,0.01851443,0.16824638,2025,False
AOI-0031,2025-09-08,0.15227414,0.15939855,-0.02434620,0.01311444,0.13232609,2025,False
AOI-0031,2025-09-15,0.18476473,0.19225203,-0.00294628,0.00689776,0.14713273,2025,False
AOI-0031,2025-09-17,0.20904636,0.20556744,0.01579730,0.00156712,0.18931975,2025,False
AOI-0031,2025-10-02,0.21813077,0.23137616,0.02817337,0.00806918,0.21746429,2025,False
AOI-0031,2025-10-22,0.20700877,0.20700877,-0.06361710,-0.00782399,0.20915152,2025,False
AOI-0032,2010-06-04,,,-0.05800520,0.00835003,0.25339007,2010,False
AOI-0032,2010-06-10,0.21910604,,0.03851529,0.00521766,0.28114233,2010,True
AOI-0032,2010-06-20,0.18378639,,,-0.00101155,0.20123389,2010,False
AOI-0032,2010-07-12,0.17994687,,0.04181388,0.01619111,0.20832417,2010,True
AOI-0032,2010-08-16,0.16097799,,,0.00416059,0.13978585,2010,False
AOI-0032,2010-09-14,,,0.00000000,0.00277781,0.20178010,2010,True
AOI-0032,2010-09-30,0.17135905,,0.00000000,0.00232671,0.20631985,2010,True
AOI-0032,2011-07-12,0.31622334,0.31622334,0.00000000,-0.03442371,0.29679110,2011,True
AOI-0032,2011-08-29,0.31523916,0.31523916,0.07060683,0.02189909,0.28443647,2011,True
AOI-0032,2011-09-11,0.17717580,0.17717580,-0.02317666,0.00409851,0.18015901,2011,False
AOI-0032,2011-09-28,0.19927316,0.19927316,,0.00173819,0.20004099,2011,False
AOI-0032,2012-04-06,,,0.00000000,0.00168940,0.29769156,2012,True
AOI-0032,2012-05-01,,,,0.00210909,0.36690098,2012,False
AOI-0032,2012-06-25,,,0.02442675,0.00113108,0.33548422,2012,True
AOI-0032,2012-10-08,,,,-0.00059978,0.15177091,2012,False
AOI-0032,2013-05-19,,,0.12196748,-0.00259968,0.44628157,2013,False
AOI-0032,2013-05-20,,,,-0.00239199,0.42378824,2013,False
AOI-0032,2013-06-10,,,0.00316291,-0.00488937,0.34300985,2013,True
AOI-0032,2013-06-12,,,-0.01216120,-0.00515731,0.30615881,2013,False
AOI-0032,2013-06-13,,,,-0.00528967,0.30209845,2013,False
AOI-0032,2013-07-22,,,0.00000000,-0.01773340,0.33346979,2013,False
AOI-0032,2013-07-30,,,-0.02919494,-0.01711445,0.32771486,2013,False
AOI-0032,2013-08-13,,,0.02828705,-0.01241050,0.30067192,2013,True
AOI-0032,2013-08-29,,,0.00000000,-0.00175281,0.27831391,2013,True
AOI-0032,2013-09-14,,,0.00000000,-0.00201651,0.26877582,2013,True
AOI-0032,2014-06-16,0.46452872,0.46452872,,-0.02247470,0.26448540,2014,False
AOI-0032,2014-06-26,0.27353530,0.29215000,0.02347122,-0.02153940,0.22359835,2014,True
AOI-0032,2014-07-12,0.25062916,0.24542465,0.04022799,-0.00895271,0.19292519,2014,True
AOI-0032,2014-09-03,0.12882836,0.12188682,-0.04542599,-0.00568353,0.13187024,2014,False
AOI-0032,2015-04-23,0.22034910,,0.00000000,-0.00504825,0.24287724,2015,True
AOI-0032,2015-06-18,0.35377877,,,-0.03745268,0.51584063,2015,False
AOI-0032,2015-07-13,0.23952189,,,-0.00185386,0.32657036,2015,False
AOI-0032,2015-09-15,0.23649428,,,-0.00456677,0.17900249,2015,False
AOI-0032,2015-09-23,0.25081744,,,0.00460959,0.20209551,2015,False
AOI-0032,2015-09-30,0.24062607,,0.01851655,0.00341423,0.20984222,2015,True
AOI-0032,2016-04-06,,,0.03941300,-0.00064046,0.28486930,2016,True
AOI-0032,2016-04-10,,,,-0.00066385,0.20424971,2016,False
AOI-0032,2016-05-03,,,0.03802500,0.00015720,0.23213858,2016,False
AOI-0032,2016-06-09,,,0.02201805,0.00586865,0.33406864,2016,True
AOI-0032,2016-06-28,,,0.04372151,0.01128199,0.20783323,2016,False
AOI-0032,2016-07-15,,,,0.00600228,0.17337880,2016,False
AOI-0032,2016-07-30,,,0.00000000,-0.00169336,0.18658464,2016,False
AOI-0032,2016-08-16,,,,-0.00189497,0.17541424,2016,False
AOI-0032,2016-09-09,,,,0.00070489,0.17396366,2016,False
AOI-0032,2016-10-18,,,0.00950398,-0.00467613,0.39092402,2016,False
AOI-0032,2017-04-04,0.25246309,0.22344006,-0.00504901,-0.01886514,0.41684083,2017,False
AOI-0032,2017-04-28,0.60176791,0.58301889,-0.03136689,-0.02027658,0.69071691,2017,False
AOI-0032,2017-05-09,0.75421107,0.76554390,0.00000000,-0.01325615,0.80422015,2017,True
AOI-0032,2017-07-02,0.21276306,0.21575707,-0.02401971,0.01168438,0.23022990,2017,False
AOI-0032,2017-08-02,0.16180899,0.16180899,0.05261219,0.00684088,0.18367343,2017,False
AOI-0032,2017-08-11,0.10481171,0.10025974,-0.00755053,0.00871195,0.13056024,2017,False
AOI-0032,2017-08-19,0.09377428,0.09377428,-0.05983098,0.01179091,0.12468005,2017,False
AOI-0032,2017-08-27,0.15554776,0.15554776,,0.01187714,0.17679060,2017,False
AOI-0032,2017-09-03,0.15658737,0.15658737,0.02258965,0.01512560,0.16355209,2017,False
AOI-0032,2017-09-12,0.26581619,0.26581619,,0.01214830,0.14949290,2017,False
AOI-0032,2018-04-15,,,0.04727963,0.02217809,0.20827279,2018,False
AOI-0032,2018-06-10,,,0.10580824,-0.00222766,0.22373082,2018,True
AOI-0032,2018-06-19,,,,0.00400625,0.15211097,2018,False
AOI-0032,2018-09-14,,,0.02282745,-0.00422893,0.19195279,2018,True
AOI-0032,2018-09-23,,,,0.00308534,0.16080590,2018,False
AOI-0032,2018-09-30,,,0.03917991,0.00107303,0.22053752,2018,True
AOI-0032,2018-10-07,,,-0.01355772,0.00066004,0.16787204,2018,False
AOI-0032,2018-10-12,,,,0.00050549,0.21483251,2018,False
AOI-0032,2019-04-26,0.60260921,0.61966601,-0.01081903,0.01763576,0.68983406,2019,False
AOI-0032,2019-04-28,0.52120469,0.52120469,-0.01341914,0.01859282,0.67032490,2019,False
AOI-0032,2019-05-18,0.77276402,0.75742709,0.00000000,0.03208616,0.78865107,2019,False
AOI-0032,2019-05-20,0.75213933,0.75213933,0.01349312,0.03262878,0.79032789,2019,False
AOI-0032,2019-05-30,,,,-0.01185211,0.64783756,2019,False
AOI-0032,2019-06-14,,,,-0.04205741,0.23196157,2019,False
AOI-0032,2019-06-19,0.31050723,0.31050723,0.00484448,-0.01337630,0.20820556,2019,False
AOI-0032,2019-07-23,,,0.00499161,-0.02490593,0.15215776,2019,False
AOI-0032,2019-09-25,0.16895517,0.16895517,0.00394891,0.00779099,0.08627346,2019,False
AOI-0032,2019-10-05,,,,-0.00222367,0.15410738,2019,False
AOI-0032,2019-10-11,0.38783514,0.38783514,0.00000000,0.00991500,0.22361846,2019,False
AOI-0032,2019-10-25,0.21617446,0.21617446,-0.03375653,0.02253735,0.30485023,2019,False
AOI-0032,2019-10-28,-0.02864218,-0.02864218,-0.04535025,0.02398003,0.34984164,2019,False
AOI-0032,2020-05-27,0.41667850,0.42407790,0.00000000,0.00643670,0.39831639,2020,False
AOI-0032,2020-05-30,0.38475003,0.39840540,-0.03276384,0.04205935,0.38764788,2020,False
AOI-0032,2020-06-24,0.25595346,0.23096923,-0.10708552,0.01556785,0.17213586,2020,False
AOI-0032,2020-06-26,0.16246461,0.17029434,0.03677767,0.00509063,0.17446230,2020,False
AOI-0032,2020-08-05,0.11542620,0.11831735,0.00000000,0.01556588,0.11897164,2020,False
AOI-0032,2020-08-07,,,0.03444526,0.00268247,0.13622036,2020,False
AOI-0032,2020-09-13,0.17272023,0.17452092,0.05067500,0.00303234,0.18720830,2020,True
AOI-0032,2020-09-28,,,,0.00636167,0.10999781,2020,False
AOI-0032,2020-09-29,0.13487751,0.14374089,0.04314490,0.00632907,0.16941999,2020,True
AOI-0032,2020-10-05,0.12440635,0.12440635,-0.00127422,-0.01345824,0.13015181,2020,False
AOI-0032,2020-10-06,0.15216575,0.15216575,,-0.01388935,0.14620570,2020,False
AOI-0032,2020-10-24,0.12463490,0.11625856,-0.01969490,-0.01290304,0.14527335,2020,False
AOI-0032,2021-04-04,,,,0.02081301,0.09909826,2021,False
AOI-0032,2021-04-23,,,0.02263228,0.02058717,0.25832767,2021,True
AOI-0032,2021-05-01,,,,0.01590720,0.19080134,2021,False
AOI-0032,2021-05-25,,,0.02479899,0.00881138,0.28220435,2021,True
AOI-0032,2021-06-18,,,-0.00395791,0.01621953,0.19913065,2021,False
AOI-0032,2021-07-01,,,0.00010248,-0.00043547,0.15420880,2021,False
AOI-0032,2021-07-18,,,0.00001604,0.01148779,0.13455727,2021,False
AOI-0032,2021-09-06,,,0.00730888,0.01171115,0.14226553,2021,False
AOI-0032,2021-09-15,,,,-0.00821137,0.16130799,2021,False
AOI-0032,2021-10-08,,,-0.00260790,-0.00035401,0.31579386,2021,False
AOI-0032,2022-04-26,0.82180703,0.82180703,0.00057017,-0.00113470,0.80500288,2022,False
AOI-0032,2022-05-09,0.77031295,0.77031295,0.00354142,0.00890722,0.83981924,2022,True
AOI-0032,2022-05-13,0.87258219,0.87258219,,0.01863790,0.84666303,2022,False
AOI-0032,2022-05-29,0.88234916,0.88234916,,0.00353250,0.83089890,2022,False
AOI-0032,2022-06-06,0.81842327,0.81842327,0.00169175,0.02182355,0.75023982,2022,False
AOI-0032,2022-06-13,0.59862331,0.59862331,0.02263080,-0.02026791,0.59204559,2022,False
AOI-0032,2022-06-30,0.30309558,0.30309558,0.03307322,-0.05176285,0.30521787,2022,False
AOI-0032,2022-08-01,0.17403282,0.17403282,-0.02173161,0.00627913,0.15125532,2022,False
AOI-0032,2022-08-02,0.11280221,0.11280221,,0.00674178,0.10990027,2022,False
AOI-0032,2022-08-15,0.11976741,0.11976741,-0.00644560,0.01087118,0.11355050,2022,False
AOI-0032,2022-08-24,0.15289674,0.15289674,,0.00077299,0.15184695,2022,False
AOI-0032,2022-08-29,0.17633904,0.17633904,0.03763115,-0.00352367,0.18489327,2022,True
AOI-0032,2022-09-11,,,,0.00076076,0.13298196,2022,False
AOI-0032,2023-04-07,0.21060510,0.21060510,0.05347828,0.02849939,0.29289717,2023,True
AOI-0032,2023-04-12,,,,0.03051937,0.19013375,2023,False
AOI-0032,2023-05-12,0.20275662,0.20275662,0.00000000,0.01830422,0.21608745,2023,False
AOI-0032,2023-05-15,0.22607998,0.22607998,0.00000000,0.01695667,0.22176952,2023,False
AOI-0032,2023-05-24,,,,0.00729447,0.30102356,2023,False
AOI-0032,2023-06-06,0.29354113,0.29354113,0.00000000,-0.04739506,0.41348002,2023,False
AOI-0032,2023-06-18,0.41363347,,0.00000000,-0.04380574,0.50498916,2023,False
AOI-0032,2023-07-26,0.39576186,0.45380627,-0.01796192,-0.00331278,0.27532480,2023,False
AOI-0032,2023-07-28,0.37720771,0.37720771,0.04146772,0.01372182,0.29384091,2023,True
AOI-0032,2023-08-08,0.27854085,0.29806710,-0.08428694,0.00632844,0.20954985,2023,False
AOI-0032,2023-09-01,0.28510601,,0.01080317,0.00091144,0.24291148,2023,False
AOI-0032,2023-09-11,0.25315814,0.25315814,0.03376815,-0.00103310,0.24204531,2023,False
AOI-0032,2023-09-24,0.22761254,0.20531891,-0.00504968,-0.00057263,0.18442052,2023,False
AOI-0032,2024-04-07,0.21709596,,-0.02798869,0.00493116,0.21245086,2024,False
AOI-0032,2024-05-06,0.20511819,,0.00000000,0.00235008,0.20558129,2024,False
AOI-0032,2024-06-03,0.20939842,,-0.00247868,0.00578339,0.22062718,2024,False
AOI-0032,2024-07-12,0.14801654,,0.02628964,0.00190375,0.14806614,2024,False
AOI-0032,2024-07-25,0.15126296,,-0.01280466,0.00268106,0.14304683,2024,False
AOI-0032,2024-07-30,0.14269522,,-0.04000602,0.00463584,0.13053241,2024,False
AOI-0032,2024-08-22,0.16733177,,-0.01734002,-0.00344463,0.14933270,2024,False
AOI-0032,2024-08-30,0.16853693,,-0.00028165,-0.01370218,0.15604542,2024,False
AOI-0032,2024-09-13,0.15582520,,0.00101875,-0.00291444,0.15323207,2024,True
AOI-0032,2024-09-18,0.16608491,,0.00642384,-0.00289934,0.14736835,2024,False
AOI-0032,2024-10-05,0.14706575,,0.02423041,0.01099180,0.13794693,2024,False
AOI-0032,2024-10-15,0.18232807,,0.02355462,0.00931680,0.20062807,2024,True
AOI-0032,2024-10-23,0.15885601,,-0.01025412,0.00860747,0.14057188,2024,False
AOI-0032,2025-05-06,0.62304844,0.62799429,-0.01158598,-0.01890528,0.65366590,2025,False
AOI-0032,2025-05-28,0.74200019,0.72819519,0.00000000,-0.02613964,0.73371817,2025,False
AOI-0032,2025-06-30,0.28582635,0.26995836,0.00000000,-0.01883431,0.28096438,2025,False
AOI-0032,2025-07-07,0.24198787,0.22359694,-0.02634257,0.00477722,0.19240136,2025,False
AOI-0032,2025-07-10,0.21515697,0.20546925,-0.03499475,-0.00448028,0.17101489,2025,False
AOI-0032,2025-08-13,0.20926088,0.21972850,0.06268806,0.01239170,0.21452030,2025,True
AOI-0032,2025-08-16,0.14473431,0.15198861,-0.00719055,0.00888318,0.14656528,2025,False
AOI-0032,2025-08-24,0.12736876,0.12642060,-0.02844148,0.01110114,0.14130462,2025,False
AOI-0032,2025-08-31,0.14109917,0.13688625,0.03557449,0.01133548,0.15913088,2025,False
AOI-0032,2025-09-03,0.11355167,0.07720969,-0.00936857,0.00971242,0.12848353,2025,False
AOI-0032,2025-10-08,0.14397669,0.14906685,-0.01824921,0.01263503,0.14936544,2025,False
AOI-0033,2025-04-28,0.28420778,,0.00000000,0.00652612,0.19969058,2025,False
AOI-0033,2025-05-20,0.28344188,,0.01601557,-0.00558271,0.30051823,2025,False
AOI-0033,2025-06-10,0.45147175,,0.00000000,-0.01989659,0.64925014,2025,True
AOI-0033,2025-06-22,,,-0.03828709,0.02529910,0.71876680,2025,False
AOI-0033,2025-07-05,0.51588993,,-0.00118909,-0.04828068,0.48135995,2025,False
AOI-0033,2025-07-10,0.38769367,,-0.03499475,-0.09442674,0.34900798,2025,False
AOI-0033,2025-09-15,0.25807825,,-0.00294628,0.00996455,0.28568572,2025,False
AOI-0034,2025-04-25,0.17127869,0.17374058,0.00321500,0.01357507,0.17794786,2025,False
AOI-0034,2025-05-06,0.16709282,0.16587364,-0.01158598,0.02114512,0.16063920,2025,False
AOI-0034,2025-05-09,0.29389124,0.27647762,0.03885863,0.02225563,0.31078715,2025,True
AOI-0034,2025-06-10,0.22235150,,0.00000000,0.03539550,0.21631477,2025,True
AOI-0034,2025-06-15,0.15130750,0.15130750,-0.01217993,0.02217346,0.15017859,2025,False
AOI-0034,2025-06-21,0.21512057,0.22082900,0.00612851,0.02019516,0.20559518,2025,False
AOI-0034,2025-07-07,0.13522587,0.13469684,-0.02634257,0.00152483,0.12950890,2025,False
AOI-0034,2025-07-10,0.14186435,0.13820072,-0.03499475,0.00148845,0.12387848,2025,False
AOI-0034,2025-07-16,0.23582350,0.23582350,0.03400813,0.02311218,0.18576853,2025,False
AOI-0034,2025-08-31,0.12713636,,0.03557449,0.01572286,0.15186411,2025,False
AOI-0034,2025-09-13,0.14151825,0.14156898,0.00000000,0.00668238,0.13207455,2025,False
AOI-0034,2025-09-23,0.16091626,0.14701178,-0.00020035,0.00131079,0.15332502,2025,False
AOI-0034,2025-10-02,,,0.02817337,-0.00042169,0.27400476,2025,False
AOI-0034,2025-10-16,0.58746377,0.74113021,0.00879559,0.00992448,0.59617936,2025,True
AOI-0035,2025-05-16,0.13353083,0.12950109,-0.01713689,0.02443554,0.14669144,2025,False
AOI-0035,2025-05-20,0.18299655,0.18375190,0.01601557,0.01755068,0.20894926,2025,False
AOI-0035,2025-06-05,0.14563902,0.13880167,-0.00599929,0.01560860,0.16312479,2025,False
AOI-0035,2025-06-07,0.14062371,0.13705112,-0.03444797,0.02289964,0.14054583,2025,False
AOI-0035,2025-06-10,0.16450527,,0.00000000,0.00814501,0.21424625,2025,True
AOI-0035,2025-07-30,0.12933362,0.12516342,-0.00322138,0.02079547,0.13159169,2025,False
AOI-0035,2025-08-31,0.12137718,,0.03557449,0.00893104,0.14184793,2025,False
AOI-0035,2025-09-26,0.17049096,0.17314453,0.00020035,-0.00089513,0.16967677,2025,False
AOI-0035,2025-09-28,0.14783725,0.14686888,-0.00870861,0.00053587,0.14752815,2025,False
AOI-0035,2025-10-02,,,0.02817337,-0.00237309,0.20405240,2025,False
AOI-0035,2025-10-30,0.52339776,0.52339776,-0.00366208,-0.01392500,0.60322636,2025,False
AOI-0036,2025-05-16,0.56792970,0.58376986,-0.01713689,0.02241620,0.60309700,2025,False
AOI-0036,2025-07-16,0.29701755,0.28290507,0.03400813,0.00541036,0.25054466,2025,False
AOI-0036,2025-08-01,0.18360151,0.18432111,-0.00711178,0.00823248,0.19308351,2025,False
AOI-0036,2025-08-09,0.16740743,0.17406220,-0.02266645,0.00132182,0.15678291,2025,False
AOI-0036,2025-08-23,0.20415419,0.19575877,0.03258077,-0.00165654,0.17304380,2025,False
AOI-0036,2025-10-02,0.18962175,0.18037504,0.02817337,-0.00696709,0.20666076,2025,False
AOI-0037,2025-04-07,0.59660830,0.58505642,0.05968037,-0.01729663,0.56231769,2025,True
AOI-0037,2025-04-16,0.54464752,0.54477592,-0.01990265,-0.01383694,0.52065654,2025,False
AOI-0037,2025-05-23,0.59527765,0.60280422,-0.00460831,0.03525709,0.60965732,2025,False
AOI-0037,2025-06-30,0.37212035,0.37009298,0.00000000,-0.00218301,0.37834370,2025,False
AOI-0037,2025-07-14,0.26227317,0.25934477,0.02032363,-0.00538443,0.28664445,2025,False
AOI-0037,2025-07-23,0.27916391,0.28292791,-0.00741115,0.00316058,0.26763412,2025,False
AOI-0037,2025-08-09,0.22944629,0.22811053,-0.02266645,0.00120846,0.23001721,2025,False
AOI-0037,2025-08-16,0.22558772,0.22721757,-0.00719055,0.00285152,0.23278854,2025,False
AOI-0037,2025-09-12,0.21031155,0.21476824,-0.00443989,0.00763959,0.19348339,2025,False
AOI-0037,2025-09-13,0.22099179,0.22326189,0.00000000,0.00858964,0.19034028,2025,False
AOI-0037,2025-09-23,0.21174618,0.23410016,-0.00020035,0.00492239,0.20853707,2025,False
AOI-0037,2025-09-26,0.25441576,0.25824898,0.00020035,0.00433527,0.22131982,2025,False
AOI-0037,2025-09-30,0.29069505,0.28415996,0.03748496,-0.00153689,0.26694034,2025,True
AOI-0037,2025-10-05,0.20116674,0.20913716,-0.02807480,-0.00096472,0.18590189,2025,False
AOI-0038,2025-04-07,0.44508443,0.45232851,0.05968037,0.00550896,0.51320975,2025,True
AOI-0038,2025-04-25,0.45437244,0.46652007,0.00321500,0.01113667,0.50121067,2025,False
AOI-0038,2025-06-14,0.41228695,0.40614982,0.00022976,0.00379756,0.46399821,2025,False
AOI-0038,2025-07-10,0.21423285,0.22215802,-0.03499475,-0.00930631,0.18758782,2025,False
AOI-0038,2025-07-15,0.20515909,0.19787485,-0.00249133,0.00068688,0.19207808,2025,False
AOI-0038,2025-08-14,0.18898607,0.19006744,0.00000000,0.00317535,0.18125661,2025,False
AOI-0038,2025-09-02,0.22063057,0.21610691,0.03071422,0.00328476,0.21163978,2025,False
AOI-0038,2025-10-05,0.15215614,0.15956809,-0.02807480,0.00411909,0.16830073,2025,False
AOI-0038,2025-10-08,0.18987438,0.18419603,-0.01824921,0.00411909,0.17177519,2025,False
AOI-0038,2025-10-16,0.23669119,0.23953680,0.00879559,0.00606487,0.28492685,2025,True
AOI-0039,2025-05-04,0.69671752,0.68561095,0.00731763,-0.03505627,0.74519075,2025,False
AOI-0039,2025-05-08,0.67626404,0.68478652,-0.00154097,-0.02123757,0.67254033,2025,False
AOI-0039,2025-05-28,0.66963037,0.65661607,0.00000000,0.01232502,0.64938487,2025,False
AOI-0039,2025-07-10,0.45601953,0.43760594,-0.03499475,-0.00043950,0.41750144,2025,False
AOI-0039,2025-08-06,0.37241559,0.36729032,0.00064041,-0.00946470,0.33352738,2025,False
AOI-0039,2025-08-24,0.31329998,0.32153899,-0.02844148,0.00043451,0.32856789,2025,False
AOI-0039,2025-09-08,0.30801496,0.31803696,-0.02434620,-0.00887208,0.29406056,2025,False
AOI-0039,2025-09-12,0.31350238,0.31618463,-0.00443989,-0.00506633,0.30443239,2025,False
AOI-0039,2025-09-14,0.37247482,0.37877051,0.05483990,-0.01040685,0.36356396,2025,True
AOI-0039,2025-09-26,0.35964676,0.36105759,0.00020035,0.00000612,0.32525602,2025,False
AOI-0039,2025-10-23,0.37639465,0.38405240,-0.03568135,-0.00171459,0.36652273,2025,False
AOI-0040,2025-04-02,0.34425314,0.35903440,0.00000000,-0.00804236,0.31505988,2025,False
AOI-0040,2025-04-03,0.42994990,0.43560899,0.01949562,-0.00804236,0.33345018,2025,False
AOI-0040,2025-05-06,0.66395243,0.66872470,-0.01158598,-0.00413604,0.69125037,2025,False
AOI-0040,2025-06-07,0.68771617,0.67057584,-0.03444797,0.00406004,0.68725172,2025,False
AOI-0040,2025-07-08,0.28347862,0.27499040,-0.01565705,-0.00914021,0.22786138,2025,False
AOI-0040,2025-09-12,0.13488686,0.12749061,-0.00443989,0.00746545,0.13824955,2025,False
AOI-0040,2025-09-13,0.12687182,0.13858929,0.00000000,0.00747645,0.13485130,2025,False
AOI-0040,2025-09-28,0.14123481,0.13758057,-0.00870861,-0.00060989,0.14192173,2025,False
AOI-0040,2025-09-30,0.19395532,0.19732414,0.03748496,-0.00052224,0.19607902,2025,True
AOI-0040,2025-10-02,0.17624097,0.16402451,0.02817337,0.00314159,0.17786297,2025,False
AOI-0041,2025-04-23,0.56704999,0.57184158,0.01813347,0.00821990,0.62984433,2025,True
AOI-0041,2025-05-20,0.61749232,0.64253850,0.01601557,0.02118700,0.61205803,2025,False
AOI-0041,2025-06-22,0.35867358,0.36772936,-0.03828709,-0.00775077,0.37688191,2025,False
AOI-0041,2025-06-27,0.44308143,0.42048498,0.02904008,-0.00132134,0.39101644,2025,False
AOI-0041,2025-07-23,0.31720543,0.29838709,-0.00741115,-0.00754089,0.27881641,2025,False
AOI-0041,2025-08-19,0.25311969,0.24545683,-0.00985437,0.00133806,0.21927987,2025,False
AOI-0041,2025-09-30,0.23030963,0.25084206,0.03748496,0.00155627,0.28499948,2025,True
AOI-0042,2025-04-18,0.15525536,,-0.00852308,-0.00472123,0.15275623,2025,False
AOI-0042,2025-05-04,0.16585482,,0.00731763,0.02075198,0.17084849,2025,False
AOI-0042,2025-06-13,0.17553728,,0.00007443,0.01419688,0.16380891,2025,False
AOI-0042,2025-07-14,0.13551251,,0.02032363,0.01112870,0.15684609,2025,False
AOI-0042,2025-07-16,0.17032671,,0.03400813,0.01166215,0.17675213,2025,False
AOI-0042,2025-07-24,0.15928563,,0.04689509,0.02278882,0.18573334,2025,False
AOI-0042,2025-08-17,0.15181956,,-0.00008883,0.00872383,0.14894443,2025,False
AOI-0042,2025-08-19,0.13686696,,-0.00985437,0.00927493,0.12796351,2025,False
AOI-0042,2025-08-24,0.13305919,,-0.02844148,0.01792628,0.11925002,2025,False
AOI-0042,2025-08-29,0.14326271,,0.00204728,0.01364570,0.14370478,2025,True
AOI-0042,2025-09-15,0.14377054,,-0.00294628,0.00095705,0.13186199,2025,False
AOI-0042,2025-09-17,0.15487095,,0.01579730,0.00045784,0.16627330,2025,False
AOI-0042,2025-10-02,0.17184148,,0.02817337,0.00106521,0.17691666,2025,False
AOI-0043,2025-04-24,0.22433582,,-0.03100570,0.02538723,0.20584303,2025,False
AOI-0043,2025-04-29,0.21282297,,0.00198102,0.01985976,0.21707767,2025,False
AOI-0043,2025-05-31,0.16281394,0.15741436,-0.08103481,-0.00180766,0.17565978,2025,False
AOI-0043,2025-06-08,0.19871116,,-0.03058925,-0.00369887,0.17794805,2025,False
AOI-0043,2025-06-15,0.18072485,,-0.01217993,-0.00199880,0.15235601,2025,False
AOI-0043,2025-06-17,0.01571304,,-0.01968666,-0.00156662,0.15601653,2025,False
AOI-0043,2025-06-25,0.06336898,,-0.07262647,0.00734518,0.13272215,2025,False
AOI-0043,2025-07-07,0.14945800,0.14985668,-0.02634257,0.00704274,0.16408440,2025,False
AOI-0043,2025-07-13,0.16950368,,0.00053227,0.00274253,0.15382852,2025,False
AOI-0043,2025-08-12,0.16918291,,0.00492083,0.00794397,0.14825619,2025,False
AOI-0043,2025-09-24,0.19828739,0.19741608,0.02766891,0.00194639,0.20617480,2025,False
AOI-0043,2025-10-13,0.17882856,0.17899061,-0.01486578,-0.00802288,0.15821980,2025,False
AOI-0043,2025-10-15,0.17093604,,-0.00379805,-0.00819704,0.16728892,2025,False
AOI-0044,2010-04-16,,,-0.01240977,0.00000931,0.23387286,2010,False
AOI-0044,2010-04-25,,,0.00153509,-0.00080681,0.28978663,2010,False
AOI-0044,2010-05-09,0.50354109,,0.00000000,-0.00357027,0.50160565,2010,True
AOI-0044,2010-05-18,,,0.03755859,0.00136397,0.40683963,2010,False
AOI-0044,2010-06-12,0.32794265,,0.00137475,-0.00141430,0.46432911,2010,False
AOI-0044,2010-06-20,,,,-0.00776819,0.45109027,2010,False
AOI-0044,2010-06-28,0.27881318,,0.01223865,-0.02463790,0.48674127,2010,False
AOI-0044,2010-07-29,0.22599315,,0.00000000,-0.00856482,0.23431273,2010,False
AOI-0044,2010-08-06,,,-0.06199650,0.00303674,0.18916428,2010,False
AOI-0044,2010-10-16,0.34331756,,0.02822259,0.00503326,0.25565207,2010,True
AOI-0044,2010-10-25,0.23524083,,0.00000000,0.00457688,0.17907044,2010,False
AOI-0044,2011-07-16,,,-0.01436646,-0.00302763,0.65598157,2011,False
AOI-0044,2011-08-01,,,0.00683332,0.02927585,0.32255782,2011,False
AOI-0044,2011-08-02,,,-0.00160768,0.02886446,0.29944682,2011,False
AOI-0044,2011-10-16,0.34528691,0.34528691,0.00000000,-0.00499860,0.37074006,2011,True
AOI-0044,2012-04-06,,,0.00000000,0.00352028,0.34770413,2012,True
AOI-0044,2012-05-08,,,0.00000000,0.00109669,0.63265818,2012,True
AOI-0044,2013-05-02,0.28101402,,-0.00682679,0.00121484,0.24217174,2013,False
AOI-0044,2013-05-03,,,0.01926969,0.00119643,0.25280622,2013,False
AOI-0044,2013-05-11,,,-0.05596128,-0.00477539,0.30022613,2013,False
AOI-0044,2014-04-07,0.34789417,0.34422472,0.00000000,0.00862264,0.38680738,2014,True
AOI-0044,2014-06-06,0.28467245,0.29387805,-0.00419581,0.00400730,0.25830715,2014,False
AOI-0044,2014-06-14,0.31512209,0.31706454,,-0.00205545,0.24663507,2014,False
AOI-0044,2014-06-23,0.23761102,0.23942536,0.00000000,0.00583232,0.23431941,2014,False
AOI-0044,2014-08-02,0.17572157,0.18180424,-0.03311007,-0.00974474,0.16982226,2014,False
AOI-0044,2014-08-09,0.17918020,0.18323834,-0.03403907,-0.00278927,0.16517471,2014,False
AOI-0044,2014-08-29,0.24676667,0.24456119,0.01839680,-0.00419903,0.22897852,2014,True
AOI-0044,2014-09-18,0.21361623,0.21854760,0.00000000,-0.00458801,0.19079055,2014,False
AOI-0044,2014-09-19,0.18705843,0.18705843,,-0.00483322,0.16545877,2014,False
AOI-0044,2014-10-04,0.20762771,0.20812117,0.00000000,-0.00370811,0.19707068,2014,False
AOI-0044,2014-10-12,0.22695937,0.21800346,-0.02145525,-0.00369157,0.17148731,2014,False
AOI-0044,2014-10-28,0.17557417,0.18051965,-0.03051131,-0.00355898,0.20259109,2014,False
AOI-0044,2014-10-29,0.20572876,0.20660011,0.00000000,-0.00355898,0.22880735,2014,False
AOI-0044,2015-06-26,0.55515094,0.55515094,0.00028490,0.00414450,0.45199866,2015,True
AOI-0044,2015-07-27,0.17441715,0.17441715,-0.05275639,0.01211194,0.22900523,2015,False
AOI-0044,2015-07-28,0.40940221,0.40940221,0.01005130,0.01203510,0.28612088,2015,True
AOI-0044,2015-08-29,0.27594631,0.27594631,0.01690069,0.00146774,0.24201449,2015,True
AOI-0044,2015-10-08,,,-0.02408391,0.00520286,0.19507250,2015,False
AOI-0044,2015-10-16,0.33985199,0.33985199,0.00000000,0.00520286,0.30632847,2015,True
AOI-0044,2016-04-08,0.64796291,0.62101868,-0.02403299,-0.02571510,0.51510375,2016,False
AOI-0044,2016-05-08,0.77429972,0.77769332,0.00000000,-0.00710249,0.83788189,2016,True
AOI-0044,2016-05-11,0.73406406,0.73406406,,-0.00672180,0.83900671,2016,False
AOI-0044,2016-06-20,0.42076892,0.42076892,-0.04585128,-0.00620336,0.39632952,2016,False
AOI-0044,2016-06-25,0.34507614,0.33744962,0.03663475,-0.00317000,0.36938749,2016,True
AOI-0044,2016-07-13,0.19532738,0.19532738,-0.01413786,-0.00883394,0.28886663,2016,False
AOI-0044,2016-07-27,0.35562935,0.35562935,0.00000000,0.00945328,0.33736804,2016,True
AOI-0044,2016-09-07,0.24697037,0.24745589,0.00000000,0.01290725,0.20464991,2016,False
AOI-0044,2016-09-13,0.25567818,0.25567818,0.00000000,0.00797776,0.27203135,2016,True
AOI-0044,2016-10-02,,,0.00975106,0.00359955,0.21980545,2016,False
AOI-0044,2016-10-26,0.29420107,0.29420107,-0.03976190,0.00057374,0.21405869,2016,False
AOI-0044,2017-04-03,0.20051936,,0.00000000,0.02129241,0.17274587,2017,False
AOI-0044,2017-04-04,0.19686339,,-0.00504901,0.02129241,0.18916726,2017,False
AOI-0044,2017-04-12,0.22417480,,0.00000000,0.01940377,0.21259926,2017,False
AOI-0044,2017-06-27,,,,0.00136165,0.22041333,2017,False
AOI-0044,2017-06-30,0.20516842,,0.00000000,-0.00078285,0.20521264,2017,False
AOI-0044,2017-08-10,0.16371841,,-0.00163356,-0.00462313,0.16507067,2017,False
AOI-0044,2017-09-14,0.21746820,,0.07102410,0.00266182,0.25132353,2017,True
AOI-0044,2018-04-06,0.67306424,0.65592576,0.00000000,-0.01701643,0.54641598,2018,False
AOI-0044,2018-07-12,0.27490155,0.29804459,0.01527116,-0.01033939,0.24581866,2018,True
AOI-0044,2018-07-19,,,,-0.00721428,0.18179096,2018,False
AOI-0044,2018-09-30,0.24095777,0.24712890,0.03917991,-0.00099231,0.22117502,2018,True
AOI-0044,2019-04-25,0.42636706,0.42636706,0.00122249,-0.02617849,0.37586994,2019,False
AOI-0044,2019-04-26,0.42018964,0.42018964,-0.01081903,-0.02368450,0.36622644,2019,False
AOI-0044,2019-06-02,0.63415058,0.63415058,-0.01550560,0.01299875,0.68528670,2019,False
AOI-0044,2019-06-12,0.39887749,0.44357534,0.02226573,0.01094501,0.46911457,2019,False
AOI-0044,2019-06-20,0.27893776,0.27893776,-0.04355419,0.02248561,0.31871884,2019,False
AOI-0044,2019-08-13,0.29774387,0.29774387,0.06965199,-0.00531783,0.41509745,2019,True
AOI-0044,2019-09-10,0.18884507,0.18884507,-0.00215728,0.01830447,0.16655039,2019,False
AOI-0044,2019-09-15,0.16916542,0.16916542,0.00000000,0.00816627,0.15675514,2019,False
AOI-0044,2019-09-16,0.22032753,0.19798062,0.03264290,0.01251406,0.20288688,2019,False
AOI-0044,2019-10-10,0.22689988,0.22689988,-0.00239808,0.00748706,0.19205497,2019,False
AOI-0044,2020-04-17,0.23657802,0.21020060,-0.00000597,0.01668093,0.18747872,2020,False
AOI-0044,2020-04-22,0.25261596,0.23774848,-0.00006658,0.02532611,0.25245003,2020,True
AOI-0044,2020-05-17,0.23781526,0.25527353,-0.00124301,0.00797812,0.19862301,2020,False
AOI-0044,2020-06-30,0.19476366,0.19269074,0.06437090,0.00603851,0.21649740,2020,False
AOI-0044,2020-08-10,0.14432110,0.14016534,-0.00202257,-0.00139690,0.12536940,2020,False
AOI-0044,2020-09-09,0.14942398,0.15437770,0.00941592,-0.00117129,0.14401973,2020,False
AOI-0044,2020-09-10,0.14428936,0.14381428,-0.00505617,-0.00094475,0.14623971,2020,False
AOI-0044,2020-09-26,0.13913977,0.13211330,-0.01593777,-0.00382977,0.12983343,2020,False
AOI-0044,2020-09-29,0.15412984,0.15280869,0.04314490,-0.00898680,0.16649938,2020,True
AOI-0044,2020-10-14,0.15818291,0.15818291,0.00848947,-0.00985351,0.14779620,2020,False
AOI-0044,2020-10-21,0.16097995,0.14724747,0.01969490,-0.01254002,0.16790065,2020,False
AOI-0044,2021-05-12,0.72744448,0.72744448,-0.00361629,0.01946419,0.67478854,2021,False
AOI-0044,2021-05-17,,,-0.00522086,0.02085188,0.71139343,2021,False
AOI-0044,2021-05-25,,,0.02479899,0.04538261,0.71527500,2021,True
AOI-0044,2021-07-16,0.16239802,0.16239802,-0.01265950,0.04092516,0.20540416,2021,False
AOI-0044,2021-07-21,0.18562969,0.18562969,-0.02655483,0.02898493,0.16353755,2021,False
AOI-0044,2021-09-30,0.27731869,0.27731869,0.06209322,-0.01077214,0.24579416,2021,True
AOI-0044,2021-10-07,0.15737778,0.15737778,-0.02033958,-0.00923084,0.15982612,2021,False
AOI-0044,2022-05-27,0.61866664,0.61866664,-0.02358743,0.00359626,0.73534621,2022,False
AOI-0044,2022-06-06,0.68690647,0.68690647,0.00169175,0.02356472,0.71573502,2022,False
AOI-0044,2022-06-12,0.60196888,0.60196888,0.00261164,-0.00337264,0.69382912,2022,False
AOI-0044,2022-07-07,0.23499736,0.23499736,-0.02642415,0.00541858,0.21337802,2022,False
AOI-0044,2022-08-10,0.20933031,0.20245920,-0.01194980,-0.00833562,0.22279637,2022,False
AOI-0044,2022-08-13,0.15233089,0.16265339,0.01115557,-0.00652915,0.27593588,2022,True
AOI-0044,2022-08-24,0.20585318,0.20585318,,0.00763466,0.26770094,2022,False
AOI-0044,2022-09-25,0.22151297,0.22151297,0.01395010,-0.00737426,0.22731776,2022,False
AOI-0044,2022-09-30,0.23548329,0.23348011,0.03333934,-0.01069922,0.26969352,2022,True
AOI-0044,2023-04-02,,,-0.00932541,-0.00363177,0.20361172,2023,False
AOI-0044,2023-04-07,,,0.05347828,-0.00373227,0.31178385,2023,True
AOI-0044,2023-06-06,0.26723402,0.26723402,0.00000000,-0.00859585,0.22289481,2023,False
AOI-0044,2023-06-30,0.26809553,0.26809553,0.02407904,0.00161314,0.22129217,2023,False
AOI-0044,2023-07-05,,,0.01671248,0.02681231,0.20914263,2023,False
AOI-0044,2023-07-09,,,-0.02237556,0.02755669,0.18083678,2023,False
AOI-0044,2023-07-11,,,,0.02807275,0.12169883,2023,False
AOI-0044,2023-07-16,0.23263487,0.23263487,0.00061746,0.02157485,0.16074296,2023,False
AOI-0044,2023-07-25,,,0.05755479,-0.00090917,0.20927025,2023,False
AOI-0044,2023-08-05,,,-0.04328048,0.00010044,0.14392358,2023,False
AOI-0044,2023-08-25,0.20306923,0.20306923,-0.00826476,0.00187552,0.15452346,2023,False
AOI-0044,2023-09-30,,,0.03281425,0.00268561,0.28102026,2023,True
AOI-0044,2023-10-14,,,-0.02773937,-0.04688628,0.21880740,2023,False
AOI-0044,2024-04-06,0.80993404,0.79774716,0.00000000,-0.00779581,0.77481287,2024,True
AOI-0044,2024-04-14,0.80369152,0.77309806,0.00000000,-0.00943993,0.82593637,2024,False
AOI-0044,2024-06-05,0.65456964,0.65456964,-0.05183313,0.02232672,0.57580516,2024,False
AOI-0044,2024-09-06,0.15896945,0.15896945,0.00000000,-0.00959971,0.15590050,2024,False
AOI-0044,2024-09-21,0.14509269,0.14769377,-0.00303547,0.00813299,0.14962748,2024,False
AOI-0044,2025-04-02,0.22526869,0.22983352,0.00000000,0.03490255,0.17570081,2025,False
AOI-0044,2025-05-20,0.22205169,0.22285610,0.01601557,0.01183893,0.23587967,2025,False
AOI-0044,2025-07-06,0.21368749,0.21673895,0.03000349,0.01234651,0.21831506,2025,False
AOI-0044,2025-07-10,0.15778992,0.15151532,-0.03499475,0.00696108,0.14050078,2025,False
AOI-0044,2025-08-14,0.14513288,0.15066598,0.00000000,-0.00126912,0.14321718,2025,False
AOI-0044,2025-09-23,0.15621985,0.16556800,-0.00020035,0.00181728,0.14997524,2025,False
AOI-0044,2025-10-03,0.16125965,0.16376646,0.00000000,0.00226910,0.15603771,2025,False
AOI-0044,2025-10-15,0.16186087,,-0.00379805,-0.00779061,0.15489736,2025,False
AOI-0045,2025-04-26,0.18811143,0.18811143,-0.00339466,0.02241037,0.21159156,2025,False
AOI-0045,2025-06-15,0.16705032,0.15381112,-0.01217993,-0.00327208,0.15477367,2025,False
AOI-0045,2025-06-27,0.16672444,0.16672444,0.02904008,0.02567844,0.16935340,2025,False
AOI-0045,2025-06-29,0.21575669,0.22246835,0.04860674,0.02486259,0.21040954,2025,False
AOI-0045,2025-07-31,0.19582598,0.19582598,0.01592637,-0.00571724,0.19518752,2025,False
AOI-0045,2025-08-13,0.21576791,0.21163155,0.06268806,0.01018326,0.21711710,2025,True
AOI-0045,2025-08-15,0.19276198,0.19276198,0.04845079,0.00371611,0.19882151,2025,False
AOI-0045,2025-08-16,0.13648132,0.13648132,-0.00719055,0.01084196,0.13569062,2025,False
AOI-0045,2025-09-30,0.21790273,0.21790273,0.03748496,-0.00119948,0.21522485,2025,True
AOI-0045,2025-10-15,0.16221182,,-0.00379805,-0.00353163,0.16101992,2025,False
AOI-0046,2010-06-26,,,0.05850106,0.01528232,0.32513711,2010,True
AOI-0046,2010-07-12,,,0.04181388,-0.00337575,0.33518834,2010,True
AOI-0046,2010-09-14,,,0.00000000,0.00157009,0.38779447,2010,True
AOI-0046,2011-05-30,0.43752083,,-0.00804871,-0.01132714,0.32676726,2011,False
AOI-0046,2011-08-17,0.23327814,,-0.00329856,0.02390561,0.18032311,2011,False
AOI-0046,2012-04-22,,,0.00000000,-0.00122110,0.41251061,2012,True
AOI-0046,2012-04-29,,,0.01068032,-0.00090312,0.34333023,2012,False
AOI-0046,2012-06-09,,,0.00000000,0.00115866,0.55926204,2012,True
AOI-0046,2013-04-25,,,-0.10654637,0.00655988,0.22959753,2013,False
AOI-0046,2013-05-09,,,0.00000000,-0.00423812,0.46980469,2013,True
AOI-0046,2013-06-11,,,-0.00071208,-0.00058701,0.57583105,2013,False
AOI-0046,2013-06-27,0.30859818,,0.00000000,-0.01699846,0.37487782,2013,False
AOI-0046,2013-07-21,0.44476220,,-0.05702195,0.00237639,0.30997629,2013,False
AOI-0046,2013-07-28,,,0.01239715,0.01370907,0.35226046,2013,True
AOI-0046,2013-07-30,,,-0.02919494,0.01240391,0.28345691,2013,False
AOI-0046,2014-05-25,0.60778444,0.64317362,0.00346117,0.03081135,0.72546499,2014,True
AOI-0046,2014-05-29,0.76182757,0.74861498,0.07836085,0.02863417,0.75556612,2014,False
AOI-0046,2014-07-01,0.26549661,0.24742618,-0.01815231,0.01199537,0.31224759,2014,False
AOI-0046,2014-07-12,0.26680481,0.26946419,0.04022799,0.00831277,0.31186435,2014,True
AOI-0046,2014-08-01,0.20490321,0.20196639,0.00000000,0.01094921,0.18854413,2014,False
AOI-0046,2014-08-25,0.15584743,0.15117406,-0.06018069,-0.00842714,0.14162926,2014,False
AOI-0046,2014-09-19,0.17307362,0.17307362,,-0.00458840,0.16011736,2014,False
AOI-0046,2015-05-17,0.29970494,,-0.01860305,0.01610488,0.25097329,2015,False
AOI-0046,2015-07-12,0.30901828,,0.00000000,0.01895205,0.35211365,2015,True
AOI-0046,2015-09-22,0.20741303,,-0.01974389,-0.00557132,0.20175942,2015,False
AOI-0046,2015-10-16,0.26001191,,0.00000000,-0.00818734,0.30515733,2015,True
AOI-0046,2016-05-02,0.81420619,0.81420619,0.02015208,0.02478308,0.82542452,2016,False
AOI-0046,2016-05-10,0.90957523,0.90957523,-0.01068213,0.01873215,0.84503946,2016,False
AOI-0046,2016-05-18,0.82892079,0.84636111,0.00000000,0.01692049,0.83726848,2016,False
AOI-0046,2016-06-03,0.76376785,0.77561959,0.00031688,0.00478994,0.71898746,2016,False
AOI-0046,2016-06-09,0.67768906,0.66662066,0.02201805,0.00538106,0.62275971,2016,True
AOI-0046,2016-07-13,0.24062550,0.24062550,-0.01413786,-0.01524308,0.20184200,2016,False
AOI-0046,2016-07-30,0.33550941,0.33550941,0.00000000,-0.01208810,0.25798703,2016,False
AOI-0046,2016-10-02,0.29028875,0.29028875,0.00975106,-0.00690769,0.24486683,2016,False
AOI-0046,2016-10-17,0.27838929,0.27525423,-0.02817410,-0.00584257,0.29347977,2016,False
AOI-0046,2016-10-25,0.26502204,0.25363941,0.00000000,-0.00757006,0.31195238,2016,False
AOI-0046,2017-04-13,0.37276081,0.43220789,-0.00901176,-0.02123166,0.41807722,2017,False
AOI-0046,2017-06-27,,,,0.00326640,0.42742351,2017,False
AOI-0046,2017-07-02,0.29535465,0.29506826,-0.02401971,0.00360593,0.33259661,2017,False
AOI-0046,2017-07-24,0.25404938,0.26557918,0.01991655,0.01292988,0.21655528,2017,False
AOI-0046,2017-08-09,0.19591606,0.19355489,-0.01731615,0.01524232,0.15275180,2017,False
AOI-0046,2017-08-21,0.20112211,0.20545310,-0.00012456,0.00732925,0.14480891,2017,False
AOI-0046,2017-09-10,0.25950755,0.25675134,0.00000000,-0.00689742,0.22456144,2017,False
AOI-0046,2017-09-15,0.32500352,0.29608074,-0.00189264,-0.01032414,0.25650917,2017,False
AOI-0046,2017-10-12,0.35936374,0.33879033,0.04525372,0.00170014,0.31951075,2017,False
AOI-0046,2018-05-09,,,-0.00069545,0.01359089,0.38284199,2018,True
AOI-0046,2018-06-01,0.20687155,,0.00360405,-0.00438537,0.20704871,2018,False
AOI-0046,2018-07-20,0.18496736,,0.00650239,0.01158362,0.18495614,2018,False
AOI-0046,2018-08-20,0.15855881,,-0.03510046,0.00236276,0.17395595,2018,False
AOI-0046,2018-08-29,0.15604202,,0.02332720,-0.00145966,0.20758933,2018,True
AOI-0046,2018-10-15,0.19956082,,0.01373021,-0.00575965,0.18501480,2018,False
AOI-0046,2018-10-24,,,,-0.00571273,0.19461309,2018,False
AOI-0046,2019-04-01,0.26098484,0.24308060,0.00000000,0.05221508,0.21789345,2019,False
AOI-0046,2019-04-18,0.55294669,0.49523074,0.08191035,0.05181466,0.33728360,2019,False
AOI-0046,2019-05-19,0.77060617,0.76006692,-0.00031013,0.04280186,0.77940544,2019,False
AOI-0046,2019-08-01,0.31157807,0.30020295,-0.00103610,0.01105729,0.20993721,2019,False
AOI-0046,2019-09-01,0.21648601,0.21648601,-0.00383935,0.02340109,0.19808675,2019,False
AOI-0046,2019-10-20,0.34455308,0.29591950,-0.03000677,-0.03218164,0.37501355,2019,False
AOI-0046,2020-04-04,0.49738509,0.49738509,-0.04563539,-0.02071818,0.78187866,2020,False
AOI-0046,2020-04-07,0.82035696,0.79631118,-0.00012641,-0.02167186,0.81493545,2020,False
AOI-0046,2020-05-08,0.86957600,0.86286547,0.04604670,-0.01909336,0.83520874,2020,True
AOI-0046,2020-05-24,0.84025056,0.79955146,0.09297271,-0.00371049,0.82622424,2020,True
AOI-0046,2020-06-09,0.77141284,0.77782397,0.09872051,-0.00877756,0.70138897,2020,True
AOI-0046,2020-09-10,0.13514729,0.13811805,-0.00505617,0.00446275,0.13921076,2020,False
AOI-0046,2020-09-13,0.22564848,0.22187096,0.05067500,0.00361493,0.19329472,2020,True
AOI-0046,2020-09-26,0.09966628,0.10250010,-0.01593777,0.00594667,0.12718271,2020,False
AOI-0046,2020-10-21,0.31687014,0.31687014,0.01969490,-0.00809720,0.16127451,2020,False
AOI-0046,2021-05-02,,,-0.00514960,-0.00047844,0.51959812,2021,False
AOI-0046,2021-05-25,,,0.02479899,-0.02177781,0.79840512,2021,True
AOI-0046,2021-07-11,,,-0.00626555,-0.00117292,0.30051249,2021,False
AOI-0046,2021-07-28,,,0.00827202,0.01182692,0.33150271,2021,True
AOI-0046,2021-08-13,,,0.04526438,-0.03541193,0.38367161,2021,True
AOI-0046,2021-08-20,,,-0.03082844,-0.01531080,0.23822791,2021,False
AOI-0046,2021-08-29,,,0.04540903,-0.01680660,0.40974638,2021,True
AOI-0046,2021-09-06,,,0.00730888,-0.00909399,0.41099825,2021,False
AOI-0046,2022-06-05,,,-0.00859291,0.00016163,0.26049514,2022,False
AOI-0046,2022-07-24,,,-0.02613243,-0.00590114,0.17633490,2022,False
AOI-0046,2022-07-29,,,-0.01383916,-0.00839568,0.18712610,2022,False
AOI-0046,2022-07-30,,,0.04975608,-0.00874401,0.23024070,2022,False
AOI-0046,2022-08-24,,,,-0.00931793,0.20990416,2022,False
AOI-0046,2022-08-30,,,0.00000000,-0.00984613,0.17074672,2022,False
AOI-0046,2023-04-02,0.57173644,0.57173644,-0.00932541,0.00245157,0.57500631,2023,False
AOI-0046,2023-04-29,,,,0.00084446,0.81798102,2023,False
AOI-0046,2023-05-06,0.77725478,0.75718285,0.01825547,-0.00003487,0.86833203,2023,False
AOI-0046,2023-06-21,0.62692616,0.62692616,0.00000000,0.00871992,0.65029607,2023,False
AOI-0046,2023-06-24,0.53738993,0.53738993,-0.01906949,0.01049354,0.48713482,2023,False
AOI-0046,2023-07-22,,,-0.00221906,0.01494095,0.25046070,2023,False
AOI-0046,2023-07-25,0.29307871,0.29307871,0.05755479,0.01358525,0.26134499,2023,False
AOI-0046,2023-08-13,0.06924861,0.08236751,0.00678008,-0.00484974,0.18034273,2023,True
AOI-0046,2023-08-18,0.10798569,0.11668726,0.00000000,0.00924853,0.15937399,2023,False
AOI-0046,2023-08-25,0.16114163,0.16114163,-0.00826476,0.00795217,0.16027205,2023,False
AOI-0046,2023-08-27,,,0.00000000,0.00788745,0.18335018,2023,False
AOI-0046,2023-08-28,0.11648782,0.12452052,-0.00719767,0.00774315,0.14718525,2023,False
AOI-0046,2023-10-13,0.27698521,0.27698521,0.02220573,0.00309198,0.21400689,2023,False
AOI-0046,2023-10-29,0.31239000,0.31239000,0.03024827,0.00301339,0.29917932,2023,False
AOI-0046,2024-04-06,0.80583441,0.79992864,0.00000000,-0.01439959,0.70685698,2024,True
AOI-0046,2024-05-08,0.87582027,0.87582027,0.04741222,-0.00376411,0.85508538,2024,True
AOI-0046,2024-05-09,0.89233203,0.89233203,0.00000000,-0.01889999,0.86294418,2024,False
AOI-0046,2024-06-01,0.68465767,0.68465767,0.00044055,-0.01878221,0.79249416,2024,False
AOI-0046,2024-06-09,0.55372478,0.52489926,0.07733220,-0.01697456,0.50544895,2024,True
AOI-0046,2024-07-03,0.21413584,0.20206925,-0.00015334,-0.00728627,0.21702905,2024,False
AOI-0046,2024-07-19,0.20567258,0.20800917,0.02209489,-0.00753665,0.18355677,2024,False
AOI-0046,2024-08-09,0.13813064,0.14164787,-0.01365999,0.00690406,0.13194728,2024,False
AOI-0046,2024-08-20,0.19910230,0.20518401,0.00898267,0.00747133,0.18940908,2024,False
AOI-0046,2024-08-28,0.20455611,0.20933790,0.03930304,-0.00913690,0.21139148,2024,True
AOI-0046,2024-09-13,0.14814775,0.15031077,0.00101875,-0.00170853,0.16471022,2024,True
AOI-0046,2024-09-22,0.19969219,0.19969219,0.02269202,-0.00154205,0.18622758,2024,False
AOI-0046,2024-10-13,0.16017700,0.16017700,-0.01804995,-0.01098844,0.12204088,2024,False
AOI-0046,2025-06-30,0.54968848,0.58762635,0.00000000,-0.01125051,0.68318769,2025,False
AOI-0046,2025-07-15,0.53251725,0.49328016,-0.00249133,-0.04339363,0.46010207,2025,False
AOI-0046,2025-08-07,0.27782855,0.35766398,-0.01166672,0.03174442,0.41843040,2025,False
AOI-0046,2025-08-15,0.38779366,0.38616911,0.04845079,-0.01196298,0.41567702,2025,False
AOI-0046,2025-09-24,0.23134610,0.23650953,0.02766891,-0.00018334,0.21746202,2025,False
AOI-0046,2025-10-02,0.24679431,0.24708160,0.02817337,0.00147417,0.21088507,2025,False
AOI-0047,2025-05-08,0.82615385,0.80407938,-0.00154097,-0.02515454,0.80409197,2025,False
AOI-0047,2025-05-16,0.84290249,0.85151106,-0.01713689,-0.01081050,0.78142672,2025,False
AOI-0047,2025-05-25,0.74266893,0.74054440,0.04911856,0.02670608,0.74648648,2025,True
AOI-0047,2025-06-15,0.33845912,0.32417873,-0.01217993,0.00326411,0.36781861,2025,False
AOI-0047,2025-07-17,0.15797525,0.16625468,-0.01726271,0.00949576,0.15775201,2025,False
AOI-0047,2025-07-18,0.16188870,0.16418241,-0.01324803,0.01454582,0.15703421,2025,False
AOI-0047,2025-09-03,0.14615234,0.12413383,-0.00936857,-0.00747585,0.12599755,2025,False
AOI-0047,2025-10-15,0.16952788,0.16627703,-0.00379805,0.00719385,0.15259365,2025,False
AOI-0047,2025-10-16,0.24975661,0.22527517,0.00879559,0.00714471,0.22304562,2025,True
AOI-0048,2025-04-07,0.72636157,0.72261390,0.05968037,0.01087458,0.71338561,2025,True
AOI-0048,2025-04-17,0.69196432,0.66662018,0.00000000,0.01112146,0.68724001,2025,False
AOI-0048,2025-05-09,0.73568624,0.74298309,0.03885863,-0.03746769,0.74982943,2025,True
AOI-0048,2025-09-17,0.18517733,0.18411830,0.01579730,-0.00065066,0.18541625,2025,False
AOI-0048,2025-09-24,0.18309576,0.18335831,0.02766891,0.00826557,0.18618143,2025,False
AOI-0049,2025-05-04,0.73125087,0.74736282,0.00731763,-0.02096523,0.82119394,2025,False
AOI-0049,2025-06-26,0.32749625,0.31415716,0.06903863,-0.01646208,0.28657435,2025,True
AOI-0049,2025-06-27,0.23661902,0.22690575,0.02904008,-0.01396756,0.19526797,2025,False
AOI-0049,2025-07-29,0.20058947,0.19906876,0.05129797,0.01655646,0.22847353,2025,False
AOI-0049,2025-08-06,0.18371013,0.19128606,0.00064041,0.01838346,0.18221216,2025,False
AOI-0049,2025-08-12,0.17625580,0.17239915,0.00492083,0.02211226,0.16579627,2025,False
AOI-0049,2025-08-17,0.16824116,0.16526014,-0.00008883,0.01928450,0.15691054,2025,False
AOI-0049,2025-09-06,0.19480965,0.17728156,0.00285332,-0.00560562,0.15978304,2025,False
AOI-0049,2025-09-14,0.22852195,0.22249804,0.05483990,-0.00472975,0.24135080,2025,True
AOI-0049,2025-09-26,0.17084184,0.15817678,0.00020035,-0.00341413,0.18319402,2025,False
AOI-0049,2025-09-30,0.25972995,0.25640371,0.03748496,-0.00507386,0.29412760,2025,True
AOI-0049,2025-10-08,0.13404875,0.15154422,-0.01824921,-0.00483467,0.18864045,2025,False
AOI-0049,2025-10-16,0.19346789,0.18247975,0.00879559,-0.00452996,0.25334017,2025,True
AOI-0049,2025-10-28,0.13068841,0.19519044,0.00877973,-0.00448700,0.23496677,2025,False
AOI-0050,2025-04-14,0.35078907,0.34861161,-0.02229824,0.01492185,0.33542451,2025,False
AOI-0050,2025-04-15,,,0.00692834,0.01496456,0.36973486,2025,False
AOI-0050,2025-05-25,0.48911514,0.60435718,0.04911856,0.00020423,0.62076490,2025,True
AOI-0050,2025-06-27,0.39650087,0.43238924,0.02904008,0.01848746,0.48680715,2025,False
AOI-0050,2025-08-07,0.34735178,0.33066266,-0.01166672,0.00075166,0.31613670,2025,False
AOI-0050,2025-08-09,0.32971250,0.30304764,-0.02266645,0.00091252,0.30616612,2025,False
AOI-0050,2025-08-13,0.37519646,0.38607824,0.06268806,-0.00205894,0.39011502,2025,True
AOI-0050,2025-08-17,0.34198914,0.34611104,-0.00008883,0.00602971,0.31728048,2025,False
AOI-0050,2025-09-07,0.34060586,,0.04209997,-0.00132744,0.34844355,2025,False
AOI-0050,2025-09-30,0.38742944,0.40951965,0.03748496,-0.01155133,0.41073526,2025,True
AOI-0050,2025-10-17,0.34150225,0.38489162,0.01880847,-0.01171113,0.42167979,2025,False
AOI-0050,2025-10-28,0.36388968,,0.00877973,-0.01171113,0.40551041,2025,False
AOI-0051,2010-06-09,,,,0.01392001,0.67865304,2010,False
AOI-0051,2011-06-04,,,-0.05661548,0.01882875,0.54666603,2011,False
AOI-0051,2011-06-05,0.48159271,0.53012647,0.00000000,0.01827881,0.57338740,2011,False
AOI-0051,2011-06-12,,,,0.01297456,0.70422147,2011,False
AOI-0051,2011-06-13,0.47681491,0.47681491,-0.00329400,0.01243791,0.69601534,2011,False
AOI-0051,2011-09-01,,,,-0.00065201,0.55851848,2011,False
AOI-0051,2011-10-11,,,,-0.00287026,0.39244086,2011,False
AOI-0051,2012-04-27,,,-0.03771613,0.00423652,0.49742572,2012,False
AOI-0051,2012-05-22,,,0.00000000,0.00250047,0.65404837,2012,False
AOI-0051,2012-08-12,,,0.00000000,-0.00145436,0.42363921,2012,True
AOI-0051,2012-08-26,,,0.00000000,-0.00811170,0.35440128,2012,False
AOI-0051,2012-08-28,,,0.00000000,-0.00234615,0.41699610,2012,True
AOI-0051,2012-09-18,,,-0.05016847,-0.00864344,0.32741127,2012,False
AOI-0051,2012-10-13,,,-0.01040933,-0.00614037,0.38836434,2012,False
AOI-0051,2013-05-01,0.70214247,0.70214247,-0.00144689,0.00533391,0.72021585,2013,False
AOI-0051,2013-07-19,0.40461651,0.40461651,-0.03279919,0.01751052,0.40436449,2013,False
AOI-0051,2013-07-28,0.40417048,0.40417048,0.01239715,0.04890274,0.51926935,2013,True
AOI-0051,2013-08-29,0.42842873,0.42842873,0.00000000,0.01387982,0.43391814,2013,True
AOI-0051,2013-10-07,0.40522850,0.40522850,,-0.00660154,0.47457999,2013,False
AOI-0051,2013-10-16,,,0.03237205,-0.00701504,0.51597149,2013,True
AOI-0051,2014-04-18,0.80004669,0.79470453,0.01574920,-0.04725070,0.78638899,2014,False
AOI-0051,2014-06-05,0.65400331,0.65400331,-0.00346117,-0.00578188,0.68613009,2014,False
AOI-0051,2014-06-10,0.54672250,0.54672250,0.04146349,0.00898805,0.56591350,2014,True
AOI-0051,2014-06-28,0.43966409,0.43966409,,0.02633632,0.50688414,2014,False
AOI-0051,2014-09-08,,,,-0.00317076,0.37097560,2014,False
AOI-0051,2014-09-16,0.43302114,0.43302114,,-0.00050220,0.37162886,2014,False
AOI-0051,2015-04-07,0.48437922,0.51485406,0.01408732,0.00346965,0.38568401,2015,True
AOI-0051,2015-05-23,0.42224291,0.51438704,0.00559089,0.00636844,0.70475545,2015,False
AOI-0051,2015-06-10,0.64306205,0.67103458,0.00000000,0.00838429,0.74660406,2015,True
AOI-0051,2015-06-15,,,,0.00781542,0.74700557,2015,False
AOI-0051,2015-06-26,0.54309496,0.49754464,0.00028490,0.01053541,0.66314696,2015,True
AOI-0051,2015-09-14,0.42911357,0.40757338,0.04064686,-0.00066824,0.37410704,2015,True
AOI-0051,2015-09-20,0.44523154,0.44818180,-0.00626007,0.00259308,0.33302683,2015,False
AOI-0051,2015-10-06,0.31306175,0.36924047,-0.04146561,0.00286889,0.26672736,2015,False
AOI-0051,2016-04-06,0.70336359,0.70336359,0.03941300,0.01263353,0.70391225,2016,True
AOI-0051,2016-06-25,0.55151937,0.55151937,0.03663475,0.00932184,0.48753246,2016,True
AOI-0051,2016-07-12,0.38810258,0.38810258,0.00000000,-0.01294226,0.41627345,2016,False
AOI-0051,2016-08-28,0.32434550,0.32434550,0.03213387,-0.00330950,0.41741297,2016,True
AOI-0051,2016-09-14,0.47381067,0.47381067,0.01208653,-0.00407673,0.37019668,2016,False
AOI-0051,2016-09-29,0.53696553,0.53696553,0.03185367,-0.05133879,0.37658322,2016,True
AOI-0051,2016-10-24,0.37748348,0.37748348,-0.06529344,-0.07673586,0.20550994,2016,False
AOI-0051,2017-05-28,,,0.01241210,0.00395699,0.53667551,2017,False
AOI-0051,2017-06-21,,,-0.01962429,-0.04089179,0.67263274,2017,False
AOI-0051,2017-06-28,,,-0.00887803,-0.03694386,0.65030618,2017,False
AOI-0051,2017-07-06,,,-0.13001680,-0.02769063,0.63106940,2017,False
AOI-0051,2017-07-23,,,0.00000000,-0.00695788,0.66135615,2017,False
AOI-0051,2017-09-25,,,-0.01571894,-0.02113372,0.33779382,2017,False
AOI-0051,2017-09-30,,,0.00848314,-0.00389367,0.36930189,2017,True
AOI-0051,2017-10-16,,,0.00000000,-0.00252650,0.28203323,2017,True
AOI-0051,2018-04-11,0.57764516,0.57141770,-0.02316472,-0.02175772,0.42948723,2018,False
AOI-0051,2018-04-28,0.41816044,,-0.01972420,-0.02613757,0.62881924,2018,False
AOI-0051,2018-04-29,0.73646955,0.71447083,0.00332264,-0.02594714,0.66001680,2018,False
AOI-0051,2018-05-30,0.63841772,,-0.03581199,0.03846455,0.72977508,2018,False
AOI-0051,2018-06-26,0.38374611,0.37583711,0.02299248,0.01037131,0.40044761,2018,True
AOI-0051,2018-07-02,0.24775496,0.26601016,-0.01852387,0.01437836,0.27446478,2018,False
AOI-0051,2018-08-02,,,,0.03813330,0.33635710,2018,False
AOI-0051,2018-08-18,0.23504539,,-0.01290091,0.03601621,0.31599490,2018,False
AOI-0051,2018-09-14,0.33671934,0.33383213,0.02282745,0.00941065,0.36268064,2018,True
AOI-0051,2018-09-19,0.31461564,,-0.02830303,-0.00251672,0.30473786,2018,False
AOI-0051,2018-10-14,0.25814150,0.25877859,-0.02085009,0.00510420,0.25143357,2018,False
AOI-0051,2019-05-17,0.67391967,0.67391967,-0.06060918,-0.00342212,0.79661952,2019,False
AOI-0051,2019-05-31,0.75171994,0.75171994,-0.03164287,0.00270890,0.72907626,2019,False
AOI-0051,2019-06-25,0.23649867,0.23649867,-0.02196028,-0.00905064,0.26991882,2019,False
AOI-0051,2019-06-30,0.32684642,0.32684642,0.00599554,-0.00793560,0.26686522,2019,False
AOI-0051,2019-07-29,0.25780693,0.25780693,0.00101337,-0.00652854,0.35710061,2019,False
AOI-0051,2019-08-05,0.29621003,0.29621003,-0.02687680,-0.02022109,0.35809543,2019,False
AOI-0051,2019-08-13,0.30273052,0.31950892,0.06965199,-0.01052595,0.38042058,2019,True
AOI-0051,2019-08-22,0.29037737,0.29037737,0.00755816,-0.01385535,0.30163599,2019,False
AOI-0051,2019-09-13,0.21690824,0.21690824,-0.00316537,0.03240675,0.25141641,2019,False
AOI-0051,2019-10-16,0.40086086,0.39858545,0.06172663,-0.02490081,0.35409544,2019,True
AOI-0051,2020-04-26,0.53216406,0.53216406,0.00000000,0.01161535,0.43666033,2020,False
AOI-0051,2020-06-09,0.76623838,0.79470351,0.09872051,0.00036245,0.74711270,2020,True
AOI-0051,2020-07-04,0.40759437,0.40759437,-0.01805894,-0.00027352,0.48102755,2020,False
AOI-0051,2020-07-27,0.31201796,0.37777949,0.05864919,-0.00123698,0.40427377,2020,True
AOI-0051,2020-08-31,0.31079292,0.31500634,0.03135304,-0.02016638,0.36008112,2020,False
AOI-0051,2020-09-07,0.23516622,0.23516622,-0.03581981,0.01351569,0.26773000,2020,False
AOI-0051,2020-10-27,0.29985950,,0.00000000,0.00271503,0.16696603,2020,False
AOI-0051,2021-05-06,,,,-0.04860079,0.75987273,2021,False
AOI-0051,2021-06-23,,,-0.01704495,-0.03736412,0.55014516,2021,False
AOI-0051,2021-07-19,0.29237582,0.29237582,-0.00831092,0.01473901,0.29579704,2021,False
AOI-0051,2021-07-28,0.39711352,0.39711352,0.00827202,-0.00024597,0.41430550,2021,True
AOI-0051,2021-08-23,0.28394127,0.28394127,-0.00357517,0.02609839,0.36881615,2021,False
AOI-0051,2021-08-28,0.28901050,0.28901050,0.00000000,0.03423557,0.38994447,2021,False
AOI-0051,2021-08-29,0.42146858,0.42146858,0.04540903,0.03469155,0.44948538,2021,True
AOI-0051,2021-09-03,,,,0.03466307,0.40214363,2021,False
AOI-0051,2021-09-07,0.29756437,0.29756437,-0.00243076,0.03621376,0.36281611,2021,False
AOI-0051,2021-10-02,0.29936283,0.29936283,-0.00137204,0.00881477,0.31594378,2021,False
AOI-0051,2021-10-21,,,0.00342295,0.01596033,0.30046985,2021,False
AOI-0051,2022-05-09,0.40401647,0.45442319,0.00354142,-0.02580978,0.53857972,2022,True
AOI-0051,2022-05-26,0.55826204,0.55826204,0.00477484,-0.01234988,0.47942746,2022,False
AOI-0051,2022-05-27,,,-0.02358743,-0.01306002,0.42858958,2022,False
AOI-0051,2022-06-11,0.66680703,0.66680703,0.00364499,-0.04068836,0.63476270,2022,False
AOI-0051,2022-06-19,0.65964342,0.69301434,0.00000000,-0.02122569,0.69820760,2022,False
AOI-0051,2022-06-30,0.74936498,0.76305671,0.03307322,-0.01911551,0.75787430,2022,False
AOI-0051,2022-07-09,0.70944041,0.71076820,-0.04849285,0.00403110,0.74964833,2022,False
AOI-0051,2022-07-12,0.70354319,0.69708828,0.00000000,-0.01761912,0.70351004,2022,True
AOI-0051,2022-07-22,,,0.01248117,-0.03311523,0.71671839,2022,False
AOI-0051,2022-07-24,0.75530077,0.73961523,-0.02613243,-0.03312100,0.72422520,2022,False
AOI-0051,2022-07-29,0.71394229,0.71650883,-0.01383916,-0.03454508,0.74326879,2022,False
AOI-0051,2022-08-13,0.69752815,0.66496566,0.01115557,0.00002755,0.65857321,2022,True
AOI-0051,2022-08-28,0.49101547,0.47607375,-0.04182123,-0.00249011,0.51027582,2022,False
AOI-0051,2022-09-06,0.52528372,0.52528372,0.00000000,0.01192852,0.48929765,2022,False
AOI-0051,2022-09-14,0.52703486,0.47897954,0.01771263,0.03240194,0.45408035,2022,True
AOI-0051,2022-10-07,0.37990582,0.37591553,0.00000000,-0.01348893,0.36246757,2022,False
AOI-0051,2022-10-15,0.42141817,0.41187784,0.01050194,-0.01622151,0.37200865,2022,False
AOI-0051,2023-04-23,0.81986196,0.80203386,0.04062987,-0.00916489,0.84312806,2023,True
AOI-0051,2023-07-31,0.37792966,0.37792966,0.00291783,-0.01510524,0.35590889,2023,False
AOI-0051,2023-08-28,0.33019562,0.33151817,-0.00719767,-0.00021243,0.33950851,2023,False
AOI-0051,2023-09-09,,,,-0.00820306,0.33510389,2023,False
AOI-0051,2023-09-27,0.34971982,0.34779070,-0.00090158,-0.00237622,0.38493377,2023,False
AOI-0051,2023-10-04,0.33928193,0.34681744,-0.01016800,0.00374417,0.36232617,2023,False
AOI-0051,2024-04-05,0.46258435,,0.00000000,0.01174399,0.32270485,2024,False
AOI-0051,2024-05-04,0.43401652,0.56555260,0.00486396,-0.01385779,0.43078014,2024,False
AOI-0051,2024-05-22,0.47056607,0.55108786,-0.00517462,-0.00466059,0.51747554,2024,False
AOI-0051,2024-06-03,0.42597882,,-0.00247868,0.01517034,0.54962663,2024,False
AOI-0051,2024-06-23,0.49982906,,-0.01381493,0.01653489,0.48690683,2024,False
AOI-0051,2024-07-28,0.28593694,0.28377682,-0.00204379,0.01315317,0.31432755,2024,False
AOI-0051,2024-08-27,0.28326343,0.27721301,-0.02536113,0.03188042,0.25913201,2024,False
AOI-0051,2024-09-03,0.32469743,,0.00000000,0.03967953,0.27437510,2024,False
AOI-0051,2024-10-01,0.28288007,0.28461415,0.00659322,-0.01324410,0.27006742,2024,False
AOI-0051,2024-10-05,0.31548684,,0.02423041,-0.01447830,0.29066759,2024,False
AOI-0051,2024-10-06,0.28448279,0.27376357,-0.00659322,-0.01481295,0.26136260,2024,False
AOI-0051,2024-10-15,0.34296383,0.32568566,0.02355462,-0.01861305,0.33746685,2024,True
AOI-0051,2025-05-09,0.80316337,0.79829878,0.03885863,0.00520155,0.82969755,2025,True
AOI-0051,2025-06-10,0.44537700,0.41940148,0.00000000,-0.00941271,0.45662215,2025,True
AOI-0051,2025-06-27,0.30005538,0.32903340,0.02904008,0.00324540,0.37050492,2025,False
AOI-0051,2025-07-05,0.26206405,0.26214462,-0.00118909,-0.01739844,0.30192371,2025,False
AOI-0051,2025-07-10,0.22192523,0.22680355,-0.03499475,-0.01582923,0.23154237,2025,False
AOI-0051,2025-08-05,0.25706088,0.26271301,0.00511158,0.04789881,0.21532175,2025,False
AOI-0051,2025-08-12,0.18957418,0.18421292,0.00492083,0.04966675,0.17144425,2025,False
AOI-0051,2025-09-15,0.21833533,0.20884706,-0.00294628,0.00481246,0.23314848,2025,False
AOI-0051,2025-09-16,0.19138035,0.18528648,-0.00934341,0.00439192,0.22473297,2025,False
AOI-0052,2025-04-19,0.16877309,0.16877309,0.01598667,0.01333952,0.18551175,2025,False
AOI-0052,2025-06-08,0.48064465,0.48811848,-0.03058925,-0.01811452,0.37570062,2025,False
AOI-0052,2025-06-11,0.48313689,0.51361254,0.01085835,-0.02075645,0.47765748,2025,False
AOI-0052,2025-07-05,0.58760281,0.57006592,-0.00118909,0.04411922,0.67259140,2025,False
AOI-0052,2025-07-18,0.33388429,0.34267951,-0.01324803,0.00716949,0.32986397,2025,False
AOI-0052,2025-08-22,0.18914061,0.18914061,-0.00994513,-0.00752575,0.14888647,2025,False
AOI-0052,2025-08-27,0.16911742,0.20408675,0.00000000,-0.00202246,0.15056482,2025,False
AOI-0052,2025-09-06,0.17787234,0.17787234,0.00285332,-0.00033535,0.15892421,2025,False
AOI-0052,2025-09-14,0.20271631,0.20271631,0.05483990,0.00065079,0.22783645,2025,True
AOI-0052,2025-10-17,0.17507655,0.18614984,0.01880847,-0.00384291,0.26406581,2025,False
AOI-0053,2025-04-11,0.70818001,0.69696771,-0.02957096,0.00274337,0.73371605,2025,False
AOI-0053,2025-04-14,0.68961466,0.70176219,-0.02229824,0.00286118,0.78316536,2025,False
AOI-0053,2025-04-16,0.67055755,0.68819927,-0.01990265,0.00293637,0.76478088,2025,False
AOI-0053,2025-04-19,0.79871170,0.80082953,0.01598667,0.00304378,0.81294966,2025,False
AOI-0053,2025-04-23,0.81687989,0.81694927,0.01813347,0.00317647,0.84469677,2025,True
AOI-0053,2025-06-26,0.39934241,0.37147554,0.06903863,-0.03542600,0.34702077,2025,True
AOI-0053,2025-07-28,0.12743261,0.12686182,0.02596977,-0.00191695,0.17495027,2025,True
AOI-0053,2025-08-02,0.12804988,0.13010494,-0.01551968,0.00067651,0.14608735,2025,False
AOI-0053,2025-08-09,0.11640485,0.12019392,-0.02266645,-0.01016130,0.13062186,2025,False
AOI-0053,2025-08-12,0.13254923,0.13031121,0.00492083,0.00286700,0.14990514,2025,False
AOI-0053,2025-08-29,0.13819741,0.14070390,0.00204728,-0.00218376,0.15209807,2025,True
AOI-0053,2025-09-01,0.12018872,0.11988018,-0.00663205,-0.00301309,0.13453740,2025,False
AOI-0053,2025-09-07,0.17323586,0.17005227,0.04209997,-0.01386435,0.19292036,2025,False
AOI-0053,2025-09-11,0.15091354,0.15199280,0.00000000,-0.00978979,0.15544387,2025,False
AOI-0053,2025-09-14,0.19649916,0.20131825,0.05483990,-0.00944186,0.24158333,2025,True
AOI-0053,2025-09-15,0.19185135,0.19182412,-0.00294628,-0.00932608,0.16887001,2025,False
AOI-0053,2025-09-21,0.15715214,0.15989487,-0.01269631,-0.01087707,0.15672882,2025,False
AOI-0053,2025-09-26,0.17314392,0.16551380,0.00020035,-0.01122028,0.17065370,2025,False
AOI-0053,2025-10-28,0.18089299,0.23047883,0.00877973,-0.00863551,0.25647441,2025,False
AOI-0054,2025-04-11,,,-0.02957096,0.00586425,0.57526639,2025,False
AOI-0054,2025-04-19,0.67465988,,0.01598667,0.00410491,0.64912814,2025,False
AOI-0054,2025-05-04,0.67317918,,0.00731763,-0.01788777,0.77085692,2025,False
AOI-0054,2025-06-03,0.74060570,,-0.00003268,-0.01410813,0.78772137,2025,False
AOI-0054,2025-07-28,0.67445239,,0.02596977,-0.04927565,0.68480805,2025,True
AOI-0054,2025-08-12,0.66626297,,0.00492083,-0.00899644,0.70345842,2025,False
AOI-0054,2025-09-21,0.66500524,,-0.01269631,-0.00204836,0.68289341,2025,False
AOI-0054,2025-09-30,0.70035724,,0.03748496,0.00064739,0.66505069,2025,True
AOI-0054,2025-10-16,0.71333395,,0.00879559,-0.00078897,0.67069185,2025,True
AOI-0055,2025-04-01,0.39405404,0.38054349,0.00000000,0.01010190,0.32383328,2025,False
AOI-0055,2025-04-11,0.43955883,,-0.02957096,0.00873824,0.36528283,2025,False
AOI-0055,2025-05-09,0.50208521,0.49457227,0.03885863,-0.00366202,0.53091423,2025,True
AOI-0055,2025-07-04,0.54944750,,0.00861066,0.00220993,0.53396995,2025,False
AOI-0055,2025-07-05,0.49416262,0.49416262,-0.00118909,0.00187089,0.50286789,2025,False
AOI-0055,2025-07-08,0.46634151,0.46860637,-0.01565705,0.00087843,0.48251396,2025,False
AOI-0055,2025-07-23,0.43112105,0.41011034,-0.00741115,-0.01425573,0.43172551,2025,False
AOI-0055,2025-08-17,0.39268010,0.39406696,-0.00008883,0.01191341,0.38146852,2025,False
AOI-0055,2025-09-14,0.40906701,0.41385930,0.05483990,-0.00136936,0.43704400,2025,True
AOI-0055,2025-09-22,0.41852454,,0.01231480,0.00152202,0.42633190,2025,False
AOI-0056,2025-04-23,0.76196927,0.77416354,0.01813347,0.00196477,0.80417790,2025,True
AOI-0056,2025-05-24,0.73034766,0.73992247,0.00000000,0.00002345,0.76593444,2025,False
AOI-0056,2025-06-10,0.41794843,0.40396328,0.00000000,-0.00437597,0.44000972,2025,True
AOI-0056,2025-06-19,0.34842709,0.34541526,-0.00109005,-0.01119903,0.38939807,2025,False
AOI-0056,2025-07-18,0.18623163,0.19035872,-0.01324803,-0.03423679,0.16455765,2025,False
AOI-0056,2025-07-23,0.18873482,0.18930476,-0.00741115,-0.01671989,0.18481942,2025,False
AOI-0056,2025-08-09,0.15479231,0.16615844,-0.02266645,0.01144573,0.15780538,2025,False
AOI-0056,2025-09-06,0.20038512,0.19307169,0.00285332,-0.00132525,0.18388523,2025,False
AOI-0056,2025-09-08,0.15660467,0.15156669,-0.02434620,-0.00115825,0.15100899,2025,False
AOI-0056,2025-10-16,0.25794961,0.24525375,0.00879559,0.00175824,0.23746809,2025,True
AOI-0057,2025-05-04,0.78294125,0.78092011,0.00731763,0.00568170,0.81975301,2025,False
AOI-0057,2025-05-09,0.74281136,0.72649477,0.03885863,0.01127604,0.75040737,2025,True
AOI-0057,2025-05-19,0.74304579,0.76273668,0.00754363,-0.00017540,0.55198601,2025,False
AOI-0057,2025-06-26,0.32786828,0.35200965,0.06903863,-0.01252686,0.32451280,2025,True
AOI-0057,2025-06-27,0.25688929,0.25981348,0.02904008,-0.01251381,0.24368526,2025,False
AOI-0057,2025-07-10,0.19211642,0.18233739,-0.03499475,0.00427586,0.18615198,2025,False
AOI-0057,2025-07-13,0.17653474,0.16749782,0.00053227,0.00551559,0.19288950,2025,False
AOI-0057,2025-07-18,0.14984538,0.15482973,-0.01324803,0.00915419,0.18129889,2025,False
AOI-0057,2025-08-05,0.21278399,0.22092281,0.00511158,0.00282711,0.19387575,2025,False
AOI-0057,2025-08-27,0.16028363,0.16043804,0.00000000,-0.01153866,0.14288252,2025,False
AOI-0057,2025-09-01,0.15788583,0.15452262,-0.00663205,-0.01306380,0.13600132,2025,False
AOI-0057,2025-09-21,0.17253755,0.17175483,-0.01269631,0.00100437,0.15826483,2025,False
AOI-0058,2010-04-23,0.46503771,0.46503771,0.00518881,0.00656969,0.38628424,2010,True
AOI-0058,2010-08-13,0.30178271,0.30178271,0.04557805,0.01276016,0.42339095,2010,True
AOI-0058,2010-08-29,0.27270958,0.27270958,0.00027999,0.01093736,0.36606503,2010,True
AOI-0058,2010-09-05,0.27235183,0.27235183,,0.00955986,0.32955245,2010,False
AOI-0058,2011-04-02,,,0.00000000,0.00748021,0.32551372,2011,False
AOI-0058,2011-04-26,,,-0.04374107,0.00908028,0.47389187,2011,False
AOI-0058,2011-06-12,,,,0.02268785,0.70657881,2011,False
AOI-0058,2011-07-15,,,0.04696362,0.03737347,0.50832382,2011,False
AOI-0058,2011-08-29,,,0.07060683,0.02685789,0.41803446,2011,True
AOI-0058,2011-09-01,,,,0.02492874,0.29264020,2011,False
AOI-0058,2011-10-02,,,,0.01932310,0.29813962,2011,False
AOI-0058,2011-10-27,,,-0.00181832,0.01746998,0.42386514,2011,False
AOI-0058,2012-04-22,0.55779392,,0.00000000,-0.00036002,0.54622931,2012,True
AOI-0058,2012-06-09,0.63882022,,0.00000000,0.00700928,0.64122545,2012,True
AOI-0058,2012-06-23,0.54492577,,-0.10996471,0.00433490,0.61670234,2012,False
AOI-0058,2012-07-11,0.61084390,,0.04309150,-0.00323518,0.56541609,2012,True
AOI-0058,2012-08-12,,,0.00000000,-0.00796093,0.45897427,2012,True
AOI-0058,2012-09-11,0.47003315,,-0.03135522,0.00226111,0.38103495,2012,False
AOI-0058,2013-04-07,,,0.00171463,0.00371256,0.42742056,2013,True
AOI-0058,2013-04-23,,,0.01752916,0.00067770,0.45922424,2013,True
AOI-0058,2013-05-09,,,0.00000000,0.00016087,0.46142992,2013,True
AOI-0058,2013-06-09,,,-0.04033709,-0.00386331,0.50561542,2013,False
AOI-0058,2013-06-10,,,0.00316291,-0.00280358,0.63181864,2013,True
AOI-0058,2013-07-11,,,0.03811559,0.00147822,0.69789952,2013,False
AOI-0058,2013-07-19,,,-0.03279919,-0.02446630,0.67996701,2013,False
AOI-0058,2013-08-28,,,,-0.03786637,0.25831790,2013,False
AOI-0058,2013-10-16,,,0.03237205,0.03597278,0.35995912,2013,True
AOI-0058,2013-10-24,,,0.00000000,0.03597278,0.31923076,2013,False
AOI-0058,2014-04-25,0.88369942,0.88369942,-0.03619436,-0.00954739,0.81893889,2014,False
AOI-0058,2014-06-05,0.59948668,0.59948668,-0.00346117,0.04327710,0.76865592,2014,False
AOI-0058,2014-06-10,0.47057983,0.47057983,0.04146349,0.03815064,0.66448938,2014,True
AOI-0058,2014-09-14,0.39190976,0.37112261,0.03459345,-0.00773443,0.34987023,2014,True
AOI-0058,2015-04-28,0.44980676,0.44980676,-0.03864337,0.03264691,0.43475168,2015,False
AOI-0058,2015-05-09,0.65394325,0.72847028,0.04551040,-0.00186940,0.64724615,2015,True
AOI-0058,2015-09-03,0.45541976,0.45541976,0.00000000,0.00650741,0.48853177,2015,False
AOI-0058,2015-09-27,0.41050873,0.41050873,-0.02988310,0.01098542,0.49538133,2015,False
AOI-0058,2016-04-06,0.81218551,0.81218551,0.03941300,-0.00529598,0.74464275,2016,True
AOI-0058,2016-04-30,0.87963204,0.87963204,,-0.00644846,0.84033503,2016,False
AOI-0058,2016-06-09,0.76771804,0.76771804,0.02201805,0.01593680,0.78891745,2016,True
AOI-0058,2016-07-27,0.47478642,0.47478642,0.00000000,0.00329768,0.48606054,2016,True
AOI-0058,2016-07-28,0.50737611,0.51144288,0.00580213,0.00413493,0.47291258,2016,False
AOI-0058,2016-08-13,0.49788756,0.49593267,-0.00518034,0.01979790,0.46398957,2016,False
AOI-0058,2017-04-25,0.82920474,0.82920474,0.00156471,0.00403272,0.82877708,2017,False
AOI-0058,2017-07-15,0.37255200,0.37255200,0.02453187,0.01616243,0.25765687,2017,False
AOI-0058,2017-09-13,0.19333293,0.19296539,-0.03068546,-0.00603650,0.18876976,2017,False
AOI-0058,2017-09-16,0.20982590,0.20982590,0.00000000,0.01418688,0.22327121,2017,False
AOI-0058,2018-05-15,0.64937081,0.64766170,0.01542051,-0.00943921,0.66450898,2018,False
AOI-0058,2018-07-26,0.42987645,0.43531736,-0.03224505,-0.01282028,0.50056213,2018,False
AOI-0058,2018-08-02,,,,-0.01056367,0.50958981,2018,False
AOI-0058,2019-04-23,,,-0.03195339,0.00023799,0.81382867,2019,True
AOI-0058,2019-05-25,0.89895765,0.89895765,0.02465233,0.02422266,0.84291387,2019,True
AOI-0058,2019-06-25,0.23273165,0.23273165,-0.02196028,0.00001675,0.27739855,2019,False
AOI-0058,2019-06-27,0.29023054,0.29023054,0.00587049,-0.01647137,0.28647463,2019,False
AOI-0058,2019-07-04,0.26315841,0.26315841,0.00000000,-0.02874679,0.27657208,2019,False
AOI-0058,2019-08-30,0.20347231,0.20347231,0.02596625,0.02122839,0.22761603,2019,False
AOI-0058,2019-09-28,0.09413269,0.09413269,-0.01632370,-0.01196168,0.14892965,2019,False
AOI-0058,2019-09-30,0.49536254,0.49536254,0.02889783,-0.01134106,0.27048034,2019,True
AOI-0058,2020-04-17,0.36483905,0.36483905,-0.00000597,0.00499662,0.42809306,2020,False
AOI-0058,2020-05-04,0.51934738,0.48415519,0.06239068,-0.00173512,0.52484184,2020,False
AOI-0058,2020-06-05,0.61073587,0.64249614,0.03609032,0.02499099,0.61943950,2020,False
AOI-0058,2020-06-29,0.43397490,0.48651027,0.00605766,0.01944882,0.54244864,2020,False
AOI-0058,2020-07-06,0.40299420,0.44220957,-0.01180430,0.02550167,0.53595841,2020,False
AOI-0058,2020-07-22,0.41280791,0.41280791,0.01839743,0.05325798,0.43970479,2020,False
AOI-0058,2020-07-30,0.38574166,0.38574166,,0.02205835,0.40186979,2020,False
AOI-0058,2020-08-07,0.37743161,0.37743161,0.03444526,0.03269406,0.38075271,2020,False
AOI-0058,2020-08-12,0.46148310,0.46148310,0.06233729,0.00494041,0.42322024,2020,True
AOI-0058,2020-08-23,0.33002213,0.32102438,-0.01597733,0.01817030,0.31668951,2020,False
AOI-0058,2020-08-28,0.37756890,0.36393323,0.05450504,0.00540806,0.38931225,2020,True
AOI-0058,2020-09-24,0.33442344,0.34588965,-0.02427653,0.01404938,0.29548816,2020,False
AOI-0058,2020-10-27,0.34200152,,0.00000000,-0.00787931,0.25834954,2020,False
AOI-0058,2021-04-15,,,-0.02354782,0.00094710,0.50376979,2021,False
AOI-0058,2021-05-09,,,0.06681065,-0.05500355,0.68944546,2021,True
AOI-0058,2021-05-31,,,0.00000000,-0.04193657,0.67216577,2021,False
AOI-0058,2021-07-09,,,-0.03204019,0.03617840,0.55464516,2021,False
AOI-0058,2021-07-14,,,0.00000000,0.00925709,0.49409816,2021,False
AOI-0058,2021-07-25,,,0.01162353,-0.00223835,0.46410064,2021,False
AOI-0058,2021-08-13,,,0.04526438,-0.04248955,0.34952767,2021,True
AOI-0058,2021-08-28,,,0.00000000,0.02447264,0.29657194,2021,False
AOI-0058,2021-09-27,,,-0.02856275,0.00538243,0.48511171,2021,False
AOI-0058,2022-06-10,0.80036167,0.80036167,0.00000000,-0.00959489,0.80358160,2022,True
AOI-0058,2022-06-18,0.67438183,0.67438183,0.00475892,0.02459771,0.79523248,2022,False
AOI-0058,2022-07-04,0.28110900,0.28110900,-0.00950381,0.00014768,0.28471846,2022,False
AOI-0058,2022-07-12,0.31327770,0.29434003,0.00000000,-0.00841135,0.31907453,2022,True
AOI-0058,2022-07-17,0.29219934,0.29219934,0.00000000,-0.00392281,0.24817374,2022,False
AOI-0058,2022-07-29,0.24528179,0.23624940,-0.01383916,0.01065961,0.18543647,2022,False
AOI-0058,2022-09-14,0.17099757,0.19373945,0.01771263,-0.00442446,0.28343546,2022,True
AOI-0058,2023-05-09,0.62219048,0.62219048,0.10544403,0.01398952,0.65107589,2023,True
AOI-0058,2023-05-20,,,-0.00437360,-0.00473591,0.61576174,2023,False
AOI-0058,2023-06-28,,,0.01735689,-0.00210321,0.80086207,2023,False
AOI-0058,2023-08-17,,,0.01719114,0.00982060,0.52249271,2023,False
AOI-0058,2023-09-02,,,-0.00397311,-0.01783053,0.42257965,2023,False
AOI-0058,2023-09-10,,,,-0.01475209,0.49036550,2023,False
AOI-0058,2023-09-27,0.47003234,0.47003234,-0.00090158,-0.00894053,0.50550110,2023,False
AOI-0058,2023-10-12,,,0.00786940,-0.02537376,0.43815791,2023,False
AOI-0058,2024-04-09,0.72486621,0.73644719,-0.00488787,-0.01238286,0.72463600,2024,False
AOI-0058,2024-05-09,0.75761430,0.76069736,0.00000000,0.02243298,0.75595009,2024,False
AOI-0058,2024-06-03,0.69890942,0.66311260,-0.00247868,-0.02195391,0.60898707,2024,False
AOI-0058,2024-06-23,0.32718285,0.31273633,-0.01381493,-0.03087154,0.42262006,2024,False
AOI-0058,2024-06-28,0.35755555,0.33017450,0.00174264,-0.00053938,0.33968128,2024,False
AOI-0058,2024-07-09,,,,0.01300594,0.35161674,2024,False
AOI-0058,2024-07-26,0.28086780,0.27018581,-0.00372744,0.00072138,0.26445212,2024,False
AOI-0058,2024-07-27,0.29320646,0.29319738,0.02934325,-0.01426593,0.32682502,2024,True
AOI-0058,2024-08-18,0.28934055,0.28934055,0.05743044,-0.00463856,0.29109953,2024,False
AOI-0058,2024-08-27,0.20335049,0.21568390,-0.02536113,-0.00491734,0.20166888,2024,False
AOI-0058,2024-08-28,0.28591593,0.28452227,0.03930304,-0.00727417,0.29374013,2024,True
AOI-0058,2024-09-21,0.22951534,0.23319756,-0.00303547,0.00584559,0.20998617,2024,False
AOI-0058,2024-09-28,0.24635446,0.25305442,-0.00466951,-0.00616577,0.21430532,2024,False
AOI-0058,2024-10-01,0.23503412,0.23789161,0.00659322,-0.00445613,0.20104091,2024,False
AOI-0058,2024-10-30,0.26956076,0.26956076,0.00000000,-0.00723807,0.23327112,2024,False
AOI-0058,2025-04-07,0.41359136,0.49459352,0.05968037,0.02073606,0.56310472,2025,True
AOI-0058,2025-04-16,0.32419701,,-0.01990265,0.02296935,0.46887627,2025,False
AOI-0058,2025-04-24,0.42005819,0.53714046,-0.03100570,0.01967181,0.51358589,2025,False
AOI-0058,2025-07-18,0.28816557,0.27055416,-0.01324803,-0.04515444,0.33047603,2025,False
AOI-0058,2025-07-28,0.25932364,0.22186514,0.02596977,-0.02091981,0.30089658,2025,True
AOI-0058,2025-08-02,0.24601417,0.24369024,-0.01551968,-0.01735425,0.25331903,2025,False
AOI-0058,2025-08-06,0.26058036,0.23283862,0.00064041,-0.01724030,0.27011596,2025,False
AOI-0058,2025-08-09,0.18874231,0.18655442,-0.02266645,0.01615053,0.21564843,2025,False
AOI-0058,2025-08-12,0.21318085,0.19292917,0.00492083,0.01040785,0.21782190,2025,False
AOI-0058,2025-08-14,0.26092725,,0.00000000,0.01401579,0.20760032,2025,False
AOI-0058,2025-09-14,0.23943199,0.23733025,0.05483990,-0.00686047,0.27225737,2025,True
AOI-0058,2025-09-22,0.24576184,0.23707605,0.01231480,0.00199151,0.22934855,2025,False
AOI-0059,2010-06-26,0.69696712,0.69696712,0.05850106,0.01076642,0.78108711,2010,True
AOI-0059,2010-07-19,0.59842713,0.59842713,0.00000000,0.00928136,0.70657543,2010,False
AOI-0059,2010-08-28,0.34066956,0.34066956,,0.00565945,0.28557507,2010,False
AOI-0059,2011-04-23,,,0.04274680,0.03194539,0.71738229,2011,True
AOI-0059,2011-05-27,,,0.00000000,0.03915684,0.73719393,2011,False
AOI-0059,2011-05-28,,,-0.00516912,0.03760329,0.73637638,2011,False
AOI-0059,2011-06-12,,,,0.00235003,0.68238836,2011,False
AOI-0059,2011-06-26,,,0.03891212,-0.01275024,0.70918554,2011,True
AOI-0059,2011-07-07,,,0.02279834,-0.01222466,0.74250724,2011,False
AOI-0059,2011-07-28,,,0.04097250,0.01793003,0.49460042,2011,True
AOI-0059,2011-08-08,,,0.00000000,0.04236194,0.48154170,2011,False
AOI-0059,2011-08-23,,,,0.02453229,0.47930611,2011,False
AOI-0059,2012-04-04,,,0.00000000,0.00162836,0.61910900,2012,False
AOI-0059,2012-08-12,,,0.00000000,-0.01801308,0.35609990,2012,True
AOI-0059,2012-08-26,,,0.00000000,-0.00406314,0.26045091,2012,False
AOI-0059,2012-09-11,,,-0.03135522,-0.00600352,0.25963182,2012,False
AOI-0059,2012-10-13,,,-0.01040933,-0.00308876,0.31546461,2012,False
AOI-0059,2013-05-09,,,0.00000000,0.01210992,0.84499132,2013,True
AOI-0059,2013-06-18,,,,0.03076936,0.31569493,2013,False
AOI-0059,2013-07-20,,,0.01592853,-0.00156972,0.22741497,2013,False
AOI-0059,2013-08-13,,,0.02828705,-0.00885060,0.28172922,2013,True
AOI-0059,2013-08-21,,,-0.01868641,-0.00456219,0.22332643,2013,False
AOI-0059,2013-10-16,,,0.03237205,0.00743816,0.39585681,2013,True
AOI-0059,2014-05-09,0.81119428,0.80064521,0.00000000,0.00815854,0.85891465,2014,True
AOI-0059,2014-10-27,0.21681659,0.20297636,0.00087995,0.00535372,0.25436878,2014,False
AOI-0059,2015-04-13,,,,0.04758539,0.36928711,2015,False
AOI-0059,2015-05-22,0.51982146,0.51982146,-0.00246435,-0.00877587,0.41430659,2015,False
AOI-0059,2015-06-07,0.58682597,0.58682597,-0.02350259,-0.01215783,0.74564069,2015,False
AOI-0059,2015-08-02,0.78435885,0.78435885,0.03674061,-0.01470762,0.79240955,2015,False
AOI-0059,2015-08-10,0.70596991,0.70596991,-0.06136731,-0.00396008,0.71330079,2015,False
AOI-0059,2015-08-29,0.50965643,0.50965643,0.01690069,0.00669678,0.58405351,2015,True
AOI-0059,2015-09-27,0.43122827,0.43122827,-0.02988310,0.00922210,0.48175450,2015,False
AOI-0059,2015-09-30,0.48843832,0.48843832,0.01851655,0.00977059,0.40427056,2015,True
AOI-0059,2016-05-25,0.88436425,0.88436425,-0.02069186,0.01137665,0.88719694,2016,False
AOI-0059,2016-07-04,0.28147988,0.28147988,-0.02896277,-0.00647762,0.35241652,2016,False
AOI-0059,2016-09-14,0.31175854,0.31175854,0.01208653,0.00001704,0.23474223,2016,False
AOI-0059,2016-10-24,0.23116450,0.23116450,-0.06529344,-0.00116445,0.22838201,2016,False
AOI-0059,2017-04-02,0.41510998,0.45054311,-0.02071048,-0.00376965,0.66973403,2017,False
AOI-0059,2017-05-06,0.93093237,0.92106592,0.01270440,-0.00043975,0.88057140,2017,False
AOI-0059,2017-05-27,0.67796828,0.67796828,-0.03785560,0.01129447,0.88060312,2017,False
AOI-0059,2017-06-04,0.83575274,0.83575274,,0.00128713,0.89173657,2017,False
AOI-0059,2017-06-10,0.79348127,0.79921227,0.00000000,0.00411845,0.83476319,2017,True
AOI-0059,2017-07-12,0.41303914,0.41303914,0.03700044,-0.04668846,0.30940579,2017,True
AOI-0059,2017-07-23,0.28275163,0.28275163,0.00000000,-0.02029214,0.25303835,2017,False
AOI-0059,2017-07-28,0.39818129,0.42601771,0.05107573,0.00400175,0.30895573,2017,True
AOI-0059,2017-08-13,0.32101859,0.32692182,0.03106068,-0.00330469,0.28083267,2017,True
AOI-0059,2017-08-29,0.13864319,0.13864319,0.05896267,0.01854854,0.26064864,2017,True
AOI-0059,2017-09-24,0.23254178,0.23254178,0.01925955,0.01186224,0.22353278,2017,False
AOI-0059,2018-04-07,,,-0.00319098,0.02086793,0.36570480,2018,True
AOI-0059,2018-05-22,,,,0.03509955,0.41642941,2018,False
AOI-0059,2018-05-31,,,0.01152976,0.01607357,0.43710180,2018,False
AOI-0059,2018-07-09,,,0.02220559,-0.01333472,0.61714590,2018,False
AOI-0059,2018-07-18,,,0.00000000,-0.01498927,0.51034463,2018,False
AOI-0059,2018-07-26,,,-0.03224505,-0.00984695,0.46922102,2018,False
AOI-0059,2018-08-02,,,,-0.01360699,0.41362789,2018,False
AOI-0059,2018-08-10,,,0.00994413,0.00077511,0.36667523,2018,False
AOI-0059,2018-08-13,,,0.02947933,0.00181324,0.34831527,2018,True
AOI-0059,2018-10-06,,,0.03842912,0.01174051,0.21935534,2018,False
AOI-0059,2019-04-11,0.63875953,0.63875953,-0.02246086,0.00615968,0.63219280,2019,False
AOI-0059,2019-04-21,0.83777371,0.83307726,0.00000000,0.00739493,0.75750485,2019,False
AOI-0059,2019-04-23,0.79160613,0.79160613,-0.03195339,0.00762800,0.77793093,2019,True
AOI-0059,2019-05-21,0.88497364,0.88929795,0.01293779,0.02206248,0.86014120,2019,False
AOI-0059,2019-06-02,0.79211507,0.78548142,-0.01550560,0.01491537,0.82029828,2019,False
AOI-0059,2019-06-05,0.66710125,0.65230111,0.00000000,0.01733318,0.79520039,2019,False
AOI-0059,2019-06-10,0.75029624,0.68380524,0.06190448,0.01459355,0.70978335,2019,True
AOI-0059,2019-06-15,0.52886070,0.48943133,0.00000000,0.00791389,0.56650302,2019,False
AOI-0059,2019-06-30,0.23857968,0.23857968,0.00599554,-0.03968046,0.21427828,2019,False
AOI-0059,2019-07-29,0.25190543,0.25190543,0.00101337,-0.02371021,0.27343215,2019,False
AOI-0059,2019-08-21,0.22678774,0.22678774,-0.00425638,-0.03166998,0.18699192,2019,False
AOI-0059,2019-08-24,0.15327423,0.16044550,-0.02709838,-0.00922359,0.16482037,2019,False
AOI-0059,2019-09-03,0.14852039,0.15601516,-0.00937007,0.01006235,0.15994430,2019,False
AOI-0059,2019-10-13,0.20185426,0.20938588,-0.00935701,0.00694032,0.21480623,2019,False
AOI-0059,2019-10-24,0.21989800,0.21989800,,0.00995860,0.22046130,2019,False
AOI-0059,2020-04-09,,,0.00000000,0.01242588,0.23485548,2020,False
AOI-0059,2020-04-18,,,0.00001193,0.00757705,0.25072756,2020,False
AOI-0059,2020-04-25,,,-0.00252546,0.00111066,0.20231560,2020,False
AOI-0059,2020-05-08,,,0.04604670,0.02564665,0.47886311,2020,True
AOI-0059,2020-05-12,0.39035264,0.39035264,0.01005814,0.01428162,0.28287082,2020,False
AOI-0059,2020-06-05,,,0.03609032,0.05558020,0.65479511,2020,False
AOI-0059,2020-07-11,0.79847215,0.79847215,0.02903697,-0.03808615,0.71321880,2020,True
AOI-0059,2020-07-30,,,,0.01605937,0.68423831,2020,False
AOI-0059,2020-10-26,,,0.00000000,-0.00456791,0.21039916,2020,False
AOI-0059,2021-06-19,,,0.00061364,0.00487632,0.63628195,2021,False
AOI-0059,2021-06-23,,,-0.01704495,-0.00248646,0.60770313,2021,False
AOI-0059,2021-06-29,,,-0.07111663,0.05332804,0.37916169,2021,False
AOI-0059,2021-07-28,,,0.00827202,-0.01053466,0.36990727,2021,True
AOI-0059,2021-07-29,,,0.00710147,-0.01040795,0.20708531,2021,False
AOI-0059,2021-08-18,,,0.05698820,0.00672800,0.41004684,2021,False
AOI-0059,2021-08-28,,,0.00000000,0.00098461,0.63171794,2021,False
AOI-0059,2021-09-07,,,-0.00243076,-0.02406808,0.73088511,2021,False
AOI-0059,2021-09-17,,,-0.00423643,-0.02877564,0.69885471,2021,False
AOI-0059,2021-09-28,,,,-0.04637915,0.34018597,2021,False
AOI-0059,2021-09-30,,,0.06209322,-0.04466656,0.33753486,2021,True
AOI-0059,2021-10-16,,,0.00230037,-0.00313060,0.29403144,2021,True
AOI-0059,2022-04-15,0.41159118,0.45677544,0.00000000,-0.01640185,0.27752038,2022,False
AOI-0059,2022-06-10,0.73827675,0.74667531,0.00000000,0.01356526,0.77072062,2022,True
AOI-0059,2022-06-11,0.74162043,0.74162043,0.00364499,0.02045704,0.77425075,2022,False
AOI-0059,2022-07-20,0.78025539,0.78025539,0.06247350,-0.00231239,0.79402957,2022,False
AOI-0059,2022-08-18,0.72845361,0.72519624,0.06579554,0.01707404,0.69068107,2022,False
AOI-0059,2022-09-27,0.43166839,0.43166839,0.00000000,-0.02133877,0.44652556,2022,False
AOI-0059,2022-10-08,0.42544605,0.41768870,0.03377892,-0.02029974,0.45593413,2022,False
AOI-0059,2023-05-13,0.85073489,0.85073489,-0.00575754,-0.00383409,0.87862735,2023,False
AOI-0059,2023-05-25,0.80308414,0.82497574,0.00000000,0.00164997,0.85334878,2023,True
AOI-0059,2023-06-18,,,0.00000000,0.01811235,0.81711488,2023,False
AOI-0059,2023-07-16,0.25745512,0.37410273,0.00061746,0.00664865,0.23102980,2023,False
AOI-0059,2023-07-29,0.15550017,0.15550017,-0.00246629,-0.00682820,0.18331646,2023,False
AOI-0059,2023-09-30,0.29544564,0.29576952,0.03281425,-0.03361006,0.27299620,2023,True
AOI-0059,2023-10-12,0.23512164,0.23564538,0.00786940,0.00777606,0.19046559,2023,False
AOI-0059,2023-10-16,0.31168467,0.32955525,0.01744420,0.00644746,0.28455632,2023,True
AOI-0059,2024-04-04,0.22272206,,0.00000000,0.03610192,0.32834576,2024,False
AOI-0059,2024-04-13,0.22156292,,0.01165673,0.03875759,0.32219524,2024,False
AOI-0059,2024-04-22,0.38147022,,0.00481711,0.04611148,0.40778434,2024,True
AOI-0059,2024-05-19,0.34244203,,-0.09317003,-0.00519273,0.29996308,2024,False
AOI-0059,2024-06-09,0.47500954,,0.07733220,0.00475707,0.57687538,2024,True
AOI-0059,2024-07-13,0.29386468,,0.00280666,0.01160379,0.37062171,2024,False
AOI-0059,2024-07-17,0.30543327,,0.04467706,-0.01897302,0.37820677,2024,False
AOI-0059,2024-07-27,0.40297113,,0.02934325,-0.00933141,0.26894734,2024,True
AOI-0059,2024-09-11,0.15925974,,-0.01013525,-0.01240075,0.16510844,2024,False
AOI-0059,2025-04-01,0.54587780,0.49445514,0.00000000,0.00449454,0.59844071,2025,False
AOI-0059,2025-04-23,0.80002602,0.83232379,0.01813347,0.00561599,0.84228873,2025,True
AOI-0059,2025-05-01,0.79162041,0.79967317,-0.00302657,0.00465792,0.85486993,2025,False
AOI-0059,2025-05-09,0.78232079,0.77101834,0.03885863,0.04124827,0.82212816,2025,True
AOI-0059,2025-05-17,0.73274589,0.71245731,-0.03832558,0.00552501,0.82509283,2025,False
AOI-0059,2025-06-10,0.33909759,0.34407382,0.00000000,0.00142081,0.39041207,2025,True
AOI-0059,2025-08-29,0.11769682,0.11434359,0.00204728,0.00567057,0.14581794,2025,True
AOI-0059,2025-09-07,0.16548107,0.16796779,0.04209997,0.00134908,0.19534043,2025,False
AOI-0059,2025-10-08,0.16703973,0.17239341,-0.01824921,-0.00644124,0.18725366,2025,False
AOI-0059,2025-10-28,0.17934418,0.23638451,0.00877973,-0.00606300,0.26615026,2025,False
AOI-0060,2025-04-14,0.53231537,0.53950156,-0.02229824,-0.00194396,0.73869512,2025,False
AOI-0060,2025-04-29,0.73549051,0.74949572,0.00198102,0.03473846,0.80256199,2025,False
AOI-0060,2025-06-03,0.66364169,0.69438722,-0.00003268,-0.01046286,0.48372026,2025,False
AOI-0060,2025-07-04,0.49190957,0.49190957,0.00861066,0.03365625,0.59007381,2025,False
AOI-0060,2025-07-05,0.46403818,0.45805037,-0.00118909,0.03266220,0.55405587,2025,False
AOI-0060,2025-07-21,0.38611252,0.39316673,0.03665540,0.00060349,0.34218674,2025,False
AOI-0060,2025-08-05,0.37918427,0.37918427,0.00511158,0.00665957,0.24537237,2025,False
AOI-0060,2025-08-29,0.18481218,0.17713496,0.00204728,-0.00437189,0.19682404,2025,True
AOI-0060,2025-08-30,0.21359634,0.21170721,0.03410470,-0.00469256,0.21515786,2025,False
AOI-0060,2025-09-01,0.13591690,0.17654388,-0.00663205,-0.00385873,0.16254294,2025,False
AOI-0060,2025-09-11,0.11038926,0.13919054,0.00000000,-0.01196890,0.18689473,2025,False
AOI-0061,2010-04-23,,,0.00518881,-0.00065171,0.39286561,2010,True
AOI-0061,2010-05-26,,,,0.00476289,0.66739748,2010,False
AOI-0061,2010-06-11,,,0.00000000,0.00550220,0.70797927,2010,False
AOI-0061,2011-06-30,0.50448128,0.50448128,-0.02883019,0.02120976,0.51428001,2011,False
AOI-0061,2011-07-28,0.48173596,0.48173596,0.04097250,0.00728706,0.48395645,2011,True
AOI-0061,2011-09-18,0.38673768,0.39642047,-0.00310109,0.00335164,0.29198974,2011,False
AOI-0061,2011-09-26,0.39578126,0.39578126,0.00000000,-0.00115270,0.32797291,2011,False
AOI-0061,2012-04-06,,,0.00000000,0.00136239,0.36477611,2012,True
AOI-0061,2012-05-24,,,0.00000000,-0.00139532,0.67548062,2012,True
AOI-0061,2012-08-28,,,0.00000000,0.00231905,0.48249120,2012,True
AOI-0061,2012-09-04,,,0.00088991,0.00219436,0.43485288,2012,False
AOI-0061,2012-10-22,,,,-0.00332585,0.18893612,2012,False
AOI-0061,2013-04-16,,,-0.02645598,-0.01365282,0.67844770,2013,False
AOI-0061,2013-06-10,,,0.00316291,-0.00036431,0.65952485,2013,True
AOI-0061,2013-06-26,,,0.00000000,-0.00520001,0.48983789,2013,True
AOI-0061,2013-08-29,,,0.00000000,-0.02786317,0.29530891,2013,True
AOI-0061,2013-09-14,,,0.00000000,-0.02448106,0.29642285,2013,True
AOI-0061,2013-10-09,,,-0.05907398,-0.01134735,0.18058567,2013,False
AOI-0061,2014-04-27,0.90285625,0.84006692,-0.04536189,0.01320386,0.83675776,2014,False
AOI-0061,2014-06-26,0.37156014,0.37153282,0.02347122,0.02539544,0.39519011,2014,True
AOI-0061,2014-07-28,0.27763552,0.28743839,0.04931972,0.00950979,0.30275840,2014,True
AOI-0061,2015-04-07,,,0.01408732,0.00174790,0.35730291,2015,True
AOI-0061,2015-05-08,,,0.04504571,-0.00024679,0.29565462,2015,False
AOI-0061,2015-09-29,,,-0.04288570,-0.00234546,0.25821775,2015,False
AOI-0061,2016-04-22,0.75494351,0.75843759,0.00000000,0.00294727,0.76742172,2016,True
AOI-0061,2016-06-19,0.53177551,0.51125913,-0.04845494,-0.01030474,0.59951869,2016,False
AOI-0061,2016-06-27,0.32208671,0.30637914,-0.01731619,-0.00868754,0.46385523,2016,False
AOI-0061,2016-07-13,0.22420235,0.22420235,-0.01413786,0.00635878,0.37196618,2016,False
AOI-0061,2017-04-03,0.19485988,0.19485988,0.00000000,0.03258272,0.17454396,2017,False
AOI-0061,2017-05-25,0.67453332,0.67453332,0.01756040,0.01587092,0.49453822,2017,True
AOI-0061,2017-07-02,0.85023330,0.85023330,-0.02401971,0.00776413,0.81533215,2017,False
AOI-0061,2017-07-27,0.78233551,0.78233551,-0.03399397,-0.00145488,0.75452455,2017,False
AOI-0061,2017-08-11,0.40318687,0.40318687,-0.00755053,-0.00755067,0.51023480,2017,False
AOI-0061,2017-09-02,,,-0.02397324,0.01100732,0.26644538,2017,False
AOI-0061,2018-04-07,0.60543175,0.64664756,-0.00319098,-0.00045729,0.76308608,2018,True
AOI-0061,2018-06-10,0.70146989,0.71443524,0.10580824,0.01569441,0.69363097,2018,True
AOI-0061,2019-04-09,0.29118351,0.29118351,0.00000000,0.02435392,0.23267596,2019,False
AOI-0061,2019-05-13,0.29500649,0.29500649,-0.02540922,0.02000000,0.29735295,2019,False
AOI-0061,2019-05-21,0.40077046,0.40077046,0.01293779,-0.00700959,0.39288365,2019,False
AOI-0061,2019-05-25,0.69892794,0.69892794,0.02465233,-0.00474004,0.65852324,2019,True
AOI-0061,2019-06-27,0.82791343,0.82791343,0.00587049,-0.00114725,0.73725940,2019,False
AOI-0061,2019-07-12,0.84837078,0.84837078,0.05563736,-0.00577264,0.72664414,2019,True
AOI-0061,2019-08-21,0.49589318,0.49589318,-0.00425638,-0.05342625,0.57599039,2019,False
AOI-0061,2019-09-14,0.41067410,0.41067410,0.05061066,-0.04864617,0.30410161,2019,True
AOI-0061,2019-09-23,0.46089528,0.46089528,-0.03682174,-0.06803895,0.14832957,2019,False
AOI-0061,2019-10-18,0.30443306,0.30443306,-0.01992238,-0.00965218,0.26929134,2019,False
AOI-0061,2019-10-20,0.25370713,0.25370713,-0.03000677,-0.01094197,0.25156160,2019,False
AOI-0061,2020-04-17,0.57095600,0.53228249,-0.00000597,-0.10453703,0.41046638,2020,False
AOI-0061,2020-05-24,0.65518384,0.50335913,0.09297271,0.00166779,0.66499668,2020,True
AOI-0061,2020-07-16,0.17911107,0.18943222,-0.08159701,-0.01364065,0.27386044,2020,False
AOI-0061,2020-07-19,0.18686234,0.17569224,-0.04008644,-0.00818458,0.27069200,2020,False
AOI-0061,2020-07-24,0.18978721,0.19990871,-0.01196987,0.00343407,0.29112412,2020,False
AOI-0061,2020-07-27,0.26884884,0.28165256,0.05864919,-0.00230512,0.36712850,2020,True
AOI-0061,2020-08-08,0.20000052,0.20748716,-0.00218654,0.01169411,0.26412424,2020,False
AOI-0061,2020-08-17,0.25233894,0.26541993,0.03977156,0.01128820,0.26303046,2020,False
AOI-0061,2020-08-18,0.17725613,0.18690900,-0.01503685,0.01116233,0.22987737,2020,False
AOI-0061,2020-08-23,0.16438224,0.18088492,-0.01597733,0.01915667,0.21621561,2020,False
AOI-0061,2020-09-18,0.23995661,0.24798225,0.02754689,0.00001377,0.19231506,2020,False
AOI-0061,2020-10-17,0.16803380,0.17649501,-0.01581707,0.00809389,0.14115722,2020,False
AOI-0061,2020-10-29,0.12479906,0.12479906,,0.00287408,0.05378367,2020,False
AOI-0061,2021-05-05,,,-0.00101080,0.01100271,0.88126178,2021,False
AOI-0061,2021-05-08,,,0.04187835,0.00772038,0.89676370,2021,False
AOI-0061,2021-05-15,,,-0.02944303,0.00772449,0.88199614,2021,False
AOI-0061,2021-07-21,,,-0.02655483,0.00837551,0.18297590,2021,False
AOI-0061,2021-07-24,,,0.01462145,-0.00001427,0.19337844,2021,False
AOI-0061,2021-08-04,,,,0.01105211,0.28818245,2021,False
AOI-0061,2021-08-28,,,0.00000000,-0.04931377,0.35022863,2021,False
AOI-0061,2021-08-29,,,0.04540903,-0.05025342,0.36785108,2021,True
AOI-0061,2021-10-29,,,,-0.00174497,0.14015965,2021,False
AOI-0061,2022-04-09,,,,0.01487876,0.26115482,2022,False
AOI-0061,2022-05-09,0.35006162,0.35006162,0.00354142,-0.00280681,0.43192122,2022,True
AOI-0061,2022-05-22,,,,-0.01979761,0.33183945,2022,False
AOI-0061,2022-05-25,0.56643378,0.56643378,0.01439541,-0.02081889,0.57015204,2022,True
AOI-0061,2022-05-27,,,-0.02358743,-0.01465559,0.48122103,2022,False
AOI-0061,2022-06-12,0.65450413,0.65450413,0.00261164,0.02778358,0.77945202,2022,False
AOI-0061,2022-06-29,0.78551203,0.78551203,0.00884098,-0.00203216,0.84892614,2022,False
AOI-0061,2022-07-06,0.90203896,0.90203896,-0.03337756,-0.00738018,0.83009621,2022,False
AOI-0061,2022-07-21,0.80199827,0.80199827,-0.00539543,0.02279070,0.77688665,2022,False
AOI-0061,2022-07-22,,,0.01248117,0.02333062,0.79380263,2022,False
AOI-0061,2022-07-28,0.72024081,0.72024081,0.03029926,0.02971645,0.75767003,2022,True
AOI-0061,2022-08-23,0.45080931,0.45080931,0.00000000,0.00755568,0.39085828,2022,False
AOI-0061,2023-04-07,0.59537590,0.63452112,0.05347828,0.00925531,0.61874402,2023,True
AOI-0061,2023-04-25,,,,0.01240347,0.67536730,2023,False
AOI-0061,2023-05-05,0.68076561,0.68076561,0.00000000,0.01535617,0.72190368,2023,False
AOI-0061,2023-05-06,0.70998366,0.71120339,0.01825547,0.01702413,0.75545875,2023,False
AOI-0061,2023-05-17,0.78872608,0.78872608,-0.02785951,0.00645180,0.74169634,2023,False
AOI-0061,2023-06-06,0.82300609,0.82778134,0.00000000,0.00663942,0.79460660,2023,False
AOI-0061,2023-06-21,0.55037215,0.55037215,0.00000000,0.03783577,0.73190222,2023,False
AOI-0061,2023-07-17,0.34153271,0.34153271,0.03474210,-0.00436933,0.46017001,2023,False
AOI-0061,2023-07-21,0.25612110,0.25612110,-0.00671570,0.03435587,0.44086536,2023,False
AOI-0061,2023-07-27,0.26478513,0.26478513,-0.02805120,0.01893746,0.44691878,2023,False
AOI-0061,2023-09-24,0.17258085,0.18582826,-0.00504968,-0.00513818,0.17901825,2023,False
AOI-0061,2023-10-14,0.20297969,0.20297969,-0.02773937,-0.00084460,0.16151815,2023,False
AOI-0061,2023-10-29,0.34932676,0.34932676,0.03024827,-0.00536543,0.19263794,2023,False
AOI-0061,2024-04-29,0.44029558,,,0.01140038,0.44399784,2024,False
AOI-0061,2024-05-01,0.41141572,,-0.01158661,0.01074715,0.43029808,2024,False
AOI-0061,2024-05-08,0.54959528,,0.04741222,0.00194568,0.56826652,2024,True
AOI-0061,2024-06-20,0.49328733,,-0.05788799,-0.03964113,0.49222380,2024,False
AOI-0061,2024-07-15,0.33594028,,-0.01483584,-0.02426663,0.40996123,2024,False
AOI-0061,2024-08-09,0.29949338,,-0.01365999,0.01191043,0.32503993,2024,False
AOI-0061,2024-08-12,0.28305017,,0.00670859,-0.00539423,0.33529690,2024,True
AOI-0061,2024-09-06,0.30109364,,0.00000000,0.00180638,0.22574307,2024,False
AOI-0061,2024-09-26,0.29630055,,-0.05005555,0.00527884,0.17518155,2024,False
AOI-0061,2024-10-07,0.28585898,,0.02781336,0.01427928,0.22188185,2024,False
AOI-0061,2025-04-16,0.61056777,0.60116948,-0.01990265,0.00994209,0.67614259,2025,False
AOI-0061,2025-04-19,0.74459857,0.76503563,0.01598667,0.01238017,0.69826181,2025,False
AOI-0061,2025-05-28,0.88992081,0.87206798,0.00000000,0.00782748,0.83737340,2025,False
AOI-0061,2025-06-28,0.29910201,0.31561588,0.04834604,-0.01148452,0.51568399,2025,False
AOI-0061,2025-07-07,0.33434015,0.31455925,-0.02634257,0.01536084,0.38066882,2025,False
AOI-0061,2025-07-10,0.28368039,0.27887858,-0.03499475,0.01905653,0.32363944,2025,False
AOI-0061,2025-07-28,0.28271231,0.30527209,0.02596977,-0.01195657,0.18652611,2025,True
AOI-0061,2025-08-16,0.24858182,0.24519086,-0.00719055,0.00461360,0.19298549,2025,False
AOI-0061,2025-08-29,0.23035921,0.24352287,0.00204728,-0.00778974,0.19516134,2025,True
AOI-0061,2025-09-24,0.29397970,0.30777265,0.02766891,0.00729323,0.31803722,2025,False
AOI-0061,2025-09-26,0.26270097,0.27757035,0.00020035,-0.00895862,0.28823988,2025,False
AOI-0061,2025-10-16,0.33117388,0.34233868,0.00879559,0.00300515,0.36237588,2025,True
AOI-0062,2010-04-24,0.92181224,0.92181224,0.00619117,0.00539715,0.81721237,2010,False
AOI-0062,2010-05-09,0.70004469,0.73377673,0.00000000,0.00682554,0.84197820,2010,True
AOI-0062,2010-05-26,,,,0.00865519,0.84240040,2010,False
AOI-0062,2010-08-13,0.36230356,0.35879185,0.04557805,0.01016073,0.23808077,2010,True
AOI-0062,2010-10-16,0.23213954,0.21032122,0.02822259,-0.00056276,0.33276544,2010,True
AOI-0062,2011-06-14,0.81550492,0.81550492,,-0.00011399,0.69175076,2011,False
AOI-0062,2011-07-28,,,0.04097250,0.00372860,0.47799302,2011,True
AOI-0062,2011-10-16,0.63652973,0.63652973,0.00000000,0.01003792,0.50444712,2011,True
AOI-0062,2012-06-09,,,0.00000000,0.00604229,0.66035357,2012,True
AOI-0062,2012-08-28,,,0.00000000,0.00344274,0.27643665,2012,True
AOI-0062,2012-09-04,,,0.00088991,-0.00618839,0.19210478,2012,False
AOI-0062,2012-09-13,,,0.00340255,-0.00455501,0.25814313,2012,True
AOI-0062,2013-04-23,0.51669953,0.51669953,0.01752916,-0.00180602,0.42856111,2013,True
AOI-0062,2013-07-12,0.66498632,0.66498632,0.01480307,0.00064700,0.70423336,2013,True
AOI-0062,2013-07-28,,,0.01239715,-0.00172045,0.68877531,2013,True
AOI-0062,2013-09-14,,,0.00000000,-0.00084827,0.32440718,2013,True
AOI-0062,2013-10-16,0.22598852,0.22598852,0.03237205,-0.00371978,0.27396537,2013,True
AOI-0062,2014-06-30,0.32419040,0.32419040,0.00000000,-0.00021912,0.31916437,2014,False
AOI-0062,2014-10-04,0.26402426,0.26402426,0.00000000,-0.00751548,0.38716634,2014,False
AOI-0062,2015-04-22,,,,0.00301186,0.65939330,2015,False
AOI-0062,2015-05-09,0.73642872,0.73642872,0.04551040,-0.00227377,0.68905828,2015,True
AOI-0062,2015-09-05,0.23885632,0.23885632,0.01444626,-0.00529404,0.21191163,2015,False
AOI-0062,2015-09-21,,,0.02821099,-0.00076361,0.21824184,2015,False
AOI-0062,2016-05-08,0.97482783,0.96678778,0.00000000,0.00158711,0.88293995,2016,True
AOI-0062,2016-07-11,0.29726787,0.34370505,0.01389708,-0.00453191,0.32568565,2016,True
AOI-0062,2016-07-27,0.37411300,0.37411300,0.00000000,0.00295444,0.35468692,2016,True
AOI-0062,2016-09-13,0.25542203,0.25542203,0.00000000,-0.00469476,0.26411448,2016,True
AOI-0062,2016-10-25,0.26453323,0.25646727,0.00000000,-0.00777737,0.28182519,2016,False
AOI-0062,2017-04-07,0.31039854,0.31039854,0.04759822,0.01199745,0.33365615,2017,True
AOI-0062,2017-07-28,0.69438226,0.69438226,0.05107573,0.02083695,0.67368407,2017,True
AOI-0062,2017-09-15,0.18348797,0.18348797,-0.00189264,-0.00273392,0.18051480,2017,False
AOI-0062,2018-04-06,0.68730266,0.67362906,0.00000000,0.00008639,0.69508032,2018,False
AOI-0062,2018-04-07,0.61411202,0.63953654,-0.00319098,0.00008639,0.75408631,2018,True
AOI-0062,2018-06-02,0.83201932,0.83177538,-0.00720809,-0.00429305,0.82544039,2018,False
AOI-0062,2018-06-25,0.38578456,0.38578456,-0.03050801,-0.00506557,0.33929210,2018,False
AOI-0062,2018-07-28,0.28932612,0.29887243,0.01469500,0.00389875,0.26788549,2018,True
AOI-0062,2018-08-28,0.20305430,0.20250374,0.00000000,0.01742459,0.18525347,2018,False
AOI-0062,2019-04-08,0.14077680,0.14077680,0.00206504,0.00721559,0.20525092,2019,False
AOI-0062,2019-04-11,0.13416453,0.13416453,-0.02246086,0.00536953,0.16101447,2019,False
AOI-0062,2019-06-17,0.65752108,0.65752108,-0.00833452,0.01727258,0.69822293,2019,False
AOI-0062,2019-07-06,0.53986895,0.53986895,-0.00894058,-0.00892634,0.73487575,2019,False
AOI-0062,2019-08-09,0.61632382,0.61632382,-0.01661305,0.04653309,0.68272327,2019,False
AOI-0062,2019-08-23,0.49063252,0.49063252,-0.04637424,-0.03053869,0.39170350,2019,False
AOI-0062,2019-09-23,0.37525047,0.37525047,-0.03682174,-0.01343204,0.14062703,2019,False
AOI-0062,2019-10-18,0.21925535,0.21925535,-0.01992238,0.01055188,0.17581832,2019,False
AOI-0062,2019-10-23,0.28888317,0.28888317,-0.00346105,0.00931613,0.20993343,2019,False
AOI-0062,2019-10-28,0.30977588,0.30977588,-0.04535025,0.00905479,0.20620264,2019,False
AOI-0062,2020-04-30,0.81013031,0.79149805,-0.00105466,-0.02419436,0.71647164,2020,False
AOI-0062,2020-05-30,0.75372139,0.69223841,-0.03276384,0.00362231,0.79007048,2020,False
AOI-0062,2020-06-16,0.42749204,0.42462356,-0.05049576,0.02797684,0.52416288,2020,False
AOI-0062,2020-07-26,0.16832741,0.18793203,0.00000000,0.00360200,0.15521019,2020,False
AOI-0062,2020-08-18,0.15510065,0.15133259,-0.01503685,0.01765424,0.16079393,2020,False
AOI-0062,2020-08-20,0.13970094,0.14211266,-0.01053290,0.01869031,0.15373532,2020,False
AOI-0062,2020-08-23,0.11620069,0.12936232,-0.01597733,0.01872594,0.15609533,2020,False
AOI-0062,2020-08-25,0.17250122,0.16834735,0.00000000,0.01937132,0.16668348,2020,False
AOI-0062,2020-09-07,0.13201834,0.13831283,-0.03581981,0.02782585,0.13675175,2020,False
AOI-0062,2020-09-09,0.18803334,0.20018853,0.00941592,0.02158279,0.16264825,2020,False
AOI-0062,2020-10-07,0.15836734,0.16212964,0.00221956,0.00101990,0.15157943,2020,False
AOI-0062,2020-10-15,0.21865109,0.23186008,0.04174400,0.00039067,0.21981922,2020,True
AOI-0062,2021-04-23,0.25505994,0.34424806,0.02263228,0.02132052,0.33494024,2021,True
AOI-0062,2021-05-05,0.23702744,0.28962992,-0.00101080,0.01955616,0.18751902,2021,False
AOI-0062,2021-05-08,0.52942502,0.52942502,0.04187835,0.02046030,0.26550721,2021,False
AOI-0062,2021-05-12,,,-0.00361629,0.03146928,0.18732787,2021,False
AOI-0062,2021-06-06,,,-0.01245300,-0.02644677,0.32128562,2021,False
AOI-0062,2021-06-10,0.73931123,0.73931123,0.08999751,-0.00949609,0.59725854,2021,True
AOI-0062,2021-07-01,0.76862193,0.76862193,0.00010248,0.03504305,0.72108656,2021,False
AOI-0062,2021-07-26,0.72065120,0.72065120,-0.00015153,-0.00615408,0.73491056,2021,False
AOI-0062,2021-07-29,0.71054485,0.69364831,0.00710147,-0.01088897,0.73970400,2021,False
AOI-0062,2021-09-12,,,,-0.03075613,0.24884796,2021,False
AOI-0062,2021-09-13,0.21757837,0.21757837,-0.01376856,-0.03055722,0.27582040,2021,False
AOI-0062,2021-09-19,,,0.00019307,-0.02563981,0.18058207,2021,False
AOI-0062,2021-09-27,0.17951080,0.17379373,-0.02856275,0.00868507,0.17649374,2021,False
AOI-0062,2021-09-29,,,-0.11170081,-0.00017270,0.14393533,2021,False
AOI-0062,2021-10-07,0.17093144,0.17093144,-0.02033958,0.00591032,0.16306433,2021,False
AOI-0062,2021-10-16,0.32206560,0.29667730,0.00230037,0.00275118,0.24926191,2021,True
AOI-0062,2022-04-10,0.66434106,0.66898760,0.00000000,0.00118614,0.72227659,2022,False
AOI-0062,2022-04-27,0.60264462,0.55595527,-0.02344650,-0.00367541,0.83697836,2022,False
AOI-0062,2022-05-11,0.76840276,0.76840276,0.00231559,-0.02833799,0.86737083,2022,False
AOI-0062,2022-05-25,0.88130023,0.78028928,0.01439541,-0.03806406,0.86068493,2022,True
AOI-0062,2022-07-21,0.20829536,0.20047774,-0.00539543,0.00344489,0.21120775,2022,False
AOI-0062,2022-07-24,0.11207632,0.13906826,-0.02613243,0.00970275,0.19435537,2022,False
AOI-0062,2022-08-23,0.20981705,0.20945241,0.00000000,0.01745558,0.17608776,2022,False
AOI-0062,2022-09-14,0.10135626,0.13987178,0.01771263,0.01118527,0.21646013,2022,True
AOI-0062,2022-09-18,0.17938469,0.19215713,0.00000000,-0.00168385,0.16818421,2022,False
AOI-0062,2022-09-30,0.22926748,0.22061583,0.03333934,-0.00951262,0.24818689,2022,True
AOI-0062,2022-10-19,0.24525881,0.24590920,0.00000000,-0.01450742,0.16482590,2022,False
AOI-0062,2023-05-17,,,-0.02785951,0.00768282,0.32383791,2023,False
AOI-0062,2023-06-18,,,0.00000000,0.00201054,0.85738253,2023,False
AOI-0062,2023-06-24,,,-0.01906949,0.01153888,0.85879960,2023,False
AOI-0062,2023-07-14,,,-0.01848897,0.01741574,0.80657775,2023,False
AOI-0062,2023-08-05,,,-0.04328048,-0.07521512,0.47234017,2023,False
AOI-0062,2023-08-25,,,-0.00826476,0.02073368,0.16172901,2023,False
AOI-0062,2023-09-17,,,-0.00051173,0.00483957,0.15857975,2023,False
AOI-0062,2023-10-12,,,0.00786940,-0.00210231,0.17202219,2023,False
AOI-0062,2023-10-16,,,0.01744420,-0.00499124,0.25225700,2023,True
AOI-0062,2024-04-22,0.93558075,0.91403496,0.00481711,-0.00294312,0.88986390,2024,True
AOI-0062,2024-06-03,0.78910853,0.75632645,-0.00247868,-0.02378030,0.77455855,2024,False
AOI-0062,2024-06-08,0.54206634,0.50422521,-0.06916133,-0.01308834,0.68402328,2024,False
AOI-0062,2024-06-23,0.25438987,0.23581756,-0.01381493,-0.02686855,0.26092802,2024,False
AOI-0062,2024-07-30,0.09967416,0.10823748,-0.04000602,0.00748623,0.11451209,2024,False
AOI-0062,2024-08-04,0.11570256,0.15153190,-0.01668350,0.00238742,0.14075972,2024,False
AOI-0062,2024-08-12,0.22413101,0.20281930,0.00670859,0.01023400,0.17084801,2024,True
AOI-0062,2024-09-06,0.16506042,0.15964552,0.00000000,0.00652419,0.14705288,2024,False
AOI-0062,2024-10-26,0.12042060,0.12290790,-0.06087921,0.00808442,0.13451008,2024,False
AOI-0062,2025-04-01,0.17752000,0.18569797,0.00000000,0.01341799,0.20389466,2025,False
AOI-0062,2025-04-07,0.42321946,0.41162871,0.05968037,0.01341799,0.39408148,2025,True
AOI-0062,2025-04-11,0.20587170,0.22064426,-0.02957096,0.01341799,0.22043556,2025,False
AOI-0062,2025-04-24,0.23521349,0.24637575,-0.03100570,0.01665545,0.25690019,2025,False
AOI-0062,2025-04-29,0.20572652,0.22417058,0.00198102,0.02461143,0.26649138,2025,False
AOI-0062,2025-05-28,0.28938069,0.35878764,0.00000000,0.00775169,0.41909855,2025,False
AOI-0062,2025-06-28,0.78196420,0.81636764,0.04834604,0.01621494,0.81207026,2025,False
AOI-0062,2025-07-06,0.73429215,0.73406993,0.03000349,0.02482583,0.80930127,2025,False
AOI-0062,2025-07-07,0.66277051,0.65125207,-0.02634257,0.02459394,0.78727050,2025,False
AOI-0062,2025-07-15,0.49791150,0.49791150,-0.00249133,0.00772240,0.52189231,2025,False
AOI-0062,2025-07-25,0.34015394,0.34566057,-0.01033757,0.00159059,0.41118853,2025,False
AOI-0062,2025-08-02,0.33205967,0.29892259,-0.01551968,0.00512894,0.28742641,2025,False
AOI-0062,2025-08-17,0.28301808,0.26631958,-0.00008883,0.01301005,0.24412875,2025,False
AOI-0062,2025-09-24,0.21268480,0.23084579,0.02766891,0.01877441,0.22409513,2025,False
AOI-0062,2025-09-30,0.27172442,0.27784731,0.03748496,0.00694207,0.28587194,2025,True
AOI-0062,2025-10-08,0.16704074,0.18659096,-0.01824921,0.01172238,0.18621104,2025,False
AOI-0062,2025-10-13,0.18580669,0.19430776,-0.01486578,0.01053464,0.18938310,2025,False
AOI-0063,2025-04-14,0.28415888,0.29541888,-0.02229824,0.01604140,0.23258651,2025,False
AOI-0063,2025-04-19,0.30526676,0.30526676,0.01598667,0.01504188,0.24551535,2025,False
AOI-0063,2025-04-23,0.44334158,0.44625483,0.01813347,0.01425353,0.38093809,2025,True
AOI-0063,2025-04-24,0.27604345,0.27604345,-0.03100570,0.00717718,0.23902976,2025,False
AOI-0063,2025-05-06,0.25529697,0.23521523,-0.01158598,0.00624256,0.22729143,2025,False
AOI-0063,2025-05-25,0.60674356,0.59859085,0.04911856,-0.03042785,0.57928119,2025,True
AOI-0063,2025-06-05,0.56762220,0.56762220,-0.00599929,-0.02253490,0.68944578,2025,False
AOI-0063,2025-06-25,0.85615926,0.85615926,-0.07262647,-0.02434040,0.78411611,2025,False
AOI-0063,2025-06-28,0.80554850,0.80554850,0.04834604,-0.03458668,0.82919193,2025,False
AOI-0063,2025-06-30,0.84112904,0.84112904,0.00000000,-0.03615339,0.79810126,2025,False
AOI-0063,2025-07-06,0.78116877,0.78116877,0.03000349,-0.01023369,0.79609401,2025,False
AOI-0063,2025-07-07,0.51607165,0.51607165,-0.02634257,-0.01662210,0.76391677,2025,False
AOI-0063,2025-07-22,0.51522817,0.51522817,0.00969645,-0.02158063,0.54125609,2025,False
AOI-0063,2025-08-23,0.33604479,0.32586895,0.03258077,0.02590989,0.42506963,2025,False
AOI-0063,2025-09-13,0.22661803,0.22504004,0.00000000,-0.00350411,0.24761102,2025,False
AOI-0063,2025-09-14,0.35082100,0.33409556,0.05483990,-0.00376672,0.29786519,2025,True
AOI-0064,2025-04-14,0.39973128,0.35761424,-0.02229824,0.02887472,0.42874528,2025,False
AOI-0064,2025-04-23,0.57243351,0.59826435,0.01813347,-0.03062386,0.59680272,2025,True
AOI-0064,2025-04-24,0.41102640,0.40505821,-0.03100570,-0.03237007,0.45687581,2025,False
AOI-0064,2025-06-03,0.76443206,0.78108399,-0.00003268,0.03081586,0.75642453,2025,False
AOI-0064,2025-06-05,0.70742397,0.72055607,-0.00599929,0.03125209,0.72163539,2025,False
AOI-0064,2025-06-26,0.33595402,0.33806547,0.06903863,-0.00926820,0.45571855,2025,True
AOI-0064,2025-06-27,0.36437685,0.34625149,0.02904008,-0.00775940,0.40699468,2025,False
AOI-0064,2025-06-28,0.21783355,0.18584448,0.04834604,-0.00626703,0.37295847,2025,False
AOI-0064,2025-07-10,0.23150297,0.22155887,-0.03499475,0.04927430,0.23302439,2025,False
AOI-0064,2025-08-12,0.17301552,0.18623587,0.00492083,0.00463788,0.16914826,2025,False
AOI-0064,2025-08-19,0.17002597,0.15983749,-0.00985437,0.02437953,0.16712660,2025,False
AOI-0064,2025-08-27,0.17361461,0.18245289,0.00000000,0.00559445,0.16511515,2025,False
AOI-0064,2025-08-31,0.18669988,0.20192426,0.03557449,0.01782409,0.19641158,2025,False
AOI-0064,2025-09-13,0.20256349,0.20061558,0.00000000,0.01406951,0.18481068,2025,False
AOI-0064,2025-10-06,0.25665987,0.25665987,-0.01139057,0.01401276,0.19794725,2025,False
AOI-0064,2025-10-13,0.24841162,0.22042675,-0.01486578,0.00271363,0.19201169,2025,False
AOI-0065,2025-04-19,0.38132284,0.36054681,0.01598667,-0.00886817,0.42816071,2025,False
AOI-0065,2025-05-01,0.43887105,0.39769362,-0.00302657,-0.01137272,0.49562668,2025,False
AOI-0065,2025-06-04,0.51089827,0.51089827,0.00498980,-0.00612139,0.52844554,2025,False
AOI-0065,2025-06-05,0.51730205,0.51730205,-0.00599929,-0.00620713,0.52234565,2025,False
AOI-0065,2025-06-08,0.55269674,0.54313714,-0.03058925,-0.00594983,0.51306779,2025,False
AOI-0065,2025-06-26,0.68078310,0.66815712,0.06903863,0.00515217,0.60592458,2025,True
AOI-0065,2025-07-15,0.34753784,,-0.00249133,0.02228421,0.42892811,2025,False
AOI-0065,2025-07-18,0.36229321,0.35764783,-0.01324803,0.01564700,0.41081462,2025,False
AOI-0065,2025-08-07,0.28332416,0.28232973,-0.01166672,0.00915831,0.21911551,2025,False
AOI-0065,2025-08-17,0.25458027,0.26056193,-0.00008883,0.00718416,0.22588341,2025,False
AOI-0065,2025-09-14,0.31241394,0.30862816,0.05483990,-0.02305282,0.28652794,2025,True
AOI-0065,2025-09-25,0.24333550,0.22188674,-0.02285954,-0.01438780,0.19901342,2025,False
AOI-0065,2025-09-30,0.31284374,0.32641896,0.03748496,-0.01151652,0.34011664,2025,True
AOI-0065,2025-10-08,0.25881291,0.25628276,-0.01824921,0.00474738,0.23719967,2025,False
AOI-0066,2025-06-05,0.51541929,0.50445646,-0.00599929,-0.02938773,0.49239187,2025,False
AOI-0066,2025-07-05,0.78172600,0.78012616,-0.00118909,-0.01827566,0.81062805,2025,False
AOI-0066,2025-07-15,0.61524796,0.61524796,-0.00249133,-0.02187109,0.68390846,2025,False
AOI-0066,2025-07-25,0.53928897,0.53490509,-0.01033757,0.01973208,0.55624367,2025,False
AOI-0066,2025-07-27,0.37098154,0.40246804,-0.05942693,0.02247301,0.50931502,2025,False
AOI-0066,2025-08-14,0.24634639,0.28548432,0.00000000,0.01290946,0.28626362,2025,False
AOI-0066,2025-09-01,0.26474749,0.26576071,-0.00663205,0.01400093,0.18037106,2025,False
AOI-0067,2010-04-25,0.29658247,0.29658247,0.00153509,0.03108484,0.19284386,2010,False
AOI-0067,2010-06-20,0.20278867,0.20278867,,0.00739407,0.19564995,2010,False
AOI-0067,2010-06-26,0.21071747,0.21071747,0.05850106,0.00824150,0.26482628,2010,True
AOI-0067,2010-07-13,0.21316965,0.17219212,0.00000000,0.00261678,0.18819204,2010,False
AOI-0067,2010-07-21,0.21147096,,-0.03498270,0.01572132,0.16883386,2010,False
AOI-0067,2010-08-06,0.22246310,,-0.06199650,0.02116145,0.15586744,2010,False
AOI-0067,2010-08-07,0.17011452,0.18373700,-0.00093640,0.02527316,0.16028151,2010,False
AOI-0067,2010-08-15,0.17493283,0.17493283,-0.03259932,0.01925847,0.13347769,2010,False
AOI-0067,2010-09-23,0.16456620,0.17571463,-0.03607469,0.01301988,0.15189723,2010,False
AOI-0067,2010-10-09,,,,0.01577317,0.16126653,2010,False
AOI-0067,2011-05-09,,,0.00000000,0.02900057,0.33725573,2011,True
AOI-0067,2011-05-14,,,-0.03385164,0.02534256,0.21610888,2011,False
AOI-0067,2011-09-03,,,,-0.01028152,0.33175699,2011,False
AOI-0067,2011-09-19,,,0.00221821,-0.00621036,0.31481165,2011,False
AOI-0067,2012-05-08,,,0.00000000,0.00206288,0.34397344,2012,True
AOI-0067,2012-06-09,,,0.00000000,0.00093537,0.23045915,2012,True
AOI-0067,2012-07-27,,,0.00000000,-0.00087588,0.16673530,2012,True
AOI-0067,2012-09-29,,,0.00946352,-0.00038851,0.17825833,2012,True
AOI-0067,2013-07-30,0.18377616,0.18377616,-0.02919494,0.00526152,0.21321037,2013,False
AOI-0067,2013-08-29,0.30583398,0.30583398,0.00000000,0.00591248,0.37421910,2013,True
AOI-0067,2014-05-21,0.27784115,0.30254133,0.00043740,0.00749151,0.20450529,2014,False
AOI-0067,2014-05-25,0.29198440,0.29570917,0.00346117,0.00814112,0.29887332,2014,True
AOI-0067,2014-06-06,0.31432380,0.31432380,-0.00419581,0.01149346,0.19811198,2014,False
AOI-0067,2014-06-07,0.21094161,0.20614337,-0.02877944,0.01162449,0.19418580,2014,False
AOI-0067,2014-07-01,0.18288984,0.18763575,-0.01815231,0.00779564,0.19532941,2014,False
AOI-0067,2014-07-16,0.20567025,0.20034611,0.00000000,0.00177558,0.20843568,2014,False
AOI-0067,2014-07-17,0.15391783,0.14338074,-0.01464428,-0.00189727,0.17289590,2014,False
AOI-0067,2014-09-14,0.20997955,0.21267120,0.03459345,0.00787794,0.20154648,2014,True
AOI-0067,2014-10-12,0.17484115,0.18589521,-0.02145525,0.00048261,0.14412526,2014,False
AOI-0067,2015-04-15,,,,-0.00007142,0.17652721,2015,False
AOI-0067,2015-05-09,0.29858206,,0.04551040,0.00122063,0.33294601,2015,True
AOI-0067,2015-06-02,,,-0.03345071,-0.00173457,0.22022652,2015,False
AOI-0067,2015-06-18,,,,-0.00255949,0.26022762,2015,False
AOI-0067,2015-07-12,0.44359356,,0.00000000,-0.00271850,0.44788445,2015,True
AOI-0067,2015-07-20,,,-0.03811648,-0.00208977,0.41046907,2015,False
AOI-0067,2015-08-29,0.33010563,,0.01690069,-0.00239770,0.49727018,2015,True
AOI-0067,2015-09-14,0.28171592,,0.04064686,-0.01466113,0.36262240,2015,True
AOI-0067,2015-09-29,,,-0.04288570,-0.01321879,0.24658946,2015,False
AOI-0067,2016-05-03,,,0.03802500,-0.00038387,0.24077776,2016,False
AOI-0067,2016-05-10,,,-0.01068213,0.01056346,0.24243485,2016,False
AOI-0067,2016-05-11,,,,0.01090785,0.25156578,2016,False
AOI-0067,2016-06-25,,,0.03663475,0.02370998,0.25476526,2016,True
AOI-0067,2016-07-14,,,0.00000000,0.01955247,0.21059053,2016,False
AOI-0067,2016-07-27,,,0.00000000,0.02569938,0.34965734,2016,True
AOI-0067,2016-09-29,,,0.03185367,0.01642545,0.26007295,2016,True
AOI-0067,2016-10-25,,,0.00000000,-0.00595555,0.19990834,2016,False
AOI-0067,2017-04-04,,,-0.00504901,0.01678280,0.17330649,2017,False
AOI-0067,2017-04-28,,,-0.03136689,0.02257932,0.16384306,2017,False
AOI-0067,2017-05-05,,,0.03833340,0.02437922,0.19969843,2017,False
AOI-0067,2017-06-07,,,-0.10137138,-0.00239060,0.27285411,2017,False
AOI-0067,2017-07-09,,,-0.08050259,0.00289604,0.46002004,2017,False
AOI-0067,2017-07-25,,,-0.02696032,0.00689951,0.51756247,2017,False
AOI-0067,2017-08-02,,,0.05261219,0.01182867,0.56990266,2017,False
AOI-0067,2017-08-11,,,-0.00755053,0.00476068,0.53777833,2017,False
AOI-0067,2017-08-13,,,0.03106068,-0.00161752,0.54283662,2017,True
AOI-0067,2017-08-29,,,0.05896267,0.00441234,0.49473358,2017,True
AOI-0067,2017-09-14,,,0.07102410,0.00696666,0.45913624,2017,True
AOI-0067,2017-09-20,,,-0.00373699,-0.00325653,0.40312900,2017,False
AOI-0067,2018-04-06,,,0.00000000,0.01304446,0.16676152,2018,False
AOI-0067,2018-04-23,,,0.01469970,0.01477565,0.26898298,2018,True
AOI-0067,2018-05-25,,,0.01437865,0.00853517,0.26327061,2018,True
AOI-0067,2018-07-11,,,0.00000000,-0.00398658,0.16645206,2018,False
AOI-0067,2018-08-29,,,0.02332720,-0.00262054,0.18503656,2018,True
AOI-0067,2019-05-08,0.65828733,0.66169044,0.05995001,0.01912870,0.71203687,2019,False
AOI-0067,2019-05-28,0.80044936,0.75774892,0.02365762,0.03029838,0.79255747,2019,False
AOI-0067,2019-06-12,0.39492545,0.40142626,0.02226573,0.00934899,0.46018227,2019,False
AOI-0067,2019-07-12,0.31733919,0.31133297,0.05563736,-0.01198211,0.27010932,2019,True
AOI-0067,2019-07-14,0.27100155,0.27283690,0.00498832,-0.02202336,0.21142252,2019,False
AOI-0067,2019-07-28,0.43907735,0.41291354,0.04742407,0.01990706,0.43620157,2019,True
AOI-0067,2019-08-08,0.39670951,0.36935249,0.03073078,0.02141650,0.39776171,2019,False
AOI-0067,2019-08-11,0.36971456,0.34988763,0.00322407,0.01426257,0.36509110,2019,False
AOI-0067,2019-08-29,0.35364615,0.34241390,0.02332535,-0.00516506,0.30685549,2019,True
AOI-0067,2019-09-05,0.25265117,0.25868121,-0.00401639,0.00349849,0.25333975,2019,False
AOI-0067,2019-09-16,0.28778457,0.29226519,0.03264290,0.00665237,0.27834981,2019,False
AOI-0067,2019-09-24,,,,0.00676507,0.26578693,2019,False
AOI-0067,2019-10-02,0.38063631,0.33421430,-0.02569789,0.00936129,0.28705791,2019,False
AOI-0067,2019-10-03,0.24537875,0.25471754,-0.06774604,0.01380984,0.27680498,2019,False
AOI-0067,2019-10-15,0.30166262,0.30415464,0.00688652,-0.00747871,0.29968743,2019,False
AOI-0067,2020-04-22,0.21477993,0.21477993,-0.00006658,-0.00357994,0.18924420,2020,True
AOI-0067,2020-04-27,,,,-0.00350050,0.16424538,2020,False
AOI-0067,2020-05-02,,,0.00013316,-0.01031308,0.15627053,2020,False
AOI-0067,2020-05-08,0.42913748,,0.04604670,-0.00431408,0.33651975,2020,True
AOI-0067,2020-07-06,0.47015560,0.50092468,-0.01180430,-0.02135490,0.59854556,2020,False
AOI-0067,2020-07-25,,,0.04489958,-0.00856205,0.47587284,2020,False
AOI-0067,2020-07-26,0.34303599,,0.00000000,-0.00828434,0.44137032,2020,False
AOI-0067,2020-07-27,0.36426136,0.39906835,0.05864919,-0.00800998,0.44721177,2020,True
AOI-0067,2020-08-25,0.36665552,,0.00000000,0.01087466,0.36362156,2020,False
AOI-0067,2020-10-15,0.16582556,0.07468827,0.04174400,0.00068873,0.24261231,2020,True
AOI-0067,2021-05-16,,,0.00045300,-0.01005975,0.27736080,2021,False
AOI-0067,2021-06-06,,,-0.01245300,-0.02420299,0.55847384,2021,False
AOI-0067,2021-06-16,,,0.00118363,-0.01364299,0.64555696,2021,False
AOI-0067,2021-06-18,,,-0.00395791,-0.04503902,0.67406127,2021,False
AOI-0067,2021-07-04,,,-0.00118233,-0.02076776,0.46316356,2021,False
AOI-0067,2021-08-30,,,0.00000000,-0.00223395,0.27586198,2021,False
AOI-0067,2021-09-09,,,0.00523258,-0.00846284,0.30046651,2021,False
AOI-0067,2021-10-09,,,0.00591461,-0.00375015,0.20285361,2021,False
AOI-0067,2022-04-02,0.27500890,,0.00000000,0.01063523,0.14298778,2022,False
AOI-0067,2022-04-23,0.28306750,0.21985736,0.05414410,0.01387630,0.29930498,2022,True
AOI-0067,2022-04-26,,,0.00057017,0.01318601,0.20718556,2022,False
AOI-0067,2022-06-01,0.41444928,,-0.02985615,-0.03331707,0.23585776,2022,False
AOI-0067,2022-07-01,0.64067078,,-0.00074466,0.00042760,0.62306368,2022,False
AOI-0067,2022-08-23,0.48908353,0.49228488,0.00000000,0.00294214,0.43606576,2022,False
AOI-0067,2022-08-24,,,,0.00264358,0.43361326,2022,False
AOI-0067,2022-08-29,0.40195655,,0.03763115,0.00458280,0.40310148,2022,True
AOI-0067,2022-09-01,0.32446486,,-0.01650206,0.00329266,0.35438550,2022,False
AOI-0067,2022-09-25,,,0.01395010,-0.00346986,0.36535180,2022,False
AOI-0067,2022-10-09,,,0.00000000,-0.00492390,0.30730507,2022,False
AOI-0067,2022-10-14,0.28534891,,0.00035104,-0.00523333,0.29921187,2022,False
AOI-0067,2023-04-23,0.36402965,0.36402965,0.04062987,0.01487970,0.34158740,2023,True
AOI-0067,2023-05-31,0.44022872,0.44022872,0.02156388,-0.01997962,0.24994877,2023,False
AOI-0067,2023-06-30,,,0.02407904,0.00820393,0.69387859,2023,False
AOI-0067,2023-07-12,0.30599406,0.30599406,0.05107796,0.00028701,0.63630460,2023,True
AOI-0067,2023-07-21,0.51340776,0.51340776,-0.00671570,-0.00459223,0.56459956,2023,False
AOI-0067,2023-07-27,0.30790069,0.30790069,-0.02805120,-0.00810598,0.50572571,2023,False
AOI-0067,2023-08-26,,,0.03743078,-0.00118220,0.30936430,2023,False
AOI-0067,2023-09-24,,,-0.00504968,0.01375861,0.23047960,2023,False
AOI-0067,2023-09-27,,,-0.00090158,0.01231804,0.23519664,2023,False
AOI-0067,2023-10-05,,,0.01430868,0.00119248,0.25513317,2023,False
AOI-0067,2023-10-13,,,0.02220573,0.00051526,0.22576027,2023,False
AOI-0067,2024-04-01,0.31241145,,0.00000000,-0.00107964,0.21714609,2024,False
AOI-0067,2024-04-11,0.34599447,,-0.01017481,-0.00032863,0.22966759,2024,False
AOI-0067,2024-05-09,0.46060321,,0.00000000,0.00060338,0.45576052,2024,False
AOI-0067,2024-05-24,0.36149641,,0.01278292,-0.00009015,0.61911929,2024,True
AOI-0067,2024-07-05,0.26670840,,-0.01942714,0.01871106,0.25483835,2024,False
AOI-0067,2024-07-10,0.21483506,,-0.01108669,0.01451946,0.26091131,2024,False
AOI-0067,2024-08-29,0.18574490,,-0.02372442,-0.02106233,0.14106554,2024,False
AOI-0067,2024-09-06,0.15185195,,0.00000000,-0.01337020,0.16238810,2024,False
AOI-0067,2024-09-23,0.21448949,,-0.00642384,-0.00089166,0.14056906,2024,False
AOI-0067,2025-04-17,0.19154798,0.19154798,0.00000000,0.01067604,0.18140317,2025,False
AOI-0067,2025-04-23,0.24234977,0.24234977,0.01813347,-0.00516670,0.23837029,2025,True
AOI-0067,2025-04-28,,,0.00000000,0.01097048,0.15026126,2025,False
AOI-0067,2025-06-05,,,-0.00599929,-0.01513654,0.15450577,2025,False
AOI-0067,2025-06-21,0.47845504,0.47845504,0.00612851,-0.03885567,0.26901030,2025,False
AOI-0067,2025-06-26,0.62348680,0.62348680,0.06903863,-0.01550933,0.42444956,2025,True
AOI-0067,2025-07-05,,,-0.00118909,-0.04715859,0.43952659,2025,False
AOI-0067,2025-07-14,,,0.02032363,-0.06669842,0.51486762,2025,False
AOI-0067,2025-07-15,,,-0.00249133,-0.06844588,0.47625849,2025,False
AOI-0067,2025-08-06,,,0.00064041,-0.03261755,0.54722766,2025,False
AOI-0067,2025-09-01,0.25157909,0.25157909,-0.00663205,-0.00428750,0.41887993,2025,False
AOI-0067,2025-09-23,,,-0.00020035,-0.00112102,0.28050187,2025,False
AOI-0067,2025-10-03,,,0.00000000,-0.00549779,0.22604841,2025,False
AOI-0068,2010-04-16,,,-0.01240977,0.01767069,0.13616550,2010,False
AOI-0068,2010-05-02,,,-0.01279797,0.01866245,0.17736790,2010,False
AOI-0068,2010-05-09,,,0.00000000,0.01924728,0.31630106,2010,True
AOI-0068,2010-06-20,,,,0.01224722,0.18123447,2010,False
AOI-0068,2010-07-13,,,0.00000000,0.00968633,0.17149121,2010,False
AOI-0068,2010-07-14,,,,0.00789632,0.14495012,2010,False
AOI-0068,2010-07-28,,,0.05789318,0.00342835,0.19861473,2010,True
AOI-0068,2010-08-07,,,-0.00093640,0.00030488,0.14361767,2010,False
AOI-0068,2010-08-29,,,0.00027999,0.00562568,0.19419997,2010,True
AOI-0068,2011-04-07,0.41332953,0.42637894,0.01571410,0.01268842,0.46812936,2011,True
AOI-0068,2011-05-30,0.65147442,0.67139450,-0.00804871,0.01600822,0.61218868,2011,False
AOI-0068,2011-06-15,,,,0.01765658,0.39554503,2011,False
AOI-0068,2011-06-23,0.31070722,0.31070722,-0.02995154,0.00975250,0.27253492,2011,False
AOI-0068,2011-07-16,0.26609434,0.26609434,-0.01436646,0.01135970,0.20272182,2011,False
AOI-0068,2011-08-09,0.31982763,0.31982763,-0.00892096,0.01235933,0.18593233,2011,False
AOI-0068,2011-09-03,0.16732767,,,0.00887015,0.17524860,2011,False
AOI-0068,2012-07-27,,,0.00000000,-0.00081780,0.19382810,2012,True
AOI-0068,2012-08-03,,,-0.00388238,-0.00141604,0.16176082,2012,False
AOI-0068,2012-10-22,,,,-0.00092380,0.15421660,2012,False
AOI-0068,2013-06-19,0.25517496,0.25517496,-0.02914720,-0.01100372,0.25187297,2013,False
AOI-0068,2013-06-27,0.28310330,0.28310330,0.00000000,-0.00552506,0.24442651,2013,False
AOI-0068,2013-07-28,0.26915895,0.26974056,0.01239715,-0.01280291,0.25307196,2013,True
AOI-0068,2014-04-27,0.46462242,0.43735319,-0.04536189,0.02968794,0.40969741,2014,False
AOI-0068,2014-07-28,0.18653521,0.18398901,0.04931972,-0.00050040,0.19041428,2014,True
AOI-0068,2014-08-17,0.17882205,0.17487806,0.00045226,-0.00576725,0.17244551,2014,False
AOI-0068,2014-08-25,0.14283972,0.14272709,-0.06018069,-0.01133596,0.13929271,2014,False
AOI-0068,2014-10-05,0.14900311,0.13847779,-0.04168290,-0.00955732,0.13369587,2014,False
AOI-0068,2014-10-16,0.19282349,0.18967515,0.02249368,-0.01203279,0.20549154,2014,True
AOI-0068,2014-10-29,0.17417766,0.17417766,0.00000000,-0.01096290,0.17233451,2014,False
AOI-0068,2015-06-09,0.39348206,,-0.01836684,0.00932445,0.34992739,2015,False
AOI-0068,2015-07-27,,,-0.05275639,-0.00042707,0.26319686,2015,False
AOI-0068,2015-08-04,0.28526109,,0.02146190,0.00821943,0.26188706,2015,False
AOI-0068,2016-05-02,,,0.02015208,0.02999008,0.31561921,2016,False
AOI-0068,2016-05-11,0.52247219,,,0.02429714,0.31936204,2016,False
AOI-0068,2016-07-14,0.32656167,,0.00000000,0.00576860,0.30619765,2016,False
AOI-0068,2016-08-28,0.32013249,,0.03213387,-0.00742623,0.29438475,2016,True
AOI-0068,2016-09-13,0.31233448,,0.00000000,-0.00564847,0.28806778,2016,True
AOI-0068,2016-09-29,0.33565926,,0.03185367,-0.00114789,0.35926089,2016,True
AOI-0068,2017-05-14,,,,-0.00010926,0.53045608,2017,False
AOI-0068,2017-06-10,0.45097284,0.44128692,0.00000000,-0.00714106,0.49043026,2017,True
AOI-0068,2017-06-22,0.41721971,0.42546918,-0.00510145,-0.01330646,0.38813405,2017,False
AOI-0068,2017-06-27,,,,-0.01225396,0.29591377,2017,False
AOI-0068,2017-07-12,0.26155477,0.25757035,0.03700044,-0.00249119,0.26134928,2017,True
AOI-0068,2017-08-02,0.21351313,0.21351313,0.05261219,0.00676101,0.19679558,2017,False
AOI-0068,2017-08-11,0.18261233,0.18622409,-0.00755053,0.01022169,0.13799123,2017,False
AOI-0068,2017-08-13,0.20954243,0.22574491,0.03106068,0.00163459,0.20313710,2017,True
AOI-0068,2017-09-02,0.18621135,0.18314953,-0.02397324,0.01778736,0.15153760,2017,False
AOI-0068,2017-09-03,0.20833523,0.20833523,0.02258965,0.01435767,0.19545006,2017,False
AOI-0068,2018-04-28,0.25694801,0.26103250,-0.01972420,0.01665860,0.23567652,2018,False
AOI-0068,2018-05-09,0.26379508,0.27030658,-0.00069545,0.01066020,0.40803450,2018,True
AOI-0068,2018-06-07,0.21779256,0.24888523,0.01492518,-0.00377126,0.20205409,2018,False
AOI-0068,2018-07-11,0.16939402,0.17273857,0.00000000,-0.00491203,0.16799441,2018,False
AOI-0068,2018-08-28,0.16142000,0.16525724,0.00000000,-0.00876012,0.16691348,2018,False
AOI-0068,2018-09-06,0.18195069,0.16369353,0.01060359,-0.00307585,0.16147381,2018,False
AOI-0068,2018-09-21,0.14965594,0.15701373,-0.03534426,-0.00274263,0.14282418,2018,False
AOI-0068,2019-05-25,0.53719667,0.54213109,0.02465233,0.01761221,0.60809041,2019,True
AOI-0068,2019-05-28,0.54412843,0.54159808,0.02365762,0.03028191,0.56096073,2019,False
AOI-0068,2019-06-28,0.28742577,0.26498729,0.04142878,-0.00800076,0.23088792,2019,False
AOI-0068,2019-08-07,0.23213007,0.23213007,0.00000000,0.00759693,0.23616227,2019,False
AOI-0068,2019-09-01,0.20303565,0.20303565,-0.00383935,0.00247093,0.19446048,2019,False
AOI-0068,2019-09-05,0.18676441,0.18635168,-0.00401639,0.00353275,0.16546781,2019,False
AOI-0068,2019-09-15,0.17691390,0.17988248,0.00000000,-0.00187572,0.17929805,2019,False
AOI-0068,2019-09-24,,,,-0.01438035,0.22399141,2019,False
AOI-0068,2019-09-25,0.19204396,0.19767033,0.00394891,-0.01092489,0.20840182,2019,False
AOI-0068,2019-09-30,0.27836520,0.27343870,0.02889783,-0.00054126,0.28569028,2019,True
AOI-0068,2019-10-02,0.23060652,0.23060652,-0.02569789,-0.00399740,0.24929063,2019,False
AOI-0068,2019-10-25,0.22157269,0.22167376,-0.03375653,0.01848786,0.33236202,2019,False
AOI-0068,2020-04-02,0.35457007,0.31862995,0.00000000,0.01871783,0.30257142,2020,False
AOI-0068,2020-04-06,0.33006786,0.34212376,0.05959828,0.01916369,0.38825210,2020,True
AOI-0068,2020-04-12,0.28366627,0.31012402,0.00028438,0.01875979,0.28475725,2020,False
AOI-0068,2020-04-19,0.22235187,0.22858935,-0.03175090,0.01906186,0.30975479,2020,False
AOI-0068,2020-06-26,0.19965371,0.19034054,0.03677767,0.01155412,0.17616548,2020,False
AOI-0068,2020-07-27,0.17430499,0.19525089,0.05864919,-0.02429746,0.18878424,2020,True
AOI-0068,2020-07-31,0.16035255,0.15379560,-0.00235313,-0.01823672,0.12087888,2020,False
AOI-0068,2020-09-03,0.14611354,0.14660270,-0.00788381,0.00579546,0.14144881,2020,False
AOI-0068,2020-10-05,0.14146459,0.14090588,-0.00127422,-0.00950404,0.14159508,2020,False
AOI-0068,2020-10-20,0.17038581,0.20115965,0.05864460,-0.00344236,0.19191543,2020,False
AOI-0068,2021-05-01,,,,-0.02586531,0.30039433,2021,False
AOI-0068,2021-05-16,0.43490697,,0.00045300,-0.03382117,0.44768793,2021,False
AOI-0068,2021-06-11,0.44679542,,0.01382655,-0.01398488,0.43333747,2021,False
AOI-0068,2021-06-16,0.43728457,,0.00118363,-0.02165533,0.40957741,2021,False
AOI-0068,2021-07-19,0.27658163,,-0.00831092,0.00180311,0.22636758,2021,False
AOI-0068,2021-07-31,0.24778468,,0.00000000,0.00800574,0.19082836,2021,False
AOI-0068,2021-09-30,0.41325682,,0.06209322,-0.04061660,0.42658981,2021,True
AOI-0068,2022-04-02,,,0.00000000,-0.00280917,0.29065085,2022,False
AOI-0068,2022-04-12,0.35679486,,-0.01422025,-0.00161247,0.34497381,2022,False
AOI-0068,2022-04-23,0.36181495,,0.05414410,-0.00089539,0.49746241,2022,True
AOI-0068,2022-05-12,0.38318344,,-0.00352845,0.00130447,0.47802479,2022,False
AOI-0068,2022-05-27,0.33757408,,-0.02358743,-0.03048218,0.36131719,2022,False
AOI-0068,2022-06-08,0.35731323,,0.00000000,-0.00620482,0.34396794,2022,False
AOI-0068,2022-06-20,0.27782811,,-0.00296824,-0.02220564,0.26882390,2022,False
AOI-0068,2022-07-01,0.20885436,,-0.00074466,-0.01928748,0.18438541,2022,False
AOI-0068,2022-07-14,0.19009428,,0.00000000,-0.01345833,0.16858845,2022,False
AOI-0068,2022-07-30,0.19780284,,0.04975608,-0.01207675,0.19441159,2022,False
AOI-0068,2022-08-15,0.18306911,,-0.00644560,0.00094327,0.15581044,2022,False
AOI-0068,2023-04-03,,,0.00024099,0.00428507,0.50212804,2023,False
AOI-0068,2023-04-17,0.48721057,,0.00000000,0.00233724,0.46470286,2023,False
AOI-0068,2023-05-09,0.55345231,0.56548929,0.10544403,0.00993173,0.64914658,2023,True
AOI-0068,2023-06-06,0.52889473,0.54000066,0.00000000,0.02496888,0.51742825,2023,False
AOI-0068,2023-06-30,0.37435763,0.40355997,0.02407904,0.00324986,0.28383463,2023,False
AOI-0068,2023-07-05,0.32918323,0.34506126,0.01671248,0.00619618,0.26307985,2023,False
AOI-0068,2023-08-03,0.28263690,,-0.00629088,-0.00518048,0.24500098,2023,False
AOI-0068,2023-08-13,0.25143462,0.23193459,0.00678008,-0.01477220,0.30528971,2023,True
AOI-0068,2023-09-03,0.30227654,,-0.00190055,0.00603859,0.35446989,2023,False
AOI-0068,2023-09-24,0.27080666,0.26786223,-0.00504968,0.00655519,0.33320000,2023,False
AOI-0068,2023-10-06,0.29461892,,0.03070556,0.00380675,0.32071399,2023,False
AOI-0068,2023-10-11,0.27519281,0.27705220,0.00010683,-0.01591283,0.30778802,2023,False
AOI-0068,2024-05-01,0.23391211,,-0.01158661,0.00929881,0.23892235,2024,False
AOI-0068,2024-05-09,0.20846291,0.17983747,0.00000000,-0.00000565,0.21765859,2024,False
AOI-0068,2024-06-15,0.17487212,0.18477055,-0.05666125,-0.01743449,0.15235288,2024,False
AOI-0068,2024-08-05,0.16376988,0.16308305,0.05836849,-0.00562508,0.18696110,2024,False
AOI-0068,2024-08-09,0.15484320,0.15192462,-0.01365999,-0.00739470,0.12352418,2024,False
AOI-0068,2024-08-19,0.15755299,0.15603638,0.00000000,-0.01788770,0.13876901,2024,False
AOI-0068,2024-08-28,0.17720706,0.18897640,0.03930304,-0.01862028,0.19431554,2024,True
AOI-0068,2024-09-08,0.15726285,0.17131757,-0.02399713,-0.00822415,0.13625248,2024,False
AOI-0068,2024-09-14,0.16210312,0.16074450,0.01699008,0.00357678,0.18029675,2024,False
AOI-0068,2024-09-29,0.16153288,0.15919191,0.04599075,0.00304013,0.19520289,2024,True
AOI-0068,2024-10-13,0.15699842,,-0.01804995,0.00384543,0.12424199,2024,False
AOI-0068,2025-05-08,0.63951087,0.63788492,-0.00154097,-0.00165931,0.65771651,2025,False
AOI-0068,2025-05-11,0.61249101,0.56032253,-0.01964853,0.00877184,0.66143924,2025,False
AOI-0068,2025-05-20,0.68535328,0.69038206,0.01601557,0.01900598,0.70306819,2025,False
AOI-0068,2025-06-10,0.39742281,0.36718091,0.00000000,-0.02780082,0.41438505,2025,True
AOI-0068,2025-06-15,0.27470208,0.25942186,-0.01217993,-0.02997118,0.34811796,2025,False
AOI-0068,2025-06-17,0.33766123,0.35750528,-0.01968666,-0.01660908,0.33309458,2025,False
AOI-0068,2025-06-30,0.24432434,0.24584087,0.00000000,0.00079642,0.22868908,2025,False
AOI-0068,2025-07-22,0.26004657,0.26034839,0.00969645,0.00471578,0.21519366,2025,False
AOI-0068,2025-07-28,0.25894765,0.25802420,0.02596977,-0.00053453,0.22192483,2025,True
AOI-0068,2025-08-13,0.27130248,0.26602586,0.06268806,0.00495514,0.25961956,2025,True
AOI-0068,2025-08-14,0.19679332,0.19819242,0.00000000,0.00502360,0.18329177,2025,False
AOI-0068,2025-08-23,0.24223928,0.24172260,0.03258077,0.00521853,0.22854771,2025,False
AOI-0068,2025-08-24,0.19542405,0.19477334,-0.02844148,0.00512918,0.16822870,2025,False
AOI-0068,2025-09-08,0.17591047,0.17765371,-0.02434620,0.00705913,0.16866248,2025,False
AOI-0068,2025-09-14,0.25645439,0.25390769,0.05483990,0.00046535,0.27023249,2025,True
AOI-0068,2025-09-24,0.22772144,0.23090936,0.02766891,0.00868092,0.23596565,2025,False
AOI-0069,2025-04-16,0.18302396,0.17216137,-0.01990265,-0.00887146,0.16134323,2025,False
AOI-0069,2025-04-21,0.26152621,,0.00606841,-0.01029453,0.16711268,2025,False
AOI-0069,2025-04-23,0.30479850,0.30766584,0.01813347,-0.01064322,0.28395135,2025,True
AOI-0069,2025-05-01,0.22966787,0.21706695,-0.00302657,-0.00841377,0.17576353,2025,False
AOI-0069,2025-05-11,,,-0.01964853,-0.01270847,0.25918353,2025,False
AOI-0069,2025-05-25,0.40875276,0.40014376,0.04911856,-0.00288903,0.51053607,2025,True
AOI-0069,2025-05-28,0.36482631,0.36125594,0.00000000,-0.00690734,0.41705869,2025,False
AOI-0069,2025-06-10,0.25370582,0.23356783,0.00000000,0.00052061,0.42505230,2025,True
AOI-0069,2025-06-25,0.26341202,0.28326727,-0.07262647,0.02140563,0.25625653,2025,False
AOI-0069,2025-06-26,0.31128352,0.31066455,0.06903863,0.03109963,0.30119169,2025,True
AOI-0069,2025-07-05,0.21065713,0.22427250,-0.00118909,0.03082607,0.19969872,2025,False
AOI-0069,2025-07-06,0.23327362,0.23947996,0.03000349,0.03047378,0.23695274,2025,False
AOI-0069,2025-07-22,0.16067279,0.17144922,0.00969645,0.01539548,0.17418833,2025,False
AOI-0069,2025-08-07,0.14384203,0.12829520,-0.01166672,0.01205692,0.15020601,2025,False
AOI-0069,2025-08-14,0.13911125,0.14024398,0.00000000,0.01011555,0.14012312,2025,False
AOI-0069,2025-09-01,0.12957174,0.12639321,-0.00663205,0.00290096,0.14431665,2025,False
AOI-0069,2025-09-14,0.17907897,0.18254087,0.05483990,-0.00006152,0.19824635,2025,True
AOI-0069,2025-09-24,0.15914074,0.16723725,0.02766891,0.01000739,0.17849466,2025,False
AOI-0069,2025-09-25,0.14898142,0.14898142,-0.02285954,0.01031574,0.15118133,2025,False
AOI-0069,2025-09-28,0.14899064,,-0.00870861,0.00972068,0.14517085,2025,False
AOI-0070,2025-05-11,0.24749947,,-0.01964853,0.00192597,0.28410001,2025,False
AOI-0070,2025-05-25,0.32375997,0.30839632,0.04911856,-0.02869740,0.36512589,2025,True
AOI-0070,2025-06-07,0.26097209,,-0.03444797,-0.03900827,0.22064227,2025,False
AOI-0070,2025-06-10,0.24570515,0.23687647,0.00000000,-0.03174552,0.26301583,2025,True
AOI-0070,2025-06-25,0.22803984,,-0.07262647,0.01360062,0.18265194,2025,False
AOI-0070,2025-07-12,0.18414159,0.19053603,0.06347953,-0.00754540,0.23561936,2025,True
AOI-0070,2025-08-24,0.17396705,,-0.02844148,0.00224227,0.14232236,2025,False
AOI-0070,2025-08-31,0.16806774,,0.03557449,0.00616438,0.17890879,2025,False
AOI-0070,2025-09-25,0.16681256,,-0.02285954,-0.00388005,0.16647407,2025,False
AOI-0070,2025-10-02,0.18074325,,0.02817337,0.00320702,0.20045486,2025,False
AOI-0070,2025-10-13,0.18114339,,-0.01486578,0.00391095,0.16419672,2025,False
AOI-0070,2025-10-23,0.19936599,,-0.03568135,0.00220616,0.22792703,2025,False
AOI-0071,2025-04-16,0.36466619,0.32162287,-0.01990265,0.02623694,0.33422540,2025,False
AOI-0071,2025-04-18,0.33100935,0.31608047,-0.00852308,0.02659843,0.34240547,2025,False
AOI-0071,2025-04-21,0.32293632,0.32293632,0.00606841,0.06017807,0.34735500,2025,False
AOI-0071,2025-05-25,0.52028906,0.50699124,0.04911856,-0.00142243,0.50587860,2025,True
AOI-0071,2025-06-26,0.58511870,0.58779674,0.06903863,0.04787326,0.56209586,2025,True
AOI-0071,2025-07-06,0.58852045,0.62858832,0.03000349,0.03181827,0.56387633,2025,False
AOI-0071,2025-07-07,0.41369272,0.33940166,-0.02634257,0.03065213,0.51920794,2025,False
AOI-0071,2025-07-12,0.49098386,0.48188505,0.06347953,-0.00100406,0.48425318,2025,True
AOI-0071,2025-08-13,0.42966975,0.44526908,0.06268806,-0.00884798,0.45810636,2025,True
AOI-0071,2025-08-23,0.38135211,0.35719425,0.03258077,-0.00645243,0.41665783,2025,False
AOI-0071,2025-08-24,0.37614927,0.37614927,-0.02844148,0.00458115,0.38076771,2025,False
AOI-0071,2025-08-26,,,-0.01036445,0.00424711,0.37998808,2025,False
AOI-0071,2025-08-29,0.37590793,0.37435374,0.00204728,0.00024870,0.39034854,2025,True
AOI-0071,2025-09-01,0.37997579,0.38973093,-0.00663205,-0.00263524,0.38827281,2025,False
AOI-0071,2025-09-15,0.33687927,0.31328845,-0.00294628,-0.00044316,0.34658255,2025,False
AOI-0071,2025-09-28,0.31250605,0.31250605,-0.00870861,0.00443369,0.31043630,2025,False
AOI-0072,2025-05-08,0.75992715,0.73629759,-0.00154097,0.00408660,0.78953905,2025,False
AOI-0072,2025-06-04,0.70192832,0.72964250,0.00498980,0.01317796,0.67763841,2025,False
AOI-0072,2025-07-05,0.18157836,0.18381474,-0.00118909,0.00980335,0.18941569,2025,False
AOI-0072,2025-07-06,0.26434230,0.28719910,0.03000349,0.00967776,0.23254018,2025,False
AOI-0072,2025-07-14,0.19325376,0.20629997,0.02032363,0.02186997,0.18458023,2025,False
AOI-0072,2025-07-17,0.12983530,0.13567163,-0.01726271,0.01463605,0.14236124,2025,False
AOI-0072,2025-08-07,0.17760039,0.16017323,-0.01166672,0.01388993,0.16392088,2025,False
AOI-0072,2025-08-19,0.15510273,0.15330779,-0.00985437,0.01141636,0.14628442,2025,False
AOI-0072,2025-08-29,0.16186435,0.15615772,0.00204728,0.00481622,0.17044007,2025,True
AOI-0072,2025-09-03,0.12373178,0.12683151,-0.00936857,0.00771239,0.13157413,2025,False
AOI-0072,2025-09-15,0.16639584,0.16125709,-0.00294628,-0.00791817,0.14709473,2025,False
AOI-0072,2025-09-16,0.19033286,0.18969068,-0.00934341,-0.00796484,0.15566210,2025,False
AOI-0072,2025-09-30,0.21802970,0.22605839,0.03748496,-0.00282089,0.20347101,2025,True
AOI-0072,2025-10-03,0.16067017,0.16511509,0.00000000,-0.00188317,0.14939109,2025,False
AOI-0072,2025-10-13,0.11258476,0.12681660,-0.01486578,0.00031340,0.13552835,2025,False
AOI-0073,2010-06-26,0.39778242,0.39778242,0.05850106,-0.00196232,0.58312792,2010,True
AOI-0073,2010-07-12,,,0.04181388,-0.00219780,0.51278809,2010,True
AOI-0073,2011-04-07,0.26229340,0.26229340,0.01571410,0.02571596,0.25124291,2011,True
AOI-0073,2011-07-14,0.66489527,0.66489527,,-0.00362702,0.54621245,2011,False
AOI-0073,2011-09-14,0.36920248,0.36920248,0.05405889,-0.00549258,0.36823698,2011,True
AOI-0073,2012-04-22,0.49177400,0.49177400,0.00000000,0.00266276,0.51256465,2012,True
AOI-0073,2012-04-27,0.37130025,0.37130025,-0.03771613,0.00300031,0.39438579,2012,False
AOI-0073,2012-05-24,0.69242872,0.69242872,0.00000000,-0.00250974,0.66208398,2012,True
AOI-0073,2012-09-29,0.28668696,0.28668696,0.00946352,-0.00011220,0.28054604,2012,True
AOI-0073,2013-04-03,,,,0.00748401,0.23890179,2013,False
AOI-0073,2013-06-10,,,0.00316291,0.00674538,0.52016568,2013,True
AOI-0073,2013-06-25,,,-0.01702295,0.00802967,0.54206936,2013,False
AOI-0073,2013-07-12,,,0.01480307,-0.00701965,0.54278017,2013,True
AOI-0073,2013-07-28,,,0.01239715,-0.00059244,0.54366815,2013,True
AOI-0073,2013-09-30,,,0.00949771,0.00027486,0.41121022,2013,True
AOI-0073,2014-05-27,,,,-0.00051553,0.58136501,2014,False
AOI-0073,2014-07-12,0.76236799,0.76236799,0.04022799,0.00384555,0.71889697,2014,True
AOI-0073,2014-07-30,0.68659678,0.68659678,0.00033136,0.00392626,0.66242527,2014,False
AOI-0073,2014-08-13,0.43262894,0.43262894,0.03339717,-0.00071840,0.47712772,2014,True
AOI-0073,2014-09-14,,,0.03459345,-0.00763122,0.38235016,2014,True
AOI-0073,2014-10-10,0.29941955,0.29941955,,-0.00433979,0.25113106,2014,False
AOI-0073,2015-05-22,0.34455200,0.28654686,-0.00246435,0.00087684,0.38339197,2015,False
AOI-0073,2015-05-30,0.61653377,,,-0.00038757,0.42530010,2015,False
AOI-0073,2015-06-10,0.55923743,0.55923743,0.00000000,-0.00045623,0.56629284,2015,True
AOI-0073,2015-06-15,0.33454701,0.33454701,,0.00004271,0.50322978,2015,False
AOI-0073,2015-07-01,0.50625936,0.50625936,,-0.00065599,0.59165792,2015,False
AOI-0073,2015-07-09,0.54739898,0.54739898,,0.00081464,0.61573626,2015,False
AOI-0073,2015-08-26,0.43404675,0.43404675,-0.03598179,-0.00451495,0.35164873,2015,False
AOI-0073,2015-10-05,0.21531699,0.21531699,0.02365891,0.00398773,0.22342785,2015,False
AOI-0073,2016-04-06,0.75718849,0.75718849,0.03941300,0.00012621,0.55456805,2016,True
AOI-0073,2017-04-23,,,0.02036824,0.01233232,0.31373641,2017,True
AOI-0073,2017-06-04,,,,0.01718616,0.36536622,2017,False
AOI-0073,2017-06-12,0.46170902,0.46170902,0.03757382,0.01365520,0.48011206,2017,False
AOI-0073,2017-07-06,0.78960015,0.78960015,-0.13001680,-0.00106412,0.74122835,2017,False
AOI-0073,2017-07-18,,,,0.00567893,0.74399225,2017,False
AOI-0073,2017-08-07,,,,-0.00641311,0.69155107,2017,False
AOI-0073,2017-08-12,0.61792558,0.61792558,,-0.00773663,0.65592489,2017,False
AOI-0073,2017-10-11,,,-0.00859638,0.00802179,0.29309849,2017,False
AOI-0073,2017-10-16,,,0.00000000,0.00773460,0.30660388,2017,True
AOI-0073,2018-04-16,0.16601714,0.16601714,,0.00726243,0.16515330,2018,False
AOI-0073,2019-05-17,0.38887010,0.38887010,-0.06060918,0.01061646,0.31324334,2019,False
AOI-0073,2019-05-19,0.30599816,0.30599816,-0.00031013,-0.00530159,0.30440837,2019,False
AOI-0073,2019-06-03,0.52084590,0.52084590,,-0.01820879,0.53294410,2019,False
AOI-0073,2019-07-13,,,,-0.00676941,0.63245334,2019,False
AOI-0073,2019-08-07,0.58837344,0.60583153,0.00000000,0.00928288,0.60357116,2019,False
AOI-0073,2019-08-12,0.56988675,0.56988675,,0.00005090,0.55527028,2019,False
AOI-0073,2019-09-06,0.30145386,0.30145386,,-0.01780320,0.32042437,2019,False
AOI-0073,2019-09-11,0.28016756,0.28016756,,-0.00219756,0.31077020,2019,False
AOI-0073,2019-09-15,0.20944682,0.20944682,0.00000000,-0.00799120,0.28489996,2019,False
AOI-0073,2019-09-16,0.25220832,0.26423487,0.03264290,-0.00851571,0.30453231,2019,False
AOI-0073,2019-09-28,0.26707022,0.26707022,-0.01632370,-0.01148033,0.24548007,2019,False
AOI-0073,2019-10-16,0.33472235,0.31958192,0.06172663,-0.01686958,0.28642972,2019,True
AOI-0073,2019-10-26,0.27198516,0.27601482,0.00616892,-0.01632163,0.23366421,2019,False
AOI-0073,2020-04-05,,,,-0.00170276,0.15944706,2020,False
AOI-0073,2020-04-15,,,,-0.00350714,0.09544566,2020,False
AOI-0073,2020-04-22,0.48846747,0.49341619,-0.00006658,-0.00093899,0.37803324,2020,True
AOI-0073,2020-05-18,0.34161764,0.34161764,,-0.00634980,0.57600488,2020,False
AOI-0073,2020-07-04,0.21685096,0.21997301,-0.01805894,-0.03019035,0.30418145,2020,False
AOI-0073,2020-07-06,0.33784528,0.35106866,-0.01180430,-0.03144273,0.31128682,2020,False
AOI-0073,2020-07-24,0.19974540,0.19266204,-0.01196987,0.00570460,0.19706547,2020,False
AOI-0073,2020-07-29,0.16141046,0.16967592,0.00000000,0.00882506,0.16163552,2020,False
AOI-0073,2020-08-12,0.40168717,0.38411103,0.06233729,-0.00628874,0.28370316,2020,True
AOI-0073,2020-09-01,0.25269297,0.24328857,0.00000000,-0.00098630,0.22928398,2020,False
AOI-0073,2020-09-20,0.17619975,0.17619975,0.03675143,0.01017916,0.16737634,2020,False
AOI-0073,2020-10-20,0.20465513,0.20465513,0.05864460,0.00526009,0.21042345,2020,False
AOI-0073,2020-10-26,0.16109771,0.15617510,0.00000000,0.00519434,0.17823500,2020,False
AOI-0073,2021-05-06,,,,-0.00048554,0.24912780,2021,False
AOI-0073,2021-05-13,,,,-0.01046727,0.25036282,2021,False
AOI-0073,2021-05-15,0.20024226,0.20024226,-0.02944303,-0.01126367,0.24033616,2021,False
AOI-0073,2021-06-29,,,-0.07111663,-0.03245729,0.62718078,2021,False
AOI-0073,2021-07-25,,,0.01162353,0.00171645,0.74717945,2021,False
AOI-0073,2021-08-02,,,0.06123076,-0.00662247,0.67954597,2021,False
AOI-0073,2021-09-07,0.27321440,0.27321440,-0.00243076,-0.02683596,0.30590945,2021,False
AOI-0073,2021-09-14,0.18506377,0.18506377,0.00332144,-0.01091651,0.31269111,2021,True
AOI-0073,2021-09-15,,,,-0.01061404,0.26943056,2021,False
AOI-0073,2022-04-23,0.31235003,0.31235003,0.05414410,0.00261636,0.30625673,2022,True
AOI-0073,2022-04-25,0.20173144,0.20173144,-0.00638472,0.02250679,0.18919447,2022,False
AOI-0073,2022-06-04,0.20371667,0.20371667,-0.05393595,-0.02698822,0.27183494,2022,False
AOI-0073,2022-06-07,0.28480837,0.28480837,,-0.04497477,0.28566623,2022,False
AOI-0073,2022-06-09,0.36229477,0.36229477,0.00432091,-0.04565341,0.27289449,2022,False
AOI-0073,2022-06-14,0.40732066,0.40732066,-0.01251342,-0.01798685,0.39661452,2022,False
AOI-0073,2022-07-05,0.80325004,0.80325004,0.01001051,0.01970624,0.76410234,2022,False
AOI-0073,2022-07-07,0.77395789,0.77395789,-0.02642415,0.00084058,0.75143661,2022,False
AOI-0073,2022-09-10,0.45051346,0.45051346,,-0.01636176,0.38602444,2022,False
AOI-0073,2022-09-30,0.40860624,0.40860624,0.03333934,0.01421161,0.38721890,2022,True
AOI-0073,2023-04-02,0.25590181,0.23286957,-0.00932541,0.00763360,0.18075950,2023,False
AOI-0073,2023-04-28,,,,-0.00083436,0.26013390,2023,False
AOI-0073,2023-05-03,0.23839951,0.23839951,,0.00585655,0.27346333,2023,False
AOI-0073,2023-05-05,0.24401106,0.24401106,0.00000000,0.00623266,0.27157155,2023,False
AOI-0073,2023-05-13,,,-0.00575754,-0.01094027,0.33889168,2023,False
AOI-0073,2023-06-04,0.49864271,0.49864271,,0.03569197,0.53218270,2023,False
AOI-0073,2023-06-07,0.38627036,,0.00403433,0.04758135,0.54723800,2023,False
AOI-0073,2023-07-25,0.30670387,0.30187489,0.05755479,0.01820524,0.33228875,2023,False
AOI-0073,2023-07-31,0.31392902,0.29828713,0.00291783,0.01174760,0.25235608,2023,False
AOI-0073,2023-08-06,0.20467374,0.20467374,-0.00024368,0.00787014,0.25616752,2023,False
AOI-0073,2023-08-16,,,0.05148992,0.01177749,0.27129977,2023,False
AOI-0073,2023-08-28,0.18979953,0.15819721,-0.00719767,0.01343744,0.21553810,2023,False
AOI-0073,2023-09-07,0.21966996,0.20389915,-0.00205550,0.02473116,0.20683747,2023,False
AOI-0073,2023-09-12,0.22323364,0.20895520,0.00096948,0.01697378,0.21225703,2023,False
AOI-0073,2023-09-29,0.23195904,0.22440805,-0.01269487,0.01236022,0.20704390,2023,False
AOI-0073,2023-10-11,0.24296927,,0.00010683,0.00090850,0.25427105,2023,False
AOI-0073,2023-10-15,0.26731250,0.26731250,,0.00111588,0.25235922,2023,False
AOI-0073,2024-04-14,0.42017805,0.43738360,0.00000000,0.01108917,0.49605107,2024,False
AOI-0073,2024-04-20,0.55788449,0.55788449,,0.00064371,0.57754544,2024,False
AOI-0073,2024-05-06,0.62272681,0.62114543,0.00000000,-0.02246759,0.62908868,2024,False
AOI-0073,2024-05-07,0.59307486,0.60164639,0.00023928,-0.02285413,0.62654484,2024,False
AOI-0073,2024-06-23,0.26267315,0.26107239,-0.01381493,0.01456602,0.36794587,2024,False
AOI-0073,2024-07-03,0.25241628,0.25144133,-0.00015334,0.02708082,0.27825858,2024,False
AOI-0073,2024-07-11,0.30415413,0.30072522,0.06991471,0.00260906,0.31928592,2024,True
AOI-0073,2024-07-13,0.30264671,0.28144633,0.00280666,-0.00403763,0.25821388,2024,False
AOI-0073,2024-07-21,0.27531657,0.27531657,0.03818764,0.00920989,0.25149565,2024,False
AOI-0073,2024-07-25,0.24556863,0.23536082,-0.01280466,0.00828510,0.21764241,2024,False
AOI-0073,2024-08-12,0.19171327,0.20227930,0.00670859,0.00576597,0.22729898,2024,True
AOI-0073,2024-08-28,0.23401768,0.23754279,0.03930304,0.00321677,0.26889969,2024,True
AOI-0073,2024-09-01,0.18065329,0.18011202,-0.01559250,0.00257077,0.17626535,2024,False
AOI-0073,2024-09-13,0.27094938,0.26219548,0.00101875,0.00007127,0.23118875,2024,True
AOI-0073,2024-09-29,0.19390049,0.20060373,0.04599075,0.00348277,0.21437381,2024,True
AOI-0073,2025-04-07,0.32977185,0.32977185,0.05968037,-0.00353282,0.29614912,2025,True
AOI-0073,2025-04-15,0.23171678,0.23171678,0.00692834,-0.00365814,0.20499797,2025,False
AOI-0073,2025-04-19,0.20878915,0.20878915,0.01598667,-0.00046168,0.17805537,2025,False
AOI-0073,2025-04-22,0.20311123,0.20887499,0.00724467,0.00032418,0.19398056,2025,False
AOI-0073,2025-04-23,0.27080306,0.27448429,0.01813347,0.00036242,0.28452939,2025,True
AOI-0073,2025-04-29,0.22791346,0.22904046,0.00198102,0.02566654,0.17271527,2025,False
AOI-0073,2025-05-11,0.22646818,0.22646818,-0.01964853,0.02066906,0.22267952,2025,False
AOI-0073,2025-05-22,0.25230373,0.25137322,0.00091925,-0.00122507,0.23297660,2025,False
AOI-0073,2025-05-29,,,,-0.00527681,0.25598044,2025,False
AOI-0073,2025-06-03,0.41230567,0.39292648,-0.00003268,-0.00765216,0.34224673,2025,False
AOI-0073,2025-06-30,0.83979363,0.82192184,0.00000000,0.02049282,0.76637171,2025,False
AOI-0073,2025-07-06,0.79165107,0.79522438,0.03000349,0.00648055,0.79691115,2025,False
AOI-0073,2025-07-08,0.83154385,0.80971272,-0.01565705,0.00641125,0.79433587,2025,False
AOI-0073,2025-07-28,0.78343741,0.76532936,0.02596977,-0.02171872,0.73322344,2025,True
AOI-0073,2025-08-05,0.63047667,0.63047667,0.00511158,0.00084727,0.72333007,2025,False
AOI-0073,2025-08-07,0.62731096,0.61808323,-0.01166672,0.00075677,0.70791563,2025,False
AOI-0073,2025-08-22,0.41315133,0.42818258,-0.00994513,0.01944046,0.46497909,2025,False
AOI-0073,2025-08-27,0.32205391,0.32205391,0.00000000,-0.00161999,0.40514729,2025,False
AOI-0073,2025-09-22,0.27706459,0.27706459,0.01231480,0.01421083,0.31897142,2025,False
AOI-0074,2010-07-12,,,0.04181388,-0.00651556,0.34863906,2010,True
AOI-0074,2010-08-29,0.31337636,0.31337636,0.00027999,-0.00085948,0.29620565,2010,True
AOI-0074,2011-05-27,0.48976694,0.48976694,0.00000000,-0.00369861,0.36269596,2011,False
AOI-0074,2011-06-20,0.40467466,0.40467466,-0.05931523,-0.01656886,0.56465936,2011,False
AOI-0074,2011-06-26,0.66780228,0.66780228,0.03891212,-0.00342400,0.74662554,2011,True
AOI-0074,2011-07-06,0.49877780,0.49877780,0.00000000,-0.01146869,0.73060207,2011,False
AOI-0074,2011-09-24,0.29637679,0.29637679,-0.02226980,-0.00012771,0.28947144,2011,False
AOI-0074,2013-06-25,,,-0.01702295,0.01271640,0.47633666,2013,False
AOI-0074,2013-07-03,,,,0.01609949,0.38041161,2013,False
AOI-0074,2013-07-11,,,0.03811559,0.00967090,0.33347756,2013,False
AOI-0074,2013-08-13,,,0.02828705,0.00511947,0.33509451,2013,True
AOI-0074,2014-07-14,0.75902422,0.75902422,,0.00768670,0.79587214,2014,False
AOI-0074,2014-07-28,0.66962295,0.66962295,0.04931972,0.01211231,0.68172419,2014,True
AOI-0074,2014-09-14,,,0.03459345,-0.00580036,0.31322530,2014,True
AOI-0074,2014-10-16,0.20215734,0.20215734,0.02249368,0.00008175,0.27075263,2014,True
AOI-0074,2015-04-23,0.25436169,0.25436169,0.00000000,0.00637525,0.28814464,2015,True
AOI-0074,2015-04-28,0.19036861,0.19036861,-0.03864337,0.00690889,0.20598524,2015,False
AOI-0074,2015-07-25,0.64800269,0.64800269,0.00000000,-0.00418962,0.65510235,2015,False
AOI-0074,2015-10-16,0.23354538,0.23354538,0.00000000,0.00788516,0.25876032,2015,True
AOI-0074,2015-10-29,0.16233157,0.16233157,-0.01436351,0.00757667,0.20099581,2015,False
AOI-0074,2016-08-12,,,0.01293359,-0.00167725,0.34109379,2016,True
AOI-0074,2016-08-20,,,0.00819940,-0.00147098,0.27198668,2016,False
AOI-0074,2017-04-23,,,0.02036824,-0.00642600,0.30109311,2017,True
AOI-0074,2017-05-04,0.19645779,0.19645779,0.01140933,-0.00565322,0.22413745,2017,False
AOI-0074,2017-05-06,0.20540524,0.20540524,0.01270440,-0.00539939,0.23013023,2017,False
AOI-0074,2017-06-04,,,,0.00128024,0.39451886,2017,False
AOI-0074,2017-06-05,0.26171012,0.26171012,0.01272262,0.00128371,0.35952346,2017,False
AOI-0074,2017-06-10,0.59661757,0.59661757,0.00000000,0.00005998,0.60718536,2017,True
AOI-0074,2017-06-20,0.54492279,0.54492279,-0.02924513,0.00026675,0.52429667,2017,False
AOI-0074,2017-06-26,0.74156137,0.74156137,0.03531612,-0.00299359,0.73497825,2017,True
AOI-0074,2017-07-18,,,,0.00801659,0.73354328,2017,False
AOI-0074,2017-08-07,,,,-0.00307380,0.66909344,2017,False
AOI-0074,2017-08-17,0.54405554,0.54405554,-0.02589392,-0.01404090,0.51516176,2017,False
AOI-0074,2017-09-16,0.30214059,0.30214059,0.00000000,0.01101221,0.30196219,2017,False
AOI-0074,2017-10-11,,,-0.00859638,0.01024389,0.24095524,2017,False
AOI-0074,2017-10-16,,,0.00000000,0.00985345,0.28641977,2017,True
AOI-0074,2018-04-04,0.35738686,0.35738686,0.00996447,0.00907411,0.17656659,2018,False
AOI-0074,2018-04-23,0.35104893,0.35104893,0.01469970,0.00320991,0.34481658,2018,True
AOI-0074,2018-05-06,0.28496159,0.28496159,,-0.00655502,0.29140662,2018,False
AOI-0074,2018-05-11,0.28471440,0.28471440,-0.02973619,-0.00625020,0.28380826,2018,False
AOI-0074,2018-05-22,0.44654080,0.44654080,,0.01045514,0.35894955,2018,False
AOI-0074,2018-05-26,0.22851418,0.22851418,,0.01210224,0.35579024,2018,False
AOI-0074,2018-05-30,0.29851870,0.29851870,-0.03581199,0.01450237,0.35569136,2018,False
AOI-0074,2018-07-13,0.68767265,0.68767265,,-0.01924549,0.67775604,2018,False
AOI-0074,2018-08-18,0.71996125,0.71996125,-0.01290091,0.01449735,0.73924006,2018,False
AOI-0074,2018-09-14,0.35163373,0.35163373,0.02282745,-0.01096653,0.38133579,2018,True
AOI-0074,2018-09-19,0.29579906,0.29579906,-0.02830303,-0.01004278,0.33398060,2018,False
AOI-0074,2018-09-30,0.31585550,0.31585550,0.03917991,-0.00669560,0.31174627,2018,True
AOI-0074,2019-04-23,,,-0.03195339,-0.02075514,0.19156875,2019,True
AOI-0074,2019-05-04,,,0.08252030,0.02312822,0.23111768,2019,False
AOI-0074,2019-05-14,,,,0.03125223,0.25464352,2019,False
AOI-0074,2019-05-16,,,-0.00157878,0.03106375,0.24287374,2019,False
AOI-0074,2019-05-31,,,-0.03164287,-0.01381130,0.43191939,2019,False
AOI-0074,2019-06-13,,,0.00000000,-0.00184142,0.67646294,2019,False
AOI-0074,2019-07-13,,,,-0.01388354,0.63911052,2019,False
AOI-0074,2019-08-05,,,-0.02687680,-0.00964616,0.61519740,2019,False
AOI-0074,2019-08-09,,,-0.01661305,-0.02285793,0.51296514,2019,False
AOI-0074,2019-09-14,,,0.05061066,-0.00929111,0.31547469,2019,True
AOI-0074,2020-04-09,0.19665430,0.21087068,0.00000000,0.00809348,0.19182007,2020,False
AOI-0074,2020-07-06,0.34782944,0.34782944,-0.01180430,0.01867454,0.26456331,2020,False
AOI-0074,2020-07-22,0.24063128,0.24063128,0.01839743,0.03475861,0.21875142,2020,False
AOI-0074,2020-08-07,0.20789563,0.20789563,0.03444526,0.03636312,0.21042972,2020,False
AOI-0074,2020-08-26,0.20536065,0.20536065,0.03744086,-0.00630661,0.19660928,2020,False
AOI-0074,2020-09-07,0.17211251,0.15549099,-0.03581981,0.02868830,0.15023338,2020,False
AOI-0074,2020-09-08,0.19828332,0.19828332,,0.03447653,0.20370000,2020,False
AOI-0074,2020-09-12,0.15842903,0.15529450,-0.00691309,0.02353399,0.16471039,2020,False
AOI-0074,2020-10-07,0.16610054,0.16610305,0.00221956,0.00291350,0.16681763,2020,False
AOI-0074,2020-10-12,0.11255594,0.10179890,-0.03923497,0.00583450,0.13808755,2020,False
AOI-0074,2020-10-18,0.26356372,0.26356372,,0.00422460,0.20562610,2020,False
AOI-0074,2020-10-22,0.15997988,0.15997988,,0.00436120,0.13343289,2020,False
AOI-0074,2021-04-25,,,,-0.03610780,0.19413412,2021,False
AOI-0074,2021-06-23,,,-0.01704495,-0.00687335,0.60385501,2021,False
AOI-0074,2021-06-27,,,0.02656788,0.00764688,0.64689937,2021,False
AOI-0074,2021-07-17,,,0.04518113,0.00198662,0.69005223,2021,False
AOI-0074,2021-08-03,0.59475316,0.59475316,-0.00410810,0.02552897,0.55838966,2021,False
AOI-0074,2021-08-06,,,,0.04127059,0.55043426,2021,False
AOI-0074,2021-08-19,,,0.04832141,0.03237885,0.46948428,2021,False
AOI-0074,2021-09-03,,,,-0.01843090,0.34016235,2021,False
AOI-0074,2021-10-06,0.21346473,0.21346473,0.00741320,-0.00166022,0.23927505,2021,False
AOI-0074,2021-10-17,0.24592782,0.24592782,-0.01792915,-0.00482908,0.20715756,2021,False
AOI-0074,2021-10-20,,,,-0.00491326,0.23448274,2021,False
AOI-0074,2021-10-27,,,0.00000000,-0.00544668,0.22181609,2021,False
AOI-0074,2022-05-30,0.23353227,0.23353227,-0.00245218,0.00971741,0.22744164,2022,False
AOI-0074,2022-07-12,0.77969938,0.77969938,0.00000000,-0.01805544,0.76190377,2022,True
AOI-0074,2022-08-29,0.50364225,0.50364225,0.03763115,-0.00331530,0.49891352,2022,True
AOI-0074,2022-10-16,0.34054996,0.34054996,0.02810243,0.00765332,0.30175497,2022,True
AOI-0074,2023-04-28,,,,0.02688414,0.22749027,2023,False
AOI-0074,2023-05-30,0.45912580,0.45912580,,0.02167338,0.41105380,2023,False
AOI-0074,2023-06-09,0.48265118,0.50973279,-0.00024804,0.07973927,0.55958218,2023,False
AOI-0074,2023-06-19,0.27754403,0.24551143,0.05909728,0.09505274,0.43499419,2023,False
AOI-0074,2023-07-14,0.28932222,0.29659724,-0.01848897,-0.00052707,0.24520574,2023,False
AOI-0074,2023-08-16,,,0.05148992,0.00113776,0.25431916,2023,False
AOI-0074,2023-09-14,0.28626831,0.31656283,0.00000000,0.00652416,0.25396688,2023,True
AOI-0074,2023-10-11,0.20047338,,0.00010683,0.00180466,0.26155398,2023,False
AOI-0074,2024-04-17,0.69223574,0.69223574,,0.00876455,0.52159508,2024,False
AOI-0074,2024-05-08,0.68704789,0.67949691,0.04741222,-0.01157598,0.65790968,2024,True
AOI-0074,2024-05-09,0.60652176,0.60239210,0.00000000,-0.01200128,0.60815856,2024,False
AOI-0074,2024-06-06,0.56520539,0.56520539,,-0.00711991,0.52568345,2024,False
AOI-0074,2024-07-08,0.22511395,0.22334722,-0.02848439,0.01978432,0.24069939,2024,False
AOI-0074,2024-07-18,0.20941729,0.21005720,-0.01638377,0.01110125,0.24278706,2024,False
AOI-0074,2024-07-27,0.28649444,0.27857365,0.02934325,-0.00809973,0.25945586,2024,True
AOI-0074,2024-08-12,0.17177798,0.18602181,0.00670859,0.01265008,0.19776014,2024,True
AOI-0074,2024-08-28,0.21374032,0.21354458,0.03930304,0.00707417,0.26029980,2024,True
AOI-0074,2024-09-04,0.18017670,0.18017670,,0.02120901,0.19560549,2024,False
AOI-0074,2024-09-09,0.15942532,0.15942532,,0.01547113,0.18020392,2024,False
AOI-0074,2025-04-07,0.20322958,0.20322958,0.05968037,-0.00305940,0.27806502,2025,True
AOI-0074,2025-04-15,0.20781139,0.20781139,0.00692834,0.00097411,0.20296743,2025,False
AOI-0074,2025-05-12,0.21379147,0.21767128,-0.02045484,0.02540646,0.22420451,2025,False
AOI-0074,2025-05-14,0.18299579,0.18299579,-0.00085470,0.01601544,0.20368920,2025,False
AOI-0074,2025-06-01,0.36335562,0.34426506,-0.00874304,-0.00980931,0.31679626,2025,False
AOI-0074,2025-06-10,0.60596053,0.62174913,0.00000000,-0.00842944,0.55251193,2025,True
AOI-0074,2025-07-06,0.77789436,0.77789436,0.03000349,0.00685925,0.79419205,2025,False
AOI-0074,2025-07-16,0.64597739,0.63425955,0.03400813,-0.02581386,0.66299919,2025,False
AOI-0074,2025-08-05,0.61192749,0.61192749,0.00511158,0.01444869,0.67543552,2025,False
AOI-0074,2025-08-19,0.45025953,0.46268039,-0.00985437,0.02187503,0.49218537,2025,False
AOI-0074,2025-09-08,0.25640198,0.25640198,-0.02434620,0.01430611,0.25514626,2025,False
AOI-0074,2025-09-22,0.24484882,0.24484882,0.01231480,0.01037661,0.29034100,2025,False
AOI-0074,2025-10-01,0.22973223,0.22973223,-0.00723507,0.01077953,0.22912617,2025,False
AOI-0074,2025-10-26,0.25027441,0.26965922,-0.00902547,0.00272909,0.24455273,2025,False
AOI-0075,2025-04-07,0.35501523,0.35501523,0.05968037,0.00696900,0.38341894,2025,True
AOI-0075,2025-04-12,0.25253210,0.24760229,-0.05196949,0.00739189,0.23168915,2025,False
AOI-0075,2025-07-12,0.64145441,0.64408612,0.06347953,0.00660279,0.58045162,2025,True
AOI-0075,2025-07-18,0.57567561,0.57640758,-0.01324803,-0.00610626,0.54584879,2025,False
AOI-0075,2025-08-21,0.46435620,0.46435620,0.03981741,-0.00945991,0.50492345,2025,False
AOI-0075,2025-08-30,0.37002575,0.36169105,0.03410470,-0.02710609,0.45858950,2025,False
AOI-0075,2025-09-08,0.33716364,0.33716364,-0.02434620,-0.01832263,0.42677377,2025,False
AOI-0075,2025-09-16,0.31178216,0.31143888,-0.00934341,0.00492988,0.30657184,2025,False
AOI-0075,2025-09-21,0.32562084,0.32562084,-0.01269631,0.00600419,0.27692576,2025,False
AOI-0075,2025-10-29,0.24811779,0.24811779,-0.10512313,-0.01263195,0.35027030,2025,False
AOI-0076,2025-04-19,0.23987838,0.23987838,0.01598667,-0.01203516,0.22406661,2025,False
AOI-0076,2025-05-01,0.20886814,0.20949649,-0.00302657,0.03249950,0.25670085,2025,False
AOI-0076,2025-05-11,0.25520451,0.25520451,-0.01964853,0.02738568,0.26546815,2025,False
AOI-0076,2025-05-25,0.32240949,0.32583708,0.04911856,0.00379740,0.54416023,2025,True
AOI-0076,2025-07-10,0.81860209,0.79679536,-0.03499475,0.01040012,0.81091503,2025,False
AOI-0076,2025-07-31,0.74667073,0.72630916,0.01592637,0.00212636,0.71356254,2025,False
AOI-0076,2025-08-21,0.51454223,0.51454223,0.03981741,-0.00714727,0.44058916,2025,False
AOI-0076,2025-08-27,0.31094239,0.31094239,0.00000000,-0.00342152,0.36175629,2025,False
AOI-0076,2025-09-01,0.31201597,0.34529595,-0.00663205,-0.01474530,0.31693931,2025,False
AOI-0076,2025-09-21,0.31500441,0.31500441,-0.01269631,-0.00225779,0.24739239,2025,False
AOI-0076,2025-09-22,0.28719601,0.28719601,0.01231480,-0.00274852,0.29186152,2025,False
AOI-0076,2025-10-01,0.24623489,0.24623489,-0.00723507,-0.00399078,0.22401722,2025,False
AOI-0076,2025-10-04,0.26035875,0.24627516,0.01029420,-0.00417159,0.23559491,2025,False
AOI-0077,2025-05-09,0.65645739,0.61686976,0.03885863,0.00032287,0.76624726,2025,True
AOI-0077,2025-06-06,0.60702091,0.58060848,0.02283679,-0.02941171,0.63991334,2025,False
AOI-0077,2025-06-21,0.32386277,0.37898074,0.00612851,0.04951556,0.44133025,2025,False
AOI-0077,2025-07-12,0.26753075,0.28542162,0.06347953,0.02702275,0.32460083,2025,True
AOI-0077,2025-08-22,0.20718271,0.19597998,-0.00994513,0.03424606,0.19525975,2025,False
AOI-0077,2025-08-27,0.18567949,0.18881679,0.00000000,0.03726989,0.19183798,2025,False
AOI-0077,2025-08-30,0.21770359,0.22177949,0.03410470,0.03800021,0.23167722,2025,False
AOI-0077,2025-09-11,0.17857278,0.18034561,0.00000000,0.01541979,0.18339172,2025,False
AOI-0077,2025-09-22,0.25929798,0.25717277,0.01231480,-0.00723244,0.24487550,2025,False
AOI-0078,2025-05-02,,,0.00788072,-0.01093913,0.79957699,2025,False
AOI-0078,2025-05-25,0.76375226,0.76272412,0.04911856,-0.03689804,0.77895784,2025,True
AOI-0078,2025-06-01,,,-0.00874304,-0.00975817,0.63377178,2025,False
AOI-0078,2025-06-03,0.72310092,0.73658348,-0.00003268,0.02036057,0.67702486,2025,False
AOI-0078,2025-06-06,0.59083172,0.61914141,0.02283679,0.03472229,0.67059520,2025,False
AOI-0078,2025-06-10,0.53954687,0.50807643,0.00000000,0.03806841,0.57167665,2025,True
AOI-0078,2025-07-04,0.35128364,0.33657106,0.00861066,0.01883418,0.29427436,2025,False
AOI-0078,2025-07-10,0.19905004,0.20471972,-0.03499475,0.01891773,0.16539585,2025,False
AOI-0078,2025-07-11,,,-0.03932098,0.01884033,0.18693102,2025,False
AOI-0078,2025-07-13,0.18861736,0.19306004,0.00053227,0.00194478,0.16781061,2025,False
AOI-0078,2025-08-10,,,-0.05405784,0.00887929,0.17067285,2025,False
AOI-0078,2025-08-15,0.22400570,0.21722067,0.04845079,0.00644711,0.20352072,2025,False
AOI-0078,2025-09-08,0.17805587,0.16206293,-0.02434620,0.00046499,0.14727956,2025,False
AOI-0078,2025-10-04,0.15142352,0.16202542,0.01029420,-0.00108454,0.23814801,2025,False
