seed,method,n,rmse,slice
0,baseline,2644,0.071366130,
0,post_mode,2644,0.073745381,
0,blend_post_mode_0.20,2644,0.071120581,
0,blend_post_mode_0.30,2644,0.071134736,
0,blend_post_mode_0.40,2644,0.071240220,
0,blend_post_mode_0.50,2644,0.071436631,
0,crop_hier_n1_p00,2644,0.072533524,
0,blend_crop_hier_n1_p00_0.20,2644,0.070677942,
0,blend_crop_hier_n1_p00_0.30,2644,0.070506193,
0,blend_crop_hier_n1_p00_0.40,2644,0.070450648,
0,blend_crop_hier_n1_p00_0.50,2644,0.070511582,
0,crop_hier_n1_p67,2644,0.072517814,
0,blend_crop_hier_n1_p67_0.20,2644,0.070676499,
0,blend_crop_hier_n1_p67_0.30,2644,0.070503687,
0,blend_crop_hier_n1_p67_0.40,2644,0.070446858,
0,blend_crop_hier_n1_p67_0.50,2644,0.070506290,
0,crop_hier_n1_p80,2644,0.072531051,
0,blend_crop_hier_n1_p80_0.20,2644,0.070678865,
0,blend_crop_hier_n1_p80_0.30,2644,0.070507312,
0,blend_crop_hier_n1_p80_0.40,2644,0.070451782,
0,blend_crop_hier_n1_p80_0.50,2644,0.070512550,
0,crop_hier_n2_p00,2644,0.072828899,
0,blend_crop_hier_n2_p00_0.20,2644,0.070767133,
0,blend_crop_hier_n2_p00_0.30,2644,0.070634916,
0,blend_crop_hier_n2_p00_0.40,2644,0.070615231,
0,blend_crop_hier_n2_p00_0.50,2644,0.070708172,
0,crop_hier_n2_p67,2644,0.072344877,
0,blend_crop_hier_n2_p67_0.20,2644,0.070743726,
0,blend_crop_hier_n2_p67_0.30,2644,0.070585472,
0,blend_crop_hier_n2_p67_0.40,2644,0.070530245,
0,blend_crop_hier_n2_p67_0.50,2644,0.070578289,
0,crop_hier_n2_p80,2644,0.072382611,
0,blend_crop_hier_n2_p80_0.20,2644,0.070756651,
0,blend_crop_hier_n2_p80_0.30,2644,0.070603924,
0,blend_crop_hier_n2_p80_0.40,2644,0.070553562,
0,blend_crop_hier_n2_p80_0.50,2644,0.070605783,
0,crop_hier_n3_p00,2644,0.073528761,
0,blend_crop_hier_n3_p00_0.20,2644,0.070926580,
0,blend_crop_hier_n3_p00_0.30,2644,0.070871612,
0,blend_crop_hier_n3_p00_0.40,2644,0.070927025,
0,blend_crop_hier_n3_p00_0.50,2644,0.071092561,
0,crop_hier_n3_p67,2644,0.073014841,
0,blend_crop_hier_n3_p67_0.20,2644,0.070912126,
0,blend_crop_hier_n3_p67_0.30,2644,0.070832692,
0,blend_crop_hier_n3_p67_0.40,2644,0.070852215,
0,blend_crop_hier_n3_p67_0.50,2644,0.070970613,
0,crop_hier_n3_p80,2644,0.073192176,
0,blend_crop_hier_n3_p80_0.20,2644,0.070958795,
0,blend_crop_hier_n3_p80_0.30,2644,0.070900865,
0,blend_crop_hier_n3_p80_0.40,2644,0.070940543,
0,blend_crop_hier_n3_p80_0.50,2644,0.071077667,
0,soft_crop_r1_l0_p1,2644,0.072046866,
0,blend_soft_crop_r1_l0_p1_0.20,2644,0.070763809,
0,blend_soft_crop_r1_l0_p1_0.30,2644,0.070600461,
0,blend_soft_crop_r1_l0_p1_0.40,2644,0.070529960,
0,blend_soft_crop_r1_l0_p1_0.50,2644,0.070552584,
0,soft_crop_r1_l0_p2,2644,0.072130130,
0,blend_soft_crop_r1_l0_p2_0.20,2644,0.070734754,
0,blend_soft_crop_r1_l0_p2_0.30,2644,0.070565426,
0,blend_soft_crop_r1_l0_p2_0.40,2644,0.070494744,
0,blend_soft_crop_r1_l0_p2_0.50,2644,0.070523005,
0,soft_crop_r1_l0_p4,2644,0.072340394,
0,blend_soft_crop_r1_l0_p4_0.20,2644,0.070740261,
0,blend_soft_crop_r1_l0_p4_0.30,2644,0.070580742,
0,blend_soft_crop_r1_l0_p4_0.40,2644,0.070524573,
0,blend_soft_crop_r1_l0_p4_0.50,2644,0.070572002,
0,soft_crop_r1_l0.25_p1,2644,0.071892929,
0,blend_soft_crop_r1_l0.25_p1_0.20,2644,0.070819372,
0,blend_soft_crop_r1_l0.25_p1_0.30,2644,0.070667669,
0,blend_soft_crop_r1_l0.25_p1_0.40,2644,0.070597873,
0,blend_soft_crop_r1_l0.25_p1_0.50,2644,0.070610229,
0,soft_crop_r1_l0.25_p2,2644,0.072106562,
0,blend_soft_crop_r1_l0.25_p2_0.20,2644,0.070744936,
0,blend_soft_crop_r1_l0.25_p2_0.30,2644,0.070577918,
0,blend_soft_crop_r1_l0.25_p2_0.40,2644,0.070507658,
0,blend_soft_crop_r1_l0.25_p2_0.50,2644,0.070534443,
0,soft_crop_r1_l0.25_p4,2644,0.072345670,
0,blend_soft_crop_r1_l0.25_p4_0.20,2644,0.070741522,
0,blend_soft_crop_r1_l0.25_p4_0.30,2644,0.070582603,
0,blend_soft_crop_r1_l0.25_p4_0.40,2644,0.070527011,
0,blend_soft_crop_r1_l0.25_p4_0.50,2644,0.070574989,
0,soft_crop_r1_l1_p1,2644,0.071886048,
0,blend_soft_crop_r1_l1_p1_0.20,2644,0.070913473,
0,blend_soft_crop_r1_l1_p1_0.30,2644,0.070791154,
0,blend_soft_crop_r1_l1_p1_0.40,2644,0.070738721,
0,blend_soft_crop_r1_l1_p1_0.50,2644,0.070756331,
0,soft_crop_r1_l1_p2,2644,0.072038918,
0,blend_soft_crop_r1_l1_p2_0.20,2644,0.070826448,
0,blend_soft_crop_r1_l1_p2_0.30,2644,0.070682551,
0,blend_soft_crop_r1_l1_p2_0.40,2644,0.070623399,
0,blend_soft_crop_r1_l1_p2_0.50,2644,0.070649207,
0,soft_crop_r1_l1_p4,2644,0.072359368,
0,blend_soft_crop_r1_l1_p4_0.20,2644,0.070796878,
0,blend_soft_crop_r1_l1_p4_0.30,2644,0.070655938,
0,blend_soft_crop_r1_l1_p4_0.40,2644,0.070611685,
0,blend_soft_crop_r1_l1_p4_0.50,2644,0.070664298,
0,soft_all_r1_l0_p1,2644,0.072056642,
0,blend_soft_all_r1_l0_p1_0.20,2644,0.070767902,
0,blend_soft_all_r1_l0_p1_0.30,2644,0.070606220,
0,blend_soft_all_r1_l0_p1_0.40,2644,0.070537119,
0,blend_soft_all_r1_l0_p1_0.50,2644,0.070560870,
0,soft_all_r1_l0_p2,2644,0.072141402,
0,blend_soft_all_r1_l0_p2_0.20,2644,0.070739049,
0,blend_soft_all_r1_l0_p2_0.30,2644,0.070571508,
0,blend_soft_all_r1_l0_p2_0.40,2644,0.070502362,
0,blend_soft_all_r1_l0_p2_0.50,2644,0.070531897,
0,soft_all_r1_l0_p4,2644,0.072351948,
0,blend_soft_all_r1_l0_p4_0.20,2644,0.070744551,
0,blend_soft_all_r1_l0_p4_0.30,2644,0.070586828,
0,blend_soft_all_r1_l0_p4_0.40,2644,0.070532212,
0,blend_soft_all_r1_l0_p4_0.50,2644,0.070580940,
0,soft_all_r1_l0.25_p1,2644,0.071901808,
0,blend_soft_all_r1_l0.25_p1_0.20,2644,0.070821717,
0,blend_soft_all_r1_l0.25_p1_0.30,2644,0.070671092,
0,blend_soft_all_r1_l0.25_p1_0.40,2644,0.070602306,
0,blend_soft_all_r1_l0.25_p1_0.50,2644,0.070615599,
0,soft_all_r1_l0.25_p2,2644,0.072118507,
0,blend_soft_all_r1_l0.25_p2_0.20,2644,0.070749224,
0,blend_soft_all_r1_l0.25_p2_0.30,2644,0.070584018,
0,blend_soft_all_r1_l0.25_p2_0.40,2644,0.070515334,
0,blend_soft_all_r1_l0.25_p2_0.50,2644,0.070543453,
0,soft_all_r1_l0.25_p4,2644,0.072359085,
0,blend_soft_all_r1_l0.25_p4_0.20,2644,0.070746393,
0,blend_soft_all_r1_l0.25_p4_0.30,2644,0.070589526,
0,blend_soft_all_r1_l0.25_p4_0.40,2644,0.070535715,
0,blend_soft_all_r1_l0.25_p4_0.50,2644,0.070585196,
0,soft_all_r1_l1_p1,2644,0.071889042,
0,blend_soft_all_r1_l1_p1_0.20,2644,0.070913623,
0,blend_soft_all_r1_l1_p1_0.30,2644,0.070791465,
0,blend_soft_all_r1_l1_p1_0.40,2644,0.070739251,
0,blend_soft_all_r1_l1_p1_0.50,2644,0.070757137,
0,soft_all_r1_l1_p2,2644,0.072051805,
0,blend_soft_all_r1_l1_p2_0.20,2644,0.070829034,
0,blend_soft_all_r1_l1_p2_0.30,2644,0.070686443,
0,blend_soft_all_r1_l1_p2_0.40,2644,0.070628603,
0,blend_soft_all_r1_l1_p2_0.50,2644,0.070655721,
0,soft_all_r1_l1_p4,2644,0.072382848,
0,blend_soft_all_r1_l1_p4_0.20,2644,0.070802249,
0,blend_soft_all_r1_l1_p4_0.30,2644,0.070663904,
0,blend_soft_all_r1_l1_p4_0.40,2644,0.070622168,
0,blend_soft_all_r1_l1_p4_0.50,2644,0.070677214,
0,soft_crop_r2_l0_p1,2644,0.071862612,
0,blend_soft_crop_r2_l0_p1_0.20,2644,0.070707631,
0,blend_soft_crop_r2_l0_p1_0.30,2644,0.070519498,
0,blend_soft_crop_r2_l0_p1_0.40,2644,0.070426574,
0,blend_soft_crop_r2_l0_p1_0.50,2644,0.070429236,
0,soft_crop_r2_l0_p2,2644,0.071873455,
0,blend_soft_crop_r2_l0_p2_0.20,2644,0.070669535,
0,blend_soft_crop_r2_l0_p2_0.30,2644,0.070469774,
0,blend_soft_crop_r2_l0_p2_0.40,2644,0.070370302,
0,blend_soft_crop_r2_l0_p2_0.50,2644,0.070371543,
0,soft_crop_r2_l0_p4,2644,0.072031402,
0,blend_soft_crop_r2_l0_p4_0.20,2644,0.070668878,
0,blend_soft_crop_r2_l0_p4_0.30,2644,0.070474957,
0,blend_soft_crop_r2_l0_p4_0.40,2644,0.070385460,
0,blend_soft_crop_r2_l0_p4_0.50,2644,0.070400787,
0,soft_crop_r2_l0.25_p1,2644,0.071712593,
0,blend_soft_crop_r2_l0.25_p1_0.20,2644,0.070759786,
0,blend_soft_crop_r2_l0.25_p1_0.30,2644,0.070582405,
0,blend_soft_crop_r2_l0.25_p1_0.40,2644,0.070489828,
0,blend_soft_crop_r2_l0.25_p1_0.50,2644,0.070482390,
0,soft_crop_r2_l0.25_p2,2644,0.071850216,
0,blend_soft_crop_r2_l0.25_p2_0.20,2644,0.070679387,
0,blend_soft_crop_r2_l0.25_p2_0.30,2644,0.070481853,
0,blend_soft_crop_r2_l0.25_p2_0.40,2644,0.070382770,
0,blend_soft_crop_r2_l0.25_p2_0.50,2644,0.070382553,
0,soft_crop_r2_l0.25_p4,2644,0.072047125,
0,blend_soft_crop_r2_l0.25_p4_0.20,2644,0.070674937,
0,blend_soft_crop_r2_l0.25_p4_0.30,2644,0.070483534,
0,blend_soft_crop_r2_l0.25_p4_0.40,2644,0.070396194,
0,blend_soft_crop_r2_l0.25_p4_0.50,2644,0.070413306,
0,soft_crop_r2_l1_p1,2644,0.071698460,
0,blend_soft_crop_r2_l1_p1_0.20,2644,0.070855597,
0,blend_soft_crop_r2_l1_p1_0.30,2644,0.070707908,
0,blend_soft_crop_r2_l1_p1_0.40,2644,0.070632610,
0,blend_soft_crop_r2_l1_p1_0.50,2644,0.070629934,
0,soft_crop_r2_l1_p2,2644,0.071744592,
0,blend_soft_crop_r2_l1_p2_0.20,2644,0.070745808,
0,blend_soft_crop_r2_l1_p2_0.30,2644,0.070565231,
0,blend_soft_crop_r2_l1_p2_0.40,2644,0.070472036,
0,blend_soft_crop_r2_l1_p2_0.50,2644,0.070466569,
0,soft_crop_r2_l1_p4,2644,0.071993453,
0,blend_soft_crop_r2_l1_p4_0.20,2644,0.070707305,
0,blend_soft_crop_r2_l1_p4_0.30,2644,0.070524074,
0,blend_soft_crop_r2_l1_p4_0.40,2644,0.070439445,
0,blend_soft_crop_r2_l1_p4_0.50,2644,0.070453776,
0,soft_all_r2_l0_p1,2644,0.071888234,
0,blend_soft_all_r2_l0_p1_0.20,2644,0.070721297,
0,blend_soft_all_r2_l0_p1_0.30,2644,0.070538461,
0,blend_soft_all_r2_l0_p1_0.40,2644,0.070449768,
0,blend_soft_all_r2_l0_p1_0.50,2644,0.070455574,
0,soft_all_r2_l0_p2,2644,0.071903656,
0,blend_soft_all_r2_l0_p2_0.20,2644,0.070681984,
0,blend_soft_all_r2_l0_p2_0.30,2644,0.070487315,
0,blend_soft_all_r2_l0_p2_0.40,2644,0.070392139,
0,blend_soft_all_r2_l0_p2_0.50,2644,0.070396859,
0,soft_all_r2_l0_p4,2644,0.072069206,
0,blend_soft_all_r2_l0_p4_0.20,2644,0.070680081,
0,blend_soft_all_r2_l0_p4_0.30,2644,0.070491150,
0,blend_soft_all_r2_l0_p4_0.40,2644,0.070406200,
0,blend_soft_all_r2_l0_p4_0.50,2644,0.070425609,
0,soft_all_r2_l0.25_p1,2644,0.071740258,
0,blend_soft_all_r2_l0.25_p1_0.20,2644,0.070769581,
0,blend_soft_all_r2_l0.25_p1_0.30,2644,0.070596346,
0,blend_soft_all_r2_l0.25_p1_0.40,2644,0.070507390,
0,blend_soft_all_r2_l0.25_p1_0.50,2644,0.070503031,
0,soft_all_r2_l0.25_p2,2644,0.071883917,
0,blend_soft_all_r2_l0.25_p2_0.20,2644,0.070692291,
0,blend_soft_all_r2_l0.25_p2_0.30,2644,0.070500125,
0,blend_soft_all_r2_l0.25_p2_0.40,2644,0.070405646,
0,blend_soft_all_r2_l0.25_p2_0.50,2644,0.070409249,
0,soft_all_r2_l0.25_p4,2644,0.072094091,
0,blend_soft_all_r2_l0.25_p4_0.20,2644,0.070688540,
0,blend_soft_all_r2_l0.25_p4_0.30,2644,0.070503236,
0,blend_soft_all_r2_l0.25_p4_0.40,2644,0.070421485,
0,blend_soft_all_r2_l0.25_p4_0.50,2644,0.070443648,
0,soft_all_r2_l1_p1,2644,0.071718339,
0,blend_soft_all_r2_l1_p1_0.20,2644,0.070859722,
0,blend_soft_all_r2_l1_p1_0.30,2644,0.070714089,
0,blend_soft_all_r2_l1_p1_0.40,2644,0.070640835,
0,blend_soft_all_r2_l1_p1_0.50,2644,0.070640184,
0,soft_all_r2_l1_p2,2644,0.071778993,
0,blend_soft_all_r2_l1_p2_0.20,2644,0.070754853,
0,blend_soft_all_r2_l1_p2_0.30,2644,0.070578446,
0,blend_soft_all_r2_l1_p2_0.40,2644,0.070489159,
0,blend_soft_all_r2_l1_p2_0.50,2644,0.070487326,
0,soft_all_r2_l1_p4,2644,0.072056661,
0,blend_soft_all_r2_l1_p4_0.20,2644,0.070723217,
0,blend_soft_all_r2_l1_p4_0.30,2644,0.070547432,
0,blend_soft_all_r2_l1_p4_0.40,2644,0.070469863,
0,blend_soft_all_r2_l1_p4_0.50,2644,0.070490836,
0,soft_crop_r4_l0_p1,2644,0.071827443,
0,blend_soft_crop_r4_l0_p1_0.20,2644,0.070695788,
0,blend_soft_crop_r4_l0_p1_0.30,2644,0.070502569,
0,blend_soft_crop_r4_l0_p1_0.40,2644,0.070405150,
0,blend_soft_crop_r4_l0_p1_0.50,2644,0.070403929,
0,soft_crop_r4_l0_p2,2644,0.072020936,
0,blend_soft_crop_r4_l0_p2_0.20,2644,0.070694489,
0,blend_soft_crop_r4_l0_p2_0.30,2644,0.070508261,
0,blend_soft_crop_r4_l0_p2_0.40,2644,0.070422957,
0,blend_soft_crop_r4_l0_p2_0.50,2644,0.070438945,
0,soft_crop_r4_l0_p4,2644,0.072315845,
0,blend_soft_crop_r4_l0_p4_0.20,2644,0.070715982,
0,blend_soft_crop_r4_l0_p4_0.30,2644,0.070547858,
0,blend_soft_crop_r4_l0_p4_0.40,2644,0.070485520,
0,blend_soft_crop_r4_l0_p4_0.50,2644,0.070529250,
0,soft_crop_r4_l0.25_p1,2644,0.071725132,
0,blend_soft_crop_r4_l0.25_p1_0.20,2644,0.070746305,
0,blend_soft_crop_r4_l0.25_p1_0.30,2644,0.070565144,
0,blend_soft_crop_r4_l0.25_p1_0.40,2644,0.070470804,
0,blend_soft_crop_r4_l0.25_p1_0.50,2644,0.070463635,
0,soft_crop_r4_l0.25_p2,2644,0.071970121,
0,blend_soft_crop_r4_l0.25_p2_0.20,2644,0.070698173,
0,blend_soft_crop_r4_l0.25_p2_0.30,2644,0.070511164,
0,blend_soft_crop_r4_l0.25_p2_0.40,2644,0.070423311,
0,blend_soft_crop_r4_l0.25_p2_0.50,2644,0.070434985,
0,soft_crop_r4_l0.25_p4,2644,0.072278450,
0,blend_soft_crop_r4_l0.25_p4_0.20,2644,0.070712878,
0,blend_soft_crop_r4_l0.25_p4_0.30,2644,0.070542337,
0,blend_soft_crop_r4_l0.25_p4_0.40,2644,0.070477013,
0,blend_soft_crop_r4_l0.25_p4_0.50,2644,0.070517199,
0,soft_crop_r4_l1_p1,2644,0.071731649,
0,blend_soft_crop_r4_l1_p1_0.20,2644,0.070839819,
0,blend_soft_crop_r4_l1_p1_0.30,2644,0.070688419,
0,blend_soft_crop_r4_l1_p1_0.40,2644,0.070612239,
0,blend_soft_crop_r4_l1_p1_0.50,2644,0.070611523,
0,soft_crop_r4_l1_p2,2644,0.071846617,
0,blend_soft_crop_r4_l1_p2_0.20,2644,0.070750098,
0,blend_soft_crop_r4_l1_p2_0.30,2644,0.070574770,
0,blend_soft_crop_r4_l1_p2_0.40,2644,0.070488890,
0,blend_soft_crop_r4_l1_p2_0.50,2644,0.070492786,
0,soft_crop_r4_l1_p4,2644,0.072100948,
0,blend_soft_crop_r4_l1_p4_0.20,2644,0.070722357,
0,blend_soft_crop_r4_l1_p4_0.30,2644,0.070547997,
0,blend_soft_crop_r4_l1_p4_0.40,2644,0.070473099,
0,blend_soft_crop_r4_l1_p4_0.50,2644,0.070497979,
0,soft_all_r4_l0_p1,2644,0.072365956,
0,blend_soft_all_r4_l0_p1_0.20,2644,0.070815735,
0,blend_soft_all_r4_l0_p1_0.30,2644,0.070680989,
0,blend_soft_all_r4_l0_p1_0.40,2644,0.070640717,
0,blend_soft_all_r4_l0_p1_0.50,2644,0.070695079,
0,soft_all_r4_l0_p2,2644,0.072485187,
0,blend_soft_all_r4_l0_p2_0.20,2644,0.070792701,
0,blend_soft_all_r4_l0_p2_0.30,2644,0.070655282,
0,blend_soft_all_r4_l0_p2_0.40,2644,0.070618308,
0,blend_soft_all_r4_l0_p2_0.50,2644,0.070681936,
0,soft_all_r4_l0_p4,2644,0.072705616,
0,blend_soft_all_r4_l0_p4_0.20,2644,0.070791984,
0,blend_soft_all_r4_l0_p4_0.30,2644,0.070662832,
0,blend_soft_all_r4_l0_p4_0.40,2644,0.070639886,
0,blend_soft_all_r4_l0_p4_0.50,2644,0.070723251,
0,soft_all_r4_l0.25_p1,2644,0.072167458,
0,blend_soft_all_r4_l0.25_p1_0.20,2644,0.070845107,
0,blend_soft_all_r4_l0.25_p1_0.30,2644,0.070712004,
0,blend_soft_all_r4_l0.25_p1_0.40,2644,0.070664583,
0,blend_soft_all_r4_l0.25_p1_0.50,2644,0.070703015,
0,soft_all_r4_l0.25_p2,2644,0.072426525,
0,blend_soft_all_r4_l0.25_p2_0.20,2644,0.070796679,
0,blend_soft_all_r4_l0.25_p2_0.30,2644,0.070658258,
0,blend_soft_all_r4_l0.25_p2_0.40,2644,0.070618271,
0,blend_soft_all_r4_l0.25_p2_0.50,2644,0.070676886,
0,soft_all_r4_l0.25_p4,2644,0.072669930,
0,blend_soft_all_r4_l0.25_p4_0.20,2644,0.070790559,
0,blend_soft_all_r4_l0.25_p4_0.30,2644,0.070659581,
0,blend_soft_all_r4_l0.25_p4_0.40,2644,0.070634071,
0,blend_soft_all_r4_l0.25_p4_0.50,2644,0.070714144,
0,soft_all_r4_l1_p1,2644,0.072025372,
0,blend_soft_all_r4_l1_p1_0.20,2644,0.070904063,
0,blend_soft_all_r4_l1_p1_0.30,2644,0.070784093,
0,blend_soft_all_r4_l1_p1_0.40,2644,0.070738744,
0,blend_soft_all_r4_l1_p1_0.50,2644,0.070768161,
0,soft_all_r4_l1_p2,2644,0.072218096,
0,blend_soft_all_r4_l1_p2_0.20,2644,0.070834846,
0,blend_soft_all_r4_l1_p2_0.30,2644,0.070700451,
0,blend_soft_all_r4_l1_p2_0.40,2644,0.070654326,
0,blend_soft_all_r4_l1_p2_0.50,2644,0.070696646,
0,soft_all_r4_l1_p4,2644,0.072471302,
0,blend_soft_all_r4_l1_p4_0.20,2644,0.070802001,
0,blend_soft_all_r4_l1_p4_0.30,2644,0.070666978,
0,blend_soft_all_r4_l1_p4_0.40,2644,0.070630867,
0,blend_soft_all_r4_l1_p4_0.50,2644,0.070693820,
0,soft_crop_r8_l0_p1,2644,0.071876740,
0,blend_soft_crop_r8_l0_p1_0.20,2644,0.070701086,
0,blend_soft_crop_r8_l0_p1_0.30,2644,0.070511424,
0,blend_soft_crop_r8_l0_p1_0.40,2644,0.070418159,
0,blend_soft_crop_r8_l0_p1_0.50,2644,0.070421672,
0,soft_crop_r8_l0_p2,2644,0.072152750,
0,blend_soft_crop_r8_l0_p2_0.20,2644,0.070719893,
0,blend_soft_crop_r8_l0_p2_0.30,2644,0.070546741,
0,blend_soft_crop_r8_l0_p2_0.40,2644,0.070474691,
0,blend_soft_crop_r8_l0_p2_0.50,2644,0.070504053,
0,soft_crop_r8_l0_p4,2644,0.072530396,
0,blend_soft_crop_r8_l0_p4_0.20,2644,0.070763085,
0,blend_soft_crop_r8_l0_p4_0.30,2644,0.070618073,
0,blend_soft_crop_r8_l0_p4_0.40,2644,0.070578414,
0,blend_soft_crop_r8_l0_p4_0.50,2644,0.070644283,
0,soft_crop_r8_l0.25_p1,2644,0.071733920,
0,blend_soft_crop_r8_l0.25_p1_0.20,2644,0.070746418,
0,blend_soft_crop_r8_l0.25_p1_0.30,2644,0.070565628,
0,blend_soft_crop_r8_l0.25_p1_0.40,2644,0.070471869,
0,blend_soft_crop_r8_l0.25_p1_0.50,2644,0.070465490,
0,soft_crop_r8_l0.25_p2,2644,0.072087837,
0,blend_soft_crop_r8_l0.25_p2_0.20,2644,0.070722722,
0,blend_soft_crop_r8_l0.25_p2_0.30,2644,0.070547975,
0,blend_soft_crop_r8_l0.25_p2_0.40,2644,0.070472307,
0,blend_soft_crop_r8_l0.25_p2_0.50,2644,0.070496038,
0,soft_crop_r8_l0.25_p4,2644,0.072490602,
0,blend_soft_crop_r8_l0.25_p4_0.20,2644,0.070761035,
0,blend_soft_crop_r8_l0.25_p4_0.30,2644,0.070613844,
0,blend_soft_crop_r8_l0.25_p4_0.40,2644,0.070571241,
0,blend_soft_crop_r8_l0.25_p4_0.50,2644,0.070633415,
0,soft_crop_r8_l1_p1,2644,0.071707894,
0,blend_soft_crop_r8_l1_p1_0.20,2644,0.070834300,
0,blend_soft_crop_r8_l1_p1_0.30,2644,0.070680255,
0,blend_soft_crop_r8_l1_p1_0.40,2644,0.070601520,
0,blend_soft_crop_r8_l1_p1_0.50,2644,0.070598346,
0,soft_crop_r8_l1_p2,2644,0.071897841,
0,blend_soft_crop_r8_l1_p2_0.20,2644,0.070767485,
0,blend_soft_crop_r8_l1_p2_0.30,2644,0.070599601,
0,blend_soft_crop_r8_l1_p2_0.40,2644,0.070520285,
0,blend_soft_crop_r8_l1_p2_0.50,2644,0.070529837,
0,soft_crop_r8_l1_p4,2644,0.072291633,
0,blend_soft_crop_r8_l1_p4_0.20,2644,0.070770614,
0,blend_soft_crop_r8_l1_p4_0.30,2644,0.070618795,
0,blend_soft_crop_r8_l1_p4_0.40,2644,0.070565239,
0,blend_soft_crop_r8_l1_p4_0.50,2644,0.070610172,
0,soft_all_r8_l0_p1,2644,0.072998705,
0,blend_soft_all_r8_l0_p1_0.20,2644,0.071002576,
0,blend_soft_all_r8_l0_p1_0.30,2644,0.070950894,
0,blend_soft_all_r8_l0_p1_0.40,2644,0.070986302,
0,blend_soft_all_r8_l0_p1_0.50,2644,0.071108668,
0,soft_all_r8_l0_p2,2644,0.073303250,
0,blend_soft_all_r8_l0_p2_0.20,2644,0.071020391,
0,blend_soft_all_r8_l0_p2_0.30,2644,0.070986063,
0,blend_soft_all_r8_l0_p2_0.40,2644,0.071044394,
0,blend_soft_all_r8_l0_p2_0.50,2644,0.071195156,
0,soft_all_r8_l0_p4,2644,0.073800199,
0,blend_soft_all_r8_l0_p4_0.20,2644,0.071070140,
0,blend_soft_all_r8_l0_p4_0.30,2644,0.071070671,
0,blend_soft_all_r8_l0_p4_0.40,2644,0.071170355,
0,blend_soft_all_r8_l0_p4_0.50,2644,0.071368775,
0,soft_all_r8_l0.25_p1,2644,0.072774672,
0,blend_soft_all_r8_l0.25_p1_0.20,2644,0.071000119,
0,blend_soft_all_r8_l0.25_p1_0.30,2644,0.070939035,
0,blend_soft_all_r8_l0.25_p1_0.40,2644,0.070959607,
0,blend_soft_all_r8_l0.25_p1_0.50,2644,0.071061762,
0,soft_all_r8_l0.25_p2,2644,0.073222350,
0,blend_soft_all_r8_l0.25_p2_0.20,2644,0.071019426,
0,blend_soft_all_r8_l0.25_p2_0.30,2644,0.070981664,
0,blend_soft_all_r8_l0.25_p2_0.40,2644,0.071034603,
0,blend_soft_all_r8_l0.25_p2_0.50,2644,0.071178040,
0,soft_all_r8_l0.25_p4,2644,0.073742099,
0,blend_soft_all_r8_l0.25_p4_0.20,2644,0.071071138,
0,blend_soft_all_r8_l0.25_p4_0.30,2644,0.071069719,
0,blend_soft_all_r8_l0.25_p4_0.40,2644,0.071165827,
0,blend_soft_all_r8_l0.25_p4_0.50,2644,0.071359067,
0,soft_all_r8_l1_p1,2644,0.072509955,
0,blend_soft_all_r8_l1_p1_0.20,2644,0.071005077,
0,blend_soft_all_r8_l1_p1_0.30,2644,0.070935384,
0,blend_soft_all_r8_l1_p1_0.40,2644,0.070939947,
0,blend_soft_all_r8_l1_p1_0.50,2644,0.071018752,
0,soft_all_r8_l1_p2,2644,0.072939854,
0,blend_soft_all_r8_l1_p2_0.20,2644,0.071014876,
0,blend_soft_all_r8_l1_p2_0.30,2644,0.070964781,
0,blend_soft_all_r8_l1_p2_0.40,2644,0.070998707,
0,blend_soft_all_r8_l1_p2_0.50,2644,0.071116537,
0,soft_all_r8_l1_p4,2644,0.073522531,
0,blend_soft_all_r8_l1_p4_0.20,2644,0.071066987,
0,blend_soft_all_r8_l1_p4_0.30,2644,0.071055739,
0,blend_soft_all_r8_l1_p4_0.40,2644,0.071136886,
0,blend_soft_all_r8_l1_p4_0.50,2644,0.071310110,
0,soft_crop_r16_l0_p1,2644,0.072361911,
0,blend_soft_crop_r16_l0_p1_0.20,2644,0.070833346,
0,blend_soft_crop_r16_l0_p1_0.30,2644,0.070703992,
0,blend_soft_crop_r16_l0_p1_0.40,2644,0.070666783,
0,blend_soft_crop_r16_l0_p1_0.50,2644,0.070721866,
0,soft_crop_r16_l0_p2,2644,0.072624124,
0,blend_soft_crop_r16_l0_p2_0.20,2644,0.070860101,
0,blend_soft_crop_r16_l0_p2_0.30,2644,0.070749246,
0,blend_soft_crop_r16_l0_p2_0.40,2644,0.070733886,
0,blend_soft_crop_r16_l0_p2_0.50,2644,0.070814081,
0,soft_crop_r16_l0_p4,2644,0.072906051,
0,blend_soft_crop_r16_l0_p4_0.20,2644,0.070889398,
0,blend_soft_crop_r16_l0_p4_0.30,2644,0.070798623,
0,blend_soft_crop_r16_l0_p4_0.40,2644,0.070806883,
0,blend_soft_crop_r16_l0_p4_0.50,2644,0.070914144,
0,soft_crop_r16_l0.25_p1,2644,0.072198552,
0,blend_soft_crop_r16_l0.25_p1_0.20,2644,0.070854001,
0,blend_soft_crop_r16_l0.25_p1_0.30,2644,0.070724889,
0,blend_soft_crop_r16_l0.25_p1_0.40,2644,0.070681133,
0,blend_soft_crop_r16_l0.25_p1_0.50,2644,0.070722890,
0,soft_crop_r16_l0.25_p2,2644,0.072592420,
0,blend_soft_crop_r16_l0.25_p2_0.20,2644,0.070864492,
0,blend_soft_crop_r16_l0.25_p2_0.30,2644,0.070753798,
0,blend_soft_crop_r16_l0.25_p2_0.40,2644,0.070737229,
0,blend_soft_crop_r16_l0.25_p2_0.50,2644,0.070814851,
0,soft_crop_r16_l0.25_p4,2644,0.072900251,
0,blend_soft_crop_r16_l0.25_p4_0.20,2644,0.070893147,
0,blend_soft_crop_r16_l0.25_p4_0.30,2644,0.070803325,
0,blend_soft_crop_r16_l0.25_p4_0.40,2644,0.070811915,
0,blend_soft_crop_r16_l0.25_p4_0.50,2644,0.070918880,
0,soft_crop_r16_l1_p1,2644,0.072057038,
0,blend_soft_crop_r16_l1_p1_0.20,2644,0.070898974,
0,blend_soft_crop_r16_l1_p1_0.30,2644,0.070778611,
0,blend_soft_crop_r16_l1_p1_0.40,2644,0.070734318,
0,blend_soft_crop_r16_l1_p1_0.50,2644,0.070766239,
0,soft_crop_r16_l1_p2,2644,0.072421172,
0,blend_soft_crop_r16_l1_p2_0.20,2644,0.070883863,
0,blend_soft_crop_r16_l1_p2_0.30,2644,0.070772682,
0,blend_soft_crop_r16_l1_p2_0.40,2644,0.070748788,
0,blend_soft_crop_r16_l1_p2_0.50,2644,0.070812267,
0,soft_crop_r16_l1_p4,2644,0.072774929,
0,blend_soft_crop_r16_l1_p4_0.20,2644,0.070897313,
0,blend_soft_crop_r16_l1_p4_0.30,2644,0.070803967,
0,blend_soft_crop_r16_l1_p4_0.40,2644,0.070805282,
0,blend_soft_crop_r16_l1_p4_0.50,2644,0.070901253,
0,soft_all_r16_l0_p1,2644,0.072851705,
0,blend_soft_all_r16_l0_p1_0.20,2644,0.071041038,
0,blend_soft_all_r16_l0_p1_0.30,2644,0.070995746,
0,blend_soft_all_r16_l0_p1_0.40,2644,0.071028909,
0,blend_soft_all_r16_l0_p1_0.50,2644,0.071140418,
0,soft_all_r16_l0_p2,2644,0.073108665,
0,blend_soft_all_r16_l0_p2_0.20,2644,0.071057699,
0,blend_soft_all_r16_l0_p2_0.30,2644,0.071027528,
0,blend_soft_all_r16_l0_p2_0.40,2644,0.071080291,
0,blend_soft_all_r16_l0_p2_0.50,2644,0.071215803,
0,soft_all_r16_l0_p4,2644,0.073417467,
0,blend_soft_all_r16_l0_p4_0.20,2644,0.071069980,
0,blend_soft_all_r16_l0_p4_0.30,2644,0.071055595,
0,blend_soft_all_r16_l0_p4_0.40,2644,0.071130520,
0,blend_soft_all_r16_l0_p4_0.50,2644,0.071294474,
0,soft_all_r16_l0.25_p1,2644,0.072774137,
0,blend_soft_all_r16_l0.25_p1_0.20,2644,0.071043463,
0,blend_soft_all_r16_l0.25_p1_0.30,2644,0.070995947,
0,blend_soft_all_r16_l0.25_p1_0.40,2644,0.071024595,
0,blend_soft_all_r16_l0.25_p1_0.50,2644,0.071129314,
0,soft_all_r16_l0.25_p2,2644,0.073078913,
0,blend_soft_all_r16_l0.25_p2_0.20,2644,0.071057862,
0,blend_soft_all_r16_l0.25_p2_0.30,2644,0.071026594,
0,blend_soft_all_r16_l0.25_p2_0.40,2644,0.071077476,
0,blend_soft_all_r16_l0.25_p2_0.50,2644,0.071210331,
0,soft_all_r16_l0.25_p4,2644,0.073387015,
0,blend_soft_all_r16_l0.25_p4_0.20,2644,0.071070758,
0,blend_soft_all_r16_l0.25_p4_0.30,2644,0.071055436,
0,blend_soft_all_r16_l0.25_p4_0.40,2644,0.071128543,
0,blend_soft_all_r16_l0.25_p4_0.50,2644,0.071289806,
0,soft_all_r16_l1_p1,2644,0.072655780,
0,blend_soft_all_r16_l1_p1_0.20,2644,0.071049928,
0,blend_soft_all_r16_l1_p1_0.30,2644,0.070999893,
0,blend_soft_all_r16_l1_p1_0.40,2644,0.071022179,
0,blend_soft_all_r16_l1_p1_0.50,2644,0.071116717,
0,soft_all_r16_l1_p2,2644,0.072985364,
0,blend_soft_all_r16_l1_p2_0.20,2644,0.071056986,
0,blend_soft_all_r16_l1_p2_0.30,2644,0.071021837,
0,blend_soft_all_r16_l1_p2_0.40,2644,0.071066550,
0,blend_soft_all_r16_l1_p2_0.50,2644,0.071190975,
0,soft_all_r16_l1_p4,2644,0.073309804,
0,blend_soft_all_r16_l1_p4_0.20,2644,0.071070042,
0,blend_soft_all_r16_l1_p4_0.30,2644,0.071051507,
0,blend_soft_all_r16_l1_p4_0.40,2644,0.071119507,
0,blend_soft_all_r16_l1_p4_0.50,2644,0.071273794,
0,soft_crop_r32_l0_p1,2644,0.072033479,
0,blend_soft_crop_r32_l0_p1_0.20,2644,0.070799630,
0,blend_soft_crop_r32_l0_p1_0.30,2644,0.070647070,
0,blend_soft_crop_r32_l0_p1_0.40,2644,0.070582497,
0,blend_soft_crop_r32_l0_p1_0.50,2644,0.070606154,
0,soft_crop_r32_l0_p2,2644,0.072235637,
0,blend_soft_crop_r32_l0_p2_0.20,2644,0.070799332,
0,blend_soft_crop_r32_l0_p2_0.30,2644,0.070654418,
0,blend_soft_crop_r32_l0_p2_0.40,2644,0.070602706,
0,blend_soft_crop_r32_l0_p2_0.50,2644,0.070644401,
0,soft_crop_r32_l0_p4,2644,0.072475484,
0,blend_soft_crop_r32_l0_p4_0.20,2644,0.070797019,
0,blend_soft_crop_r32_l0_p4_0.30,2644,0.070660587,
0,blend_soft_crop_r32_l0_p4_0.40,2644,0.070623805,
0,blend_soft_crop_r32_l0_p4_0.50,2644,0.070686828,
0,soft_crop_r32_l0.25_p1,2644,0.071948546,
0,blend_soft_crop_r32_l0.25_p1_0.20,2644,0.070819041,
0,blend_soft_crop_r32_l0.25_p1_0.30,2644,0.070669356,
0,blend_soft_crop_r32_l0.25_p1_0.40,2644,0.070603041,
0,blend_soft_crop_r32_l0.25_p1_0.50,2644,0.070620331,
0,soft_crop_r32_l0.25_p2,2644,0.072209534,
0,blend_soft_crop_r32_l0.25_p2_0.20,2644,0.070802528,
0,blend_soft_crop_r32_l0.25_p2_0.30,2644,0.070657620,
0,blend_soft_crop_r32_l0.25_p2_0.40,2644,0.070604843,
0,blend_soft_crop_r32_l0.25_p2_0.50,2644,0.070644402,
0,soft_crop_r32_l0.25_p4,2644,0.072457618,
0,blend_soft_crop_r32_l0.25_p4_0.20,2644,0.070799209,
0,blend_soft_crop_r32_l0.25_p4_0.30,2644,0.070662779,
0,blend_soft_crop_r32_l0.25_p4_0.40,2644,0.070625264,
0,blend_soft_crop_r32_l0.25_p4_0.50,2644,0.070686820,
0,soft_crop_r32_l1_p1,2644,0.071881809,
0,blend_soft_crop_r32_l1_p1_0.20,2644,0.070862740,
0,blend_soft_crop_r32_l1_p1_0.30,2644,0.070724282,
0,blend_soft_crop_r32_l1_p1_0.40,2644,0.070661988,
0,blend_soft_crop_r32_l1_p1_0.50,2644,0.070676059,
0,soft_crop_r32_l1_p2,2644,0.072093582,
0,blend_soft_crop_r32_l1_p2_0.20,2644,0.070816873,
0,blend_soft_crop_r32_l1_p2_0.30,2644,0.070672047,
0,blend_soft_crop_r32_l1_p2_0.40,2644,0.070614573,
0,blend_soft_crop_r32_l1_p2_0.50,2644,0.070644663,
0,soft_crop_r32_l1_p4,2644,0.072344494,
0,blend_soft_crop_r32_l1_p4_0.20,2644,0.070800262,
0,blend_soft_crop_r32_l1_p4_0.30,2644,0.070659818,
0,blend_soft_crop_r32_l1_p4_0.40,2644,0.070615250,
0,blend_soft_crop_r32_l1_p4_0.50,2644,0.070666741,
0,soft_all_r32_l0_p1,2644,0.072786135,
0,blend_soft_all_r32_l0_p1_0.20,2644,0.071071206,
0,blend_soft_all_r32_l0_p1_0.30,2644,0.071032843,
0,blend_soft_all_r32_l0_p1_0.40,2644,0.071067446,
0,blend_soft_all_r32_l0_p1_0.50,2644,0.071174906,
0,soft_all_r32_l0_p2,2644,0.073084234,
0,blend_soft_all_r32_l0_p2_0.20,2644,0.071092042,
0,blend_soft_all_r32_l0_p2_0.30,2644,0.071071678,
0,blend_soft_all_r32_l0_p2_0.40,2644,0.071129274,
0,blend_soft_all_r32_l0_p2_0.50,2644,0.071264640,
0,soft_all_r32_l0_p4,2644,0.073515644,
0,blend_soft_all_r32_l0_p4_0.20,2644,0.071125855,
0,blend_soft_all_r32_l0_p4_0.30,2644,0.071132739,
0,blend_soft_all_r32_l0_p4_0.40,2644,0.071224372,
0,blend_soft_all_r32_l0_p4_0.50,2644,0.071400427,
0,soft_all_r32_l0.25_p1,2644,0.072737717,
0,blend_soft_all_r32_l0.25_p1_0.20,2644,0.071071672,
0,blend_soft_all_r32_l0.25_p1_0.30,2644,0.071031596,
0,blend_soft_all_r32_l0.25_p1_0.40,2644,0.071063188,
0,blend_soft_all_r32_l0.25_p1_0.50,2644,0.071166353,
0,soft_all_r32_l0.25_p2,2644,0.073059278,
0,blend_soft_all_r32_l0.25_p2_0.20,2644,0.071090246,
0,blend_soft_all_r32_l0.25_p2_0.30,2644,0.071068357,
0,blend_soft_all_r32_l0.25_p2_0.40,2644,0.071124016,
0,blend_soft_all_r32_l0.25_p2_0.50,2644,0.071257041,
0,soft_all_r32_l0.25_p4,2644,0.073490207,
0,blend_soft_all_r32_l0.25_p4_0.20,2644,0.071123496,
0,blend_soft_all_r32_l0.25_p4_0.30,2644,0.071128657,
0,blend_soft_all_r32_l0.25_p4_0.40,2644,0.071218213,
0,blend_soft_all_r32_l0.25_p4_0.50,2644,0.071391845,
0,soft_all_r32_l1_p1,2644,0.072663168,
0,blend_soft_all_r32_l1_p1_0.20,2644,0.071073844,
0,blend_soft_all_r32_l1_p1_0.30,2644,0.071031587,
0,blend_soft_all_r32_l1_p1_0.40,2644,0.071058820,
0,blend_soft_all_r32_l1_p1_0.50,2644,0.071155462,
0,soft_all_r32_l1_p2,2644,0.072983560,
0,blend_soft_all_r32_l1_p2_0.20,2644,0.071085130,
0,blend_soft_all_r32_l1_p2_0.30,2644,0.071058723,
0,blend_soft_all_r32_l1_p2_0.40,2644,0.071108571,
0,blend_soft_all_r32_l1_p2_0.50,2644,0.071234516,
0,soft_all_r32_l1_p4,2644,0.073424298,
0,blend_soft_all_r32_l1_p4_0.20,2644,0.071117219,
0,blend_soft_all_r32_l1_p4_0.30,2644,0.071117866,
0,blend_soft_all_r32_l1_p4_0.40,2644,0.071202010,
0,blend_soft_all_r32_l1_p4_0.50,2644,0.071369355,
0,baseline,2644,0.071366130,all
0,baseline,1888,0.078062511,history
0,baseline,756,0.050933231,2025
0,baseline,2267,0.074696259,new
0,baseline,377,0.046564296,shared
0,baseline,1741,0.069332949,near
0,baseline,420,0.071707824,mid
0,baseline,483,0.077985619,far_or_none
0,baseline,1156,0.063485150,source_s2
0,baseline,1035,0.081564113,source_landsat
0,baseline,453,0.065129704,source_modis
0,blend_post_mode_0.40,2644,0.071240220,all
0,blend_post_mode_0.40,1888,0.077591816,history
0,blend_post_mode_0.40,756,0.052099594,2025
0,blend_post_mode_0.40,2267,0.074432893,new
0,blend_post_mode_0.40,377,0.047733435,shared
0,blend_post_mode_0.40,1741,0.069355759,near
0,blend_post_mode_0.40,420,0.070941031,mid
0,blend_post_mode_0.40,483,0.077892092,far_or_none
0,blend_post_mode_0.40,1156,0.063233005,source_s2
0,blend_post_mode_0.40,1035,0.081968247,source_landsat
0,blend_post_mode_0.40,453,0.063777866,source_modis
0,blend_crop_hier_n1_p67_0.40,2644,0.070446858,all
0,blend_crop_hier_n1_p67_0.40,1888,0.077319686,history
0,blend_crop_hier_n1_p67_0.40,756,0.049259632,2025
0,blend_crop_hier_n1_p67_0.40,2267,0.073761717,new
0,blend_crop_hier_n1_p67_0.40,377,0.045697187,shared
0,blend_crop_hier_n1_p67_0.40,1741,0.068080605,near
0,blend_crop_hier_n1_p67_0.40,420,0.071258558,mid
0,blend_crop_hier_n1_p67_0.40,483,0.077744974,far_or_none
0,blend_crop_hier_n1_p67_0.40,1156,0.062679207,source_s2
0,blend_crop_hier_n1_p67_0.40,1035,0.080539996,source_landsat
0,blend_crop_hier_n1_p67_0.40,453,0.064185406,source_modis
0,blend_soft_all_r1_l0_p4_0.40,2644,0.070532212,all
0,blend_soft_all_r1_l0_p4_0.40,1888,0.077312459,history
0,blend_soft_all_r1_l0_p4_0.40,756,0.049713038,2025
0,blend_soft_all_r1_l0_p4_0.40,2267,0.073785415,new
0,blend_soft_all_r1_l0_p4_0.40,377,0.046385327,shared
0,blend_soft_all_r1_l0_p4_0.40,1741,0.068327384,near
0,blend_soft_all_r1_l0_p4_0.40,420,0.070901141,mid
0,blend_soft_all_r1_l0_p4_0.40,483,0.077672360,far_or_none
0,blend_soft_all_r1_l0_p4_0.40,1156,0.062637576,source_s2
0,blend_soft_all_r1_l0_p4_0.40,1035,0.080853520,source_landsat
0,blend_soft_all_r1_l0_p4_0.40,453,0.063935137,source_modis
0,blend_soft_crop_r1_l0_p4_0.40,2644,0.070524573,all
0,blend_soft_crop_r1_l0_p4_0.40,1888,0.077312459,history
0,blend_soft_crop_r1_l0_p4_0.40,756,0.049675125,2025
0,blend_soft_crop_r1_l0_p4_0.40,2267,0.073776250,new
0,blend_soft_crop_r1_l0_p4_0.40,377,0.046391538,shared
0,blend_soft_crop_r1_l0_p4_0.40,1741,0.068315410,near
0,blend_soft_crop_r1_l0_p4_0.40,420,0.070901141,mid
0,blend_soft_crop_r1_l0_p4_0.40,483,0.077672360,far_or_none
0,blend_soft_crop_r1_l0_p4_0.40,1156,0.062623347,source_s2
0,blend_soft_crop_r1_l0_p4_0.40,1035,0.080845259,source_landsat
0,blend_soft_crop_r1_l0_p4_0.40,453,0.063945393,source_modis
0,blend_soft_all_r2_l0_p4_0.40,2644,0.070406200,all
0,blend_soft_all_r2_l0_p4_0.40,1888,0.077234411,history
0,blend_soft_all_r2_l0_p4_0.40,756,0.049390251,2025
0,blend_soft_all_r2_l0_p4_0.40,2267,0.073736772,new
0,blend_soft_all_r2_l0_p4_0.40,377,0.045499389,shared
0,blend_soft_all_r2_l0_p4_0.40,1741,0.068129890,near
0,blend_soft_all_r2_l0_p4_0.40,420,0.070900504,mid
0,blend_soft_all_r2_l0_p4_0.40,483,0.077672360,far_or_none
0,blend_soft_all_r2_l0_p4_0.40,1156,0.062560271,source_s2
0,blend_soft_all_r2_l0_p4_0.40,1035,0.080606359,source_landsat
0,blend_soft_all_r2_l0_p4_0.40,453,0.064030612,source_modis
0,blend_soft_all_r32_l0_p4_0.40,2644,0.071224372,all
0,blend_soft_all_r32_l0_p4_0.40,1888,0.077627282,history
0,blend_soft_all_r32_l0_p4_0.40,756,0.051891457,2025
0,blend_soft_all_r32_l0_p4_0.40,2267,0.074459272,new
0,blend_soft_all_r32_l0_p4_0.40,377,0.047318378,shared
0,blend_soft_all_r32_l0_p4_0.40,1741,0.069454197,near
0,blend_soft_all_r32_l0_p4_0.40,420,0.071177043,mid
0,blend_soft_all_r32_l0_p4_0.40,483,0.077307169,far_or_none
0,blend_soft_all_r32_l0_p4_0.40,1156,0.063555279,source_s2
0,blend_soft_all_r32_l0_p4_0.40,1035,0.081519484,source_landsat
0,blend_soft_all_r32_l0_p4_0.40,453,0.064170041,source_modis
1,baseline,2644,0.064467955,
1,post_mode,2644,0.067482921,
1,blend_post_mode_0.20,2644,0.064231076,
1,blend_post_mode_0.30,2644,0.064273033,
1,blend_post_mode_0.40,2644,0.064421819,
1,blend_post_mode_0.50,2644,0.064676698,
1,crop_hier_n1_p00,2644,0.064730822,
1,blend_crop_hier_n1_p00_0.20,2644,0.063511794,
1,blend_crop_hier_n1_p00_0.30,2644,0.063220100,
1,blend_crop_hier_n1_p00_0.40,2644,0.063055210,
1,blend_crop_hier_n1_p00_0.50,2644,0.063018117,
1,crop_hier_n1_p67,2644,0.064840440,
1,blend_crop_hier_n1_p67_0.20,2644,0.063538496,
1,blend_crop_hier_n1_p67_0.30,2644,0.063259517,
1,blend_crop_hier_n1_p67_0.40,2644,0.063106804,
1,blend_crop_hier_n1_p67_0.50,2644,0.063081274,
1,crop_hier_n1_p80,2644,0.064814636,
1,blend_crop_hier_n1_p80_0.20,2644,0.063535034,
1,blend_crop_hier_n1_p80_0.30,2644,0.063253961,
1,blend_crop_hier_n1_p80_0.40,2644,0.063098924,
1,blend_crop_hier_n1_p80_0.50,2644,0.063070852,
1,crop_hier_n2_p00,2644,0.066122525,
1,blend_crop_hier_n2_p00_0.20,2644,0.063801868,
1,blend_crop_hier_n2_p00_0.30,2644,0.063655960,
1,blend_crop_hier_n2_p00_0.40,2644,0.063636200,
1,blend_crop_hier_n2_p00_0.50,2644,0.063742703,
1,crop_hier_n2_p67,2644,0.066119406,
1,blend_crop_hier_n2_p67_0.20,2644,0.063867633,
1,blend_crop_hier_n2_p67_0.30,2644,0.063742340,
1,blend_crop_hier_n2_p67_0.40,2644,0.063734756,
1,blend_crop_hier_n2_p67_0.50,2644,0.063844922,
1,crop_hier_n2_p80,2644,0.066238997,
1,blend_crop_hier_n2_p80_0.20,2644,0.063903979,
1,blend_crop_hier_n2_p80_0.30,2644,0.063794786,
1,blend_crop_hier_n2_p80_0.40,2644,0.063801786,
1,blend_crop_hier_n2_p80_0.50,2644,0.063924941,
1,crop_hier_n3_p00,2644,0.066702123,
1,blend_crop_hier_n3_p00_0.20,2644,0.063966014,
1,blend_crop_hier_n3_p00_0.30,2644,0.063894404,
1,blend_crop_hier_n3_p00_0.40,2644,0.063943126,
1,blend_crop_hier_n3_p00_0.50,2644,0.064111907,
1,crop_hier_n3_p67,2644,0.066445527,
1,blend_crop_hier_n3_p67_0.20,2644,0.063954030,
1,blend_crop_hier_n3_p67_0.30,2644,0.063868627,
1,blend_crop_hier_n3_p67_0.40,2644,0.063898414,
1,blend_crop_hier_n3_p67_0.50,2644,0.064043230,
1,crop_hier_n3_p80,2644,0.066631959,
1,blend_crop_hier_n3_p80_0.20,2644,0.064004056,
1,blend_crop_hier_n3_p80_0.30,2644,0.063941642,
1,blend_crop_hier_n3_p80_0.40,2644,0.063992892,
1,blend_crop_hier_n3_p80_0.50,2644,0.064157534,
1,soft_crop_r1_l0_p1,2644,0.064587986,
1,blend_soft_crop_r1_l0_p1_0.20,2644,0.063651049,
1,blend_soft_crop_r1_l0_p1_0.30,2644,0.063398189,
1,blend_soft_crop_r1_l0_p1_0.40,2644,0.063250885,
1,blend_soft_crop_r1_l0_p1_0.50,2644,0.063209877,
1,soft_crop_r1_l0_p2,2644,0.064694922,
1,blend_soft_crop_r1_l0_p2_0.20,2644,0.063634586,
1,blend_soft_crop_r1_l0_p2_0.30,2644,0.063380583,
1,blend_soft_crop_r1_l0_p2_0.40,2644,0.063236965,
1,blend_soft_crop_r1_l0_p2_0.50,2644,0.063204482,
1,soft_crop_r1_l0_p4,2644,0.064943481,
1,blend_soft_crop_r1_l0_p4_0.20,2644,0.063647325,
1,blend_soft_crop_r1_l0_p4_0.30,2644,0.063406899,
1,blend_soft_crop_r1_l0_p4_0.40,2644,0.063281657,
1,blend_soft_crop_r1_l0_p4_0.50,2644,0.063272283,
1,soft_crop_r1_l0.25_p1,2644,0.064581892,
1,blend_soft_crop_r1_l0.25_p1_0.20,2644,0.063744417,
1,blend_soft_crop_r1_l0.25_p1_0.30,2644,0.063520961,
1,blend_soft_crop_r1_l0.25_p1_0.40,2644,0.063391149,
1,blend_soft_crop_r1_l0.25_p1_0.50,2644,0.063355556,
1,soft_crop_r1_l0.25_p2,2644,0.064687293,
1,blend_soft_crop_r1_l0.25_p2_0.20,2644,0.063647958,
1,blend_soft_crop_r1_l0.25_p2_0.30,2644,0.063397912,
1,blend_soft_crop_r1_l0.25_p2_0.40,2644,0.063256368,
1,blend_soft_crop_r1_l0.25_p2_0.50,2644,0.063224053,
1,soft_crop_r1_l0.25_p4,2644,0.064944471,
1,blend_soft_crop_r1_l0.25_p4_0.20,2644,0.063647934,
1,blend_soft_crop_r1_l0.25_p4_0.30,2644,0.063407740,
1,blend_soft_crop_r1_l0.25_p4_0.40,2644,0.063282678,
1,blend_soft_crop_r1_l0.25_p4_0.50,2644,0.063273431,
1,soft_crop_r1_l1_p1,2644,0.064834517,
1,blend_soft_crop_r1_l1_p1_0.20,2644,0.063899208,
1,blend_soft_crop_r1_l1_p1_0.30,2644,0.063734379,
1,blend_soft_crop_r1_l1_p1_0.40,2644,0.063650171,
1,blend_soft_crop_r1_l1_p1_0.50,2644,0.063646905,
1,soft_crop_r1_l1_p2,2644,0.064761136,
1,blend_soft_crop_r1_l1_p2_0.20,2644,0.063757211,
1,blend_soft_crop_r1_l1_p2_0.30,2644,0.063544654,
1,blend_soft_crop_r1_l1_p2_0.40,2644,0.063428725,
1,blend_soft_crop_r1_l1_p2_0.50,2644,0.063409955,
1,soft_crop_r1_l1_p4,2644,0.064954971,
1,blend_soft_crop_r1_l1_p4_0.20,2644,0.063698506,
1,blend_soft_crop_r1_l1_p4_0.30,2644,0.063474762,
1,blend_soft_crop_r1_l1_p4_0.40,2644,0.063360035,
1,blend_soft_crop_r1_l1_p4_0.50,2644,0.063354918,
1,soft_all_r1_l0_p1,2644,0.064667984,
1,blend_soft_all_r1_l0_p1_0.20,2644,0.063664204,
1,blend_soft_all_r1_l0_p1_0.30,2644,0.063418580,
1,blend_soft_all_r1_l0_p1_0.40,2644,0.063278912,
1,blend_soft_all_r1_l0_p1_0.50,2644,0.063245903,
1,soft_all_r1_l0_p2,2644,0.064772666,
1,blend_soft_all_r1_l0_p2_0.20,2644,0.063647871,
1,blend_soft_all_r1_l0_p2_0.30,2644,0.063401066,
1,blend_soft_all_r1_l0_p2_0.40,2644,0.063264971,
1,blend_soft_all_r1_l0_p2_0.50,2644,0.063240302,
1,soft_all_r1_l0_p4,2644,0.065009089,
1,blend_soft_all_r1_l0_p4_0.20,2644,0.063659550,
1,blend_soft_all_r1_l0_p4_0.30,2644,0.063425525,
1,blend_soft_all_r1_l0_p4_0.40,2644,0.063306834,
1,blend_soft_all_r1_l0_p4_0.50,2644,0.063304124,
1,soft_all_r1_l0.25_p1,2644,0.064643371,
1,blend_soft_all_r1_l0.25_p1_0.20,2644,0.063753861,
1,blend_soft_all_r1_l0.25_p1_0.30,2644,0.063535744,
1,blend_soft_all_r1_l0.25_p1_0.40,2644,0.063411657,
1,blend_soft_all_r1_l0.25_p1_0.50,2644,0.063382153,
1,soft_all_r1_l0.25_p2,2644,0.064763320,
1,blend_soft_all_r1_l0.25_p2_0.20,2644,0.063660831,
1,blend_soft_all_r1_l0.25_p2_0.30,2644,0.063417785,
1,blend_soft_all_r1_l0.25_p2_0.40,2644,0.063283573,
1,blend_soft_all_r1_l0.25_p2_0.50,2644,0.063258889,
1,soft_all_r1_l0.25_p4,2644,0.065010482,
1,blend_soft_all_r1_l0.25_p4_0.20,2644,0.063660495,
1,blend_soft_all_r1_l0.25_p4_0.30,2644,0.063426824,
1,blend_soft_all_r1_l0.25_p4_0.40,2644,0.063308403,
1,blend_soft_all_r1_l0.25_p4_0.50,2644,0.063305878,
1,soft_all_r1_l1_p1,2644,0.064865732,
1,blend_soft_all_r1_l1_p1_0.20,2644,0.063903609,
1,blend_soft_all_r1_l1_p1_0.30,2644,0.063741361,
1,blend_soft_all_r1_l1_p1_0.40,2644,0.063659978,
1,blend_soft_all_r1_l1_p1_0.50,2644,0.063659771,
1,soft_all_r1_l1_p2,2644,0.064821217,
1,blend_soft_all_r1_l1_p2_0.20,2644,0.063766148,
1,blend_soft_all_r1_l1_p2_0.30,2644,0.063558719,
1,blend_soft_all_r1_l1_p2_0.40,2644,0.063448334,
1,blend_soft_all_r1_l1_p2_0.50,2644,0.063435501,
1,soft_all_r1_l1_p4,2644,0.065020608,
1,blend_soft_all_r1_l1_p4_0.20,2644,0.063710225,
1,blend_soft_all_r1_l1_p4_0.30,2644,0.063492716,
1,blend_soft_all_r1_l1_p4_0.40,2644,0.063384436,
1,blend_soft_all_r1_l1_p4_0.50,2644,0.063385946,
1,soft_crop_r2_l0_p1,2644,0.064524533,
1,blend_soft_crop_r2_l0_p1_0.20,2644,0.063619174,
1,blend_soft_crop_r2_l0_p1_0.30,2644,0.063353758,
1,blend_soft_crop_r2_l0_p1_0.40,2644,0.063196283,
1,blend_soft_crop_r2_l0_p1_0.50,2644,0.063147557,
1,soft_crop_r2_l0_p2,2644,0.064568776,
1,blend_soft_crop_r2_l0_p2_0.20,2644,0.063592457,
1,blend_soft_crop_r2_l0_p2_0.30,2644,0.063320234,
1,blend_soft_crop_r2_l0_p2_0.40,2644,0.063160456,
1,blend_soft_crop_r2_l0_p2_0.50,2644,0.063113978,
1,soft_crop_r2_l0_p4,2644,0.064763710,
1,blend_soft_crop_r2_l0_p4_0.20,2644,0.063597922,
1,blend_soft_crop_r2_l0_p4_0.30,2644,0.063334901,
1,blend_soft_crop_r2_l0_p4_0.40,2644,0.063188662,
1,blend_soft_crop_r2_l0_p4_0.50,2644,0.063160015,
1,soft_crop_r2_l0.25_p1,2644,0.064506111,
1,blend_soft_crop_r2_l0.25_p1_0.20,2644,0.063706354,
1,blend_soft_crop_r2_l0.25_p1_0.30,2644,0.063467934,
1,blend_soft_crop_r2_l0.25_p1_0.40,2644,0.063326005,
1,blend_soft_crop_r2_l0.25_p1_0.50,2644,0.063281217,
1,soft_crop_r2_l0.25_p2,2644,0.064562377,
1,blend_soft_crop_r2_l0.25_p2_0.20,2644,0.063606161,
1,blend_soft_crop_r2_l0.25_p2_0.30,2644,0.063338052,
1,blend_soft_crop_r2_l0.25_p2_0.40,2644,0.063180497,
1,blend_soft_crop_r2_l0.25_p2_0.50,2644,0.063134324,
1,soft_crop_r2_l0.25_p4,2644,0.064774617,
1,blend_soft_crop_r2_l0.25_p4_0.20,2644,0.063601873,
1,blend_soft_crop_r2_l0.25_p4_0.30,2644,0.063340527,
1,blend_soft_crop_r2_l0.25_p4_0.40,2644,0.063195744,
1,blend_soft_crop_r2_l0.25_p4_0.50,2644,0.063168328,
1,soft_crop_r2_l1_p1,2644,0.064722452,
1,blend_soft_crop_r2_l1_p1_0.20,2644,0.063856073,
1,blend_soft_crop_r2_l1_p1_0.30,2644,0.063673336,
1,blend_soft_crop_r2_l1_p1_0.40,2644,0.063573786,
1,blend_soft_crop_r2_l1_p1_0.50,2644,0.063557814,
1,soft_crop_r2_l1_p2,2644,0.064611811,
1,blend_soft_crop_r2_l1_p2_0.20,2644,0.063707422,
1,blend_soft_crop_r2_l1_p2_0.30,2644,0.063473372,
1,blend_soft_crop_r2_l1_p2_0.40,2644,0.063338391,
1,blend_soft_crop_r2_l1_p2_0.50,2644,0.063303111,
1,soft_crop_r2_l1_p4,2644,0.064786509,
1,blend_soft_crop_r2_l1_p4_0.20,2644,0.063649218,
1,blend_soft_crop_r2_l1_p4_0.30,2644,0.063403372,
1,blend_soft_crop_r2_l1_p4_0.40,2644,0.063268422,
1,blend_soft_crop_r2_l1_p4_0.50,2644,0.063245080,
1,soft_all_r2_l0_p1,2644,0.064510336,
1,blend_soft_all_r2_l0_p1_0.20,2644,0.063633429,
1,blend_soft_all_r2_l0_p1_0.30,2644,0.063372003,
1,blend_soft_all_r2_l0_p1_0.40,2644,0.063216358,
1,blend_soft_all_r2_l0_p1_0.50,2644,0.063167276,
1,soft_all_r2_l0_p2,2644,0.064556811,
1,blend_soft_all_r2_l0_p2_0.20,2644,0.063606696,
1,blend_soft_all_r2_l0_p2_0.30,2644,0.063338544,
1,blend_soft_all_r2_l0_p2_0.40,2644,0.063180736,
1,blend_soft_all_r2_l0_p2_0.50,2644,0.063134099,
1,soft_all_r2_l0_p4,2644,0.064754801,
1,blend_soft_all_r2_l0_p4_0.20,2644,0.063611497,
1,blend_soft_all_r2_l0_p4_0.30,2644,0.063352450,
1,blend_soft_all_r2_l0_p4_0.40,2644,0.063208242,
1,blend_soft_all_r2_l0_p4_0.50,2644,0.063179659,
1,soft_all_r2_l0.25_p1,2644,0.064518372,
1,blend_soft_all_r2_l0.25_p1_0.20,2644,0.063718746,
1,blend_soft_all_r2_l0.25_p1_0.30,2644,0.063484726,
1,blend_soft_all_r2_l0.25_p1_0.40,2644,0.063345952,
1,blend_soft_all_r2_l0.25_p1_0.50,2644,0.063303050,
1,soft_all_r2_l0.25_p2,2644,0.064555681,
1,blend_soft_all_r2_l0.25_p2_0.20,2644,0.063620396,
1,blend_soft_all_r2_l0.25_p2_0.30,2644,0.063356559,
1,blend_soft_all_r2_l0.25_p2_0.40,2644,0.063201309,
1,blend_soft_all_r2_l0.25_p2_0.50,2644,0.063155449,
1,soft_all_r2_l0.25_p4,2644,0.064766488,
1,blend_soft_all_r2_l0.25_p4_0.20,2644,0.063615903,
1,blend_soft_all_r2_l0.25_p4_0.30,2644,0.063358704,
1,blend_soft_all_r2_l0.25_p4_0.40,2644,0.063216090,
1,blend_soft_all_r2_l0.25_p4_0.50,2644,0.063188836,
1,soft_all_r2_l1_p1,2644,0.064749229,
1,blend_soft_all_r2_l1_p1_0.20,2644,0.063864513,
1,blend_soft_all_r2_l1_p1_0.30,2644,0.063685466,
1,blend_soft_all_r2_l1_p1_0.40,2644,0.063589228,
1,blend_soft_all_r2_l1_p1_0.50,2644,0.063576175,
1,soft_all_r2_l1_p2,2644,0.064642693,
1,blend_soft_all_r2_l1_p2_0.20,2644,0.063721113,
1,blend_soft_all_r2_l1_p2_0.30,2644,0.063492586,
1,blend_soft_all_r2_l1_p2_0.40,2644,0.063362196,
1,blend_soft_all_r2_l1_p2_0.50,2644,0.063330548,
1,soft_all_r2_l1_p4,2644,0.064815554,
1,blend_soft_all_r2_l1_p4_0.20,2644,0.063666321,
1,blend_soft_all_r2_l1_p4_0.30,2644,0.063427018,
1,blend_soft_all_r2_l1_p4_0.40,2644,0.063297202,
1,blend_soft_all_r2_l1_p4_0.50,2644,0.063277549,
1,soft_crop_r4_l0_p1,2644,0.064819012,
1,blend_soft_crop_r4_l0_p1_0.20,2644,0.063677740,
1,blend_soft_crop_r4_l0_p1_0.30,2644,0.063442194,
1,blend_soft_crop_r4_l0_p1_0.40,2644,0.063314784,
1,blend_soft_crop_r4_l0_p1_0.50,2644,0.063296164,
1,soft_crop_r4_l0_p2,2644,0.064933110,
1,blend_soft_crop_r4_l0_p2_0.20,2644,0.063667930,
1,blend_soft_crop_r4_l0_p2_0.30,2644,0.063433647,
1,blend_soft_crop_r4_l0_p2_0.40,2644,0.063311678,
1,blend_soft_crop_r4_l0_p2_0.50,2644,0.063302673,
1,soft_crop_r4_l0_p4,2644,0.065161172,
1,blend_soft_crop_r4_l0_p4_0.20,2644,0.063679504,
1,blend_soft_crop_r4_l0_p4_0.30,2644,0.063457661,
1,blend_soft_crop_r4_l0_p4_0.40,2644,0.063352556,
1,blend_soft_crop_r4_l0_p4_0.50,2644,0.063364772,
1,soft_crop_r4_l0.25_p1,2644,0.064785670,
1,blend_soft_crop_r4_l0.25_p1_0.20,2644,0.063748783,
1,blend_soft_crop_r4_l0.25_p1_0.30,2644,0.063534492,
1,blend_soft_crop_r4_l0.25_p1_0.40,2644,0.063418522,
1,blend_soft_crop_r4_l0.25_p1_0.50,2644,0.063401412,
1,soft_crop_r4_l0.25_p2,2644,0.064920139,
1,blend_soft_crop_r4_l0.25_p2_0.20,2644,0.063678718,
1,blend_soft_crop_r4_l0.25_p2_0.30,2644,0.063447360,
1,blend_soft_crop_r4_l0.25_p2_0.40,2644,0.063326619,
1,blend_soft_crop_r4_l0.25_p2_0.50,2644,0.063317130,
1,soft_crop_r4_l0.25_p4,2644,0.065153776,
1,blend_soft_crop_r4_l0.25_p4_0.20,2644,0.063681134,
1,blend_soft_crop_r4_l0.25_p4_0.30,2644,0.063459522,
1,blend_soft_crop_r4_l0.25_p4_0.40,2644,0.063354253,
1,blend_soft_crop_r4_l0.25_p4_0.50,2644,0.063365905,
1,soft_crop_r4_l1_p1,2644,0.064918576,
1,blend_soft_crop_r4_l1_p1_0.20,2644,0.063873446,
1,blend_soft_crop_r4_l1_p1_0.30,2644,0.063703687,
1,blend_soft_crop_r4_l1_p1_0.40,2644,0.063619945,
1,blend_soft_crop_r4_l1_p1_0.50,2644,0.063622561,
1,soft_crop_r4_l1_p2,2644,0.064950624,
1,blend_soft_crop_r4_l1_p2_0.20,2644,0.063761550,
1,blend_soft_crop_r4_l1_p2_0.30,2644,0.063557618,
1,blend_soft_crop_r4_l1_p2_0.40,2644,0.063454636,
1,blend_soft_crop_r4_l1_p2_0.50,2644,0.063453095,
1,soft_crop_r4_l1_p4,2644,0.065172269,
1,blend_soft_crop_r4_l1_p4_0.20,2644,0.063724619,
1,blend_soft_crop_r4_l1_p4_0.30,2644,0.063517501,
1,blend_soft_crop_r4_l1_p4_0.40,2644,0.063421705,
1,blend_soft_crop_r4_l1_p4_0.50,2644,0.063437737,
1,soft_all_r4_l0_p1,2644,0.065067932,
1,blend_soft_all_r4_l0_p1_0.20,2644,0.063741802,
1,blend_soft_all_r4_l0_p1_0.30,2644,0.063536116,
1,blend_soft_all_r4_l0_p1_0.40,2644,0.063436891,
1,blend_soft_all_r4_l0_p1_0.50,2644,0.063444628,
1,soft_all_r4_l0_p2,2644,0.065176403,
1,blend_soft_all_r4_l0_p2_0.20,2644,0.063726077,
1,blend_soft_all_r4_l0_p2_0.30,2644,0.063519580,
1,blend_soft_all_r4_l0_p2_0.40,2644,0.063424328,
1,blend_soft_all_r4_l0_p2_0.50,2644,0.063440822,
1,soft_all_r4_l0_p4,2644,0.065409265,
1,blend_soft_all_r4_l0_p4_0.20,2644,0.063737219,
1,blend_soft_all_r4_l0_p4_0.30,2644,0.063543224,
1,blend_soft_all_r4_l0_p4_0.40,2644,0.063465080,
1,blend_soft_all_r4_l0_p4_0.50,2644,0.063503216,
1,soft_all_r4_l0.25_p1,2644,0.065009041,
1,blend_soft_all_r4_l0.25_p1_0.20,2644,0.063803739,
1,blend_soft_all_r4_l0.25_p1_0.30,2644,0.063615401,
1,blend_soft_all_r4_l0.25_p1_0.40,2644,0.063524191,
1,blend_soft_all_r4_l0.25_p1_0.50,2644,0.063530528,
1,soft_all_r4_l0.25_p2,2644,0.065153001,
1,blend_soft_all_r4_l0.25_p2_0.20,2644,0.063735397,
1,blend_soft_all_r4_l0.25_p2_0.30,2644,0.063530951,
1,blend_soft_all_r4_l0.25_p2_0.40,2644,0.063435969,
1,blend_soft_all_r4_l0.25_p2_0.50,2644,0.063450942,
1,soft_all_r4_l0.25_p4,2644,0.065390421,
1,blend_soft_all_r4_l0.25_p4_0.20,2644,0.063737324,
1,blend_soft_all_r4_l0.25_p4_0.30,2644,0.063542635,
1,blend_soft_all_r4_l0.25_p4_0.40,2644,0.063463297,
1,blend_soft_all_r4_l0.25_p4_0.50,2644,0.063499742,
1,soft_all_r4_l1_p1,2644,0.065088760,
1,blend_soft_all_r4_l1_p1_0.20,2644,0.063911583,
1,blend_soft_all_r4_l1_p1_0.30,2644,0.063760378,
1,blend_soft_all_r4_l1_p1_0.40,2644,0.063694741,
1,blend_soft_all_r4_l1_p1_0.50,2644,0.063714939,
1,soft_all_r4_l1_p2,2644,0.065148184,
1,blend_soft_all_r4_l1_p2_0.20,2644,0.063810034,
1,blend_soft_all_r4_l1_p2_0.30,2644,0.063629025,
1,blend_soft_all_r4_l1_p2_0.40,2644,0.063547926,
1,blend_soft_all_r4_l1_p2_0.50,2644,0.063567121,
1,soft_all_r4_l1_p4,2644,0.065389676,
1,blend_soft_all_r4_l1_p4_0.20,2644,0.063776954,
1,blend_soft_all_r4_l1_p4_0.30,2644,0.063594774,
1,blend_soft_all_r4_l1_p4_0.40,2644,0.063522912,
1,blend_soft_all_r4_l1_p4_0.50,2644,0.063561740,
1,soft_crop_r8_l0_p1,2644,0.064692245,
1,blend_soft_crop_r8_l0_p1_0.20,2644,0.063654516,
1,blend_soft_crop_r8_l0_p1_0.30,2644,0.063406743,
1,blend_soft_crop_r8_l0_p1_0.40,2644,0.063266772,
1,blend_soft_crop_r8_l0_p1_0.50,2644,0.063235319,
1,soft_crop_r8_l0_p2,2644,0.064791247,
1,blend_soft_crop_r8_l0_p2_0.20,2644,0.063641569,
1,blend_soft_crop_r8_l0_p2_0.30,2644,0.063393475,
1,blend_soft_crop_r8_l0_p2_0.40,2644,0.063257364,
1,blend_soft_crop_r8_l0_p2_0.50,2644,0.063233962,
1,soft_crop_r8_l0_p4,2644,0.064974155,
1,blend_soft_crop_r8_l0_p4_0.20,2644,0.063646792,
1,blend_soft_crop_r8_l0_p4_0.30,2644,0.063407376,
1,blend_soft_crop_r8_l0_p4_0.40,2644,0.063284003,
1,blend_soft_crop_r8_l0_p4_0.50,2644,0.063277351,
1,soft_crop_r8_l0.25_p1,2644,0.064659355,
1,blend_soft_crop_r8_l0.25_p1_0.20,2644,0.063727513,
1,blend_soft_crop_r8_l0.25_p1_0.30,2644,0.063501652,
1,blend_soft_crop_r8_l0.25_p1_0.40,2644,0.063373550,
1,blend_soft_crop_r8_l0.25_p1_0.50,2644,0.063343798,
1,soft_crop_r8_l0.25_p2,2644,0.064783778,
1,blend_soft_crop_r8_l0.25_p2_0.20,2644,0.063653583,
1,blend_soft_crop_r8_l0.25_p2_0.30,2644,0.063409018,
1,blend_soft_crop_r8_l0.25_p2_0.40,2644,0.063274729,
1,blend_soft_crop_r8_l0.25_p2_0.50,2644,0.063251418,
1,soft_crop_r8_l0.25_p4,2644,0.064979135,
1,blend_soft_crop_r8_l0.25_p4_0.20,2644,0.063650179,
1,blend_soft_crop_r8_l0.25_p4_0.30,2644,0.063412029,
1,blend_soft_crop_r8_l0.25_p4_0.40,2644,0.063289623,
1,blend_soft_crop_r8_l0.25_p4_0.50,2644,0.063283632,
1,soft_crop_r8_l1_p1,2644,0.064813760,
1,blend_soft_crop_r8_l1_p1_0.20,2644,0.063855951,
1,blend_soft_crop_r8_l1_p1_0.30,2644,0.063676658,
1,blend_soft_crop_r8_l1_p1_0.40,2644,0.063582904,
1,blend_soft_crop_r8_l1_p1_0.50,2644,0.063575066,
1,soft_crop_r8_l1_p2,2644,0.064833491,
1,blend_soft_crop_r8_l1_p2_0.20,2644,0.063742173,
1,blend_soft_crop_r8_l1_p2_0.30,2644,0.063527617,
1,blend_soft_crop_r8_l1_p2_0.40,2644,0.063413443,
1,blend_soft_crop_r8_l1_p2_0.50,2644,0.063400194,
1,soft_crop_r8_l1_p4,2644,0.065013362,
1,blend_soft_crop_r8_l1_p4_0.20,2644,0.063696859,
1,blend_soft_crop_r8_l1_p4_0.30,2644,0.063474834,
1,blend_soft_crop_r8_l1_p4_0.40,2644,0.063363540,
1,blend_soft_crop_r8_l1_p4_0.50,2644,0.063363560,
1,soft_all_r8_l0_p1,2644,0.065780306,
1,blend_soft_all_r8_l0_p1_0.20,2644,0.063947300,
1,blend_soft_all_r8_l0_p1_0.30,2644,0.063833951,
1,blend_soft_all_r8_l0_p1_0.40,2644,0.063819435,
1,blend_soft_all_r8_l0_p1_0.50,2644,0.063903819,
1,soft_all_r8_l0_p2,2644,0.065932590,
1,blend_soft_all_r8_l0_p2_0.20,2644,0.063929326,
1,blend_soft_all_r8_l0_p2_0.30,2644,0.063816212,
1,blend_soft_all_r8_l0_p2_0.40,2644,0.063808138,
1,blend_soft_all_r8_l0_p2_0.50,2644,0.063905145,
1,soft_all_r8_l0_p4,2644,0.066201767,
1,blend_soft_all_r8_l0_p4_0.20,2644,0.063927916,
1,blend_soft_all_r8_l0_p4_0.30,2644,0.063824807,
1,blend_soft_all_r8_l0_p4_0.40,2644,0.063833884,
1,blend_soft_all_r8_l0_p4_0.50,2644,0.063955100,
1,soft_all_r8_l0.25_p1,2644,0.065675403,
1,blend_soft_all_r8_l0.25_p1_0.20,2644,0.063971879,
1,blend_soft_all_r8_l0.25_p1_0.30,2644,0.063862218,
1,blend_soft_all_r8_l0.25_p1_0.40,2644,0.063845575,
1,blend_soft_all_r8_l0.25_p1_0.50,2644,0.063922024,
1,soft_all_r8_l0.25_p2,2644,0.065899111,
1,blend_soft_all_r8_l0.25_p2_0.20,2644,0.063938039,
1,blend_soft_all_r8_l0.25_p2_0.30,2644,0.063826370,
1,blend_soft_all_r8_l0.25_p2_0.40,2644,0.063817773,
1,blend_soft_all_r8_l0.25_p2_0.50,2644,0.063912290,
1,soft_all_r8_l0.25_p4,2644,0.066192193,
1,blend_soft_all_r8_l0.25_p4_0.20,2644,0.063941033,
1,blend_soft_all_r8_l0.25_p4_0.30,2644,0.063841678,
1,blend_soft_all_r8_l0.25_p4_0.40,2644,0.063852594,
1,blend_soft_all_r8_l0.25_p4_0.50,2644,0.063973727,
1,soft_all_r8_l1_p1,2644,0.065593827,
1,blend_soft_all_r8_l1_p1_0.20,2644,0.064019212,
1,blend_soft_all_r8_l1_p1_0.30,2644,0.063921301,
1,blend_soft_all_r8_l1_p1_0.40,2644,0.063908325,
1,blend_soft_all_r8_l1_p1_0.50,2644,0.063980335,
1,soft_all_r8_l1_p2,2644,0.065822098,
1,blend_soft_all_r8_l1_p2_0.20,2644,0.063971128,
1,blend_soft_all_r8_l1_p2_0.30,2644,0.063866894,
1,blend_soft_all_r8_l1_p2_0.40,2644,0.063859551,
1,blend_soft_all_r8_l1_p2_0.50,2644,0.063949134,
1,soft_all_r8_l1_p4,2644,0.066193182,
1,blend_soft_all_r8_l1_p4_0.20,2644,0.063972948,
1,blend_soft_all_r8_l1_p4_0.30,2644,0.063883666,
1,blend_soft_all_r8_l1_p4_0.40,2644,0.063900630,
1,blend_soft_all_r8_l1_p4_0.50,2644,0.064023754,
1,soft_crop_r16_l0_p1,2644,0.065512719,
1,blend_soft_crop_r16_l0_p1_0.20,2644,0.063868500,
1,blend_soft_crop_r16_l0_p1_0.30,2644,0.063719986,
1,blend_soft_crop_r16_l0_p1_0.40,2644,0.063673380,
1,blend_soft_crop_r16_l0_p1_0.50,2644,0.063728906,
1,soft_crop_r16_l0_p2,2644,0.065866988,
1,blend_soft_crop_r16_l0_p2_0.20,2644,0.063902776,
1,blend_soft_crop_r16_l0_p2_0.30,2644,0.063778758,
1,blend_soft_crop_r16_l0_p2_0.40,2644,0.063761453,
1,blend_soft_crop_r16_l0_p2_0.50,2644,0.063850946,
1,soft_crop_r16_l0_p4,2644,0.066296985,
1,blend_soft_crop_r16_l0_p4_0.20,2644,0.063947374,
1,blend_soft_crop_r16_l0_p4_0.30,2644,0.063854089,
1,blend_soft_crop_r16_l0_p4_0.40,2644,0.063872988,
1,blend_soft_crop_r16_l0_p4_0.50,2644,0.064003969,
1,soft_crop_r16_l0.25_p1,2644,0.065431671,
1,blend_soft_crop_r16_l0.25_p1_0.20,2644,0.063902798,
1,blend_soft_crop_r16_l0.25_p1_0.30,2644,0.063761981,
1,blend_soft_crop_r16_l0.25_p1_0.40,2644,0.063716649,
1,blend_soft_crop_r16_l0.25_p1_0.50,2644,0.063767004,
1,soft_crop_r16_l0.25_p2,2644,0.065831543,
1,blend_soft_crop_r16_l0.25_p2_0.20,2644,0.063906501,
1,blend_soft_crop_r16_l0.25_p2_0.30,2644,0.063782285,
1,blend_soft_crop_r16_l0.25_p2_0.40,2644,0.063763392,
1,blend_soft_crop_r16_l0.25_p2_0.50,2644,0.063849918,
1,soft_crop_r16_l0.25_p4,2644,0.066258667,
1,blend_soft_crop_r16_l0.25_p4_0.20,2644,0.063946080,
1,blend_soft_crop_r16_l0.25_p4_0.30,2644,0.063850898,
1,blend_soft_crop_r16_l0.25_p4_0.40,2644,0.063867069,
1,blend_soft_crop_r16_l0.25_p4_0.50,2644,0.063994510,
1,soft_crop_r16_l1_p1,2644,0.065397621,
1,blend_soft_crop_r16_l1_p1_0.20,2644,0.063967066,
1,blend_soft_crop_r16_l1_p1_0.30,2644,0.063845198,
1,blend_soft_crop_r16_l1_p1_0.40,2644,0.063809817,
1,blend_soft_crop_r16_l1_p1_0.50,2644,0.063861068,
1,soft_crop_r16_l1_p2,2644,0.065744005,
1,blend_soft_crop_r16_l1_p2_0.20,2644,0.063937114,
1,blend_soft_crop_r16_l1_p2_0.30,2644,0.063819155,
1,blend_soft_crop_r16_l1_p2_0.40,2644,0.063800383,
1,blend_soft_crop_r16_l1_p2_0.50,2644,0.063880884,
1,soft_crop_r16_l1_p4,2644,0.066148464,
1,blend_soft_crop_r16_l1_p4_0.20,2644,0.063951126,
1,blend_soft_crop_r16_l1_p4_0.30,2644,0.063853245,
1,blend_soft_crop_r16_l1_p4_0.40,2644,0.063863223,
1,blend_soft_crop_r16_l1_p4_0.50,2644,0.063981009,
1,soft_all_r16_l0_p1,2644,0.066344881,
1,blend_soft_all_r16_l0_p1_0.20,2644,0.064132514,
1,blend_soft_all_r16_l0_p1_0.30,2644,0.064099189,
1,blend_soft_all_r16_l0_p1_0.40,2644,0.064155772,
1,blend_soft_all_r16_l0_p1_0.50,2644,0.064302025,
1,soft_all_r16_l0_p2,2644,0.066697147,
1,blend_soft_all_r16_l0_p2_0.20,2644,0.064163883,
1,blend_soft_all_r16_l0_p2_0.30,2644,0.064154078,
1,blend_soft_all_r16_l0_p2_0.40,2644,0.064239290,
1,blend_soft_all_r16_l0_p2_0.50,2644,0.064419144,
1,soft_all_r16_l0_p4,2644,0.067101730,
1,blend_soft_all_r16_l0_p4_0.20,2644,0.064190925,
1,blend_soft_all_r16_l0_p4_0.30,2644,0.064205384,
1,blend_soft_all_r16_l0_p4_0.40,2644,0.064321895,
1,blend_soft_all_r16_l0_p4_0.50,2644,0.064539906,
1,soft_all_r16_l0.25_p1,2644,0.066271464,
1,blend_soft_all_r16_l0.25_p1_0.20,2644,0.064137925,
1,blend_soft_all_r16_l0.25_p1_0.30,2644,0.064103446,
1,blend_soft_all_r16_l0.25_p1_0.40,2644,0.064156297,
1,blend_soft_all_r16_l0.25_p1_0.50,2644,0.064296262,
1,soft_all_r16_l0.25_p2,2644,0.066647336,
1,blend_soft_all_r16_l0.25_p2_0.20,2644,0.064159957,
1,blend_soft_all_r16_l0.25_p2_0.30,2644,0.064146982,
1,blend_soft_all_r16_l0.25_p2_0.40,2644,0.064228237,
1,blend_soft_all_r16_l0.25_p2_0.50,2644,0.064403365,
1,soft_all_r16_l0.25_p4,2644,0.067034155,
1,blend_soft_all_r16_l0.25_p4_0.20,2644,0.064182606,
1,blend_soft_all_r16_l0.25_p4_0.30,2644,0.064191820,
1,blend_soft_all_r16_l0.25_p4_0.40,2644,0.064302394,
1,blend_soft_all_r16_l0.25_p4_0.50,2644,0.064513807,
1,soft_all_r16_l1_p1,2644,0.066162509,
1,blend_soft_all_r16_l1_p1_0.20,2644,0.064149072,
1,blend_soft_all_r16_l1_p1_0.30,2644,0.064113865,
1,blend_soft_all_r16_l1_p1_0.40,2644,0.064161769,
1,blend_soft_all_r16_l1_p1_0.50,2644,0.064292599,
1,soft_all_r16_l1_p2,2644,0.066522183,
1,blend_soft_all_r16_l1_p2_0.20,2644,0.064153207,
1,blend_soft_all_r16_l1_p2_0.30,2644,0.064133248,
1,blend_soft_all_r16_l1_p2_0.40,2644,0.064205145,
1,blend_soft_all_r16_l1_p2_0.50,2644,0.064368589,
1,soft_all_r16_l1_p4,2644,0.066894157,
1,blend_soft_all_r16_l1_p4_0.20,2644,0.064165650,
1,blend_soft_all_r16_l1_p4_0.30,2644,0.064164089,
1,blend_soft_all_r16_l1_p4_0.40,2644,0.064262419,
1,blend_soft_all_r16_l1_p4_0.50,2644,0.064460184,
1,soft_crop_r32_l0_p1,2644,0.065333124,
1,blend_soft_crop_r32_l0_p1_0.20,2644,0.063845968,
1,blend_soft_crop_r32_l0_p1_0.30,2644,0.063683422,
1,blend_soft_crop_r32_l0_p1_0.40,2644,0.063621008,
1,blend_soft_crop_r32_l0_p1_0.50,2644,0.063659020,
1,soft_crop_r32_l0_p2,2644,0.065566697,
1,blend_soft_crop_r32_l0_p2_0.20,2644,0.063855825,
1,blend_soft_crop_r32_l0_p2_0.30,2644,0.063705393,
1,blend_soft_crop_r32_l0_p2_0.40,2644,0.063659865,
1,blend_soft_crop_r32_l0_p2_0.50,2644,0.063719467,
1,soft_crop_r32_l0_p4,2644,0.065854219,
1,blend_soft_crop_r32_l0_p4_0.20,2644,0.063865808,
1,blend_soft_crop_r32_l0_p4_0.30,2644,0.063729645,
1,blend_soft_crop_r32_l0_p4_0.40,2644,0.063704550,
1,blend_soft_crop_r32_l0_p4_0.50,2644,0.063790656,
1,soft_crop_r32_l0.25_p1,2644,0.065262537,
1,blend_soft_crop_r32_l0.25_p1_0.20,2644,0.063870726,
1,blend_soft_crop_r32_l0.25_p1_0.30,2644,0.063713287,
1,blend_soft_crop_r32_l0.25_p1_0.40,2644,0.063651034,
1,blend_soft_crop_r32_l0.25_p1_0.50,2644,0.063684246,
1,soft_crop_r32_l0.25_p2,2644,0.065537056,
1,blend_soft_crop_r32_l0.25_p2_0.20,2644,0.063858388,
1,blend_soft_crop_r32_l0.25_p2_0.30,2644,0.063707621,
1,blend_soft_crop_r32_l0.25_p2_0.40,2644,0.063660669,
1,blend_soft_crop_r32_l0.25_p2_0.50,2644,0.063717763,
1,soft_crop_r32_l0.25_p4,2644,0.065833348,
1,blend_soft_crop_r32_l0.25_p4_0.20,2644,0.063867559,
1,blend_soft_crop_r32_l0.25_p4_0.30,2644,0.063731138,
1,blend_soft_crop_r32_l0.25_p4_0.40,2644,0.063705025,
1,blend_soft_crop_r32_l0.25_p4_0.50,2644,0.063789355,
1,soft_crop_r32_l1_p1,2644,0.065224383,
1,blend_soft_crop_r32_l1_p1_0.20,2644,0.063925379,
1,blend_soft_crop_r32_l1_p1_0.30,2644,0.063783722,
1,blend_soft_crop_r32_l1_p1_0.40,2644,0.063729371,
1,blend_soft_crop_r32_l1_p1_0.50,2644,0.063762550,
1,soft_crop_r32_l1_p2,2644,0.065443718,
1,blend_soft_crop_r32_l1_p2_0.20,2644,0.063875105,
1,blend_soft_crop_r32_l1_p2_0.30,2644,0.063726016,
1,blend_soft_crop_r32_l1_p2_0.40,2644,0.063676222,
1,blend_soft_crop_r32_l1_p2_0.50,2644,0.063725956,
1,soft_crop_r32_l1_p4,2644,0.065767781,
1,blend_soft_crop_r32_l1_p4_0.20,2644,0.063871722,
1,blend_soft_crop_r32_l1_p4_0.30,2644,0.063734076,
1,blend_soft_crop_r32_l1_p4_0.40,2644,0.063704514,
1,blend_soft_crop_r32_l1_p4_0.50,2644,0.063783187,
1,soft_all_r32_l0_p1,2644,0.066391294,
1,blend_soft_all_r32_l0_p1_0.20,2644,0.064179158,
1,blend_soft_all_r32_l0_p1_0.30,2644,0.064162234,
1,blend_soft_all_r32_l0_p1_0.40,2644,0.064230495,
1,blend_soft_all_r32_l0_p1_0.50,2644,0.064383670,
1,soft_all_r32_l0_p2,2644,0.066639858,
1,blend_soft_all_r32_l0_p2_0.20,2644,0.064175583,
1,blend_soft_all_r32_l0_p2_0.30,2644,0.064167203,
1,blend_soft_all_r32_l0_p2_0.40,2644,0.064250874,
1,blend_soft_all_r32_l0_p2_0.50,2644,0.064426237,
1,soft_all_r32_l0_p4,2644,0.067127156,
1,blend_soft_all_r32_l0_p4_0.20,2644,0.064194714,
1,blend_soft_all_r32_l0_p4_0.30,2644,0.064211352,
1,blend_soft_all_r32_l0_p4_0.40,2644,0.064330219,
1,blend_soft_all_r32_l0_p4_0.50,2644,0.064550751,
1,soft_all_r32_l0.25_p1,2644,0.066361193,
1,blend_soft_all_r32_l0.25_p1_0.20,2644,0.064185726,
1,blend_soft_all_r32_l0.25_p1_0.30,2644,0.064169689,
1,blend_soft_all_r32_l0.25_p1_0.40,2644,0.064237229,
1,blend_soft_all_r32_l0.25_p1_0.50,2644,0.064388083,
1,soft_all_r32_l0.25_p2,2644,0.066609367,
1,blend_soft_all_r32_l0.25_p2_0.20,2644,0.064173510,
1,blend_soft_all_r32_l0.25_p2_0.30,2644,0.064163295,
1,blend_soft_all_r32_l0.25_p2_0.40,2644,0.064244606,
1,blend_soft_all_r32_l0.25_p2_0.50,2644,0.064417098,
1,soft_all_r32_l0.25_p4,2644,0.067086879,
1,blend_soft_all_r32_l0.25_p4_0.20,2644,0.064190145,
1,blend_soft_all_r32_l0.25_p4_0.30,2644,0.064203779,
1,blend_soft_all_r32_l0.25_p4_0.40,2644,0.064319179,
1,blend_soft_all_r32_l0.25_p4_0.50,2644,0.064535799,
1,soft_all_r32_l1_p1,2644,0.066309725,
1,blend_soft_all_r32_l1_p1_0.20,2644,0.064195707,
1,blend_soft_all_r32_l1_p1_0.30,2644,0.064180797,
1,blend_soft_all_r32_l1_p1_0.40,2644,0.064246874,
1,blend_soft_all_r32_l1_p1_0.50,2644,0.064393687,
1,soft_all_r32_l1_p2,2644,0.066538380,
1,blend_soft_all_r32_l1_p2_0.20,2644,0.064173237,
1,blend_soft_all_r32_l1_p2_0.30,2644,0.064160174,
1,blend_soft_all_r32_l1_p2_0.40,2644,0.064236841,
1,blend_soft_all_r32_l1_p2_0.50,2644,0.064402916,
1,soft_all_r32_l1_p4,2644,0.066992507,
1,blend_soft_all_r32_l1_p4_0.20,2644,0.064181768,
1,blend_soft_all_r32_l1_p4_0.30,2644,0.064189090,
1,blend_soft_all_r32_l1_p4_0.40,2644,0.064296799,
1,blend_soft_all_r32_l1_p4_0.50,2644,0.064504392,
1,baseline,2644,0.064467955,all
1,baseline,1888,0.068016866,history
1,baseline,756,0.054606951,2025
1,baseline,2267,0.066470303,new
1,baseline,377,0.050789140,shared
1,baseline,1706,0.058550578,near
1,baseline,441,0.076887099,mid
1,baseline,497,0.071394398,far_or_none
1,baseline,1181,0.071999526,source_s2
1,baseline,1002,0.054415206,source_landsat
1,baseline,461,0.064192194,source_modis
1,blend_post_mode_0.40,2644,0.064421819,all
1,blend_post_mode_0.40,1888,0.067840115,history
1,blend_post_mode_0.40,756,0.054964451,2025
1,blend_post_mode_0.40,2267,0.066372140,new
1,blend_post_mode_0.40,377,0.051149254,shared
1,blend_post_mode_0.40,1706,0.058563548,near
1,blend_post_mode_0.40,441,0.076504589,mid
1,blend_post_mode_0.40,497,0.071500868,far_or_none
1,blend_post_mode_0.40,1181,0.071856067,source_s2
1,blend_post_mode_0.40,1002,0.054987014,source_landsat
1,blend_post_mode_0.40,461,0.063272678,source_modis
1,blend_crop_hier_n1_p67_0.40,2644,0.063106804,all
1,blend_crop_hier_n1_p67_0.40,1888,0.066668548,history
1,blend_crop_hier_n1_p67_0.40,756,0.053180119,2025
1,blend_crop_hier_n1_p67_0.40,2267,0.065125446,new
1,blend_crop_hier_n1_p67_0.40,377,0.049253480,shared
1,blend_crop_hier_n1_p67_0.40,1706,0.056593198,near
1,blend_crop_hier_n1_p67_0.40,441,0.075853432,mid
1,blend_crop_hier_n1_p67_0.40,497,0.071323880,far_or_none
1,blend_crop_hier_n1_p67_0.40,1181,0.071137794,source_s2
1,blend_crop_hier_n1_p67_0.40,1002,0.052807125,source_landsat
1,blend_crop_hier_n1_p67_0.40,461,0.061769389,source_modis
1,blend_soft_all_r1_l0_p4_0.40,2644,0.063306834,all
1,blend_soft_all_r1_l0_p4_0.40,1888,0.066846856,history
1,blend_soft_all_r1_l0_p4_0.40,756,0.053451911,2025
1,blend_soft_all_r1_l0_p4_0.40,2267,0.065338953,new
1,blend_soft_all_r1_l0_p4_0.40,377,0.049353281,shared
1,blend_soft_all_r1_l0_p4_0.40,1706,0.056799206,near
1,blend_soft_all_r1_l0_p4_0.40,441,0.076246901,mid
1,blend_soft_all_r1_l0_p4_0.40,497,0.071332531,far_or_none
1,blend_soft_all_r1_l0_p4_0.40,1181,0.070980180,source_s2
1,blend_soft_all_r1_l0_p4_0.40,1002,0.053535935,source_landsat
1,blend_soft_all_r1_l0_p4_0.40,461,0.062043627,source_modis
1,blend_soft_crop_r1_l0_p4_0.40,2644,0.063281657,all
1,blend_soft_crop_r1_l0_p4_0.40,1888,0.066846856,history
1,blend_soft_crop_r1_l0_p4_0.40,756,0.053347545,2025
1,blend_soft_crop_r1_l0_p4_0.40,2267,0.065329685,new
1,blend_soft_crop_r1_l0_p4_0.40,377,0.049200376,shared
1,blend_soft_crop_r1_l0_p4_0.40,1706,0.056758734,near
1,blend_soft_crop_r1_l0_p4_0.40,441,0.076238189,mid
1,blend_soft_crop_r1_l0_p4_0.40,497,0.071332531,far_or_none
1,blend_soft_crop_r1_l0_p4_0.40,1181,0.070949306,source_s2
1,blend_soft_crop_r1_l0_p4_0.40,1002,0.053524489,source_landsat
1,blend_soft_crop_r1_l0_p4_0.40,461,0.062008238,source_modis
1,blend_soft_all_r2_l0_p4_0.40,2644,0.063208242,all
1,blend_soft_all_r2_l0_p4_0.40,1888,0.066746329,history
1,blend_soft_all_r2_l0_p4_0.40,756,0.053357489,2025
1,blend_soft_all_r2_l0_p4_0.40,2267,0.065222653,new
1,blend_soft_all_r2_l0_p4_0.40,377,0.049392052,shared
1,blend_soft_all_r2_l0_p4_0.40,1706,0.056639438,near
1,blend_soft_all_r2_l0_p4_0.40,441,0.076216259,mid
1,blend_soft_all_r2_l0_p4_0.40,497,0.071332531,far_or_none
1,blend_soft_all_r2_l0_p4_0.40,1181,0.070958331,source_s2
1,blend_soft_all_r2_l0_p4_0.40,1002,0.053158140,source_landsat
1,blend_soft_all_r2_l0_p4_0.40,461,0.062236876,source_modis
1,blend_soft_all_r32_l0_p4_0.40,2644,0.064330219,all
1,blend_soft_all_r32_l0_p4_0.40,1888,0.067833988,history
1,blend_soft_all_r32_l0_p4_0.40,756,0.054606961,2025
1,blend_soft_all_r32_l0_p4_0.40,2267,0.066326184,new
1,blend_soft_all_r32_l0_p4_0.40,377,0.050697184,shared
1,blend_soft_all_r32_l0_p4_0.40,1706,0.058464497,near
1,blend_soft_all_r32_l0_p4_0.40,441,0.076526462,mid
1,blend_soft_all_r32_l0_p4_0.40,497,0.071319369,far_or_none
1,blend_soft_all_r32_l0_p4_0.40,1181,0.071898491,source_s2
1,blend_soft_all_r32_l0_p4_0.40,1002,0.054562389,source_landsat
1,blend_soft_all_r32_l0_p4_0.40,461,0.063413518,source_modis
70404,baseline,2644,0.069475111,
70404,post_mode,2644,0.072044480,
70404,blend_post_mode_0.20,2644,0.069175916,
70404,blend_post_mode_0.30,2644,0.069180773,
70404,blend_post_mode_0.40,2644,0.069288723,
70404,blend_post_mode_0.50,2644,0.069499287,
70404,crop_hier_n1_p00,2644,0.070378031,
70404,blend_crop_hier_n1_p00_0.20,2644,0.068692966,
70404,blend_crop_hier_n1_p00_0.30,2644,0.068481296,
70404,blend_crop_hier_n1_p00_0.40,2644,0.068390917,
70404,blend_crop_hier_n1_p00_0.50,2644,0.068422310,
70404,crop_hier_n1_p67,2644,0.070311041,
70404,blend_crop_hier_n1_p67_0.20,2644,0.068682048,
70404,blend_crop_hier_n1_p67_0.30,2644,0.068464340,
70404,blend_crop_hier_n1_p67_0.40,2644,0.068367574,
70404,blend_crop_hier_n1_p67_0.50,2644,0.068392264,
70404,crop_hier_n1_p80,2644,0.070277282,
70404,blend_crop_hier_n1_p80_0.20,2644,0.068680054,
70404,blend_crop_hier_n1_p80_0.30,2644,0.068460415,
70404,blend_crop_hier_n1_p80_0.40,2644,0.068361098,
70404,blend_crop_hier_n1_p80_0.50,2644,0.068382628,
70404,crop_hier_n2_p00,2644,0.071309943,
70404,blend_crop_hier_n2_p00_0.20,2644,0.068909233,
70404,blend_crop_hier_n2_p00_0.30,2644,0.068801873,
70404,blend_crop_hier_n2_p00_0.40,2644,0.068812497,
70404,blend_crop_hier_n2_p00_0.50,2644,0.068941048,
70404,crop_hier_n2_p67,2644,0.071394326,
70404,blend_crop_hier_n2_p67_0.20,2644,0.068969907,
70404,blend_crop_hier_n2_p67_0.30,2644,0.068884900,
70404,blend_crop_hier_n2_p67_0.40,2644,0.068912354,
70404,blend_crop_hier_n2_p67_0.50,2644,0.069052136,
70404,crop_hier_n2_p80,2644,0.071358703,
70404,blend_crop_hier_n2_p80_0.20,2644,0.068985927,
70404,blend_crop_hier_n2_p80_0.30,2644,0.068904567,
70404,blend_crop_hier_n2_p80_0.40,2644,0.068932714,
70404,blend_crop_hier_n2_p80_0.50,2644,0.069070233,
70404,crop_hier_n3_p00,2644,0.071615510,
70404,blend_crop_hier_n3_p00_0.20,2644,0.068977642,
70404,blend_crop_hier_n3_p00_0.30,2644,0.068903671,
70404,blend_crop_hier_n3_p00_0.40,2644,0.068946908,
70404,blend_crop_hier_n3_p00_0.50,2644,0.069107130,
70404,crop_hier_n3_p67,2644,0.071493634,
70404,blend_crop_hier_n3_p67_0.20,2644,0.069003472,
70404,blend_crop_hier_n3_p67_0.30,2644,0.068932864,
70404,blend_crop_hier_n3_p67_0.40,2644,0.068973024,
70404,blend_crop_hier_n3_p67_0.50,2644,0.069123759,
70404,crop_hier_n3_p80,2644,0.071437187,
70404,blend_crop_hier_n3_p80_0.20,2644,0.069015455,
70404,blend_crop_hier_n3_p80_0.30,2644,0.068946413,
70404,blend_crop_hier_n3_p80_0.40,2644,0.068985158,
70404,blend_crop_hier_n3_p80_0.50,2644,0.069131509,
70404,soft_crop_r1_l0_p1,2644,0.070149969,
70404,blend_soft_crop_r1_l0_p1_0.20,2644,0.068795795,
70404,blend_soft_crop_r1_l0_p1_0.30,2644,0.068607886,
70404,blend_soft_crop_r1_l0_p1_0.40,2644,0.068522401,
70404,blend_soft_crop_r1_l0_p1_0.50,2644,0.068539723,
70404,soft_crop_r1_l0_p2,2644,0.070063530,
70404,blend_soft_crop_r1_l0_p2_0.20,2644,0.068728492,
70404,blend_soft_crop_r1_l0_p2_0.30,2644,0.068515978,
70404,blend_soft_crop_r1_l0_p2_0.40,2644,0.068412161,
70404,blend_soft_crop_r1_l0_p2_0.50,2644,0.068417534,
70404,soft_crop_r1_l0_p4,2644,0.070215299,
70404,blend_soft_crop_r1_l0_p4_0.20,2644,0.068716997,
70404,blend_soft_crop_r1_l0_p4_0.30,2644,0.068506670,
70404,blend_soft_crop_r1_l0_p4_0.40,2644,0.068410399,
70404,blend_soft_crop_r1_l0_p4_0.50,2644,0.068428664,
70404,soft_crop_r1_l0.25_p1,2644,0.070036821,
70404,blend_soft_crop_r1_l0.25_p1_0.20,2644,0.068871546,
70404,blend_soft_crop_r1_l0.25_p1_0.30,2644,0.068703234,
70404,blend_soft_crop_r1_l0.25_p1_0.40,2644,0.068624892,
70404,blend_soft_crop_r1_l0.25_p1_0.50,2644,0.068636826,
70404,soft_crop_r1_l0.25_p2,2644,0.070033588,
70404,blend_soft_crop_r1_l0.25_p2_0.20,2644,0.068739136,
70404,blend_soft_crop_r1_l0.25_p2_0.30,2644,0.068528843,
70404,blend_soft_crop_r1_l0.25_p2_0.40,2644,0.068425134,
70404,blend_soft_crop_r1_l0.25_p2_0.50,2644,0.068428493,
70404,soft_crop_r1_l0.25_p4,2644,0.070217078,
70404,blend_soft_crop_r1_l0.25_p4_0.20,2644,0.068718192,
70404,blend_soft_crop_r1_l0.25_p4_0.30,2644,0.068508312,
70404,blend_soft_crop_r1_l0.25_p4_0.40,2644,0.068412382,
70404,blend_soft_crop_r1_l0.25_p4_0.50,2644,0.068430882,
70404,soft_crop_r1_l1_p1,2644,0.070141758,
70404,blend_soft_crop_r1_l1_p1_0.20,2644,0.069000424,
70404,blend_soft_crop_r1_l1_p1_0.30,2644,0.068876756,
70404,blend_soft_crop_r1_l1_p1_0.40,2644,0.068829498,
70404,blend_soft_crop_r1_l1_p1_0.50,2644,0.068858809,
70404,soft_crop_r1_l1_p2,2644,0.069941123,
70404,blend_soft_crop_r1_l1_p2_0.20,2644,0.068824795,
70404,blend_soft_crop_r1_l1_p2_0.30,2644,0.068638057,
70404,blend_soft_crop_r1_l1_p2_0.40,2644,0.068544730,
70404,blend_soft_crop_r1_l1_p2_0.50,2644,0.068545195,
70404,soft_crop_r1_l1_p4,2644,0.070176184,
70404,blend_soft_crop_r1_l1_p4_0.20,2644,0.068764955,
70404,blend_soft_crop_r1_l1_p4_0.30,2644,0.068568300,
70404,blend_soft_crop_r1_l1_p4_0.40,2644,0.068478636,
70404,blend_soft_crop_r1_l1_p4_0.50,2644,0.068496383,
70404,soft_all_r1_l0_p1,2644,0.070033116,
70404,blend_soft_all_r1_l0_p1_0.20,2644,0.068778149,
70404,blend_soft_all_r1_l0_p1_0.30,2644,0.068580182,
70404,blend_soft_all_r1_l0_p1_0.40,2644,0.068483866,
70404,blend_soft_all_r1_l0_p1_0.50,2644,0.068489627,
70404,soft_all_r1_l0_p2,2644,0.069934020,
70404,blend_soft_all_r1_l0_p2_0.20,2644,0.068708924,
70404,blend_soft_all_r1_l0_p2_0.30,2644,0.068485250,
70404,blend_soft_all_r1_l0_p2_0.40,2644,0.068369411,
70404,blend_soft_all_r1_l0_p2_0.50,2644,0.068361957,
70404,soft_all_r1_l0_p4,2644,0.070069626,
70404,blend_soft_all_r1_l0_p4_0.20,2644,0.068695104,
70404,blend_soft_all_r1_l0_p4_0.30,2644,0.068472251,
70404,blend_soft_all_r1_l0_p4_0.40,2644,0.068362465,
70404,blend_soft_all_r1_l0_p4_0.50,2644,0.068366292,
70404,soft_all_r1_l0.25_p1,2644,0.069944440,
70404,blend_soft_all_r1_l0.25_p1_0.20,2644,0.068856612,
70404,blend_soft_all_r1_l0.25_p1_0.30,2644,0.068680054,
70404,blend_soft_all_r1_l0.25_p1_0.40,2644,0.068592983,
70404,blend_soft_all_r1_l0.25_p1_0.50,2644,0.068595739,
70404,soft_all_r1_l0.25_p2,2644,0.069907782,
70404,blend_soft_all_r1_l0.25_p2_0.20,2644,0.068720105,
70404,blend_soft_all_r1_l0.25_p2_0.30,2644,0.068498969,
70404,blend_soft_all_r1_l0.25_p2_0.40,2644,0.068383584,
70404,blend_soft_all_r1_l0.25_p2_0.50,2644,0.068374485,
70404,soft_all_r1_l0.25_p4,2644,0.070072653,
70404,blend_soft_all_r1_l0.25_p4_0.20,2644,0.068696801,
70404,blend_soft_all_r1_l0.25_p4_0.30,2644,0.068474602,
70404,blend_soft_all_r1_l0.25_p4_0.40,2644,0.068365333,
70404,blend_soft_all_r1_l0.25_p4_0.50,2644,0.068369538,
70404,soft_all_r1_l1_p1,2644,0.070081745,
70404,blend_soft_all_r1_l1_p1_0.20,2644,0.068989909,
70404,blend_soft_all_r1_l1_p1_0.30,2644,0.068860638,
70404,blend_soft_all_r1_l1_p1_0.40,2644,0.068807571,
70404,blend_soft_all_r1_l1_p1_0.50,2644,0.068830884,
70404,soft_all_r1_l1_p2,2644,0.069838403,
70404,blend_soft_all_r1_l1_p2_0.20,2644,0.068808202,
70404,blend_soft_all_r1_l1_p2_0.30,2644,0.068612296,
70404,blend_soft_all_r1_l1_p2_0.40,2644,0.068509260,
70404,blend_soft_all_r1_l1_p2_0.50,2644,0.068499513,
70404,soft_all_r1_l1_p4,2644,0.070039550,
70404,blend_soft_all_r1_l1_p4_0.20,2644,0.068744222,
70404,blend_soft_all_r1_l1_p4_0.30,2644,0.068535767,
70404,blend_soft_all_r1_l1_p4_0.40,2644,0.068433408,
70404,blend_soft_all_r1_l1_p4_0.50,2644,0.068437619,
70404,soft_crop_r2_l0_p1,2644,0.070331615,
70404,blend_soft_crop_r2_l0_p1_0.20,2644,0.068808483,
70404,blend_soft_crop_r2_l0_p1_0.30,2644,0.068631555,
70404,blend_soft_crop_r2_l0_p1_0.40,2644,0.068560119,
70404,blend_soft_crop_r2_l0_p1_0.50,2644,0.068594505,
70404,soft_crop_r2_l0_p2,2644,0.070206555,
70404,blend_soft_crop_r2_l0_p2_0.20,2644,0.068738830,
70404,blend_soft_crop_r2_l0_p2_0.30,2644,0.068535077,
70404,blend_soft_crop_r2_l0_p2_0.40,2644,0.068442396,
70404,blend_soft_crop_r2_l0_p2_0.50,2644,0.068461238,
70404,soft_crop_r2_l0_p4,2644,0.070263194,
70404,blend_soft_crop_r2_l0_p4_0.20,2644,0.068713443,
70404,blend_soft_crop_r2_l0_p4_0.30,2644,0.068503833,
70404,blend_soft_crop_r2_l0_p4_0.40,2644,0.068409962,
70404,blend_soft_crop_r2_l0_p4_0.50,2644,0.068432306,
70404,soft_crop_r2_l0.25_p1,2644,0.070159675,
70404,blend_soft_crop_r2_l0.25_p1_0.20,2644,0.068870295,
70404,blend_soft_crop_r2_l0.25_p1_0.30,2644,0.068706289,
70404,blend_soft_crop_r2_l0.25_p1_0.40,2644,0.068635557,
70404,blend_soft_crop_r2_l0.25_p1_0.50,2644,0.068658387,
70404,soft_crop_r2_l0.25_p2,2644,0.070183602,
70404,blend_soft_crop_r2_l0.25_p2_0.20,2644,0.068751471,
70404,blend_soft_crop_r2_l0.25_p2_0.30,2644,0.068550836,
70404,blend_soft_crop_r2_l0.25_p2_0.40,2644,0.068459086,
70404,blend_soft_crop_r2_l0.25_p2_0.50,2644,0.068476658,
70404,soft_crop_r2_l0.25_p4,2644,0.070264764,
70404,blend_soft_crop_r2_l0.25_p4_0.20,2644,0.068717034,
70404,blend_soft_crop_r2_l0.25_p4_0.30,2644,0.068508622,
70404,blend_soft_crop_r2_l0.25_p4_0.40,2644,0.068415534,
70404,blend_soft_crop_r2_l0.25_p4_0.50,2644,0.068438243,
70404,soft_crop_r2_l1_p1,2644,0.070150279,
70404,blend_soft_crop_r2_l1_p1_0.20,2644,0.068981634,
70404,blend_soft_crop_r2_l1_p1_0.30,2644,0.068852374,
70404,blend_soft_crop_r2_l1_p1_0.40,2644,0.068802110,
70404,blend_soft_crop_r2_l1_p1_0.50,2644,0.068831016,
70404,soft_crop_r2_l1_p2,2644,0.070067370,
70404,blend_soft_crop_r2_l1_p2_0.20,2644,0.068830052,
70404,blend_soft_crop_r2_l1_p2_0.30,2644,0.068649803,
70404,blend_soft_crop_r2_l1_p2_0.40,2644,0.068565538,
70404,blend_soft_crop_r2_l1_p2_0.50,2644,0.068577610,
70404,soft_crop_r2_l1_p4,2644,0.070296065,
70404,blend_soft_crop_r2_l1_p4_0.20,2644,0.068775818,
70404,blend_soft_crop_r2_l1_p4_0.30,2644,0.068587202,
70404,blend_soft_crop_r2_l1_p4_0.40,2644,0.068507290,
70404,blend_soft_crop_r2_l1_p4_0.50,2644,0.068536462,
70404,soft_all_r2_l0_p1,2644,0.070286354,
70404,blend_soft_all_r2_l0_p1_0.20,2644,0.068812697,
70404,blend_soft_all_r2_l0_p1_0.30,2644,0.068635362,
70404,blend_soft_all_r2_l0_p1_0.40,2644,0.068561822,
70404,blend_soft_all_r2_l0_p1_0.50,2644,0.068592412,
70404,soft_all_r2_l0_p2,2644,0.070128732,
70404,blend_soft_all_r2_l0_p2_0.20,2644,0.068734732,
70404,blend_soft_all_r2_l0_p2_0.30,2644,0.068526694,
70404,blend_soft_all_r2_l0_p2_0.40,2644,0.068428242,
70404,blend_soft_all_r2_l0_p2_0.50,2644,0.068439850,
70404,soft_all_r2_l0_p4,2644,0.070173460,
70404,blend_soft_all_r2_l0_p4_0.20,2644,0.068704117,
70404,blend_soft_all_r2_l0_p4_0.30,2644,0.068488104,
70404,blend_soft_all_r2_l0_p4_0.40,2644,0.068386697,
70404,blend_soft_all_r2_l0_p4_0.50,2644,0.068400403,
70404,soft_all_r2_l0.25_p1,2644,0.070131332,
70404,blend_soft_all_r2_l0.25_p1_0.20,2644,0.068872494,
70404,blend_soft_all_r2_l0.25_p1_0.30,2644,0.068708097,
70404,blend_soft_all_r2_l0.25_p1_0.40,2644,0.068635970,
70404,blend_soft_all_r2_l0.25_p1_0.50,2644,0.068656404,
70404,soft_all_r2_l0.25_p2,2644,0.070110831,
70404,blend_soft_all_r2_l0.25_p2_0.20,2644,0.068748243,
70404,blend_soft_all_r2_l0.25_p2_0.30,2644,0.068543794,
70404,blend_soft_all_r2_l0.25_p2_0.40,2644,0.068446765,
70404,blend_soft_all_r2_l0.25_p2_0.50,2644,0.068457613,
70404,soft_all_r2_l0.25_p4,2644,0.070174953,
70404,blend_soft_all_r2_l0.25_p4_0.20,2644,0.068708501,
70404,blend_soft_all_r2_l0.25_p4_0.30,2644,0.068493934,
70404,blend_soft_all_r2_l0.25_p4_0.40,2644,0.068393456,
70404,blend_soft_all_r2_l0.25_p4_0.50,2644,0.068407570,
70404,soft_all_r2_l1_p1,2644,0.070131167,
70404,blend_soft_all_r2_l1_p1_0.20,2644,0.068980250,
70404,blend_soft_all_r2_l1_p1_0.30,2644,0.068849824,
70404,blend_soft_all_r2_l1_p1_0.40,2644,0.068798080,
70404,blend_soft_all_r2_l1_p1_0.50,2644,0.068825197,
70404,soft_all_r2_l1_p2,2644,0.070023141,
70404,blend_soft_all_r2_l1_p2_0.20,2644,0.068827562,
70404,blend_soft_all_r2_l1_p2_0.30,2644,0.068644835,
70404,blend_soft_all_r2_l1_p2_0.40,2644,0.068557271,
70404,blend_soft_all_r2_l1_p2_0.50,2644,0.068565234,
70404,soft_all_r2_l1_p4,2644,0.070240984,
70404,blend_soft_all_r2_l1_p4_0.20,2644,0.068772940,
70404,blend_soft_all_r2_l1_p4_0.30,2644,0.068581298,
70404,blend_soft_all_r2_l1_p4_0.40,2644,0.068497306,
70404,blend_soft_all_r2_l1_p4_0.50,2644,0.068521360,
70404,soft_crop_r4_l0_p1,2644,0.070406965,
70404,blend_soft_crop_r4_l0_p1_0.20,2644,0.068832291,
70404,blend_soft_crop_r4_l0_p1_0.30,2644,0.068665778,
70404,blend_soft_crop_r4_l0_p1_0.40,2644,0.068603687,
70404,blend_soft_crop_r4_l0_p1_0.50,2644,0.068646302,
70404,soft_crop_r4_l0_p2,2644,0.070534334,
70404,blend_soft_crop_r4_l0_p2_0.20,2644,0.068811156,
70404,blend_soft_crop_r4_l0_p2_0.30,2644,0.068642873,
70404,blend_soft_crop_r4_l0_p2_0.40,2644,0.068584965,
70404,blend_soft_crop_r4_l0_p2_0.50,2644,0.068637710,
70404,soft_crop_r4_l0_p4,2644,0.070788901,
70404,blend_soft_crop_r4_l0_p4_0.20,2644,0.068817365,
70404,blend_soft_crop_r4_l0_p4_0.30,2644,0.068660868,
70404,blend_soft_crop_r4_l0_p4_0.40,2644,0.068620528,
70404,blend_soft_crop_r4_l0_p4_0.50,2644,0.068696551,
70404,soft_crop_r4_l0.25_p1,2644,0.070294776,
70404,blend_soft_crop_r4_l0.25_p1_0.20,2644,0.068888689,
70404,blend_soft_crop_r4_l0.25_p1_0.30,2644,0.068735664,
70404,blend_soft_crop_r4_l0.25_p1_0.40,2644,0.068677057,
70404,blend_soft_crop_r4_l0.25_p1_0.50,2644,0.068713108,
70404,soft_crop_r4_l0.25_p2,2644,0.070482849,
70404,blend_soft_crop_r4_l0.25_p2_0.20,2644,0.068817927,
70404,blend_soft_crop_r4_l0.25_p2_0.30,2644,0.068649798,
70404,blend_soft_crop_r4_l0.25_p2_0.40,2644,0.068589861,
70404,blend_soft_crop_r4_l0.25_p2_0.50,2644,0.068638400,
70404,soft_crop_r4_l0.25_p4,2644,0.070757835,
70404,blend_soft_crop_r4_l0.25_p4_0.20,2644,0.068816656,
70404,blend_soft_crop_r4_l0.25_p4_0.30,2644,0.068658733,
70404,blend_soft_crop_r4_l0.25_p4_0.40,2644,0.068616256,
70404,blend_soft_crop_r4_l0.25_p4_0.50,2644,0.068689439,
70404,soft_crop_r4_l1_p1,2644,0.070286821,
70404,blend_soft_crop_r4_l1_p1_0.20,2644,0.068987722,
70404,blend_soft_crop_r4_l1_p1_0.30,2644,0.068865600,
70404,blend_soft_crop_r4_l1_p1_0.40,2644,0.068825197,
70404,blend_soft_crop_r4_l1_p1_0.50,2644,0.068866657,
70404,soft_crop_r4_l1_p2,2644,0.070393498,
70404,blend_soft_crop_r4_l1_p2_0.20,2644,0.068886325,
70404,blend_soft_crop_r4_l1_p2_0.30,2644,0.068736343,
70404,blend_soft_crop_r4_l1_p2_0.40,2644,0.068683611,
70404,blend_soft_crop_r4_l1_p2_0.50,2644,0.068728353,
70404,soft_crop_r4_l1_p4,2644,0.070704530,
70404,blend_soft_crop_r4_l1_p4_0.20,2644,0.068863361,
70404,blend_soft_crop_r4_l1_p4_0.30,2644,0.068718112,
70404,blend_soft_crop_r4_l1_p4_0.40,2644,0.068681018,
70404,blend_soft_crop_r4_l1_p4_0.50,2644,0.068752256,
70404,soft_all_r4_l0_p1,2644,0.070378144,
70404,blend_soft_all_r4_l0_p1_0.20,2644,0.068854912,
70404,blend_soft_all_r4_l0_p1_0.30,2644,0.068694431,
70404,blend_soft_all_r4_l0_p1_0.40,2644,0.068634773,
70404,blend_soft_all_r4_l0_p1_0.50,2644,0.068676201,
70404,soft_all_r4_l0_p2,2644,0.070501013,
70404,blend_soft_all_r4_l0_p2_0.20,2644,0.068828168,
70404,blend_soft_all_r4_l0_p2_0.30,2644,0.068663972,
70404,blend_soft_all_r4_l0_p2_0.40,2644,0.068607141,
70404,blend_soft_all_r4_l0_p2_0.50,2644,0.068657940,
70404,soft_all_r4_l0_p4,2644,0.070777268,
70404,blend_soft_all_r4_l0_p4_0.20,2644,0.068832337,
70404,blend_soft_all_r4_l0_p4_0.30,2644,0.068680112,
70404,blend_soft_all_r4_l0_p4_0.40,2644,0.068641849,
70404,blend_soft_all_r4_l0_p4_0.50,2644,0.068717737,
70404,soft_all_r4_l0.25_p1,2644,0.070282963,
70404,blend_soft_all_r4_l0.25_p1_0.20,2644,0.068906366,
70404,blend_soft_all_r4_l0.25_p1_0.30,2644,0.068758463,
70404,blend_soft_all_r4_l0.25_p1_0.40,2644,0.068702444,
70404,blend_soft_all_r4_l0.25_p1_0.50,2644,0.068738533,
70404,soft_all_r4_l0.25_p2,2644,0.070448352,
70404,blend_soft_all_r4_l0.25_p2_0.20,2644,0.068835249,
70404,blend_soft_all_r4_l0.25_p2_0.30,2644,0.068671261,
70404,blend_soft_all_r4_l0.25_p2_0.40,2644,0.068612387,
70404,blend_soft_all_r4_l0.25_p2_0.50,2644,0.068658897,
70404,soft_all_r4_l0.25_p4,2644,0.070741342,
70404,blend_soft_all_r4_l0.25_p4_0.20,2644,0.068834297,
70404,blend_soft_all_r4_l0.25_p4_0.30,2644,0.068681302,
70404,blend_soft_all_r4_l0.25_p4_0.40,2644,0.068641093,
70404,blend_soft_all_r4_l0.25_p4_0.50,2644,0.068713868,
70404,soft_all_r4_l1_p1,2644,0.070287600,
70404,blend_soft_all_r4_l1_p1_0.20,2644,0.068996824,
70404,blend_soft_all_r4_l1_p1_0.30,2644,0.068877598,
70404,blend_soft_all_r4_l1_p1_0.40,2644,0.068838962,
70404,blend_soft_all_r4_l1_p1_0.50,2644,0.068881053,
70404,soft_all_r4_l1_p2,2644,0.070371059,
70404,blend_soft_all_r4_l1_p2_0.20,2644,0.068897595,
70404,blend_soft_all_r4_l1_p2_0.30,2644,0.068750306,
70404,blend_soft_all_r4_l1_p2_0.40,2644,0.068698267,
70404,blend_soft_all_r4_l1_p2_0.50,2644,0.068741696,
70404,soft_all_r4_l1_p4,2644,0.070684430,
70404,blend_soft_all_r4_l1_p4_0.20,2644,0.068875468,
70404,blend_soft_all_r4_l1_p4_0.30,2644,0.068733259,
70404,blend_soft_all_r4_l1_p4_0.40,2644,0.068697157,
70404,blend_soft_all_r4_l1_p4_0.50,2644,0.068767328,
70404,soft_crop_r8_l0_p1,2644,0.070259807,
70404,blend_soft_crop_r8_l0_p1_0.20,2644,0.068815129,
70404,blend_soft_crop_r8_l0_p1_0.30,2644,0.068637542,
70404,blend_soft_crop_r8_l0_p1_0.40,2644,0.068562762,
70404,blend_soft_crop_r8_l0_p1_0.50,2644,0.068591124,
70404,soft_crop_r8_l0_p2,2644,0.070297876,
70404,blend_soft_crop_r8_l0_p2_0.20,2644,0.068784016,
70404,blend_soft_crop_r8_l0_p2_0.30,2644,0.068598061,
70404,blend_soft_crop_r8_l0_p2_0.40,2644,0.068519821,
70404,blend_soft_crop_r8_l0_p2_0.50,2644,0.068549665,
70404,soft_crop_r8_l0_p4,2644,0.070471694,
70404,blend_soft_crop_r8_l0_p4_0.20,2644,0.068778513,
70404,blend_soft_crop_r8_l0_p4_0.30,2644,0.068597506,
70404,blend_soft_crop_r8_l0_p4_0.40,2644,0.068529388,
70404,blend_soft_crop_r8_l0_p4_0.50,2644,0.068574495,
70404,soft_crop_r8_l0.25_p1,2644,0.070159759,
70404,blend_soft_crop_r8_l0.25_p1_0.20,2644,0.068871124,
70404,blend_soft_crop_r8_l0.25_p1_0.30,2644,0.068707384,
70404,blend_soft_crop_r8_l0.25_p1_0.40,2644,0.068636814,
70404,blend_soft_crop_r8_l0.25_p1_0.50,2644,0.068659703,
70404,soft_crop_r8_l0.25_p2,2644,0.070253148,
70404,blend_soft_crop_r8_l0.25_p2_0.20,2644,0.068790998,
70404,blend_soft_crop_r8_l0.25_p2_0.30,2644,0.068605531,
70404,blend_soft_crop_r8_l0.25_p2_0.40,2644,0.068525746,
70404,blend_soft_crop_r8_l0.25_p2_0.50,2644,0.068552013,
70404,soft_crop_r8_l0.25_p4,2644,0.070429691,
70404,blend_soft_crop_r8_l0.25_p4_0.20,2644,0.068773920,
70404,blend_soft_crop_r8_l0.25_p4_0.30,2644,0.068589845,
70404,blend_soft_crop_r8_l0.25_p4_0.40,2644,0.068518155,
70404,blend_soft_crop_r8_l0.25_p4_0.50,2644,0.068559205,
70404,soft_crop_r8_l1_p1,2644,0.070177495,
70404,blend_soft_crop_r8_l1_p1_0.20,2644,0.068970417,
70404,blend_soft_crop_r8_l1_p1_0.30,2644,0.068838664,
70404,blend_soft_crop_r8_l1_p1_0.40,2644,0.068788016,
70404,blend_soft_crop_r8_l1_p1_0.50,2644,0.068818652,
70404,soft_crop_r8_l1_p2,2644,0.070186313,
70404,blend_soft_crop_r8_l1_p2_0.20,2644,0.068861358,
70404,blend_soft_crop_r8_l1_p2_0.30,2644,0.068695552,
70404,blend_soft_crop_r8_l1_p2_0.40,2644,0.068624830,
70404,blend_soft_crop_r8_l1_p2_0.50,2644,0.068649486,
70404,soft_crop_r8_l1_p4,2644,0.070373500,
70404,blend_soft_crop_r8_l1_p4_0.20,2644,0.068816225,
70404,blend_soft_crop_r8_l1_p4_0.30,2644,0.068643352,
70404,blend_soft_crop_r8_l1_p4_0.40,2644,0.068576071,
70404,blend_soft_crop_r8_l1_p4_0.50,2644,0.068614692,
70404,soft_all_r8_l0_p1,2644,0.070994465,
70404,blend_soft_all_r8_l0_p1_0.20,2644,0.069033059,
70404,blend_soft_all_r8_l0_p1_0.30,2644,0.068952396,
70404,blend_soft_all_r8_l0_p1_0.40,2644,0.068965873,
70404,blend_soft_all_r8_l0_p1_0.50,2644,0.069073435,
70404,soft_all_r8_l0_p2,2644,0.071021047,
70404,blend_soft_all_r8_l0_p2_0.20,2644,0.069001650,
70404,blend_soft_all_r8_l0_p2_0.30,2644,0.068912147,
70404,blend_soft_all_r8_l0_p2_0.40,2644,0.068921447,
70404,blend_soft_all_r8_l0_p2_0.50,2644,0.069029508,
70404,soft_all_r8_l0_p4,2644,0.071217289,
70404,blend_soft_all_r8_l0_p4_0.20,2644,0.068991053,
70404,blend_soft_all_r8_l0_p4_0.30,2644,0.068905816,
70404,blend_soft_all_r8_l0_p4_0.40,2644,0.068925783,
70404,blend_soft_all_r8_l0_p4_0.50,2644,0.069050863,
70404,soft_all_r8_l0.25_p1,2644,0.070831215,
70404,blend_soft_all_r8_l0.25_p1_0.20,2644,0.069046813,
70404,blend_soft_all_r8_l0.25_p1_0.30,2644,0.068964174,
70404,blend_soft_all_r8_l0.25_p1_0.40,2644,0.068969740,
70404,blend_soft_all_r8_l0.25_p1_0.50,2644,0.069063490,
70404,soft_all_r8_l0.25_p2,2644,0.070946687,
70404,blend_soft_all_r8_l0.25_p2_0.20,2644,0.068999987,
70404,blend_soft_all_r8_l0.25_p2_0.30,2644,0.068907090,
70404,blend_soft_all_r8_l0.25_p2_0.40,2644,0.068911291,
70404,blend_soft_all_r8_l0.25_p2_0.50,2644,0.069012572,
70404,soft_all_r8_l0.25_p4,2644,0.071148307,
70404,blend_soft_all_r8_l0.25_p4_0.20,2644,0.068985394,
70404,blend_soft_all_r8_l0.25_p4_0.30,2644,0.068895707,
70404,blend_soft_all_r8_l0.25_p4_0.40,2644,0.068910162,
70404,blend_soft_all_r8_l0.25_p4_0.50,2644,0.069028692,
70404,soft_all_r8_l1_p1,2644,0.070673706,
70404,blend_soft_all_r8_l1_p1_0.20,2644,0.069078793,
70404,blend_soft_all_r8_l1_p1_0.30,2644,0.069000138,
70404,blend_soft_all_r8_l1_p1_0.40,2644,0.069001609,
70404,blend_soft_all_r8_l1_p1_0.50,2644,0.069083200,
70404,soft_all_r8_l1_p2,2644,0.070700873,
70404,blend_soft_all_r8_l1_p2_0.20,2644,0.069002177,
70404,blend_soft_all_r8_l1_p2_0.30,2644,0.068900493,
70404,blend_soft_all_r8_l1_p2_0.40,2644,0.068889312,
70404,blend_soft_all_r8_l1_p2_0.50,2644,0.068968679,
70404,soft_all_r8_l1_p4,2644,0.070903332,
70404,blend_soft_all_r8_l1_p4_0.20,2644,0.068970599,
70404,blend_soft_all_r8_l1_p4_0.30,2644,0.068866789,
70404,blend_soft_all_r8_l1_p4_0.40,2644,0.068862681,
70404,blend_soft_all_r8_l1_p4_0.50,2644,0.068958295,
70404,soft_crop_r16_l0_p1,2644,0.070291788,
70404,blend_soft_crop_r16_l0_p1_0.20,2644,0.068890339,
70404,blend_soft_crop_r16_l0_p1_0.30,2644,0.068737720,
70404,blend_soft_crop_r16_l0_p1_0.40,2644,0.068679234,
70404,blend_soft_crop_r16_l0_p1_0.50,2644,0.068715121,
70404,soft_crop_r16_l0_p2,2644,0.070352407,
70404,blend_soft_crop_r16_l0_p2_0.20,2644,0.068868112,
70404,blend_soft_crop_r16_l0_p2_0.30,2644,0.068710808,
70404,blend_soft_crop_r16_l0_p2_0.40,2644,0.068651998,
70404,blend_soft_crop_r16_l0_p2_0.50,2644,0.068691936,
70404,soft_crop_r16_l0_p4,2644,0.070527028,
70404,blend_soft_crop_r16_l0_p4_0.20,2644,0.068858493,
70404,blend_soft_crop_r16_l0_p4_0.30,2644,0.068704868,
70404,blend_soft_crop_r16_l0_p4_0.40,2644,0.068655442,
70404,blend_soft_crop_r16_l0_p4_0.50,2644,0.068710441,
70404,soft_crop_r16_l0.25_p1,2644,0.070222085,
70404,blend_soft_crop_r16_l0.25_p1_0.20,2644,0.068922592,
70404,blend_soft_crop_r16_l0.25_p1_0.30,2644,0.068777473,
70404,blend_soft_crop_r16_l0.25_p1_0.40,2644,0.068720630,
70404,blend_soft_crop_r16_l0.25_p1_0.50,2644,0.068752283,
70404,soft_crop_r16_l0.25_p2,2644,0.070325954,
70404,blend_soft_crop_r16_l0.25_p2_0.20,2644,0.068872870,
70404,blend_soft_crop_r16_l0.25_p2_0.30,2644,0.068716051,
70404,blend_soft_crop_r16_l0.25_p2_0.40,2644,0.068656447,
70404,blend_soft_crop_r16_l0.25_p2_0.50,2644,0.068694311,
70404,soft_crop_r16_l0.25_p4,2644,0.070514169,
70404,blend_soft_crop_r16_l0.25_p4_0.20,2644,0.068860320,
70404,blend_soft_crop_r16_l0.25_p4_0.30,2644,0.068706775,
70404,blend_soft_crop_r16_l0.25_p4_0.40,2644,0.068656868,
70404,blend_soft_crop_r16_l0.25_p4_0.50,2644,0.068710826,
70404,soft_crop_r16_l1_p1,2644,0.070228015,
70404,blend_soft_crop_r16_l1_p1_0.20,2644,0.068987024,
70404,blend_soft_crop_r16_l1_p1_0.30,2644,0.068862433,
70404,blend_soft_crop_r16_l1_p1_0.40,2644,0.068818145,
70404,blend_soft_crop_r16_l1_p1_0.50,2644,0.068854315,
70404,soft_crop_r16_l1_p2,2644,0.070252186,
70404,blend_soft_crop_r16_l1_p2_0.20,2644,0.068903423,
70404,blend_soft_crop_r16_l1_p2_0.30,2644,0.068753412,
70404,blend_soft_crop_r16_l1_p2_0.40,2644,0.068694868,
70404,blend_soft_crop_r16_l1_p2_0.50,2644,0.068728023,
70404,soft_crop_r16_l1_p4,2644,0.070457811,
70404,blend_soft_crop_r16_l1_p4_0.20,2644,0.068876723,
70404,blend_soft_crop_r16_l1_p4_0.30,2644,0.068726184,
70404,blend_soft_crop_r16_l1_p4_0.40,2644,0.068675760,
70404,blend_soft_crop_r16_l1_p4_0.50,2644,0.068725673,
70404,soft_all_r16_l0_p1,2644,0.070901389,
70404,blend_soft_all_r16_l0_p1_0.20,2644,0.069096603,
70404,blend_soft_all_r16_l0_p1_0.30,2644,0.069032296,
70404,blend_soft_all_r16_l0_p1_0.40,2644,0.069051697,
70404,blend_soft_all_r16_l0_p1_0.50,2644,0.069154736,
70404,soft_all_r16_l0_p2,2644,0.070927723,
70404,blend_soft_all_r16_l0_p2_0.20,2644,0.069064055,
70404,blend_soft_all_r16_l0_p2_0.30,2644,0.068990548,
70404,blend_soft_all_r16_l0_p2_0.40,2644,0.069005543,
70404,blend_soft_all_r16_l0_p2_0.50,2644,0.069108983,
70404,soft_all_r16_l0_p4,2644,0.071202791,
70404,blend_soft_all_r16_l0_p4_0.20,2644,0.069062580,
70404,blend_soft_all_r16_l0_p4_0.30,2644,0.068999235,
70404,blend_soft_all_r16_l0_p4_0.40,2644,0.069031652,
70404,blend_soft_all_r16_l0_p4_0.50,2644,0.069159696,
70404,soft_all_r16_l0.25_p1,2644,0.070856251,
70404,blend_soft_all_r16_l0.25_p1_0.20,2644,0.069107630,
70404,blend_soft_all_r16_l0.25_p1_0.30,2644,0.069045044,
70404,blend_soft_all_r16_l0.25_p1_0.40,2644,0.069063616,
70404,blend_soft_all_r16_l0.25_p1_0.50,2644,0.069163278,
70404,soft_all_r16_l0.25_p2,2644,0.070907343,
70404,blend_soft_all_r16_l0.25_p2_0.20,2644,0.069064486,
70404,blend_soft_all_r16_l0.25_p2_0.30,2644,0.068990329,
70404,blend_soft_all_r16_l0.25_p2_0.40,2644,0.069004097,
70404,blend_soft_all_r16_l0.25_p2_0.50,2644,0.069105735,
70404,soft_all_r16_l0.25_p4,2644,0.071188176,
70404,blend_soft_all_r16_l0.25_p4_0.20,2644,0.069061627,
70404,blend_soft_all_r16_l0.25_p4_0.30,2644,0.068997417,
70404,blend_soft_all_r16_l0.25_p4_0.40,2644,0.069028714,
70404,blend_soft_all_r16_l0.25_p4_0.50,2644,0.069155388,
70404,soft_all_r16_l1_p1,2644,0.070819120,
70404,blend_soft_all_r16_l1_p1_0.20,2644,0.069130771,
70404,blend_soft_all_r16_l1_p1_0.30,2644,0.069074015,
70404,blend_soft_all_r16_l1_p1_0.40,2644,0.069094539,
70404,blend_soft_all_r16_l1_p1_0.50,2644,0.069192277,
70404,soft_all_r16_l1_p2,2644,0.070848882,
70404,blend_soft_all_r16_l1_p2_0.20,2644,0.069069844,
70404,blend_soft_all_r16_l1_p2_0.30,2644,0.068995117,
70404,blend_soft_all_r16_l1_p2_0.40,2644,0.069006136,
70404,blend_soft_all_r16_l1_p2_0.50,2644,0.069102859,
70404,soft_all_r16_l1_p4,2644,0.071157134,
70404,blend_soft_all_r16_l1_p4_0.20,2644,0.069063757,
70404,blend_soft_all_r16_l1_p4_0.30,2644,0.068999015,
70404,blend_soft_all_r16_l1_p4_0.40,2644,0.069028711,
70404,blend_soft_all_r16_l1_p4_0.50,2644,0.069152722,
70404,soft_crop_r32_l0_p1,2644,0.070439627,
70404,blend_soft_crop_r32_l0_p1_0.20,2644,0.068918325,
70404,blend_soft_crop_r32_l0_p1_0.30,2644,0.068780203,
70404,blend_soft_crop_r32_l0_p1_0.40,2644,0.068736473,
70404,blend_soft_crop_r32_l0_p1_0.50,2644,0.068787317,
70404,soft_crop_r32_l0_p2,2644,0.070338192,
70404,blend_soft_crop_r32_l0_p2_0.20,2644,0.068857531,
70404,blend_soft_crop_r32_l0_p2_0.30,2644,0.068696341,
70404,blend_soft_crop_r32_l0_p2_0.40,2644,0.068634618,
70404,blend_soft_crop_r32_l0_p2_0.50,2644,0.068672629,
70404,soft_crop_r32_l0_p4,2644,0.070343317,
70404,blend_soft_crop_r32_l0_p4_0.20,2644,0.068808183,
70404,blend_soft_crop_r32_l0_p4_0.30,2644,0.068631610,
70404,blend_soft_crop_r32_l0_p4_0.40,2644,0.068560869,
70404,blend_soft_crop_r32_l0_p4_0.50,2644,0.068596285,
70404,soft_crop_r32_l0.25_p1,2644,0.070359344,
70404,blend_soft_crop_r32_l0.25_p1_0.20,2644,0.068939922,
70404,blend_soft_crop_r32_l0.25_p1_0.30,2644,0.068805524,
70404,blend_soft_crop_r32_l0.25_p1_0.40,2644,0.068760732,
70404,blend_soft_crop_r32_l0.25_p1_0.50,2644,0.068805723,
70404,soft_crop_r32_l0.25_p2,2644,0.070314441,
70404,blend_soft_crop_r32_l0.25_p2_0.20,2644,0.068861368,
70404,blend_soft_crop_r32_l0.25_p2_0.30,2644,0.068700477,
70404,blend_soft_crop_r32_l0.25_p2_0.40,2644,0.068637959,
70404,blend_soft_crop_r32_l0.25_p2_0.50,2644,0.068674080,
70404,soft_crop_r32_l0.25_p4,2644,0.070337509,
70404,blend_soft_crop_r32_l0.25_p4_0.20,2644,0.068811713,
70404,blend_soft_crop_r32_l0.25_p4_0.30,2644,0.068636032,
70404,blend_soft_crop_r32_l0.25_p4_0.40,2644,0.068565587,
70404,blend_soft_crop_r32_l0.25_p4_0.50,2644,0.068600702,
70404,soft_crop_r32_l1_p1,2644,0.070310709,
70404,blend_soft_crop_r32_l1_p1_0.20,2644,0.068988117,
70404,blend_soft_crop_r32_l1_p1_0.30,2644,0.068867034,
70404,blend_soft_crop_r32_l1_p1_0.40,2644,0.068828231,
70404,blend_soft_crop_r32_l1_p1_0.50,2644,0.068871848,
70404,soft_crop_r32_l1_p2,2644,0.070217577,
70404,blend_soft_crop_r32_l1_p2_0.20,2644,0.068879097,
70404,blend_soft_crop_r32_l1_p2_0.30,2644,0.068720087,
70404,blend_soft_crop_r32_l1_p2_0.40,2644,0.068654725,
70404,blend_soft_crop_r32_l1_p2_0.50,2644,0.068683278,
70404,soft_crop_r32_l1_p4,2644,0.070289975,
70404,blend_soft_crop_r32_l1_p4_0.20,2644,0.068823642,
70404,blend_soft_crop_r32_l1_p4_0.30,2644,0.068649903,
70404,blend_soft_crop_r32_l1_p4_0.40,2644,0.068578670,
70404,blend_soft_crop_r32_l1_p4_0.50,2644,0.068610263,
70404,soft_all_r32_l0_p1,2644,0.071224729,
70404,blend_soft_all_r32_l0_p1_0.20,2644,0.069215681,
70404,blend_soft_all_r32_l0_p1_0.30,2644,0.069201141,
70404,blend_soft_all_r32_l0_p1_0.40,2644,0.069263535,
70404,blend_soft_all_r32_l0_p1_0.50,2644,0.069402654,
70404,soft_all_r32_l0_p2,2644,0.071120847,
70404,blend_soft_all_r32_l0_p2_0.20,2644,0.069142901,
70404,blend_soft_all_r32_l0_p2_0.30,2644,0.069101569,
70404,blend_soft_all_r32_l0_p2_0.40,2644,0.069143720,
70404,blend_soft_all_r32_l0_p2_0.50,2644,0.069269199,
70404,soft_all_r32_l0_p4,2644,0.071392475,
70404,blend_soft_all_r32_l0_p4_0.20,2644,0.069127375,
70404,blend_soft_all_r32_l0_p4_0.30,2644,0.069091685,
70404,blend_soft_all_r32_l0_p4_0.40,2644,0.069148426,
70404,blend_soft_all_r32_l0_p4_0.50,2644,0.069297372,
70404,soft_all_r32_l0.25_p1,2644,0.071192684,
70404,blend_soft_all_r32_l0.25_p1_0.20,2644,0.069217761,
70404,blend_soft_all_r32_l0.25_p1_0.30,2644,0.069202636,
70404,blend_soft_all_r32_l0.25_p1_0.40,2644,0.069263359,
70404,blend_soft_all_r32_l0.25_p1_0.50,2644,0.069399731,
70404,soft_all_r32_l0.25_p2,2644,0.071098641,
70404,blend_soft_all_r32_l0.25_p2_0.20,2644,0.069140956,
70404,blend_soft_all_r32_l0.25_p2_0.30,2644,0.069098158,
70404,blend_soft_all_r32_l0.25_p2_0.40,2644,0.069138518,
70404,blend_soft_all_r32_l0.25_p2_0.50,2644,0.069261890,
70404,soft_all_r32_l0.25_p4,2644,0.071372959,
70404,blend_soft_all_r32_l0.25_p4_0.20,2644,0.069125778,
70404,blend_soft_all_r32_l0.25_p4_0.30,2644,0.069088832,
70404,blend_soft_all_r32_l0.25_p4_0.40,2644,0.069144017,
70404,blend_soft_all_r32_l0.25_p4_0.50,2644,0.069291114,
70404,soft_all_r32_l1_p1,2644,0.071146821,
70404,blend_soft_all_r32_l1_p1_0.20,2644,0.069223061,
70404,blend_soft_all_r32_l1_p1_0.30,2644,0.069207824,
70404,blend_soft_all_r32_l1_p1_0.40,2644,0.069266591,
70404,blend_soft_all_r32_l1_p1_0.50,2644,0.069399172,
70404,soft_all_r32_l1_p2,2644,0.071039635,
70404,blend_soft_all_r32_l1_p2_0.20,2644,0.069136491,
70404,blend_soft_all_r32_l1_p2_0.30,2644,0.069090018,
70404,blend_soft_all_r32_l1_p2_0.40,2644,0.069125754,
70404,blend_soft_all_r32_l1_p2_0.50,2644,0.069243572,
70404,soft_all_r32_l1_p4,2644,0.071330998,
70404,blend_soft_all_r32_l1_p4_0.20,2644,0.069123299,
70404,blend_soft_all_r32_l1_p4_0.30,2644,0.069083951,
70404,blend_soft_all_r32_l1_p4_0.40,2644,0.069135969,
70404,blend_soft_all_r32_l1_p4_0.50,2644,0.069279147,
70404,baseline,2644,0.069475111,all
70404,baseline,1888,0.063944430,history
70404,baseline,756,0.081667564,2025
70404,baseline,2267,0.071174913,new
70404,baseline,377,0.058216471,shared
70404,baseline,1718,0.070994249,near
70404,baseline,425,0.070071321,mid
70404,baseline,501,0.063438638,far_or_none
70404,baseline,1170,0.067202904,source_s2
70404,baseline,1003,0.072208821,source_landsat
70404,baseline,471,0.069090081,source_modis
70404,blend_post_mode_0.40,2644,0.069288723,all
70404,blend_post_mode_0.40,1888,0.063581531,history
70404,blend_post_mode_0.40,756,0.081821216,2025
70404,blend_post_mode_0.40,2267,0.070980202,new
70404,blend_post_mode_0.40,377,0.058087940,shared
70404,blend_post_mode_0.40,1718,0.071078951,near
70404,blend_post_mode_0.40,425,0.068831022,mid
70404,blend_post_mode_0.40,501,0.063188964,far_or_none
70404,blend_post_mode_0.40,1170,0.066853207,source_s2
70404,blend_post_mode_0.40,1003,0.073032045,source_landsat
70404,blend_post_mode_0.40,471,0.067008091,source_modis
70404,blend_crop_hier_n1_p67_0.40,2644,0.068367574,all
70404,blend_crop_hier_n1_p67_0.40,1888,0.062997721,history
70404,blend_crop_hier_n1_p67_0.40,756,0.080223375,2025
70404,blend_crop_hier_n1_p67_0.40,2267,0.069976869,new
70404,blend_crop_hier_n1_p67_0.40,377,0.057752494,shared
70404,blend_crop_hier_n1_p67_0.40,1718,0.069776467,near
70404,blend_crop_hier_n1_p67_0.40,425,0.068785988,mid
70404,blend_crop_hier_n1_p67_0.40,501,0.062912872,far_or_none
70404,blend_crop_hier_n1_p67_0.40,1170,0.066326043,source_s2
70404,blend_crop_hier_n1_p67_0.40,1003,0.070965037,source_landsat
70404,blend_crop_hier_n1_p67_0.40,471,0.067723742,source_modis
70404,blend_soft_all_r1_l0_p4_0.40,2644,0.068362465,all
70404,blend_soft_all_r1_l0_p4_0.40,1888,0.063013033,history
70404,blend_soft_all_r1_l0_p4_0.40,756,0.080178103,2025
70404,blend_soft_all_r1_l0_p4_0.40,2267,0.070006988,new
70404,blend_soft_all_r1_l0_p4_0.40,377,0.057489989,shared
70404,blend_soft_all_r1_l0_p4_0.40,1718,0.069745192,near
70404,blend_soft_all_r1_l0_p4_0.40,425,0.068738119,mid
70404,blend_soft_all_r1_l0_p4_0.40,501,0.063046732,far_or_none
70404,blend_soft_all_r1_l0_p4_0.40,1170,0.066129122,source_s2
70404,blend_soft_all_r1_l0_p4_0.40,1003,0.071325828,source_landsat
70404,blend_soft_all_r1_l0_p4_0.40,471,0.067365075,source_modis
70404,blend_soft_crop_r1_l0_p4_0.40,2644,0.068410399,all
70404,blend_soft_crop_r1_l0_p4_0.40,1888,0.063013033,history
70404,blend_soft_crop_r1_l0_p4_0.40,756,0.080320961,2025
70404,blend_soft_crop_r1_l0_p4_0.40,2267,0.070034409,new
70404,blend_soft_crop_r1_l0_p4_0.40,377,0.057688697,shared
70404,blend_soft_crop_r1_l0_p4_0.40,1718,0.069818447,near
70404,blend_soft_crop_r1_l0_p4_0.40,425,0.068734176,mid
70404,blend_soft_crop_r1_l0_p4_0.40,501,0.063046732,far_or_none
70404,blend_soft_crop_r1_l0_p4_0.40,1170,0.066206585,source_s2
70404,blend_soft_crop_r1_l0_p4_0.40,1003,0.071300311,source_landsat
70404,blend_soft_crop_r1_l0_p4_0.40,471,0.067506604,source_modis
70404,blend_soft_all_r2_l0_p4_0.40,2644,0.068386697,all
70404,blend_soft_all_r2_l0_p4_0.40,1888,0.063062032,history
70404,blend_soft_all_r2_l0_p4_0.40,756,0.080154161,2025
70404,blend_soft_all_r2_l0_p4_0.40,2267,0.070024890,new
70404,blend_soft_all_r2_l0_p4_0.40,377,0.057560950,shared
70404,blend_soft_all_r2_l0_p4_0.40,1718,0.069781693,near
70404,blend_soft_all_r2_l0_p4_0.40,425,0.068738318,mid
70404,blend_soft_all_r2_l0_p4_0.40,501,0.063046732,far_or_none
70404,blend_soft_all_r2_l0_p4_0.40,1170,0.066114781,source_s2
70404,blend_soft_all_r2_l0_p4_0.40,1003,0.071193458,source_landsat
70404,blend_soft_all_r2_l0_p4_0.40,471,0.067834648,source_modis
70404,blend_soft_all_r32_l0_p4_0.40,2644,0.069148426,all
70404,blend_soft_all_r32_l0_p4_0.40,1888,0.063479051,history
70404,blend_soft_all_r32_l0_p4_0.40,756,0.081604552,2025
70404,blend_soft_all_r32_l0_p4_0.40,2267,0.070834504,new
70404,blend_soft_all_r32_l0_p4_0.40,377,0.057984841,shared
70404,blend_soft_all_r32_l0_p4_0.40,1718,0.070810536,near
70404,blend_soft_all_r32_l0_p4_0.40,425,0.068805858,mid
70404,blend_soft_all_r32_l0_p4_0.40,501,0.063434086,far_or_none
70404,blend_soft_all_r32_l0_p4_0.40,1170,0.067092716,source_s2
70404,blend_soft_all_r32_l0_p4_0.40,1003,0.072523607,source_landsat
70404,blend_soft_all_r32_l0_p4_0.40,471,0.066775445,source_modis
