anon_polygon_id,date,truth,true_src,year,cohort,near_dist,baseline,expert_post_mode,blend_post_mode_0.40,expert_crop_hier_n1_p67,blend_crop_hier_n1_p67_0.40,expert_soft_all_r1_l0_p4,blend_soft_all_r1_l0_p4_0.40,expert_soft_crop_r1_l0_p4,blend_soft_crop_r1_l0_p4_0.40,expert_soft_all_r2_l0_p4,blend_soft_all_r2_l0_p4_0.40,expert_soft_all_r32_l0_p4,blend_soft_all_r32_l0_p4_0.40
AOI-0001,2010-04-24,0.826187027,landsat,2010,new,12.000000000,0.734382361,0.750040323,0.740645546,0.750040323,0.740645546,0.750040322,0.740645545,0.750040322,0.740645545,0.750040322,0.740645545,0.750040323,0.740645546
AOI-0001,2010-05-18,0.815457015,landsat,2010,new,9.000000000,0.800951847,0.823708751,0.810054609,0.823708751,0.810054609,0.823708750,0.810054608,0.823708750,0.810054608,0.823708750,0.810054608,0.823708751,0.810054609
AOI-0001,2010-05-25,0.842734749,modis,2010,new,9.000000000,0.766772663,0.775900827,0.770423929,0.775900827,0.770423929,0.775900827,0.770423929,0.775900827,0.770423929,0.775900827,0.770423929,0.775900827,0.770423929
AOI-0001,2010-08-30,0.158961740,landsat,2010,new,9.000000000,0.180888555,0.179289314,0.180248859,0.179289314,0.180248859,0.179289314,0.180248859,0.179289314,0.180248859,0.179289314,0.180248859,0.179289314,0.180248859
AOI-0001,2011-04-18,0.178934001,landsat,2011,new,13.000000000,0.175898293,0.199102612,0.185180021,0.199102612,0.185180021,0.199102614,0.185180022,0.199102614,0.185180022,0.199102614,0.185180022,0.199102612,0.185180021
AOI-0001,2011-06-05,0.509495199,landsat,2011,new,12.000000000,0.516497547,0.475283685,0.500012002,0.475283685,0.500012002,0.475283687,0.500012003,0.475283687,0.500012003,0.475283687,0.500012003,0.475283685,0.500012002
AOI-0001,2011-07-15,0.749625255,landsat,2011,new,13.000000000,0.711259961,0.680131658,0.698808640,0.680131658,0.698808640,0.680131656,0.698808639,0.680131656,0.698808639,0.680131656,0.698808639,0.680131658,0.698808640
AOI-0001,2011-08-17,0.353730546,landsat,2011,new,9.000000000,0.405688770,0.406314402,0.405939023,0.406314402,0.405939023,0.406314402,0.405939023,0.406314402,0.405939023,0.406314402,0.405939023,0.406314402,0.405939023
AOI-0001,2011-09-02,0.340670922,landsat,2011,new,12.000000000,0.367258979,0.363401495,0.365715986,0.363401495,0.365715986,0.363401495,0.365715986,0.363401495,0.365715986,0.363401495,0.365715986,0.363401495,0.365715986
AOI-0001,2012-05-06,0.773129315,landsat,2012,new,12.000000000,0.774860588,0.797325816,0.783846679,0.797325816,0.783846679,0.797325813,0.783846678,0.797325813,0.783846678,0.797325813,0.783846678,0.797325816,0.783846679
AOI-0001,2012-05-08,0.721215023,modis,2012,new,9.000000000,0.765516537,0.757096335,0.762148456,0.757096335,0.762148456,0.757096407,0.762148485,0.757096407,0.762148485,0.757096407,0.762148485,0.757172138,0.762178777
AOI-0001,2012-06-25,0.417132103,modis,2012,new,9.000000000,0.350228660,0.347155325,0.348999326,0.347155325,0.348999326,0.345021296,0.348145715,0.345021296,0.348145715,0.345021296,0.348145715,0.346782648,0.348850255
AOI-0001,2013-04-23,0.827776878,modis,2013,new,9.000000000,0.779805654,0.813184803,0.793157314,0.813184803,0.793157314,0.813184803,0.793157314,0.813184803,0.793157314,0.813184803,0.793157314,0.813184803,0.793157314
AOI-0001,2013-05-02,0.820737225,landsat,2013,new,13.000000000,0.771401864,0.810903371,0.787202467,0.810903371,0.787202467,0.810903370,0.787202466,0.810903370,0.787202466,0.810903370,0.787202466,0.810903371,0.787202467
AOI-0001,2013-07-20,0.259646773,landsat,2013,new,12.000000000,0.275023777,0.284215290,0.278700382,0.284215290,0.278700382,0.284215290,0.278700382,0.284215290,0.278700382,0.284215290,0.278700382,0.284215290,0.278700382
AOI-0001,2014-06-10,0.729394383,modis,2014,new,13.000000000,0.735163085,0.756389565,0.743653677,0.756389565,0.743653677,0.756389565,0.743653677,0.756389565,0.743653677,0.756389565,0.743653677,0.756389565,0.743653677
AOI-0001,2014-07-24,0.729056144,landsat,2014,new,9.000000000,0.684587124,0.698655341,0.690214411,0.698655341,0.690214411,0.698655340,0.690214410,0.698655340,0.690214410,0.698655340,0.690214410,0.698655341,0.690214411
AOI-0001,2014-07-31,0.634834597,landsat,2014,new,12.000000000,0.630971644,0.651835612,0.639317232,0.651835612,0.639317232,0.651835611,0.639317231,0.651835611,0.639317231,0.651835611,0.639317231,0.651835612,0.639317232
AOI-0001,2014-09-30,0.256728935,modis,2014,new,12.000000000,0.273614610,0.294197913,0.281847931,0.294197913,0.281847931,0.294197913,0.281847931,0.294197913,0.281847931,0.294197913,0.281847931,0.294197913,0.281847931
AOI-0001,2015-06-10,0.697870673,modis,2015,new,9.000000000,0.668886013,0.690844535,0.677669422,0.690844535,0.677669422,0.691517867,0.677938755,0.691517867,0.677938755,0.691517867,0.677938755,0.690920310,0.677699732
AOI-0001,2015-08-03,0.170435797,landsat,2015,new,12.000000000,0.231967546,0.236787161,0.233895392,0.236787161,0.233895392,0.236787162,0.233895392,0.236787162,0.233895392,0.236787162,0.233895392,0.236787161,0.233895392
AOI-0001,2015-09-14,0.234931875,modis,2015,new,9.000000000,0.234012560,0.244396147,0.238165995,0.244396147,0.238165995,0.244396147,0.238165995,0.244396147,0.238165995,0.244396147,0.238165995,0.244396147,0.238165995
AOI-0001,2015-09-30,0.221970757,modis,2015,new,12.000000000,0.220001892,0.222910171,0.221165203,0.222910171,0.221165203,0.222331839,0.220933871,0.222331839,0.220933871,0.222331839,0.220933871,0.222607769,0.221044243
AOI-0001,2016-05-24,0.695071816,modis,2016,new,12.000000000,0.578712583,0.667402329,0.614188482,0.667402329,0.614188482,0.667395533,0.614185763,0.667395533,0.614185763,0.667395533,0.614185763,0.667402329,0.614188482
AOI-0001,2016-05-25,0.474403474,landsat,2016,new,12.000000000,0.502956036,0.522732649,0.510866681,0.522732649,0.510866681,0.522732649,0.510866681,0.522732649,0.510866681,0.522732649,0.510866681,0.522732649,0.510866681
AOI-0001,2016-07-11,0.356780405,modis,2016,new,9.000000000,0.376817076,0.399347704,0.385829327,0.399347704,0.385829327,0.399344304,0.385827967,0.399344304,0.385827967,0.399344304,0.385827967,0.399347704,0.385829327
AOI-0001,2016-07-12,0.284425795,landsat,2016,new,12.000000000,0.317273741,0.325095663,0.320402510,0.325095663,0.320402510,0.325095663,0.320402510,0.325095663,0.320402510,0.325095663,0.320402510,0.325095663,0.320402510
AOI-0001,2017-05-06,0.762684798,s2,2017,new,9.000000000,0.728426990,0.722059605,0.725880036,0.722059605,0.725880036,0.721326222,0.725586683,0.721326222,0.725586683,0.721326222,0.725586683,0.722012482,0.725861187
AOI-0001,2017-05-28,0.808014924,landsat,2017,new,13.000000000,0.747620961,0.762225725,0.753462867,0.762225725,0.753462867,0.762225723,0.753462866,0.762225723,0.753462866,0.762225723,0.753462866,0.762225725,0.753462867
AOI-0001,2017-07-15,0.433793245,landsat,2017,new,13.000000000,0.408269616,0.376619961,0.395609754,0.376619961,0.395609754,0.376357476,0.395504760,0.376357476,0.395504760,0.376357476,0.395504760,0.376619961,0.395609754
AOI-0001,2017-08-16,0.310318313,landsat,2017,new,27.000000000,0.275865516,0.283858791,0.279062826,0.283858791,0.279062826,0.283858785,0.279062824,0.283858785,0.279062824,0.283858785,0.279062824,0.283858791,0.279062826
AOI-0001,2017-09-25,0.194913441,landsat,2017,new,9.000000000,0.177629830,0.159921322,0.170546427,0.159921322,0.170546427,0.170835760,0.174912202,0.170835760,0.174912202,0.170835760,0.174912202,0.162290554,0.171494120
AOI-0001,2017-09-30,0.274238406,modis,2017,new,9.000000000,0.255002380,0.274825492,0.262931625,0.274825492,0.262931625,0.265606899,0.259244188,0.265606899,0.259244188,0.265606899,0.259244188,0.274825492,0.262931625
AOI-0001,2017-10-11,0.182327273,landsat,2017,new,12.000000000,0.204103880,0.203850624,0.204002578,0.203850624,0.204002578,0.203844925,0.204000298,0.203844925,0.204000298,0.203844925,0.204000298,0.203850624,0.204002578
AOI-0001,2018-05-11,0.853670671,s2,2018,new,inf,0.778926837,0.793462555,0.784741124,0.793462555,0.784741124,0.793462555,0.784741124,0.793462555,0.784741124,0.793462555,0.784741124,0.793462555,0.784741124
AOI-0001,2018-06-24,0.247347311,landsat,2018,new,inf,0.323439522,0.297754167,0.313165380,0.297754167,0.313165380,0.297718785,0.313151227,0.297718785,0.313151227,0.297718785,0.313151227,0.257579078,0.297095344
AOI-0001,2018-07-18,0.174383711,landsat,2018,new,inf,0.261533736,0.254012593,0.258525279,0.254012593,0.258525279,0.254012597,0.258525281,0.254012597,0.258525281,0.254012597,0.258525281,0.254012597,0.258525281
AOI-0001,2018-08-27,0.186536996,landsat,2018,new,16.000000000,0.288194722,0.282432215,0.285889720,0.282432215,0.285889720,0.282432214,0.285889719,0.282432214,0.285889719,0.282432214,0.285889719,0.282432215,0.285889720
AOI-0001,2018-09-21,0.174560853,landsat,2018,new,12.000000000,0.196463822,0.192287030,0.194793105,0.192287030,0.194793105,0.192287030,0.194793106,0.192287030,0.194793106,0.192287030,0.194793106,0.192287030,0.194793105
AOI-0001,2018-10-08,0.191049437,s2,2018,new,inf,0.180416913,0.171398359,0.176809491,0.171398359,0.176809491,0.171398361,0.176809492,0.171398361,0.176809492,0.171398361,0.176809492,0.171398361,0.176809492
AOI-0001,2018-10-30,0.160495584,landsat,2018,new,13.000000000,0.198818495,0.207757587,0.202394132,0.207757587,0.202394132,0.207757587,0.202394132,0.207757587,0.202394132,0.207757587,0.202394132,0.207757587,0.202394132
AOI-0001,2019-05-16,0.621876829,s2,2019,new,9.000000000,0.582026688,0.612370625,0.594164263,0.612370625,0.594164263,0.612370625,0.594164263,0.612370625,0.594164263,0.612370625,0.594164263,0.612370625,0.594164263
AOI-0001,2019-06-30,0.335507636,s2,2019,new,12.000000000,0.346794789,0.341146685,0.344535547,0.341146685,0.344535547,0.342333977,0.345010464,0.342333977,0.345010464,0.342333977,0.345010464,0.345621914,0.346325639
AOI-0001,2019-07-05,0.335256180,s2,2019,new,9.000000000,0.352687022,0.364607680,0.357455286,0.364607680,0.357455286,0.364607681,0.357455286,0.364607681,0.357455286,0.364607681,0.357455286,0.364607680,0.357455286
AOI-0001,2019-07-20,0.403791039,s2,2019,new,12.000000000,0.453822596,0.375530071,0.422505586,0.375530071,0.422505586,0.375530072,0.422505586,0.375530072,0.422505586,0.375530072,0.422505586,0.375530071,0.422505586
AOI-0001,2019-07-30,0.257184664,s2,2019,new,13.000000000,0.420166308,0.400303145,0.412221043,0.400303145,0.412221043,0.400527232,0.412310678,0.400527232,0.412310678,0.400527232,0.412310678,0.454729363,0.433991530
AOI-0001,2019-08-29,0.240424673,s2,2019,new,9.000000000,0.232246648,0.222400984,0.228308382,0.222400984,0.228308382,0.223846718,0.228886676,0.223846718,0.228886676,0.223846718,0.228886676,0.225380600,0.229500229
AOI-0001,2019-09-28,0.196401179,s2,2019,new,inf,0.176585368,0.165983972,0.172344809,0.165983972,0.172344809,0.165983984,0.172344814,0.165983984,0.172344814,0.165983984,0.172344814,0.165983984,0.172344814
AOI-0001,2019-10-26,0.275445262,landsat,2019,new,9.000000000,0.304766633,0.323230677,0.312152251,0.323230677,0.312152251,0.323212507,0.312144983,0.323212507,0.312144983,0.323212507,0.312144983,0.323230677,0.312152251
AOI-0001,2020-04-10,0.543610797,s2,2020,new,9.000000000,0.544026758,0.532295522,0.539334264,0.532295522,0.539334264,0.532295974,0.539334445,0.532295974,0.539334445,0.532295974,0.539334445,0.532295522,0.539334264
AOI-0001,2020-04-22,0.711673743,modis,2020,new,9.000000000,0.683076531,0.599163759,0.649511422,0.599163759,0.649511422,0.617543456,0.656863301,0.617543456,0.656863301,0.617543456,0.656863301,0.600754695,0.650147797
AOI-0001,2020-06-06,0.836227323,landsat,2020,new,12.000000000,0.818578522,0.817073813,0.817976638,0.817073813,0.817976638,0.817074292,0.817976830,0.817074292,0.817976830,0.817074292,0.817976830,0.817073813,0.817976638
AOI-0001,2020-07-24,0.185781310,s2,2020,new,9.000000000,0.177645813,0.172072442,0.175416465,0.172072442,0.175416465,0.172526226,0.175597978,0.172526226,0.175597978,0.172526226,0.175597978,0.172798864,0.175707034
AOI-0001,2020-08-09,0.229620971,landsat,2020,new,9.000000000,0.220140985,0.217704088,0.219166226,0.217704088,0.219166226,0.217704088,0.219166226,0.217704088,0.219166226,0.217704088,0.219166226,0.217704088,0.219166226
AOI-0001,2020-08-13,0.233216853,s2,2020,new,12.000000000,0.207231080,0.215777450,0.210649628,0.215777450,0.210649628,0.215777451,0.210649628,0.215777451,0.210649628,0.215777451,0.210649628,0.215777450,0.210649628
AOI-0001,2020-08-28,0.353725147,modis,2020,new,9.000000000,0.334338198,0.343305941,0.337925295,0.343305941,0.337925295,0.343305055,0.337924941,0.343305055,0.337924941,0.343305055,0.337924941,0.343305941,0.337925295
AOI-0001,2021-06-14,0.416656409,s2,2021,new,13.000000000,0.440838197,0.386974140,0.419292574,0.386974140,0.419292574,0.386974140,0.419292574,0.386974140,0.419292574,0.386974140,0.419292574,0.386974140,0.419292574
AOI-0001,2021-06-26,0.650093893,modis,2021,new,9.000000000,0.617256862,0.513042325,0.575571047,0.513042325,0.575571047,0.559251095,0.594054555,0.559251095,0.594054555,0.559251095,0.594054555,0.524631716,0.580206804
AOI-0001,2021-07-14,0.675536778,s2,2021,new,9.000000000,0.665969071,0.665763004,0.665886644,0.665763004,0.665886644,0.665763004,0.665886644,0.665763004,0.665886644,0.665763004,0.665886644,0.665763004,0.665886644
AOI-0001,2021-07-19,0.677455353,s2,2021,new,9.000000000,0.650254828,0.660509310,0.654356621,0.660509310,0.654356621,0.660520589,0.654361132,0.660520589,0.654361132,0.660520589,0.654361132,0.660509310,0.654356621
AOI-0001,2021-07-29,0.621760655,s2,2021,new,9.000000000,0.624834010,0.636345831,0.629438738,0.636345831,0.629438738,0.636382408,0.629453369,0.636382408,0.629453369,0.636382408,0.629453369,0.637149990,0.629760402
AOI-0001,2021-08-18,0.618366631,s2,2021,new,12.000000000,0.406660795,0.474434833,0.433770410,0.474434833,0.433770410,0.474434833,0.433770410,0.474434833,0.433770410,0.474434833,0.433770410,0.474434833,0.433770410
AOI-0001,2021-09-30,0.283991574,modis,2021,new,12.000000000,0.267758894,0.320364150,0.288800997,0.320364150,0.288800997,0.317106917,0.287498103,0.317106917,0.287498103,0.317106917,0.287498103,0.315889820,0.287011264
AOI-0001,2021-10-02,0.250655274,s2,2021,new,9.000000000,0.184464754,0.184556505,0.184501455,0.184556505,0.184501455,0.184556506,0.184501455,0.184556506,0.184501455,0.184556506,0.184501455,0.184556505,0.184501455
AOI-0001,2022-05-25,0.797557642,modis,2022,new,9.000000000,0.754867693,0.786960794,0.767704933,0.786960794,0.767704933,0.785002132,0.766921469,0.785002132,0.766921469,0.785002132,0.766921469,0.785958364,0.767303962
AOI-0001,2022-05-26,0.755293172,landsat,2022,new,27.000000000,0.798829196,0.825723221,0.809586806,0.825723221,0.809586806,0.825723220,0.809586806,0.825723220,0.809586806,0.825723220,0.809586806,0.825723221,0.809586806
AOI-0001,2022-06-18,0.706144900,landsat,2022,new,27.000000000,0.677589390,0.680579125,0.678785284,0.680579125,0.678785284,0.680582036,0.678786449,0.680582036,0.678786449,0.680582036,0.678786449,0.681075892,0.678983991
AOI-0001,2022-06-19,0.696627067,s2,2022,new,9.000000000,0.658388311,0.673254148,0.664334646,0.673254148,0.664334646,0.673254123,0.664334636,0.673254123,0.664334636,0.673254123,0.664334636,0.673254148,0.664334646
AOI-0001,2022-07-09,0.334932270,s2,2022,new,9.000000000,0.338139609,0.348207902,0.342166926,0.348207902,0.342166926,0.348207903,0.342166926,0.348207903,0.342166926,0.348207903,0.342166926,0.348207902,0.342166926
AOI-0001,2022-08-06,0.341229286,landsat,2022,new,13.000000000,0.336964192,0.310758975,0.326482105,0.310758975,0.326482105,0.310968212,0.326565800,0.310968212,0.326565800,0.310968212,0.326565800,0.310758975,0.326482105
AOI-0001,2022-10-02,0.193714217,s2,2022,new,13.000000000,0.203638546,0.199650832,0.202043461,0.199650832,0.202043461,0.202109446,0.203026906,0.202109446,0.203026906,0.202109446,0.203026906,0.202716806,0.203269850
AOI-0001,2022-10-22,0.191111251,s2,2022,new,12.000000000,0.237074961,0.192588828,0.219280507,0.192588828,0.219280507,0.192588829,0.219280508,0.192588829,0.219280508,0.192588829,0.219280508,0.192588828,0.219280507
AOI-0001,2023-04-27,0.539404400,landsat,2023,new,12.000000000,0.563347488,0.611282600,0.582521533,0.611282600,0.582521533,0.612927295,0.583179411,0.612927295,0.583179411,0.612927295,0.583179411,0.611303738,0.582529988
AOI-0001,2023-06-10,0.803332169,modis,2023,new,9.000000000,0.812077885,0.798698222,0.806726020,0.798698222,0.806726020,0.798698222,0.806726020,0.798698222,0.806726020,0.798698222,0.806726020,0.798698222,0.806726020
AOI-0001,2023-06-24,0.666461717,s2,2023,new,12.000000000,0.745336097,0.711761065,0.731906084,0.711761065,0.731906084,0.713630941,0.732654035,0.713630941,0.732654035,0.713630941,0.732654035,0.711761065,0.731906084
AOI-0001,2023-07-14,0.203637719,s2,2023,new,9.000000000,0.270907420,0.218554866,0.249966399,0.218554866,0.249966399,0.218554868,0.249966399,0.218554868,0.249966399,0.218554868,0.249966399,0.218554866,0.249966399
AOI-0001,2023-07-24,0.173264998,s2,2023,new,inf,0.261093234,0.297623578,0.275705372,0.297623578,0.275705372,0.263789201,0.262171621,0.263789201,0.262171621,0.263789201,0.262171621,0.263789201,0.262171621
AOI-0001,2023-08-01,0.237469078,landsat,2023,new,9.000000000,0.273013669,0.270629150,0.272059861,0.270629150,0.272059861,0.270619595,0.272056040,0.270619595,0.272056040,0.270619595,0.272056040,0.270629150,0.272059861
AOI-0001,2023-09-02,0.213812093,s2,2023,new,12.000000000,0.228274272,0.202313101,0.217889804,0.202313101,0.217889804,0.202313105,0.217889806,0.202313105,0.217889806,0.202313105,0.217889806,0.202313101,0.217889804
AOI-0001,2023-09-19,0.276338557,landsat,2023,new,12.000000000,0.230298781,0.231538422,0.230794637,0.231538422,0.230794637,0.231544763,0.230797174,0.231544763,0.230797174,0.231544763,0.230797174,0.231538422,0.230794637
AOI-0001,2024-04-09,0.703390157,s2,2024,new,13.000000000,0.642617861,0.646993177,0.644367988,0.646993177,0.644367988,0.646993178,0.644367988,0.646993178,0.644367988,0.646993178,0.644367988,0.646993177,0.644367988
AOI-0001,2024-05-08,0.869160941,modis,2024,new,12.000000000,0.781320382,0.783120337,0.782040364,0.783120337,0.782040364,0.783119562,0.782040054,0.783119562,0.782040054,0.783119562,0.782040054,0.782920419,0.781960397
AOI-0001,2024-08-11,0.234949350,landsat,2024,new,27.000000000,0.220313485,0.251257620,0.232691139,0.251257620,0.232691139,0.249992936,0.232185265,0.249992936,0.232185265,0.249992936,0.232185265,0.187093872,0.207025640
AOI-0001,2024-08-12,0.156739135,s2,2024,new,12.000000000,0.226068962,0.186082978,0.210074568,0.186082978,0.210074568,0.186743054,0.210338599,0.186743054,0.210338599,0.186743054,0.210338599,0.234807048,0.229564197
AOI-0001,2024-08-22,0.150492171,s2,2024,new,9.000000000,0.167200502,0.161466488,0.164906896,0.161466488,0.164906896,0.161470634,0.164908555,0.161470634,0.164908555,0.161470634,0.164908555,0.161689763,0.164996206
AOI-0001,2024-09-28,0.198125204,landsat,2024,new,12.000000000,0.162165596,0.149875486,0.157249552,0.149875486,0.157249552,0.150699144,0.157579015,0.150699144,0.157579015,0.150699144,0.157579015,0.149931901,0.157272118
AOI-0001,2025-04-07,0.365261888,modis,2025,new,2.000000000,0.438116642,0.472628496,0.451921384,0.472628496,0.451921384,0.472625476,0.451920176,0.472625476,0.451920176,0.472628496,0.451921384,0.472628496,0.451921384
AOI-0001,2025-04-17,0.331291943,landsat,2025,new,1.000000000,0.321390960,0.324712238,0.322719471,0.324712238,0.322719471,0.324712238,0.322719471,0.324712238,0.322719471,0.324712238,0.322719471,0.324712238,0.322719471
AOI-0001,2025-06-10,0.486471053,s2,2025,new,1.000000000,0.544873160,0.511979462,0.531715681,0.511979462,0.531715681,0.511979462,0.531715681,0.511979462,0.531715681,0.511979462,0.531715681,0.541460817,0.543508223
AOI-0001,2025-08-06,0.345553736,landsat,2025,new,2.000000000,0.304489451,0.303826388,0.304224226,0.303826388,0.304224226,0.305194757,0.304771573,0.305194757,0.304771573,0.303826388,0.304224226,0.305005820,0.304695998
AOI-0001,2025-08-14,0.296473697,landsat,2025,new,3.000000000,0.245300435,0.229545751,0.238998561,0.285473902,0.261369822,0.230743418,0.239477628,0.230743418,0.239477628,0.230743418,0.239477628,0.242988422,0.244375630
AOI-0001,2025-09-07,0.269992431,landsat,2025,new,1.000000000,0.237406466,0.234228071,0.236135108,0.234228071,0.236135108,0.234228071,0.236135108,0.234228071,0.236135108,0.234228071,0.236135108,0.234228071,0.236135108
AOI-0001,2025-09-21,0.191047551,s2,2025,new,1.000000000,0.201035743,0.202295976,0.201539836,0.202295976,0.201539836,0.202295976,0.201539836,0.202295976,0.201539836,0.202295976,0.201539836,0.202295976,0.201539836
AOI-0002,2025-04-01,0.414078359,s2,2025,shared,1.000000000,0.575860482,0.634921627,0.599484940,0.634921627,0.599484940,0.634921627,0.599484940,0.634921627,0.599484940,0.634921627,0.599484940,0.634921627,0.599484940
AOI-0002,2025-04-07,0.748360525,modis,2025,shared,1.000000000,0.782406629,0.784071249,0.783072477,0.784071249,0.783072477,0.784071249,0.783072477,0.784071249,0.783072477,0.784071249,0.783072477,0.784071249,0.783072477
AOI-0002,2025-06-08,0.411739699,s2,2025,shared,1.000000000,0.499668214,0.455009745,0.481804826,0.455009745,0.481804826,0.455009745,0.481804826,0.455009745,0.481804826,0.455009745,0.481804826,0.455009745,0.481804826
AOI-0002,2025-07-12,0.381102291,modis,2025,shared,1.000000000,0.316145228,0.336043407,0.324104499,0.336043407,0.324104499,0.336043407,0.324104499,0.336043407,0.324104499,0.336043407,0.324104499,0.335995051,0.324085157
AOI-0002,2025-07-21,0.283664363,landsat,2025,shared,1.000000000,0.262804730,0.262511523,0.262687447,0.262511523,0.262687447,0.262511523,0.262687447,0.262511523,0.262687447,0.262511523,0.262687447,0.262511523,0.262687447
AOI-0002,2025-08-06,0.237322813,landsat,2025,shared,1.000000000,0.189357050,0.172009837,0.182418165,0.172009837,0.182418165,0.172009837,0.182418165,0.172009837,0.182418165,0.197298955,0.192533812,0.173909211,0.183177914
AOI-0002,2025-09-14,0.272000095,modis,2025,shared,1.000000000,0.264093125,0.259737037,0.262350690,0.259737037,0.262350690,0.259737037,0.262350690,0.259737037,0.262350690,0.259737037,0.262350690,0.259737037,0.262350690
AOI-0003,2025-04-17,0.779998491,landsat,2025,shared,1.000000000,0.808322442,0.839271755,0.820702167,0.839271755,0.820702167,0.839271755,0.820702167,0.839271755,0.820702167,0.839271755,0.820702167,0.839271755,0.820702167
AOI-0003,2025-06-07,0.703271869,s2,2025,shared,4.000000000,0.694283336,0.698335749,0.695904301,0.698335749,0.695904301,0.698335749,0.695904301,0.698335749,0.695904301,0.698335749,0.695904301,0.698335749,0.695904301
AOI-0003,2025-06-26,0.301373321,modis,2025,shared,2.000000000,0.338890687,0.324190141,0.333010469,0.324190141,0.333010469,0.324190141,0.333010469,0.324190141,0.333010469,0.324190141,0.333010469,0.324190141,0.333010469
AOI-0003,2025-07-05,0.173645097,s2,2025,shared,1.000000000,0.190808554,0.174916551,0.184451753,0.245173187,0.212554407,0.245173187,0.212554407,0.245173187,0.212554407,0.245173187,0.212554407,0.175990069,0.184881160
AOI-0003,2025-07-06,0.285000535,landsat,2025,shared,8.000000000,0.234588128,0.239616185,0.236599351,0.239616185,0.236599351,0.239615016,0.236598883,0.239615016,0.236598883,0.239615016,0.236598883,0.239616185,0.236599351
AOI-0003,2025-07-08,0.176036192,s2,2025,shared,1.000000000,0.181335712,0.172301631,0.177722080,0.172301631,0.177722080,0.172301631,0.177722080,0.172301631,0.177722080,0.172301631,0.177722080,0.172364558,0.177747251
AOI-0003,2025-07-28,0.161390852,s2,2025,shared,1.000000000,0.192073041,0.155193635,0.177321279,0.155193635,0.177321279,0.155193635,0.177321279,0.155193635,0.177321279,0.155193635,0.177321279,0.155871208,0.177592308
AOI-0003,2025-08-27,0.179766589,s2,2025,shared,1.000000000,0.171551808,0.170114576,0.170976915,0.170114576,0.170976915,0.170114576,0.170976915,0.170114576,0.170976915,0.170114576,0.170976915,0.170114576,0.170976915
AOI-0003,2025-09-05,0.155682871,s2,2025,shared,8.000000000,0.172071206,0.159385132,0.166996776,0.159385132,0.166996776,0.159385138,0.166996779,0.159385138,0.166996779,0.159385138,0.166996779,0.159385132,0.166996776
AOI-0003,2025-09-25,0.215557507,s2,2025,shared,4.000000000,0.216393052,0.214341136,0.215572286,0.214341136,0.215572286,0.214359146,0.215579490,0.214359146,0.215579490,0.214359146,0.215579490,0.214341136,0.215572286
AOI-0003,2025-10-16,0.277330643,s2,2025,shared,1.000000000,0.310715236,0.265200460,0.292509326,0.265200460,0.292509326,0.265200460,0.292509326,0.265200460,0.292509326,0.265200460,0.292509326,0.265844695,0.292767020
AOI-0004,2025-04-01,0.272464443,s2,2025,shared,1.000000000,0.428172458,0.367647867,0.403962622,0.367647867,0.403962622,0.367647867,0.403962622,0.367647867,0.403962622,0.367647867,0.403962622,0.367647867,0.403962622
AOI-0004,2025-06-11,0.634821551,landsat,2025,shared,1.000000000,0.663720014,0.683331001,0.671564409,0.683331001,0.671564409,0.683331001,0.671564409,0.683331001,0.671564409,0.683331001,0.671564409,0.683331001,0.671564409
AOI-0004,2025-06-26,0.643680790,modis,2025,shared,1.000000000,0.624036673,0.633881066,0.627974430,0.633881066,0.627974430,0.633881066,0.627974430,0.633881066,0.627974430,0.633881066,0.627974430,0.633881066,0.627974430
AOI-0004,2025-07-28,0.457048500,s2,2025,shared,2.000000000,0.442192714,0.438389834,0.440671562,0.438389834,0.440671562,0.438812896,0.440840787,0.438812896,0.440840787,0.438389834,0.440671562,0.438462681,0.440700701
AOI-0004,2025-08-07,0.388208454,s2,2025,shared,1.000000000,0.398034000,0.388908438,0.394383775,0.388908438,0.394383775,0.388908438,0.394383775,0.388908438,0.394383775,0.388908438,0.394383775,0.388908438,0.394383775
AOI-0004,2025-08-17,0.380859524,s2,2025,shared,1.000000000,0.373816070,0.375600359,0.374529785,0.375600359,0.374529785,0.375600359,0.374529785,0.375600359,0.374529785,0.375600359,0.374529785,0.375665661,0.374555906
AOI-0004,2025-09-21,0.321574946,s2,2025,shared,1.000000000,0.321591703,0.291214503,0.309440823,0.291214503,0.309440823,0.291214503,0.309440823,0.291214503,0.309440823,0.291214503,0.309440823,0.291214503,0.309440823
AOI-0005,2025-04-16,0.578843947,landsat,2025,new,1.000000000,0.581613336,0.594910260,0.586932106,0.601183496,0.589441400,0.601183496,0.589441400,0.601183496,0.589441400,0.595279274,0.587079711,0.595093809,0.587005525
AOI-0005,2025-04-17,0.562327902,landsat,2025,new,1.000000000,0.602499655,0.609815318,0.605425921,0.609815318,0.605425921,0.609815318,0.605425921,0.609815318,0.605425921,0.609815318,0.605425921,0.609815318,0.605425921
AOI-0005,2025-05-19,0.432225752,s2,2025,new,1.000000000,0.662681285,0.640676056,0.653879193,0.640676056,0.653879193,0.640676056,0.653879193,0.640676056,0.653879193,0.675546498,0.667827370,0.710247279,0.681707683
AOI-0005,2025-07-28,0.381684061,s2,2025,new,3.000000000,0.360614690,0.342645466,0.353427000,0.342645466,0.353427000,0.346497125,0.354967664,0.346497125,0.354967664,0.346497125,0.354967664,0.343858364,0.353912160
AOI-0005,2025-08-13,0.345290685,modis,2025,new,1.000000000,0.385657020,0.405352777,0.393535323,0.405352777,0.393535323,0.405352777,0.393535323,0.405352777,0.393535323,0.405352777,0.393535323,0.405352777,0.393535323
AOI-0005,2025-08-22,0.289699470,s2,2025,new,1.000000000,0.311912458,0.297490893,0.306143832,0.297490893,0.306143832,0.297490893,0.306143832,0.297490893,0.306143832,0.297490893,0.306143832,0.297490893,0.306143832
AOI-0005,2025-09-11,0.171794967,s2,2025,new,1.000000000,0.253070465,0.249752506,0.251743281,0.249752506,0.251743281,0.249752506,0.251743281,0.249752506,0.251743281,0.249752506,0.251743281,0.249752506,0.251743281
AOI-0005,2025-09-16,0.258095417,s2,2025,new,1.000000000,0.267763983,0.278934548,0.272232209,0.278934548,0.272232209,0.278934548,0.272232209,0.278934548,0.272232209,0.279139557,0.272314213,0.279014785,0.272264304
AOI-0006,2025-04-16,0.267094942,landsat,2025,new,1.000000000,0.210899132,0.232092668,0.219376546,0.232092668,0.219376546,0.232092668,0.219376546,0.232092668,0.219376546,0.233926868,0.220110226,0.232760398,0.219643638
AOI-0006,2025-05-19,0.239524739,s2,2025,new,1.000000000,0.311797633,0.280684300,0.299352299,0.335193987,0.321156174,0.335193987,0.321156174,0.335193987,0.321156174,0.307939143,0.310254237,0.335061380,0.321103132
AOI-0006,2025-05-24,0.323386870,s2,2025,new,1.000000000,0.335567021,0.387471700,0.356328892,0.387471700,0.356328892,0.387471700,0.356328892,0.387471700,0.356328892,0.387471700,0.356328892,0.387471700,0.356328892
AOI-0006,2025-08-02,0.271521875,s2,2025,new,1.000000000,0.318711422,0.326309569,0.321750681,0.326309569,0.321750681,0.326309569,0.321750681,0.326309569,0.321750681,0.326309569,0.321750681,0.326309569,0.321750681
AOI-0006,2025-08-13,0.319843920,modis,2025,new,2.000000000,0.345699561,0.360362033,0.351564550,0.360362033,0.351564550,0.360131782,0.351472449,0.360131782,0.351472449,0.360362033,0.351564550,0.360362033,0.351564550
AOI-0006,2025-08-14,1.749495620,landsat,2025,new,1.000000000,0.275688619,0.259661127,0.269277622,0.325169070,0.295480800,0.325169070,0.295480800,0.325169070,0.295480800,0.321315662,0.293939436,0.271898403,0.274172533
AOI-0006,2025-09-01,0.158386769,s2,2025,new,1.000000000,0.210230754,0.204529566,0.207950279,0.204529566,0.207950279,0.204529566,0.207950279,0.204529566,0.207950279,0.204529566,0.207950279,0.204564285,0.207964167
AOI-0006,2025-09-26,0.185485550,s2,2025,new,1.000000000,0.190366634,0.185960439,0.188604156,0.185960439,0.188604156,0.185960439,0.188604156,0.185960439,0.188604156,0.185960439,0.188604156,0.186126666,0.188670647
AOI-0007,2025-06-15,0.364978097,s2,2025,shared,1.000000000,0.282411435,0.215826726,0.255777552,0.215826726,0.255777552,0.215826726,0.255777552,0.215826726,0.255777552,0.215826726,0.255777552,0.215826726,0.255777552
AOI-0007,2025-07-07,0.242195666,s2,2025,shared,1.000000000,0.203278209,0.188929164,0.197538591,0.188929164,0.197538591,0.188929164,0.197538591,0.188929164,0.197538591,0.188929164,0.197538591,0.188929164,0.197538591
AOI-0007,2025-07-13,0.156300809,s2,2025,shared,1.000000000,0.156596403,0.141789602,0.150673682,0.141789602,0.150673682,0.141789602,0.150673682,0.141789602,0.150673682,0.141789602,0.150673682,0.141789602,0.150673682
AOI-0007,2025-07-23,0.136891801,s2,2025,shared,1.000000000,0.145407200,0.135128057,0.141295543,0.135128057,0.141295543,0.135128057,0.141295543,0.135128057,0.141295543,0.135128057,0.141295543,0.135968255,0.141631622
AOI-0007,2025-08-06,0.134822085,s2,2025,shared,1.000000000,0.152700322,0.132989552,0.144816014,0.181902323,0.164381122,0.181902323,0.164381122,0.181902323,0.164381122,0.179025101,0.163230233,0.133830102,0.145152234
AOI-0007,2025-08-27,0.150301527,s2,2025,shared,1.000000000,0.150429593,0.143656684,0.147720429,0.143656684,0.147720429,0.143656684,0.147720429,0.143656684,0.147720429,0.143656684,0.147720429,0.143656684,0.147720429
AOI-0007,2025-08-29,0.148134751,s2,2025,shared,1.000000000,0.153113586,0.143445563,0.149246377,0.143445563,0.149246377,0.143445563,0.149246377,0.143445563,0.149246377,0.143445563,0.149246377,0.143445563,0.149246377
AOI-0007,2025-09-05,0.114494059,s2,2025,shared,4.000000000,0.146930369,0.154656519,0.150020829,0.154656519,0.150020829,0.154656522,0.150020830,0.154656522,0.150020830,0.154656522,0.150020830,0.154656519,0.150020829
AOI-0007,2025-09-08,0.152982832,s2,2025,shared,1.000000000,0.141658921,0.149934404,0.144969114,0.149934404,0.144969114,0.153161296,0.146259871,0.153161296,0.146259871,0.150013109,0.145000596,0.149935742,0.144969649
AOI-0007,2025-09-15,0.163987335,s2,2025,shared,1.000000000,0.164308276,0.162321019,0.163513374,0.162321019,0.163513374,0.182630859,0.171637310,0.182630859,0.171637310,0.182630859,0.171637310,0.164710412,0.164469131
AOI-0007,2025-10-13,0.157854675,s2,2025,shared,1.000000000,0.255184730,0.261216386,0.257597392,0.261216386,0.257597392,0.261216386,0.257597392,0.261216386,0.257597392,0.261216386,0.257597392,0.261216386,0.257597392
AOI-0008,2025-04-28,0.888832635,s2,2025,shared,1.000000000,0.882744117,0.877757937,0.880749645,0.877757937,0.880749645,0.877757937,0.880749645,0.877757937,0.880749645,0.877757937,0.880749645,0.877757937,0.880749645
AOI-0008,2025-05-09,0.840398554,modis,2025,shared,1.000000000,0.851387090,0.843373693,0.848181731,0.843373693,0.848181731,0.843373693,0.848181731,0.843373693,0.848181731,0.843373693,0.848181731,0.843366093,0.848178692
AOI-0008,2025-06-10,0.542555165,modis,2025,shared,1.000000000,0.689344873,0.758161509,0.716871528,0.624933050,0.663580144,0.624933050,0.663580144,0.624933050,0.663580144,0.626557787,0.664230039,0.728274618,0.704916771
AOI-0008,2025-07-14,0.250858190,landsat,2025,shared,1.000000000,0.216119323,0.244676374,0.227542143,0.244676374,0.227542143,0.244676374,0.227542143,0.244676374,0.227542143,0.244676374,0.227542143,0.230368601,0.221819034
AOI-0008,2025-07-23,0.176213699,s2,2025,shared,1.000000000,0.168833343,0.149752052,0.161200826,0.149752052,0.161200826,0.149752052,0.161200826,0.149752052,0.161200826,0.149752052,0.161200826,0.150511196,0.161504484
AOI-0008,2025-07-28,0.151275594,s2,2025,shared,2.000000000,0.183536484,0.155624888,0.172371846,0.155624888,0.172371846,0.160343690,0.174259366,0.160343690,0.174259366,0.155624888,0.172371846,0.161310948,0.174646270
AOI-0008,2025-08-06,0.123716145,s2,2025,shared,1.000000000,0.159765446,0.145616487,0.154105862,0.145616487,0.154105862,0.145616487,0.154105862,0.145616487,0.154105862,0.148500669,0.155259535,0.146323796,0.154388786
AOI-0008,2025-08-09,0.136267485,s2,2025,shared,1.000000000,0.137901066,0.144715769,0.140626947,0.144715769,0.140626947,0.144715769,0.140626947,0.144715769,0.140626947,0.144715769,0.140626947,0.144715769,0.140626947
AOI-0008,2025-08-17,0.152550288,s2,2025,shared,1.000000000,0.157819201,0.147532319,0.153704448,0.147532319,0.153704448,0.147532319,0.153704448,0.147532319,0.153704448,0.147532319,0.153704448,0.148039496,0.153907319
AOI-0008,2025-08-31,0.190675741,landsat,2025,shared,1.000000000,0.186541890,0.189574231,0.187754826,0.189574231,0.187754826,0.189574231,0.187754826,0.189574231,0.187754826,0.189574231,0.187754826,0.188107183,0.187168007
AOI-0009,2025-04-29,0.857521426,s2,2025,new,1.000000000,0.822864253,0.831219619,0.826206399,0.831219619,0.826206399,0.831219619,0.826206399,0.831219619,0.826206399,0.831219619,0.826206399,0.831219619,0.826206399
AOI-0009,2025-05-14,0.884278100,s2,2025,new,1.000000000,0.825516327,0.838936044,0.830884214,0.838936044,0.830884214,0.838936044,0.830884214,0.838936044,0.830884214,0.838936044,0.830884214,0.838936044,0.830884214
AOI-0009,2025-05-16,0.833185968,s2,2025,new,1.000000000,0.824019813,0.844692516,0.832288895,0.844692516,0.832288895,0.844692516,0.832288895,0.844692516,0.832288895,0.844692516,0.832288895,0.844692516,0.832288895
AOI-0009,2025-05-27,0.750391294,landsat,2025,new,1.000000000,0.762930417,0.784936688,0.771732925,0.784936688,0.771732925,0.784936688,0.771732925,0.784936688,0.771732925,0.784936688,0.771732925,0.784936688,0.771732925
AOI-0009,2025-06-26,0.309830481,modis,2025,new,1.000000000,0.326918176,0.326321850,0.326679646,0.326321850,0.326679646,0.326321850,0.326679646,0.326321850,0.326679646,0.326321850,0.326679646,0.326321850,0.326679646
AOI-0009,2025-07-06,0.253961828,landsat,2025,new,2.000000000,0.242222287,0.243404108,0.242695016,0.243404108,0.242695016,0.243403138,0.242694628,0.243403138,0.242694628,0.243404108,0.242695016,0.243404108,0.242695016
AOI-0009,2025-07-07,0.159930308,s2,2025,new,1.000000000,0.190098306,0.187208588,0.188942419,0.187208588,0.188942419,0.187208588,0.188942419,0.187208588,0.188942419,0.187208588,0.188942419,0.187208588,0.188942419
AOI-0009,2025-07-15,0.152654229,s2,2025,new,1.000000000,0.163613013,0.154799878,0.160087759,0.154799878,0.160087759,0.154799878,0.160087759,0.154799878,0.160087759,0.154799878,0.160087759,0.154800240,0.160087904
AOI-0009,2025-07-18,0.162344169,s2,2025,new,1.000000000,0.161820418,0.150228948,0.157183830,0.150228948,0.157183830,0.150228948,0.157183830,0.150228948,0.157183830,0.150228948,0.157183830,0.150228948,0.157183830
AOI-0009,2025-07-28,0.168276513,s2,2025,new,1.000000000,0.173647785,0.150260445,0.164292849,0.150260445,0.164292849,0.150260445,0.164292849,0.150260445,0.164292849,0.150260445,0.164292849,0.160627442,0.168439648
AOI-0009,2025-09-05,0.049364173,s2,2025,new,2.000000000,0.147801663,0.149018434,0.148288372,0.149018434,0.148288372,0.149018437,0.148288373,0.149018437,0.148288373,0.149018434,0.148288372,0.149018434,0.148288372
AOI-0010,2010-06-26,0.346234694,modis,2010,new,3.000000000,0.353634907,0.357574792,0.355210861,0.357574792,0.355210861,0.357574792,0.355210861,0.357574792,0.355210861,0.357574792,0.355210861,0.357574792,0.355210861
AOI-0010,2010-08-13,0.337248980,modis,2010,new,3.000000000,0.256055667,0.275568253,0.263860702,0.275568253,0.263860702,0.275564338,0.263859135,0.275564338,0.263859135,0.275564338,0.263859135,0.275568253,0.263860702
AOI-0010,2010-08-29,0.298695918,modis,2010,new,3.000000000,0.233562918,0.259434282,0.243911464,0.199982867,0.220130898,0.238513456,0.235543133,0.238513456,0.235543133,0.238513456,0.235543133,0.200214196,0.220223429
AOI-0010,2011-06-22,0.308472943,landsat,2011,new,3.000000000,0.416906481,0.350441772,0.390320597,0.350441772,0.390320597,0.350441771,0.390320597,0.350441771,0.390320597,0.350441771,0.390320597,0.350441772,0.390320597
AOI-0010,2011-07-28,0.376180612,modis,2011,new,3.000000000,0.322471992,0.348995985,0.333081589,0.348995985,0.333081589,0.348995985,0.333081589,0.348995985,0.333081589,0.348995985,0.333081589,0.348995985,0.333081589
AOI-0010,2011-09-02,0.219734925,landsat,2011,new,3.000000000,0.209139647,0.207673371,0.208553136,0.207673371,0.208553136,0.207673372,0.208553137,0.207673372,0.208553137,0.207673372,0.208553137,0.207673371,0.208553136
AOI-0010,2012-06-09,0.270341837,modis,2012,new,4.000000000,0.302598108,0.369510527,0.329363076,0.369510527,0.329363076,0.367701044,0.328639282,0.367701044,0.328639282,0.367701044,0.328639282,0.369306892,0.329281622
AOI-0010,2012-08-28,0.319516327,modis,2012,new,3.000000000,0.252531882,0.302365776,0.272465440,0.302365776,0.272465440,0.296817784,0.270246243,0.296817784,0.270246243,0.296817784,0.270246243,0.287228339,0.266410465
AOI-0010,2012-10-15,0.358312245,modis,2012,new,3.000000000,0.332001558,0.343044899,0.336418894,0.343044899,0.336418894,0.341582127,0.335833786,0.341582127,0.335833786,0.341582127,0.335833786,0.326046972,0.329619723
AOI-0010,2013-05-02,0.849445971,landsat,2013,new,4.000000000,0.718623819,0.747638092,0.730229528,0.747638092,0.730229528,0.747638090,0.730229527,0.747638090,0.730229527,0.747638090,0.730229527,0.747638092,0.730229528
AOI-0010,2013-05-09,0.796193878,modis,2013,new,7.000000000,0.688290173,0.589079888,0.648606059,0.730494613,0.705171949,0.618617079,0.660420935,0.618617079,0.660420935,0.618617079,0.660420935,0.722176099,0.701844543
AOI-0010,2013-09-30,0.323915306,modis,2013,new,3.000000000,0.295962602,0.331655773,0.310239870,0.331655773,0.310239870,0.330938963,0.309953147,0.330938963,0.309953147,0.330938963,0.309953147,0.331195975,0.310055952
AOI-0010,2014-04-07,0.656238776,modis,2014,new,4.000000000,0.698007629,0.657652529,0.681865589,0.657652529,0.681865589,0.657652529,0.681865589,0.657652529,0.681865589,0.657652529,0.681865589,0.657652529,0.681865589
AOI-0010,2014-06-30,0.241559557,landsat,2014,new,3.000000000,0.251825733,0.230781386,0.243407994,0.230781386,0.243407994,0.230781386,0.243407994,0.230781386,0.243407994,0.230781386,0.243407994,0.230781386,0.243407994
AOI-0010,2014-08-01,0.220213680,landsat,2014,new,4.000000000,0.191235756,0.218750018,0.202241461,0.218750018,0.202241461,0.218750018,0.202241461,0.218750018,0.202241461,0.218750018,0.202241461,0.218750018,0.202241461
AOI-0010,2014-10-16,0.223802041,modis,2014,new,3.000000000,0.241119607,0.233870281,0.238219877,0.233870281,0.238219877,0.233870280,0.238219877,0.233870280,0.238219877,0.233870280,0.238219877,0.233870281,0.238219877
AOI-0010,2015-06-17,0.261967269,landsat,2015,new,inf,0.233806464,0.230474433,0.232473652,0.230474433,0.232473652,0.230476895,0.232474637,0.230476895,0.232474637,0.230476895,0.232474637,0.230476895,0.232474637
AOI-0010,2015-08-13,0.234382653,modis,2015,new,3.000000000,0.249848701,0.271116837,0.258355956,0.271116837,0.258355956,0.270174461,0.257979005,0.270174461,0.257979005,0.270174461,0.257979005,0.270061111,0.257933665
AOI-0010,2015-09-05,0.201868013,landsat,2015,new,3.000000000,0.210523027,0.211039376,0.210729566,0.211039376,0.210729566,0.211039377,0.210729567,0.211039377,0.210729567,0.211039377,0.210729567,0.211039376,0.210729566
AOI-0010,2015-09-30,0.266892857,modis,2015,new,3.000000000,0.269850326,0.269979275,0.269901906,0.269979275,0.269901906,0.269089299,0.269545915,0.269089299,0.269545915,0.269089299,0.269545915,0.269513918,0.269715763
AOI-0010,2016-05-24,0.656675510,modis,2016,new,3.000000000,0.784990338,0.785719499,0.785282002,0.785719499,0.785282002,0.785722420,0.785283171,0.785722420,0.785283171,0.785722420,0.785283171,0.785719499,0.785282002
AOI-0010,2016-06-09,0.578226531,modis,2016,new,4.000000000,0.611057669,0.504917030,0.568601413,0.504917030,0.568601413,0.504917030,0.568601413,0.504917030,0.568601413,0.504917030,0.568601413,0.504917030,0.568601413
AOI-0010,2016-06-19,0.415038442,landsat,2016,new,3.000000000,0.471407119,0.447243540,0.461741687,0.447243540,0.461741687,0.447243537,0.461741686,0.447243537,0.461741686,0.447243537,0.461741686,0.447243540,0.461741687
AOI-0010,2016-06-27,0.238196934,landsat,2016,new,4.000000000,0.328014111,0.304442339,0.318585402,0.304442339,0.318585402,0.304442340,0.318585403,0.304442340,0.318585403,0.304442340,0.318585403,0.304442339,0.318585402
AOI-0010,2017-04-13,0.395862610,s2,2017,new,3.000000000,0.499247024,0.434515357,0.473354357,0.434515357,0.473354357,0.434579992,0.473380211,0.434579992,0.473380211,0.434579992,0.473380211,0.434515357,0.473354357
AOI-0010,2017-05-01,0.629259483,s2,2017,new,4.000000000,0.650186832,0.632202243,0.642992996,0.632202243,0.642992996,0.632202244,0.642992997,0.632202244,0.642992997,0.632202244,0.642992997,0.632202243,0.642992996
AOI-0010,2017-05-05,0.727759421,landsat,2017,new,3.000000000,0.718807142,0.710384244,0.715437983,0.710384244,0.715437983,0.709744959,0.715182269,0.709744959,0.715182269,0.709744959,0.715182269,0.702406996,0.712247083
AOI-0010,2017-08-06,0.131473848,s2,2017,new,3.000000000,0.149770735,0.151794042,0.150580058,0.151794042,0.150580058,0.151794042,0.150580058,0.151794042,0.150580058,0.151794042,0.150580058,0.151794042,0.150580058
AOI-0010,2017-09-05,0.165687788,s2,2017,new,3.000000000,0.169962932,0.167044963,0.168795745,0.167044963,0.168795745,0.167044965,0.168795745,0.167044965,0.168795745,0.167044965,0.168795745,0.167044963,0.168795745
AOI-0010,2017-09-18,0.177496956,s2,2017,new,3.000000000,0.187962873,0.183948140,0.186356980,0.183948140,0.186356980,0.184001856,0.186378466,0.184001856,0.186378466,0.184001856,0.186378466,0.183948140,0.186356980
AOI-0010,2017-09-20,0.171301897,s2,2017,new,3.000000000,0.178833099,0.179889116,0.179255505,0.179889116,0.179255505,0.179889116,0.179255506,0.179889116,0.179255506,0.179889116,0.179255506,0.179889116,0.179255505
AOI-0010,2018-04-14,0.687057261,landsat,2018,new,3.000000000,0.704783415,0.732289293,0.715785766,0.732289293,0.715785766,0.732289293,0.715785766,0.732289293,0.715785766,0.732289293,0.715785766,0.732289293,0.715785766
AOI-0010,2018-05-24,0.807150116,landsat,2018,new,4.000000000,0.760147734,0.738472229,0.751477532,0.738472229,0.751477532,0.738472228,0.751477531,0.738472228,0.751477531,0.738472228,0.751477531,0.738472229,0.751477532
AOI-0010,2018-06-02,0.700316997,s2,2018,new,3.000000000,0.605350782,0.603129262,0.604462174,0.603129262,0.604462174,0.603129262,0.604462174,0.603129262,0.604462174,0.603129262,0.604462174,0.603129262,0.604462174
AOI-0010,2018-09-13,0.140787153,s2,2018,new,4.000000000,0.149572131,0.157618260,0.152790583,0.157618260,0.152790583,0.157646169,0.152801746,0.157646169,0.152801746,0.157646169,0.152801746,0.157618260,0.152790583
AOI-0010,2018-09-21,0.155273423,landsat,2018,new,3.000000000,0.155947170,0.160044392,0.157586059,0.160044392,0.157586059,0.160044392,0.157586059,0.160044392,0.157586059,0.160044392,0.157586059,0.160044392,0.157586059
AOI-0010,2019-04-01,0.363114455,s2,2019,new,7.000000000,0.459967064,0.370677261,0.424251143,0.370677261,0.424251143,0.370879537,0.424332053,0.370879537,0.424332053,0.370879537,0.424332053,0.370677261,0.424251143
AOI-0010,2019-06-22,0.164681782,s2,2019,new,inf,0.197834619,0.178546947,0.190119550,0.178546947,0.190119550,0.178546952,0.190119552,0.178546952,0.190119552,0.178546952,0.190119552,0.178546947,0.190119550
AOI-0010,2019-08-01,0.253414357,s2,2019,new,3.000000000,0.276662559,0.268138037,0.273252750,0.268138037,0.273252750,0.268138038,0.273252750,0.268138038,0.273252750,0.268138038,0.273252750,0.268138037,0.273252750
AOI-0010,2019-08-15,0.250838747,landsat,2019,new,3.000000000,0.264727539,0.224957471,0.248819512,0.224957471,0.248819512,0.224957471,0.248819512,0.224957471,0.248819512,0.224957471,0.248819512,0.224957471,0.248819512
AOI-0010,2019-08-24,0.168648826,s2,2019,new,9.000000000,0.173808128,0.171509890,0.172888833,0.171509890,0.172888833,0.171772162,0.172993741,0.171772162,0.172993741,0.171772162,0.172993741,0.196437531,0.182859889
AOI-0010,2019-08-26,0.161115991,s2,2019,new,7.000000000,0.166065494,0.172650288,0.168699412,0.172650288,0.168699412,0.172650289,0.168699412,0.172650289,0.168699412,0.172650289,0.168699412,0.172650288,0.168699412
AOI-0010,2019-08-31,0.174936038,s2,2019,new,4.000000000,0.172422121,0.171744163,0.172150938,0.171744163,0.172150938,0.171744164,0.172150938,0.171744164,0.172150938,0.171744164,0.172150938,0.171744163,0.172150938
AOI-0010,2019-09-05,0.156859913,s2,2019,new,inf,0.159982627,0.161872652,0.160738637,0.161872652,0.160738637,0.161872653,0.160738637,0.161872653,0.160738637,0.161872653,0.160738637,0.161872652,0.160738637
AOI-0010,2019-09-18,0.173369697,s2,2019,new,4.000000000,0.149883662,0.171183057,0.158403420,0.171183057,0.158403420,0.171183058,0.158403420,0.171183058,0.158403420,0.171183058,0.158403420,0.171183057,0.158403420
AOI-0010,2019-10-23,0.237697824,s2,2019,new,3.000000000,0.253693384,0.251415450,0.252782211,0.251415450,0.252782211,0.251415450,0.252782211,0.251415450,0.252782211,0.251415450,0.252782211,0.251415450,0.252782211
AOI-0010,2020-04-07,0.735304468,s2,2020,new,3.000000000,0.692765913,0.700495818,0.695857875,0.700495818,0.695857875,0.700495818,0.695857875,0.700495818,0.695857875,0.700495818,0.695857875,0.700495818,0.695857875
AOI-0010,2020-04-30,0.693601931,s2,2020,new,3.000000000,0.678905383,0.679806671,0.679265898,0.679806671,0.679265898,0.679806671,0.679265898,0.679806671,0.679265898,0.679806671,0.679265898,0.679806671,0.679265898
AOI-0010,2020-05-13,0.669682954,landsat,2020,new,3.000000000,0.640756586,0.651160549,0.644918171,0.651160549,0.644918171,0.651160546,0.644918170,0.651160546,0.644918170,0.651160546,0.644918170,0.651160549,0.644918171
AOI-0010,2020-06-04,0.342793856,s2,2020,new,18.000000000,0.392357258,0.374214559,0.385100178,0.374214559,0.385100178,0.374365194,0.385160432,0.374365194,0.385160432,0.374365194,0.385160432,0.374214559,0.385100178
AOI-0010,2020-07-29,0.148198765,s2,2020,new,3.000000000,0.152191305,0.142775653,0.148425044,0.142775653,0.148425044,0.142775655,0.148425045,0.142775655,0.148425045,0.142775655,0.148425045,0.142775653,0.148425044
AOI-0010,2020-08-05,0.152278079,s2,2020,new,3.000000000,0.163475472,0.163044343,0.163303020,0.163044343,0.163303020,0.163044344,0.163303020,0.163044344,0.163303020,0.163044344,0.163303020,0.163044343,0.163303020
AOI-0010,2020-08-10,0.161829928,s2,2020,new,3.000000000,0.153164062,0.151980269,0.152690545,0.151980269,0.152690545,0.151980270,0.152690545,0.151980270,0.152690545,0.151980270,0.152690545,0.151980269,0.152690545
AOI-0010,2020-08-23,0.162492445,s2,2020,new,3.000000000,0.152296844,0.151799415,0.152097872,0.151799415,0.152097872,0.151799415,0.152097872,0.151799415,0.152097872,0.151799415,0.152097872,0.151799415,0.152097872
AOI-0010,2020-08-25,0.160902251,s2,2020,new,3.000000000,0.156432989,0.151303766,0.154381300,0.151303766,0.154381300,0.151306747,0.154382492,0.151306747,0.154382492,0.151306747,0.154382492,0.151355934,0.154402167
AOI-0010,2020-10-12,0.138023288,s2,2020,new,3.000000000,0.143295508,0.154056592,0.147599942,0.154056592,0.147599942,0.154051550,0.147597925,0.154051550,0.147597925,0.154051550,0.147597925,0.154056592,0.147599942
AOI-0010,2021-05-12,0.297800319,s2,2021,new,3.000000000,0.283104884,0.265328322,0.275994259,0.265328322,0.275994259,0.265328323,0.275994259,0.265328323,0.275994259,0.265328323,0.275994259,0.265328322,0.275994259
AOI-0010,2021-05-16,0.313513659,landsat,2021,new,3.000000000,0.336973708,0.334612516,0.336029231,0.334612516,0.336029231,0.334612517,0.336029232,0.334612517,0.336029232,0.334612517,0.336029232,0.334612516,0.336029231
AOI-0010,2021-07-09,0.248072588,s2,2021,new,3.000000000,0.190288992,0.201042268,0.194590303,0.201042268,0.194590303,0.201042269,0.194590303,0.201042269,0.194590303,0.201042269,0.194590303,0.201042268,0.194590303
AOI-0010,2021-07-11,0.225569720,s2,2021,new,3.000000000,0.201404042,0.199434386,0.200616179,0.199434386,0.200616179,0.199448369,0.200621773,0.199448369,0.200621773,0.199448369,0.200621773,0.202516638,0.201849080
AOI-0010,2021-08-03,0.228630473,s2,2021,new,3.000000000,0.252385257,0.233466604,0.244817795,0.233466604,0.244817795,0.233466679,0.244817826,0.233466679,0.244817826,0.233466679,0.244817826,0.233466604,0.244817795
AOI-0010,2021-08-18,0.285825246,s2,2021,new,3.000000000,0.295855420,0.275360735,0.287657546,0.275360735,0.287657546,0.275360735,0.287657546,0.275360735,0.287657546,0.275360735,0.287657546,0.275360735,0.287657546
AOI-0010,2021-09-07,0.356507003,s2,2021,new,3.000000000,0.334240458,0.331358388,0.333087630,0.331358388,0.333087630,0.331479625,0.333136125,0.331479625,0.333136125,0.331479625,0.333136125,0.332489427,0.333540045
AOI-0010,2021-09-30,0.392710204,modis,2021,new,3.000000000,0.336487610,0.368308875,0.349216116,0.368308875,0.349216116,0.367064953,0.348718547,0.367064953,0.348718547,0.367064953,0.348718547,0.366615398,0.348538725
AOI-0010,2021-10-07,0.346810921,s2,2021,new,3.000000000,0.271515879,0.277115214,0.273755613,0.277115214,0.273755613,0.277165660,0.273775791,0.277165660,0.273775791,0.277165660,0.273775791,0.277115214,0.273755613
AOI-0010,2022-04-02,0.459786004,s2,2022,new,4.000000000,0.573193752,0.499964904,0.543902213,0.499964904,0.543902213,0.499964907,0.543902214,0.499964907,0.543902214,0.499964907,0.543902214,0.499964904,0.543902213
AOI-0010,2022-04-07,0.559207746,s2,2022,new,4.000000000,0.626807925,0.567889416,0.603240522,0.567889416,0.603240522,0.568423947,0.603454334,0.568423947,0.603454334,0.568423947,0.603454334,0.567854832,0.603226688
AOI-0010,2022-04-25,0.746384989,s2,2022,new,7.000000000,0.658837435,0.655630167,0.657554527,0.655630167,0.657554527,0.655656152,0.657564921,0.655656152,0.657564921,0.655656152,0.657564921,0.655630167,0.657554527
AOI-0010,2022-05-30,0.792809858,s2,2022,new,3.000000000,0.767502184,0.724619941,0.750349287,0.724619941,0.750349287,0.724619941,0.750349287,0.724619941,0.750349287,0.724619941,0.750349287,0.724619941,0.750349287
AOI-0010,2022-08-15,0.310516472,s2,2022,new,4.000000000,0.314503859,0.307051209,0.311522799,0.307051209,0.311522799,0.307052506,0.311523317,0.307052506,0.311523317,0.307052506,0.311523317,0.307051209,0.311522799
AOI-0010,2022-09-02,0.307758715,s2,2022,new,3.000000000,0.269402778,0.281817549,0.274368686,0.281817549,0.274368686,0.281823438,0.274371042,0.281823438,0.274371042,0.281823438,0.274371042,0.281817549,0.274368686
AOI-0010,2022-09-09,0.257531704,s2,2022,new,3.000000000,0.230374492,0.233506527,0.231627306,0.233506527,0.231627306,0.233506554,0.231627317,0.233506554,0.231627317,0.233506554,0.231627317,0.233506527,0.231627306
AOI-0010,2022-09-30,0.317541837,modis,2022,new,3.000000000,0.336033876,0.357168081,0.344487558,0.357168081,0.344487558,0.355322389,0.343749281,0.355322389,0.343749281,0.355322389,0.343749281,0.347143777,0.340477836
AOI-0010,2023-06-24,0.495290291,s2,2023,new,3.000000000,0.475618998,0.461800571,0.470091627,0.461800571,0.470091627,0.463027805,0.470582521,0.463027805,0.470582521,0.463027805,0.470582521,0.461800571,0.470091627
AOI-0010,2023-07-12,0.247468367,modis,2023,new,4.000000000,0.381027279,0.377033741,0.379429864,0.377033741,0.379429864,0.377033741,0.379429864,0.377033741,0.379429864,0.377033741,0.379429864,0.377033741,0.379429864
AOI-0010,2023-08-08,0.255265734,s2,2023,new,3.000000000,0.239208113,0.237011756,0.238329570,0.237011756,0.238329570,0.237105637,0.238367123,0.237105637,0.238367123,0.237105637,0.238367123,0.240468797,0.239712387
AOI-0010,2023-09-22,0.265286065,s2,2023,new,3.000000000,0.254254218,0.263169285,0.257820244,0.263169285,0.257820244,0.263169285,0.257820244,0.263169285,0.257820244,0.263169285,0.257820244,0.263169285,0.257820244
AOI-0010,2023-09-30,0.301196939,modis,2023,new,3.000000000,0.331673254,0.349038949,0.338619532,0.349038949,0.338619532,0.349023210,0.338613236,0.349023210,0.338613236,0.349023210,0.338613236,0.349038949,0.338619532
AOI-0010,2023-10-02,0.252194545,s2,2023,new,3.000000000,0.251325186,0.256310397,0.253319270,0.256310397,0.253319270,0.256310397,0.253319270,0.256310397,0.253319270,0.256310397,0.253319270,0.256310397,0.253319270
AOI-0010,2023-10-14,0.250627716,s2,2023,new,4.000000000,0.253166680,0.264317407,0.257626971,0.264317407,0.257626971,0.264317408,0.257626971,0.264317408,0.257626971,0.264317408,0.257626971,0.264317407,0.257626971
AOI-0010,2023-10-19,0.263415033,s2,2023,new,4.000000000,0.269322371,0.268789867,0.269109370,0.268789867,0.269109370,0.269274626,0.269303273,0.269274626,0.269303273,0.269274626,0.269303273,0.268789867,0.269109370
AOI-0010,2023-10-29,0.358079481,s2,2023,new,7.000000000,0.298959007,0.290710690,0.295659681,0.290710690,0.295659681,0.290713232,0.295660697,0.290713232,0.295660697,0.290713232,0.295660697,0.290710690,0.295659681
AOI-0010,2024-04-09,0.659422529,s2,2024,new,4.000000000,0.611781863,0.666457193,0.633651995,0.666457193,0.633651995,0.666457193,0.633651995,0.666457193,0.633651995,0.666457193,0.633651995,0.666457193,0.633651995
AOI-0010,2024-04-22,0.752897821,landsat,2024,new,3.000000000,0.720702143,0.729463954,0.724206867,0.729463954,0.724206867,0.727191779,0.723297997,0.727191779,0.723297997,0.727191779,0.723297997,0.727390817,0.723377613
AOI-0010,2024-05-04,0.795120836,s2,2024,new,4.000000000,0.746060409,0.723432444,0.737009223,0.723432444,0.737009223,0.723432444,0.737009223,0.723432444,0.737009223,0.723432444,0.737009223,0.723432444,0.737009223
AOI-0010,2024-05-09,0.755971190,s2,2024,new,7.000000000,0.725524797,0.636506118,0.689917325,0.636506118,0.689917325,0.646333038,0.693848093,0.646333038,0.693848093,0.646333038,0.693848093,0.637762098,0.690419717
AOI-0010,2024-05-24,0.685431891,s2,2024,new,4.000000000,0.634033580,0.623533098,0.629833388,0.623533098,0.629833388,0.623575756,0.629850451,0.623575756,0.629850451,0.623575756,0.629850451,0.625620582,0.630668381
AOI-0010,2024-06-23,0.218834575,s2,2024,new,3.000000000,0.216615296,0.200402916,0.210130344,0.200402916,0.210130344,0.200404938,0.210131152,0.200404938,0.210131152,0.200404938,0.210131152,0.200402916,0.210130344
AOI-0010,2024-06-28,0.207866301,s2,2024,new,9.000000000,0.197280974,0.186839507,0.193104387,0.186839507,0.193104387,0.186839508,0.193104387,0.186839508,0.193104387,0.186839508,0.193104387,0.186839507,0.193104387
AOI-0010,2024-08-27,0.193360081,s2,2024,new,3.000000000,0.180640446,0.188506013,0.183786673,0.188506013,0.183786673,0.188506013,0.183786673,0.188506013,0.183786673,0.188506013,0.183786673,0.188506013,0.183786673
AOI-0010,2025-04-29,0.612730695,s2,2025,new,1.000000000,0.575906130,0.560233624,0.569637127,0.560233624,0.569637127,0.560233624,0.569637127,0.560233624,0.569637127,0.560233624,0.569637127,0.560233624,0.569637127
AOI-0010,2025-05-16,0.768389943,s2,2025,new,2.000000000,0.734721667,0.737972702,0.736022081,0.737972702,0.736022081,0.737972701,0.736022081,0.737972701,0.736022081,0.737972702,0.736022081,0.737972702,0.736022081
AOI-0010,2025-07-08,0.179670343,s2,2025,new,1.000000000,0.183101507,0.180362349,0.182005844,0.180362349,0.182005844,0.180362349,0.182005844,0.180362349,0.182005844,0.180362349,0.182005844,0.182790109,0.182976948
AOI-0010,2025-07-12,0.239816327,modis,2025,new,1.000000000,0.252101321,0.263021180,0.256469265,0.263021180,0.256469265,0.263021180,0.256469265,0.263021180,0.256469265,0.263021180,0.256469265,0.260562401,0.255485753
AOI-0010,2025-07-18,0.160695372,s2,2025,new,1.000000000,0.161235007,0.156577493,0.159372001,0.156577493,0.159372001,0.156577493,0.159372001,0.156577493,0.159372001,0.156577493,0.159372001,0.156577493,0.159372001
AOI-0010,2025-08-17,0.180846371,s2,2025,new,1.000000000,0.178284611,0.172027898,0.175781926,0.172027898,0.175781926,0.172027898,0.175781926,0.172027898,0.175781926,0.172027898,0.175781926,0.173123419,0.176220134
AOI-0010,2025-09-21,0.213434373,s2,2025,new,1.000000000,0.191131793,0.186552605,0.189300118,0.186552605,0.189300118,0.186552605,0.189300118,0.186552605,0.189300118,0.186552605,0.189300118,0.186552605,0.189300118
AOI-0010,2025-09-24,0.253576962,landsat,2025,new,1.000000000,0.242827513,0.242195514,0.242574713,0.242195514,0.242574713,0.242195514,0.242574713,0.242195514,0.242574713,0.242195514,0.242574713,0.242195514,0.242574713
AOI-0010,2025-10-02,0.280525214,landsat,2025,new,1.000000000,0.260772317,0.268474545,0.263853209,0.268474545,0.263853209,0.268474545,0.263853209,0.268474545,0.263853209,0.268474545,0.263853209,0.266707988,0.263146586
AOI-0011,2025-05-09,0.861961284,modis,2025,shared,1.000000000,0.821873837,0.827263403,0.824029664,0.827263403,0.824029664,0.827263403,0.824029664,0.827263403,0.824029664,0.827263403,0.824029664,0.827229306,0.824016025
AOI-0011,2025-05-16,0.815225084,s2,2025,shared,3.000000000,0.820292344,0.846506239,0.830777902,0.846506239,0.830777902,0.846506239,0.830777902,0.846506239,0.830777902,0.846506239,0.830777902,0.846506239,0.830777902
AOI-0011,2025-06-05,0.462528858,s2,2025,shared,2.000000000,0.511459224,0.486151875,0.501336284,0.486151875,0.501336284,0.486151875,0.501336285,0.486151875,0.501336285,0.486151875,0.501336284,0.486151875,0.501336284
AOI-0011,2025-06-07,0.389246460,s2,2025,shared,2.000000000,0.444669111,0.422587639,0.435836522,0.422587639,0.435836522,0.422587639,0.435836523,0.422587639,0.435836523,0.422587639,0.435836522,0.422587639,0.435836522
AOI-0011,2025-07-28,0.223258237,s2,2025,shared,1.000000000,0.238985876,0.206970392,0.226179682,0.206970392,0.226179682,0.206970392,0.226179682,0.206970392,0.226179682,0.206970392,0.226179682,0.215155521,0.229453734
AOI-0011,2025-07-30,0.216726773,s2,2025,shared,2.000000000,0.195337936,0.191976435,0.193993336,0.191976435,0.193993336,0.191976435,0.193993336,0.191976435,0.193993336,0.191976435,0.193993336,0.191976435,0.193993336
AOI-0011,2025-08-13,0.286252033,modis,2025,shared,1.000000000,0.296031368,0.284381991,0.291371617,0.284381991,0.291371617,0.284381991,0.291371617,0.284381991,0.291371617,0.284381991,0.291371617,0.284381991,0.291371617
AOI-0011,2025-08-29,0.166743590,s2,2025,shared,1.000000000,0.173598028,0.172795414,0.173276983,0.172795414,0.173276983,0.172795414,0.173276983,0.172795414,0.173276983,0.172795414,0.173276983,0.172795414,0.173276983
AOI-0011,2025-09-14,0.291656758,modis,2025,shared,1.000000000,0.266798275,0.251158258,0.260542268,0.251158258,0.260542268,0.251158258,0.260542268,0.251158258,0.260542268,0.251158258,0.260542268,0.251158258,0.260542268
AOI-0011,2025-09-26,0.160730074,s2,2025,shared,1.000000000,0.179575433,0.159804182,0.171666933,0.159804182,0.171666933,0.159804182,0.171666933,0.159804182,0.171666933,0.159804182,0.171666933,0.160508870,0.171948808
AOI-0011,2025-10-13,0.137995827,s2,2025,shared,1.000000000,0.168140774,0.157289184,0.163800138,0.157289184,0.163800138,0.157289184,0.163800138,0.157289184,0.163800138,0.157289184,0.163800138,0.157289184,0.163800138
AOI-0012,2025-04-17,0.337899959,landsat,2025,new,1.000000000,0.343401240,0.362491516,0.351037350,0.362491516,0.351037350,0.362491516,0.351037350,0.362491516,0.351037350,0.362491516,0.351037350,0.362491516,0.351037350
AOI-0012,2025-04-24,0.419173783,s2,2025,new,1.000000000,0.441829190,0.419996440,0.433096090,0.419996440,0.433096090,0.419996440,0.433096090,0.419996440,0.433096090,0.419996440,0.433096090,0.419996440,0.433096090
AOI-0012,2025-05-24,0.805425491,s2,2025,new,2.000000000,0.716044995,0.771809134,0.738350651,0.771809134,0.738350651,0.771809134,0.738350651,0.771809134,0.738350651,0.771809134,0.738350651,0.771809134,0.738350651
AOI-0012,2025-05-25,0.662385356,modis,2025,new,1.000000000,0.720132297,0.731899024,0.724838988,0.731899024,0.724838988,0.731899024,0.724838988,0.731899024,0.724838988,0.731899024,0.724838988,0.731899024,0.724838988
AOI-0012,2025-06-07,0.452830398,s2,2025,new,1.000000000,0.449181884,0.429047177,0.441128001,0.429047177,0.441128001,0.429047177,0.441128001,0.429047177,0.441128001,0.429047177,0.441128001,0.429047177,0.441128001
AOI-0012,2025-07-06,0.259940257,landsat,2025,new,1.000000000,0.248235499,0.233623800,0.242390819,0.233623800,0.242390819,0.233623800,0.242390819,0.233623800,0.242390819,0.233623800,0.242390819,0.233623800,0.242390819
AOI-0012,2025-07-28,0.157337198,s2,2025,new,1.000000000,0.180640454,0.143878502,0.165935673,0.143878502,0.165935673,0.143878502,0.165935673,0.143878502,0.165935673,0.143878502,0.165935673,0.156866039,0.171130688
AOI-0012,2025-08-24,0.145831802,s2,2025,new,1.000000000,0.147400373,0.143468565,0.145827650,0.143468565,0.145827650,0.143468565,0.145827650,0.143468565,0.145827650,0.143468565,0.145827650,0.143468565,0.145827650
AOI-0012,2025-09-25,0.171556287,s2,2025,new,1.000000000,0.192929309,0.189547312,0.191576510,0.189547312,0.191576510,0.189547312,0.191576510,0.189547312,0.191576510,0.189547312,0.191576510,0.189548375,0.191576935
AOI-0012,2025-09-26,0.203827366,s2,2025,new,1.000000000,0.208804977,0.205193667,0.207360453,0.205193667,0.207360453,0.205193667,0.207360453,0.205193667,0.207360453,0.205193667,0.207360453,0.205723315,0.207572312
AOI-0013,2010-04-15,0.729608942,landsat,2010,new,4.000000000,0.711698048,0.726839065,0.717754455,0.726839065,0.717754455,0.726839059,0.717754452,0.726839059,0.717754452,0.726839059,0.717754452,0.726839065,0.717754455
AOI-0013,2010-05-25,0.497788675,modis,2010,new,1.000000000,0.502817076,0.556346955,0.524229028,0.556346955,0.524229028,0.556346955,0.524229028,0.556346955,0.524229028,0.556346955,0.524229028,0.556346955,0.524229028
AOI-0013,2010-08-30,0.205933803,landsat,2010,new,1.000000000,0.217703099,0.203821677,0.212150530,0.203821677,0.212150530,0.203821677,0.212150530,0.203821677,0.212150530,0.203821677,0.212150530,0.203821677,0.212150530
AOI-0013,2010-10-01,0.187362966,landsat,2010,new,1.000000000,0.175217725,0.191685540,0.181804851,0.191685540,0.181804851,0.191685540,0.181804851,0.191685540,0.181804851,0.191685540,0.181804851,0.191685540,0.181804851
AOI-0013,2011-04-02,0.190084486,landsat,2011,new,4.000000000,0.196103845,0.175878604,0.188013749,0.175878604,0.188013749,0.175878606,0.188013750,0.175878606,0.188013750,0.175878606,0.188013750,0.175878604,0.188013749
AOI-0013,2011-05-28,0.471057159,landsat,2011,new,4.000000000,0.326398209,0.327258194,0.326742203,0.327258194,0.326742203,0.327258196,0.326742204,0.327258196,0.326742204,0.327258196,0.326742204,0.327258194,0.326742203
AOI-0013,2011-06-13,0.309401232,landsat,2011,new,4.000000000,0.460373866,0.411126288,0.440674835,0.411126288,0.440674835,0.411126296,0.440674838,0.411126296,0.440674838,0.411126296,0.440674838,0.411126288,0.440674835
AOI-0013,2011-07-08,0.407606386,landsat,2011,new,1.000000000,0.581299502,0.624598822,0.598619230,0.624598822,0.598619230,0.624598822,0.598619230,0.624598822,0.598619230,0.624598822,0.598619230,0.624598822,0.598619230
AOI-0013,2011-07-15,0.529299549,landsat,2011,new,1.000000000,0.571910775,0.578813779,0.574671977,0.578813779,0.574671977,0.578813779,0.574671977,0.578813779,0.574671977,0.578813779,0.574671977,0.578813779,0.574671977
AOI-0013,2011-08-01,0.307609139,landsat,2011,new,3.000000000,0.329210614,0.302452322,0.318507297,0.302452322,0.318507297,0.302452323,0.318507298,0.302452323,0.318507298,0.302452323,0.318507298,0.302452322,0.318507297
AOI-0013,2012-06-09,0.606909157,modis,2012,new,1.000000000,0.553459766,0.626708334,0.582759193,0.626708334,0.582759193,0.626708334,0.582759193,0.626708334,0.582759193,0.626708334,0.582759193,0.624442208,0.581852743
AOI-0013,2012-07-18,0.420628900,landsat,2012,new,3.000000000,0.419708901,0.427948066,0.423004567,0.427948066,0.423004567,0.427948066,0.423004567,0.427948066,0.423004567,0.427948066,0.423004567,0.427948066,0.423004567
AOI-0013,2012-07-25,0.408925734,landsat,2012,new,1.000000000,0.429782843,0.441485252,0.434463807,0.441485252,0.434463807,0.441485252,0.434463807,0.441485252,0.434463807,0.441485252,0.434463807,0.441485252,0.434463807
AOI-0013,2012-09-29,0.325421205,modis,2012,new,1.000000000,0.348988632,0.367283888,0.356306734,0.367283888,0.356306734,0.367283888,0.356306734,0.367283888,0.356306734,0.367283888,0.356306734,0.362027476,0.354204170
AOI-0013,2013-06-19,0.592859943,landsat,2013,new,3.000000000,0.425189012,0.430363852,0.427258948,0.430363852,0.427258948,0.430363850,0.427258947,0.430363850,0.427258947,0.430363850,0.427258947,0.430363852,0.427258948
AOI-0013,2013-07-13,0.484261935,landsat,2013,new,3.000000000,0.470500587,0.489747803,0.478199474,0.489747803,0.478199474,0.489747802,0.478199473,0.489747802,0.478199473,0.489747802,0.478199473,0.489747803,0.478199474
AOI-0013,2013-07-21,0.555600012,landsat,2013,new,4.000000000,0.465386456,0.503123578,0.480481304,0.503123578,0.480481304,0.503123576,0.480481304,0.503123576,0.480481304,0.503123576,0.480481304,0.503123578,0.480481304
AOI-0013,2013-07-29,0.426151776,landsat,2013,new,1.000000000,0.451501089,0.454251691,0.452601329,0.454251691,0.452601329,0.454251691,0.452601329,0.454251691,0.452601329,0.454251691,0.452601329,0.454251691,0.452601329
AOI-0013,2013-10-24,0.564704335,landsat,2013,new,4.000000000,0.568810614,0.592603733,0.578327862,0.592603733,0.578327862,0.592603733,0.578327862,0.592603733,0.578327862,0.592603733,0.578327862,0.592603733,0.578327862
AOI-0013,2014-04-07,0.556585301,modis,2014,new,1.000000000,0.598163273,0.606120278,0.601346075,0.606120278,0.601346075,0.606120278,0.601346075,0.606120278,0.601346075,0.606120278,0.601346075,0.606120278,0.601346075
AOI-0013,2014-04-27,0.503627669,landsat,2014,new,1.000000000,0.612180048,0.639702389,0.623188984,0.639702389,0.623188984,0.639702389,0.623188984,0.639702389,0.623188984,0.639702389,0.623188984,0.639702389,0.623188984
AOI-0013,2014-06-05,0.361619066,landsat,2014,new,1.000000000,0.420224352,0.417453037,0.419115826,0.417453037,0.419115826,0.417453037,0.419115826,0.417453037,0.419115826,0.417453037,0.419115826,0.417453037,0.419115826
AOI-0013,2014-08-29,0.322695904,modis,2014,new,1.000000000,0.412821711,0.383475561,0.401083251,0.383475561,0.401083251,0.383475561,0.401083251,0.383475561,0.401083251,0.383475561,0.401083251,0.383475561,0.401083251
AOI-0013,2014-09-02,0.384245163,landsat,2014,new,1.000000000,0.361426515,0.352417956,0.357823091,0.352417956,0.357823091,0.352417956,0.357823091,0.352417956,0.357823091,0.352417956,0.357823091,0.352417956,0.357823091
AOI-0013,2014-10-04,0.398326148,landsat,2014,new,1.000000000,0.361093475,0.368349744,0.363995983,0.368349744,0.363995983,0.368349744,0.363995983,0.368349744,0.363995983,0.368349744,0.363995983,0.368349744,0.363995983
AOI-0013,2015-04-30,0.363056446,landsat,2015,new,1.000000000,0.437187754,0.424531222,0.432125141,0.424531222,0.432125141,0.424531222,0.432125141,0.424531222,0.432125141,0.424531222,0.432125141,0.424531222,0.432125141
AOI-0013,2015-05-15,0.474829598,landsat,2015,new,1.000000000,0.473740273,0.457713884,0.467329717,0.457713884,0.467329717,0.457713884,0.467329717,0.457713884,0.467329717,0.457713884,0.467329717,0.457713884,0.467329717
AOI-0013,2015-06-10,0.524288916,modis,2015,new,1.000000000,0.526567382,0.622019343,0.564748167,0.622019343,0.564748167,0.622019343,0.564748167,0.622019343,0.564748167,0.622019343,0.564748167,0.618104086,0.563182064
AOI-0013,2015-07-27,0.481887609,landsat,2015,new,3.000000000,0.456378956,0.477335675,0.464761644,0.477335675,0.464761644,0.477335674,0.464761643,0.477335674,0.464761643,0.477335674,0.464761643,0.477335675,0.464761644
AOI-0013,2015-08-12,0.361454685,landsat,2015,new,3.000000000,0.390724481,0.397812978,0.393559879,0.397812978,0.393559879,0.397812977,0.393559879,0.397812977,0.393559879,0.397812977,0.393559879,0.397812978,0.393559879
AOI-0013,2016-04-22,0.404540482,modis,2016,new,3.000000000,0.507518493,0.514001428,0.510111667,0.514001428,0.510111667,0.514001384,0.510111649,0.514001384,0.510111649,0.514001384,0.510111649,0.514001428,0.510111667
AOI-0013,2016-06-09,0.540159277,modis,2016,new,1.000000000,0.573784236,0.581845712,0.577008826,0.581845712,0.577008826,0.581845712,0.577008826,0.581845712,0.577008826,0.581845712,0.577008826,0.581845712,0.577008826
AOI-0013,2016-06-27,0.467022479,landsat,2016,new,1.000000000,0.521972729,0.490981156,0.509576100,0.490981156,0.509576100,0.490981156,0.509576100,0.490981156,0.509576100,0.490981156,0.509576100,0.490981156,0.509576100
AOI-0013,2016-07-05,0.526814916,landsat,2016,new,1.000000000,0.523206826,0.539894943,0.529882073,0.539894943,0.529882073,0.539894943,0.529882073,0.539894943,0.529882073,0.539894943,0.529882073,0.539894943,0.529882073
AOI-0013,2016-07-11,0.626136627,modis,2016,new,1.000000000,0.532425226,0.537871633,0.534603789,0.537871633,0.534603789,0.537871633,0.534603789,0.537871633,0.534603789,0.537871633,0.534603789,0.537871633,0.534603789
AOI-0013,2016-08-13,0.630947083,landsat,2016,new,4.000000000,0.709458177,0.693846017,0.703213313,0.693846017,0.703213313,0.693846016,0.703213313,0.693846016,0.703213313,0.693846016,0.703213313,0.693846017,0.703213313
AOI-0013,2017-04-02,0.223815245,landsat,2017,new,4.000000000,0.275166476,0.274778881,0.275011438,0.274778881,0.275011438,0.274778883,0.275011439,0.274778883,0.275011439,0.274778883,0.275011439,0.274778881,0.275011438
AOI-0013,2017-04-23,0.574751325,modis,2017,new,1.000000000,0.515167966,0.523355257,0.518442882,0.523355257,0.518442882,0.523355257,0.518442882,0.523355257,0.518442882,0.523355257,0.518442882,0.523355257,0.518442882
AOI-0013,2017-05-09,0.688441205,modis,2017,new,1.000000000,0.602255221,0.638956016,0.616935539,0.638956016,0.616935539,0.638956016,0.616935539,0.638956016,0.616935539,0.638956016,0.616935539,0.638956016,0.616935539
AOI-0013,2017-07-02,0.766926778,s2,2017,new,1.000000000,0.600678907,0.644905836,0.618369678,0.644905836,0.618369678,0.644905836,0.618369678,0.644905836,0.618369678,0.644905836,0.618369678,0.644905836,0.618369678
AOI-0013,2017-07-12,0.490195904,modis,2017,new,1.000000000,0.587546909,0.569062752,0.580153246,0.569062752,0.580153246,0.569062752,0.580153246,0.569062752,0.580153246,0.569062752,0.580153246,0.569062752,0.580153246
AOI-0013,2017-07-31,0.572032469,landsat,2017,new,15.000000000,0.541029314,0.514264813,0.530323514,0.514264813,0.530323514,0.514264811,0.530323513,0.514264811,0.530323513,0.514264811,0.530323513,0.514264813,0.530323514
AOI-0013,2017-08-25,0.472722831,landsat,2017,new,1.000000000,0.441339692,0.430314396,0.436929574,0.430314396,0.436929574,0.430314396,0.436929574,0.430314396,0.436929574,0.430314396,0.436929574,0.430314396,0.436929574
AOI-0013,2017-09-08,0.510771772,s2,2017,new,1.000000000,0.467763038,0.454880741,0.462610120,0.454880741,0.462610120,0.454880741,0.462610120,0.454880741,0.462610120,0.454880741,0.462610120,0.454880741,0.462610120
AOI-0013,2018-05-31,0.350484211,s2,2018,new,1.000000000,0.348216160,0.343839897,0.346465655,0.343839897,0.346465655,0.343839897,0.346465655,0.343839897,0.346465655,0.343839897,0.346465655,0.343839897,0.346465655
AOI-0013,2018-06-26,0.494449398,modis,2018,new,1.000000000,0.442902915,0.448983904,0.445335311,0.448983904,0.445335311,0.448983904,0.445335311,0.448983904,0.445335311,0.448983904,0.445335311,0.444686945,0.443616527
AOI-0013,2018-07-18,0.378065893,landsat,2018,new,inf,0.384865791,0.387519163,0.385927140,0.387519163,0.385927140,0.387519166,0.385927141,0.387519166,0.385927141,0.387519166,0.385927141,0.387519166,0.385927141
AOI-0013,2018-07-26,0.336486840,landsat,2018,new,1.000000000,0.395165937,0.413641862,0.402556307,0.413641862,0.402556307,0.413641862,0.402556307,0.413641862,0.402556307,0.413641862,0.402556307,0.413641862,0.402556307
AOI-0013,2018-08-19,0.433286740,landsat,2018,new,1.000000000,0.416588028,0.408763665,0.413458283,0.408763665,0.413458283,0.408763665,0.413458283,0.408763665,0.413458283,0.408763665,0.413458283,0.408763665,0.413458283
AOI-0013,2018-09-13,0.463448823,s2,2018,new,1.000000000,0.406124352,0.417903487,0.410836006,0.417903487,0.410836006,0.417903487,0.410836006,0.417903487,0.410836006,0.417903487,0.410836006,0.417864298,0.410820331
AOI-0013,2018-09-20,0.475531130,landsat,2018,new,1.000000000,0.432382234,0.448817338,0.438956276,0.448817338,0.438956276,0.448817338,0.438956276,0.448817338,0.438956276,0.448817338,0.438956276,0.448817338,0.438956276
AOI-0013,2019-05-28,0.449272693,s2,2019,new,3.000000000,0.454892783,0.443332676,0.450268741,0.443332676,0.450268741,0.443332677,0.450268741,0.443332677,0.450268741,0.443332677,0.450268741,0.443332676,0.450268741
AOI-0013,2019-07-05,0.432821714,s2,2019,new,1.000000000,0.438017192,0.435760218,0.437114402,0.435760218,0.437114402,0.435760218,0.437114402,0.435760218,0.437114402,0.435760218,0.437114402,0.435760218,0.437114402
AOI-0013,2019-07-07,0.418786428,s2,2019,new,1.000000000,0.405410636,0.431448785,0.415825896,0.431448785,0.415825896,0.431448785,0.415825896,0.431448785,0.415825896,0.431448785,0.415825896,0.431448785,0.415825896
AOI-0013,2019-08-06,0.596823031,s2,2019,new,1.000000000,0.616322417,0.620375093,0.617943488,0.620375093,0.617943488,0.620375093,0.617943488,0.620375093,0.617943488,0.620375093,0.617943488,0.619288841,0.617508987
AOI-0013,2019-08-07,0.620766669,landsat,2019,new,3.000000000,0.596005198,0.570834041,0.585936735,0.570834041,0.585936735,0.570859960,0.585947103,0.570859960,0.585947103,0.570859960,0.585947103,0.570834041,0.585936735
AOI-0013,2019-08-09,0.610585465,s2,2019,new,1.000000000,0.594850554,0.612430345,0.601882471,0.612430345,0.601882471,0.612430345,0.601882471,0.612430345,0.601882471,0.612430345,0.601882471,0.609558230,0.600733624
AOI-0013,2019-08-11,0.611860817,s2,2019,new,3.000000000,0.580078450,0.625044883,0.598065023,0.625044883,0.598065023,0.625044882,0.598065023,0.625044882,0.598065023,0.625044882,0.598065023,0.625044883,0.598065023
AOI-0013,2019-08-26,0.502432604,s2,2019,new,4.000000000,0.474693529,0.534127365,0.498467063,0.534127365,0.498467063,0.534127364,0.498467063,0.534127364,0.498467063,0.534127364,0.498467063,0.534127365,0.498467063
AOI-0013,2019-09-03,0.532913970,s2,2019,new,1.000000000,0.481536973,0.480651406,0.481182746,0.480651406,0.481182746,0.480651406,0.481182746,0.480651406,0.481182746,0.480651406,0.481182746,0.480651406,0.481182746
AOI-0013,2019-10-16,0.381442892,modis,2019,new,1.000000000,0.498119948,0.518598088,0.506311204,0.518598088,0.506311204,0.518598088,0.506311204,0.518598088,0.506311204,0.518598088,0.506311204,0.518598088,0.506311204
AOI-0013,2020-04-10,0.299791090,s2,2020,new,1.000000000,0.316909600,0.318365456,0.317491943,0.318365456,0.317491943,0.318365456,0.317491943,0.318365456,0.317491943,0.318365456,0.317491943,0.318365456,0.317491943
AOI-0013,2020-04-25,0.360667934,s2,2020,new,3.000000000,0.326191269,0.311615168,0.320360829,0.311615168,0.320360829,0.311615169,0.320360829,0.311615169,0.320360829,0.311615169,0.320360829,0.311615168,0.320360829
AOI-0013,2020-04-26,0.365718858,landsat,2020,new,1.000000000,0.366289109,0.363595264,0.365211571,0.363595264,0.365211571,0.363595264,0.365211571,0.363595264,0.365211571,0.363595264,0.365211571,0.363595264,0.365211571
AOI-0013,2020-05-08,0.501317108,modis,2020,new,1.000000000,0.521372426,0.511032698,0.517236535,0.511032698,0.517236535,0.511032698,0.517236535,0.511032698,0.517236535,0.511032698,0.517236535,0.511032698,0.517236535
AOI-0013,2020-05-27,0.367542871,s2,2020,new,1.000000000,0.359359762,0.348490797,0.355012176,0.348490797,0.355012176,0.348490797,0.355012176,0.348490797,0.355012176,0.348490797,0.355012176,0.348490797,0.355012176
AOI-0013,2020-06-09,0.524905187,s2,2020,new,1.000000000,0.521094855,0.395656090,0.470919349,0.395656090,0.470919349,0.395656090,0.470919349,0.395656090,0.470919349,0.395656090,0.470919349,0.493650413,0.510117079
AOI-0013,2020-06-25,0.520570843,modis,2020,new,3.000000000,0.545876597,0.544408954,0.545289540,0.544408954,0.545289540,0.544408954,0.545289540,0.544408954,0.545289540,0.544408954,0.545289540,0.544408954,0.545289540
AOI-0013,2020-07-07,0.512595007,landsat,2020,new,1.000000000,0.528998939,0.537270418,0.532307531,0.537270418,0.532307531,0.537270418,0.532307531,0.537270418,0.532307531,0.537270418,0.532307531,0.537270418,0.532307531
AOI-0013,2020-07-23,0.489590981,landsat,2020,new,1.000000000,0.512302293,0.512952740,0.512562472,0.512952740,0.512562472,0.512952740,0.512562472,0.512952740,0.512562472,0.512952740,0.512562472,0.506023681,0.509790849
AOI-0013,2020-08-09,0.419512197,landsat,2020,new,1.000000000,0.438380267,0.438909398,0.438591919,0.438909398,0.438591919,0.438909398,0.438591919,0.438909398,0.438591919,0.438909398,0.438591919,0.438909398,0.438591919
AOI-0013,2020-09-07,0.350348800,s2,2020,new,1.000000000,0.422042766,0.409848708,0.417165143,0.409848708,0.417165143,0.409848708,0.417165143,0.409848708,0.417165143,0.409848708,0.417165143,0.409848708,0.417165143
AOI-0013,2020-09-24,0.357907536,s2,2020,new,3.000000000,0.361514062,0.402118164,0.377755703,0.402118164,0.377755703,0.402092310,0.377745361,0.402092310,0.377745361,0.402092310,0.377745361,0.402118164,0.377755703
AOI-0013,2021-04-30,0.270561267,s2,2021,new,3.000000000,0.398615687,0.361820662,0.383897677,0.361820662,0.383897677,0.361820663,0.383897678,0.361820663,0.383897678,0.361820663,0.383897678,0.361820662,0.383897677
AOI-0013,2021-05-15,0.419919656,s2,2021,new,1.000000000,0.496346717,0.512295153,0.502726092,0.527930027,0.508980041,0.527930027,0.508980041,0.527930027,0.508980041,0.527930027,0.508980041,0.513214852,0.503093971
AOI-0013,2021-06-14,0.511572782,s2,2021,new,1.000000000,0.528963428,0.546957987,0.536161252,0.546957987,0.536161252,0.546957987,0.536161252,0.546957987,0.536161252,0.546957987,0.536161252,0.546957987,0.536161252
AOI-0013,2021-06-19,0.525329284,s2,2021,new,3.000000000,0.514480527,0.544288238,0.526403611,0.544288238,0.526403611,0.544203293,0.526369633,0.544203293,0.526369633,0.544203293,0.526369633,0.541974374,0.525478066
AOI-0013,2021-08-23,0.507585131,s2,2021,new,1.000000000,0.471672147,0.471474637,0.471593143,0.471474637,0.471593143,0.471474637,0.471593143,0.471474637,0.471593143,0.471474637,0.471593143,0.471474637,0.471593143
AOI-0013,2021-08-25,0.514708360,s2,2021,new,3.000000000,0.469414018,0.450346828,0.461787142,0.450346828,0.461787142,0.450346828,0.461787142,0.450346828,0.461787142,0.450346828,0.461787142,0.450346828,0.461787142
AOI-0013,2021-09-14,0.478201490,s2,2021,new,3.000000000,0.458802548,0.486190121,0.469757577,0.486190121,0.469757577,0.481473069,0.467870756,0.481473069,0.467870756,0.481473069,0.467870756,0.486044295,0.469699247
AOI-0013,2021-09-27,0.575826764,s2,2021,new,1.000000000,0.400050429,0.425628996,0.410281856,0.425628996,0.410281856,0.425628996,0.410281856,0.425628996,0.410281856,0.425628996,0.410281856,0.425628996,0.410281856
AOI-0013,2021-10-06,0.439502876,landsat,2021,new,12.000000000,0.387499665,0.386770148,0.387207858,0.386770148,0.387207858,0.386770343,0.387207936,0.386770343,0.387207936,0.386770343,0.387207936,0.386772130,0.387208651
AOI-0013,2021-10-30,0.484171277,landsat,2021,new,4.000000000,0.492428592,0.503192698,0.496734234,0.503192698,0.496734234,0.503139202,0.496712836,0.503139202,0.496712836,0.503139202,0.496712836,0.503192698,0.496734234
AOI-0013,2022-04-07,0.638159003,s2,2022,new,1.000000000,0.533485376,0.567726891,0.547181982,0.567726891,0.547181982,0.567726891,0.547181982,0.567726891,0.547181982,0.567726891,0.547181982,0.567686282,0.547165738
AOI-0013,2022-04-23,0.619320723,modis,2022,new,1.000000000,0.582740352,0.608038003,0.592859412,0.608038003,0.592859412,0.608038003,0.592859412,0.608038003,0.592859412,0.608038003,0.592859412,0.608038003,0.592859412
AOI-0013,2022-05-26,0.519554228,landsat,2022,new,15.000000000,0.513878803,0.519942639,0.516304337,0.519942639,0.516304337,0.519942639,0.516304337,0.519942639,0.516304337,0.519942639,0.516304337,0.519942639,0.516304337
AOI-0013,2022-07-28,0.563943855,modis,2022,new,1.000000000,0.526525323,0.509808687,0.519838669,0.509808687,0.519838669,0.509808687,0.519838669,0.509808687,0.519838669,0.509808687,0.519838669,0.510326462,0.520045778
AOI-0013,2022-08-10,0.518411222,s2,2022,new,1.000000000,0.546725590,0.558982713,0.551628439,0.558982713,0.551628439,0.558982713,0.551628439,0.558982713,0.551628439,0.558982713,0.551628439,0.558982713,0.551628439
AOI-0013,2022-08-15,0.542063790,s2,2022,new,1.000000000,0.542441540,0.533647227,0.538923815,0.533647227,0.538923815,0.533647227,0.538923815,0.533647227,0.538923815,0.533647227,0.538923815,0.533647227,0.538923815
AOI-0013,2022-08-25,0.552815922,s2,2022,new,1.000000000,0.520672441,0.518294172,0.519721133,0.518294172,0.519721133,0.518294172,0.519721133,0.518294172,0.519721133,0.518294172,0.519721133,0.518306998,0.519726264
AOI-0013,2022-08-31,0.472258267,landsat,2022,new,1.000000000,0.426806500,0.426394035,0.426641514,0.426394035,0.426641514,0.426394035,0.426641514,0.426394035,0.426641514,0.426394035,0.426641514,0.426394035,0.426641514
AOI-0013,2022-09-16,0.527129755,landsat,2022,new,inf,0.409835371,0.419111559,0.413545846,0.419111559,0.413545846,0.419111415,0.413545789,0.419111415,0.413545789,0.419111415,0.413545789,0.419111415,0.413545789
AOI-0013,2022-10-18,0.449246143,landsat,2022,new,1.000000000,0.430107397,0.432711996,0.431149237,0.432711996,0.431149237,0.432711996,0.431149237,0.432711996,0.431149237,0.432711996,0.431149237,0.432711996,0.431149237
AOI-0013,2023-05-09,0.764990120,modis,2023,new,1.000000000,0.583031356,0.590165338,0.585884949,0.590165338,0.585884949,0.590165338,0.585884949,0.590165338,0.585884949,0.590165338,0.585884949,0.590165338,0.585884949
AOI-0013,2023-05-20,0.416145426,s2,2023,new,3.000000000,0.439336666,0.414001763,0.429202705,0.414001763,0.429202705,0.414427028,0.429372811,0.414427028,0.429372811,0.414427028,0.429372811,0.414001763,0.429202705
AOI-0013,2023-06-10,0.608100482,modis,2023,new,1.000000000,0.581834840,0.571172910,0.577570068,0.571172910,0.577570068,0.571172910,0.577570068,0.571172910,0.577570068,0.571172910,0.577570068,0.571172910,0.577570068
AOI-0013,2023-07-04,0.302393968,s2,2023,new,1.000000000,0.530875971,0.510859896,0.522869541,0.510859896,0.522869541,0.510859896,0.522869541,0.510859896,0.522869541,0.510859896,0.522869541,0.510859896,0.522869541
AOI-0013,2023-07-25,0.569996974,landsat,2023,new,1.000000000,0.522756119,0.515108118,0.519696919,0.515108118,0.519696919,0.515108118,0.519696919,0.515108118,0.519696919,0.515108118,0.519696919,0.515108118,0.519696919
AOI-0013,2023-08-13,0.555691533,s2,2023,new,1.000000000,0.523417011,0.543192839,0.531327343,0.543192839,0.531327343,0.543192839,0.531327343,0.543192839,0.531327343,0.543192839,0.531327343,0.540425386,0.530220361
AOI-0013,2023-08-30,0.504669584,s2,2023,new,1.000000000,0.484308557,0.475595226,0.480823224,0.475595226,0.480823224,0.475595226,0.480823224,0.475595226,0.480823224,0.475595226,0.480823224,0.475595226,0.480823224
AOI-0013,2023-09-07,0.498964908,s2,2023,new,1.000000000,0.487098361,0.489593199,0.488096296,0.489593199,0.488096296,0.489593199,0.488096296,0.489593199,0.488096296,0.489593199,0.488096296,0.489593199,0.488096296
AOI-0013,2023-10-07,0.505408413,s2,2023,new,1.000000000,0.442868402,0.468024053,0.452930662,0.468024053,0.452930662,0.468024053,0.452930662,0.468024053,0.452930662,0.468024053,0.452930662,0.468423585,0.453090475
AOI-0013,2023-10-29,0.432204077,s2,2023,new,4.000000000,0.312599727,0.334884894,0.321513794,0.334884894,0.321513794,0.334885898,0.321514195,0.334885898,0.321514195,0.334885898,0.321514195,0.334884894,0.321513794
AOI-0013,2024-04-05,0.341261894,landsat,2024,new,1.000000000,0.346522364,0.349484494,0.347707216,0.349484494,0.347707216,0.349484494,0.347707216,0.349484494,0.347707216,0.349484494,0.347707216,0.349484494,0.347707216
AOI-0013,2024-04-09,0.297727465,s2,2024,new,1.000000000,0.323581344,0.324408681,0.323912279,0.324408681,0.323912279,0.324408681,0.323912279,0.324408681,0.323912279,0.324408681,0.323912279,0.324408681,0.323912279
AOI-0013,2024-05-09,0.518426794,s2,2024,new,4.000000000,0.512441659,0.517822557,0.514594018,0.517822557,0.514594018,0.520222562,0.515554020,0.520222562,0.515554020,0.520222562,0.515554020,0.521971520,0.516253604
AOI-0013,2024-07-08,0.505462238,s2,2024,new,12.000000000,0.485058603,0.478913119,0.482600409,0.478913119,0.482600409,0.478913118,0.482600409,0.478913118,0.482600409,0.478913118,0.482600409,0.478913119,0.482600409
AOI-0013,2024-08-14,0.533363059,s2,2024,new,1.000000000,0.496190992,0.470713397,0.485999954,0.470713397,0.485999954,0.470713397,0.485999954,0.470713397,0.485999954,0.470713397,0.485999954,0.470767436,0.486021570
AOI-0013,2024-08-20,0.528817567,landsat,2024,new,1.000000000,0.479677691,0.460810918,0.472130982,0.460810918,0.472130982,0.460810918,0.472130982,0.460810918,0.472130982,0.460810918,0.472130982,0.460810918,0.472130982
AOI-0013,2024-08-24,0.541336675,s2,2024,new,1.000000000,0.419437225,0.426388338,0.422217670,0.426388338,0.422217670,0.426388338,0.422217670,0.426388338,0.422217670,0.426388338,0.422217670,0.426388338,0.422217670
AOI-0013,2024-08-28,0.518859789,landsat,2024,new,1.000000000,0.495376000,0.502856505,0.498368202,0.502856505,0.498368202,0.502856505,0.498368202,0.502856505,0.498368202,0.502856505,0.498368202,0.500848863,0.497565145
AOI-0013,2024-09-11,0.481154863,s2,2024,new,3.000000000,0.486633600,0.493434534,0.489353974,0.493434534,0.489353974,0.493434534,0.489353974,0.493434534,0.489353974,0.493434534,0.489353974,0.493434534,0.489353974
AOI-0013,2024-10-30,0.453475815,landsat,2024,new,4.000000000,0.386107328,0.382955363,0.384846542,0.382955363,0.384846542,0.382908274,0.384827707,0.382908274,0.384827707,0.382908274,0.384827707,0.382894053,0.384822018
AOI-0013,2025-05-09,0.594297831,modis,2025,new,1.000000000,0.571967604,0.597173597,0.582050001,0.597173597,0.582050001,0.597173597,0.582050001,0.597173597,0.582050001,0.597173597,0.582050001,0.597116210,0.582027046
AOI-0013,2025-06-03,0.518282498,s2,2025,new,1.000000000,0.486672909,0.482224577,0.484893576,0.482224577,0.484893576,0.482224577,0.484893576,0.482224577,0.484893576,0.482224577,0.484893576,0.482224577,0.484893576
AOI-0013,2025-06-05,0.513355695,s2,2025,new,1.000000000,0.471641324,0.458435998,0.466359194,0.458435998,0.466359194,0.458435998,0.466359194,0.458435998,0.466359194,0.458435998,0.466359194,0.458435998,0.466359194
AOI-0013,2025-08-22,0.532721793,s2,2025,new,1.000000000,0.506585632,0.531904549,0.516713199,0.531904549,0.516713199,0.531904549,0.516713199,0.531904549,0.516713199,0.531904549,0.516713199,0.531904549,0.516713199
AOI-0013,2025-08-30,0.480493082,landsat,2025,new,1.000000000,0.497544296,0.516150656,0.504986840,0.516150656,0.504986840,0.516150656,0.504986840,0.516150656,0.504986840,0.516150656,0.504986840,0.516150656,0.504986840
AOI-0013,2025-09-11,0.571721215,s2,2025,new,2.000000000,0.489049670,0.485055601,0.487452042,0.485055601,0.487452042,0.485055600,0.487452042,0.485055600,0.487452042,0.485055601,0.487452042,0.485055601,0.487452042
AOI-0013,2025-09-13,0.551331194,s2,2025,new,1.000000000,0.472043415,0.467694119,0.470303697,0.467694119,0.470303697,0.467694119,0.470303697,0.467694119,0.470303697,0.467694119,0.470303697,0.467694119,0.470303697
AOI-0013,2025-09-15,0.514272874,s2,2025,new,1.000000000,0.509515998,0.511637585,0.510364632,0.511637585,0.510364632,0.511637585,0.510364632,0.511637585,0.510364632,0.511637585,0.510364632,0.511477334,0.510300532
AOI-0013,2025-10-02,0.595925038,landsat,2025,new,1.000000000,0.531925927,0.545752678,0.537456628,0.545752678,0.537456628,0.545752678,0.537456628,0.545752678,0.537456628,0.545752678,0.537456628,0.545641998,0.537412356
AOI-0013,2025-10-08,0.525397921,s2,2025,new,1.000000000,0.473390066,0.510880519,0.488386247,0.510880519,0.488386247,0.510880519,0.488386247,0.510880519,0.488386247,0.510880519,0.488386247,0.510880519,0.488386247
AOI-0013,2025-10-16,0.698129489,s2,2025,new,1.000000000,0.579851934,0.587798501,0.583030560,0.587798501,0.583030560,0.572785058,0.577025183,0.572785058,0.577025183,0.586032213,0.582324046,0.584905432,0.581873333
AOI-0014,2010-04-15,0.607322315,landsat,2010,new,3.000000000,0.552951638,0.512387123,0.536725832,0.512387123,0.536725832,0.512387125,0.536725833,0.512387125,0.536725833,0.512387125,0.536725833,0.512387123,0.536725832
AOI-0014,2010-04-23,0.713196372,landsat,2010,new,1.000000000,0.737957424,0.737688726,0.737849945,0.696107896,0.721217613,0.696107896,0.721217613,0.696107896,0.721217613,0.696107896,0.721217613,0.725606215,0.733016940
AOI-0014,2010-05-02,0.799150405,landsat,2010,new,1.000000000,0.762440569,0.765508311,0.763667665,0.765508311,0.763667665,0.765508311,0.763667665,0.765508311,0.763667665,0.765508311,0.763667665,0.765508311,0.763667665
AOI-0014,2010-08-06,0.264453624,landsat,2010,new,1.000000000,0.276083883,0.281181913,0.278123095,0.281181913,0.278123095,0.281181913,0.278123095,0.281181913,0.278123095,0.281181913,0.278123095,0.281181913,0.278123095
AOI-0014,2011-04-02,0.157999587,landsat,2011,new,3.000000000,0.168608743,0.167975734,0.168355539,0.167975734,0.168355539,0.167975736,0.168355540,0.167975736,0.168355540,0.167975736,0.168355540,0.167975734,0.168355539
AOI-0014,2011-05-04,0.299867443,landsat,2011,new,1.000000000,0.381431887,0.377775018,0.379969140,0.377775018,0.379969140,0.377775018,0.379969140,0.377775018,0.379969140,0.377775018,0.379969140,0.377775018,0.379969140
AOI-0014,2011-05-25,0.706909862,modis,2011,new,1.000000000,0.669956023,0.720338772,0.690109122,0.720338772,0.690109122,0.720338772,0.690109122,0.720338772,0.690109122,0.720338772,0.690109122,0.720338772,0.690109122
AOI-0014,2011-09-25,0.193905364,landsat,2011,new,1.000000000,0.203857764,0.196310985,0.200839052,0.196310985,0.200839052,0.196310985,0.200839052,0.196310985,0.200839052,0.196310985,0.200839052,0.196310985,0.200839052
AOI-0014,2012-07-11,0.420046452,modis,2012,new,1.000000000,0.352384778,0.361810778,0.356155178,0.361810778,0.356155178,0.361810778,0.356155178,0.361810778,0.356155178,0.361810778,0.356155178,0.361810778,0.356155178
AOI-0014,2012-07-18,0.232034875,landsat,2012,new,4.000000000,0.246710045,0.238570004,0.243454029,0.238570004,0.243454029,0.238570005,0.243454029,0.238570005,0.243454029,0.238570005,0.243454029,0.238570004,0.243454029
AOI-0014,2012-09-13,0.281559908,modis,2012,new,1.000000000,0.254037363,0.268545434,0.259840591,0.268545434,0.259840591,0.268545434,0.259840591,0.268545434,0.259840591,0.268545434,0.259840591,0.267010429,0.259226589
AOI-0014,2013-07-13,0.800367746,landsat,2013,new,3.000000000,0.764133950,0.761740557,0.763176593,0.761740557,0.763176593,0.761740556,0.763176592,0.761740556,0.763176592,0.761740556,0.763176592,0.761740557,0.763176593
AOI-0014,2013-08-13,0.433279770,modis,2013,new,1.000000000,0.484783785,0.476617981,0.481517464,0.476617981,0.481517464,0.476617981,0.481517464,0.476617981,0.481517464,0.476617981,0.481517464,0.476674491,0.481540068
AOI-0014,2013-10-16,0.187934240,landsat,2013,new,1.000000000,0.288449505,0.304332223,0.294802592,0.211694081,0.257747336,0.211694081,0.257747336,0.211694081,0.257747336,0.211694081,0.257747336,0.233960222,0.266653792
AOI-0014,2013-10-24,0.238079395,landsat,2013,new,3.000000000,0.225080208,0.201662068,0.215712952,0.201662068,0.215712952,0.201662069,0.215712953,0.201662069,0.215712953,0.201662069,0.215712953,0.201662068,0.215712952
AOI-0014,2014-06-22,0.389569891,landsat,2014,new,1.000000000,0.449571668,0.407113766,0.432588507,0.407113766,0.432588507,0.407113766,0.432588507,0.407113766,0.432588507,0.407113766,0.432588507,0.407113766,0.432588507
AOI-0014,2014-07-24,0.205181230,landsat,2014,new,1.000000000,0.228716353,0.233380582,0.230582044,0.233380582,0.230582044,0.233380582,0.230582044,0.233380582,0.230582044,0.233380582,0.230582044,0.233380582,0.230582044
AOI-0014,2014-09-14,0.371435253,modis,2014,new,1.000000000,0.283472981,0.275160784,0.280148102,0.275160784,0.280148102,0.275160784,0.280148102,0.275160784,0.280148102,0.275160784,0.280148102,0.275160784,0.280148102
AOI-0014,2014-09-17,0.182986535,landsat,2014,new,13.000000000,0.197135879,0.193803982,0.195803120,0.193803982,0.195803120,0.193803988,0.195803122,0.193803988,0.195803122,0.193803988,0.195803122,0.193803982,0.195803120
AOI-0014,2014-10-03,0.219117500,landsat,2014,new,14.000000000,0.218462407,0.208138009,0.214332648,0.208138009,0.214332648,0.208138016,0.214332651,0.208138016,0.214332651,0.208138016,0.214332651,0.208138009,0.214332648
AOI-0014,2014-10-28,0.169507600,landsat,2014,new,1.000000000,0.207024729,0.217182852,0.211087978,0.217182852,0.211087978,0.217182852,0.211087978,0.217182852,0.211087978,0.217182852,0.211087978,0.217182852,0.211087978
AOI-0014,2015-05-25,0.703788940,modis,2015,new,1.000000000,0.810194415,0.823079628,0.815348500,0.823079628,0.815348500,0.823079628,0.815348500,0.823079628,0.815348500,0.823079628,0.815348500,0.819104079,0.813758281
AOI-0014,2015-06-09,0.812690676,landsat,2015,new,1.000000000,0.767625694,0.806603592,0.783216853,0.806603592,0.783216853,0.806603592,0.783216853,0.806603592,0.783216853,0.806603592,0.783216853,0.806603592,0.783216853
AOI-0014,2015-08-12,0.261727511,landsat,2015,new,3.000000000,0.269002892,0.289442653,0.277178796,0.289442653,0.277178796,0.289442653,0.277178796,0.289442653,0.277178796,0.289442653,0.277178796,0.289442653,0.277178796
AOI-0014,2015-08-27,0.212154982,landsat,2015,new,1.000000000,0.262100155,0.246318295,0.255787411,0.246318295,0.255787411,0.246318295,0.255787411,0.246318295,0.255787411,0.246318295,0.255787411,0.246318295,0.255787411
AOI-0014,2015-09-05,0.209241640,landsat,2015,new,1.000000000,0.215666937,0.214742928,0.215297334,0.214742928,0.215297334,0.214742928,0.215297334,0.214742928,0.215297334,0.214742928,0.215297334,0.214742928,0.215297334
AOI-0014,2015-10-06,0.110819821,landsat,2015,new,13.000000000,0.163013813,0.153452423,0.159189257,0.153452423,0.159189257,0.153452425,0.159189258,0.153452425,0.159189258,0.153452425,0.159189258,0.153452423,0.159189257
AOI-0014,2016-05-01,0.284553614,landsat,2016,new,inf,0.270641339,0.286796288,0.277103319,0.286796288,0.277103319,0.286796754,0.277103505,0.286796754,0.277103505,0.286796754,0.277103505,0.286796754,0.277103505
AOI-0014,2016-05-08,0.573994147,modis,2016,new,1.000000000,0.577838933,0.555183595,0.568776798,0.555183595,0.568776798,0.555183595,0.568776798,0.555183595,0.568776798,0.555183595,0.568776798,0.555183595,0.568776798
AOI-0014,2016-05-10,0.296507047,landsat,2016,new,4.000000000,0.375785472,0.372977485,0.374662277,0.372977485,0.374662277,0.372977487,0.374662278,0.372977487,0.374662278,0.372977487,0.374662278,0.372977485,0.374662277
AOI-0014,2016-05-25,0.467733188,landsat,2016,new,1.000000000,0.638012866,0.657701345,0.645888258,0.657701345,0.645888258,0.657701345,0.645888258,0.657701345,0.645888258,0.657701345,0.645888258,0.657701345,0.645888258
AOI-0014,2016-07-27,0.572752442,modis,2016,new,1.000000000,0.673627686,0.631470793,0.656764929,0.631470793,0.656764929,0.631470793,0.656764929,0.631470793,0.656764929,0.631470793,0.656764929,0.631470793,0.656764929
AOI-0014,2016-10-15,0.331593871,modis,2016,new,1.000000000,0.380605829,0.478958035,0.419946711,0.478958035,0.419946711,0.478958035,0.419946711,0.478958035,0.419946711,0.478958035,0.419946711,0.478958035,0.419946711
AOI-0014,2017-04-02,0.410944712,landsat,2017,new,3.000000000,0.452145252,0.390704084,0.427568785,0.390704084,0.427568785,0.390704087,0.427568786,0.390704087,0.427568786,0.390704087,0.427568786,0.390704084,0.427568785
AOI-0014,2017-04-03,0.441917404,landsat,2017,new,1.000000000,0.438560815,0.431185730,0.435610781,0.392845578,0.420274720,0.392845578,0.420274720,0.392845578,0.420274720,0.392845578,0.420274720,0.424861581,0.433081121
AOI-0014,2017-06-29,0.426336716,landsat,2017,new,1.000000000,0.411469117,0.405957289,0.409264386,0.405957289,0.409264386,0.405957289,0.409264386,0.405957289,0.409264386,0.405957289,0.409264386,0.405957289,0.409264386
AOI-0014,2017-08-17,0.139012960,landsat,2017,new,1.000000000,0.171879177,0.180980898,0.175519865,0.180980898,0.175519865,0.180980898,0.175519865,0.180980898,0.175519865,0.180980898,0.175519865,0.180980898,0.175519865
AOI-0014,2017-09-18,0.157707230,s2,2017,new,1.000000000,0.171359012,0.168135856,0.170069750,0.168135856,0.170069750,0.168135856,0.170069750,0.168135856,0.170069750,0.168135856,0.170069750,0.169418045,0.170582625
AOI-0014,2017-09-25,0.165644834,s2,2017,new,1.000000000,0.162167355,0.149063045,0.156925631,0.149063045,0.156925631,0.149063045,0.156925631,0.149063045,0.156925631,0.149063045,0.156925631,0.150851870,0.157641161
AOI-0014,2017-10-11,0.197641368,landsat,2017,new,1.000000000,0.183902032,0.204373369,0.192090567,0.204373369,0.192090567,0.204373369,0.192090567,0.204373369,0.192090567,0.204373369,0.192090567,0.204373369,0.192090567
AOI-0014,2017-10-12,0.243161056,landsat,2017,new,1.000000000,0.211264936,0.217166988,0.213625756,0.217166988,0.213625756,0.217166988,0.213625756,0.217166988,0.213625756,0.217166988,0.213625756,0.217166988,0.213625756
AOI-0014,2017-10-19,0.261872474,landsat,2017,new,1.000000000,0.205173505,0.231614553,0.215749925,0.231614553,0.215749925,0.231614553,0.215749925,0.231614553,0.215749925,0.231614553,0.215749925,0.231614553,0.215749925
AOI-0014,2018-04-30,0.803773147,landsat,2018,new,1.000000000,0.796329788,0.797728577,0.796889304,0.797728577,0.796889304,0.797728577,0.796889304,0.797728577,0.796889304,0.797728577,0.796889304,0.797728577,0.796889304
AOI-0014,2018-05-15,0.828197765,landsat,2018,new,1.000000000,0.788804609,0.791082189,0.789715641,0.791082189,0.789715641,0.791082189,0.789715641,0.791082189,0.789715641,0.791082189,0.789715641,0.791082189,0.789715641
AOI-0014,2018-05-23,0.662844471,landsat,2018,new,inf,0.703978179,0.730212147,0.714471766,0.730212147,0.714471766,0.730200647,0.714467166,0.730200647,0.714467166,0.730200647,0.714467166,0.730200647,0.714467166
AOI-0014,2018-06-10,0.474244885,modis,2018,new,1.000000000,0.492245173,0.487610685,0.490391377,0.487610685,0.490391377,0.487610685,0.490391377,0.487610685,0.490391377,0.487610685,0.490391377,0.489898555,0.491306526
AOI-0014,2018-06-16,0.405018975,landsat,2018,new,13.000000000,0.355011178,0.327385412,0.343960871,0.327385412,0.343960871,0.327385412,0.343960872,0.327385412,0.343960872,0.327385412,0.343960872,0.327385412,0.343960871
AOI-0014,2018-06-20,0.259577982,s2,2018,new,1.000000000,0.275084113,0.248897364,0.264609413,0.248897364,0.264609413,0.248897364,0.264609413,0.248897364,0.264609413,0.248897364,0.264609413,0.248897364,0.264609413
AOI-0014,2018-10-07,0.181857239,landsat,2018,new,1.000000000,0.185654847,0.177205021,0.182274917,0.177205021,0.182274917,0.177205021,0.182274917,0.177205021,0.182274917,0.177205021,0.182274917,0.177205021,0.182274917
AOI-0014,2018-10-16,0.333629401,modis,2018,new,1.000000000,0.241536421,0.237411681,0.239886525,0.237411681,0.239886525,0.237411681,0.239886525,0.237411681,0.239886525,0.237411681,0.239886525,0.237082309,0.239754776
AOI-0014,2019-04-07,0.508817051,modis,2019,new,1.000000000,0.333225061,0.320849338,0.328274772,0.320849338,0.328274772,0.320849338,0.328274772,0.320849338,0.328274772,0.320849338,0.328274772,0.320849338,0.328274772
AOI-0014,2019-05-19,0.452778902,landsat,2019,new,inf,0.448336166,0.438335616,0.444335946,0.438335616,0.444335946,0.438285238,0.444315795,0.438285238,0.444315795,0.438285238,0.444315795,0.438335616,0.444335946
AOI-0014,2019-06-07,0.817337957,s2,2019,new,1.000000000,0.804346159,0.782564124,0.795633345,0.782564124,0.795633345,0.782564124,0.795633345,0.782564124,0.795633345,0.782564124,0.795633345,0.782564124,0.795633345
AOI-0014,2019-06-27,0.808815521,s2,2019,new,1.000000000,0.749235279,0.771801977,0.758261958,0.771801977,0.758261958,0.771801977,0.758261958,0.771801977,0.758261958,0.771801977,0.758261958,0.771819750,0.758269067
AOI-0014,2019-07-22,0.706354672,s2,2019,new,1.000000000,0.607467291,0.581190414,0.596956540,0.581190414,0.596956540,0.581190414,0.596956540,0.581190414,0.596956540,0.581190414,0.596956540,0.581190414,0.596956540
AOI-0014,2019-08-07,0.408933046,landsat,2019,new,3.000000000,0.433319291,0.459963246,0.443976873,0.459963246,0.443976873,0.459945732,0.443969867,0.459945732,0.443969867,0.459945732,0.443969867,0.459963246,0.443976873
AOI-0014,2019-08-11,0.361005642,s2,2019,new,4.000000000,0.357987816,0.364728133,0.360683943,0.364728133,0.360683943,0.364728133,0.360683943,0.364728133,0.360683943,0.364728133,0.360683943,0.364728133,0.360683943
AOI-0014,2019-08-24,0.133477483,s2,2019,new,13.000000000,0.205716963,0.176190458,0.193906361,0.176190458,0.193906361,0.176650196,0.194090256,0.176650196,0.194090256,0.176650196,0.194090256,0.222051071,0.212250606
AOI-0014,2019-09-05,0.155045581,s2,2019,new,inf,0.169704190,0.161479725,0.166414404,0.161479725,0.166414404,0.161479725,0.166414404,0.161479725,0.166414404,0.161479725,0.166414404,0.161479725,0.166414404
AOI-0014,2019-09-23,0.158822654,s2,2019,new,1.000000000,0.110153493,0.101176687,0.106562770,0.101176687,0.106562770,0.101176687,0.106562770,0.101176687,0.106562770,0.101176687,0.106562770,0.101176687,0.106562770
AOI-0014,2019-10-10,0.347024772,s2,2019,new,3.000000000,0.350041047,0.350267875,0.350131778,0.350267875,0.350131778,0.350273130,0.350133880,0.350273130,0.350133880,0.350273130,0.350133880,0.350432400,0.350197588
AOI-0014,2019-10-20,0.143423319,s2,2019,new,1.000000000,0.455751902,0.471945343,0.462229279,0.471945343,0.462229279,0.471945343,0.462229279,0.471945343,0.462229279,0.471945343,0.462229279,0.471945343,0.462229279
AOI-0014,2020-04-03,0.724716575,landsat,2020,new,1.000000000,0.686684207,0.679099145,0.683650182,0.679099145,0.683650182,0.679099145,0.683650182,0.679099145,0.683650182,0.679099145,0.683650182,0.679099145,0.683650182
AOI-0014,2020-04-12,0.612683407,s2,2020,new,1.000000000,0.721731991,0.707530470,0.716051383,0.707530470,0.716051383,0.707530470,0.716051383,0.707530470,0.716051383,0.707530470,0.716051383,0.707530470,0.716051383
AOI-0014,2020-04-30,0.763988487,s2,2020,new,1.000000000,0.729868383,0.739791303,0.733837551,0.739791303,0.733837551,0.739791303,0.733837551,0.739791303,0.733837551,0.739791303,0.733837551,0.739791303,0.733837551
AOI-0014,2020-07-15,0.168771455,landsat,2020,new,1.000000000,0.207614456,0.207446338,0.207547209,0.207446338,0.207547209,0.207446338,0.207547209,0.207446338,0.207547209,0.207446338,0.207547209,0.207446338,0.207547209
AOI-0014,2020-07-16,0.140286927,s2,2020,new,1.000000000,0.123439454,0.139135159,0.129717736,0.139135159,0.129717736,0.139135159,0.129717736,0.139135159,0.129717736,0.139135159,0.129717736,0.139135159,0.129717736
AOI-0014,2020-08-05,0.134253017,s2,2020,new,1.000000000,0.158291101,0.150053595,0.154996099,0.150053595,0.154996099,0.150053595,0.154996099,0.150053595,0.154996099,0.150053595,0.154996099,0.150053595,0.154996099
AOI-0014,2020-08-10,0.139019242,s2,2020,new,1.000000000,0.143297960,0.141706048,0.142661195,0.141706048,0.142661195,0.141706048,0.142661195,0.141706048,0.142661195,0.141706048,0.142661195,0.141706048,0.142661195
AOI-0014,2020-08-24,0.208881488,landsat,2020,new,1.000000000,0.216830342,0.206779730,0.212810098,0.206779730,0.212810098,0.206779730,0.212810098,0.206779730,0.212810098,0.206779730,0.212810098,0.206779730,0.212810098
AOI-0014,2020-08-30,0.159869064,s2,2020,new,1.000000000,0.145446696,0.153746616,0.148766664,0.153746616,0.148766664,0.153746616,0.148766664,0.153746616,0.148766664,0.153746616,0.148766664,0.153746616,0.148766664
AOI-0014,2020-09-10,0.165136536,landsat,2020,new,1.000000000,0.155807420,0.157181844,0.156357190,0.157181844,0.156357190,0.157181844,0.156357190,0.157181844,0.156357190,0.157181844,0.156357190,0.157181844,0.156357190
AOI-0014,2020-09-14,0.158395053,s2,2020,new,1.000000000,0.138658114,0.141723169,0.139884136,0.141723169,0.139884136,0.141723169,0.139884136,0.141723169,0.139884136,0.141723169,0.139884136,0.141723169,0.139884136
AOI-0014,2020-09-29,0.235787972,modis,2020,new,1.000000000,0.204896394,0.234383625,0.216691287,0.234383625,0.216691287,0.234383625,0.216691287,0.234383625,0.216691287,0.234383625,0.216691287,0.233976209,0.216528320
AOI-0014,2021-04-15,0.234413012,s2,2021,new,1.000000000,0.358980191,0.297268021,0.334295323,0.297268021,0.334295323,0.297268021,0.334295323,0.297268021,0.334295323,0.297268021,0.334295323,0.300688542,0.335663531
AOI-0014,2021-06-06,0.732601087,s2,2021,new,1.000000000,0.776771339,0.726644394,0.756720561,0.726644394,0.756720561,0.726644394,0.756720561,0.726644394,0.756720561,0.726644394,0.756720561,0.726644394,0.756720561
AOI-0014,2021-06-16,0.744564664,s2,2021,new,1.000000000,0.766665333,0.766545179,0.766617272,0.766545179,0.766617272,0.766545179,0.766617272,0.766545179,0.766617272,0.766545179,0.766617272,0.766553661,0.766620665
AOI-0014,2021-06-19,0.795148742,s2,2021,new,3.000000000,0.737522563,0.779150889,0.754173893,0.779150889,0.754173893,0.779110784,0.754157852,0.779110784,0.754157852,0.779110784,0.754157852,0.778058457,0.753736921
AOI-0014,2021-07-09,0.244647504,s2,2021,new,1.000000000,0.245878437,0.268414792,0.254892979,0.268414792,0.254892979,0.268414792,0.254892979,0.268414792,0.254892979,0.268414792,0.254892979,0.268414792,0.254892979
AOI-0014,2021-08-05,0.137502847,s2,2021,new,1.000000000,0.142598573,0.135875105,0.139909186,0.135875105,0.139909186,0.135875105,0.139909186,0.135875105,0.139909186,0.135875105,0.139909186,0.135875105,0.139909186
AOI-0014,2021-08-28,0.159768817,s2,2021,new,1.000000000,0.180237449,0.181474691,0.180732346,0.181474691,0.180732346,0.181474691,0.180732346,0.181474691,0.180732346,0.181474691,0.180732346,0.182648096,0.181201708
AOI-0014,2021-10-02,0.174426489,s2,2021,new,1.000000000,0.162134152,0.179896380,0.169239043,0.179896380,0.169239043,0.179896380,0.169239043,0.179896380,0.169239043,0.179896380,0.169239043,0.179896380,0.169239043
AOI-0014,2021-10-06,0.183590355,landsat,2021,new,13.000000000,0.197359562,0.212476527,0.203406348,0.212476527,0.203406348,0.212206753,0.203298438,0.212206753,0.203298438,0.212206753,0.203298438,0.209733461,0.202309121
AOI-0014,2021-10-22,0.172999128,s2,2021,new,1.000000000,0.164991080,0.163225203,0.164284729,0.163225203,0.164284729,0.163225203,0.164284729,0.163225203,0.164284729,0.163225203,0.164284729,0.163225203,0.164284729
AOI-0014,2022-04-17,0.293970803,landsat,2022,new,4.000000000,0.228742712,0.253527709,0.238656711,0.253527709,0.238656711,0.251683891,0.237919184,0.251683891,0.237919184,0.251683891,0.237919184,0.252838705,0.238381109
AOI-0014,2022-04-25,0.215813371,s2,2022,new,3.000000000,0.219508355,0.220079166,0.219736679,0.220079166,0.219736679,0.220246653,0.219803674,0.220246653,0.219803674,0.220246653,0.219803674,0.220079166,0.219736679
AOI-0014,2022-06-09,0.503713999,s2,2022,new,1.000000000,0.510456344,0.547199565,0.525153632,0.547199565,0.525153632,0.547199565,0.525153632,0.547199565,0.525153632,0.547199565,0.525153632,0.547199565,0.525153632
AOI-0014,2022-06-20,0.773097848,landsat,2022,new,1.000000000,0.745487947,0.766680046,0.753964786,0.766680046,0.753964786,0.766680046,0.753964786,0.766680046,0.753964786,0.766680046,0.753964786,0.766680046,0.753964786
AOI-0014,2022-06-21,0.770864695,s2,2022,new,inf,0.703942761,0.679233431,0.694059029,0.679233431,0.694059029,0.679234720,0.694059545,0.679234720,0.694059545,0.679234720,0.694059545,0.679233431,0.694059029
AOI-0014,2022-07-09,0.817068890,s2,2022,new,1.000000000,0.797229327,0.808602399,0.801778556,0.808602399,0.801778556,0.808602399,0.801778556,0.808602399,0.801778556,0.808602399,0.801778556,0.808602399,0.801778556
AOI-0014,2022-07-30,0.752022196,landsat,2022,new,1.000000000,0.670925154,0.735004539,0.696556908,0.735004539,0.696556908,0.735004539,0.696556908,0.735004539,0.696556908,0.735004539,0.696556908,0.735004539,0.696556908
AOI-0014,2022-07-31,0.775860734,s2,2022,new,1.000000000,0.635008099,0.690394263,0.657162565,0.690394263,0.657162565,0.690394263,0.657162565,0.690394263,0.657162565,0.690394263,0.657162565,0.690394263,0.657162565
AOI-0014,2022-08-08,0.541124470,s2,2022,new,1.000000000,0.550642788,0.537810055,0.545509695,0.537810055,0.545509695,0.537810055,0.545509695,0.537810055,0.545509695,0.537810055,0.545509695,0.547202484,0.549266666
AOI-0014,2022-09-01,0.188393062,landsat,2022,new,1.000000000,0.203307913,0.187912909,0.197149911,0.187912909,0.197149911,0.187912909,0.197149911,0.187912909,0.197149911,0.187912909,0.197149911,0.184285820,0.195699076
AOI-0014,2022-10-07,0.168882860,s2,2022,new,3.000000000,0.163983362,0.169571591,0.166218654,0.169571591,0.166218654,0.169571591,0.166218654,0.169571591,0.166218654,0.169571591,0.166218654,0.169571591,0.166218654
AOI-0014,2023-04-04,0.602527873,landsat,2023,new,1.000000000,0.607628736,0.563995909,0.590175606,0.563995909,0.590175606,0.563995909,0.590175606,0.563995909,0.590175606,0.563995909,0.590175606,0.563995909,0.590175606
AOI-0014,2023-04-07,0.724234747,modis,2023,new,1.000000000,0.688668336,0.729480391,0.704993158,0.729480391,0.704993158,0.729480391,0.704993158,0.729480391,0.704993158,0.729480391,0.704993158,0.729179053,0.704872623
AOI-0014,2023-04-23,0.770889585,modis,2023,new,1.000000000,0.841291907,0.856564932,0.847401117,0.856564932,0.847401117,0.856564932,0.847401117,0.856564932,0.847401117,0.856564932,0.847401117,0.856564932,0.847401117
AOI-0014,2023-05-20,0.864253297,s2,2023,new,3.000000000,0.843303013,0.838885951,0.841536188,0.838885951,0.841536188,0.839191697,0.841658487,0.839191697,0.841658487,0.839191697,0.841658487,0.838885951,0.841536188
AOI-0014,2023-06-19,0.911916934,s2,2023,new,1.000000000,0.764107914,0.807951433,0.781645321,0.807951433,0.781645321,0.807951433,0.781645321,0.807951433,0.781645321,0.807951433,0.781645321,0.807951433,0.781645321
AOI-0014,2023-07-17,0.324327129,landsat,2023,new,inf,0.269680062,0.294913242,0.279773334,0.294913242,0.279773334,0.293381662,0.279160702,0.293381662,0.279160702,0.293381662,0.279160702,0.294913242,0.279773334
AOI-0014,2023-07-26,0.201248032,s2,2023,new,1.000000000,0.215970632,0.203971364,0.211170925,0.203971364,0.211170925,0.203971364,0.211170925,0.203971364,0.211170925,0.203971364,0.211170925,0.203971364,0.211170925
AOI-0014,2023-08-08,0.126180351,s2,2023,new,1.000000000,0.178099951,0.150647280,0.167118883,0.150647280,0.167118883,0.150647280,0.167118883,0.150647280,0.167118883,0.150647280,0.167118883,0.155547394,0.169078928
AOI-0014,2023-09-03,0.245796117,landsat,2023,new,1.000000000,0.213070025,0.208920450,0.211410195,0.208920450,0.211410195,0.208920450,0.211410195,0.208920450,0.211410195,0.208920450,0.211410195,0.208920450,0.211410195
AOI-0014,2023-09-29,0.157954793,s2,2023,new,1.000000000,0.165574462,0.167824694,0.166474555,0.167824694,0.166474555,0.167824694,0.166474555,0.167824694,0.166474555,0.167824694,0.166474555,0.168060496,0.166568876
AOI-0014,2023-10-02,0.145476641,s2,2023,new,1.000000000,0.150810082,0.162681616,0.155558695,0.162681616,0.155558695,0.162681616,0.155558695,0.162681616,0.155558695,0.162681616,0.155558695,0.162681616,0.155558695
AOI-0014,2023-10-29,0.338648530,s2,2023,new,3.000000000,0.179256056,0.218637173,0.195008503,0.218637173,0.195008503,0.218637860,0.195008778,0.218637860,0.195008778,0.218637860,0.195008778,0.218637173,0.195008503
AOI-0014,2024-04-22,0.886453834,landsat,2024,new,1.000000000,0.826537836,0.833292270,0.829239610,0.833292270,0.829239610,0.833292270,0.829239610,0.833292270,0.829239610,0.833292270,0.829239610,0.833579182,0.829354374
AOI-0014,2024-07-08,0.164544760,s2,2024,new,13.000000000,0.190502287,0.178891267,0.185857879,0.178891267,0.185857879,0.178891273,0.185857881,0.178891273,0.185857881,0.178891273,0.185857881,0.178891267,0.185857879
AOI-0014,2024-07-18,0.109344770,s2,2024,new,1.000000000,0.154136767,0.141316431,0.149008633,0.141316431,0.149008633,0.141316431,0.149008633,0.141316431,0.149008633,0.141316431,0.149008633,0.141316431,0.149008633
AOI-0014,2024-07-27,0.189827488,landsat,2024,new,3.000000000,0.237983701,0.218472168,0.230179088,0.218472168,0.230179088,0.241719130,0.239477873,0.241719130,0.239477873,0.241719130,0.239477873,0.208681140,0.226262676
AOI-0014,2024-07-30,0.139043596,s2,2024,new,1.000000000,0.148681323,0.149802848,0.149129933,0.149802848,0.149129933,0.149802848,0.149129933,0.149802848,0.149129933,0.149802848,0.149129933,0.149802848,0.149129933
AOI-0014,2024-08-09,0.137338585,s2,2024,new,4.000000000,0.161551236,0.157869199,0.160078421,0.157869199,0.160078421,0.157869200,0.160078422,0.157869200,0.160078422,0.157869200,0.160078422,0.157869199,0.160078421
AOI-0014,2024-08-12,0.153002880,s2,2024,new,1.000000000,0.195833040,0.160960432,0.181883997,0.160960432,0.181883997,0.160960432,0.181883997,0.160960432,0.181883997,0.160960432,0.181883997,0.198808082,0.197023057
AOI-0014,2024-09-26,0.138558910,s2,2024,new,3.000000000,0.134133206,0.139079468,0.136111711,0.139079468,0.136111711,0.139079468,0.136111711,0.139079468,0.136111711,0.139079468,0.136111711,0.139079468,0.136111711
AOI-0014,2024-10-01,0.155988124,s2,2024,new,1.000000000,0.151272725,0.135505002,0.144965636,0.135505002,0.144965636,0.135505002,0.144965636,0.135505002,0.144965636,0.135505002,0.144965636,0.137536946,0.145778413
AOI-0014,2024-10-06,0.136259830,s2,2024,new,1.000000000,0.145736643,0.138618244,0.142889283,0.138618244,0.142889283,0.138618244,0.142889283,0.138618244,0.142889283,0.138618244,0.142889283,0.138618244,0.142889283
AOI-0014,2025-04-16,0.149349397,s2,2025,new,1.000000000,0.187192143,0.169001107,0.179915728,0.169001107,0.179915728,0.169001107,0.179915728,0.169001107,0.179915728,0.169001107,0.179915728,0.169293373,0.180032635
AOI-0014,2025-05-03,0.328105565,landsat,2025,new,1.000000000,0.291501488,0.279761686,0.286805567,0.279761686,0.286805567,0.279761686,0.286805567,0.279761686,0.286805567,0.279761686,0.286805567,0.279761686,0.286805567
AOI-0014,2025-06-26,0.544736774,modis,2025,new,1.000000000,0.531300105,0.580209101,0.550863704,0.580209101,0.550863704,0.580209101,0.550863704,0.580209101,0.550863704,0.580209101,0.550863704,0.580209101,0.550863704
AOI-0014,2025-07-14,0.349195885,landsat,2025,new,1.000000000,0.383591556,0.384143218,0.383812221,0.384143218,0.383812221,0.384143218,0.383812221,0.384143218,0.383812221,0.384143218,0.383812221,0.376745724,0.380853223
AOI-0014,2025-07-15,0.324193579,s2,2025,new,1.000000000,0.358951921,0.308157860,0.338634296,0.308157860,0.338634296,0.308157860,0.338634296,0.308157860,0.338634296,0.308157860,0.338634296,0.308158074,0.338634382
AOI-0014,2025-07-28,0.376598566,s2,2025,new,1.000000000,0.387655892,0.408034392,0.395807292,0.408034392,0.395807292,0.408034392,0.395807292,0.408034392,0.395807292,0.408034392,0.395807292,0.404023940,0.394203111
AOI-0014,2025-08-16,0.281339746,s2,2025,new,1.000000000,0.238465896,0.226049397,0.233499297,0.226049397,0.233499297,0.226049397,0.233499297,0.226049397,0.233499297,0.226049397,0.233499297,0.226049397,0.233499297
AOI-0014,2025-08-29,0.182222752,s2,2025,new,1.000000000,0.212251180,0.194357561,0.205093732,0.194357561,0.205093732,0.194357561,0.205093732,0.194357561,0.205093732,0.194357561,0.205093732,0.194357561,0.205093732
AOI-0014,2025-08-31,0.229869545,landsat,2025,new,1.000000000,0.227032947,0.219488458,0.224015151,0.219488458,0.224015151,0.219488458,0.224015151,0.219488458,0.224015151,0.219488458,0.224015151,0.216449184,0.222799442
AOI-0014,2025-09-13,0.170141985,s2,2025,new,2.000000000,0.160026314,0.146402078,0.154576620,0.146402078,0.154576620,0.146402079,0.154576620,0.146402079,0.154576620,0.146402078,0.154576620,0.146402078,0.154576620
AOI-0014,2025-10-08,0.171575800,s2,2025,new,1.000000000,0.245834116,0.262951650,0.252681130,0.262951650,0.252681130,0.262951650,0.252681130,0.262951650,0.252681130,0.262951650,0.252681130,0.262951650,0.252681130
AOI-0015,2025-04-19,0.283202625,s2,2025,shared,1.000000000,0.276593165,0.273490984,0.275352293,0.273490984,0.275352293,0.273490984,0.275352293,0.273490984,0.275352293,0.273490984,0.275352293,0.273938194,0.275531177
AOI-0015,2025-04-24,0.326877057,s2,2025,shared,1.000000000,0.320954668,0.306443642,0.315150258,0.306443642,0.315150258,0.306443642,0.315150258,0.306443642,0.315150258,0.306443642,0.315150258,0.306443642,0.315150258
AOI-0015,2025-04-28,0.388177431,s2,2025,shared,3.000000000,0.317024968,0.311730888,0.314907336,0.311730888,0.314907336,0.311730890,0.314907337,0.311730890,0.314907337,0.311730890,0.314907337,0.311730888,0.314907336
AOI-0015,2025-05-25,0.610474168,modis,2025,shared,1.000000000,0.573496104,0.632791891,0.597214419,0.632791891,0.597214419,0.632791891,0.597214419,0.632791891,0.597214419,0.632791891,0.597214419,0.632791891,0.597214419
AOI-0015,2025-05-28,0.476138927,s2,2025,shared,1.000000000,0.499788994,0.485692068,0.494150224,0.485692068,0.494150224,0.485692068,0.494150224,0.485692068,0.494150224,0.485692068,0.494150224,0.485692800,0.494150517
AOI-0015,2025-07-07,0.305824747,s2,2025,shared,1.000000000,0.320224940,0.306222587,0.314623999,0.306222587,0.314623999,0.306222587,0.314623999,0.306222587,0.314623999,0.306222587,0.314623999,0.306222587,0.314623999
AOI-0015,2025-08-17,0.236625567,s2,2025,shared,1.000000000,0.240732067,0.236084906,0.238873202,0.236084906,0.238873202,0.236084906,0.238873202,0.236084906,0.238873202,0.236084906,0.238873202,0.236486034,0.239033654
AOI-0015,2025-08-27,0.211609288,s2,2025,shared,1.000000000,0.196305025,0.184881187,0.191735490,0.184881187,0.191735490,0.184881187,0.191735490,0.184881187,0.191735490,0.184881187,0.191735490,0.184881187,0.191735490
AOI-0015,2025-09-01,0.168840303,s2,2025,shared,1.000000000,0.184737874,0.164878576,0.176794154,0.164878576,0.176794154,0.164878576,0.176794154,0.164878576,0.176794154,0.164878576,0.176794154,0.166085870,0.177277072
AOI-0015,2025-09-13,0.195937934,s2,2025,shared,1.000000000,0.165147349,0.153126414,0.160338975,0.153126414,0.160338975,0.153126414,0.160338975,0.153126414,0.160338975,0.153126414,0.160338975,0.153126414,0.160338975
AOI-0015,2025-09-14,0.286945404,modis,2025,shared,1.000000000,0.253765323,0.243941228,0.249835685,0.243941228,0.249835685,0.243941228,0.249835685,0.243941228,0.249835685,0.243941228,0.249835685,0.243941228,0.249835685
AOI-0016,2025-04-01,0.171494855,s2,2025,new,1.000000000,0.179748761,0.182340637,0.180785511,0.182340637,0.180785511,0.182340637,0.180785511,0.182340637,0.180785511,0.182340637,0.180785511,0.182340637,0.180785511
AOI-0016,2025-04-17,0.254206927,landsat,2025,new,1.000000000,0.289250413,0.286385413,0.288104413,0.286385413,0.288104413,0.286385413,0.288104413,0.286385413,0.288104413,0.286385413,0.288104413,0.286385413,0.288104413
AOI-0016,2025-04-23,0.529210720,modis,2025,new,1.000000000,0.423051537,0.526679980,0.464502914,0.526679980,0.464502914,0.526679980,0.464502914,0.526679980,0.464502914,0.526679980,0.464502914,0.525553146,0.464052181
AOI-0016,2025-04-28,0.249906834,s2,2025,new,2.000000000,0.270831275,0.261919724,0.267266655,0.261919724,0.267266655,0.261919726,0.267266656,0.261919726,0.267266656,0.261919724,0.267266655,0.261919724,0.267266655
AOI-0016,2025-05-04,0.173421935,s2,2025,new,2.000000000,0.270874097,0.255945794,0.264902776,0.255945794,0.264902776,0.258054889,0.265746414,0.258054889,0.265746414,0.255945794,0.264902776,0.260037717,0.266539545
AOI-0016,2025-05-24,0.266700005,s2,2025,new,1.000000000,0.322143419,0.299469501,0.313073852,0.299469501,0.313073852,0.299469501,0.313073852,0.299469501,0.313073852,0.299469501,0.313073852,0.299469501,0.313073852
AOI-0016,2025-06-04,0.464090270,landsat,2025,new,1.000000000,0.498076569,0.519634836,0.506699876,0.519634836,0.506699876,0.519634836,0.506699876,0.519634836,0.506699876,0.519634836,0.506699876,0.516387515,0.505400947
AOI-0016,2025-07-06,0.852566820,landsat,2025,new,1.000000000,0.823531159,0.833042200,0.827335575,0.833042200,0.827335575,0.833042200,0.827335575,0.833042200,0.827335575,0.833042200,0.827335575,0.833042200,0.827335575
AOI-0016,2025-07-12,0.677515467,modis,2025,new,1.000000000,0.732177036,0.677111443,0.710150799,0.677111443,0.710150799,0.677111443,0.710150799,0.677111443,0.710150799,0.677111443,0.710150799,0.677902674,0.710467291
AOI-0016,2025-08-07,0.523097352,s2,2025,new,1.000000000,0.491155385,0.519184954,0.502367212,0.519184954,0.502367212,0.519184954,0.502367212,0.519184954,0.502367212,0.519184954,0.502367212,0.519184018,0.502366838
AOI-0016,2025-09-11,0.252585395,s2,2025,new,1.000000000,0.228872131,0.208566135,0.220749732,0.208566135,0.220749732,0.208566135,0.220749732,0.208566135,0.220749732,0.208566135,0.220749732,0.208566135,0.220749732
AOI-0017,2010-04-07,0.327023255,landsat,2010,new,4.000000000,0.348144766,0.393987498,0.366481859,0.319456924,0.336669629,0.390352187,0.365027735,0.390352187,0.365027735,0.390352187,0.365027735,0.392127141,0.365737716
AOI-0017,2010-06-02,0.606664939,landsat,2010,new,3.000000000,0.576146127,0.574318650,0.575415136,0.574318650,0.575415136,0.574318650,0.575415136,0.574318650,0.575415136,0.574318650,0.575415136,0.574318650,0.575415136
AOI-0017,2010-09-06,0.450591213,landsat,2010,new,3.000000000,0.427172487,0.423488988,0.425699087,0.423488988,0.425699087,0.423488987,0.425699087,0.423488987,0.425699087,0.423488987,0.425699087,0.423488988,0.425699087
AOI-0017,2010-10-25,0.419903336,landsat,2010,new,3.000000000,0.402589897,0.396060503,0.399978139,0.396060503,0.399978139,0.396060502,0.399978139,0.396060502,0.399978139,0.396060502,0.399978139,0.396060503,0.399978139
AOI-0017,2011-04-26,0.332924891,landsat,2011,new,11.000000000,0.427179396,0.406109214,0.418751323,0.406109214,0.418751323,0.406109216,0.418751324,0.406109216,0.418751324,0.406109216,0.418751324,0.406109214,0.418751323
AOI-0017,2011-06-06,0.608655576,landsat,2011,new,3.000000000,0.624972216,0.620895477,0.623341521,0.620895477,0.623341521,0.620895477,0.623341520,0.620895477,0.623341520,0.620895477,0.623341520,0.620895477,0.623341521
AOI-0017,2011-08-09,0.480871556,landsat,2011,new,3.000000000,0.479963186,0.495250045,0.486077930,0.495250045,0.486077930,0.495250044,0.486077930,0.495250044,0.486077930,0.495250044,0.486077930,0.495250045,0.486077930
AOI-0017,2011-08-17,0.472999705,landsat,2011,new,4.000000000,0.475927555,0.455840189,0.467892609,0.455840189,0.467892609,0.455840189,0.467892608,0.455840189,0.467892608,0.455840189,0.467892608,0.455840189,0.467892609
AOI-0017,2011-10-16,0.503921239,modis,2011,new,3.000000000,0.493831783,0.454746413,0.478197635,0.454746413,0.478197635,0.454746413,0.478197635,0.454746413,0.478197635,0.454746413,0.478197635,0.454746413,0.478197635
AOI-0017,2012-05-24,0.549711504,modis,2012,new,3.000000000,0.661189057,0.669723137,0.664602689,0.669723137,0.664602689,0.669723137,0.664602689,0.669723137,0.664602689,0.669723137,0.664602689,0.669723137,0.664602689
AOI-0017,2012-07-09,0.683869469,landsat,2012,new,3.000000000,0.637468276,0.609611476,0.626325556,0.609611476,0.626325556,0.609611476,0.626325556,0.609611476,0.626325556,0.609611476,0.626325556,0.609611476,0.626325556
AOI-0017,2012-08-12,0.447633628,modis,2012,new,3.000000000,0.499377219,0.481277977,0.492137522,0.481277977,0.492137522,0.481276481,0.492136924,0.481276481,0.492136924,0.481276481,0.492136924,0.481260102,0.492130372
AOI-0017,2012-10-06,0.423541655,landsat,2012,new,3.000000000,0.411808761,0.453398432,0.428444630,0.453398432,0.428444630,0.453398429,0.428444628,0.453398429,0.428444628,0.453398429,0.428444628,0.453398432,0.428444630
AOI-0017,2013-04-24,0.443545650,landsat,2013,new,3.000000000,0.481301771,0.490641130,0.485037515,0.490641130,0.485037515,0.490641128,0.485037514,0.490641128,0.485037514,0.490641128,0.485037514,0.490641130,0.485037515
AOI-0017,2013-06-26,0.573569830,landsat,2013,new,3.000000000,0.580745139,0.569773066,0.576356310,0.595726056,0.586737506,0.573483713,0.577840569,0.573483713,0.577840569,0.573483713,0.577840569,0.576011025,0.578851493
AOI-0017,2013-07-20,0.572416008,landsat,2013,new,3.000000000,0.496602390,0.464098850,0.483600974,0.464098850,0.483600974,0.464098850,0.483600974,0.464098850,0.483600974,0.464098850,0.483600974,0.464098850,0.483600974
AOI-0017,2013-09-22,0.685527482,landsat,2013,new,4.000000000,0.617693117,0.646637882,0.629271023,0.646637882,0.629271023,0.646637247,0.629270769,0.646637247,0.629270769,0.646637247,0.629270769,0.646637882,0.629271023
AOI-0017,2014-05-09,0.773384071,modis,2014,new,3.000000000,0.711101170,0.705153957,0.708722285,0.705153957,0.708722285,0.705153956,0.708722285,0.705153956,0.708722285,0.705153956,0.708722285,0.705153957,0.708722285
AOI-0017,2014-06-26,0.603126549,modis,2014,new,4.000000000,0.532532186,0.560651453,0.543779892,0.560651453,0.543779892,0.560651453,0.543779892,0.560651453,0.543779892,0.560651453,0.543779892,0.560651453,0.543779892
AOI-0017,2014-08-01,0.492783596,landsat,2014,new,3.000000000,0.361501420,0.375684867,0.367174799,0.375684867,0.367174799,0.375684867,0.367174799,0.375684867,0.367174799,0.375684867,0.367174799,0.375684867,0.367174799
AOI-0017,2014-08-08,0.470203099,landsat,2014,new,3.000000000,0.372413495,0.378786285,0.374962611,0.378786285,0.374962611,0.378786285,0.374962611,0.378786285,0.374962611,0.378786285,0.374962611,0.378786285,0.374962611
AOI-0017,2014-08-17,0.476642539,landsat,2014,new,4.000000000,0.394869857,0.417449645,0.403901772,0.417449645,0.403901772,0.417449644,0.403901772,0.417449644,0.403901772,0.417449644,0.403901772,0.417449645,0.403901772
AOI-0017,2014-08-29,0.291707965,modis,2014,new,3.000000000,0.428803566,0.420912900,0.425647300,0.420912900,0.425647300,0.420912900,0.425647300,0.420912900,0.425647300,0.420912900,0.425647300,0.420912900,0.425647300
AOI-0017,2015-04-07,0.374230088,modis,2015,new,3.000000000,0.403384330,0.415506479,0.408233190,0.415506479,0.408233190,0.415506479,0.408233190,0.415506479,0.408233190,0.415506479,0.408233190,0.415506479,0.408233190
AOI-0017,2015-06-08,0.587963368,landsat,2015,new,3.000000000,0.566953548,0.562197656,0.565051191,0.562197656,0.565051191,0.562197656,0.565051191,0.562197656,0.565051191,0.562197656,0.565051191,0.562197656,0.565051191
AOI-0017,2015-08-20,0.555509786,landsat,2015,new,3.000000000,0.455870077,0.459750305,0.457422168,0.459750305,0.457422168,0.459750302,0.457422167,0.459750302,0.457422167,0.459750302,0.457422167,0.459750305,0.457422168
AOI-0017,2015-09-05,0.492496974,landsat,2015,new,4.000000000,0.425338413,0.419141755,0.422859750,0.419141755,0.422859750,0.419141754,0.422859749,0.419141754,0.422859749,0.419141754,0.422859749,0.419141755,0.422859750
AOI-0017,2015-10-30,0.427702213,landsat,2015,new,3.000000000,0.395192001,0.482777280,0.430226113,0.482777280,0.430226113,0.482777278,0.430226112,0.482777278,0.430226112,0.482777278,0.430226112,0.482777280,0.430226113
AOI-0017,2016-05-10,0.694652659,landsat,2016,new,7.000000000,0.698164950,0.678394244,0.690256668,0.678394244,0.690256668,0.678394244,0.690256668,0.678394244,0.690256668,0.678394244,0.690256668,0.678394244,0.690256668
AOI-0017,2016-06-19,0.612843569,landsat,2016,new,4.000000000,0.638738137,0.641412403,0.639807844,0.641412403,0.639807844,0.641412399,0.639807842,0.641412399,0.639807842,0.641412399,0.639807842,0.641412403,0.639807844
AOI-0017,2016-08-28,0.457115044,modis,2016,new,3.000000000,0.615795901,0.569654282,0.597339253,0.569654282,0.597339253,0.570160999,0.597541940,0.570160999,0.597541940,0.570160999,0.597541940,0.569654282,0.597339253
AOI-0017,2016-09-13,0.459746018,modis,2016,new,3.000000000,0.543135484,0.464628249,0.511732590,0.464628249,0.511732590,0.465686640,0.512155946,0.465686640,0.512155946,0.465686640,0.512155946,0.464628249,0.511732590
AOI-0017,2016-09-14,0.665932220,landsat,2016,new,3.000000000,0.578479616,0.570670049,0.575355789,0.570670049,0.575355789,0.570670046,0.575355788,0.570670046,0.575355788,0.570670046,0.575355788,0.570670049,0.575355789
AOI-0017,2017-04-01,0.332421297,s2,2017,new,3.000000000,0.254223016,0.278376585,0.263884444,0.278376585,0.263884444,0.278376586,0.263884444,0.278376586,0.263884444,0.278376586,0.263884444,0.278376585,0.263884444
AOI-0017,2017-05-01,0.415481462,s2,2017,new,3.000000000,0.404907770,0.419799610,0.410864506,0.419799610,0.410864506,0.419799611,0.410864506,0.419799611,0.410864506,0.419799611,0.410864506,0.419799610,0.410864506
AOI-0017,2017-05-06,0.546354767,s2,2017,new,3.000000000,0.497267130,0.489333312,0.494093603,0.489333312,0.494093603,0.492946189,0.495538754,0.492946189,0.495538754,0.492946189,0.495538754,0.503673118,0.499829525
AOI-0017,2017-05-09,0.648143363,modis,2017,new,3.000000000,0.643274822,0.607873448,0.629114273,0.607873448,0.629114273,0.607873448,0.629114273,0.607873448,0.629114273,0.607873448,0.629114273,0.607873448,0.629114273
AOI-0017,2017-05-25,0.643129204,modis,2017,new,3.000000000,0.679083437,0.682129764,0.680301968,0.682129764,0.680301968,0.682129764,0.680301968,0.682129764,0.680301968,0.682129764,0.680301968,0.682129764,0.680301968
AOI-0017,2017-09-17,0.539531097,landsat,2017,new,3.000000000,0.509523476,0.546058978,0.524137677,0.546058978,0.524137677,0.545654404,0.523975847,0.545654404,0.523975847,0.545654404,0.523975847,0.543518156,0.523121348
AOI-0017,2017-09-25,0.503487734,s2,2017,new,4.000000000,0.479265871,0.518908018,0.495122730,0.518908018,0.495122730,0.501559711,0.488183407,0.501559711,0.488183407,0.501559711,0.488183407,0.515142164,0.493616388
AOI-0017,2017-09-26,0.531008592,landsat,2017,new,3.000000000,0.493694507,0.480891937,0.488573479,0.480891937,0.488573479,0.480891937,0.488573479,0.480891937,0.488573479,0.480891937,0.488573479,0.480891937,0.488573479
AOI-0017,2017-09-30,0.359761947,modis,2017,new,7.000000000,0.460788111,0.399775646,0.436383125,0.399775646,0.436383125,0.409669048,0.440340485,0.409669048,0.440340485,0.409669048,0.440340485,0.417320885,0.443401220
AOI-0017,2017-10-08,0.518991820,s2,2017,new,4.000000000,0.444892892,0.455660426,0.449199906,0.455660426,0.449199906,0.455660426,0.449199906,0.455660426,0.449199906,0.455660426,0.449199906,0.455660426,0.449199906
AOI-0017,2018-04-30,0.508298740,landsat,2018,new,4.000000000,0.524753978,0.515658017,0.521115594,0.515658017,0.521115594,0.515658016,0.521115593,0.515658016,0.521115593,0.515658016,0.521115593,0.515658017,0.521115594
AOI-0017,2018-06-02,0.640086646,s2,2018,new,3.000000000,0.630386082,0.599806951,0.618154430,0.599806951,0.618154430,0.599806952,0.618154430,0.599806952,0.618154430,0.599806952,0.618154430,0.599806951,0.618154430
AOI-0017,2018-06-08,0.619494599,landsat,2018,new,3.000000000,0.630157463,0.592437926,0.615069648,0.592437926,0.615069648,0.592437926,0.615069648,0.592437926,0.615069648,0.592437926,0.615069648,0.592437926,0.615069648
AOI-0017,2018-07-10,0.392391247,landsat,2018,new,3.000000000,0.456617416,0.492587512,0.471005454,0.492587512,0.471005454,0.492587511,0.471005454,0.492587511,0.471005454,0.492587511,0.471005454,0.492587512,0.471005454
AOI-0017,2018-07-27,0.508818101,landsat,2018,new,3.000000000,0.432166008,0.456133969,0.441753193,0.456133969,0.441753193,0.456133969,0.441753193,0.456133969,0.441753193,0.456133969,0.441753193,0.456133969,0.441753193
AOI-0017,2018-08-28,0.530902260,landsat,2018,new,3.000000000,0.448875686,0.459052547,0.452946430,0.459052547,0.452946430,0.459052546,0.452946430,0.459052546,0.452946430,0.459052546,0.452946430,0.459052547,0.452946430
AOI-0017,2018-09-14,0.396470796,modis,2018,new,3.000000000,0.540248233,0.498005477,0.523351131,0.498005477,0.523351131,0.498246670,0.523447608,0.498246670,0.523447608,0.498246670,0.523447608,0.498005477,0.523351131
AOI-0017,2018-10-13,0.623166828,s2,2018,new,3.000000000,0.511702398,0.553964695,0.528607316,0.553964695,0.528607316,0.553964694,0.528607316,0.553964694,0.528607316,0.553964694,0.528607316,0.553964695,0.528607316
AOI-0017,2019-04-26,0.431458667,s2,2019,new,3.000000000,0.459746461,0.430148915,0.447907443,0.430148915,0.447907443,0.431418978,0.448415468,0.431418978,0.448415468,0.431418978,0.448415468,0.431508194,0.448451154
AOI-0017,2019-05-08,0.526562089,s2,2019,new,3.000000000,0.551356853,0.542748873,0.547913661,0.542748873,0.547913661,0.542748873,0.547913661,0.542748873,0.547913661,0.542748873,0.547913661,0.542748873,0.547913661
AOI-0017,2019-06-27,0.635968105,s2,2019,new,4.000000000,0.628697585,0.623884306,0.626772273,0.623884306,0.626772273,0.624498801,0.627018071,0.624498801,0.627018071,0.624498801,0.627018071,0.623898838,0.626778086
AOI-0017,2019-08-15,0.636028801,landsat,2019,new,3.000000000,0.621130800,0.639937962,0.628653665,0.639937962,0.628653665,0.639937961,0.628653664,0.639937961,0.628653664,0.639937961,0.628653664,0.639937962,0.628653665
AOI-0017,2019-08-30,0.538305995,landsat,2019,new,3.000000000,0.516730489,0.510768154,0.514345555,0.510768154,0.514345555,0.510768153,0.514345554,0.510768153,0.514345554,0.510768153,0.514345554,0.510768154,0.514345555
AOI-0017,2019-09-08,0.537253626,landsat,2019,new,3.000000000,0.502534835,0.524492981,0.511318093,0.524492981,0.511318093,0.524492980,0.511318093,0.524492980,0.511318093,0.524492980,0.511318093,0.524492981,0.511318093
AOI-0017,2019-09-14,0.315575221,modis,2019,new,3.000000000,0.494972000,0.459945051,0.480961221,0.459945051,0.480961221,0.460769699,0.481291080,0.460769699,0.481291080,0.460769699,0.481291080,0.459945051,0.480961221
AOI-0017,2019-09-16,0.588262104,landsat,2019,new,3.000000000,0.533458944,0.553640421,0.541531535,0.553640421,0.541531535,0.553685031,0.541549379,0.553685031,0.541549379,0.553685031,0.541549379,0.553640421,0.541531535
AOI-0017,2019-09-23,-0.014600425,s2,2019,new,4.000000000,0.393568406,0.480951154,0.428521505,0.480951154,0.428521505,0.480951154,0.428521506,0.480951154,0.428521506,0.480951154,0.428521506,0.480951154,0.428521505
AOI-0017,2019-10-02,0.658930018,landsat,2019,new,3.000000000,0.580370814,0.612364438,0.593168263,0.612364438,0.593168263,0.612012002,0.593027289,0.612012002,0.593027289,0.612012002,0.593027289,0.609747443,0.592121466
AOI-0017,2019-10-13,0.710340309,s2,2019,new,3.000000000,0.608678112,0.658569388,0.628634622,0.658569388,0.628634622,0.658569388,0.628634622,0.658569388,0.628634622,0.658569388,0.628634622,0.658569388,0.628634622
AOI-0017,2020-04-03,0.272935471,landsat,2020,new,4.000000000,0.297172632,0.325989811,0.308699504,0.325989811,0.308699504,0.325873581,0.308653011,0.325873581,0.308653011,0.325873581,0.308653011,0.325989811,0.308699504
AOI-0017,2020-04-17,0.291426695,s2,2020,new,4.000000000,0.302659508,0.274564209,0.291421389,0.274564209,0.291421389,0.275658896,0.291859263,0.275658896,0.291859263,0.275658896,0.291859263,0.274564209,0.291421389
AOI-0017,2020-04-22,0.308921165,s2,2020,new,7.000000000,0.455210197,0.326752547,0.403827137,0.326752547,0.403827137,0.354441037,0.414902533,0.354441037,0.414902533,0.354441037,0.414902533,0.327517253,0.404133019
AOI-0017,2020-05-10,0.567723882,s2,2020,new,3.000000000,0.510603152,0.508402585,0.509722925,0.508402585,0.509722925,0.508402591,0.509722928,0.508402591,0.509722928,0.508402591,0.509722928,0.508402585,0.509722925
AOI-0017,2020-05-24,0.629351327,modis,2020,new,3.000000000,0.635628354,0.615155284,0.627439126,0.615155284,0.627439126,0.615141997,0.627433811,0.615141997,0.627433811,0.615141997,0.627433811,0.615115814,0.627423338
AOI-0017,2020-07-04,0.547134715,s2,2020,new,3.000000000,0.529207915,0.546444417,0.536102516,0.546444417,0.536102516,0.546444417,0.536102516,0.546444417,0.536102516,0.546444417,0.536102516,0.546444417,0.536102516
AOI-0017,2020-08-05,0.542855499,s2,2020,new,4.000000000,0.479782065,0.496215261,0.486355344,0.496215261,0.486355344,0.496215261,0.486355344,0.496215261,0.486355344,0.496215261,0.486355344,0.496215261,0.486355344
AOI-0017,2020-08-16,0.482139456,landsat,2020,new,11.000000000,0.474332838,0.435399438,0.458759478,0.435399438,0.458759478,0.435410714,0.458763988,0.435410714,0.458763988,0.435410714,0.458763988,0.435399438,0.458759478
AOI-0017,2020-08-28,0.339817699,modis,2020,new,3.000000000,0.450066714,0.434236009,0.443734432,0.434236009,0.443734432,0.434236883,0.443734782,0.434236883,0.443734782,0.434236883,0.443734782,0.434236009,0.443734432
AOI-0017,2020-09-26,0.398634714,landsat,2020,new,3.000000000,0.390899189,0.406807881,0.397262666,0.406807881,0.397262666,0.406765332,0.397245646,0.406765332,0.397245646,0.406765332,0.397245646,0.406483059,0.397132737
AOI-0017,2020-10-07,0.450831781,s2,2020,new,3.000000000,0.386564704,0.384085466,0.385573009,0.384085466,0.385573009,0.384085466,0.385573009,0.384085466,0.385573009,0.384085466,0.385573009,0.384085466,0.385573009
AOI-0017,2021-05-12,0.440355436,s2,2021,new,3.000000000,0.446585013,0.434265134,0.441657061,0.434265134,0.441657061,0.434265134,0.441657061,0.434265134,0.441657061,0.434265134,0.441657061,0.434265134,0.441657061
AOI-0017,2021-05-15,0.476280119,s2,2021,new,3.000000000,0.471373935,0.470829786,0.471156275,0.501607535,0.483467375,0.470832596,0.471157399,0.470832596,0.471157399,0.470832596,0.471157399,0.472640242,0.471880458
AOI-0017,2021-05-16,0.550467468,landsat,2021,new,3.000000000,0.516420354,0.508236575,0.513146843,0.508236575,0.513146843,0.508236575,0.513146843,0.508236575,0.513146843,0.508236575,0.513146843,0.508236575,0.513146843
AOI-0017,2021-05-23,0.590503985,landsat,2021,new,3.000000000,0.584775985,0.601538841,0.591481127,0.601538841,0.591481127,0.601538841,0.591481127,0.601538841,0.591481127,0.601538841,0.591481127,0.601538841,0.591481127
AOI-0017,2021-06-10,0.737968142,modis,2021,new,3.000000000,0.660462315,0.648748966,0.655776975,0.648748966,0.655776975,0.648848808,0.655816912,0.648848808,0.655816912,0.648848808,0.655816912,0.648825077,0.655807420
AOI-0017,2021-07-31,0.529532727,s2,2021,new,3.000000000,0.499809246,0.510978166,0.504276814,0.510978166,0.504276814,0.510978165,0.504276814,0.510978165,0.504276814,0.510978165,0.504276814,0.510978166,0.504276814
AOI-0017,2021-08-08,0.596614981,s2,2021,new,3.000000000,0.460686273,0.443918861,0.453979308,0.443918861,0.453979308,0.443918861,0.453979308,0.443918861,0.453979308,0.443918861,0.453979308,0.443918861,0.453979308
AOI-0017,2021-08-25,0.540928814,s2,2021,new,7.000000000,0.501659112,0.524247371,0.510694415,0.524247371,0.510694415,0.524247370,0.510694415,0.524247370,0.510694415,0.524247370,0.510694415,0.524247371,0.510694415
AOI-0017,2021-09-17,0.529455970,s2,2021,new,3.000000000,0.480732626,0.510985604,0.492833817,0.510985604,0.492833817,0.510985604,0.492833817,0.510985604,0.492833817,0.510985604,0.492833817,0.510985604,0.492833817
AOI-0017,2021-09-19,0.421931160,s2,2021,new,4.000000000,0.447701899,0.479606990,0.460463936,0.479606990,0.460463936,0.479606989,0.460463935,0.479606989,0.460463935,0.479606989,0.460463935,0.479606990,0.460463936
AOI-0017,2022-04-07,0.697043744,s2,2022,new,3.000000000,0.563202307,0.571689902,0.566597345,0.571689902,0.566597345,0.571795753,0.566639685,0.571795753,0.566639685,0.571795753,0.566639685,0.571669006,0.566588987
AOI-0017,2022-05-30,0.577825439,s2,2022,new,3.000000000,0.612126243,0.631482567,0.619868772,0.631482567,0.619868772,0.631482567,0.619868773,0.631482567,0.619868773,0.631482567,0.619868773,0.631482567,0.619868772
AOI-0017,2022-07-06,0.573490187,s2,2022,new,3.000000000,0.562826889,0.554510714,0.559500419,0.554510714,0.559500419,0.554510714,0.559500419,0.554510714,0.559500419,0.554510714,0.559500419,0.554510714,0.559500419
AOI-0017,2022-07-14,0.578457201,s2,2022,new,4.000000000,0.562997663,0.530291424,0.549915167,0.530291424,0.549915167,0.530360545,0.549942816,0.530360545,0.549942816,0.530360545,0.549942816,0.533340099,0.551134637
AOI-0017,2022-07-30,0.593484705,landsat,2022,new,4.000000000,0.547757752,0.564437912,0.554429816,0.564437912,0.554429816,0.564437910,0.554429816,0.564437910,0.554429816,0.564437910,0.554429816,0.564437912,0.554429816
AOI-0017,2022-08-13,0.551944074,s2,2022,new,3.000000000,0.519714382,0.546815469,0.530554817,0.546815469,0.530554817,0.527958589,0.523012065,0.527958589,0.523012065,0.527958589,0.523012065,0.544513262,0.529633934
AOI-0017,2022-08-31,0.505477629,landsat,2022,new,3.000000000,0.526175896,0.525360767,0.525849844,0.525360767,0.525849844,0.525364348,0.525851277,0.525364348,0.525851277,0.525364348,0.525851277,0.525360767,0.525849844
AOI-0017,2022-09-08,0.522222138,landsat,2022,new,4.000000000,0.491411024,0.533374680,0.508196486,0.533374680,0.508196486,0.533374679,0.508196486,0.533374679,0.508196486,0.533374679,0.508196486,0.533374680,0.508196486
AOI-0017,2022-09-27,0.377548575,s2,2022,new,7.000000000,0.441220850,0.457262681,0.447637582,0.457262681,0.447637582,0.457262680,0.447637582,0.457262680,0.447637582,0.457262680,0.447637582,0.457262681,0.447637582
AOI-0017,2023-05-17,0.583426885,s2,2023,new,3.000000000,0.585521285,0.578365355,0.582658913,0.578365355,0.582658913,0.578365573,0.582659000,0.578365573,0.582659000,0.578365573,0.582659000,0.578365355,0.582658913
AOI-0017,2023-07-28,0.656929204,modis,2023,new,3.000000000,0.608376846,0.560775624,0.589336357,0.560775624,0.589336357,0.560775624,0.589336357,0.560775624,0.589336357,0.560775624,0.589336357,0.560775624,0.589336357
AOI-0017,2023-08-02,0.572959148,landsat,2023,new,4.000000000,0.584940915,0.609084737,0.594598444,0.609084737,0.594598444,0.608701319,0.594445077,0.608701319,0.594445077,0.608701319,0.594445077,0.609084737,0.594598444
AOI-0017,2023-08-06,0.651199020,landsat,2023,new,3.000000000,0.580220496,0.590868933,0.584479871,0.590868933,0.584479871,0.590822357,0.584461240,0.590822357,0.584461240,0.590822357,0.584461240,0.590868933,0.584479871
AOI-0017,2023-08-08,0.494347240,s2,2023,new,4.000000000,0.537121770,0.544093107,0.539910305,0.544093107,0.539910305,0.544114662,0.539918927,0.544114662,0.539918927,0.544114662,0.539918927,0.544886842,0.540227799
AOI-0017,2023-08-29,0.422731858,modis,2023,new,3.000000000,0.466838785,0.437021176,0.454911742,0.437021176,0.454911742,0.437021176,0.454911742,0.437021176,0.454911742,0.437021176,0.454911742,0.437021176,0.454911742
AOI-0017,2023-09-03,0.450539473,landsat,2023,new,4.000000000,0.472399724,0.495771933,0.481748608,0.495771933,0.481748608,0.495771922,0.481748604,0.495771922,0.481748604,0.495771922,0.481748604,0.495771933,0.481748608
AOI-0017,2023-09-14,0.303407304,s2,2023,new,3.000000000,0.494574370,0.433699440,0.470224398,0.492278973,0.493656211,0.458718517,0.480232029,0.458718517,0.480232029,0.458718517,0.480232029,0.478199026,0.488024232
AOI-0017,2023-09-26,0.466152692,landsat,2023,new,3.000000000,0.450821981,0.470326158,0.458623652,0.470326158,0.458623652,0.470245528,0.458591400,0.470245528,0.458591400,0.470245528,0.458591400,0.470157976,0.458556379
AOI-0017,2023-09-27,0.459778035,s2,2023,new,3.000000000,0.435458480,0.434313569,0.435000516,0.434313569,0.435000516,0.434335902,0.435009449,0.434335902,0.435009449,0.434335902,0.435009449,0.434341245,0.435011586
AOI-0017,2023-09-30,0.282542478,modis,2023,new,3.000000000,0.394963593,0.358578676,0.380409626,0.358578676,0.380409626,0.358586996,0.380412954,0.358586996,0.380412954,0.358586996,0.380412954,0.358578676,0.380409626
AOI-0017,2024-06-09,0.509100885,modis,2024,new,3.000000000,0.347792343,0.411297331,0.373194338,0.411297331,0.373194338,0.411230014,0.373167411,0.411230014,0.373167411,0.411230014,0.373167411,0.411134042,0.373129022
AOI-0017,2024-07-03,0.283199965,landsat,2024,new,3.000000000,0.200979292,0.173375194,0.189937653,0.173375194,0.189937653,0.173790700,0.190103855,0.173790700,0.190103855,0.173790700,0.190103855,0.187897955,0.195746757
AOI-0017,2024-07-05,0.169838111,s2,2024,new,3.000000000,0.175137052,0.172636303,0.174136753,0.172636303,0.174136753,0.172636305,0.174136753,0.172636305,0.174136753,0.172636305,0.174136753,0.172636303,0.174136753
AOI-0017,2024-07-11,0.329323894,modis,2024,new,3.000000000,0.289325221,0.372001064,0.322395558,0.372001064,0.322395558,0.371966789,0.322381848,0.371966789,0.322381848,0.371966789,0.322381848,0.372001064,0.322395558
AOI-0017,2024-07-15,0.199551918,s2,2024,new,3.000000000,0.186699439,0.195457778,0.190202775,0.195457778,0.190202775,0.195457778,0.190202775,0.195457778,0.190202775,0.195457778,0.190202775,0.195457778,0.190202775
AOI-0017,2024-08-09,0.209016571,s2,2024,new,7.000000000,0.224888074,0.212530645,0.219945103,0.212530645,0.219945103,0.212530646,0.219945103,0.212530646,0.219945103,0.212530646,0.219945103,0.212530645,0.219945103
AOI-0017,2024-08-11,0.311830160,landsat,2024,new,11.000000000,0.265677691,0.271366183,0.267953088,0.271366183,0.267953088,0.270169464,0.267474400,0.270169464,0.267474400,0.270169464,0.267474400,0.210650595,0.243666853
AOI-0017,2024-08-27,0.181138503,s2,2024,new,4.000000000,0.232731050,0.233875380,0.233188782,0.233875380,0.233188782,0.233875381,0.233188783,0.233875381,0.233188783,0.233875381,0.233188783,0.233875380,0.233188782
AOI-0017,2024-08-29,0.263640574,s2,2024,new,4.000000000,0.238105638,0.258738028,0.246358594,0.258738028,0.246358594,0.258738336,0.246358717,0.258738336,0.246358717,0.258738336,0.246358717,0.258738028,0.246358594
AOI-0017,2024-09-20,0.354629233,landsat,2024,new,3.000000000,0.283192127,0.303046696,0.291133955,0.303046696,0.291133955,0.302389274,0.290870986,0.302389274,0.290870986,0.302389274,0.290870986,0.299614699,0.289761156
AOI-0017,2025-04-18,0.862141251,s2,2025,new,1.000000000,0.827800552,0.846401753,0.835241033,0.846401753,0.835241033,0.846401753,0.835241033,0.846401753,0.835241033,0.846401753,0.835241033,0.846401753,0.835241033
AOI-0017,2025-06-13,0.436139491,s2,2025,new,4.000000000,0.463327309,0.422774859,0.447106329,0.422774859,0.447106329,0.433353638,0.451337841,0.433353638,0.451337841,0.433353638,0.451337841,0.485632263,0.472249291
AOI-0017,2025-07-03,0.196424111,s2,2025,new,1.000000000,0.285247442,0.262750950,0.276248845,0.262750950,0.276248845,0.262750950,0.276248845,0.262750950,0.276248845,0.262750950,0.276248845,0.262750950,0.276248845
AOI-0017,2025-07-12,0.344251327,modis,2025,new,1.000000000,0.314958800,0.409290688,0.352691555,0.409290688,0.352691555,0.409290688,0.352691555,0.409290688,0.352691555,0.409290688,0.352691555,0.407673280,0.352044592
AOI-0017,2025-07-30,0.207200123,s2,2025,new,1.000000000,0.187397530,0.185012678,0.186443589,0.185012678,0.186443589,0.185012678,0.186443589,0.185012678,0.186443589,0.185012678,0.186443589,0.185012678,0.186443589
AOI-0017,2025-08-14,0.163100845,s2,2025,new,1.000000000,0.176853026,0.171601745,0.174752513,0.171601745,0.174752513,0.198751547,0.185612434,0.198751547,0.185612434,0.174795839,0.176030151,0.173081124,0.175344265
AOI-0017,2025-09-08,0.146008084,s2,2025,new,1.000000000,0.172242640,0.174217208,0.173032467,0.174217208,0.173032467,0.174217208,0.173032467,0.174217208,0.173032467,0.174217208,0.173032467,0.174219441,0.173033360
AOI-0017,2025-09-13,0.199590676,s2,2025,new,1.000000000,0.186623917,0.201813692,0.192699827,0.201813692,0.192699827,0.201813692,0.192699827,0.201813692,0.192699827,0.201813692,0.192699827,0.201813692,0.192699827
AOI-0017,2025-10-13,0.241429453,s2,2025,new,1.000000000,0.230205477,0.237395206,0.233081369,0.237395206,0.233081369,0.237395206,0.233081369,0.237395206,0.233081369,0.237395206,0.233081369,0.237395206,0.233081369
AOI-0017,2025-10-17,0.329783748,landsat,2025,new,2.000000000,0.303857440,0.314824710,0.308244348,0.314824710,0.308244348,0.314824712,0.308244348,0.314824712,0.308244348,0.314824710,0.308244348,0.314824710,0.308244348
AOI-0017,2025-10-18,0.254503541,s2,2025,new,1.000000000,0.266205998,0.240511068,0.255928026,0.240511068,0.255928026,0.240511068,0.255928026,0.240511068,0.255928026,0.240511068,0.255928026,0.240511068,0.255928026
AOI-0018,2025-04-07,0.768782943,modis,2025,new,1.000000000,0.788129708,0.784905730,0.786840117,0.784905730,0.786840117,0.784905730,0.786840117,0.784905730,0.786840117,0.784905730,0.786840117,0.784905730,0.786840117
AOI-0018,2025-04-17,0.811734286,landsat,2025,new,1.000000000,0.807834982,0.787151914,0.799561755,0.787151914,0.799561755,0.787151914,0.799561755,0.787151914,0.799561755,0.787151914,0.799561755,0.787151914,0.799561755
AOI-0018,2025-05-01,0.858547103,s2,2025,new,1.000000000,0.852539117,0.865942153,0.857900331,0.865942153,0.857900331,0.865942153,0.857900331,0.865942153,0.857900331,0.865942153,0.857900331,0.865942145,0.857900328
AOI-0018,2025-05-16,0.798359980,s2,2025,new,1.000000000,0.797960844,0.825961008,0.809160910,0.825961008,0.809160910,0.825961008,0.809160910,0.825961008,0.809160910,0.825961008,0.809160910,0.825961008,0.809160910
AOI-0018,2025-06-10,0.281799320,s2,2025,new,1.000000000,0.421744876,0.357808045,0.396170143,0.469242679,0.440743997,0.413525362,0.418457070,0.469242679,0.440743997,0.359167004,0.396713727,0.369917933,0.401014099
AOI-0018,2025-07-03,0.176107079,s2,2025,new,2.000000000,0.243564044,0.235412723,0.240303516,0.235412723,0.240303516,0.235412776,0.240303537,0.235412776,0.240303537,0.235412723,0.240303516,0.235412723,0.240303516
AOI-0018,2025-07-23,0.268459507,s2,2025,new,1.000000000,0.261744967,0.282132707,0.269900063,0.282132707,0.269900063,0.282132707,0.269900063,0.282132707,0.269900063,0.282132707,0.269900063,0.282551539,0.270067596
AOI-0018,2025-07-29,0.399059653,landsat,2025,new,1.000000000,0.389774526,0.407772011,0.396973520,0.407772011,0.396973520,0.407772011,0.396973520,0.407772011,0.396973520,0.407772011,0.396973520,0.407772011,0.396973520
AOI-0018,2025-07-30,0.333466527,s2,2025,new,2.000000000,0.350970446,0.381600357,0.363222410,0.381600357,0.363222410,0.381600357,0.363222410,0.381600358,0.363222410,0.381600357,0.363222410,0.381600357,0.363222410
AOI-0018,2025-08-12,0.388279580,s2,2025,new,1.000000000,0.257057888,0.248757155,0.253737595,0.248757155,0.253737595,0.248757155,0.253737595,0.248757155,0.253737595,0.248757155,0.253737595,0.248757155,0.253737595
AOI-0018,2025-10-08,0.158968515,s2,2025,new,1.000000000,0.172016652,0.162784356,0.168323734,0.162784356,0.168323734,0.162784356,0.168323734,0.162784356,0.168323734,0.162784356,0.168323734,0.162784356,0.168323734
AOI-0019,2025-05-16,0.580723138,s2,2025,shared,1.000000000,0.583050946,0.612989370,0.595026316,0.612989370,0.595026316,0.612989370,0.595026316,0.612989370,0.595026316,0.612989370,0.595026316,0.612989370,0.595026316
AOI-0019,2025-05-24,0.598497481,s2,2025,shared,1.000000000,0.574287813,0.618828397,0.592104047,0.618828397,0.592104047,0.618828397,0.592104047,0.618828397,0.592104047,0.618828397,0.592104047,0.618828397,0.592104047
AOI-0019,2025-07-03,0.182911306,s2,2025,shared,1.000000000,0.365064512,0.377872048,0.370187526,0.377872048,0.370187526,0.377872048,0.370187526,0.377872048,0.370187526,0.377872048,0.370187526,0.377872048,0.370187526
AOI-0019,2025-07-23,0.284805110,s2,2025,shared,2.000000000,0.304108897,0.298862593,0.302010375,0.298862593,0.302010375,0.299174247,0.302135037,0.299174247,0.302135037,0.298862593,0.302010375,0.300030977,0.302477729
AOI-0019,2025-08-12,0.325763731,s2,2025,shared,2.000000000,0.312779922,0.316064984,0.314093947,0.316064984,0.314093947,0.316064985,0.314093947,0.316064985,0.314093947,0.316064984,0.314093947,0.316064984,0.314093947
AOI-0019,2025-08-13,0.324434609,modis,2025,shared,1.000000000,0.361401223,0.369492227,0.364637625,0.369492227,0.364637625,0.369492227,0.364637625,0.369492227,0.364637625,0.369492227,0.364637625,0.369492173,0.364637603
AOI-0019,2025-09-13,0.236797476,s2,2025,shared,1.000000000,0.213082859,0.213967596,0.213436754,0.213967596,0.213436754,0.213967596,0.213436754,0.213967596,0.213436754,0.213967596,0.213436754,0.213967596,0.213436754
AOI-0019,2025-09-14,0.305567591,modis,2025,shared,1.000000000,0.291977228,0.282935339,0.288360473,0.282935339,0.288360473,0.282935339,0.288360473,0.282935339,0.288360473,0.282935339,0.288360473,0.282935361,0.288360481
AOI-0019,2025-09-21,0.222588417,s2,2025,shared,1.000000000,0.203508340,0.207772941,0.205214180,0.207772941,0.205214180,0.207772941,0.205214180,0.207772941,0.205214180,0.207772941,0.205214180,0.207772941,0.205214180
AOI-0019,2025-09-30,0.286203559,modis,2025,shared,1.000000000,0.305320765,0.293423443,0.300561836,0.293423443,0.300561836,0.293423443,0.300561836,0.293423443,0.300561836,0.293423443,0.300561836,0.293423443,0.300561836
AOI-0019,2025-10-13,0.070350937,s2,2025,shared,3.000000000,0.141829213,0.150861775,0.145442238,0.150861775,0.145442238,0.150861775,0.145442238,0.150861778,0.145442239,0.150861775,0.145442238,0.150861775,0.145442238
AOI-0020,2025-05-01,0.375414045,s2,2025,shared,1.000000000,0.380677018,0.369584920,0.376240179,0.369584920,0.376240179,0.369584920,0.376240179,0.369584920,0.376240179,0.369584920,0.376240179,0.369585382,0.376240364
AOI-0020,2025-05-04,0.431556656,s2,2025,shared,1.000000000,0.424711630,0.437025713,0.429637263,0.437025713,0.429637263,0.437025713,0.429637263,0.437025713,0.429637263,0.437025713,0.429637263,0.438792574,0.430344008
AOI-0020,2025-05-14,0.589659131,s2,2025,shared,2.000000000,0.589067719,0.534767046,0.567347450,0.534767046,0.567347450,0.534767048,0.567347451,0.534767048,0.567347451,0.534767046,0.567347450,0.534767046,0.567347450
AOI-0020,2025-06-05,0.618382099,s2,2025,shared,1.000000000,0.585254858,0.565305315,0.577275041,0.565305315,0.577275041,0.565305315,0.577275041,0.565305315,0.577275041,0.565305315,0.577275041,0.565305315,0.577275041
AOI-0020,2025-07-13,0.330928960,s2,2025,shared,1.000000000,0.336328520,0.318925339,0.329367248,0.318925339,0.329367248,0.318925339,0.329367248,0.318925339,0.329367248,0.318925339,0.329367248,0.318925339,0.329367248
AOI-0020,2025-07-18,0.328381091,s2,2025,shared,1.000000000,0.306481563,0.298549671,0.303308806,0.298549671,0.303308806,0.298549671,0.303308806,0.298549671,0.303308806,0.298549671,0.303308806,0.298549671,0.303308806
AOI-0020,2025-07-23,0.313788766,s2,2025,shared,1.000000000,0.318004443,0.298837228,0.310337557,0.298837228,0.310337557,0.298837228,0.310337557,0.298837228,0.310337557,0.298837228,0.310337557,0.300014018,0.310808273
AOI-0020,2025-08-12,0.269720697,s2,2025,shared,1.000000000,0.229369922,0.226403564,0.228183379,0.226403564,0.228183379,0.226403564,0.228183379,0.226403564,0.228183379,0.226403564,0.228183379,0.226403564,0.228183379
AOI-0020,2025-08-29,0.213705760,s2,2025,shared,1.000000000,0.212214493,0.210154962,0.211390680,0.210154962,0.211390680,0.210154962,0.211390680,0.210154962,0.211390680,0.210154962,0.211390680,0.210154962,0.211390680
AOI-0020,2025-09-26,0.215842286,s2,2025,shared,1.000000000,0.200396929,0.193766958,0.197744941,0.193766958,0.197744941,0.193766958,0.197744941,0.193766958,0.197744941,0.193766958,0.197744941,0.194039899,0.197854117
AOI-0020,2025-10-17,0.233865827,landsat,2025,shared,1.000000000,0.256559802,0.243225542,0.251226098,0.243225542,0.251226098,0.243225542,0.251226098,0.243225542,0.251226098,0.243225542,0.251226098,0.243225542,0.251226098
AOI-0021,2025-04-14,0.275498777,s2,2025,shared,1.000000000,0.271279890,0.282315043,0.275693951,0.282315043,0.275693951,0.282315043,0.275693951,0.282315043,0.275693951,0.282315043,0.275693951,0.282315043,0.275693951
AOI-0021,2025-04-17,0.323171137,landsat,2025,shared,1.000000000,0.319233849,0.330341265,0.323676815,0.330341265,0.323676815,0.330341265,0.323676815,0.330341265,0.323676815,0.330341265,0.323676815,0.330341265,0.323676815
AOI-0021,2025-05-24,0.636753437,s2,2025,shared,1.000000000,0.548046828,0.556013024,0.551233306,0.556013024,0.551233306,0.556013024,0.551233306,0.556013024,0.551233306,0.556013024,0.551233306,0.556013024,0.551233306
AOI-0021,2025-05-25,0.605563560,modis,2025,shared,1.000000000,0.614855323,0.620459157,0.617096857,0.620459157,0.617096857,0.620459157,0.617096857,0.620459157,0.617096857,0.620459157,0.617096857,0.620458034,0.617096407
AOI-0021,2025-06-05,0.584804001,s2,2025,shared,1.000000000,0.513245697,0.493551830,0.505368150,0.493551830,0.505368150,0.493551830,0.505368150,0.493551830,0.505368150,0.493551830,0.505368150,0.493551830,0.505368150
AOI-0021,2025-07-03,0.091461040,s2,2025,shared,1.000000000,0.335967976,0.337928209,0.336752069,0.337928209,0.336752069,0.337928209,0.336752069,0.337928209,0.336752069,0.337928209,0.336752069,0.337928209,0.336752069
AOI-0021,2025-07-28,0.373573208,s2,2025,shared,1.000000000,0.325948861,0.284622010,0.309418121,0.284622010,0.309418121,0.284622010,0.309418121,0.284622010,0.309418121,0.284622010,0.309418121,0.294664448,0.313435096
AOI-0021,2025-08-09,0.226210240,s2,2025,shared,1.000000000,0.243533269,0.257258607,0.249023404,0.257258607,0.249023404,0.257258607,0.249023404,0.257258607,0.249023404,0.257258607,0.249023404,0.257258607,0.249023404
AOI-0021,2025-09-13,0.212685702,s2,2025,shared,1.000000000,0.212189140,0.217025753,0.214123785,0.217025753,0.214123785,0.217025753,0.214123785,0.217025753,0.214123785,0.217025753,0.214123785,0.217025753,0.214123785
AOI-0021,2025-09-21,0.212406137,s2,2025,shared,1.000000000,0.210014792,0.213100417,0.211249042,0.213100417,0.211249042,0.213100417,0.211249042,0.213100417,0.211249042,0.213100417,0.211249042,0.213100417,0.211249042
AOI-0021,2025-09-26,0.222901905,s2,2025,shared,1.000000000,0.223175039,0.215586199,0.220139503,0.215586199,0.220139503,0.215586199,0.220139503,0.215586199,0.220139503,0.215586199,0.220139503,0.215841177,0.220241495
AOI-0022,2025-04-23,0.830809853,modis,2025,shared,1.000000000,0.804804861,0.840597338,0.819121852,0.840597338,0.819121852,0.840597338,0.819121852,0.840597338,0.819121852,0.840597338,0.819121852,0.840325527,0.819013127
AOI-0022,2025-05-01,0.822539530,s2,2025,shared,1.000000000,0.810625705,0.854949373,0.828355172,0.854949373,0.828355172,0.854949373,0.828355172,0.854949373,0.828355172,0.854949373,0.828355172,0.854949273,0.828355132
AOI-0022,2025-05-04,0.841377734,s2,2025,shared,1.000000000,0.827166643,0.854805614,0.838222231,0.854805614,0.838222231,0.854805614,0.838222231,0.854805614,0.838222231,0.854805614,0.838222231,0.854819827,0.838227917
AOI-0022,2025-06-07,0.782034237,s2,2025,shared,1.000000000,0.796247954,0.812593761,0.802786277,0.812593761,0.802786277,0.812593761,0.802786277,0.812593761,0.802786277,0.812593761,0.802786277,0.812593761,0.802786277
AOI-0022,2025-08-09,0.122904772,s2,2025,shared,1.000000000,0.144494141,0.153389933,0.148052458,0.153389933,0.148052458,0.153389933,0.148052458,0.153389933,0.148052458,0.153389933,0.148052458,0.153389933,0.148052458
AOI-0022,2025-08-16,0.146348699,s2,2025,shared,1.000000000,0.157337543,0.157464118,0.157388173,0.157464118,0.157388173,0.157464118,0.157388173,0.157464118,0.157388173,0.157464118,0.157388173,0.157464118,0.157388173
AOI-0022,2025-08-17,0.150097626,s2,2025,shared,1.000000000,0.157604542,0.158959297,0.158146444,0.158959297,0.158146444,0.158959297,0.158146444,0.158959297,0.158146444,0.158959297,0.158146444,0.159649542,0.158422542
AOI-0022,2025-09-07,0.201775394,landsat,2025,shared,1.000000000,0.204515701,0.201932814,0.203482546,0.201932814,0.203482546,0.201932814,0.203482546,0.201932814,0.203482546,0.201932814,0.203482546,0.201932814,0.203482546
AOI-0022,2025-09-11,0.140958118,s2,2025,shared,1.000000000,0.151074986,0.149448169,0.150424259,0.149448169,0.150424259,0.149448169,0.150424259,0.149448169,0.150424259,0.149448169,0.150424259,0.149448169,0.150424259
AOI-0022,2025-10-02,0.210324736,landsat,2025,shared,1.000000000,0.203437872,0.207686086,0.205137158,0.207686086,0.205137158,0.207686086,0.205137158,0.207686086,0.205137158,0.207686086,0.205137158,0.207049452,0.204882504
AOI-0022,2025-10-05,-0.010472568,s2,2025,shared,inf,0.137665871,0.137156720,0.137462210,0.137156720,0.137462210,0.137156729,0.137462214,0.137156729,0.137462214,0.137156729,0.137462214,0.137156720,0.137462210
AOI-0023,2025-04-14,0.189285116,s2,2025,shared,1.000000000,0.169146848,0.180562002,0.173712909,0.180562002,0.173712909,0.180562002,0.173712909,0.180562002,0.173712909,0.180562002,0.173712909,0.180562002,0.173712909
AOI-0023,2025-04-29,0.202233208,s2,2025,shared,inf,0.206011851,0.187914012,0.198772715,0.187914012,0.198772715,0.187914015,0.198772717,0.187914015,0.198772717,0.187914015,0.198772717,0.187914012,0.198772715
AOI-0023,2025-05-14,0.267682834,s2,2025,shared,1.000000000,0.336972212,0.261376733,0.306734020,0.261376733,0.306734020,0.261376733,0.306734020,0.261376733,0.306734020,0.261376733,0.306734020,0.261376733,0.306734020
AOI-0023,2025-05-25,0.680905566,modis,2025,shared,3.000000000,0.625369245,0.651740654,0.635917809,0.651740654,0.635917809,0.651497261,0.635820451,0.651497261,0.635820451,0.651497261,0.635820451,0.651732693,0.635914624
AOI-0023,2025-06-03,0.663568918,s2,2025,shared,1.000000000,0.596495085,0.634446888,0.611675806,0.634446888,0.611675806,0.634446888,0.611675806,0.634446888,0.611675806,0.634446888,0.611675806,0.634446888,0.611675806
AOI-0023,2025-06-28,0.814649769,landsat,2025,shared,1.000000000,0.703281181,0.686667988,0.696635904,0.744019841,0.719576645,0.744019841,0.719576645,0.744019841,0.719576645,0.715343914,0.708106274,0.694260639,0.699672964
AOI-0023,2025-07-06,0.717334661,landsat,2025,shared,1.000000000,0.675011442,0.705872319,0.687355793,0.705872319,0.687355793,0.705872319,0.687355793,0.705872319,0.687355793,0.705872319,0.687355793,0.705872319,0.687355793
AOI-0023,2025-07-07,0.653406542,s2,2025,shared,1.000000000,0.634467993,0.654297087,0.642399631,0.654297087,0.642399631,0.654297087,0.642399631,0.654297087,0.642399631,0.654297087,0.642399631,0.654297087,0.642399631
AOI-0023,2025-08-02,0.113732142,s2,2025,shared,1.000000000,0.156194505,0.138157825,0.148979833,0.138157825,0.148979833,0.138157825,0.148979833,0.138157825,0.148979833,0.138157825,0.148979833,0.138157825,0.148979833
AOI-0023,2025-08-07,0.146962258,s2,2025,shared,1.000000000,0.168166756,0.151271373,0.161408603,0.151271373,0.161408603,0.151271373,0.161408603,0.151271373,0.161408603,0.151271373,0.161408603,0.151272562,0.161409078
AOI-0023,2025-09-13,0.152565135,s2,2025,shared,1.000000000,0.140505396,0.154166498,0.145969837,0.154166498,0.145969837,0.154166498,0.145969837,0.154166498,0.145969837,0.154166498,0.145969837,0.154166498,0.145969837
AOI-0024,2025-04-01,0.183090002,s2,2025,new,1.000000000,0.200244565,0.186949555,0.194926561,0.186949555,0.194926561,0.186949555,0.194926561,0.186949555,0.194926561,0.186949555,0.194926561,0.186949555,0.194926561
AOI-0024,2025-04-17,0.231636530,landsat,2025,new,2.000000000,0.219066981,0.206840012,0.214176193,0.206840012,0.214176193,0.206826841,0.214170925,0.206826841,0.214170925,0.206840012,0.214176193,0.206840012,0.214176193
AOI-0024,2025-04-28,0.175767594,s2,2025,new,1.000000000,0.206704830,0.194899618,0.201982745,0.194899618,0.201982745,0.194899618,0.201982745,0.194899618,0.201982745,0.194899618,0.201982745,0.194899618,0.201982745
AOI-0024,2025-04-29,0.212383515,s2,2025,new,inf,0.194192436,0.189313337,0.192240796,0.189313337,0.192240796,0.189313339,0.192240797,0.189313339,0.192240797,0.189313339,0.192240797,0.189313337,0.192240796
AOI-0024,2025-05-04,0.204128456,s2,2025,new,3.000000000,0.235650901,0.213852383,0.226931494,0.213852383,0.226931494,0.213852383,0.226931494,0.217261950,0.228295321,0.213852383,0.226931494,0.216301938,0.227911316
AOI-0024,2025-05-27,0.356928012,landsat,2025,new,1.000000000,0.325449386,0.292987599,0.312464671,0.292987599,0.312464671,0.292987599,0.312464671,0.292987599,0.312464671,0.292987599,0.312464671,0.292987599,0.312464671
AOI-0024,2025-06-04,0.356133838,landsat,2025,new,1.000000000,0.334686912,0.315977524,0.327203156,0.315977524,0.327203156,0.315977524,0.327203156,0.315977524,0.327203156,0.315977524,0.327203156,0.312788679,0.325927619
AOI-0024,2025-07-29,0.379669761,landsat,2025,new,1.000000000,0.365627098,0.365256127,0.365478710,0.365256127,0.365478710,0.365256127,0.365478710,0.365256127,0.365478710,0.365256127,0.365478710,0.365256127,0.365478710
AOI-0024,2025-08-15,0.319754407,landsat,2025,new,1.000000000,0.320021070,0.317880222,0.319164731,0.317880222,0.319164731,0.317880222,0.319164731,0.317880222,0.319164731,0.317880222,0.319164731,0.317880222,0.319164731
AOI-0024,2025-09-05,0.217231480,s2,2025,new,1.000000000,0.208431705,0.212537420,0.210073991,0.212537420,0.210073991,0.212537420,0.210073991,0.212537420,0.210073991,0.212537420,0.210073991,0.212537420,0.210073991
AOI-0024,2025-09-13,0.227211070,s2,2025,new,2.000000000,0.207713604,0.202169003,0.205495763,0.202169003,0.205495763,0.202169003,0.205495763,0.202169003,0.205495763,0.202169003,0.205495763,0.202169003,0.205495763
AOI-0025,2025-04-07,0.346326522,modis,2025,new,2.000000000,0.305786345,0.306715929,0.306158178,0.306715929,0.306158178,0.306714237,0.306157502,0.306714237,0.306157502,0.306715929,0.306158178,0.306715929,0.306158178
AOI-0025,2025-05-25,0.451908494,modis,2025,new,1.000000000,0.342092603,0.321151027,0.333715972,0.321151027,0.333715972,0.321151027,0.333715972,0.321151027,0.333715972,0.321151027,0.333715972,0.321145158,0.333713625
AOI-0025,2025-06-08,0.154417756,s2,2025,new,1.000000000,0.169470408,0.180367204,0.173829126,0.180367204,0.173829126,0.180367204,0.173829126,0.180367204,0.173829126,0.180367204,0.173829126,0.180367204,0.173829126
AOI-0025,2025-06-10,0.313710978,modis,2025,new,1.000000000,0.230741542,0.170483741,0.206638421,0.340119070,0.274492553,0.340119070,0.274492553,0.340119070,0.274492553,0.340119070,0.274492553,0.198464826,0.217830855
AOI-0025,2025-08-29,0.155098628,s2,2025,new,1.000000000,0.170721745,0.143091537,0.159669662,0.143091537,0.159669662,0.143091537,0.159669662,0.143091537,0.159669662,0.143091537,0.159669662,0.143091537,0.159669662
AOI-0025,2025-10-16,0.287993022,s2,2025,new,4.000000000,0.507067083,0.522938111,0.513415494,0.522938111,0.513415494,0.522938111,0.513415494,0.541932804,0.521013371,0.522938111,0.513415494,0.529164927,0.515906221
AOI-0026,2025-04-14,0.780151675,s2,2025,shared,1.000000000,0.744455109,0.728916852,0.738239807,0.728916852,0.738239807,0.728916852,0.738239807,0.728916852,0.738239807,0.728916852,0.738239807,0.728916852,0.738239807
AOI-0026,2025-04-16,0.678083136,landsat,2025,shared,2.000000000,0.756895192,0.781308002,0.766660316,0.708578540,0.737568531,0.780587804,0.766372237,0.780587804,0.766372237,0.708578540,0.737568531,0.780058170,0.766160383
AOI-0026,2025-04-29,0.900635632,s2,2025,shared,2.000000000,0.867194855,0.883701400,0.873797473,0.883701400,0.873797473,0.883701399,0.873797473,0.883701399,0.873797473,0.883701400,0.873797473,0.883701400,0.873797473
AOI-0026,2025-07-05,0.319942850,landsat,2025,shared,1.000000000,0.291599566,0.272838921,0.284095308,0.364440781,0.320736052,0.364440781,0.320736052,0.364440781,0.320736052,0.359052437,0.318580714,0.273806377,0.284482291
AOI-0026,2025-07-28,0.131711157,s2,2025,shared,1.000000000,0.164605771,0.153664432,0.160229236,0.153664432,0.160229236,0.153664432,0.160229236,0.153664432,0.160229236,0.153664432,0.160229236,0.159778293,0.162674780
AOI-0026,2025-08-06,0.179883844,landsat,2025,shared,1.000000000,0.161135865,0.140100040,0.152721535,0.194634457,0.174535302,0.194634457,0.174535302,0.194634457,0.174535302,0.194634457,0.174535302,0.143307947,0.154004698
AOI-0026,2025-08-12,0.140982152,s2,2025,shared,1.000000000,0.163095736,0.159547215,0.161676327,0.159547215,0.161676327,0.159547215,0.161676327,0.159547215,0.161676327,0.159547215,0.161676327,0.159547215,0.161676327
AOI-0026,2025-10-16,0.333042791,s2,2025,shared,3.000000000,0.316450181,0.263901446,0.295430687,0.263901446,0.295430687,0.289657581,0.305733141,0.289657581,0.305733141,0.263901446,0.295430687,0.271213919,0.298355676
AOI-0027,2025-04-19,0.821756243,s2,2025,shared,1.000000000,0.794011673,0.816313796,0.802932522,0.816313796,0.802932522,0.816313796,0.802932522,0.816313796,0.802932522,0.816313796,0.802932522,0.816172767,0.802876111
AOI-0027,2025-05-01,0.867735187,s2,2025,shared,1.000000000,0.839145839,0.856520234,0.846095597,0.856520234,0.846095597,0.856520234,0.846095597,0.856520234,0.846095597,0.856520234,0.846095597,0.856520562,0.846095728
AOI-0027,2025-05-04,0.740025231,s2,2025,shared,1.000000000,0.847587258,0.856755223,0.851254444,0.856755223,0.851254444,0.856755223,0.851254444,0.856755223,0.851254444,0.856755223,0.851254444,0.856852840,0.851293491
AOI-0027,2025-05-25,0.738549190,modis,2025,shared,1.000000000,0.797312851,0.777719337,0.789475445,0.777719337,0.789475445,0.777719337,0.789475445,0.777719337,0.789475445,0.777719337,0.789475445,0.777753314,0.789489036
AOI-0027,2025-09-08,0.182136467,s2,2025,shared,2.000000000,0.198486777,0.186524487,0.193701861,0.186524487,0.193701861,0.186526278,0.193702577,0.186526278,0.193702577,0.186524487,0.193701861,0.186526592,0.193702703
AOI-0027,2025-10-17,0.621175480,landsat,2025,shared,1.000000000,0.580288389,0.573510610,0.577577277,0.573510610,0.577577277,0.573510610,0.577577277,0.573510610,0.577577277,0.573510610,0.577577277,0.573510610,0.577577277
AOI-0028,2010-06-02,0.798402170,landsat,2010,new,14.000000000,0.767962430,0.788617753,0.776224559,0.788617753,0.776224559,0.788617752,0.776224559,0.788617752,0.776224559,0.788617752,0.776224559,0.788617753,0.776224559
AOI-0028,2010-07-28,0.196717199,landsat,2010,new,11.000000000,0.258277363,0.297640976,0.274022808,0.222647955,0.244025600,0.270865106,0.263312460,0.270865106,0.263312460,0.270865106,0.263312460,0.229873478,0.246915809
AOI-0028,2011-07-31,0.539478957,landsat,2011,new,11.000000000,0.634736752,0.674714497,0.650727850,0.674714497,0.650727850,0.674714494,0.650727849,0.674714494,0.650727849,0.674714494,0.650727849,0.674714497,0.650727850
AOI-0028,2011-08-13,0.510812959,modis,2011,new,11.000000000,0.530558307,0.550849821,0.538674913,0.550849821,0.538674913,0.550849821,0.538674913,0.550849821,0.538674913,0.550849821,0.538674913,0.550849821,0.538674913
AOI-0028,2011-09-14,0.317757305,modis,2011,new,11.000000000,0.353923500,0.344526606,0.350164742,0.344526606,0.350164742,0.344526606,0.350164742,0.344526606,0.350164742,0.344526606,0.350164742,0.344526606,0.350164742
AOI-0028,2012-05-06,0.822320197,landsat,2012,new,11.000000000,0.713690191,0.686767506,0.702921117,0.686767506,0.702921117,0.686767506,0.702921117,0.686767506,0.702921117,0.686767506,0.702921117,0.686767506,0.702921117
AOI-0028,2012-05-08,0.807273911,modis,2012,new,11.000000000,0.764349145,0.797543595,0.777626925,0.797543595,0.777626925,0.797543007,0.777626690,0.797543007,0.777626690,0.797543007,0.777626690,0.797504996,0.777611485
AOI-0028,2012-08-10,0.150121919,landsat,2012,new,inf,0.193721654,0.196130768,0.194685299,0.196130768,0.194685299,0.196130815,0.194685318,0.196130815,0.194685318,0.196130815,0.194685318,0.196130815,0.194685318
AOI-0028,2013-04-23,0.288898992,modis,2013,new,11.000000000,0.353783052,0.350173619,0.352339279,0.350173619,0.352339279,0.350173619,0.352339279,0.350173619,0.352339279,0.350173619,0.352339279,0.350173619,0.352339279
AOI-0028,2013-05-09,0.203030863,landsat,2013,new,11.000000000,0.338881982,0.373657941,0.352792366,0.214755255,0.289231292,0.340468052,0.339516410,0.340468052,0.339516410,0.340468052,0.339516410,0.294206598,0.321011829
AOI-0028,2014-05-09,0.911428556,modis,2014,new,14.000000000,0.895492043,0.897331616,0.896227872,0.897331616,0.896227872,0.897331616,0.896227872,0.897331616,0.896227872,0.897331616,0.896227872,0.897331616,0.896227872
AOI-0028,2014-08-13,0.211479339,modis,2014,new,11.000000000,0.241511058,0.245882425,0.243259605,0.245882425,0.243259605,0.245882424,0.243259605,0.245882424,0.243259605,0.245882424,0.243259605,0.245882425,0.243259605
AOI-0028,2014-09-17,0.133166669,landsat,2014,new,27.000000000,0.158409523,0.159519212,0.158853399,0.159519212,0.158853399,0.159519219,0.158853401,0.159519219,0.158853401,0.159519219,0.158853401,0.159519212,0.158853399
AOI-0028,2014-10-16,0.233178331,modis,2014,new,11.000000000,0.279489506,0.275805669,0.278015971,0.275805669,0.278015971,0.275805669,0.278015971,0.275805669,0.278015971,0.275805669,0.278015971,0.275805669,0.278015971
AOI-0028,2015-06-16,0.715126576,landsat,2015,new,inf,0.728607750,0.722566451,0.726191230,0.722566451,0.726191230,0.722566469,0.726191238,0.722566469,0.726191238,0.722566469,0.726191238,0.722566469,0.726191238
AOI-0028,2015-08-03,0.585913569,landsat,2015,new,14.000000000,0.546664483,0.573517052,0.557405510,0.573517052,0.557405510,0.573517048,0.557405509,0.573517048,0.557405509,0.573517048,0.557405509,0.573517052,0.557405510
AOI-0028,2015-09-04,0.140536486,landsat,2015,new,11.000000000,0.250713593,0.272025171,0.259238224,0.272025171,0.259238224,0.272025170,0.259238224,0.272025170,0.259238224,0.272025170,0.259238224,0.272025171,0.259238224
AOI-0028,2015-09-30,0.204629758,modis,2015,new,11.000000000,0.216706956,0.231465301,0.222610294,0.231465301,0.222610294,0.230778907,0.222335736,0.230778907,0.222335736,0.230778907,0.222335736,0.230730691,0.222316450
AOI-0028,2016-06-26,0.326808003,landsat,2016,new,11.000000000,0.340303942,0.309207136,0.327865220,0.309207136,0.327865220,0.309207136,0.327865219,0.309207136,0.327865219,0.309207136,0.327865219,0.309207136,0.327865220
AOI-0028,2016-08-28,0.214382193,modis,2016,new,14.000000000,0.234423450,0.263054439,0.245875845,0.263054439,0.245875845,0.262519084,0.245661704,0.262519084,0.245661704,0.262519084,0.245661704,0.262809567,0.245777897
AOI-0028,2016-09-14,0.190530971,landsat,2016,new,14.000000000,0.213797719,0.220709541,0.216562447,0.220709541,0.216562447,0.220709540,0.216562447,0.220709540,0.216562447,0.220709540,0.216562447,0.220709541,0.216562447
AOI-0028,2017-04-16,0.268174591,s2,2017,new,23.000000000,0.218235949,0.216390732,0.217497863,0.216390732,0.217497863,0.216390735,0.217497864,0.216390735,0.217497864,0.216390735,0.217497864,0.216390732,0.217497863
AOI-0028,2017-05-12,0.624515885,landsat,2017,new,11.000000000,0.540885367,0.542097650,0.541370280,0.542097650,0.541370280,0.542097653,0.541370281,0.542097653,0.541370281,0.542097653,0.541370281,0.542097650,0.541370280
AOI-0028,2017-06-05,0.872681384,s2,2017,new,11.000000000,0.760483551,0.699568177,0.736117402,0.764450279,0.762070242,0.701153995,0.736751729,0.701153995,0.736751729,0.701153995,0.736751729,0.732009228,0.749093822
AOI-0028,2017-07-15,0.233613376,landsat,2017,new,11.000000000,0.229713577,0.248498366,0.237227492,0.248498366,0.237227492,0.247653377,0.236889497,0.247653377,0.236889497,0.247653377,0.236889497,0.248498366,0.237227492
AOI-0028,2017-10-11,0.403581995,landsat,2017,new,11.000000000,0.389738214,0.384325015,0.387572935,0.384325015,0.387572935,0.384357885,0.387586082,0.384357885,0.387586082,0.384357885,0.387586082,0.384325015,0.387572935
AOI-0028,2018-05-15,0.898101640,landsat,2018,new,11.000000000,0.891030969,0.882848988,0.887758176,0.882848988,0.887758176,0.882848985,0.887758175,0.882848985,0.887758175,0.882848985,0.887758175,0.882848988,0.887758176
AOI-0028,2018-06-08,0.788081653,landsat,2018,new,14.000000000,0.787155736,0.819986988,0.800288237,0.819986988,0.800288237,0.819986985,0.800288236,0.819986985,0.800288236,0.819986985,0.800288236,0.819986988,0.800288237
AOI-0028,2018-06-15,0.568474455,s2,2018,new,11.000000000,0.576031706,0.598998869,0.585218571,0.598998869,0.585218571,0.598998869,0.585218571,0.598998869,0.585218571,0.598998869,0.585218571,0.598998869,0.585218571
AOI-0028,2018-07-10,0.184323964,landsat,2018,new,14.000000000,0.215882533,0.232623922,0.222579089,0.232623922,0.222579089,0.232623922,0.222579089,0.232623922,0.222579089,0.232623922,0.222579089,0.232623922,0.222579089
AOI-0028,2018-07-28,0.261223300,modis,2018,new,11.000000000,0.242909278,0.248609482,0.245189360,0.248609482,0.245189360,0.248605679,0.245187838,0.248605679,0.245187838,0.248605679,0.245187838,0.248191237,0.245022061
AOI-0028,2019-05-11,0.312775549,s2,2019,new,11.000000000,0.171052380,0.173996730,0.172230120,0.173996730,0.172230120,0.178335255,0.173965530,0.178335255,0.173965530,0.178335255,0.173965530,0.188135244,0.177885525
AOI-0028,2019-06-19,0.231576011,landsat,2019,new,11.000000000,0.191062481,0.205594346,0.196875227,0.205594346,0.196875227,0.205104653,0.196679350,0.205104653,0.196679350,0.205104653,0.196679350,0.205564147,0.196863148
AOI-0028,2019-06-26,0.318560287,modis,2019,new,11.000000000,0.299194303,0.349551442,0.319337159,0.349551442,0.319337159,0.347804821,0.318638510,0.347804821,0.318638510,0.347804821,0.318638510,0.345866285,0.317863096
AOI-0028,2019-07-28,0.395843338,modis,2019,new,11.000000000,0.283871116,0.307476025,0.293313079,0.307476025,0.293313079,0.307403579,0.293284101,0.307403579,0.293284101,0.307403579,0.293284101,0.307476025,0.293313079
AOI-0028,2019-09-07,0.202630261,landsat,2019,new,23.000000000,0.218978009,0.182328390,0.204318162,0.182328390,0.204318162,0.182328392,0.204318162,0.182328392,0.204318162,0.182328392,0.204318162,0.182328390,0.204318162
AOI-0028,2019-09-13,0.143445117,s2,2019,new,14.000000000,0.142759121,0.142856963,0.142798258,0.142856963,0.142798258,0.142856963,0.142798258,0.142856963,0.142798258,0.142856963,0.142798258,0.142856963,0.142798258
AOI-0028,2019-09-28,0.102967676,s2,2019,new,31.000000000,0.207112902,0.223049748,0.213487640,0.223049748,0.213487640,0.223049764,0.213487647,0.223049764,0.213487647,0.223049764,0.213487647,0.223049748,0.213487640
AOI-0028,2019-10-13,0.501427287,s2,2019,new,14.000000000,0.422309932,0.457959550,0.436569779,0.457959550,0.436569779,0.457959551,0.436569779,0.457959551,0.436569779,0.457959551,0.436569779,0.457959550,0.436569779
AOI-0028,2020-04-02,0.872898331,landsat,2020,new,11.000000000,0.798581097,0.839634944,0.815002636,0.839634944,0.815002636,0.838534767,0.814562565,0.838534767,0.814562565,0.838534767,0.814562565,0.838869939,0.814696634
AOI-0028,2020-06-25,0.546780476,modis,2020,new,11.000000000,0.491327253,0.446985374,0.473590501,0.446985374,0.473590501,0.446985374,0.473590501,0.446985374,0.473590501,0.446985374,0.473590501,0.446985374,0.473590501
AOI-0028,2020-06-29,0.263881703,s2,2020,new,11.000000000,0.429153811,0.446503192,0.436093563,0.446503192,0.436093563,0.446503192,0.436093564,0.446503192,0.436093564,0.446503192,0.436093564,0.446503192,0.436093563
AOI-0028,2020-07-15,0.232203536,landsat,2020,new,11.000000000,0.238580031,0.257823525,0.246277429,0.257823525,0.246277429,0.257823524,0.246277429,0.257823524,0.246277429,0.257823524,0.246277429,0.257823525,0.246277429
AOI-0028,2020-07-23,0.224669801,landsat,2020,new,11.000000000,0.208441048,0.241218824,0.221552159,0.241218824,0.221552159,0.238451203,0.220445110,0.238451203,0.220445110,0.238451203,0.220445110,0.231825495,0.217794827
AOI-0028,2020-07-24,0.163739906,s2,2020,new,11.000000000,0.167905654,0.181300844,0.173263730,0.181300844,0.173263730,0.181764975,0.173449382,0.181764975,0.173449382,0.181764975,0.173449382,0.184884658,0.174697255
AOI-0028,2020-10-15,0.205298176,modis,2020,new,11.000000000,0.230867102,0.240774558,0.234830085,0.240774558,0.234830085,0.240768344,0.234827599,0.240768344,0.234827599,0.240768344,0.234827599,0.240774558,0.234830085
AOI-0028,2021-05-07,0.244995160,landsat,2021,new,31.000000000,0.227495504,0.266422138,0.243066157,0.266422138,0.243066157,0.248931317,0.236069829,0.248931317,0.236069829,0.248931317,0.236069829,0.234502905,0.230298464
AOI-0028,2021-07-09,0.863805535,s2,2021,new,11.000000000,0.820180630,0.852675679,0.833178650,0.852675679,0.833178650,0.852675678,0.833178649,0.852675678,0.833178649,0.852675678,0.833178649,0.852675679,0.833178650
AOI-0028,2021-07-14,0.809969898,s2,2021,new,14.000000000,0.796822530,0.796993246,0.796890816,0.796993246,0.796890816,0.796993246,0.796890816,0.796993246,0.796890816,0.796993246,0.796890816,0.796993246,0.796890816
AOI-0028,2021-07-29,0.780325831,s2,2021,new,11.000000000,0.709252474,0.729031494,0.717164082,0.729031494,0.717164082,0.728977073,0.717142313,0.728977073,0.717142313,0.728977073,0.717142313,0.728523799,0.716961004
AOI-0028,2021-09-14,0.253503712,modis,2021,new,11.000000000,0.241765805,0.225037967,0.235074670,0.225037967,0.235074670,0.234703333,0.238940816,0.234703333,0.238940816,0.234703333,0.238940816,0.263434011,0.250433088
AOI-0028,2021-10-02,0.173976840,s2,2021,new,11.000000000,0.196478477,0.197634174,0.196940755,0.197634174,0.196940755,0.197634174,0.196940756,0.197634174,0.196940756,0.197634174,0.196940756,0.197634174,0.196940755
AOI-0028,2021-10-07,0.164835453,s2,2021,new,11.000000000,0.196117593,0.200975994,0.198060953,0.200975994,0.198060953,0.201044431,0.198088328,0.201044431,0.198088328,0.201044431,0.198088328,0.200988627,0.198066007
AOI-0028,2022-05-15,0.917965940,s2,2022,new,23.000000000,0.847389266,0.801160123,0.828897609,0.801160123,0.828897609,0.803705946,0.829915938,0.803705946,0.829915938,0.803705946,0.829915938,0.805748869,0.830733107
AOI-0028,2022-06-03,0.905022815,landsat,2022,new,14.000000000,0.887226175,0.871091752,0.880772405,0.871091752,0.880772405,0.871036005,0.880750107,0.871036005,0.880750107,0.871036005,0.880750107,0.871024039,0.880745320
AOI-0028,2022-07-09,0.214084989,s2,2022,new,11.000000000,0.209497018,0.226239169,0.216193878,0.226239169,0.216193878,0.226239169,0.216193879,0.226239169,0.216193879,0.226239169,0.216193879,0.226239169,0.216193878
AOI-0028,2022-08-14,0.181894818,landsat,2022,new,14.000000000,0.193646537,0.184134998,0.189841922,0.184134998,0.189841922,0.184134998,0.189841921,0.184134998,0.189841921,0.184134998,0.189841921,0.184134998,0.189841922
AOI-0028,2022-08-22,0.192200938,landsat,2022,new,11.000000000,0.177799685,0.182045463,0.179497996,0.182045463,0.179497996,0.181350346,0.179219950,0.181350346,0.179219950,0.181350346,0.179219950,0.181404173,0.179241480
AOI-0028,2022-09-30,0.224681871,modis,2022,new,11.000000000,0.238713738,0.251618123,0.243875492,0.251618123,0.243875492,0.249798814,0.243147769,0.249798814,0.243147769,0.249798814,0.243147769,0.209121204,0.226876724
AOI-0028,2022-10-17,0.173170440,s2,2022,new,11.000000000,0.173656455,0.181665415,0.176860039,0.181665415,0.176860039,0.183469489,0.177581668,0.183469489,0.177581668,0.183469489,0.177581668,0.181870976,0.176942263
AOI-0028,2022-10-22,0.163983424,s2,2022,new,11.000000000,0.164629344,0.135257581,0.152880638,0.135257581,0.152880638,0.135257582,0.152880639,0.135257582,0.152880639,0.135257582,0.152880639,0.135257581,0.152880638
AOI-0028,2023-05-15,0.204784293,s2,2023,new,11.000000000,0.222880921,0.232719955,0.226816535,0.232719955,0.226816535,0.233517999,0.227135752,0.233517999,0.227135752,0.233517999,0.227135752,0.232901789,0.226889268
AOI-0028,2023-07-12,0.244200086,modis,2023,new,11.000000000,0.290830617,0.298890317,0.294054497,0.298890317,0.294054497,0.298890317,0.294054497,0.298890317,0.294054497,0.298890317,0.294054497,0.298890317,0.294054497
AOI-0028,2023-08-01,0.214603515,landsat,2023,new,11.000000000,0.219892689,0.231133334,0.224388947,0.231133334,0.224388947,0.231123228,0.224384905,0.231123228,0.224384905,0.231123228,0.224384905,0.231133334,0.224388947
AOI-0028,2023-08-28,0.125427341,s2,2023,new,11.000000000,0.154904644,0.144390036,0.150698801,0.144390036,0.150698801,0.144713190,0.150828062,0.144713190,0.150828062,0.144713190,0.150828062,0.150227087,0.153033621
AOI-0028,2023-10-04,0.253611510,landsat,2023,new,11.000000000,0.263708554,0.242333965,0.255158718,0.242333965,0.255158718,0.244387203,0.255980014,0.244387203,0.255980014,0.244387203,0.255980014,0.244121993,0.255873929
AOI-0028,2023-10-17,0.433844441,s2,2023,new,14.000000000,0.583328738,0.592617152,0.587044104,0.592617152,0.587044104,0.592617153,0.587044104,0.592617153,0.587044104,0.592617153,0.587044104,0.592617152,0.587044104
AOI-0028,2023-10-21,0.420623837,landsat,2023,new,14.000000000,0.648448427,0.648491797,0.648465775,0.648491797,0.648465775,0.648491798,0.648465775,0.648491798,0.648465775,0.648491798,0.648465775,0.648491797,0.648465775
AOI-0028,2024-04-04,0.874860205,s2,2024,new,15.000000000,0.819961749,0.842868226,0.829124339,0.842868226,0.829124339,0.842868225,0.829124339,0.842868225,0.829124339,0.842868225,0.829124339,0.842868226,0.829124339
AOI-0028,2024-04-22,0.856939949,modis,2024,new,11.000000000,0.857453798,0.886900165,0.869232345,0.886900165,0.869232345,0.881654295,0.867133997,0.881654295,0.867133997,0.881654295,0.867133997,0.883523699,0.867881759
AOI-0028,2024-05-04,0.902004214,s2,2024,new,11.000000000,0.872486122,0.878169017,0.874759280,0.878169017,0.874759280,0.878169017,0.874759280,0.878169017,0.874759280,0.878169017,0.874759280,0.878169017,0.874759280
AOI-0028,2024-06-09,0.529619331,modis,2024,new,14.000000000,0.524618176,0.480635167,0.507024972,0.480635167,0.507024972,0.480729424,0.507062675,0.480729424,0.507062675,0.480729424,0.507062675,0.480694754,0.507048807
AOI-0028,2024-07-26,0.179096277,landsat,2024,new,11.000000000,0.171547512,0.194246459,0.180627091,0.194246459,0.180627091,0.193874708,0.180478390,0.193874708,0.180478390,0.193874708,0.180478390,0.194246459,0.180627091
AOI-0028,2024-08-28,0.178437052,modis,2024,new,11.000000000,0.203357379,0.185618024,0.196261637,0.185618024,0.196261637,0.207638786,0.205069942,0.207638786,0.205069942,0.207638786,0.205069942,0.211745649,0.206712687
AOI-0028,2024-09-13,0.184983845,modis,2024,new,11.000000000,0.165649060,0.130072494,0.151418434,0.130072494,0.151418434,0.137434608,0.154363279,0.137434608,0.154363279,0.137434608,0.154363279,0.140223905,0.155478998
AOI-0028,2025-04-24,0.209381344,s2,2025,new,10.000000000,0.274634854,0.235795272,0.259099021,0.235795272,0.259099021,0.235795275,0.259099022,0.235795275,0.259099022,0.235795275,0.259099022,0.235795272,0.259099021
AOI-0028,2025-05-09,0.640591761,modis,2025,new,1.000000000,0.587373792,0.576106834,0.582867009,0.576106834,0.582867009,0.420826307,0.520754798,0.420826307,0.520754798,0.420826307,0.520754798,0.574898425,0.582383646
AOI-0028,2025-06-10,0.568176121,modis,2025,new,1.000000000,0.643538113,0.645397072,0.644281697,0.680930853,0.658495209,0.680930853,0.658495209,0.680930853,0.658495209,0.680930853,0.658495209,0.653937833,0.647698001
AOI-0028,2025-08-07,0.128030610,s2,2025,new,1.000000000,0.144126069,0.140546041,0.142694058,0.140546041,0.142694058,0.140546041,0.142694058,0.140546041,0.142694058,0.140546041,0.142694058,0.140546758,0.142694344
AOI-0028,2025-08-17,0.130292678,s2,2025,new,1.000000000,0.142764626,0.139427169,0.141429643,0.139427169,0.141429643,0.139427169,0.141429643,0.139427169,0.141429643,0.139427169,0.141429643,0.139624148,0.141508435
AOI-0028,2025-08-19,0.132779716,s2,2025,new,2.000000000,0.135500242,0.138644371,0.136757893,0.138644371,0.136757893,0.138644371,0.136757893,0.138644371,0.136757893,0.138644371,0.136757893,0.138644371,0.136757893
AOI-0028,2025-09-23,0.204130369,landsat,2025,new,1.000000000,0.175840218,0.168903315,0.173065457,0.207748036,0.188603345,0.207748036,0.188603345,0.207748036,0.188603345,0.207748036,0.188603345,0.174179007,0.175175733
AOI-0028,2025-10-17,0.243409780,landsat,2025,new,1.000000000,0.235123492,0.246756392,0.239776652,0.246756392,0.239776652,0.246756392,0.239776652,0.246756392,0.239776652,0.246756392,0.239776652,0.246756392,0.239776652
AOI-0029,2025-04-21,0.762278925,s2,2025,new,1.000000000,0.807574715,0.767642604,0.791601870,0.767642604,0.791601870,0.767642604,0.791601870,0.767642604,0.791601870,0.767642604,0.791601870,0.767642604,0.791601870
AOI-0029,2025-04-29,0.897815876,s2,2025,new,1.000000000,0.865359994,0.868517141,0.866622853,0.868517141,0.866622853,0.868517141,0.866622853,0.868517141,0.866622853,0.868517141,0.866622853,0.868517141,0.866622853
AOI-0029,2025-05-21,0.840842329,s2,2025,new,1.000000000,0.870764122,0.810823136,0.846787728,0.810823136,0.846787728,0.810823136,0.846787728,0.810823136,0.846787728,0.814596118,0.848296921,0.821403046,0.851019691
AOI-0029,2025-05-24,0.883408007,s2,2025,new,1.000000000,0.855924572,0.860898043,0.857913960,0.860898043,0.857913960,0.860898043,0.857913960,0.860898043,0.857913960,0.860898043,0.857913960,0.860898043,0.857913960
AOI-0029,2025-05-25,0.849851405,modis,2025,new,1.000000000,0.808117175,0.796341732,0.803406998,0.796341732,0.803406998,0.796341732,0.803406998,0.796341732,0.803406998,0.796341732,0.803406998,0.796363489,0.803415701
AOI-0029,2025-06-27,0.439454764,landsat,2025,new,1.000000000,0.297204552,0.253336634,0.279657385,0.318080193,0.305554808,0.318080193,0.305554808,0.318080193,0.305554808,0.285708413,0.292606096,0.257701218,0.281403218
AOI-0029,2025-07-23,0.115317963,s2,2025,new,1.000000000,0.133455985,0.130425951,0.132243971,0.130425951,0.132243971,0.130425951,0.132243971,0.130425951,0.132243971,0.161466616,0.144660237,0.130977459,0.132464575
AOI-0029,2025-09-07,0.168861198,landsat,2025,new,1.000000000,0.185163065,0.188695617,0.186576086,0.188695617,0.186576086,0.188695617,0.186576086,0.188695617,0.186576086,0.188695617,0.186576086,0.188695617,0.186576086
AOI-0030,2025-04-07,0.534485012,modis,2025,shared,1.000000000,0.552013009,0.590540176,0.567423876,0.590540176,0.567423876,0.590540176,0.567423876,0.590540176,0.567423876,0.590540176,0.567423876,0.590540176,0.567423876
AOI-0030,2025-05-09,0.773722562,s2,2025,shared,1.000000000,0.734772732,0.783762113,0.754368484,0.613915396,0.686429797,0.613915396,0.686429797,0.613915396,0.686429797,0.698838754,0.720399141,0.783243107,0.754160882
AOI-0030,2025-06-13,0.641060382,s2,2025,shared,2.000000000,0.739591817,0.725298035,0.733874304,0.725298035,0.733874304,0.810045451,0.767773271,0.732429448,0.736726869,0.805060309,0.765779214,0.732402821,0.736716219
AOI-0030,2025-07-13,0.723592522,s2,2025,shared,1.000000000,0.728416145,0.719437533,0.724824700,0.719437533,0.724824700,0.719437533,0.724824700,0.719437533,0.724824700,0.719437533,0.724824700,0.719437533,0.724824700
AOI-0030,2025-07-21,0.765481230,landsat,2025,shared,1.000000000,0.735100101,0.754806433,0.742982634,0.754806433,0.742982634,0.754806433,0.742982634,0.754806433,0.742982634,0.754806433,0.742982634,0.754806433,0.742982634
AOI-0030,2025-08-12,0.714919416,s2,2025,shared,1.000000000,0.629385862,0.623835103,0.627165558,0.623835103,0.627165558,0.623835103,0.627165558,0.623835103,0.627165558,0.623835103,0.627165558,0.623835103,0.627165558
AOI-0030,2025-09-21,0.695494903,s2,2025,shared,1.000000000,0.626018633,0.645278394,0.633722537,0.645278394,0.633722537,0.645278394,0.633722537,0.645278394,0.633722537,0.645278394,0.633722537,0.645278394,0.633722537
AOI-0030,2025-10-28,0.479661819,s2,2025,shared,1.000000000,0.519014344,0.445155590,0.489470843,0.445155590,0.489470843,0.445155590,0.489470843,0.445155590,0.489470843,0.445155590,0.489470843,0.445155590,0.489470843
AOI-0031,2010-06-10,0.374580528,modis,2010,new,inf,0.400854118,0.407945676,0.403690741,0.407945676,0.403690741,0.408655744,0.403974769,0.408655744,0.403974769,0.408655744,0.403974769,0.409190080,0.404188503
AOI-0031,2010-06-26,0.266152203,modis,2010,new,1.000000000,0.281074677,0.289910245,0.284608904,0.289910245,0.284608904,0.289910245,0.284608904,0.289910245,0.284608904,0.289910245,0.284608904,0.289910245,0.284608904
AOI-0031,2010-07-06,0.165319654,landsat,2010,new,1.000000000,0.193175221,0.200922578,0.196274164,0.200922578,0.196274164,0.200922578,0.196274164,0.200922578,0.196274164,0.200922578,0.196274164,0.200922578,0.196274164
AOI-0031,2010-08-23,0.156396404,landsat,2010,new,1.000000000,0.144121682,0.142920707,0.143641292,0.142920707,0.143641292,0.142920707,0.143641292,0.142920707,0.143641292,0.142920707,0.143641292,0.142920707,0.143641292
AOI-0031,2010-08-29,0.196106787,modis,2010,new,1.000000000,0.176258589,0.197157821,0.184618282,0.197157821,0.184618282,0.197157821,0.184618282,0.197157821,0.184618282,0.197157821,0.184618282,0.172990141,0.174951209
AOI-0031,2010-09-30,0.193243073,modis,2010,new,inf,0.193670953,0.212077663,0.201033637,0.212077663,0.201033637,0.212077662,0.201033637,0.212077662,0.201033637,0.212077662,0.201033637,0.212077663,0.201033637
AOI-0031,2011-07-12,0.280872263,modis,2011,new,inf,0.282752701,0.291766007,0.286358023,0.291766007,0.286358023,0.291766007,0.286358023,0.291766007,0.286358023,0.291766007,0.286358023,0.291766007,0.286358023
AOI-0031,2011-09-20,0.223900246,landsat,2011,new,1.000000000,0.203163079,0.196489213,0.200493533,0.196489213,0.200493533,0.196489213,0.200493533,0.196489213,0.200493533,0.196489213,0.200493533,0.196489213,0.200493533
AOI-0031,2011-09-30,0.282468233,modis,2011,new,1.000000000,0.266569302,0.269749121,0.267841230,0.269749121,0.267841230,0.269749121,0.267841230,0.269749121,0.267841230,0.269749121,0.267841230,0.269749121,0.267841230
AOI-0031,2011-10-16,0.284943240,modis,2011,new,1.000000000,0.257397754,0.281266480,0.266945245,0.281266480,0.266945245,0.281266480,0.266945245,0.281266480,0.266945245,0.281266480,0.266945245,0.281266480,0.266945245
AOI-0031,2012-04-22,0.290084880,modis,2012,new,1.000000000,0.292802943,0.321380166,0.304233832,0.321380166,0.304233832,0.321380166,0.304233832,0.321380166,0.304233832,0.321380166,0.304233832,0.321380166,0.304233832
AOI-0031,2012-08-21,0.119477083,landsat,2012,new,1.000000000,0.134650574,0.140854156,0.137132007,0.140854156,0.137132007,0.140854156,0.137132007,0.140854156,0.137132007,0.140854156,0.137132007,0.140854156,0.137132007
AOI-0031,2012-09-06,0.141047184,landsat,2012,new,1.000000000,0.158561569,0.159346483,0.158875535,0.159346483,0.158875535,0.159346483,0.158875535,0.159346483,0.158875535,0.159346483,0.158875535,0.159346483,0.158875535
AOI-0031,2013-04-17,0.614671151,landsat,2013,new,inf,0.501814881,0.478079542,0.492320746,0.478079542,0.492320746,0.478079570,0.492320757,0.478079570,0.492320757,0.478079570,0.492320757,0.478079542,0.492320746
AOI-0031,2013-04-23,0.652376245,modis,2013,new,inf,0.599645193,0.618704146,0.607268774,0.618704146,0.607268774,0.618704146,0.607268774,0.618704146,0.607268774,0.618704146,0.607268774,0.618704146,0.607268774
AOI-0031,2013-05-04,0.649625045,landsat,2013,new,1.000000000,0.617584374,0.646858911,0.629294189,0.646858911,0.629294189,0.646858911,0.629294189,0.646858911,0.629294189,0.646858911,0.629294189,0.646858911,0.629294189
AOI-0031,2013-05-19,0.631998298,landsat,2013,new,inf,0.615970224,0.619493185,0.617379408,0.619493185,0.617379408,0.619493133,0.617379387,0.619493133,0.617379387,0.619493133,0.617379387,0.619493185,0.617379408
AOI-0031,2013-06-13,0.252856786,landsat,2013,new,inf,0.261589925,0.248111871,0.256198703,0.248111871,0.256198703,0.248111799,0.256198674,0.248111799,0.256198674,0.248111799,0.256198674,0.248111799,0.256198674
AOI-0031,2013-08-29,0.237188793,modis,2013,new,inf,0.282252169,0.284184323,0.283025031,0.284184323,0.283025031,0.284184323,0.283025031,0.284184323,0.283025031,0.284184323,0.283025031,0.284184323,0.283025031
AOI-0031,2014-07-10,0.202937339,landsat,2014,new,1.000000000,0.191678218,0.173694746,0.184484830,0.173694746,0.184484830,0.173694746,0.184484830,0.173694746,0.184484830,0.173694746,0.184484830,0.173694746,0.184484830
AOI-0031,2014-08-10,0.203353939,landsat,2014,new,inf,0.164366779,0.169941505,0.166596669,0.169941505,0.166596669,0.169941505,0.166596669,0.169941505,0.166596669,0.169941505,0.166596669,0.169941505,0.166596669
AOI-0031,2014-09-14,0.198303722,modis,2014,new,1.000000000,0.209452302,0.209134450,0.209325161,0.209134450,0.209325161,0.209134450,0.209325161,0.209134450,0.209325161,0.209134450,0.209325161,0.209134450,0.209325161
AOI-0031,2014-10-06,0.196682304,landsat,2014,new,1.000000000,0.172927871,0.168888142,0.171311980,0.168888142,0.171311980,0.168888142,0.171311980,0.168888142,0.171311980,0.168888142,0.171311980,0.168888142,0.171311980
AOI-0031,2014-10-29,0.189101401,landsat,2014,new,1.000000000,0.173556166,0.157305994,0.167056097,0.157305994,0.167056097,0.157305994,0.167056097,0.157305994,0.167056097,0.157305994,0.167056097,0.157305994,0.167056097
AOI-0031,2015-05-02,0.259295077,landsat,2015,new,1.000000000,0.236918213,0.224315229,0.231877019,0.224315229,0.231877019,0.224315229,0.231877019,0.224315229,0.231877019,0.224315229,0.231877019,0.224315229,0.231877019
AOI-0031,2015-06-19,0.424498073,landsat,2015,new,1.000000000,0.366519256,0.362511361,0.364916098,0.362511361,0.364916098,0.362511361,0.364916098,0.362511361,0.364916098,0.362511361,0.364916098,0.362511361,0.364916098
AOI-0031,2015-07-05,0.321571786,landsat,2015,new,1.000000000,0.305179808,0.323161697,0.312372564,0.323161697,0.312372564,0.323161697,0.312372564,0.323161697,0.312372564,0.323161697,0.312372564,0.323161697,0.312372564
AOI-0031,2015-07-13,0.227049115,landsat,2015,new,inf,0.268570772,0.267650707,0.268202746,0.267650707,0.268202746,0.267650632,0.268202716,0.267650632,0.268202716,0.267650632,0.268202716,0.267650632,0.268202716
AOI-0031,2015-08-21,0.187128888,landsat,2015,new,1.000000000,0.184682406,0.160735820,0.175103772,0.160735820,0.175103772,0.160735820,0.175103772,0.160735820,0.175103772,0.160735820,0.175103772,0.160735820,0.175103772
AOI-0031,2015-09-15,0.223905332,landsat,2015,new,inf,0.181202114,0.170426691,0.176891945,0.170426691,0.176891945,0.170438103,0.176896509,0.170438103,0.176896509,0.170438103,0.176896509,0.170438103,0.176896509
AOI-0031,2016-04-10,0.334814625,landsat,2016,new,inf,0.361765628,0.362147976,0.361918567,0.362147976,0.361918567,0.362148148,0.361918636,0.362148148,0.361918636,0.362148148,0.361918636,0.362148148,0.361918636
AOI-0031,2016-06-28,0.308286319,landsat,2016,new,inf,0.267587032,0.251137794,0.261007337,0.251137794,0.261007337,0.251137797,0.261007338,0.251137797,0.261007338,0.251137797,0.261007338,0.251137797,0.261007338
AOI-0031,2016-07-07,0.257507142,landsat,2016,new,inf,0.247104588,0.242678241,0.245334049,0.242678241,0.245334049,0.242675369,0.245332900,0.242675369,0.245332900,0.242675369,0.245332900,0.242675369,0.245332900
AOI-0031,2016-07-22,0.226266560,landsat,2016,new,1.000000000,0.211248617,0.190848818,0.203088698,0.190848818,0.203088698,0.190848818,0.203088698,0.190848818,0.203088698,0.190848818,0.203088698,0.190848818,0.203088698
AOI-0031,2016-08-31,0.241643066,landsat,2016,new,inf,0.212209822,0.216043924,0.213743463,0.216043924,0.213743463,0.216043924,0.213743463,0.216043924,0.213743463,0.216043924,0.213743463,0.216043924,0.213743463
AOI-0031,2016-09-17,0.177949871,landsat,2016,new,inf,0.189833281,0.172433598,0.182873407,0.172433598,0.182873407,0.172434514,0.182873774,0.172434514,0.182873774,0.172434514,0.182873774,0.172434514,0.182873774
AOI-0031,2017-04-07,0.402923344,modis,2017,new,1.000000000,0.444474151,0.438184750,0.441958390,0.438184750,0.441958390,0.438184750,0.441958390,0.438184750,0.441958390,0.438184750,0.441958390,0.438184750,0.441958390
AOI-0031,2017-04-12,0.333694277,landsat,2017,new,1.000000000,0.337350932,0.267837135,0.309545413,0.267837135,0.309545413,0.267837135,0.309545413,0.267837135,0.309545413,0.267837135,0.309545413,0.267837135,0.309545413
AOI-0031,2017-04-23,0.716302094,modis,2017,new,1.000000000,0.670639941,0.691009551,0.678787785,0.691009551,0.678787785,0.691009551,0.678787785,0.691009551,0.678787785,0.691009551,0.678787785,0.691009551,0.678787785
AOI-0031,2017-04-29,0.572504066,landsat,2017,new,1.000000000,0.614717847,0.589846230,0.604769200,0.589846230,0.604769200,0.589846230,0.604769200,0.589846230,0.604769200,0.589846230,0.604769200,0.589846230,0.604769200
AOI-0031,2017-07-24,0.206792368,s2,2017,new,1.000000000,0.208900213,0.196713287,0.204025443,0.167908687,0.192503603,0.167908687,0.192503603,0.167908687,0.192503603,0.167908687,0.192503603,0.196701295,0.204020646
AOI-0031,2017-08-10,0.179132562,landsat,2017,new,1.000000000,0.180914931,0.157315092,0.171474995,0.157315092,0.171474995,0.157315092,0.171474995,0.157315092,0.171474995,0.157315092,0.171474995,0.157315092,0.171474995
AOI-0031,2017-08-19,0.156317358,landsat,2017,new,inf,0.157020773,0.143237671,0.151507532,0.143237671,0.151507532,0.143565223,0.151638553,0.143565223,0.151638553,0.143565223,0.151638553,0.143565223,0.151638553
AOI-0031,2017-09-10,0.270772567,s2,2017,new,1.000000000,0.205081779,0.188878700,0.198600547,0.188878700,0.198600547,0.188878700,0.198600547,0.188878700,0.198600547,0.188878700,0.198600547,0.188878700,0.198600547
AOI-0031,2017-09-30,0.297889190,modis,2017,new,1.000000000,0.320015463,0.344517492,0.329816274,0.344517492,0.329816274,0.344517492,0.329816274,0.344517492,0.329816274,0.344517492,0.329816274,0.335145054,0.326067299
AOI-0031,2018-04-08,0.238932992,landsat,2018,new,1.000000000,0.245283300,0.249058510,0.246793384,0.249058510,0.246793384,0.249058510,0.246793384,0.249058510,0.246793384,0.249058510,0.246793384,0.249058510,0.246793384
AOI-0031,2018-05-01,0.715170713,landsat,2018,new,1.000000000,0.647909872,0.653834866,0.650279870,0.674802755,0.658667025,0.674802755,0.658667025,0.674802755,0.658667025,0.674802755,0.658667025,0.654090572,0.650382152
AOI-0031,2018-05-17,0.670197684,landsat,2018,new,1.000000000,0.587142716,0.603946245,0.593864128,0.603946245,0.593864128,0.603946245,0.593864128,0.603946245,0.593864128,0.603946245,0.593864128,0.603946245,0.593864128
AOI-0031,2018-05-25,0.535014906,landsat,2018,new,inf,0.560662678,0.530851733,0.548738300,0.530851733,0.548738300,0.531248405,0.548896969,0.531248405,0.548896969,0.531248405,0.548896969,0.531027123,0.548808456
AOI-0031,2018-07-20,0.501325891,landsat,2018,new,inf,0.319397713,0.333177354,0.324909569,0.333177354,0.324909569,0.333177360,0.324909572,0.333177360,0.324909572,0.333177360,0.324909572,0.333177354,0.324909569
AOI-0031,2018-08-22,0.237687214,landsat,2018,new,inf,0.248550683,0.229987095,0.241125248,0.229987095,0.241125248,0.229987161,0.241125274,0.229987161,0.241125274,0.229987161,0.241125274,0.229987161,0.241125274
AOI-0031,2018-10-01,0.245911680,landsat,2018,new,inf,0.173060510,0.156861604,0.166580948,0.156861604,0.166580948,0.171765896,0.172542665,0.171765896,0.172542665,0.171765896,0.172542665,0.171765896,0.172542665
AOI-0031,2019-05-09,0.734324302,modis,2019,new,1.000000000,0.768204304,0.773744148,0.770420242,0.773744148,0.770420242,0.773744148,0.770420242,0.773744148,0.770420242,0.773744148,0.770420242,0.773744148,0.770420242
AOI-0031,2019-05-15,0.755932343,s2,2019,new,1.000000000,0.755411696,0.738097145,0.748485876,0.738097145,0.748485876,0.738097145,0.748485876,0.738097145,0.748485876,0.738097145,0.748485876,0.738097145,0.748485876
AOI-0031,2019-05-21,0.729655933,landsat,2019,new,1.000000000,0.750315985,0.748577715,0.749620677,0.772221075,0.759078021,0.772221075,0.759078021,0.772221075,0.759078021,0.772221075,0.759078021,0.748581318,0.749622118
AOI-0031,2019-06-02,0.318699441,s2,2019,new,1.000000000,0.377691893,0.389122291,0.382264052,0.389122291,0.382264052,0.389122291,0.382264052,0.389122291,0.382264052,0.389122291,0.382264052,0.389340722,0.382351425
AOI-0031,2019-06-21,0.228477038,landsat,2019,new,inf,0.217194825,0.207977425,0.213507865,0.207977425,0.213507865,0.207977418,0.213507862,0.207977418,0.213507862,0.207977418,0.213507862,0.207977425,0.213507865
AOI-0031,2019-07-12,0.202437507,modis,2019,new,1.000000000,0.228802439,0.203881911,0.218834227,0.203881911,0.218834227,0.203881911,0.218834227,0.203881911,0.218834227,0.203881911,0.218834227,0.203876690,0.218832139
AOI-0031,2019-07-15,0.146823558,landsat,2019,new,1.000000000,0.166747039,0.151553267,0.160669530,0.151553267,0.160669530,0.151553267,0.160669530,0.151553267,0.160669530,0.151553267,0.160669530,0.151205263,0.160530329
AOI-0031,2019-07-24,0.274268011,s2,2019,new,1.000000000,0.230480106,0.225263818,0.228393591,0.198072824,0.217517193,0.198072824,0.217517193,0.198072824,0.217517193,0.198072824,0.217517193,0.198072824,0.217517193
AOI-0031,2019-08-21,0.309721350,s2,2019,new,1.000000000,0.303123049,0.314435556,0.307648052,0.314435556,0.307648052,0.314435556,0.307648052,0.314435556,0.307648052,0.314435556,0.307648052,0.314567799,0.307700949
AOI-0031,2019-08-23,0.282670545,s2,2019,new,inf,0.282663749,0.316725829,0.296288581,0.316725829,0.296288581,0.316716961,0.296285033,0.316716961,0.296285033,0.316716961,0.296285033,0.316725829,0.296288581
AOI-0031,2019-08-28,0.256011730,s2,2019,new,1.000000000,0.257394347,0.233682443,0.247909585,0.233682443,0.247909585,0.233682443,0.247909585,0.233682443,0.247909585,0.233682443,0.247909585,0.233682443,0.247909585
AOI-0031,2019-10-11,0.441876280,landsat,2019,new,inf,0.411823254,0.431588807,0.419729475,0.431588807,0.419729475,0.431588810,0.419729476,0.431588810,0.419729476,0.431588810,0.419729476,0.431588807,0.419729475
AOI-0031,2020-04-21,0.475392068,landsat,2020,new,1.000000000,0.460369997,0.434049170,0.449841666,0.434049170,0.449841666,0.434049170,0.449841666,0.434049170,0.449841666,0.434049170,0.449841666,0.434049170,0.449841666
AOI-0031,2020-05-19,0.536924554,s2,2020,new,1.000000000,0.507955497,0.480984846,0.497167236,0.553818918,0.526300865,0.553818918,0.526300865,0.553818918,0.526300865,0.553818918,0.526300865,0.485269203,0.498880979
AOI-0031,2020-06-26,0.207189991,s2,2020,new,inf,0.196667989,0.179146914,0.189659559,0.179146914,0.189659559,0.179146914,0.189659559,0.179146914,0.189659559,0.179146914,0.189659559,0.179146914,0.189659559
AOI-0031,2020-07-02,0.229443096,landsat,2020,new,1.000000000,0.201929819,0.211543811,0.205775416,0.211543811,0.205775416,0.211543811,0.205775416,0.211543811,0.205775416,0.211543811,0.205775416,0.211543811,0.205775416
AOI-0031,2020-07-26,0.143620824,s2,2020,new,inf,0.120379558,0.114370312,0.117975860,0.114370312,0.117975860,0.114370313,0.117975860,0.114370313,0.117975860,0.114370313,0.117975860,0.114370312,0.117975860
AOI-0031,2020-08-12,0.125660026,s2,2020,new,1.000000000,0.163795071,0.202549360,0.179296786,0.104905175,0.140239112,0.104905175,0.140239112,0.104905175,0.140239112,0.104905175,0.140239112,0.202534480,0.179290834
AOI-0031,2020-08-30,0.137732325,s2,2020,new,inf,0.128092132,0.123475024,0.126245289,0.123475024,0.126245289,0.123475024,0.126245289,0.123475024,0.126245289,0.123475024,0.126245289,0.123475024,0.126245289
AOI-0031,2020-09-14,0.126628582,s2,2020,new,1.000000000,0.120772376,0.117046977,0.119282217,0.117046977,0.119282217,0.117046977,0.119282217,0.117046977,0.119282217,0.117046977,0.119282217,0.117046977,0.119282217
AOI-0031,2020-09-26,0.116142768,s2,2020,new,1.000000000,0.115180886,0.089474499,0.104898332,0.114965017,0.115094539,0.114965017,0.115094539,0.114965017,0.115094539,0.114965017,0.115094539,0.089573684,0.104938005
AOI-0031,2020-09-29,0.136976437,s2,2020,new,inf,0.169195591,0.201107104,0.181960196,0.201107104,0.181960196,0.200455776,0.181699665,0.200455776,0.181699665,0.200455776,0.181699665,0.201095436,0.181955529
AOI-0031,2020-10-09,0.123176415,s2,2020,new,1.000000000,0.127622035,0.126089947,0.127009200,0.126089947,0.127009200,0.126089947,0.127009200,0.126089947,0.127009200,0.126089947,0.127009200,0.126089947,0.127009200
AOI-0031,2020-10-11,-0.002353617,s2,2020,new,inf,0.144962669,0.173449657,0.156357464,0.173449657,0.156357464,0.173295098,0.156295641,0.173295098,0.156295641,0.173295098,0.156295641,0.173449657,0.156357464
AOI-0031,2020-10-15,0.189573620,modis,2020,new,1.000000000,0.208656556,0.209773418,0.209103300,0.209773418,0.209103300,0.209773418,0.209103300,0.209773418,0.209103300,0.209773418,0.209103300,0.209773418,0.209103300
AOI-0031,2021-05-29,0.171667547,s2,2021,new,1.000000000,0.240917848,0.200282888,0.224663864,0.200282888,0.224663864,0.200282888,0.224663864,0.200282888,0.224663864,0.200282888,0.224663864,0.200282888,0.224663864
AOI-0031,2021-07-05,0.201776092,landsat,2021,new,inf,0.173213331,0.187543541,0.178945415,0.187543541,0.178945415,0.187437457,0.178902982,0.187437457,0.178902982,0.187437457,0.178902982,0.187437457,0.178902982
AOI-0031,2021-07-08,0.146299954,s2,2021,new,1.000000000,0.119729339,0.126721431,0.122526176,0.126721431,0.122526176,0.126721431,0.122526176,0.126721431,0.122526176,0.126721431,0.122526176,0.126721431,0.122526176
AOI-0031,2021-07-12,0.216706330,landsat,2021,new,1.000000000,0.184494557,0.195802165,0.189017600,0.179233521,0.182390142,0.179233521,0.182390142,0.179233521,0.182390142,0.179233521,0.182390142,0.195669038,0.188964349
AOI-0031,2021-07-13,0.159287424,s2,2021,new,1.000000000,0.121989709,0.142508978,0.130197417,0.142508978,0.130197417,0.142508978,0.130197417,0.142508978,0.130197417,0.142508978,0.130197417,0.142508978,0.130197417
AOI-0031,2021-07-18,0.131647746,s2,2021,new,inf,0.134745834,0.148507685,0.140250574,0.148507685,0.140250574,0.148493938,0.140245076,0.148493938,0.140245076,0.148493938,0.140245076,0.148507685,0.140250574
AOI-0031,2021-08-02,0.130933555,s2,2021,new,1.000000000,0.154946215,0.162737614,0.158062775,0.122631177,0.142020200,0.122631177,0.142020200,0.122631177,0.142020200,0.122631177,0.142020200,0.162248511,0.157867133
AOI-0031,2021-09-06,0.164908354,s2,2021,new,inf,0.145377947,0.157500264,0.150226873,0.157500264,0.150226873,0.152775145,0.148336826,0.152775145,0.148336826,0.152775145,0.148336826,0.157500264,0.150226873
AOI-0031,2021-10-06,0.189846819,s2,2021,new,1.000000000,0.217320716,0.227720194,0.221480507,0.198349660,0.209732293,0.198349660,0.209732293,0.198349660,0.209732293,0.198349660,0.209732293,0.227605912,0.221434794
AOI-0031,2021-10-11,0.159461099,s2,2021,new,1.000000000,0.210016620,0.177876407,0.197160535,0.177876407,0.197160535,0.177876407,0.197160535,0.177876407,0.197160535,0.177876407,0.197160535,0.177876407,0.197160535
AOI-0031,2022-05-04,0.845897887,s2,2022,new,1.000000000,0.832829187,0.816209110,0.826181156,0.816209110,0.826181156,0.816209110,0.826181156,0.816209110,0.826181156,0.816209110,0.826181156,0.817092256,0.826534414
AOI-0031,2022-05-29,0.896374492,s2,2022,new,inf,0.832771486,0.813890880,0.825219244,0.813890880,0.825219244,0.813890937,0.825219266,0.813890937,0.825219266,0.813890937,0.825219266,0.813890937,0.825219266
AOI-0031,2022-06-14,0.613577742,landsat,2022,new,1.000000000,0.556012853,0.588662103,0.569072553,0.622636351,0.582662252,0.622636351,0.582662252,0.622636351,0.582662252,0.622636351,0.582662252,0.605649227,0.575867402
AOI-0031,2022-07-02,0.267241092,landsat,2022,new,1.000000000,0.278169963,0.243656332,0.264364510,0.299875955,0.286852360,0.299875955,0.286852360,0.299875955,0.286852360,0.299875955,0.286852360,0.299875955,0.286852360
AOI-0031,2022-07-06,0.188686646,s2,2022,new,1.000000000,0.198460926,0.203584752,0.200510457,0.203584752,0.200510457,0.203584752,0.200510457,0.203584752,0.200510457,0.203584752,0.200510457,0.203584752,0.200510457
AOI-0031,2022-07-15,0.209440258,landsat,2022,new,inf,0.204642889,0.219844711,0.210723618,0.219844711,0.210723618,0.219844706,0.210723615,0.219844706,0.210723615,0.219844706,0.210723615,0.219844711,0.210723618
AOI-0031,2022-07-24,0.155094871,landsat,2022,new,1.000000000,0.137483554,0.150428554,0.142661554,0.166968020,0.149277340,0.166968020,0.149277340,0.166968020,0.149277340,0.166968020,0.149277340,0.150630255,0.142742234
AOI-0031,2022-09-14,0.187312411,modis,2022,new,1.000000000,0.196288408,0.206720976,0.200461435,0.206720976,0.200461435,0.206720976,0.200461435,0.206720976,0.200461435,0.206720976,0.200461435,0.206126213,0.200223530
AOI-0031,2022-09-18,0.174968687,landsat,2022,new,1.000000000,0.157538323,0.160219094,0.158610632,0.160219094,0.158610632,0.160219094,0.158610632,0.160219094,0.158610632,0.160219094,0.158610632,0.160219094,0.158610632
AOI-0031,2022-10-26,0.236918765,s2,2022,new,inf,0.253135057,0.301512363,0.272485979,0.301512363,0.272485979,0.301507220,0.272483922,0.301507220,0.272483922,0.301507220,0.272483922,0.301507220,0.272483922
AOI-0031,2023-04-03,0.385155724,landsat,2023,new,inf,0.337868291,0.321364021,0.331266583,0.321364021,0.331266583,0.321302940,0.331242151,0.321302940,0.331242151,0.321302940,0.331242151,0.321302940,0.331242151
AOI-0031,2023-05-02,0.468066594,s2,2023,new,1.000000000,0.393640695,0.402664089,0.397250053,0.402664089,0.397250053,0.402664089,0.397250053,0.402664089,0.397250053,0.402664089,0.397250053,0.402664089,0.397250053
AOI-0031,2023-06-03,0.366767772,s2,2023,new,inf,0.436728023,0.382972313,0.415225739,0.382972313,0.415225739,0.397896716,0.421195500,0.397896716,0.421195500,0.397896716,0.421195500,0.397896716,0.421195500
AOI-0031,2023-06-06,0.384597911,s2,2023,new,inf,0.390798306,0.377284465,0.385392770,0.377284465,0.385392770,0.387748114,0.389578229,0.387748114,0.389578229,0.387748114,0.389578229,0.417388513,0.401434389
AOI-0031,2023-07-06,0.272744635,s2,2023,new,1.000000000,0.285310662,0.269893749,0.279143897,0.269893749,0.279143897,0.269893749,0.279143897,0.269893749,0.279143897,0.269893749,0.279143897,0.269893749,0.279143897
AOI-0031,2023-08-29,0.251661043,modis,2023,new,1.000000000,0.275313806,0.269111006,0.272832686,0.269111006,0.272832686,0.269111006,0.272832686,0.269111006,0.272832686,0.269111006,0.272832686,0.269111006,0.272832686
AOI-0031,2023-09-01,0.197946250,s2,2023,new,inf,0.213235227,0.201911755,0.208705838,0.201911755,0.208705838,0.200570618,0.208169383,0.200570618,0.208169383,0.200570618,0.208169383,0.201911755,0.208705838
AOI-0031,2023-09-14,0.257610366,modis,2023,new,1.000000000,0.213874877,0.230667736,0.220592020,0.230667736,0.220592020,0.230667736,0.220592020,0.230667736,0.220592020,0.230667736,0.220592020,0.200970686,0.208713201
AOI-0031,2023-09-28,0.222284843,landsat,2023,new,inf,0.219132982,0.206297725,0.213998879,0.206297725,0.213998879,0.206297721,0.213998878,0.206297721,0.213998878,0.206297721,0.213998878,0.206297725,0.213998879
AOI-0031,2023-10-04,0.174502024,s2,2023,new,1.000000000,0.170163021,0.168583715,0.169531298,0.168583715,0.169531298,0.168583715,0.169531298,0.168583715,0.169531298,0.168583715,0.169531298,0.168622182,0.169546685
AOI-0031,2023-10-22,0.205316706,landsat,2023,new,1.000000000,0.157840802,0.141809036,0.151428096,0.179821089,0.166632917,0.179821089,0.166632917,0.179821089,0.166632917,0.179821089,0.166632917,0.148079066,0.153936108
AOI-0031,2024-05-18,0.228720934,landsat,2024,new,inf,0.239595648,0.255295655,0.245875651,0.255295655,0.245875651,0.249797199,0.243676269,0.249797199,0.243676269,0.249797199,0.243676269,0.249797199,0.243676269
AOI-0031,2024-06-20,0.132338350,s2,2024,new,1.000000000,0.133296826,0.145556329,0.138200627,0.145556329,0.138200627,0.145556329,0.138200627,0.145556329,0.138200627,0.145556329,0.138200627,0.145556329,0.138200627
AOI-0031,2024-06-25,0.095115890,s2,2024,new,inf,0.166367483,0.207465592,0.182806727,0.207465592,0.182806727,0.181572863,0.172449635,0.181572863,0.172449635,0.181572863,0.172449635,0.185607352,0.174063430
AOI-0031,2024-07-05,0.132014394,s2,2024,new,inf,0.136821348,0.130218335,0.134180143,0.130218335,0.134180143,0.130218336,0.134180143,0.130218336,0.134180143,0.130218336,0.134180143,0.130218335,0.134180143
AOI-0031,2024-07-11,0.185645074,modis,2024,new,1.000000000,0.189869503,0.198993910,0.193519266,0.198993910,0.193519266,0.198993910,0.193519266,0.198993910,0.193519266,0.198993910,0.193519266,0.198993910,0.193519266
AOI-0031,2024-07-12,0.125603416,s2,2024,new,inf,0.166756926,0.182898790,0.173213672,0.182898790,0.173213672,0.173728266,0.169545462,0.173728266,0.169545462,0.173728266,0.169545462,0.182898790,0.173213672
AOI-0031,2024-07-21,0.173411506,landsat,2024,new,1.000000000,0.173759113,0.176629518,0.174907275,0.176629518,0.174907275,0.176629518,0.174907275,0.176629518,0.174907275,0.176629518,0.174907275,0.176629518,0.174907275
AOI-0031,2024-07-25,0.140295670,s2,2024,new,inf,0.143174823,0.131692141,0.138581751,0.131692141,0.138581751,0.134080745,0.139537192,0.134080745,0.139537192,0.134080745,0.139537192,0.161249553,0.150404715
AOI-0031,2024-08-28,0.181630692,modis,2024,new,1.000000000,0.182948571,0.178808912,0.181292707,0.200204796,0.189851061,0.200204796,0.189851061,0.200204796,0.189851061,0.200204796,0.189851061,0.182338130,0.182704395
AOI-0031,2024-10-05,0.137311228,s2,2024,new,inf,0.139404283,0.154811449,0.145567150,0.154811449,0.145567150,0.148622606,0.143091612,0.148622606,0.143091612,0.148622606,0.143091612,0.154811449,0.145567150
AOI-0031,2024-10-08,0.159072795,landsat,2024,new,1.000000000,0.129418707,0.114090541,0.123287441,0.114090541,0.123287441,0.114090541,0.123287441,0.114090541,0.123287441,0.114090541,0.123287441,0.114090541,0.123287441
AOI-0031,2024-10-25,0.149835054,s2,2024,new,1.000000000,0.138912726,0.158391012,0.146704040,0.158391012,0.146704040,0.158391012,0.146704040,0.158391012,0.146704040,0.158391012,0.146704040,0.158391012,0.146704040
AOI-0031,2025-05-09,0.774461549,modis,2025,new,1.000000000,0.782407929,0.796729941,0.788136734,0.796729941,0.788136734,0.796729941,0.788136734,0.796729941,0.788136734,0.790406833,0.785607491,0.796401472,0.788005346
AOI-0031,2025-05-15,0.732818783,s2,2025,new,1.000000000,0.743913741,0.706006252,0.728750746,0.706006252,0.728750746,0.706006252,0.728750746,0.706006252,0.728750746,0.706006252,0.728750746,0.706006252,0.728750746
AOI-0031,2025-05-16,0.807182783,s2,2025,new,1.000000000,0.751365896,0.778092081,0.762056370,0.778092081,0.762056370,0.778092081,0.762056370,0.778092081,0.762056370,0.778092081,0.762056370,0.778092081,0.762056370
AOI-0031,2025-05-20,0.835898140,landsat,2025,new,1.000000000,0.812211880,0.816977718,0.814118215,0.816977718,0.814118215,0.816977718,0.814118215,0.816977718,0.814118215,0.816977718,0.814118215,0.816977718,0.814118215
AOI-0031,2025-06-05,0.715619422,s2,2025,new,1.000000000,0.713274878,0.730995087,0.720362962,0.730995087,0.720362962,0.730995087,0.720362962,0.730995087,0.720362962,0.730995087,0.720362962,0.730995087,0.720362962
AOI-0031,2025-06-15,0.470843750,s2,2025,new,1.000000000,0.523337922,0.508374201,0.517352433,0.508374201,0.517352433,0.508374201,0.517352433,0.508374201,0.517352433,0.508374201,0.517352433,0.508374201,0.517352433
AOI-0031,2025-06-17,0.517455002,s2,2025,new,1.000000000,0.512145978,0.480981555,0.499680209,0.480981555,0.499680209,0.480981555,0.499680209,0.480981555,0.499680209,0.480981555,0.499680209,0.480981555,0.499680209
AOI-0031,2025-06-22,0.426243652,s2,2025,new,3.000000000,0.397288249,0.346651563,0.377033574,0.346651563,0.377033574,0.346660505,0.377037151,0.346660505,0.377037151,0.346660505,0.377037151,0.346651563,0.377033574
AOI-0031,2025-06-25,0.382125280,s2,2025,new,1.000000000,0.425060479,0.386640764,0.409692593,0.386640764,0.409692593,0.386640764,0.409692593,0.386640764,0.409692593,0.386640764,0.409692593,0.386640764,0.409692593
AOI-0031,2025-06-30,0.380798871,s2,2025,new,4.000000000,0.358801689,0.361539629,0.359896865,0.361539629,0.359896865,0.361539629,0.359896865,0.361539629,0.359896865,0.361539629,0.359896865,0.361539629,0.359896865
AOI-0031,2025-09-02,0.200918087,landsat,2025,new,2.000000000,0.184289876,0.184998712,0.184573410,0.184998712,0.184573410,0.184998682,0.184573399,0.184998682,0.184573399,0.184998712,0.184573410,0.184998712,0.184573410
AOI-0032,2010-05-25,0.414965918,modis,2010,new,1.000000000,0.384155061,0.398198122,0.389772286,0.398198122,0.389772286,0.398198122,0.389772286,0.398198122,0.389772286,0.398198122,0.389772286,0.398198122,0.389772286
AOI-0032,2010-06-13,0.184638240,landsat,2010,new,1.000000000,0.214122840,0.207278642,0.211385161,0.207278642,0.211385161,0.207278642,0.211385161,0.207278642,0.211385161,0.207278642,0.211385161,0.207278642,0.211385161
AOI-0032,2010-07-28,0.212107553,modis,2010,new,1.000000000,0.183629818,0.207712388,0.193262846,0.207712388,0.193262846,0.207712388,0.193262846,0.207712388,0.193262846,0.207712388,0.193262846,0.174172183,0.179846764
AOI-0032,2010-08-13,0.202333271,modis,2010,new,1.000000000,0.193640234,0.207580332,0.199216273,0.207580332,0.199216273,0.207580332,0.199216273,0.207580332,0.199216273,0.207580332,0.199216273,0.207573994,0.199213738
AOI-0032,2010-09-01,0.140633933,landsat,2010,new,1.000000000,0.140837584,0.142592931,0.141539722,0.142592931,0.141539722,0.142592931,0.141539722,0.142592931,0.141539722,0.142592931,0.141539722,0.142592931,0.141539722
AOI-0032,2011-07-17,0.216101308,landsat,2011,new,1.000000000,0.221254395,0.204293029,0.214469849,0.204293029,0.214469849,0.204293029,0.214469849,0.204293029,0.214469849,0.204293029,0.214469849,0.204293029,0.214469849
AOI-0032,2011-09-12,0.195734857,landsat,2011,new,1.000000000,0.198833413,0.196205466,0.197782234,0.196205466,0.197782234,0.196205466,0.197782234,0.196205466,0.197782234,0.196205466,0.197782234,0.196205466,0.197782234
AOI-0032,2011-09-14,0.273287016,modis,2011,new,1.000000000,0.272975263,0.274451000,0.273565558,0.274451000,0.273565558,0.274451000,0.273565558,0.274451000,0.273565558,0.274451000,0.273565558,0.274451000,0.273565558
AOI-0032,2011-09-19,0.219884059,landsat,2011,new,inf,0.204426819,0.199383336,0.202409426,0.199383336,0.202409426,0.199383340,0.202409427,0.199383340,0.202409427,0.199383340,0.202409427,0.199383336,0.202409426
AOI-0032,2012-07-11,0.387307678,modis,2012,new,1.000000000,0.308463821,0.291446633,0.301656946,0.291446633,0.301656946,0.291446633,0.301656946,0.291446633,0.301656946,0.291446633,0.301656946,0.291446633,0.301656946
AOI-0032,2012-07-20,0.301124678,landsat,2012,new,1.000000000,0.248259072,0.226011493,0.239360041,0.226011493,0.239360041,0.226011493,0.239360041,0.226011493,0.239360041,0.226011493,0.239360041,0.226011493,0.239360041
AOI-0032,2012-07-27,0.270441344,landsat,2012,new,1.000000000,0.264468203,0.278872361,0.270229866,0.207165984,0.241547315,0.207165984,0.241547315,0.207165984,0.241547315,0.207165984,0.241547315,0.277997893,0.269880079
AOI-0032,2013-04-17,0.519028931,landsat,2013,new,inf,0.210809552,0.209941834,0.210462465,0.209941834,0.210462465,0.209941890,0.210462487,0.209941890,0.210462487,0.209941890,0.210462487,0.209941834,0.210462465
AOI-0032,2013-04-23,0.400808739,modis,2013,new,inf,0.388354375,0.363795047,0.378530643,0.363795047,0.378530643,0.363795046,0.378530643,0.363795046,0.378530643,0.363795046,0.378530643,0.363795047,0.378530643
AOI-0032,2013-05-11,0.396010605,landsat,2013,new,1.000000000,0.359731164,0.337208230,0.350721990,0.337208230,0.350721990,0.337208230,0.350721990,0.337208230,0.350721990,0.337208230,0.350721990,0.337208230,0.350721990
AOI-0032,2013-06-05,0.390862167,landsat,2013,new,1.000000000,0.351865407,0.322571746,0.340147943,0.322571746,0.340147943,0.322571746,0.340147943,0.322571746,0.340147943,0.322571746,0.340147943,0.322571746,0.340147943
AOI-0032,2013-07-06,0.243899937,landsat,2013,new,1.000000000,0.225368144,0.216156335,0.221683420,0.216156335,0.221683420,0.216156335,0.221683420,0.216156335,0.221683420,0.216156335,0.221683420,0.216156335,0.221683420
AOI-0032,2014-05-30,0.544955946,landsat,2014,new,1.000000000,0.560419046,0.560448572,0.560430857,0.560448572,0.560430857,0.560448572,0.560430857,0.560448572,0.560430857,0.560448572,0.560430857,0.560448572,0.560430857
AOI-0032,2014-08-10,0.174838858,landsat,2014,new,inf,0.154975521,0.165763656,0.159290775,0.165763656,0.159290775,0.165763655,0.159290774,0.165763655,0.159290774,0.165763655,0.159290774,0.165763656,0.159290775
AOI-0032,2014-08-13,0.178338015,modis,2014,new,inf,0.189736211,0.196791203,0.192558208,0.196791203,0.192558208,0.196791203,0.192558208,0.196791203,0.192558208,0.196791203,0.192558208,0.196791203,0.192558208
AOI-0032,2014-09-27,0.182019572,landsat,2014,new,1.000000000,0.159935298,0.167191598,0.162837818,0.167191598,0.162837818,0.167191598,0.162837818,0.167191598,0.162837818,0.167191598,0.162837818,0.167191598,0.162837818
AOI-0032,2014-10-05,0.148254255,landsat,2014,new,1.000000000,0.143441054,0.141659092,0.142728269,0.141659092,0.142728269,0.141659092,0.142728269,0.141659092,0.142728269,0.141659092,0.142728269,0.141659092,0.142728269
AOI-0032,2014-10-16,0.240531336,modis,2014,new,1.000000000,0.218394848,0.218097300,0.218275829,0.218097300,0.218275829,0.218097300,0.218275829,0.218097300,0.218275829,0.218097300,0.218275829,0.218097300,0.218275829
AOI-0032,2015-05-09,0.357891823,modis,2015,new,1.000000000,0.408209601,0.379143913,0.396583326,0.379143913,0.396583326,0.379143913,0.396583326,0.379143913,0.396583326,0.379143913,0.396583326,0.379143913,0.396583326
AOI-0032,2015-05-25,0.554475655,modis,2015,new,1.000000000,0.483554197,0.494293185,0.487849793,0.334460094,0.423916556,0.334460094,0.423916556,0.334460094,0.423916556,0.334460094,0.423916556,0.492344001,0.487070119
AOI-0032,2015-07-28,0.325992655,landsat,2015,new,1.000000000,0.257835904,0.268494068,0.262099170,0.231644718,0.247359430,0.231644718,0.247359430,0.231644718,0.247359430,0.231644718,0.247359430,0.268435203,0.262075624
AOI-0032,2015-08-05,0.213559563,landsat,2015,new,1.000000000,0.219652663,0.205283386,0.213904952,0.205283386,0.213904952,0.205283386,0.213904952,0.205283386,0.213904952,0.205283386,0.213904952,0.205283386,0.213904952
AOI-0032,2015-08-30,0.155362869,landsat,2015,new,1.000000000,0.170744775,0.092725989,0.139537261,0.092725989,0.139537261,0.092725989,0.139537261,0.092725989,0.139537261,0.092725989,0.139537261,0.092725989,0.139537261
AOI-0032,2015-10-09,0.186727257,landsat,2015,new,1.000000000,0.177729233,0.163754732,0.172139432,0.163754732,0.172139432,0.163754732,0.172139432,0.163754732,0.172139432,0.163754732,0.172139432,0.163754732,0.172139432
AOI-0032,2016-04-17,0.190089880,landsat,2016,new,inf,0.219139109,0.223687576,0.220958496,0.223687576,0.220958496,0.223687582,0.220958498,0.223687582,0.220958498,0.223687582,0.220958498,0.223687582,0.220958498
AOI-0032,2016-05-24,0.466671910,modis,2016,new,inf,0.340669942,0.354021707,0.346010648,0.354021707,0.346010648,0.354016360,0.346008509,0.354016360,0.346008509,0.354016360,0.346008509,0.354011259,0.346006469
AOI-0032,2016-06-25,0.261801623,modis,2016,new,inf,0.231909405,0.236933631,0.233919095,0.236933631,0.233919095,0.236837369,0.233880591,0.236837369,0.233880591,0.236837369,0.233880591,0.236924316,0.233915369
AOI-0032,2016-08-24,0.184566951,landsat,2016,new,1.000000000,0.181530828,0.191309097,0.185442135,0.191309097,0.185442135,0.191309097,0.185442135,0.191309097,0.185442135,0.191309097,0.185442135,0.191309097,0.185442135
AOI-0032,2016-09-17,0.145145997,landsat,2016,new,inf,0.153315174,0.136707814,0.146672230,0.136707814,0.146672230,0.136708996,0.146672703,0.136708996,0.146672703,0.136708996,0.146672703,0.136708996,0.146672703
AOI-0032,2017-04-13,0.565517280,s2,2017,new,1.000000000,0.523802205,0.532881881,0.527434075,0.532881881,0.527434075,0.532881881,0.527434075,0.532881881,0.527434075,0.532881881,0.527434075,0.532881881,0.527434075
AOI-0032,2017-06-08,0.774514570,landsat,2017,new,1.000000000,0.660600226,0.689045709,0.671978419,0.689045709,0.671978419,0.689045709,0.671978419,0.689045709,0.671978419,0.689045709,0.671978419,0.689045709,0.671978419
AOI-0032,2017-07-04,0.220695660,s2,2017,new,1.000000000,0.217084565,0.213263227,0.215556029,0.213263227,0.215556029,0.213263227,0.215556029,0.213263227,0.215556029,0.213263227,0.215556029,0.213263227,0.215556029
AOI-0032,2017-07-12,0.224544694,modis,2017,new,1.000000000,0.222788234,0.220139495,0.221728738,0.220139495,0.221728738,0.220139495,0.221728738,0.220139495,0.221728738,0.220139495,0.221728738,0.219992337,0.221669875
AOI-0032,2017-07-26,0.191568504,landsat,2017,new,1.000000000,0.183320991,0.179737575,0.181887625,0.179737575,0.181887625,0.179737575,0.181887625,0.179737575,0.181887625,0.179737575,0.181887625,0.179737575,0.181887625
AOI-0032,2017-09-17,0.150478329,s2,2017,new,1.000000000,0.176959536,0.173334059,0.175509345,0.154493909,0.167973285,0.154493909,0.167973285,0.154493909,0.167973285,0.154493909,0.167973285,0.173303963,0.175497307
AOI-0032,2017-09-20,0.137313861,s2,2017,new,1.000000000,0.160484645,0.160791281,0.160607299,0.160791281,0.160607299,0.160791281,0.160607299,0.160791281,0.160607299,0.160791281,0.160607299,0.160791281,0.160607299
AOI-0032,2018-05-18,0.196410144,landsat,2018,new,inf,0.234443008,0.216597175,0.227304675,0.216597175,0.227304675,0.216597268,0.227304712,0.216597268,0.227304712,0.216597268,0.227304712,0.216597268,0.227304712
AOI-0032,2018-05-25,0.188479896,landsat,2018,new,inf,0.311177034,0.319596097,0.314544659,0.319596097,0.314544659,0.318960292,0.314290337,0.318960292,0.314290337,0.318960292,0.314290337,0.319314973,0.314432210
AOI-0032,2018-07-20,0.198065838,landsat,2018,new,inf,0.169818778,0.179626997,0.173742066,0.179626997,0.173742066,0.179626993,0.173742064,0.179626993,0.173742064,0.179626993,0.173742064,0.179626997,0.173742066
AOI-0032,2018-08-22,0.146668045,landsat,2018,new,inf,0.159330458,0.158782710,0.159111359,0.158782710,0.159111359,0.158782754,0.159111376,0.158782754,0.159111376,0.158782754,0.159111376,0.158782754,0.159111376
AOI-0032,2018-08-30,0.175634711,landsat,2018,new,1.000000000,0.177034258,0.178585600,0.177654795,0.178585600,0.177654795,0.178585600,0.177654795,0.178585600,0.177654795,0.178585600,0.177654795,0.178585600,0.177654795
AOI-0032,2018-10-01,0.221672518,landsat,2018,new,inf,0.170571286,0.157417266,0.165309678,0.157417266,0.165309678,0.170878668,0.170694239,0.170878668,0.170694239,0.170878668,0.170694239,0.170878668,0.170694239
AOI-0032,2019-04-10,0.602758373,s2,2019,new,inf,0.471487257,0.467989254,0.470088056,0.467989254,0.470088056,0.469643637,0.470749809,0.469643637,0.470749809,0.469643637,0.470749809,0.469643637,0.470749809
AOI-0032,2019-05-29,0.719394474,landsat,2019,new,1.000000000,0.630627254,0.706086131,0.660810805,0.706086131,0.660810805,0.706086131,0.660810805,0.706086131,0.660810805,0.706086131,0.660810805,0.706086131,0.660810805
AOI-0032,2019-06-17,0.239395072,s2,2019,new,1.000000000,0.181053840,0.170909667,0.176996171,0.170909667,0.176996171,0.170909667,0.176996171,0.170909667,0.176996171,0.170909667,0.176996171,0.170909667,0.176996171
AOI-0032,2019-06-26,0.196176342,modis,2019,new,1.000000000,0.204346933,0.204372748,0.204357259,0.204372748,0.204357259,0.204372748,0.204357259,0.204372748,0.204357259,0.204372748,0.204357259,0.204243139,0.204305416
AOI-0032,2019-07-04,0.134643038,s2,2019,new,1.000000000,0.130870422,0.150777141,0.138833110,0.124869331,0.128469986,0.124869331,0.128469986,0.124869331,0.128469986,0.124869331,0.128469986,0.137823236,0.133651548
AOI-0032,2019-08-11,0.173701502,s2,2019,new,1.000000000,0.162030376,0.151894120,0.157975874,0.151894120,0.157975874,0.151894120,0.157975874,0.151894120,0.157975874,0.151894120,0.157975874,0.151894120,0.157975874
AOI-0032,2019-08-23,0.136915842,s2,2019,new,inf,0.140121970,0.164499709,0.149873066,0.164499709,0.149873066,0.164485846,0.149867521,0.164485846,0.149867521,0.164485846,0.149867521,0.164499709,0.149873066
AOI-0032,2019-09-05,0.145627771,s2,2019,new,1.000000000,0.141426186,0.142798869,0.141975259,0.142798869,0.141975259,0.142798869,0.141975259,0.142798869,0.141975259,0.142798869,0.141975259,0.142798869,0.141975259
AOI-0032,2019-09-30,0.287396879,modis,2019,new,1.000000000,0.236953777,0.278882941,0.253725443,0.278882941,0.253725443,0.278882941,0.253725443,0.278882941,0.253725443,0.278882941,0.253725443,0.277220942,0.253060643
AOI-0032,2019-10-07,0.098645454,s2,2019,new,inf,0.157793295,0.197775598,0.173786217,0.197775598,0.173786217,0.197723987,0.173765572,0.197723987,0.173765572,0.197723987,0.173765572,0.197723987,0.173765572
AOI-0032,2019-10-10,0.144626738,s2,2019,new,inf,0.163841542,0.157787993,0.161420122,0.157787993,0.161420122,0.157799466,0.161424711,0.157799466,0.161424711,0.157799466,0.161424711,0.157902608,0.161465968
AOI-0032,2019-10-16,0.426501748,modis,2019,new,1.000000000,0.344893660,0.362557186,0.351959070,0.362557186,0.351959070,0.362557186,0.351959070,0.362557186,0.351959070,0.362557186,0.351959070,0.362265900,0.351842556
AOI-0032,2020-05-04,0.248974100,s2,2020,new,1.000000000,0.462706886,0.468617791,0.465071248,0.360192756,0.421701234,0.360192756,0.421701234,0.360192756,0.421701234,0.360192756,0.421701234,0.468534194,0.465037809
AOI-0032,2020-06-07,0.361776846,landsat,2020,new,1.000000000,0.382317170,0.393711230,0.386874794,0.393711230,0.386874794,0.393711230,0.386874794,0.393711230,0.386874794,0.393711230,0.386874794,0.393711230,0.386874794
AOI-0032,2020-06-15,0.371025432,landsat,2020,new,inf,0.272554444,0.282704263,0.276614371,0.282704263,0.276614371,0.282704455,0.276614448,0.282704455,0.276614448,0.282704455,0.276614448,0.282704455,0.276614448
AOI-0032,2020-06-28,0.133137582,s2,2020,new,1.000000000,0.200451614,0.199778856,0.200182511,0.160063504,0.184296370,0.160063504,0.184296370,0.160063504,0.184296370,0.160063504,0.184296370,0.197442659,0.199248032
AOI-0032,2020-07-03,0.122949323,s2,2020,new,1.000000000,0.143519379,0.134224532,0.139801440,0.134224532,0.139801440,0.134224532,0.139801440,0.134224532,0.139801440,0.134224532,0.139801440,0.134224532,0.139801440
AOI-0032,2020-07-26,0.119725164,s2,2020,new,inf,0.115221608,0.114581943,0.114965742,0.114581943,0.114965742,0.114581944,0.114965743,0.114581944,0.114965743,0.114581944,0.114965743,0.114581943,0.114965742
AOI-0032,2020-07-31,0.118960274,s2,2020,new,1.000000000,0.133752883,0.119402165,0.128012596,0.119402165,0.128012596,0.119402165,0.128012596,0.119402165,0.128012596,0.119402165,0.128012596,0.128747165,0.131750596
AOI-0032,2020-08-20,0.116085934,s2,2020,new,1.000000000,0.116539991,0.112992770,0.115121102,0.112992770,0.115121102,0.112992770,0.115121102,0.112992770,0.115121102,0.112992770,0.115121102,0.112992770,0.115121102
AOI-0032,2020-08-26,0.164903560,landsat,2020,new,1.000000000,0.163627422,0.148732069,0.157669281,0.148732069,0.157669281,0.148732069,0.157669281,0.148732069,0.157669281,0.148732069,0.157669281,0.148732069,0.157669281
AOI-0032,2020-08-28,0.179169351,modis,2020,new,1.000000000,0.191421781,0.190550689,0.191073344,0.190550689,0.191073344,0.190550689,0.191073344,0.190550689,0.191073344,0.190550689,0.191073344,0.190550689,0.191073344
AOI-0032,2020-08-30,0.122447139,s2,2020,new,inf,0.125067323,0.117601722,0.122081082,0.117601722,0.122081082,0.117601723,0.122081083,0.117601723,0.122081083,0.117601723,0.122081083,0.117601722,0.122081082
AOI-0032,2020-09-19,0.129551287,s2,2020,new,1.000000000,0.108994246,0.094990558,0.103392771,0.094990558,0.103392771,0.094990558,0.103392771,0.094990558,0.103392771,0.094990558,0.103392771,0.095183195,0.103469826
AOI-0032,2020-09-20,0.163835235,landsat,2020,new,1.000000000,0.145416820,0.142244317,0.144147819,0.142244317,0.144147819,0.142244317,0.144147819,0.142244317,0.144147819,0.142244317,0.144147819,0.142244317,0.144147819
AOI-0032,2021-04-15,0.158831285,landsat,2021,new,1.000000000,0.123877477,0.125952072,0.124707315,0.159919578,0.138294318,0.159919578,0.138294318,0.159919578,0.138294318,0.159919578,0.138294318,0.126176929,0.124797258
AOI-0032,2021-05-14,0.193375018,s2,2021,new,1.000000000,0.225348129,0.253140765,0.236465184,0.187232999,0.210102077,0.187232999,0.210102077,0.187232999,0.210102077,0.187232999,0.210102077,0.249263838,0.234914413
AOI-0032,2021-07-28,0.149584457,s2,2021,new,1.000000000,0.171635079,0.204195167,0.184659114,0.131370843,0.155529384,0.131370843,0.155529384,0.131370843,0.155529384,0.131370843,0.155529384,0.204102789,0.184622163
AOI-0032,2021-08-10,0.112507203,s2,2021,new,1.000000000,0.098291906,0.115449153,0.105154805,0.115449153,0.105154805,0.115449153,0.105154805,0.115449153,0.105154805,0.115449153,0.105154805,0.115449153,0.105154805
AOI-0032,2021-08-13,0.202038702,modis,2021,new,1.000000000,0.199544859,0.210033411,0.203740280,0.185183187,0.193800190,0.185183187,0.193800190,0.185183187,0.193800190,0.185183187,0.193800190,0.210010510,0.203731119
AOI-0032,2021-08-29,0.188619251,landsat,2021,new,1.000000000,0.192885241,0.200912925,0.196096315,0.184890703,0.189687426,0.184890703,0.189687426,0.184890703,0.189687426,0.184890703,0.189687426,0.200850582,0.196071377
AOI-0032,2021-08-30,0.138243792,s2,2021,new,inf,0.128349318,0.138007014,0.132212396,0.138007014,0.132212396,0.138007014,0.132212396,0.138007014,0.132212396,0.138007014,0.132212396,0.138007014,0.132212396
AOI-0032,2021-09-19,0.138867535,s2,2021,new,1.000000000,0.146829861,0.151591976,0.148734707,0.151591976,0.148734707,0.151591976,0.148734707,0.151591976,0.148734707,0.151591976,0.148734707,0.151591976,0.148734707
AOI-0032,2021-10-01,0.247841033,s2,2021,new,1.000000000,0.255776601,0.241641970,0.250122749,0.241641970,0.250122749,0.241641970,0.250122749,0.241641970,0.250122749,0.241641970,0.250122749,0.241641970,0.250122749
AOI-0032,2022-04-11,0.755866124,landsat,2022,new,1.000000000,0.682190104,0.676733997,0.680007661,0.676733997,0.680007661,0.676733997,0.680007661,0.676733997,0.680007661,0.676733997,0.680007661,0.676733997,0.680007661
AOI-0032,2022-05-28,0.868021775,landsat,2022,new,1.000000000,0.843690851,0.862165139,0.851080566,0.862165139,0.851080566,0.862165139,0.851080566,0.862165139,0.851080566,0.862165139,0.851080566,0.862165139,0.851080566
AOI-0032,2022-06-26,0.304588702,modis,2022,new,1.000000000,0.317971650,0.306431341,0.313355526,0.306431341,0.313355526,0.306431341,0.313355526,0.306431341,0.313355526,0.306431341,0.313355526,0.306431341,0.313355526
AOI-0032,2022-06-29,0.341709398,landsat,2022,new,1.000000000,0.282337870,0.255334604,0.271536564,0.324497607,0.299201765,0.324497607,0.299201765,0.324497607,0.299201765,0.324497607,0.299201765,0.256675807,0.272073045
AOI-0032,2022-07-08,0.124083755,s2,2022,new,inf,0.151314764,0.137953435,0.145970232,0.137953435,0.145970232,0.137953683,0.145970332,0.137953683,0.145970332,0.137953683,0.145970332,0.137953683,0.145970332
AOI-0032,2022-07-15,0.159732403,landsat,2022,new,inf,0.165170159,0.176521768,0.169710803,0.176521768,0.169710803,0.176521764,0.169710801,0.176521764,0.169710801,0.176521764,0.169710801,0.176521768,0.169710803
AOI-0032,2022-08-13,0.166491635,modis,2022,new,1.000000000,0.160110641,0.131518212,0.148673669,0.197443016,0.175043591,0.197443016,0.175043591,0.197443016,0.175043591,0.197443016,0.175043591,0.131678589,0.148737820
AOI-0032,2022-08-17,0.098398679,s2,2022,new,1.000000000,0.092859643,0.077006842,0.086518523,0.077006842,0.086518523,0.077006842,0.086518523,0.077006842,0.086518523,0.077006842,0.086518523,0.077006842,0.086518523
AOI-0032,2022-09-09,0.119597969,s2,2022,new,inf,0.121445779,0.140564863,0.129093412,0.140564863,0.129093412,0.140564905,0.129093429,0.140564905,0.129093429,0.140564905,0.129093429,0.140564863,0.129093412
AOI-0032,2023-04-03,0.208207552,landsat,2023,new,inf,0.202439350,0.230109430,0.213507382,0.230109430,0.213507382,0.230015886,0.213469965,0.230015886,0.213469965,0.230015886,0.213469965,0.230015886,0.213469965
AOI-0032,2023-05-17,0.236331930,s2,2023,new,inf,0.259665370,0.250231221,0.255891710,0.250231221,0.255891710,0.250234303,0.255892943,0.250234303,0.255892943,0.250234303,0.255892943,0.250231221,0.255891710
AOI-0032,2023-05-31,0.410246023,landsat,2023,new,1.000000000,0.423432951,0.383779947,0.407571749,0.383779947,0.407571749,0.383779947,0.407571749,0.383779947,0.407571749,0.383779947,0.407571749,0.383779947,0.407571749
AOI-0032,2023-06-03,0.346510205,s2,2023,new,inf,0.402021438,0.355506858,0.383415606,0.355506858,0.383415606,0.362972529,0.386401874,0.362972529,0.386401874,0.362972529,0.386401874,0.362972529,0.386401874
AOI-0032,2023-07-23,0.054737904,s2,2023,new,1.000000000,0.403880222,0.361435408,0.386902297,0.361435408,0.386902297,0.361435408,0.386902297,0.361435408,0.386902297,0.361435408,0.386902297,0.424569687,0.412156008
AOI-0032,2023-08-18,0.267826399,landsat,2023,new,1.000000000,0.237636798,0.222606692,0.231624756,0.264535344,0.248396217,0.264535344,0.248396217,0.264535344,0.248396217,0.264535344,0.248396217,0.223118017,0.231829286
AOI-0032,2023-08-22,0.219802902,s2,2023,new,1.000000000,0.227951138,0.219865294,0.224716801,0.219865294,0.224716801,0.219865294,0.224716801,0.219865294,0.224716801,0.219865294,0.224716801,0.219865294,0.224716801
AOI-0032,2023-09-28,0.229687438,landsat,2023,new,inf,0.223586230,0.225505871,0.224354086,0.225505871,0.224354086,0.225505867,0.224354085,0.225505867,0.224354085,0.225505867,0.224354085,0.225505871,0.224354086
AOI-0032,2023-10-11,0.200898897,s2,2023,new,1.000000000,0.196788425,0.194101837,0.195713790,0.189972806,0.194062177,0.189972806,0.194062177,0.189972806,0.194062177,0.189972806,0.194062177,0.194098653,0.195712516
AOI-0032,2023-10-21,0.142729763,s2,2023,new,inf,0.181686071,0.183594743,0.182449539,0.183594743,0.182449539,0.183594743,0.182449540,0.183594743,0.182449540,0.183594743,0.182449540,0.183594743,0.182449539
AOI-0032,2023-10-29,0.155339516,s2,2023,new,1.000000000,0.159288773,0.152490101,0.156569304,0.152490101,0.156569304,0.152490101,0.156569304,0.152490101,0.156569304,0.152490101,0.156569304,0.152490101,0.156569304
AOI-0032,2024-04-11,0.177347888,s2,2024,new,1.000000000,0.170932469,0.174745279,0.172457593,0.174745279,0.172457593,0.174745279,0.172457593,0.174745279,0.172457593,0.174745279,0.172457593,0.174745279,0.172457593
AOI-0032,2024-05-02,0.246537007,landsat,2024,new,1.000000000,0.248734126,0.261986448,0.254035055,0.261986448,0.254035055,0.261986448,0.254035055,0.261986448,0.254035055,0.261986448,0.254035055,0.261986448,0.254035055
AOI-0032,2024-05-09,0.240676631,landsat,2024,new,1.000000000,0.206667525,0.186057513,0.198423520,0.240707023,0.220283324,0.240707023,0.220283324,0.240707023,0.220283324,0.240707023,0.220283324,0.195071865,0.202029261
AOI-0032,2024-05-18,0.198858294,s2,2024,new,inf,0.253091849,0.273592890,0.261292266,0.273592890,0.261292266,0.268448657,0.259234572,0.268448657,0.259234572,0.268448657,0.259234572,0.268448657,0.259234572
AOI-0032,2024-06-07,0.187790882,s2,2024,new,1.000000000,0.208468953,0.217412037,0.212046187,0.163318990,0.190408968,0.163318990,0.190408968,0.163318990,0.190408968,0.163318990,0.190408968,0.214230093,0.210773409
AOI-0032,2024-06-25,0.212547066,modis,2024,new,inf,0.175832888,0.233152435,0.198760707,0.233152435,0.198760707,0.195684810,0.183773656,0.195684810,0.183773656,0.195684810,0.183773656,0.201524823,0.186109662
AOI-0032,2024-06-26,0.214843435,landsat,2024,new,1.000000000,0.209922235,0.198717673,0.205440410,0.198717673,0.205440410,0.198717673,0.205440410,0.198717673,0.205440410,0.198717673,0.205440410,0.198717673,0.205440410
AOI-0032,2024-07-05,0.163505628,s2,2024,new,inf,0.148104541,0.138270963,0.144171110,0.138270963,0.144171110,0.138270964,0.144171110,0.138270964,0.144171110,0.138270964,0.144171110,0.138270963,0.144171110
AOI-0032,2024-08-26,0.138041403,s2,2024,new,inf,0.174448554,0.187342357,0.179606075,0.187342357,0.179606075,0.186138390,0.179124488,0.186138390,0.179124488,0.186138390,0.179124488,0.187342357,0.179606075
AOI-0032,2024-09-25,0.154967209,s2,2024,new,1.000000000,0.133854026,0.134870589,0.134260651,0.134870589,0.134260651,0.134870589,0.134260651,0.134870589,0.134260651,0.134870589,0.134260651,0.134870589,0.134260651
AOI-0032,2024-10-30,0.105611098,s2,2024,new,1.000000000,0.173485321,0.149893448,0.164048572,0.143671524,0.161559802,0.143671524,0.161559802,0.143671524,0.161559802,0.143671524,0.161559802,0.149883509,0.164044596
AOI-0032,2025-04-05,0.224980924,s2,2025,new,1.000000000,0.338497424,0.288776009,0.318608858,0.288776009,0.318608858,0.288776009,0.318608858,0.288776009,0.318608858,0.288776009,0.318608858,0.288776009,0.318608858
AOI-0032,2025-05-08,0.698387780,s2,2025,new,1.000000000,0.674958330,0.682374076,0.677924628,0.682374076,0.677924628,0.682374076,0.677924628,0.682374076,0.677924628,0.682374076,0.677924628,0.682374076,0.677924628
AOI-0032,2025-05-25,0.792642072,modis,2025,new,1.000000000,0.735867197,0.729058720,0.733143806,0.729058720,0.733143806,0.729058720,0.733143806,0.729058720,0.733143806,0.729058720,0.733143806,0.729074282,0.733150031
AOI-0032,2025-06-22,0.382452944,s2,2025,new,2.000000000,0.350920040,0.314204055,0.336233646,0.314204055,0.336233646,0.314211317,0.336236551,0.314211317,0.336236551,0.314204055,0.336233646,0.314204055,0.336233646
AOI-0032,2025-07-02,0.257547651,s2,2025,new,1.000000000,0.268386782,0.240967862,0.257419214,0.240967862,0.257419214,0.240967862,0.257419214,0.240967862,0.257419214,0.240967862,0.257419214,0.240967862,0.257419214
AOI-0032,2025-07-08,0.232547383,landsat,2025,new,1.000000000,0.213606594,0.181955394,0.200946114,0.259036084,0.231778390,0.259036084,0.231778390,0.259036084,0.231778390,0.258096075,0.231402386,0.182287146,0.201078815
AOI-0032,2025-09-01,0.194868275,landsat,2025,new,1.000000000,0.157439222,0.140434883,0.150637486,0.185736442,0.168758110,0.185736442,0.168758110,0.185736442,0.168758110,0.183071644,0.167692191,0.140798877,0.150783084
AOI-0032,2025-09-02,0.193859176,landsat,2025,new,1.000000000,0.181542754,0.179708412,0.180809017,0.179708412,0.180809017,0.179708412,0.180809017,0.179708412,0.180809017,0.179708412,0.180809017,0.179708412,0.180809017
AOI-0032,2025-09-25,0.126115867,s2,2025,new,1.000000000,0.142700369,0.142401885,0.142580976,0.142401885,0.142580976,0.142401885,0.142580976,0.142401885,0.142580976,0.142401885,0.142580976,0.142424792,0.142590138
AOI-0032,2025-10-05,0.129225854,s2,2025,new,1.000000000,0.149038103,0.156187484,0.151897856,0.156187484,0.151897856,0.156187484,0.151897856,0.156187484,0.151897856,0.156187484,0.151897856,0.156187484,0.151897856
AOI-0032,2025-10-22,0.156672352,s2,2025,new,1.000000000,0.174844879,0.173261965,0.174211713,0.173261965,0.174211713,0.173261965,0.174211713,0.173261965,0.174211713,0.173261965,0.174211713,0.173261965,0.174211713
AOI-0033,2025-04-18,0.180713711,s2,2025,shared,1.000000000,0.209871958,0.182869700,0.199071055,0.182869700,0.199071055,0.182869700,0.199071055,0.182869700,0.199071055,0.182869700,0.199071055,0.182869700,0.199071055
AOI-0033,2025-04-19,0.222310759,landsat,2025,shared,1.000000000,0.218753801,0.186502679,0.205853352,0.247512374,0.230257230,0.247512374,0.230257230,0.247512374,0.230257230,0.247512374,0.230257230,0.186715514,0.205938486
AOI-0033,2025-04-23,0.162128087,s2,2025,shared,1.000000000,0.296844230,0.327039393,0.308922295,0.177420851,0.249074878,0.177420851,0.249074878,0.177420851,0.249074878,0.177420851,0.249074878,0.326689780,0.308782450
AOI-0033,2025-05-04,0.239964660,landsat,2025,shared,1.000000000,0.205055743,0.183987311,0.196628370,0.256521084,0.225641879,0.256521084,0.225641879,0.256521084,0.225641879,0.256521084,0.225641879,0.185458338,0.197216781
AOI-0033,2025-05-08,0.195441241,s2,2025,shared,1.000000000,0.187757174,0.186384077,0.187207935,0.186384077,0.187207935,0.186384077,0.187207935,0.186384077,0.187207935,0.186384077,0.187207935,0.186384077,0.187207935
AOI-0033,2025-06-13,0.747813965,landsat,2025,shared,1.000000000,0.680094567,0.662047631,0.672875792,0.679659466,0.679920526,0.679659466,0.679920526,0.679659466,0.679920526,0.679659466,0.679920526,0.663524116,0.673466387
AOI-0033,2025-06-30,0.656530334,s2,2025,shared,2.000000000,0.652401276,0.646093558,0.649878189,0.646093558,0.649878189,0.646093558,0.649878189,0.646093558,0.649878189,0.646093558,0.649878189,0.646093558,0.649878189
AOI-0033,2025-07-22,0.322030957,s2,2025,shared,2.000000000,0.327238768,0.337517289,0.331350176,0.293467260,0.313730165,0.335376460,0.330493845,0.335376460,0.330493845,0.293467260,0.313730165,0.332946077,0.329521692
AOI-0033,2025-08-01,0.268668749,s2,2025,shared,1.000000000,0.272589826,0.267465264,0.270540001,0.267465264,0.270540001,0.267465264,0.270540001,0.267465264,0.270540001,0.267465264,0.270540001,0.268011942,0.270758672
AOI-0033,2025-08-29,0.286607874,s2,2025,shared,1.000000000,0.284462095,0.247786178,0.269791728,0.247786178,0.269791728,0.247786178,0.269791728,0.247786178,0.269791728,0.247786178,0.269791728,0.247786178,0.269791728
AOI-0033,2025-10-27,0.553295341,landsat,2025,shared,1.000000000,0.507156616,0.582995609,0.537492213,0.582995609,0.537492213,0.582995609,0.537492213,0.582995609,0.537492213,0.582995609,0.537492213,0.582995609,0.537492213
AOI-0034,2025-04-07,0.282869696,modis,2025,new,1.000000000,0.295542205,0.289259616,0.293029169,0.289259616,0.293029169,0.289259616,0.293029169,0.289259616,0.293029169,0.289259616,0.293029169,0.289259616,0.293029169
AOI-0034,2025-05-25,0.378990405,modis,2025,new,1.000000000,0.293049808,0.267914228,0.282995576,0.267914228,0.282995576,0.267914228,0.282995576,0.267914228,0.282995576,0.267914228,0.282995576,0.267890233,0.282985978
AOI-0034,2025-05-28,0.156463818,s2,2025,new,1.000000000,0.148580565,0.133766184,0.142654813,0.133766184,0.142654813,0.133766184,0.142654813,0.133766184,0.142654813,0.133766184,0.142654813,0.133766392,0.142654896
AOI-0034,2025-06-30,0.122604263,s2,2025,new,1.000000000,0.143325719,0.137060395,0.140819590,0.137060395,0.140819590,0.137060395,0.140819590,0.137060395,0.140819590,0.137060395,0.140819590,0.137060395,0.140819590
AOI-0034,2025-07-23,0.187785781,landsat,2025,new,1.000000000,0.148328361,0.135713273,0.143282326,0.202332936,0.169930191,0.202332936,0.169930191,0.202332936,0.169930191,0.202332936,0.169930191,0.136048460,0.143416401
AOI-0034,2025-07-30,0.135585564,s2,2025,new,1.000000000,0.138929698,0.135185719,0.137432106,0.135185719,0.137432106,0.135185719,0.137432106,0.135185719,0.137432106,0.135185719,0.137432106,0.135185719,0.137432106
AOI-0034,2025-09-01,0.180559720,landsat,2025,new,1.000000000,0.151773975,0.140816646,0.147391044,0.181875768,0.163814692,0.181875768,0.163814692,0.181875768,0.163814692,0.181875768,0.163814692,0.141181401,0.147536945
AOI-0034,2025-09-08,0.120010829,s2,2025,new,1.000000000,0.133558032,0.140699257,0.136414522,0.140699257,0.136414522,0.140699257,0.136414522,0.140699257,0.136414522,0.140699257,0.136414522,0.140699798,0.136414739
AOI-0034,2025-09-25,0.144174307,s2,2025,new,1.000000000,0.151391655,0.151042697,0.151252072,0.151042697,0.151252072,0.151042697,0.151252072,0.151042697,0.151252072,0.151042697,0.151252072,0.151071377,0.151263544
AOI-0034,2025-10-04,0.306452525,landsat,2025,new,1.000000000,0.307631299,0.322539516,0.313594586,0.322539516,0.313594586,0.322539516,0.313594586,0.322539516,0.313594586,0.322539516,0.313594586,0.322539516,0.313594586
AOI-0035,2025-04-07,0.300459877,modis,2025,shared,1.000000000,0.286708171,0.298434368,0.291398650,0.298434368,0.291398650,0.298434368,0.291398650,0.298434368,0.291398650,0.298434368,0.291398650,0.298434368,0.291398650
AOI-0035,2025-04-16,0.173234973,s2,2025,shared,1.000000000,0.155978362,0.151405846,0.154149356,0.151405846,0.154149356,0.151405846,0.154149356,0.151405846,0.154149356,0.151405846,0.154149356,0.151657943,0.154250195
AOI-0035,2025-04-25,0.154568467,s2,2025,shared,1.000000000,0.179893938,0.154256583,0.169638996,0.154256583,0.169638996,0.154256583,0.169638996,0.154256583,0.169638996,0.154256583,0.169638996,0.156248488,0.170435758
AOI-0035,2025-06-17,0.111675879,s2,2025,shared,1.000000000,0.141365957,0.147640741,0.143875871,0.147640741,0.143875871,0.147640741,0.143875871,0.147640741,0.143875871,0.147640741,0.143875871,0.147640741,0.143875871
AOI-0035,2025-06-21,0.193065792,landsat,2025,shared,1.000000000,0.191824575,0.213654801,0.200556666,0.213654801,0.200556666,0.213654801,0.200556666,0.213654801,0.200556666,0.213654801,0.200556666,0.213654801,0.200556666
AOI-0035,2025-07-02,0.115884451,s2,2025,shared,1.000000000,0.154276613,0.135641553,0.146822589,0.135641553,0.146822589,0.135641553,0.146822589,0.135641553,0.146822589,0.135641553,0.146822589,0.135641553,0.146822589
AOI-0035,2025-08-14,0.112480727,s2,2025,shared,1.000000000,0.134221993,0.132039715,0.133349082,0.132039715,0.133349082,0.132039715,0.133349082,0.132039715,0.133349082,0.132039715,0.133349082,0.133189644,0.133809053
AOI-0035,2025-09-01,0.164438158,landsat,2025,shared,1.000000000,0.142716207,0.136660354,0.140293866,0.181377068,0.158180551,0.181377068,0.158180551,0.181377068,0.158180551,0.181377068,0.158180551,0.137100669,0.140469992
AOI-0035,2025-09-05,0.101512102,s2,2025,shared,1.000000000,0.124972402,0.119968030,0.122970653,0.119968030,0.122970653,0.119968030,0.122970653,0.119968030,0.122970653,0.119968030,0.122970653,0.119968030,0.122970653
AOI-0035,2025-09-08,0.114471583,s2,2025,shared,1.000000000,0.121537120,0.129336912,0.124657037,0.129336912,0.124657037,0.129336912,0.124657037,0.129336912,0.124657037,0.129336912,0.124657037,0.129337681,0.124657344
AOI-0035,2025-09-14,0.206759230,modis,2025,shared,1.000000000,0.207132944,0.200095634,0.204318020,0.200095634,0.204318020,0.200095634,0.204318020,0.200095634,0.204318020,0.200095634,0.204318020,0.200080942,0.204312143
AOI-0036,2025-04-23,0.543797892,s2,2025,new,1.000000000,0.602611653,0.589527748,0.597378091,0.512642912,0.566624157,0.512642912,0.566624157,0.512642912,0.566624157,0.512642912,0.566624157,0.589346506,0.597305594
AOI-0036,2025-05-15,0.536172395,s2,2025,new,1.000000000,0.612662583,0.576993761,0.598395054,0.576993761,0.598395054,0.576993761,0.598395054,0.576993761,0.598395054,0.576993761,0.598395054,0.576993761,0.598395054
AOI-0036,2025-06-06,0.480160474,landsat,2025,new,1.000000000,0.465020611,0.472072494,0.467841364,0.472072494,0.467841364,0.472072494,0.467841364,0.472072494,0.467841364,0.472072494,0.467841364,0.472072494,0.467841364
AOI-0036,2025-06-10,0.423727923,s2,2025,new,4.000000000,0.398532855,0.380679235,0.391391407,0.380679235,0.391391407,0.411649715,0.403779599,0.411649715,0.403779599,0.411649715,0.403779599,0.401886264,0.399874219
AOI-0036,2025-06-22,0.282104787,s2,2025,new,1.000000000,0.280438317,0.246700308,0.266943113,0.246700308,0.266943113,0.246700308,0.266943113,0.246700308,0.266943113,0.246700308,0.266943113,0.246700308,0.266943113
AOI-0036,2025-07-12,0.226186389,s2,2025,new,1.000000000,0.252139018,0.265801634,0.257604064,0.216142150,0.237740271,0.216142150,0.237740271,0.216142150,0.237740271,0.216142150,0.237740271,0.265392144,0.257440268
AOI-0036,2025-07-15,0.189868075,s2,2025,new,1.000000000,0.214283607,0.179836457,0.200504747,0.179836457,0.200504747,0.179836457,0.200504747,0.179836457,0.200504747,0.179836457,0.200504747,0.179836566,0.200504790
AOI-0036,2025-09-02,0.205448355,landsat,2025,new,1.000000000,0.190846518,0.199799390,0.194427667,0.199799390,0.194427667,0.199799390,0.194427667,0.199799390,0.194427667,0.199799390,0.194427667,0.199799390,0.194427667
AOI-0036,2025-09-17,0.196999169,landsat,2025,new,1.000000000,0.194434602,0.199677137,0.196531616,0.199677137,0.196531616,0.199677137,0.196531616,0.199677137,0.196531616,0.199677137,0.196531616,0.199677137,0.196531616
AOI-0036,2025-09-25,0.140388699,s2,2025,new,1.000000000,0.153153521,0.156068569,0.154319540,0.156068569,0.154319540,0.156068569,0.154319540,0.156068569,0.154319540,0.156068569,0.154319540,0.156090567,0.154328339
AOI-0036,2025-10-08,0.162479240,s2,2025,new,1.000000000,0.184009639,0.189234586,0.186099618,0.189234586,0.186099618,0.189234586,0.186099618,0.189234586,0.186099618,0.189234586,0.186099618,0.189234586,0.186099618
AOI-0036,2025-10-16,0.351383710,modis,2025,new,1.000000000,0.277400589,0.201155923,0.246902722,0.333981028,0.300032764,0.333981028,0.300032764,0.333981028,0.300032764,0.333981028,0.300032764,0.211098205,0.250879635
AOI-0037,2025-05-04,0.599328117,landsat,2025,shared,1.000000000,0.604384143,0.610607047,0.606873305,0.609220224,0.606318576,0.609220224,0.606318576,0.609220224,0.606318576,0.609220224,0.606318576,0.610525469,0.606840673
AOI-0037,2025-05-09,0.651331149,modis,2025,shared,1.000000000,0.666063470,0.623666788,0.649104797,0.623666788,0.649104797,0.623666788,0.649104797,0.623666788,0.649104797,0.623666788,0.649104797,0.623628466,0.649089468
AOI-0037,2025-05-25,0.633751616,modis,2025,shared,1.000000000,0.630769633,0.619186753,0.626136481,0.619186753,0.626136481,0.619186753,0.626136481,0.619186753,0.626136481,0.619186753,0.626136481,0.619187323,0.626136709
AOI-0037,2025-06-10,0.407677008,s2,2025,shared,2.000000000,0.447653693,0.434597915,0.442431382,0.434597915,0.442431382,0.442912069,0.445757044,0.442912069,0.445757044,0.434597915,0.442431382,0.440972304,0.444981137
AOI-0037,2025-07-15,0.182937058,s2,2025,shared,2.000000000,0.295098350,0.292052698,0.293880089,0.348156211,0.316321495,0.292052946,0.293880189,0.292052946,0.293880189,0.320104454,0.305100792,0.292052821,0.293880138
AOI-0037,2025-07-31,0.283858770,landsat,2025,shared,4.000000000,0.280725885,0.308123069,0.291684758,0.308123069,0.291684758,0.308123069,0.291684758,0.300845033,0.288773544,0.308123069,0.291684758,0.308123069,0.291684758
AOI-0037,2025-08-13,0.287873339,modis,2025,shared,1.000000000,0.285075340,0.290919453,0.287412985,0.290919453,0.287412985,0.290919453,0.287412985,0.290919453,0.287412985,0.290919453,0.287412985,0.290928977,0.287416795
AOI-0037,2025-08-14,0.245419300,s2,2025,shared,2.000000000,0.233279487,0.221966087,0.228754127,0.221966087,0.228754127,0.221966087,0.228754127,0.223136643,0.229222349,0.221966087,0.228754127,0.222841163,0.229104157
AOI-0037,2025-08-25,0.272997253,landsat,2025,shared,1.000000000,0.274212893,0.260295158,0.268645799,0.260295158,0.268645799,0.260295158,0.268645799,0.260295158,0.268645799,0.260295158,0.268645799,0.260295158,0.268645799
AOI-0037,2025-09-28,0.203087335,s2,2025,shared,1.000000000,0.205335392,0.199361314,0.202945761,0.199361314,0.202945761,0.199361314,0.202945761,0.199361314,0.202945761,0.199361314,0.202945761,0.199361314,0.202945761
AOI-0038,2025-04-19,0.464039848,landsat,2025,shared,1.000000000,0.459820404,0.453112807,0.457137365,0.494250617,0.473592489,0.494250617,0.473592489,0.494250617,0.473592489,0.494250617,0.473592489,0.453313795,0.457217760
AOI-0038,2025-06-04,0.469589311,s2,2025,shared,1.000000000,0.541955963,0.560728004,0.549464779,0.533150055,0.538433600,0.533150055,0.538433600,0.533150055,0.538433600,0.533150055,0.538433600,0.560238374,0.549268927
AOI-0038,2025-06-10,0.428517294,s2,2025,shared,1.000000000,0.464380386,0.459143453,0.462285613,0.459143453,0.462285613,0.459143453,0.462285613,0.459143453,0.462285613,0.459143453,0.462285613,0.464171538,0.464296847
AOI-0038,2025-07-31,0.219458548,landsat,2025,shared,3.000000000,0.240614239,0.251050687,0.244788818,0.251050687,0.244788818,0.244030459,0.241980727,0.244030459,0.241980727,0.251050687,0.244788818,0.251050687,0.244788818
AOI-0038,2025-08-16,0.198658833,s2,2025,shared,3.000000000,0.168610285,0.165887903,0.167521332,0.165887903,0.167521332,0.165887903,0.167521332,0.165887903,0.167521332,0.165887903,0.167521332,0.165887903,0.167521332
AOI-0038,2025-08-17,0.226958331,landsat,2025,shared,1.000000000,0.182570970,0.164470850,0.175330922,0.223052626,0.198763632,0.223052626,0.198763632,0.223052626,0.198763632,0.223052626,0.198763632,0.164991270,0.175539090
AOI-0038,2025-08-31,0.165397681,s2,2025,shared,1.000000000,0.204654191,0.223814594,0.212318353,0.164668949,0.188660095,0.164668949,0.188660095,0.164668949,0.188660095,0.164668949,0.188660095,0.222744623,0.211890364
AOI-0038,2025-09-03,0.151787446,s2,2025,shared,1.000000000,0.157828159,0.162469574,0.159684725,0.162469574,0.159684725,0.162469574,0.159684725,0.162469574,0.159684725,0.162469574,0.159684725,0.162469574,0.159684725
AOI-0038,2025-09-08,0.168587214,s2,2025,shared,1.000000000,0.153004410,0.149863513,0.151748051,0.149863513,0.151748051,0.149863513,0.151748051,0.149863513,0.151748051,0.149863513,0.151748051,0.149864656,0.151748508
AOI-0038,2025-09-23,0.165202525,s2,2025,shared,1.000000000,0.173104092,0.175854631,0.174204308,0.175854631,0.174204308,0.175854631,0.174204308,0.175854631,0.174204308,0.175854631,0.174204308,0.176565625,0.174488705
AOI-0038,2025-10-03,0.175032643,s2,2025,shared,1.000000000,0.182458351,0.169438746,0.177250509,0.169438746,0.177250509,0.169438746,0.177250509,0.169438746,0.177250509,0.187404726,0.184436901,0.169443157,0.177252273
AOI-0039,2025-05-16,0.566406567,s2,2025,new,1.000000000,0.639295754,0.633269454,0.636885234,0.633269454,0.636885234,0.633269454,0.636885234,0.633269454,0.636885234,0.633269454,0.636885234,0.633269454,0.636885234
AOI-0039,2025-05-20,0.674562205,landsat,2025,new,1.000000000,0.658277342,0.653440648,0.656342665,0.653440648,0.656342665,0.653440648,0.656342665,0.653440648,0.656342665,0.653440648,0.656342665,0.653440648,0.656342665
AOI-0039,2025-05-23,0.720338442,s2,2025,new,1.000000000,0.634605325,0.655274109,0.642872839,0.655274109,0.642872839,0.655274109,0.642872839,0.655274109,0.642872839,0.655274109,0.642872839,0.655274109,0.642872839
AOI-0039,2025-06-27,0.554739569,s2,2025,new,1.000000000,0.488380793,0.488443207,0.488405758,0.488443207,0.488405758,0.488443207,0.488405758,0.488443207,0.488405758,0.488443207,0.488405758,0.488580403,0.488460637
AOI-0039,2025-06-29,0.509102599,landsat,2025,new,1.000000000,0.497564822,0.509693237,0.502416188,0.509693237,0.502416188,0.509693237,0.502416188,0.509693237,0.502416188,0.509693237,0.502416188,0.509693237,0.502416188
AOI-0039,2025-07-05,0.494976886,s2,2025,new,1.000000000,0.469465534,0.478172351,0.472948261,0.478172351,0.472948261,0.478172351,0.472948261,0.478172351,0.472948261,0.478172351,0.472948261,0.478198836,0.472958855
AOI-0039,2025-07-12,0.442929186,s2,2025,new,1.000000000,0.404758951,0.393898646,0.400414829,0.389401928,0.398616142,0.389401928,0.398616142,0.389401928,0.398616142,0.389401928,0.398616142,0.394607670,0.400698439
AOI-0039,2025-07-25,0.285557584,s2,2025,new,1.000000000,0.336745412,0.325314323,0.332172977,0.325314323,0.332172977,0.325314323,0.332172977,0.325314323,0.332172977,0.325314323,0.332172977,0.325314323,0.332172977
AOI-0039,2025-08-16,0.346512311,s2,2025,new,2.000000000,0.326414750,0.318672961,0.323318035,0.318672961,0.323318035,0.318672961,0.323318035,0.318672961,0.323318035,0.318672961,0.323318035,0.318672961,0.323318035
AOI-0039,2025-09-13,0.323748049,s2,2025,new,1.000000000,0.304311975,0.299599821,0.302427113,0.299599821,0.302427113,0.299599821,0.302427113,0.299599821,0.302427113,0.299599821,0.302427113,0.299599821,0.302427113
AOI-0039,2025-10-03,0.318510608,s2,2025,new,2.000000000,0.293777015,0.284314677,0.289992080,0.284314677,0.289992080,0.284321454,0.289994790,0.284321454,0.289994790,0.284314677,0.289992080,0.284319134,0.289993863
AOI-0040,2025-05-04,0.682188027,landsat,2025,shared,1.000000000,0.710723008,0.708972713,0.710022890,0.726567942,0.717060982,0.726567942,0.717060982,0.726567942,0.717060982,0.726567942,0.717060982,0.712311445,0.711358382
AOI-0040,2025-06-05,0.745337663,s2,2025,shared,1.000000000,0.737032534,0.746613706,0.740865003,0.746613706,0.740865003,0.746613706,0.740865003,0.746613706,0.740865003,0.746613706,0.740865003,0.746613706,0.740865003
AOI-0040,2025-06-10,0.631259635,s2,2025,shared,1.000000000,0.610967802,0.655972814,0.628969807,0.655972814,0.628969807,0.655972814,0.628969807,0.655972814,0.628969807,0.655972814,0.628969807,0.609049102,0.610200322
AOI-0040,2025-07-23,0.212671377,landsat,2025,shared,1.000000000,0.177014256,0.158013321,0.169413882,0.191176265,0.182679059,0.191176265,0.182679059,0.191176265,0.182679059,0.191176265,0.182679059,0.158307929,0.169531725
AOI-0040,2025-07-24,0.219248941,landsat,2025,shared,1.000000000,0.224678431,0.207093056,0.217644281,0.207093056,0.217644281,0.207093056,0.217644281,0.207093056,0.217644281,0.207093056,0.217644281,0.207093056,0.217644281
AOI-0040,2025-08-04,0.115271348,s2,2025,shared,1.000000000,0.147515997,0.136585366,0.143143745,0.136585366,0.143143745,0.136585366,0.143143745,0.136585366,0.143143745,0.136585366,0.143143745,0.136585366,0.143143745
AOI-0040,2025-08-16,0.145148301,s2,2025,shared,1.000000000,0.141654645,0.143188782,0.142268300,0.143188782,0.142268300,0.143188782,0.142268300,0.143188782,0.142268300,0.143188782,0.142268300,0.143188782,0.142268300
AOI-0040,2025-08-23,0.153333154,s2,2025,shared,1.000000000,0.181169154,0.190391827,0.184858223,0.141558967,0.165325079,0.141558967,0.165325079,0.141558967,0.165325079,0.141558967,0.165325079,0.189999459,0.184701276
AOI-0040,2025-08-24,0.131630081,s2,2025,shared,1.000000000,0.128664383,0.140014480,0.133204422,0.140014480,0.133204422,0.140014480,0.133204422,0.140014480,0.133204422,0.140014480,0.133204422,0.140014480,0.133204422
AOI-0040,2025-09-23,0.137524695,s2,2025,shared,1.000000000,0.142004702,0.144237281,0.142897733,0.144237281,0.142897733,0.144237281,0.142897733,0.144237281,0.142897733,0.144237281,0.142897733,0.144820334,0.143130955
AOI-0040,2025-10-03,0.153731026,s2,2025,shared,2.000000000,0.140372411,0.136644651,0.138881307,0.136644651,0.138881307,0.136650599,0.138883686,0.136650599,0.138883686,0.136644651,0.138881307,0.136648562,0.138882872
AOI-0041,2025-05-01,0.651484263,s2,2025,shared,1.000000000,0.613864834,0.619927667,0.616289967,0.619927667,0.616289967,0.619927667,0.616289967,0.619927667,0.616289967,0.619927667,0.616289967,0.619930486,0.616291095
AOI-0041,2025-05-08,0.587597985,s2,2025,shared,1.000000000,0.548639301,0.574207657,0.558866644,0.574207657,0.558866644,0.574207657,0.558866644,0.574207657,0.558866644,0.574207657,0.558866644,0.574207657,0.558866644
AOI-0041,2025-06-05,0.531742071,s2,2025,shared,1.000000000,0.530597429,0.522257545,0.527261476,0.522257545,0.527261476,0.522257545,0.527261476,0.522257545,0.527261476,0.522257545,0.527261476,0.522257545,0.527261476
AOI-0041,2025-06-07,0.506582639,s2,2025,shared,1.000000000,0.508588476,0.510231391,0.509245642,0.510231391,0.509245642,0.510231391,0.509245642,0.510231391,0.509245642,0.510231391,0.509245642,0.510231391,0.509245642
AOI-0041,2025-06-14,0.464151999,landsat,2025,shared,1.000000000,0.465555159,0.469734216,0.467226782,0.469734216,0.467226782,0.469734216,0.467226782,0.469734216,0.467226782,0.469734216,0.467226782,0.469734216,0.467226782
AOI-0041,2025-06-29,0.317625511,landsat,2025,shared,1.000000000,0.412157641,0.418250323,0.414594714,0.418250323,0.414594714,0.418250323,0.414594714,0.418250323,0.414594714,0.418250323,0.414594714,0.418250323,0.414594714
AOI-0041,2025-07-02,0.419356856,s2,2025,shared,1.000000000,0.382557883,0.401059153,0.389958391,0.401059153,0.389958391,0.401059153,0.389958391,0.401059153,0.389958391,0.401059153,0.389958391,0.401059153,0.389958391
AOI-0041,2025-07-16,0.341394410,landsat,2025,shared,1.000000000,0.329122221,0.336136087,0.331927767,0.336136087,0.331927767,0.336136087,0.331927767,0.336136087,0.331927767,0.336136087,0.331927767,0.336130277,0.331925443
AOI-0041,2025-08-01,0.189341200,s2,2025,shared,1.000000000,0.255724656,0.243897186,0.250993668,0.243897186,0.250993668,0.265460649,0.259619053,0.265460649,0.259619053,0.284487235,0.267229687,0.246434064,0.252008419
AOI-0041,2025-09-08,0.187931837,s2,2025,shared,1.000000000,0.192785822,0.203834640,0.197205349,0.203834640,0.197205349,0.203834640,0.197205349,0.203834640,0.197205349,0.203834640,0.197205349,0.203834725,0.197205383
AOI-0041,2025-10-03,0.210648925,s2,2025,shared,1.000000000,0.207184046,0.198556364,0.203732973,0.198556364,0.203732973,0.198556364,0.203732973,0.198556364,0.203732973,0.198556364,0.203732973,0.198559722,0.203734316
AOI-0041,2025-10-23,0.292798314,s2,2025,shared,1.000000000,0.267624721,0.257921699,0.263743512,0.257921699,0.263743512,0.257921699,0.263743512,0.257921699,0.263743512,0.257921699,0.263743512,0.257921699,0.263743512
AOI-0042,2025-04-23,0.158043069,s2,2025,new,1.000000000,0.255540652,0.279845247,0.265262490,0.279845247,0.265262490,0.279845247,0.265262490,0.279845247,0.265262490,0.272432029,0.262297203,0.279448799,0.265103911
AOI-0042,2025-05-09,0.338610314,modis,2025,new,1.000000000,0.287805497,0.254183569,0.274356726,0.254183569,0.274356726,0.254183569,0.274356726,0.254183569,0.274356726,0.254183569,0.274356726,0.254157804,0.274346420
AOI-0042,2025-05-15,0.146882868,s2,2025,new,1.000000000,0.160602666,0.132956688,0.149544275,0.132956688,0.149544275,0.132956688,0.149544275,0.132956688,0.149544275,0.132956688,0.149544275,0.132956688,0.149544275
AOI-0042,2025-05-26,0.161432860,s2,2025,new,1.000000000,0.213001861,0.173201397,0.197081675,0.173201397,0.197081675,0.173201397,0.197081675,0.173201397,0.197081675,0.173201397,0.197081675,0.174713362,0.197686462
AOI-0042,2025-07-05,0.131354670,s2,2025,new,1.000000000,0.137136384,0.131649728,0.134941721,0.131649728,0.134941721,0.131649728,0.134941721,0.131649728,0.134941721,0.131649728,0.134941721,0.131712625,0.134966880
AOI-0042,2025-07-12,0.116680795,s2,2025,new,1.000000000,0.185772474,0.207460671,0.194447753,0.207460671,0.194447753,0.169848060,0.179402708,0.169848060,0.179402708,0.169848060,0.179402708,0.206166812,0.193930209
AOI-0042,2025-08-23,0.124468530,s2,2025,new,1.000000000,0.166260321,0.190199578,0.175836024,0.190199578,0.175836024,0.162892878,0.164913344,0.162892878,0.164913344,0.186987025,0.174551003,0.189622777,0.175605303
AOI-0042,2025-08-31,0.119173021,s2,2025,new,1.000000000,0.162770813,0.186588844,0.172298026,0.135954237,0.152044183,0.135954237,0.152044183,0.135954237,0.152044183,0.135954237,0.152044183,0.185456631,0.171845140
AOI-0042,2025-09-09,0.165396195,landsat,2025,new,1.000000000,0.183975908,0.186142842,0.184842682,0.186142842,0.184842682,0.186142842,0.184842682,0.186142842,0.184842682,0.186142842,0.184842682,0.186142842,0.184842682
AOI-0042,2025-09-13,0.131859929,s2,2025,new,1.000000000,0.128441403,0.120121730,0.125113534,0.120121730,0.125113534,0.120121730,0.125113534,0.120121730,0.125113534,0.120121730,0.125113534,0.120121730,0.125113534
AOI-0042,2025-10-05,0.136312770,s2,2025,new,1.000000000,0.153735950,0.156052517,0.154662577,0.156052517,0.154662577,0.156052517,0.154662577,0.156052517,0.154662577,0.156052517,0.154662577,0.156052517,0.154662577
AOI-0043,2025-05-01,0.203303834,s2,2025,shared,1.000000000,0.176190074,0.175607093,0.175956882,0.175607093,0.175956882,0.175607093,0.175956882,0.175607093,0.175956882,0.175607093,0.175956882,0.175655243,0.175976142
AOI-0043,2025-05-06,0.153135535,s2,2025,shared,1.000000000,0.194343682,0.191775150,0.193316269,0.191775150,0.193316269,0.191775150,0.193316269,0.191775150,0.193316269,0.191775150,0.193316269,0.191775150,0.193316269
AOI-0043,2025-06-26,0.224233104,modis,2025,shared,1.000000000,0.258900575,0.252287063,0.256255170,0.252287063,0.256255170,0.252287063,0.256255170,0.252287063,0.256255170,0.252287063,0.256255170,0.252287063,0.256255170
AOI-0043,2025-06-28,0.183030885,s2,2025,shared,2.000000000,0.211676039,0.158960504,0.190589825,0.222832566,0.216138650,0.190896541,0.203364240,0.190896541,0.203364240,0.222832566,0.216138650,0.212296968,0.211924411
AOI-0043,2025-07-03,0.153748431,s2,2025,shared,4.000000000,0.169176885,0.151028006,0.161917333,0.151028006,0.161917333,0.151028039,0.161917347,0.151028039,0.161917347,0.151028039,0.161917347,0.151028006,0.161917333
AOI-0043,2025-07-08,0.179281218,s2,2025,shared,1.000000000,0.175197949,0.171350679,0.173659041,0.229362852,0.196863910,0.229362852,0.196863910,0.229362852,0.196863910,0.229362852,0.196863910,0.171694025,0.173796379
AOI-0043,2025-07-15,0.138668973,s2,2025,shared,1.000000000,0.157582067,0.160200180,0.158629312,0.160200180,0.158629312,0.160200180,0.158629312,0.160200180,0.158629312,0.160200180,0.158629312,0.160200250,0.158629340
AOI-0043,2025-08-02,-0.099047126,s2,2025,shared,inf,0.159276935,0.158065840,0.158792497,0.158065840,0.158792497,0.158065840,0.158792497,0.158065840,0.158792497,0.158065840,0.158792497,0.158065840,0.158792497
AOI-0043,2025-08-22,0.163635007,s2,2025,shared,4.000000000,0.149591896,0.149227017,0.149445945,0.149227017,0.149445945,0.149227017,0.149445945,0.149227017,0.149445945,0.149227017,0.149445945,0.149227017,0.149445945
AOI-0043,2025-08-24,0.148974534,s2,2025,shared,1.000000000,0.143478494,0.154900592,0.148047333,0.154900592,0.148047333,0.154900592,0.148047333,0.154900592,0.148047333,0.154900592,0.148047333,0.154900592,0.148047333
AOI-0043,2025-09-06,0.167891489,s2,2025,shared,inf,0.154479319,0.143710618,0.150171839,0.143710618,0.150171839,0.149547301,0.152506512,0.149547301,0.152506512,0.149547301,0.152506512,0.148346248,0.152026091
AOI-0043,2025-09-15,0.153388470,s2,2025,shared,1.000000000,0.158249545,0.151524839,0.155559663,0.151524839,0.155559663,0.151524839,0.155559663,0.151524839,0.155559663,0.151524839,0.155559663,0.152873309,0.156099051
AOI-0044,2010-05-25,0.551197634,modis,2010,new,23.000000000,0.563928033,0.582692375,0.571433770,0.582692375,0.571433770,0.582692375,0.571433770,0.582692375,0.571433770,0.582692375,0.571433770,0.582692375,0.571433770
AOI-0044,2010-06-19,0.376003607,landsat,2010,new,23.000000000,0.498973898,0.525174564,0.509454165,0.525174564,0.509454165,0.525174564,0.509454165,0.525174564,0.509454165,0.525174564,0.509454165,0.525174564,0.509454165
AOI-0044,2010-07-05,0.493686048,landsat,2010,new,23.000000000,0.518381024,0.452345641,0.491966871,0.452345641,0.491966871,0.452345646,0.491966873,0.452345646,0.491966873,0.452345646,0.491966873,0.452345641,0.491966871
AOI-0044,2010-10-26,0.155037998,landsat,2010,new,2.000000000,0.169942119,0.172452041,0.170946088,0.172452041,0.170946088,0.172452046,0.170946090,0.172452046,0.170946090,0.172452041,0.170946088,0.172452041,0.170946088
AOI-0044,2011-05-09,0.349386681,modis,2011,new,2.000000000,0.357194346,0.330745452,0.346614788,0.330745452,0.346614788,0.330745452,0.346614788,0.330745452,0.346614788,0.330745452,0.346614788,0.330745452,0.346614788
AOI-0044,2011-06-15,0.641483404,landsat,2011,new,23.000000000,0.562234120,0.564954397,0.563322230,0.564954397,0.563322230,0.564954510,0.563322276,0.564954510,0.563322276,0.564954510,0.563322276,0.564954397,0.563322230
AOI-0044,2011-06-23,0.641845256,landsat,2011,new,2.000000000,0.680682178,0.685039266,0.682425013,0.685039266,0.682425013,0.685039209,0.682424990,0.685039209,0.682424990,0.685039266,0.682425013,0.685039266,0.682425013
AOI-0044,2011-07-01,0.834485627,landsat,2011,new,2.000000000,0.769327827,0.766044132,0.768014349,0.766044132,0.768014349,0.766044126,0.768014347,0.766044126,0.768014347,0.766044132,0.768014349,0.766044132,0.768014349
AOI-0044,2011-09-10,0.154399252,landsat,2011,new,2.000000000,0.174288489,0.178944567,0.176150920,0.178944567,0.176150920,0.178944568,0.176150921,0.178944568,0.176150921,0.178944567,0.176150920,0.178944567,0.176150920
AOI-0044,2011-09-30,0.294658341,modis,2011,new,2.000000000,0.354831685,0.365128817,0.358950538,0.365128817,0.358950538,0.365128817,0.358950538,0.365128817,0.358950538,0.365128817,0.358950538,0.365128817,0.358950538
AOI-0044,2012-04-22,0.644280801,modis,2012,new,24.000000000,0.517923209,0.499417219,0.510520813,0.364144095,0.456411563,0.499220842,0.510442262,0.499220842,0.510442262,0.499220842,0.510442262,0.499384201,0.510507606
AOI-0044,2012-09-13,0.151325394,landsat,2012,new,23.000000000,0.194523553,0.220098999,0.204753731,0.169120589,0.184362367,0.218842671,0.204251200,0.218842671,0.204251200,0.218842671,0.204251200,0.217100269,0.203554239
AOI-0044,2012-09-29,0.139011805,landsat,2012,new,2.000000000,0.196237577,0.215334604,0.203876388,0.190603961,0.193984130,0.214658867,0.203606093,0.214658867,0.203606093,0.190603961,0.193984130,0.212951825,0.202923276
AOI-0044,2013-04-07,0.249813214,modis,2013,new,2.000000000,0.282168774,0.256607719,0.271944352,0.256607719,0.271944352,0.256606582,0.271943897,0.256606582,0.271943897,0.256607719,0.271944352,0.256607719,0.271944352
AOI-0044,2013-05-25,0.601249253,modis,2013,new,2.000000000,0.563582245,0.613479507,0.583541150,0.613479507,0.583541150,0.613193315,0.583426673,0.613193315,0.583426673,0.613479507,0.583541150,0.613196452,0.583427928
AOI-0044,2013-07-13,0.455974882,landsat,2013,new,2.000000000,0.535025310,0.528740332,0.532511319,0.528740332,0.532511319,0.528740330,0.532511318,0.528740330,0.532511318,0.528740332,0.532511319,0.528740332,0.532511319
AOI-0044,2013-07-21,0.399789407,landsat,2013,new,24.000000000,0.454309137,0.448766434,0.452092056,0.448766434,0.452092056,0.448766432,0.452092055,0.448766432,0.452092055,0.448766432,0.452092055,0.448766434,0.452092056
AOI-0044,2013-08-06,0.320207784,landsat,2013,new,2.000000000,0.337111226,0.321628050,0.330917955,0.321628050,0.330917955,0.321628050,0.330917955,0.321628050,0.330917955,0.321628050,0.330917955,0.321628050,0.330917955
AOI-0044,2014-05-09,0.444580722,modis,2014,new,23.000000000,0.453204732,0.438345607,0.447261082,0.438345607,0.447261082,0.438345607,0.447261082,0.438345607,0.447261082,0.438345607,0.447261082,0.438345607,0.447261082
AOI-0044,2014-08-13,0.243230264,modis,2014,new,2.000000000,0.230602675,0.215526436,0.224572180,0.215526436,0.224572180,0.215526436,0.224572180,0.215526436,0.224572180,0.215526436,0.224572180,0.215526436,0.224572180
AOI-0044,2014-08-17,0.212125573,landsat,2014,new,2.000000000,0.191645274,0.201050109,0.195407208,0.201050109,0.195407208,0.201050109,0.195407208,0.201050109,0.195407208,0.201050109,0.195407208,0.201050109,0.195407208
AOI-0044,2014-08-26,0.211858657,landsat,2014,new,2.000000000,0.183532488,0.185645942,0.184377870,0.185645942,0.184377870,0.185645941,0.184377869,0.185645941,0.184377869,0.185645942,0.184377870,0.185645942,0.184377870
AOI-0044,2014-09-02,0.199662878,landsat,2014,new,2.000000000,0.172011966,0.177513418,0.174212547,0.177513418,0.174212547,0.177513418,0.174212547,0.177513418,0.174212547,0.177513418,0.174212547,0.177513418,0.174212547
AOI-0044,2014-10-13,0.220547651,landsat,2014,new,inf,0.197636688,0.194315238,0.196308108,0.194315238,0.196308108,0.194317083,0.196308846,0.194317083,0.196308846,0.194317083,0.196308846,0.194315238,0.196308108
AOI-0044,2015-04-07,0.486231378,modis,2015,new,2.000000000,0.553486071,0.508524095,0.535501280,0.508524095,0.535501280,0.508524095,0.535501280,0.508524095,0.535501280,0.508524095,0.535501280,0.508524095,0.535501280
AOI-0044,2015-04-14,0.497375033,landsat,2015,new,2.000000000,0.573950238,0.560878001,0.568721344,0.560878001,0.568721344,0.560878002,0.568721344,0.560878002,0.568721344,0.560878001,0.568721344,0.560878001,0.568721344
AOI-0044,2015-04-15,0.354445300,landsat,2015,new,inf,0.523602433,0.544352355,0.531902402,0.544352355,0.531902402,0.544352379,0.531902411,0.544352379,0.531902411,0.544352379,0.531902411,0.544352379,0.531902411
AOI-0044,2015-08-13,0.224860975,landsat,2015,new,23.000000000,0.233352908,0.231501968,0.232612532,0.202796968,0.221130532,0.230862392,0.232356702,0.230862392,0.232356702,0.230862392,0.232356702,0.230785463,0.232325930
AOI-0044,2015-08-20,0.230789684,landsat,2015,new,2.000000000,0.208602517,0.193722750,0.202650610,0.193722750,0.202650610,0.193722750,0.202650610,0.193722750,0.202650610,0.193722750,0.202650610,0.193722750,0.202650610
AOI-0044,2016-04-17,0.640001318,landsat,2016,new,23.000000000,0.643064996,0.625316086,0.635965432,0.625316086,0.635965432,0.625316094,0.635965435,0.625316094,0.635965435,0.625316094,0.635965435,0.625316086,0.635965432
AOI-0044,2016-06-19,0.455972005,landsat,2016,new,2.000000000,0.476797190,0.432578084,0.459109548,0.432578084,0.459109548,0.432578081,0.459109546,0.432578081,0.459109546,0.432578084,0.459109548,0.432578084,0.459109548
AOI-0044,2016-07-05,0.360900904,landsat,2016,new,23.000000000,0.293701423,0.258651104,0.279681295,0.258651104,0.279681295,0.258651105,0.279681296,0.258651105,0.279681296,0.258651105,0.279681296,0.258651104,0.279681295
AOI-0044,2016-07-11,0.350344324,modis,2016,new,2.000000000,0.335558160,0.348069003,0.340562497,0.348069003,0.340562497,0.348067121,0.340561744,0.348067121,0.340561744,0.348069003,0.340562497,0.348040639,0.340551152
AOI-0044,2016-08-30,0.183971708,landsat,2016,new,2.000000000,0.200501712,0.215874126,0.206650677,0.215874126,0.206650677,0.215874126,0.206650677,0.215874126,0.206650677,0.215874126,0.206650677,0.215874126,0.206650677
AOI-0044,2016-10-17,0.185511646,landsat,2016,new,inf,0.212411961,0.204260392,0.209151333,0.204260392,0.209151333,0.204260392,0.209151334,0.204260392,0.209151334,0.204260392,0.209151334,0.204260392,0.209151333
AOI-0044,2017-04-07,0.278715076,modis,2017,new,2.000000000,0.313344049,0.330560762,0.320230734,0.330560762,0.320230734,0.330560762,0.320230734,0.330560762,0.320230734,0.330560762,0.320230734,0.330560762,0.320230734
AOI-0044,2017-05-05,0.253923495,landsat,2017,new,2.000000000,0.228216350,0.231171369,0.229398358,0.231171369,0.229398358,0.230704413,0.229211575,0.230704413,0.229211575,0.231171369,0.229398358,0.230740570,0.229226038
AOI-0044,2017-05-30,0.270365928,landsat,2017,new,2.000000000,0.274853835,0.262411683,0.269876974,0.262411683,0.269876974,0.262411687,0.269876976,0.262411687,0.269876976,0.262411683,0.269876974,0.262411683,0.269876974
AOI-0044,2017-06-06,0.255657753,landsat,2017,new,2.000000000,0.258507949,0.254613041,0.256949986,0.254613041,0.256949986,0.254613042,0.256949986,0.254613042,0.256949986,0.254613041,0.256949986,0.254613041,0.256949986
AOI-0044,2017-06-10,0.355426403,modis,2017,new,23.000000000,0.383144913,0.388235054,0.385180970,0.388235054,0.385180970,0.388235054,0.385180970,0.388235054,0.385180970,0.388235054,0.385180970,0.388235054,0.385180970
AOI-0044,2017-07-27,0.154135646,s2,2017,new,2.000000000,0.159351439,0.170728221,0.163902152,0.170728221,0.163902152,0.170728221,0.163902152,0.170728221,0.163902152,0.170728221,0.163902152,0.170728221,0.163902152
AOI-0044,2017-08-29,0.250177891,modis,2017,new,24.000000000,0.203269440,0.141980402,0.178753825,0.246511477,0.220566255,0.182270201,0.194869745,0.182270201,0.194869745,0.182270201,0.194869745,0.224921285,0.211930178
AOI-0044,2017-09-26,0.192397997,landsat,2017,new,2.000000000,0.198826234,0.188158385,0.194559094,0.188158385,0.194559094,0.188158385,0.194559094,0.188158385,0.194559094,0.188158385,0.194559094,0.188158385,0.194559094
AOI-0044,2018-04-28,0.822490719,s2,2018,new,2.000000000,0.820197978,0.824298418,0.821838154,0.824298418,0.821838154,0.824183419,0.821792154,0.824183419,0.821792154,0.824298418,0.821838154,0.824162218,0.821783674
AOI-0044,2018-04-30,0.844187366,landsat,2018,new,2.000000000,0.848840602,0.822534980,0.838318353,0.822534980,0.838318353,0.822534980,0.838318353,0.822534980,0.838318353,0.822534980,0.838318353,0.822534980,0.838318353
AOI-0044,2018-05-09,0.881503933,modis,2018,new,23.000000000,0.853907334,0.862207356,0.857227343,0.862207356,0.857227343,0.862207356,0.857227343,0.862207356,0.857227343,0.862207356,0.857227343,0.862207356,0.857227343
AOI-0044,2018-06-25,0.336558066,landsat,2018,new,inf,0.343007166,0.317638211,0.332859584,0.317638211,0.332859584,0.317638207,0.332859583,0.317638207,0.332859583,0.317638207,0.332859583,0.317638211,0.332859584
AOI-0044,2018-07-28,0.315800256,modis,2018,new,2.000000000,0.294611959,0.272410285,0.285731289,0.272410285,0.285731289,0.272408517,0.285730582,0.272408517,0.285730582,0.272410285,0.285731289,0.272363351,0.285712516
AOI-0044,2018-08-20,0.186822441,landsat,2018,new,24.000000000,0.204916724,0.202041156,0.203766497,0.202041156,0.203766497,0.202041156,0.203766497,0.202041156,0.203766497,0.202041156,0.203766497,0.202041156,0.203766497
AOI-0044,2018-09-22,0.208742466,landsat,2018,new,2.000000000,0.192567708,0.192452795,0.192521743,0.192452795,0.192521743,0.192452794,0.192521743,0.192452794,0.192521743,0.192452795,0.192521743,0.192452795,0.192521743
AOI-0044,2019-04-10,0.199483728,landsat,2019,new,23.000000000,0.254183638,0.274205032,0.262192195,0.274205032,0.262192195,0.261790080,0.257226214,0.261790080,0.257226214,0.261790080,0.257226214,0.274205032,0.262192195
AOI-0044,2019-05-03,0.482280136,landsat,2019,new,inf,0.483010323,0.491295706,0.486324476,0.491295706,0.486324476,0.491295744,0.486324491,0.491295744,0.486324491,0.491295744,0.486324491,0.491295744,0.486324491
AOI-0044,2019-05-04,0.511167655,landsat,2019,new,2.000000000,0.532679305,0.530386021,0.531761991,0.530386021,0.531761991,0.530344577,0.531745414,0.530344577,0.531745414,0.530386021,0.531761991,0.530371803,0.531756304
AOI-0044,2019-05-27,0.738138852,landsat,2019,new,23.000000000,0.729809020,0.736992010,0.732682216,0.736992010,0.732682216,0.736992007,0.732682214,0.736992007,0.732682214,0.736992007,0.732682214,0.736992010,0.732682216
AOI-0044,2019-06-13,0.428638903,landsat,2019,new,2.000000000,0.476385824,0.504348625,0.487570944,0.504348625,0.487570944,0.503494706,0.487229376,0.503494706,0.487229376,0.504348625,0.487570944,0.503619452,0.487279275
AOI-0044,2019-07-02,0.171250697,s2,2019,new,inf,0.169303718,0.157670277,0.164650341,0.157670277,0.164650341,0.157670277,0.164650342,0.157670277,0.164650342,0.157670277,0.164650342,0.157670277,0.164650341
AOI-0044,2019-07-17,0.115472121,s2,2019,new,2.000000000,0.132632856,0.138896516,0.135138320,0.138896516,0.135138320,0.138896517,0.135138320,0.138896517,0.135138320,0.138896516,0.135138320,0.138896516,0.135138320
AOI-0044,2019-07-22,0.139888681,s2,2019,new,2.000000000,0.178428713,0.168609562,0.174501053,0.168609562,0.174501053,0.168609828,0.174501159,0.168609828,0.174501159,0.168609562,0.174501053,0.168609562,0.174501053
AOI-0044,2019-09-01,0.186624988,landsat,2019,new,inf,0.231302001,0.232709695,0.231865079,0.232709695,0.231865079,0.231850333,0.231521333,0.231850333,0.231521333,0.231850333,0.231521333,0.214846988,0.224719996
AOI-0044,2019-10-26,0.179661177,landsat,2019,new,2.000000000,0.219871979,0.206607036,0.214566002,0.206607036,0.214566002,0.206593804,0.214560709,0.206593804,0.214560709,0.206607036,0.214566002,0.206598744,0.214562685
AOI-0044,2020-05-27,0.188816988,s2,2020,new,2.000000000,0.224492918,0.229126274,0.226346260,0.229126274,0.226346260,0.229432882,0.226468904,0.229432882,0.226468904,0.229126274,0.226346260,0.230517271,0.226902659
AOI-0044,2020-06-25,0.268650708,modis,2020,new,2.000000000,0.243111385,0.248915761,0.245433136,0.248915761,0.245433136,0.248915761,0.245433136,0.248915761,0.245433136,0.248915761,0.245433136,0.248915761,0.245433136
AOI-0044,2020-07-26,0.141170845,s2,2020,new,2.000000000,0.124624072,0.129307283,0.126497356,0.129307283,0.126497356,0.129307284,0.126497357,0.129307284,0.126497357,0.129307283,0.126497356,0.129307283,0.126497356
AOI-0044,2020-08-02,0.053447991,landsat,2020,new,inf,0.136073180,0.137954083,0.136825541,0.137954083,0.136825541,0.139852365,0.137584854,0.139852365,0.137584854,0.139852365,0.137584854,0.137954083,0.136825541
AOI-0044,2020-08-05,0.137264218,s2,2020,new,23.000000000,0.132016846,0.130141657,0.131266770,0.130141657,0.131266770,0.130141657,0.131266770,0.130141657,0.131266770,0.130141657,0.131266770,0.130141657,0.131266770
AOI-0044,2020-09-24,0.112474034,s2,2020,new,2.000000000,0.128631270,0.124028089,0.126789998,0.124028089,0.126789998,0.123648270,0.126638070,0.123648270,0.126638070,0.124028089,0.126789998,0.123387977,0.126533953
AOI-0044,2020-10-09,0.140220693,s2,2020,new,2.000000000,0.132453161,0.137934495,0.134645694,0.137934495,0.134645694,0.137934495,0.134645695,0.137934495,0.134645695,0.137934495,0.134645694,0.137934495,0.134645694
AOI-0044,2020-10-20,0.237396311,landsat,2020,new,23.000000000,0.216924742,0.215250359,0.216254989,0.215250359,0.216254989,0.215184862,0.216228790,0.215184862,0.216228790,0.215184862,0.216228790,0.215090820,0.216191173
AOI-0044,2020-10-24,0.077819369,s2,2020,new,2.000000000,0.100388853,0.087827379,0.095364263,0.087827379,0.095364263,0.087827392,0.095364269,0.087827392,0.095364269,0.087827379,0.095364263,0.087827379,0.095364263
AOI-0044,2021-04-06,0.162187191,landsat,2021,new,2.000000000,0.220849142,0.175512763,0.202714590,0.175512763,0.202714590,0.175512764,0.202714591,0.175512764,0.202714591,0.175512763,0.202714590,0.175512763,0.202714590
AOI-0044,2021-04-15,0.284951103,landsat,2021,new,2.000000000,0.273678215,0.268250097,0.271506968,0.299967967,0.284194115,0.268278101,0.271518169,0.268278101,0.271518169,0.299967967,0.284194115,0.268460063,0.271590954
AOI-0044,2021-06-26,0.425828711,s2,2021,new,23.000000000,0.433003667,0.455547393,0.442021157,0.455547393,0.442021157,0.451730395,0.440494358,0.451730395,0.440494358,0.451730395,0.440494358,0.447410153,0.438766261
AOI-0044,2021-08-20,0.117740265,s2,2021,new,24.000000000,0.151133264,0.151764935,0.151385932,0.151764935,0.151385932,0.151764936,0.151385933,0.151764936,0.151385933,0.151764936,0.151385933,0.151764935,0.151385932
AOI-0044,2021-09-14,0.152503787,s2,2021,new,23.000000000,0.209249435,0.165493832,0.191747194,0.165493832,0.191747194,0.178376618,0.196900308,0.178376618,0.196900308,0.178376618,0.196900308,0.171514700,0.194155541
AOI-0044,2021-10-08,0.166897842,landsat,2021,new,2.000000000,0.188933799,0.203108696,0.194603758,0.203108696,0.194603758,0.203108694,0.194603757,0.203108694,0.194603757,0.203108696,0.194603758,0.203108696,0.194603758
AOI-0044,2022-04-12,0.411100827,s2,2022,new,2.000000000,0.432801234,0.406695294,0.422358858,0.406695294,0.422358858,0.406695304,0.422358862,0.406695304,0.422358862,0.406695294,0.422358858,0.406695294,0.422358858
AOI-0044,2022-04-25,0.591985777,landsat,2022,new,23.000000000,0.578559234,0.573922885,0.576704694,0.565753872,0.573437089,0.573906517,0.576698147,0.573906517,0.576698147,0.573906517,0.576698147,0.573868808,0.576683064
AOI-0044,2022-05-03,0.673812145,landsat,2022,new,23.000000000,0.658408070,0.648894433,0.654602615,0.663841213,0.660581328,0.656367911,0.657592007,0.656367911,0.657592007,0.656367911,0.657592007,0.656367823,0.657591972
AOI-0044,2022-05-07,0.706716914,s2,2022,new,2.000000000,0.627853111,0.616128422,0.623163235,0.616128422,0.623163235,0.616128432,0.623163239,0.616128432,0.623163239,0.616128422,0.623163235,0.616128422,0.623163235
AOI-0044,2022-06-04,0.572310558,landsat,2022,new,2.000000000,0.745102465,0.780444448,0.759239258,0.782112432,0.759906451,0.780508014,0.759264684,0.780508014,0.759264684,0.782112432,0.759906451,0.780486083,0.759255912
AOI-0044,2022-07-12,0.194054236,landsat,2022,new,2.000000000,0.208506638,0.225023053,0.215113204,0.225023053,0.215113204,0.225254153,0.215205644,0.225254153,0.215205644,0.225023053,0.215113204,0.225127431,0.215154955
AOI-0044,2022-07-28,0.296499948,modis,2022,new,2.000000000,0.233633345,0.249374268,0.239929714,0.249374268,0.239929714,0.247177005,0.239050809,0.247177005,0.239050809,0.249374268,0.239929714,0.234536902,0.233994768
AOI-0044,2022-07-30,0.211479829,landsat,2022,new,23.000000000,0.217438380,0.217628723,0.217514517,0.217628723,0.217514517,0.217628723,0.217514517,0.217628723,0.217514517,0.217628723,0.217514517,0.217628723,0.217514517
AOI-0044,2022-10-17,0.256350150,landsat,2022,new,2.000000000,0.197614945,0.195275693,0.196679244,0.240361452,0.214713548,0.196815337,0.197295101,0.196815337,0.197295101,0.240361452,0.214713548,0.200448422,0.198748336
AOI-0044,2023-04-03,0.230517341,landsat,2023,new,23.000000000,0.225899256,0.241882886,0.232292708,0.241882886,0.232292708,0.241775765,0.232249860,0.241775765,0.232249860,0.241775765,0.232249860,0.178756023,0.207041963
AOI-0044,2023-05-06,0.261389973,landsat,2023,new,23.000000000,0.264140440,0.262009137,0.263287919,0.262009137,0.263287919,0.262009139,0.263287919,0.262009139,0.263287919,0.262009139,0.263287919,0.262009137,0.263287919
AOI-0044,2023-06-10,0.288190148,modis,2023,new,2.000000000,0.321960723,0.368156049,0.340438853,0.368156049,0.340438853,0.368156049,0.340438853,0.368156049,0.340438853,0.368156049,0.340438853,0.368156049,0.340438853
AOI-0044,2023-06-16,0.090525013,s2,2023,new,2.000000000,0.180520409,0.180777928,0.180623417,0.180777928,0.180623417,0.180777930,0.180623417,0.180777930,0.180623417,0.180777928,0.180623417,0.180777928,0.180623417
AOI-0044,2023-07-12,0.273417495,modis,2023,new,2.000000000,0.249345975,0.252618791,0.250655102,0.252618791,0.250655102,0.252618791,0.250655102,0.252618791,0.250655102,0.252618791,0.250655102,0.252618791,0.250655102
AOI-0044,2023-07-26,0.142680880,s2,2023,new,2.000000000,0.147038333,0.145595716,0.146461286,0.145595716,0.146461286,0.145595834,0.146461333,0.145595834,0.146461333,0.145595716,0.146461286,0.145595716,0.146461286
AOI-0044,2023-07-28,0.256112684,modis,2023,new,2.000000000,0.237366495,0.223945233,0.231997990,0.223945233,0.231997990,0.223945233,0.231997990,0.223945233,0.231997990,0.223945233,0.231997990,0.223945233,0.231997990
AOI-0044,2023-08-23,0.152275562,landsat,2023,new,2.000000000,0.145491466,0.145559313,0.145518605,0.145654568,0.145556707,0.145559465,0.145518666,0.145559465,0.145518666,0.145654568,0.145556707,0.145560474,0.145519069
AOI-0044,2023-09-19,0.157357943,s2,2023,new,2.000000000,0.154977028,0.147491572,0.151982845,0.147491572,0.151982845,0.147501201,0.151986697,0.147501201,0.151986697,0.147491572,0.151982845,0.147491572,0.151982845
AOI-0044,2023-09-27,0.194338358,landsat,2023,new,2.000000000,0.160562189,0.145465955,0.154523695,0.184904376,0.170299064,0.145516792,0.154544030,0.145516792,0.154544030,0.184904376,0.170299064,0.145619411,0.154585078
AOI-0044,2024-04-07,0.823408548,landsat,2024,new,2.000000000,0.764953646,0.781253338,0.771473523,0.781253338,0.771473523,0.780962624,0.771357237,0.780962624,0.771357237,0.781253338,0.771473523,0.777791473,0.770088777
AOI-0044,2024-05-24,0.832007073,landsat,2024,new,2.000000000,0.805872522,0.849270899,0.823231873,0.846499490,0.822123309,0.849057748,0.823146612,0.849057748,0.823146612,0.846499490,0.822123309,0.848963598,0.823108953
AOI-0044,2024-06-17,0.396067795,landsat,2024,new,2.000000000,0.312732685,0.309120889,0.311287967,0.309120889,0.311287967,0.308597027,0.311078422,0.308597027,0.311078422,0.309120889,0.311287967,0.308838603,0.311175052
AOI-0044,2024-06-18,0.333606390,landsat,2024,new,2.000000000,0.262685266,0.230717458,0.249898143,0.309521525,0.281419769,0.232650751,0.250671460,0.232650751,0.250671460,0.309521525,0.281419769,0.232684486,0.250684954
AOI-0044,2024-06-25,0.148506164,s2,2024,new,2.000000000,0.205360199,0.265260623,0.229320368,0.265260623,0.229320368,0.236252674,0.217717189,0.236252674,0.217717189,0.265260623,0.229320368,0.255299583,0.225335952
AOI-0044,2024-07-25,0.103002739,s2,2024,new,23.000000000,0.126843520,0.126539881,0.126722064,0.126539881,0.126722064,0.127849977,0.127246103,0.127849977,0.127246103,0.127849977,0.127246103,0.142751463,0.133206697
AOI-0044,2024-09-13,0.131475246,s2,2024,new,24.000000000,0.154168071,0.143122905,0.149750004,0.143122905,0.149750004,0.148882109,0.152053686,0.148882109,0.152053686,0.148882109,0.152053686,0.149791808,0.152417566
AOI-0044,2024-09-29,0.172575096,landsat,2024,new,inf,0.188617781,0.174313638,0.182896124,0.174313638,0.182896124,0.186159932,0.187634641,0.186159932,0.187634641,0.186159932,0.187634641,0.194029548,0.190782488
AOI-0044,2024-10-08,0.106926834,s2,2024,new,2.000000000,0.111058789,0.104805102,0.108557314,0.104805102,0.108557314,0.104805104,0.108557315,0.104805104,0.108557315,0.104805102,0.108557314,0.104805102,0.108557314
AOI-0044,2025-04-25,0.299966406,landsat,2025,new,1.000000000,0.217578391,0.179395465,0.202305220,0.271910229,0.239311126,0.271910229,0.239311126,0.271910229,0.239311126,0.270782000,0.238859835,0.187441906,0.205523797
AOI-0044,2025-05-28,0.241819019,landsat,2025,new,1.000000000,0.169854572,0.167430413,0.168884908,0.240372377,0.198061694,0.240372377,0.198061694,0.240372377,0.198061694,0.203901395,0.183473301,0.167460780,0.168897055
AOI-0044,2025-06-17,-0.029613375,s2,2025,new,2.000000000,0.168353695,0.170585499,0.169246417,0.170585499,0.169246417,0.170585534,0.169246430,0.170585534,0.169246430,0.170585499,0.169246417,0.170585499,0.169246417
AOI-0044,2025-06-25,0.028079949,s2,2025,new,4.000000000,0.170322687,0.160913960,0.166559197,0.160913960,0.166559197,0.160914134,0.166559266,0.160914134,0.166559266,0.160914134,0.166559266,0.160913960,0.166559197
AOI-0044,2025-06-28,0.216351615,landsat,2025,new,1.000000000,0.203979061,0.153804208,0.183909120,0.226112057,0.212832259,0.226112057,0.212832259,0.226112057,0.212832259,0.226112057,0.212832259,0.219823105,0.210316678
AOI-0044,2025-07-23,0.201602393,landsat,2025,new,1.000000000,0.161532943,0.168463758,0.164305269,0.168463758,0.164305269,0.168463758,0.164305269,0.168463758,0.164305269,0.183434633,0.170293619,0.168895690,0.164478042
AOI-0044,2025-07-25,0.140747135,s2,2025,new,1.000000000,0.148428524,0.158481177,0.152449585,0.158481177,0.152449585,0.158481177,0.152449585,0.158481177,0.152449585,0.158481177,0.152449585,0.158481177,0.152449585
AOI-0044,2025-07-30,0.139740471,s2,2025,new,1.000000000,0.153835815,0.155446993,0.154480286,0.155446993,0.154480286,0.155446993,0.154480286,0.155446993,0.154480286,0.155446993,0.154480286,0.155446993,0.154480286
AOI-0044,2025-08-19,0.150310850,s2,2025,new,1.000000000,0.152477408,0.150448740,0.151665941,0.150448740,0.151665941,0.150448740,0.151665941,0.150448740,0.151665941,0.150448740,0.151665941,0.150448740,0.151665941
AOI-0044,2025-09-03,0.142655703,s2,2025,new,1.000000000,0.124547517,0.119650785,0.122588824,0.119650785,0.122588824,0.119650785,0.122588824,0.119650785,0.122588824,0.119650785,0.122588824,0.119650785,0.122588824
AOI-0044,2025-09-30,0.222333711,modis,2025,new,1.000000000,0.221465191,0.215619669,0.219126982,0.215619669,0.219126982,0.215619669,0.219126982,0.215619669,0.219126982,0.215619669,0.219126982,0.215619214,0.219126800
AOI-0045,2025-06-26,0.245951665,modis,2025,shared,1.000000000,0.243204126,0.257533185,0.248935750,0.257533185,0.248935750,0.257533185,0.248935750,0.257533185,0.248935750,0.257533185,0.248935750,0.257533185,0.248935750
AOI-0045,2025-07-14,0.189123270,landsat,2025,shared,1.000000000,0.182845000,0.200622093,0.189955837,0.200622093,0.189955837,0.200622093,0.189955837,0.200622093,0.189955837,0.200622093,0.189955837,0.196500848,0.188307339
AOI-0045,2025-07-22,0.195394223,landsat,2025,shared,1.000000000,0.197950821,0.215680063,0.205042518,0.215680063,0.205042518,0.215680063,0.205042518,0.215680063,0.205042518,0.215680063,0.205042518,0.204579912,0.200602458
AOI-0045,2025-08-07,0.191982619,landsat,2025,shared,1.000000000,0.156579441,0.143459669,0.151331532,0.182123639,0.166797120,0.182123639,0.166797120,0.182123639,0.166797120,0.145734020,0.152241273,0.143553727,0.151369156
AOI-0045,2025-08-19,0.145622052,s2,2025,shared,1.000000000,0.141006740,0.139127883,0.140255197,0.139127883,0.140255197,0.139127883,0.140255197,0.139127883,0.140255197,0.139127883,0.140255197,0.139127883,0.140255197
AOI-0045,2025-09-08,0.123371468,s2,2025,shared,1.000000000,0.123559790,0.119650194,0.121995951,0.119650194,0.121995951,0.119650194,0.121995951,0.119650194,0.121995951,0.119650194,0.121995951,0.119650194,0.121995951
AOI-0045,2025-09-17,0.183306543,landsat,2025,shared,1.000000000,0.191659238,0.201470949,0.195583922,0.201470949,0.195583922,0.201470949,0.195583922,0.201470949,0.195583922,0.201470949,0.195583922,0.201470949,0.195583922
AOI-0045,2025-09-25,0.190945941,landsat,2025,shared,1.000000000,0.154041959,0.151716544,0.153111793,0.186311501,0.166949776,0.186311501,0.166949776,0.186311501,0.166949776,0.186311501,0.166949776,0.151771807,0.153133898
AOI-0045,2025-10-03,0.162242445,s2,2025,shared,1.000000000,0.150320215,0.145069714,0.148220015,0.145069714,0.148220015,0.145069714,0.148220015,0.145069714,0.148220015,0.145069714,0.148220015,0.145075226,0.148222219
AOI-0045,2025-10-16,0.237906351,modis,2025,shared,1.000000000,0.219153403,0.164247240,0.197190938,0.251805722,0.232214330,0.251805722,0.232214330,0.251805722,0.232214330,0.208026481,0.214702634,0.200483883,0.211685595
AOI-0046,2010-04-16,0.168280106,landsat,2010,new,inf,0.202573475,0.185014557,0.195549908,0.185014557,0.195549908,0.185014573,0.195549914,0.185014573,0.195549914,0.185014573,0.195549914,0.185014557,0.195549908
AOI-0046,2010-05-25,0.413068947,modis,2010,new,21.000000000,0.407644247,0.423578371,0.414017896,0.423578371,0.414017896,0.423578370,0.414017896,0.423578370,0.414017896,0.423578370,0.414017896,0.423578371,0.414017896
AOI-0046,2010-06-04,0.294123982,landsat,2010,new,2.000000000,0.248796702,0.243120484,0.246526215,0.243120484,0.246526215,0.243120498,0.246526221,0.243120498,0.246526221,0.243120484,0.246526215,0.243120484,0.246526215
AOI-0046,2010-06-19,0.190633644,landsat,2010,new,21.000000000,0.209810185,0.209588306,0.209721434,0.209588306,0.209721434,0.209588306,0.209721434,0.209588306,0.209721434,0.209588306,0.209721434,0.209588306,0.209721434
AOI-0046,2010-07-05,0.219086889,landsat,2010,new,21.000000000,0.216925397,0.220752231,0.218456131,0.220752231,0.218456131,0.220752234,0.218456132,0.220752234,0.218456132,0.220752234,0.218456132,0.220752231,0.218456131
AOI-0046,2011-04-07,0.270029573,modis,2011,new,2.000000000,0.280833787,0.281502791,0.281101388,0.281502791,0.281101388,0.281502791,0.281101388,0.281502791,0.281101388,0.281502791,0.281101388,0.281502791,0.281101388
AOI-0046,2011-08-10,0.191436919,landsat,2011,new,2.000000000,0.184542493,0.174626246,0.180575994,0.174626246,0.180575994,0.174626246,0.180575995,0.174626246,0.180575995,0.174626246,0.180575994,0.174626246,0.180575994
AOI-0046,2011-08-13,0.278401680,modis,2011,new,2.000000000,0.247084576,0.248649290,0.247710461,0.248649290,0.247710461,0.248649290,0.247710461,0.248649290,0.247710461,0.248649290,0.247710461,0.248649290,0.247710461
AOI-0046,2011-09-11,0.095364060,landsat,2011,new,2.000000000,0.153936089,0.152687970,0.153436841,0.152687970,0.153436841,0.152687992,0.153436850,0.152687992,0.153436850,0.152687970,0.153436841,0.152687970,0.153436841
AOI-0046,2011-09-18,0.159065462,landsat,2011,new,2.000000000,0.178093403,0.178224970,0.178146030,0.178224970,0.178146030,0.178224970,0.178146030,0.178224970,0.178146030,0.178224970,0.178146030,0.178224970,0.178146030
AOI-0046,2011-09-27,0.151479875,landsat,2011,new,2.000000000,0.202590840,0.195944766,0.199932410,0.195944766,0.199932410,0.195944770,0.199932412,0.195944770,0.199932412,0.195944766,0.199932410,0.195944766,0.199932410
AOI-0046,2012-09-13,0.480164310,landsat,2012,new,21.000000000,0.414557281,0.416423068,0.415303596,0.408235348,0.412028508,0.416221287,0.415222883,0.416221287,0.415222883,0.416221287,0.415222883,0.415634187,0.414988043
AOI-0046,2012-10-06,0.402296616,landsat,2012,new,2.000000000,0.382934527,0.363015464,0.374966902,0.363015464,0.374966902,0.363015463,0.374966901,0.363015463,0.374966901,0.363015464,0.374966902,0.363015464,0.374966902
AOI-0046,2012-10-15,0.388670134,modis,2012,new,2.000000000,0.417600233,0.360332085,0.394692974,0.360332085,0.394692974,0.360031809,0.394572863,0.360031809,0.394572863,0.360332085,0.394692974,0.359087735,0.394195234
AOI-0046,2013-07-12,0.331921883,modis,2013,new,2.000000000,0.343583820,0.357217398,0.349037251,0.357217398,0.349037251,0.349231370,0.345842840,0.349231370,0.345842840,0.357217398,0.349037251,0.347867058,0.345297116
AOI-0046,2013-08-22,0.258737293,landsat,2013,new,2.000000000,0.270242799,0.273667441,0.271612656,0.273667441,0.271612656,0.273667441,0.271612656,0.273667441,0.271612656,0.273667441,0.271612656,0.273667441,0.271612656
AOI-0046,2013-08-29,0.305536446,modis,2013,new,2.000000000,0.349995667,0.348808756,0.349520902,0.348808756,0.349520902,0.348808756,0.349520902,0.348808756,0.349520902,0.348808756,0.349520902,0.348808756,0.349520902
AOI-0046,2013-09-30,0.483463184,modis,2013,new,2.000000000,0.408724793,0.410873451,0.409584256,0.410873451,0.409584256,0.410498012,0.409434081,0.410498012,0.409434081,0.410873451,0.409584256,0.410867262,0.409581781
AOI-0046,2013-10-16,0.346220681,modis,2013,new,2.000000000,0.375931443,0.432177909,0.398430030,0.432177909,0.398430030,0.415129969,0.391610853,0.415129969,0.391610853,0.432177909,0.398430030,0.429157525,0.397221876
AOI-0046,2014-04-23,0.758826321,modis,2014,new,2.000000000,0.732825494,0.732279152,0.732606957,0.732279152,0.732606957,0.732279152,0.732606957,0.732279152,0.732606957,0.732279152,0.732606957,0.732279152,0.732606957
AOI-0046,2014-05-09,0.770646818,modis,2014,new,21.000000000,0.788408934,0.808808948,0.796568940,0.808808948,0.796568940,0.808808948,0.796568940,0.808808948,0.796568940,0.808808948,0.796568940,0.808808948,0.796568940
AOI-0046,2014-06-07,0.581854975,landsat,2014,new,2.000000000,0.559398674,0.591356635,0.572181858,0.591356635,0.572181858,0.591356626,0.572181855,0.591356626,0.572181855,0.591356635,0.572181858,0.591356635,0.572181858
AOI-0046,2014-07-24,0.222211472,landsat,2014,new,2.000000000,0.194318537,0.200182249,0.196664022,0.200182249,0.196664022,0.200182249,0.196664022,0.200182249,0.196664022,0.200182249,0.196664022,0.200182249,0.196664022
AOI-0046,2014-10-13,0.191514688,landsat,2014,new,inf,0.168881353,0.179517782,0.173135924,0.179517782,0.173135924,0.179517386,0.173135766,0.179517386,0.173135766,0.179517386,0.173135766,0.179517782,0.173135924
AOI-0046,2014-10-16,0.208248513,modis,2014,new,2.000000000,0.212812063,0.201484433,0.208281011,0.201484433,0.208281011,0.201484433,0.208281011,0.201484433,0.208281011,0.201484433,0.208281011,0.201484433,0.208281011
AOI-0046,2015-06-10,0.566374116,landsat,2015,new,2.000000000,0.390059942,0.395333471,0.392169354,0.253401198,0.335396444,0.393318773,0.391363474,0.393318773,0.391363474,0.253401198,0.335396444,0.392581134,0.391068419
AOI-0046,2015-08-13,0.220277174,landsat,2015,new,21.000000000,0.245140500,0.240945595,0.243462538,0.210261137,0.231188755,0.240261914,0.243189066,0.240261914,0.243189066,0.240261914,0.243189066,0.239793296,0.243001619
AOI-0046,2015-09-05,0.223143849,landsat,2015,new,2.000000000,0.216352400,0.203107054,0.211054261,0.203107054,0.211054261,0.203107054,0.211054261,0.203107054,0.211054261,0.203107054,0.211054261,0.203107054,0.211054261
AOI-0046,2015-09-30,0.210409691,landsat,2015,new,2.000000000,0.270608998,0.257555884,0.265387752,0.223097015,0.251604205,0.256752210,0.265066283,0.256752210,0.265066283,0.223097015,0.251604205,0.256431320,0.264937926
AOI-0046,2015-10-07,0.195902027,landsat,2015,new,2.000000000,0.210700296,0.210403635,0.210581632,0.210403635,0.210581632,0.210403636,0.210581632,0.210403636,0.210581632,0.210403635,0.210581632,0.210403635,0.210581632
AOI-0046,2016-04-17,0.786891375,landsat,2016,new,21.000000000,0.724850455,0.714454843,0.720692210,0.714454843,0.720692210,0.714454839,0.720692208,0.714454839,0.720692208,0.714454839,0.720692208,0.714454843,0.720692210
AOI-0046,2016-06-28,0.326896237,landsat,2016,new,22.000000000,0.313635161,0.299557636,0.308004151,0.299557636,0.308004151,0.299557627,0.308004147,0.299557627,0.308004147,0.299557627,0.308004147,0.299557636,0.308004151
AOI-0046,2016-07-05,0.296450730,landsat,2016,new,21.000000000,0.268225942,0.254184297,0.262609284,0.254184297,0.262609284,0.254184297,0.262609284,0.254184297,0.262609284,0.254184297,0.262609284,0.254184297,0.262609284
AOI-0046,2016-07-14,0.204508325,landsat,2016,new,2.000000000,0.231832269,0.254002340,0.240700297,0.254002340,0.240700297,0.254002334,0.240700295,0.254002334,0.240700295,0.254002340,0.240700297,0.254002340,0.240700297
AOI-0046,2016-07-27,0.317628109,modis,2016,new,22.000000000,0.290326960,0.298149304,0.293455898,0.298149304,0.293455898,0.297556811,0.293218900,0.297556811,0.293218900,0.297556811,0.293218900,0.282655063,0.287258201
AOI-0046,2016-10-26,0.308873111,landsat,2016,new,21.000000000,0.319303950,0.335694712,0.325860255,0.335694712,0.325860255,0.335694711,0.325860255,0.335694711,0.325860255,0.335694711,0.325860255,0.335694712,0.325860255
AOI-0046,2017-04-08,0.326369100,s2,2017,new,2.000000000,0.330424304,0.307327741,0.321185679,0.307327741,0.321185679,0.307328031,0.321185795,0.307328031,0.321185795,0.307327741,0.321185679,0.307327741,0.321185679
AOI-0046,2017-04-27,0.600936604,landsat,2017,new,2.000000000,0.658515300,0.594391040,0.632865596,0.594391040,0.632865596,0.594391041,0.632865596,0.594391041,0.632865596,0.594391040,0.632865596,0.594391040,0.632865596
AOI-0046,2017-06-10,0.687698305,modis,2017,new,21.000000000,0.614255491,0.614923491,0.614522691,0.614923491,0.614522691,0.614923491,0.614522691,0.614923491,0.614522691,0.614923491,0.614522691,0.614923491,0.614522691
AOI-0046,2017-06-30,0.379171165,landsat,2017,new,21.000000000,0.377770773,0.365959039,0.373046079,0.412293943,0.391580041,0.366162588,0.373127499,0.366162588,0.373127499,0.366162588,0.373127499,0.368684622,0.374136312
AOI-0046,2017-08-01,0.150040398,s2,2017,new,2.000000000,0.152137857,0.146038748,0.149698213,0.146038748,0.149698213,0.146039864,0.149698660,0.146039864,0.149698660,0.146038748,0.149698213,0.146038748,0.149698213
AOI-0046,2017-08-29,0.318437695,modis,2017,new,22.000000000,0.230033888,0.170691741,0.206297030,0.264005386,0.243622487,0.206657965,0.220683519,0.206657965,0.220683519,0.206657965,0.220683519,0.255014685,0.240026207
AOI-0046,2017-09-20,0.298563265,s2,2017,new,2.000000000,0.301858385,0.327175663,0.311985297,0.327175663,0.311985297,0.327175664,0.311985297,0.327175664,0.311985297,0.327175663,0.311985297,0.327175663,0.311985297
AOI-0046,2017-10-05,0.354939789,landsat,2017,new,2.000000000,0.269348583,0.240643164,0.257866415,0.257707796,0.264692268,0.246670703,0.260277431,0.246670703,0.260277431,0.257707796,0.264692268,0.254893012,0.263566354
AOI-0046,2018-04-06,0.193404808,landsat,2018,new,22.000000000,0.191888305,0.189691935,0.191009757,0.189691935,0.191009757,0.189691936,0.191009757,0.189691936,0.191009757,0.189691936,0.191009757,0.189691935,0.191009757
AOI-0046,2018-05-16,0.228309998,landsat,2018,new,2.000000000,0.232598177,0.232245924,0.232457276,0.232245924,0.232457276,0.232245924,0.232457276,0.232245924,0.232457276,0.232245924,0.232457276,0.232245924,0.232457276
AOI-0046,2018-06-07,0.156809755,s2,2018,new,2.000000000,0.185843935,0.207265251,0.194412461,0.158553115,0.174927607,0.198954081,0.191087993,0.198954081,0.191087993,0.158553115,0.174927607,0.199230259,0.191198464
AOI-0046,2018-08-13,0.222610294,modis,2018,new,2.000000000,0.248087858,0.247024847,0.247662654,0.247024847,0.247662654,0.247024847,0.247662654,0.247024847,0.247662654,0.247024847,0.247662654,0.247024847,0.247662654
AOI-0046,2018-08-28,0.193836702,landsat,2018,new,2.000000000,0.190575705,0.191174719,0.190815310,0.191174719,0.190815310,0.191174719,0.190815310,0.191174719,0.190815310,0.191174719,0.190815310,0.191174719,0.190815310
AOI-0046,2018-10-07,0.164964834,landsat,2018,new,2.000000000,0.185778915,0.178205158,0.182749413,0.178205158,0.182749413,0.178219044,0.182754967,0.178219044,0.182754967,0.178205158,0.182749413,0.178205158,0.182749413
AOI-0046,2019-04-09,0.262888265,landsat,2019,new,2.000000000,0.323020814,0.321910748,0.322576788,0.321910748,0.322576788,0.321910746,0.322576787,0.321910746,0.322576787,0.321910748,0.322576788,0.321910748,0.322576788
AOI-0046,2019-04-10,0.242991190,landsat,2019,new,21.000000000,0.326045448,0.334775403,0.329537430,0.334775403,0.329537430,0.314429657,0.321399132,0.314429657,0.321399132,0.314429657,0.321399132,0.334775403,0.329537430
AOI-0046,2019-05-27,0.845062932,landsat,2019,new,21.000000000,0.816821185,0.799066376,0.809719261,0.799066376,0.809719261,0.799066374,0.809719260,0.799066374,0.809719260,0.799066374,0.809719260,0.799066376,0.809719261
AOI-0046,2019-06-05,0.759075993,landsat,2019,new,2.000000000,0.708196514,0.707658376,0.707981259,0.735838647,0.719253367,0.708168170,0.708185176,0.708168170,0.708185176,0.735838647,0.719253367,0.708578039,0.708349124
AOI-0046,2019-07-02,0.279747303,s2,2019,new,inf,0.226765598,0.219923764,0.224028865,0.219923764,0.224028865,0.219923765,0.224028865,0.219923765,0.224028865,0.219923765,0.224028865,0.219923764,0.224028865
AOI-0046,2019-07-12,0.248788242,modis,2019,new,2.000000000,0.253386681,0.240284794,0.248145926,0.240284794,0.248145926,0.240236057,0.248126431,0.240236057,0.248126431,0.240284794,0.248145926,0.240228008,0.248123212
AOI-0046,2019-08-13,0.343545415,modis,2019,new,21.000000000,0.283954816,0.305817998,0.292700089,0.305817998,0.292700089,0.303871710,0.291921574,0.303871710,0.291921574,0.303871710,0.291921574,0.300294024,0.290490499
AOI-0046,2019-08-24,0.277564350,landsat,2019,new,2.000000000,0.190289688,0.179870343,0.186121950,0.211213610,0.198659257,0.180180718,0.186246100,0.180180718,0.186246100,0.211213610,0.198659257,0.187403888,0.189135368
AOI-0046,2019-10-11,0.301502736,landsat,2019,new,2.000000000,0.330440727,0.314644812,0.324122361,0.314644812,0.324122361,0.314644814,0.324122362,0.314644814,0.324122362,0.314644812,0.324122361,0.314644812,0.324122361
AOI-0046,2019-10-16,0.624211774,modis,2019,new,2.000000000,0.475979660,0.504080499,0.487219996,0.504080499,0.487219996,0.503805283,0.487109909,0.503805283,0.487109909,0.504080499,0.487219996,0.503487845,0.486982934
AOI-0046,2020-04-02,0.834889229,s2,2020,new,2.000000000,0.757544734,0.738962770,0.750111948,0.738962770,0.750111948,0.737607788,0.749569956,0.737607788,0.749569956,0.738962770,0.750111948,0.738610692,0.749971117
AOI-0046,2020-04-03,0.837023162,landsat,2020,new,2.000000000,0.717869233,0.712408767,0.715685047,0.712408767,0.715685047,0.712349948,0.715661519,0.712349948,0.715661519,0.712408767,0.715685047,0.711738977,0.715417131
AOI-0046,2020-05-12,0.852614606,s2,2020,new,2.000000000,0.831968601,0.819163251,0.826846461,0.819163251,0.826846461,0.819619162,0.827028826,0.819619162,0.827028826,0.819163251,0.826846461,0.819648751,0.827040661
AOI-0046,2020-05-30,0.775928037,landsat,2020,new,2.000000000,0.817660164,0.815066939,0.816622874,0.849657268,0.830459006,0.815692694,0.816873176,0.815692694,0.816873176,0.849657268,0.830459006,0.817101665,0.817436764
AOI-0046,2020-08-05,0.115854832,s2,2020,new,21.000000000,0.120668486,0.121640493,0.121057289,0.121640493,0.121057289,0.121640494,0.121057289,0.121640494,0.121057289,0.121640494,0.121057289,0.121640493,0.121057289
AOI-0046,2020-08-26,0.169517795,landsat,2020,new,2.000000000,0.170441807,0.161503029,0.166866296,0.161503029,0.166866296,0.161374350,0.166814824,0.161374350,0.166814824,0.161503029,0.166866296,0.161419522,0.166832893
AOI-0046,2020-09-11,0.175854657,landsat,2020,new,2.000000000,0.147947974,0.135262299,0.142873704,0.157470868,0.151757131,0.146366604,0.147315426,0.146366604,0.147315426,0.157470868,0.151757131,0.153807599,0.150291824
AOI-0046,2020-10-05,0.131717442,landsat,2020,new,2.000000000,0.135450946,0.133552183,0.134691441,0.133552183,0.134691441,0.133474095,0.134660206,0.133474095,0.134660206,0.133552183,0.134691441,0.132622233,0.134319461
AOI-0046,2020-10-20,0.178849125,landsat,2020,new,21.000000000,0.193968135,0.185102831,0.190422014,0.185102831,0.190422014,0.185036307,0.190395404,0.185036307,0.190395404,0.185036307,0.190395404,0.184594971,0.190218870
AOI-0046,2021-04-07,0.317864232,modis,2021,new,2.000000000,0.331353764,0.309492702,0.322609339,0.309492702,0.322609339,0.309492702,0.322609339,0.309492702,0.322609339,0.309492702,0.322609339,0.309492702,0.322609339
AOI-0046,2021-06-26,0.619498901,s2,2021,new,21.000000000,0.544002149,0.616591072,0.573037718,0.616591072,0.573037718,0.579672336,0.558270224,0.579672336,0.558270224,0.579672336,0.558270224,0.561410333,0.550965423
AOI-0046,2021-07-01,0.425034333,s2,2021,new,2.000000000,0.428888557,0.405005052,0.419335155,0.405005052,0.419335155,0.406712431,0.420018107,0.406712431,0.420018107,0.405005052,0.419335155,0.427589084,0.428368768
AOI-0046,2021-07-21,0.223697209,s2,2021,new,21.000000000,0.218904009,0.216278566,0.217853832,0.216278566,0.217853832,0.216278567,0.217853832,0.216278567,0.217853832,0.216278567,0.217853832,0.216278566,0.217853832
AOI-0046,2021-08-30,0.357606758,s2,2021,new,2.000000000,0.288421830,0.278651666,0.284513765,0.278651666,0.284513765,0.278651666,0.284513765,0.278651666,0.284513765,0.278651666,0.284513765,0.278651666,0.284513765
AOI-0046,2021-09-14,0.576539809,s2,2021,new,21.000000000,0.550507768,0.505806820,0.532627389,0.505806820,0.532627389,0.518991169,0.537901128,0.518991169,0.537901128,0.518991169,0.537901128,0.511968625,0.535092111
AOI-0046,2022-04-25,0.259940109,landsat,2022,new,21.000000000,0.270619727,0.267426368,0.269342384,0.321134555,0.290825658,0.267533985,0.269385430,0.267533985,0.269385430,0.267533985,0.269385430,0.267781905,0.269484598
AOI-0046,2022-05-10,0.241370790,landsat,2022,new,2.000000000,0.255528710,0.211963172,0.238102495,0.274838371,0.263252574,0.212089158,0.238152889,0.212089158,0.238152889,0.274838371,0.263252574,0.211978519,0.238108634
AOI-0046,2022-05-12,0.213071983,s2,2022,new,2.000000000,0.245822476,0.223549144,0.236913143,0.223549144,0.236913143,0.223549146,0.236913144,0.223549146,0.236913144,0.223549144,0.236913143,0.223549144,0.236913143
AOI-0046,2022-05-27,0.196491329,s2,2022,new,21.000000000,0.222707233,0.220777567,0.221935367,0.220777567,0.221935367,0.235383462,0.227777725,0.235383462,0.227777725,0.235383462,0.227777725,0.224875921,0.223574708
AOI-0046,2022-06-21,0.240342198,landsat,2022,new,2.000000000,0.145212655,0.162306272,0.152050102,0.162306272,0.152050102,0.162307376,0.152050543,0.162307376,0.152050543,0.162306272,0.152050102,0.162306272,0.152050102
AOI-0046,2022-07-01,0.163002472,s2,2022,new,2.000000000,0.169360618,0.179207321,0.173299299,0.179207321,0.173299299,0.179207321,0.173299299,0.179207321,0.173299299,0.179207321,0.173299299,0.179207321,0.173299299
AOI-0046,2022-08-29,0.217765511,modis,2022,new,2.000000000,0.238717583,0.239849742,0.239170447,0.239849742,0.239170447,0.239849742,0.239170446,0.239849742,0.239170446,0.239849742,0.239170447,0.239849742,0.239170447
AOI-0046,2022-09-01,0.177331759,landsat,2022,new,2.000000000,0.164990977,0.166379354,0.165546328,0.166379354,0.165546328,0.166239271,0.165490295,0.166239271,0.165490295,0.166379354,0.165546328,0.165935156,0.165368649
AOI-0046,2023-04-05,0.625267109,landsat,2023,new,2.000000000,0.619030030,0.591694961,0.608096002,0.591694961,0.608096002,0.591694960,0.608096002,0.591694960,0.608096002,0.591694961,0.608096002,0.591694961,0.608096002
AOI-0046,2023-05-02,0.818948727,s2,2023,new,2.000000000,0.813925980,0.816545592,0.814973824,0.816545592,0.814973824,0.816545617,0.814973835,0.816545617,0.814973835,0.816545592,0.814973824,0.816545592,0.814973824
AOI-0046,2023-05-09,0.919427970,modis,2023,new,2.000000000,0.862128176,0.872237237,0.866171801,0.872237237,0.866171801,0.872237237,0.866171801,0.872237237,0.866171801,0.872237237,0.866171801,0.872237237,0.866171801
AOI-0046,2023-05-15,0.901226817,landsat,2023,new,2.000000000,0.855405156,0.856836818,0.855977821,0.868530022,0.860655102,0.857036507,0.856057696,0.857036507,0.856057696,0.868530022,0.860655102,0.857063571,0.856068522
AOI-0046,2023-06-23,0.589723873,landsat,2023,new,2.000000000,0.547016437,0.584750115,0.562109908,0.584750115,0.562109908,0.584734671,0.562103730,0.584734671,0.562103730,0.584750115,0.562109908,0.584747681,0.562108935
AOI-0046,2023-07-06,0.209189208,s2,2023,new,2.000000000,0.216283511,0.220719786,0.218058021,0.220719786,0.218058021,0.220719786,0.218058021,0.220719786,0.218058021,0.220719786,0.218058021,0.220719786,0.218058021
AOI-0046,2023-07-18,0.275188305,landsat,2023,new,2.000000000,0.252649696,0.271331159,0.260122281,0.271331159,0.260122281,0.252714229,0.252675509,0.252714229,0.252675509,0.271331159,0.260122281,0.260123192,0.255639094
AOI-0046,2023-08-11,0.197690900,landsat,2023,new,2.000000000,0.188741492,0.191690170,0.189920963,0.191690170,0.189920963,0.191667244,0.189911793,0.191667244,0.189911793,0.191690170,0.189920963,0.190132508,0.189297898
AOI-0046,2023-08-15,0.144596075,s2,2023,new,2.000000000,0.145161012,0.137481480,0.142089200,0.137481480,0.142089200,0.137481481,0.142089200,0.137481481,0.142089200,0.137481480,0.142089200,0.137481480,0.142089200
AOI-0046,2024-04-23,0.901301241,landsat,2024,new,2.000000000,0.872046801,0.837824010,0.858357685,0.881423906,0.875797643,0.859623930,0.867077653,0.859623930,0.867077653,0.881423906,0.875797643,0.874232171,0.872920949
AOI-0046,2024-07-25,0.134470689,s2,2024,new,21.000000000,0.136521366,0.134031493,0.135525417,0.134031493,0.135525417,0.135755144,0.136214877,0.135755144,0.136214877,0.135755144,0.136214877,0.155360548,0.144057039
AOI-0046,2024-07-27,0.185713626,landsat,2024,new,2.000000000,0.175720670,0.182707735,0.178515496,0.182707735,0.178515496,0.190096514,0.181471008,0.190096514,0.181471008,0.182707735,0.178515496,0.184780661,0.179344666
AOI-0046,2024-08-12,0.242220388,modis,2024,new,2.000000000,0.172384881,0.150526052,0.163641350,0.191916756,0.180197631,0.151038049,0.163846148,0.151038049,0.163846148,0.191916756,0.180197631,0.157129552,0.166282749
AOI-0046,2024-08-14,0.145724019,s2,2024,new,2.000000000,0.145153157,0.159199794,0.150771812,0.159199794,0.150771812,0.159200948,0.150772274,0.159200948,0.150772274,0.159199794,0.150771812,0.159204191,0.150773571
AOI-0046,2024-08-24,0.144029903,s2,2024,new,2.000000000,0.128589906,0.137650945,0.132214321,0.137650945,0.132214321,0.137650947,0.132214322,0.137650947,0.132214322,0.137650945,0.132214321,0.137650945,0.132214321
AOI-0046,2024-09-06,0.201161179,landsat,2024,new,22.000000000,0.162747543,0.159450029,0.161428537,0.187575991,0.172678922,0.160106002,0.161690927,0.160106002,0.161690927,0.160106002,0.161690927,0.160367919,0.161795693
AOI-0046,2024-09-29,0.180437485,landsat,2024,new,inf,0.195266381,0.180970746,0.189548127,0.180970746,0.189548127,0.192189894,0.194035786,0.192189894,0.194035786,0.192189894,0.194035786,0.204079257,0.198791531
AOI-0046,2025-04-16,0.199334657,s2,2025,new,1.000000000,0.184870517,0.196707979,0.189605502,0.196707979,0.189605502,0.196707979,0.189605502,0.196707979,0.189605502,0.196707979,0.189605502,0.196818178,0.189649581
AOI-0046,2025-05-31,0.303481646,s2,2025,new,1.000000000,0.321381490,0.294038796,0.310444413,0.294038796,0.310444413,0.294038796,0.310444413,0.294038796,0.310444413,0.294038796,0.310444413,0.294038796,0.310444413
AOI-0046,2025-06-10,0.449544288,s2,2025,new,1.000000000,0.556755744,0.480701855,0.526334188,0.480701855,0.526334188,0.480701855,0.526334188,0.480701855,0.526334188,0.480701855,0.526334188,0.535219992,0.548141443
AOI-0046,2025-06-13,0.586975787,landsat,2025,new,1.000000000,0.582708850,0.539189452,0.565301091,0.590630151,0.585877371,0.590630151,0.585877371,0.590630151,0.585877371,0.590630151,0.585877371,0.560827165,0.573956176
AOI-0046,2025-06-28,0.736551659,landsat,2025,new,1.000000000,0.712964363,0.652075349,0.688608758,0.738427195,0.723149496,0.695251272,0.705879127,0.695251272,0.705879127,0.733347675,0.721117688,0.735184409,0.721852382
AOI-0046,2025-07-07,0.229249325,s2,2025,new,1.000000000,0.633251677,0.609690367,0.623827153,0.609690367,0.623827153,0.609690367,0.623827153,0.609690367,0.623827153,0.609690367,0.623827153,0.609690367,0.623827153
AOI-0046,2025-07-27,0.670413393,s2,2025,new,1.000000000,0.414011062,0.413124233,0.413656330,0.413124233,0.413656330,0.413124233,0.413656330,0.413124233,0.413656330,0.413124233,0.413656330,0.413124233,0.413656330
AOI-0046,2025-09-13,0.194353166,s2,2025,new,1.000000000,0.209648637,0.208934702,0.209363063,0.208934702,0.209363063,0.208934702,0.209363063,0.208934702,0.209363063,0.208934702,0.209363063,0.208934702,0.209363063
AOI-0046,2025-10-08,0.161940006,s2,2025,new,1.000000000,0.156120518,0.153879964,0.155224296,0.153879964,0.155224296,0.153879964,0.155224296,0.153879964,0.155224296,0.153879964,0.155224296,0.153879964,0.155224296
AOI-0046,2025-10-16,0.261030837,modis,2025,new,2.000000000,0.229007261,0.170881327,0.205756887,0.266718619,0.244091804,0.197057979,0.216227548,0.197057979,0.216227548,0.266718619,0.244091804,0.214730997,0.223296755
AOI-0046,2025-10-23,0.200907094,s2,2025,new,1.000000000,0.166648819,0.174465939,0.169775667,0.174465939,0.169775667,0.174465939,0.169775667,0.174465939,0.169775667,0.174465939,0.169775667,0.174465939,0.169775667
AOI-0047,2025-05-06,0.828499828,s2,2025,new,1.000000000,0.827722484,0.861347350,0.841172430,0.861347350,0.841172430,0.861347350,0.841172430,0.861347350,0.841172430,0.861347350,0.841172430,0.861347350,0.841172430
AOI-0047,2025-05-09,0.820645083,modis,2025,new,1.000000000,0.782255813,0.820430024,0.797525497,0.820430024,0.797525497,0.820430024,0.797525497,0.820430024,0.797525497,0.817348343,0.796292825,0.820418440,0.797520863
AOI-0047,2025-06-26,0.308473681,modis,2025,new,1.000000000,0.337624739,0.320243842,0.330672380,0.320243842,0.330672380,0.320243842,0.330672380,0.320243842,0.330672380,0.320243842,0.330672380,0.320243842,0.330672380
AOI-0047,2025-07-14,0.235236088,landsat,2025,new,1.000000000,0.219604678,0.227869589,0.222910642,0.227869589,0.222910642,0.227869589,0.222910642,0.227869589,0.222910642,0.227869589,0.222910642,0.223304377,0.221084558
AOI-0047,2025-08-06,0.156568658,s2,2025,new,1.000000000,0.169141020,0.154810161,0.163408676,0.154810161,0.163408676,0.154810161,0.163408676,0.154810161,0.163408676,0.154810161,0.163408676,0.155778505,0.163796014
AOI-0047,2025-09-06,0.122825600,s2,2025,new,inf,0.152725397,0.137931552,0.146807859,0.137931552,0.146807859,0.144078251,0.149266539,0.144078251,0.149266539,0.144078251,0.149266539,0.143831975,0.149168028
AOI-0047,2025-09-14,0.248445551,modis,2025,new,1.000000000,0.228031448,0.218229985,0.224110863,0.218229985,0.224110863,0.218229985,0.224110863,0.218229985,0.224110863,0.218229985,0.224110863,0.218113714,0.224064354
AOI-0047,2025-09-16,0.173167673,s2,2025,new,1.000000000,0.166387445,0.156966445,0.162619045,0.190593846,0.176070005,0.190593846,0.176070005,0.190593846,0.176070005,0.190183756,0.175905969,0.157587517,0.162867474
AOI-0047,2025-09-21,0.172165768,s2,2025,new,4.000000000,0.149818889,0.151772649,0.150600393,0.151772649,0.150600393,0.151772649,0.150600393,0.151772649,0.150600393,0.151772649,0.150600393,0.151772649,0.150600393
AOI-0047,2025-09-23,0.171919828,s2,2025,new,1.000000000,0.167220165,0.158107490,0.163575095,0.158107490,0.163575095,0.158107490,0.163575095,0.158107490,0.163575095,0.158473067,0.163721326,0.159870861,0.164280443
AOI-0047,2025-10-08,0.150671492,s2,2025,new,1.000000000,0.155914018,0.165290700,0.159664691,0.165290700,0.159664691,0.165290700,0.159664691,0.165290700,0.159664691,0.165290700,0.159664691,0.165290700,0.159664691
AOI-0047,2025-10-18,0.143283322,s2,2025,new,1.000000000,0.162864072,0.151034230,0.158132135,0.151034230,0.158132135,0.151034230,0.158132135,0.151034230,0.158132135,0.151034230,0.158132135,0.151034230,0.158132135
AOI-0048,2025-05-03,0.781754852,landsat,2025,shared,1.000000000,0.793826739,0.807011897,0.799100803,0.807011897,0.799100803,0.807011897,0.799100803,0.807011897,0.799100803,0.807011897,0.799100803,0.807011897,0.799100803
AOI-0048,2025-06-05,0.398006882,s2,2025,shared,1.000000000,0.409348630,0.408779445,0.409120956,0.408779445,0.409120956,0.408779445,0.409120956,0.408779445,0.409120956,0.408779445,0.409120956,0.408779445,0.409120956
AOI-0048,2025-06-21,0.269721418,landsat,2025,shared,2.000000000,0.269132960,0.301426466,0.282050363,0.301426466,0.282050363,0.300828761,0.281811281,0.300828761,0.281811281,0.301426466,0.282050363,0.300924922,0.281849745
AOI-0048,2025-07-10,0.133539422,s2,2025,shared,1.000000000,0.149636942,0.160822956,0.154111347,0.160822956,0.154111347,0.160822956,0.154111347,0.160822956,0.154111347,0.160822956,0.154111347,0.160822956,0.154111347
AOI-0048,2025-07-15,0.119004791,s2,2025,shared,1.000000000,0.155075094,0.159650822,0.156905385,0.159650822,0.156905385,0.159650822,0.156905385,0.159650822,0.156905385,0.159650822,0.156905385,0.159651015,0.156905462
AOI-0048,2025-07-28,0.218013373,modis,2025,shared,1.000000000,0.192746140,0.143643460,0.173105068,0.143643460,0.173105068,0.143643460,0.173105068,0.143643460,0.173105068,0.144711014,0.173532090,0.155232564,0.177740710
AOI-0048,2025-08-16,0.138634152,s2,2025,shared,1.000000000,0.142492663,0.138142869,0.140752746,0.138142869,0.140752746,0.138142869,0.140752746,0.138142869,0.140752746,0.138142869,0.140752746,0.138142869,0.140752746
AOI-0048,2025-08-19,0.134399876,s2,2025,shared,1.000000000,0.145795628,0.140600997,0.143717776,0.140600997,0.143717776,0.140600997,0.143717776,0.140600997,0.143717776,0.140600997,0.143717776,0.140600997,0.143717776
AOI-0048,2025-09-01,0.183746155,landsat,2025,shared,1.000000000,0.150450590,0.134863473,0.144215743,0.134863473,0.144215743,0.134863473,0.144215743,0.134863473,0.144215743,0.135581398,0.144502913,0.137012260,0.145075258
AOI-0048,2025-09-14,0.206926259,modis,2025,shared,2.000000000,0.212335637,0.212368059,0.212348606,0.212368059,0.212348606,0.212256427,0.212303953,0.212256427,0.212303953,0.204414229,0.209167074,0.212094691,0.212239259
AOI-0048,2025-09-28,0.156894347,s2,2025,shared,1.000000000,0.147313446,0.152485134,0.149382121,0.152485134,0.149382121,0.152485134,0.149382121,0.152485134,0.149382121,0.152485134,0.149382121,0.152485134,0.149382121
AOI-0049,2025-04-14,0.577823120,s2,2025,new,2.000000000,0.685291829,0.696902211,0.689935982,0.696902211,0.689935982,0.696902212,0.689935982,0.696902212,0.689935982,0.696902211,0.689935982,0.696902211,0.689935982
AOI-0049,2025-05-25,0.749767300,landsat,2025,new,2.000000000,0.675534725,0.678928983,0.676892428,0.743452038,0.702701650,0.678928983,0.676892428,0.679063702,0.676946316,0.711190510,0.689797039,0.679330197,0.677052914
AOI-0049,2025-06-19,0.300197454,landsat,2025,new,1.000000000,0.286335754,0.301439612,0.292377297,0.301439612,0.292377297,0.301439612,0.292377297,0.301439612,0.292377297,0.301439612,0.292377297,0.301439612,0.292377297
AOI-0049,2025-07-18,0.145121634,s2,2025,new,1.000000000,0.140259897,0.135404726,0.138317829,0.135404726,0.138317829,0.135404726,0.138317829,0.135404726,0.138317829,0.135404726,0.138317829,0.135404726,0.138317829
AOI-0049,2025-08-07,0.168308211,s2,2025,new,2.000000000,0.168482404,0.160580892,0.165321799,0.160580892,0.165321799,0.222181735,0.189962136,0.160629674,0.165341312,0.164204471,0.166771231,0.160820584,0.165417676
AOI-0049,2025-08-09,0.151622938,s2,2025,new,3.000000000,0.163499084,0.166325790,0.164629766,0.166325790,0.164629766,0.166325791,0.164629767,0.166325791,0.164629767,0.166325791,0.164629767,0.166325790,0.164629766
AOI-0049,2025-08-22,0.152743963,s2,2025,new,1.000000000,0.158236790,0.150303087,0.155063309,0.150303087,0.155063309,0.150303087,0.155063309,0.150303087,0.155063309,0.150303087,0.155063309,0.150303087,0.155063309
AOI-0049,2025-09-08,0.121997779,s2,2025,new,1.000000000,0.133156184,0.132713946,0.132979289,0.132713946,0.132979289,0.132713946,0.132979289,0.132713946,0.132979289,0.132713946,0.132979289,0.132713946,0.132979289
AOI-0050,2025-08-19,0.308201366,s2,2025,shared,1.000000000,0.317511704,0.315984327,0.316900753,0.315984327,0.316900753,0.315984327,0.316900753,0.315984327,0.316900753,0.315984327,0.316900753,0.315984327,0.316900753
AOI-0050,2025-08-21,0.351663915,landsat,2025,shared,1.000000000,0.357345135,0.356287135,0.356921935,0.356287135,0.356921935,0.356287135,0.356921935,0.356287135,0.356921935,0.356287135,0.356921935,0.356287135,0.356921935
AOI-0050,2025-08-30,0.333588655,landsat,2025,shared,1.000000000,0.344942291,0.337235455,0.341859556,0.337235455,0.341859556,0.337235455,0.341859556,0.337235455,0.341859556,0.337235455,0.341859556,0.337143193,0.341822652
AOI-0050,2025-09-06,0.335156940,landsat,2025,shared,3.000000000,0.312559463,0.296917229,0.306302569,0.331956587,0.320318312,0.301495473,0.308133867,0.301495473,0.308133867,0.301495473,0.308133867,0.301312036,0.308060492
AOI-0050,2025-09-16,0.252489620,s2,2025,shared,1.000000000,0.325477323,0.318384651,0.322640254,0.318384651,0.322640254,0.318384651,0.322640254,0.318384651,0.322640254,0.320606715,0.323529080,0.319489910,0.323082357
AOI-0050,2025-09-23,0.342329016,landsat,2025,shared,1.000000000,0.330776116,0.322958169,0.327648937,0.347856820,0.337608398,0.347856820,0.337608398,0.347856820,0.337608398,0.346392194,0.337022547,0.325187575,0.328540700
AOI-0050,2025-09-26,0.318278059,s2,2025,shared,1.000000000,0.333591593,0.329254390,0.331856712,0.329254390,0.331856712,0.329254390,0.331856712,0.329254390,0.331856712,0.329254390,0.331856712,0.329624353,0.332004697
AOI-0050,2025-10-16,0.399461109,landsat,2025,shared,1.000000000,0.377246195,0.362661417,0.371412284,0.472316843,0.415274454,0.472316843,0.415274454,0.472316843,0.415274454,0.465866524,0.412694326,0.427356042,0.397290134
AOI-0051,2010-04-06,0.418027579,landsat,2010,new,7.000000000,0.378720382,0.409901337,0.391192764,0.409901337,0.391192764,0.409901346,0.391192768,0.409901346,0.391192768,0.409901346,0.391192768,0.409901337,0.391192764
AOI-0051,2010-04-15,0.571441380,landsat,2010,new,7.000000000,0.460173999,0.408631607,0.439557042,0.408631607,0.439557042,0.408631612,0.439557044,0.408631612,0.439557044,0.408631612,0.439557044,0.408631607,0.439557042
AOI-0051,2010-07-11,0.420642353,landsat,2010,new,inf,0.445851833,0.415513822,0.433716628,0.415513822,0.433716628,0.415500380,0.433711251,0.415500380,0.433711251,0.415500380,0.433711251,0.415500380,0.433711251
AOI-0051,2010-08-13,0.402158158,modis,2010,new,8.000000000,0.375823175,0.399607072,0.385336734,0.319231549,0.353186525,0.399602615,0.385334951,0.399602615,0.385334951,0.399602615,0.385334951,0.399594824,0.385331835
AOI-0051,2011-04-02,0.185858680,landsat,2011,new,23.000000000,0.186282558,0.200192298,0.191846454,0.200192298,0.191846454,0.200192300,0.191846455,0.200192300,0.191846455,0.200192300,0.191846455,0.200192298,0.191846454
AOI-0051,2011-04-07,0.288549474,modis,2011,new,7.000000000,0.282210943,0.338306627,0.304649217,0.338306627,0.304649217,0.338306627,0.304649216,0.338306627,0.304649216,0.338306627,0.304649216,0.338306627,0.304649217
AOI-0051,2011-07-15,0.781664319,landsat,2011,new,8.000000000,0.678195289,0.656411422,0.669481742,0.656411422,0.669481742,0.656411421,0.669481742,0.656411421,0.669481742,0.656411421,0.669481742,0.656411422,0.669481742
AOI-0051,2011-09-16,0.520880975,landsat,2011,new,7.000000000,0.522177746,0.531839628,0.526042499,0.531839628,0.526042499,0.531839553,0.526042469,0.531839553,0.526042469,0.531839553,0.526042469,0.531839628,0.526042499
AOI-0051,2011-09-17,0.487325625,landsat,2011,new,7.000000000,0.515994151,0.518381799,0.516949210,0.518381799,0.516949210,0.518381796,0.516949209,0.518381796,0.516949209,0.518381796,0.516949209,0.518381799,0.516949210
AOI-0051,2012-05-13,0.599455465,landsat,2012,new,7.000000000,0.624063363,0.622962470,0.623623006,0.622962470,0.623623006,0.622962495,0.623623016,0.622962495,0.623623016,0.622962495,0.623623016,0.622962470,0.623623006
AOI-0051,2012-09-13,0.378224474,modis,2012,new,7.000000000,0.412310420,0.420592588,0.415623288,0.420592588,0.415623288,0.418448836,0.414765787,0.418448836,0.414765787,0.418448836,0.414765787,0.406244099,0.409883892
AOI-0051,2012-10-15,0.417509211,modis,2012,new,8.000000000,0.488336094,0.490089150,0.489037316,0.490089150,0.489037316,0.489635772,0.488855965,0.489635772,0.488855965,0.489635772,0.488855965,0.484820740,0.486929953
AOI-0051,2013-04-15,0.788612807,landsat,2013,new,7.000000000,0.659439591,0.686355458,0.670205938,0.686355458,0.670205938,0.686355456,0.670205937,0.686355456,0.670205937,0.686355456,0.670205937,0.686355458,0.670205938
AOI-0051,2013-05-09,0.841121513,landsat,2013,new,11.000000000,0.722357578,0.762758241,0.738517844,0.762758241,0.738517844,0.761513423,0.738019916,0.761513423,0.738019916,0.761513423,0.738019916,0.762758241,0.738517844
AOI-0051,2013-06-01,0.572801013,landsat,2013,new,8.000000000,0.635106855,0.647664866,0.640130059,0.647664866,0.640130059,0.647664792,0.640130030,0.647664792,0.640130030,0.647664792,0.640130030,0.647664866,0.640130059
AOI-0051,2013-09-30,0.624084762,landsat,2013,new,8.000000000,0.459678602,0.469765240,0.463713257,0.469765240,0.463713257,0.469470156,0.463595224,0.469470156,0.463595224,0.469470156,0.463595224,0.469765240,0.463713257
AOI-0051,2014-04-07,0.565845263,modis,2014,new,7.000000000,0.714607846,0.702561159,0.709789172,0.702561159,0.709789172,0.702561159,0.709789172,0.702561159,0.709789172,0.702561159,0.709789172,0.702561159,0.709789172
AOI-0051,2014-04-09,0.807317191,landsat,2014,new,inf,0.722819335,0.689615012,0.709537606,0.689615012,0.709537606,0.689548512,0.709511006,0.689548512,0.709511006,0.689548512,0.709511006,0.689548512,0.709511006
AOI-0051,2014-08-07,0.434000067,landsat,2014,new,7.000000000,0.431700620,0.446567099,0.437647212,0.446567099,0.437647212,0.446567096,0.437647211,0.446567096,0.437647211,0.446567096,0.437647211,0.446567099,0.437647212
AOI-0051,2014-08-16,0.406888359,landsat,2014,new,7.000000000,0.440828530,0.465659026,0.450760728,0.465659026,0.450760728,0.465659025,0.450760728,0.465659025,0.450760728,0.465659025,0.450760728,0.465659026,0.450760728
AOI-0051,2014-09-14,0.384165789,modis,2014,new,8.000000000,0.427065349,0.424689809,0.426115133,0.424689809,0.426115133,0.424689809,0.426115133,0.424689809,0.426115133,0.424689809,0.426115133,0.424689809,0.426115133
AOI-0051,2015-04-12,0.257685644,landsat,2015,new,7.000000000,0.218415995,0.289674795,0.246919515,0.289674795,0.246919515,0.289674787,0.246919512,0.289674787,0.246919512,0.289674787,0.246919512,0.289674795,0.246919515
AOI-0051,2015-05-09,0.685403158,modis,2015,new,8.000000000,0.632407243,0.673510708,0.648848629,0.673510708,0.648848629,0.673510708,0.648848629,0.673510708,0.648848629,0.673510708,0.648848629,0.673510708,0.648848629
AOI-0051,2015-07-02,0.682635570,landsat,2015,new,7.000000000,0.737646486,0.749797056,0.742506714,0.749797056,0.742506714,0.749797053,0.742506713,0.749797053,0.742506713,0.749797053,0.742506713,0.749797056,0.742506714
AOI-0051,2015-07-25,0.620758664,landsat,2015,new,7.000000000,0.614971927,0.637617759,0.624030260,0.637617759,0.624030260,0.637617749,0.624030256,0.637617749,0.624030256,0.637617749,0.624030256,0.637617759,0.624030260
AOI-0051,2015-09-27,0.299591192,landsat,2015,new,22.000000000,0.313899270,0.313368883,0.313687115,0.313368883,0.313687115,0.313368884,0.313687115,0.313368884,0.313687115,0.313368884,0.313687115,0.313368883,0.313687115
AOI-0051,2016-04-22,0.740662809,landsat,2016,new,7.000000000,0.796477299,0.729558037,0.769709594,0.729558037,0.769709594,0.729558063,0.769709604,0.729558063,0.769709604,0.729558063,0.769709604,0.729558037,0.769709594
AOI-0051,2016-06-10,0.827241433,landsat,2016,new,7.000000000,0.702854518,0.707182156,0.704585574,0.707182156,0.704585574,0.707182129,0.704585563,0.707182129,0.704585563,0.707182129,0.704585563,0.707182156,0.704585574
AOI-0051,2016-07-20,0.363971672,landsat,2016,new,7.000000000,0.448802234,0.446012671,0.447686409,0.446012671,0.447686409,0.446012646,0.447686399,0.446012646,0.447686399,0.446012646,0.447686399,0.446012671,0.447686409
AOI-0051,2016-08-20,0.372514136,landsat,2016,new,7.000000000,0.399189380,0.391079887,0.395945583,0.391079887,0.395945583,0.391079880,0.395945580,0.391079880,0.395945580,0.391079880,0.395945580,0.391079887,0.395945583
AOI-0051,2017-04-07,0.544028158,modis,2017,new,7.000000000,0.386208673,0.415130293,0.397777321,0.415130293,0.397777321,0.415130293,0.397777321,0.415130293,0.397777321,0.415130293,0.397777321,0.415130293,0.397777321
AOI-0051,2017-05-11,0.488898747,landsat,2017,new,7.000000000,0.452749229,0.490536934,0.467864311,0.490536934,0.467864311,0.490536910,0.467864301,0.490536910,0.467864301,0.490536910,0.467864301,0.490536934,0.467864311
AOI-0051,2017-05-25,0.747168684,modis,2017,new,7.000000000,0.571175917,0.618102716,0.589946637,0.618102716,0.589946637,0.618102716,0.589946637,0.618102716,0.589946637,0.618102716,0.589946637,0.618102716,0.589946637
AOI-0051,2017-06-12,0.755150304,landsat,2017,new,7.000000000,0.539431796,0.594553396,0.561480436,0.594553396,0.561480436,0.594553391,0.561480434,0.594553391,0.561480434,0.594553391,0.561480434,0.594553396,0.561480436
AOI-0051,2017-08-04,0.796268569,s2,2017,new,7.000000000,0.638748148,0.670691903,0.651525650,0.670691903,0.651525650,0.670691903,0.651525650,0.670691903,0.651525650,0.670691903,0.651525650,0.670691903,0.651525650
AOI-0051,2017-08-13,0.398494737,modis,2017,new,7.000000000,0.629406695,0.600123861,0.617693561,0.600123861,0.617693561,0.600191668,0.617720684,0.600191668,0.617720684,0.600191668,0.617720684,0.600163064,0.617709242
AOI-0051,2017-09-01,0.438430707,landsat,2017,new,8.000000000,0.510431056,0.515656061,0.512521058,0.515656061,0.512521058,0.515656059,0.512521057,0.515656059,0.512521057,0.515656059,0.512521057,0.515656061,0.512521058
AOI-0051,2017-10-08,0.239471390,s2,2017,new,7.000000000,0.298733985,0.284965229,0.293226483,0.284965229,0.293226483,0.284965229,0.293226483,0.284965229,0.293226483,0.284965229,0.293226483,0.284965229,0.293226483
AOI-0051,2018-05-09,0.577596053,modis,2018,new,7.000000000,0.761929372,0.747209361,0.756041367,0.747209361,0.756041367,0.747209361,0.756041367,0.747209361,0.756041367,0.747209361,0.756041367,0.747209361,0.756041367
AOI-0051,2018-05-15,0.844991440,landsat,2018,new,8.000000000,0.767201857,0.760686956,0.764595897,0.760686956,0.764595897,0.760686953,0.764595896,0.760686953,0.764595896,0.760686953,0.764595896,0.760686956,0.764595897
AOI-0051,2018-06-07,0.669736735,landsat,2018,new,7.000000000,0.616436074,0.612487994,0.614856842,0.612487994,0.614856842,0.614129189,0.615513320,0.614129189,0.615513320,0.614129189,0.615513320,0.614074657,0.615491507
AOI-0051,2018-07-01,0.317917476,landsat,2018,new,7.000000000,0.329606728,0.331619461,0.330411821,0.331619461,0.330411821,0.331619474,0.330411827,0.331619474,0.330411827,0.331619474,0.330411827,0.331619461,0.330411821
AOI-0051,2018-08-27,0.248452841,landsat,2018,new,7.000000000,0.280295209,0.321147672,0.296636194,0.321147672,0.296636194,0.321147672,0.296636194,0.321147672,0.296636194,0.321147672,0.296636194,0.321147672,0.296636194
AOI-0051,2018-09-13,0.210002596,s2,2018,new,8.000000000,0.264808304,0.280452182,0.271065855,0.280452182,0.271065855,0.280427992,0.271056179,0.280427992,0.271056179,0.280427992,0.271056179,0.279859383,0.270828736
AOI-0051,2018-10-30,0.280858260,landsat,2018,new,7.000000000,0.262398549,0.293921046,0.275007548,0.293921046,0.275007548,0.293921045,0.275007548,0.293921045,0.275007548,0.293921045,0.275007548,0.293921046,0.275007548
AOI-0051,2019-05-16,0.864711933,s2,2019,new,7.000000000,0.782043762,0.778179391,0.780498013,0.778179391,0.780498013,0.778179391,0.780498013,0.778179391,0.780498013,0.778179391,0.780498013,0.778179391,0.780498013
AOI-0051,2019-06-10,0.313878240,s2,2019,new,7.000000000,0.487295291,0.440383429,0.468530546,0.440383429,0.468530546,0.444438565,0.470152600,0.444438565,0.470152600,0.444438565,0.470152600,0.509257418,0.496080142
AOI-0051,2019-06-11,0.437882596,landsat,2019,new,7.000000000,0.486450807,0.486896125,0.486628934,0.486896125,0.486628934,0.486896125,0.486628934,0.486896125,0.486628934,0.486896125,0.486628934,0.486896125,0.486628934
AOI-0051,2019-06-20,0.269945943,s2,2019,new,7.000000000,0.307491747,0.308112132,0.307739901,0.308112132,0.307739901,0.308243965,0.307792634,0.308243965,0.307792634,0.308243965,0.307792634,0.314413488,0.310260444
AOI-0051,2019-07-28,0.427717824,landsat,2019,new,10.000000000,0.370951627,0.440082399,0.398603936,0.440082399,0.398603936,0.439981464,0.398563562,0.439981464,0.398563562,0.439981464,0.398563562,0.438816908,0.398097739
AOI-0051,2019-09-18,0.000250623,s2,2019,new,8.000000000,0.200239429,0.189928852,0.196115198,0.189928852,0.196115198,0.189928854,0.196115199,0.189928854,0.196115199,0.189928854,0.196115199,0.189928852,0.196115198
AOI-0051,2019-09-28,0.126679213,s2,2019,new,8.000000000,0.267225927,0.295717578,0.278622588,0.295717578,0.278622588,0.295717588,0.278622591,0.295717588,0.278622591,0.295717588,0.278622591,0.295717578,0.278622588
AOI-0051,2020-04-09,0.290932725,landsat,2020,new,22.000000000,0.267727815,0.308348627,0.283976140,0.308348627,0.283976140,0.288737276,0.276131599,0.288737276,0.276131599,0.288737276,0.276131599,0.245910478,0.259000880
AOI-0051,2020-04-30,0.410172186,s2,2020,new,7.000000000,0.456013234,0.503875856,0.475158283,0.503875856,0.475158283,0.503875857,0.475158283,0.503875857,0.475158283,0.503875857,0.475158283,0.503875856,0.475158283
AOI-0051,2020-05-11,0.691601814,landsat,2020,new,7.000000000,0.651313235,0.632125523,0.643638150,0.632125523,0.643638150,0.632125531,0.643638154,0.632125531,0.643638154,0.632125531,0.643638154,0.632125523,0.643638150
AOI-0051,2020-05-24,0.770614474,modis,2020,new,7.000000000,0.774672206,0.797812088,0.783928159,0.797812088,0.783928159,0.797799335,0.783923057,0.797799335,0.783923057,0.797799335,0.783923057,0.797798220,0.783922612
AOI-0051,2020-07-19,0.391933058,s2,2020,new,7.000000000,0.380321548,0.374150562,0.377853153,0.374150562,0.377853153,0.374150562,0.377853153,0.374150562,0.377853153,0.374150562,0.377853153,0.374150562,0.377853153
AOI-0051,2020-07-22,0.467700338,landsat,2020,new,8.000000000,0.400637344,0.364586407,0.386216969,0.364586407,0.386216969,0.388437519,0.395757414,0.388437519,0.395757414,0.388437519,0.395757414,0.364586407,0.386216969
AOI-0051,2020-09-01,0.336527651,landsat,2020,new,8.000000000,0.312633392,0.328089046,0.318815653,0.328089046,0.318815653,0.327323843,0.318509572,0.327323843,0.318509572,0.327323843,0.318509572,0.294134468,0.305233822
AOI-0051,2020-09-09,0.336853888,landsat,2020,new,7.000000000,0.301680723,0.278256330,0.292310966,0.350423341,0.321177770,0.283905010,0.294570438,0.283905010,0.294570438,0.283905010,0.294570438,0.314339836,0.306744368
AOI-0051,2020-09-17,0.237510791,s2,2020,new,7.000000000,0.262492401,0.277597747,0.268534539,0.277597747,0.268534539,0.277597747,0.268534539,0.277597747,0.268534539,0.277597747,0.268534539,0.277597747,0.268534539
AOI-0051,2021-05-07,0.867845490,landsat,2021,new,8.000000000,0.728608588,0.700427138,0.717336008,0.700427138,0.717336008,0.697719189,0.716252828,0.697719189,0.716252828,0.697719189,0.716252828,0.690664078,0.713430784
AOI-0051,2021-05-14,0.835326831,landsat,2021,new,7.000000000,0.810067338,0.794394325,0.803798133,0.794394325,0.803798133,0.786862158,0.800785266,0.786862158,0.800785266,0.786862158,0.800785266,0.792777206,0.803151285
AOI-0051,2021-05-31,0.863903313,landsat,2021,new,8.000000000,0.723571078,0.725742052,0.724439468,0.725742052,0.724439468,0.725742050,0.724439467,0.725742050,0.724439467,0.725742050,0.724439467,0.725742052,0.724439468
AOI-0051,2021-07-17,0.365371148,landsat,2021,new,7.000000000,0.368784691,0.360046359,0.365289358,0.360046359,0.365289358,0.356111737,0.363715510,0.356111737,0.363715510,0.356111737,0.363715510,0.356528491,0.363882211
AOI-0051,2021-07-26,0.335664876,landsat,2021,new,8.000000000,0.272970158,0.247034979,0.262596086,0.331513283,0.296387408,0.249232443,0.263475072,0.249232443,0.263475072,0.249232443,0.263475072,0.247594207,0.262819777
AOI-0051,2021-07-29,0.256923318,s2,2021,new,7.000000000,0.259849058,0.238633020,0.251362643,0.238633020,0.251362643,0.238880694,0.251461712,0.238880694,0.251461712,0.238880694,0.251461712,0.244078176,0.253540705
AOI-0051,2021-08-13,0.491636316,modis,2021,new,8.000000000,0.416087068,0.442216016,0.426538647,0.442216016,0.426538647,0.442211475,0.426536831,0.442211475,0.426536831,0.442211475,0.426536831,0.442138517,0.426507647
AOI-0051,2021-10-06,0.371861271,landsat,2021,new,7.000000000,0.317493218,0.341153954,0.326957512,0.341153954,0.326957512,0.340639937,0.326751906,0.340639937,0.326751906,0.340639937,0.326751906,0.340808230,0.326819223
AOI-0051,2022-05-10,0.273597392,s2,2022,new,7.000000000,0.409809573,0.423430713,0.415258029,0.423430713,0.415258029,0.423504556,0.415287566,0.423504556,0.415287566,0.423504556,0.415287566,0.423459127,0.415269394
AOI-0051,2022-06-29,0.777455495,s2,2022,new,7.000000000,0.757518341,0.762131729,0.759363696,0.762131729,0.759363696,0.761569301,0.759138725,0.761569301,0.759138725,0.761569301,0.759138725,0.746095991,0.752949401
AOI-0051,2022-08-08,0.752400855,s2,2022,new,7.000000000,0.737823130,0.726205776,0.733176188,0.726205776,0.733176188,0.726390661,0.733250142,0.726390661,0.733250142,0.726390661,0.733250142,0.732113682,0.735539351
AOI-0051,2022-08-14,0.668836830,landsat,2022,new,inf,0.707133694,0.715192609,0.710357260,0.715192609,0.710357260,0.715192605,0.710357258,0.715192605,0.710357258,0.715192605,0.710357258,0.715192605,0.710357258
AOI-0051,2022-08-23,0.615959520,s2,2022,new,7.000000000,0.591195126,0.582113299,0.587562396,0.582113299,0.587562396,0.582181119,0.587589523,0.582181119,0.587589523,0.582181119,0.587589523,0.584610664,0.588561342
AOI-0051,2022-09-15,0.571746951,landsat,2022,new,inf,0.429288549,0.443916217,0.435139616,0.443916217,0.435139616,0.443916210,0.435139613,0.443916210,0.435139613,0.443916210,0.435139613,0.443916210,0.435139613
AOI-0051,2022-10-17,0.266261392,s2,2022,new,22.000000000,0.321204999,0.341669317,0.329390726,0.341669317,0.329390726,0.343659701,0.330186880,0.343659701,0.330186880,0.343659701,0.330186880,0.390340230,0.348859091
AOI-0051,2023-04-02,0.758484712,landsat,2023,new,7.000000000,0.566595761,0.558745165,0.563455523,0.500306012,0.540079861,0.554488828,0.561752988,0.554488828,0.561752988,0.554488828,0.561752988,0.529525588,0.551767692
AOI-0051,2023-05-20,0.860508997,s2,2023,new,8.000000000,0.857017880,0.852763372,0.855316077,0.852763372,0.855316077,0.852808758,0.855334231,0.852808758,0.855334231,0.852808758,0.855334231,0.852763372,0.855316077
AOI-0051,2023-06-05,0.844182586,landsat,2023,new,7.000000000,0.822539621,0.825733716,0.823817259,0.825733716,0.823817259,0.825733687,0.823817247,0.825733687,0.823817247,0.825733687,0.823817247,0.825733716,0.823817259
AOI-0051,2023-06-22,0.566961002,landsat,2023,new,7.000000000,0.607834671,0.617302780,0.611621915,0.617302780,0.611621915,0.617245424,0.611598972,0.617245424,0.611598972,0.617245424,0.611598972,0.612986808,0.609895526
AOI-0051,2023-06-23,0.575526341,landsat,2023,new,7.000000000,0.594863967,0.590763565,0.593223806,0.590763565,0.593223806,0.590753360,0.593219724,0.590753360,0.593219724,0.590753360,0.593219724,0.590760231,0.593222472
AOI-0051,2023-06-29,0.476552006,landsat,2023,new,7.000000000,0.422136009,0.360259013,0.397385211,0.360259013,0.397385211,0.360259016,0.397385212,0.360259016,0.397385212,0.360259016,0.397385212,0.360259013,0.397385211
AOI-0051,2023-08-29,0.474419474,modis,2023,new,7.000000000,0.386030235,0.419453264,0.399399447,0.419453264,0.399399447,0.419453264,0.399399446,0.419453264,0.399399446,0.419453264,0.399399446,0.419453264,0.399399447
AOI-0051,2023-09-17,0.363981284,s2,2023,new,8.000000000,0.365014578,0.336195731,0.353487039,0.336195731,0.353487039,0.336195732,0.353487039,0.336195732,0.353487039,0.336195732,0.353487039,0.336195731,0.353487039
AOI-0051,2023-09-26,0.419281131,landsat,2023,new,8.000000000,0.387277548,0.418802180,0.399887401,0.418802180,0.399887401,0.418740020,0.399862537,0.418740020,0.399862537,0.418740020,0.399862537,0.416842060,0.399103353
AOI-0051,2024-04-06,0.489590263,modis,2024,new,7.000000000,0.354704496,0.263532830,0.318235829,0.443719621,0.390310546,0.274426086,0.322593132,0.274426086,0.322593132,0.274426086,0.322593132,0.315891307,0.339179220
AOI-0051,2024-05-06,0.485032962,landsat,2024,new,7.000000000,0.462480845,0.410454767,0.441670414,0.508897921,0.481047675,0.411359570,0.442032335,0.411359570,0.442032335,0.411359570,0.442032335,0.413667457,0.442955490
AOI-0051,2024-05-07,0.477698169,landsat,2024,new,7.000000000,0.479226220,0.510452878,0.491716883,0.510452878,0.491716883,0.510349500,0.491675532,0.510349500,0.491675532,0.510349500,0.491675532,0.504001063,0.489136157
AOI-0051,2024-05-23,0.558368579,landsat,2024,new,8.000000000,0.541420567,0.522951681,0.534033013,0.522951681,0.534033013,0.521957682,0.533635413,0.521957682,0.533635413,0.521957682,0.533635413,0.480836949,0.517187120
AOI-0051,2024-06-18,0.511843829,s2,2024,new,10.000000000,0.529731891,0.518024241,0.525048831,0.518024241,0.525048831,0.520538950,0.526054715,0.520538950,0.526054715,0.520538950,0.526054715,0.569276006,0.545549537
AOI-0051,2024-08-26,0.346270406,landsat,2024,new,7.000000000,0.311838606,0.338092251,0.322340064,0.338092251,0.322340064,0.336292309,0.321620087,0.336292309,0.321620087,0.336292309,0.321620087,0.338092251,0.322340064
AOI-0051,2024-09-06,0.237354343,s2,2024,new,7.000000000,0.267695813,0.233660961,0.254081872,0.233660961,0.254081872,0.235351190,0.254757964,0.235351190,0.254757964,0.235351190,0.254757964,0.241975677,0.257407759
AOI-0051,2024-09-29,0.345636053,modis,2024,new,7.000000000,0.325414872,0.309088239,0.318884219,0.359259886,0.338952877,0.331830678,0.327981194,0.331830678,0.327981194,0.331830678,0.327981194,0.356003603,0.337650365
AOI-0051,2024-10-11,0.208108701,s2,2024,new,8.000000000,0.254080229,0.256588360,0.255083482,0.256588360,0.255083482,0.256588361,0.255083482,0.256588361,0.255083482,0.256588361,0.255083482,0.256588360,0.255083482
AOI-0051,2025-04-15,0.753509229,landsat,2025,new,1.000000000,0.783410885,0.793029544,0.787258348,0.793029544,0.787258348,0.793029544,0.787258348,0.793029544,0.787258348,0.793029544,0.787258348,0.793029544,0.787258348
AOI-0051,2025-04-23,0.853425243,landsat,2025,new,1.000000000,0.843871935,0.831576603,0.838953802,0.831576603,0.838953802,0.831576603,0.838953802,0.831576603,0.838953802,0.831576603,0.838953802,0.831552225,0.838944051
AOI-0051,2025-04-29,0.879290343,s2,2025,new,1.000000000,0.848827220,0.846765078,0.848002363,0.846765078,0.848002363,0.846765078,0.848002363,0.846765078,0.848002363,0.846765078,0.848002363,0.846765078,0.848002363
AOI-0051,2025-06-08,0.502333163,s2,2025,new,1.000000000,0.544877763,0.544435428,0.544700829,0.544435428,0.544700829,0.544435428,0.544700829,0.544435428,0.544700829,0.544435428,0.544700829,0.544435428,0.544700829
AOI-0051,2025-08-22,0.164363590,s2,2025,new,1.000000000,0.177262274,0.159647061,0.170216188,0.159647061,0.170216188,0.159647061,0.170216188,0.159647061,0.170216188,0.159647061,0.170216188,0.159647061,0.170216188
AOI-0051,2025-08-27,0.170496567,s2,2025,new,1.000000000,0.173111299,0.155781949,0.166179559,0.155781949,0.166179559,0.155781949,0.166179559,0.155781949,0.166179559,0.155781949,0.166179559,0.155781949,0.166179559
AOI-0051,2025-08-30,0.231633585,landsat,2025,new,1.000000000,0.224559464,0.227972431,0.225924651,0.227972431,0.225924651,0.227972431,0.225924651,0.227972431,0.225924651,0.227972431,0.225924651,0.227718571,0.225823106
AOI-0051,2025-09-06,0.221490599,landsat,2025,new,2.000000000,0.181772684,0.150451137,0.169244065,0.214937938,0.195038786,0.158876984,0.172614404,0.158876984,0.172614404,0.214937938,0.195038786,0.158539385,0.172479364
AOI-0051,2025-10-28,0.437148493,s2,2025,new,1.000000000,0.373705611,0.395423717,0.382392854,0.395423717,0.382392854,0.395423717,0.382392854,0.395423717,0.382392854,0.395423717,0.382392854,0.395423717,0.382392854
AOI-0052,2025-04-23,0.281448311,landsat,2025,shared,2.000000000,0.349565102,0.435242881,0.383836214,0.435242881,0.383836214,0.434578060,0.383570286,0.434578060,0.383570286,0.357725110,0.352829105,0.431726761,0.382429766
AOI-0052,2025-04-29,0.190650764,s2,2025,shared,1.000000000,0.166186817,0.174266777,0.169418801,0.174266777,0.169418801,0.174266777,0.169418801,0.174266777,0.169418801,0.174266777,0.169418801,0.174266777,0.169418801
AOI-0052,2025-05-24,0.251016871,s2,2025,shared,1.000000000,0.220282875,0.263817402,0.237696686,0.263817402,0.237696686,0.263817402,0.237696686,0.263817402,0.237696686,0.263817402,0.237696686,0.263817402,0.237696686
AOI-0052,2025-06-03,0.344399033,s2,2025,shared,1.000000000,0.382848138,0.352958407,0.370892246,0.352958407,0.370892246,0.352958407,0.370892246,0.352958407,0.370892246,0.352958407,0.370892246,0.352958407,0.370892246
AOI-0052,2025-06-26,0.736334394,modis,2025,shared,1.000000000,0.660619507,0.677858128,0.667514955,0.677858128,0.667514955,0.677858128,0.667514955,0.677858128,0.667514955,0.677858128,0.667514955,0.677858128,0.667514955
AOI-0052,2025-07-21,0.346962884,landsat,2025,shared,1.000000000,0.379028282,0.392238375,0.384312319,0.392238375,0.384312319,0.392238375,0.384312319,0.392238375,0.384312319,0.392238375,0.384312319,0.389840843,0.383353306
AOI-0052,2025-07-23,0.230443006,s2,2025,shared,1.000000000,0.315311012,0.272250280,0.298086719,0.272250280,0.298086719,0.272250280,0.298086719,0.272250280,0.298086719,0.272250280,0.298086719,0.274988622,0.299182056
AOI-0052,2025-07-29,0.282334914,landsat,2025,shared,1.000000000,0.285868649,0.281070956,0.283949572,0.281070956,0.283949572,0.281070956,0.283949572,0.281070956,0.283949572,0.281070956,0.283949572,0.281070956,0.283949572
AOI-0052,2025-09-23,0.194813490,landsat,2025,shared,1.000000000,0.170126368,0.165548027,0.168295032,0.200321962,0.182204606,0.200321962,0.182204606,0.200321962,0.182204606,0.200321962,0.182204606,0.169156629,0.169738473
AOI-0053,2025-06-02,0.461965659,landsat,2025,shared,1.000000000,0.537891546,0.581014657,0.555140791,0.581014657,0.555140791,0.581014657,0.555140791,0.581014657,0.555140791,0.581014657,0.555140791,0.581014657,0.555140791
AOI-0053,2025-06-03,0.418977335,s2,2025,shared,2.000000000,0.502486299,0.440570219,0.477719867,0.440570219,0.477719867,0.440570220,0.477719867,0.440570220,0.477719867,0.440570219,0.477719867,0.440570219,0.477719867
AOI-0053,2025-06-11,0.351416566,landsat,2025,shared,1.000000000,0.365805117,0.367457621,0.366466118,0.367457621,0.366466118,0.367457621,0.366466118,0.367457621,0.366466118,0.367457621,0.366466118,0.366402091,0.366043907
AOI-0053,2025-06-19,0.290079955,landsat,2025,shared,1.000000000,0.318778010,0.348353647,0.330608265,0.348353647,0.330608265,0.348353647,0.330608265,0.348353647,0.330608265,0.348353647,0.330608265,0.348353647,0.330608265
AOI-0053,2025-07-12,0.184230902,landsat,2025,shared,1.000000000,0.240586619,0.300618642,0.264599428,0.240766198,0.240658450,0.240766198,0.240658450,0.240766198,0.240658450,0.240766198,0.240658450,0.288564789,0.259777887
AOI-0053,2025-07-30,0.130127716,s2,2025,shared,1.000000000,0.146983591,0.143873277,0.145739466,0.143873277,0.145739466,0.143873277,0.145739466,0.143873277,0.145739466,0.143873277,0.145739466,0.143873277,0.145739466
AOI-0053,2025-08-21,0.197788675,landsat,2025,shared,1.000000000,0.194869880,0.202722925,0.198011098,0.202722925,0.198011098,0.202722925,0.198011098,0.202722925,0.198011098,0.202722925,0.198011098,0.202722925,0.198011098
AOI-0054,2025-04-01,0.505112230,s2,2025,new,1.000000000,0.458255465,0.439501616,0.450753926,0.439501616,0.450753926,0.439501616,0.450753926,0.439501616,0.450753926,0.439501616,0.450753926,0.439501616,0.450753926
AOI-0054,2025-04-24,0.736501390,s2,2025,new,1.000000000,0.710112132,0.679504754,0.697869181,0.679504754,0.697869181,0.679504754,0.697869181,0.679504754,0.697869181,0.679504754,0.697869181,0.679504754,0.697869181
AOI-0054,2025-05-09,0.785877391,s2,2025,new,1.000000000,0.756372146,0.777038034,0.764638501,0.705762648,0.736128347,0.705762648,0.736128347,0.705762648,0.736128347,0.709955318,0.737805415,0.777004715,0.764625173
AOI-0054,2025-06-27,0.807127887,landsat,2025,new,1.000000000,0.756526072,0.730251400,0.746016203,0.762567278,0.758942554,0.762567278,0.758942554,0.762567278,0.758942554,0.762567278,0.758942554,0.730586740,0.746150339
AOI-0054,2025-08-09,0.678503423,s2,2025,new,2.000000000,0.681654657,0.668152865,0.676253940,0.668152865,0.676253940,0.668152864,0.676253940,0.668152864,0.676253940,0.668152865,0.676253940,0.668152865,0.676253940
AOI-0054,2025-08-17,0.771333859,s2,2025,new,1.000000000,0.692196568,0.700241352,0.695414482,0.700241352,0.695414482,0.700241352,0.695414482,0.700241352,0.695414482,0.700241352,0.695414482,0.699856658,0.695260604
AOI-0054,2025-10-08,0.660010914,s2,2025,new,1.000000000,0.704409798,0.697580959,0.701678262,0.697580959,0.701678262,0.697580959,0.701678262,0.697580959,0.701678262,0.697580959,0.701678262,0.697580959,0.701678262
AOI-0054,2025-10-28,0.638801003,s2,2025,new,2.000000000,0.589494784,0.562292032,0.578613683,0.562292032,0.578613683,0.562292031,0.578613683,0.562292031,0.578613683,0.562292032,0.578613683,0.562292032,0.578613683
AOI-0055,2025-04-14,0.398931829,s2,2025,shared,1.000000000,0.383089724,0.374942444,0.379830812,0.374942444,0.379830812,0.374942444,0.379830812,0.374942444,0.379830812,0.374942444,0.379830812,0.374942444,0.379830812
AOI-0055,2025-05-14,0.453853000,s2,2025,shared,2.000000000,0.455604343,0.440366614,0.449509251,0.440366614,0.449509251,0.440366615,0.449509252,0.440366615,0.449509252,0.440366614,0.449509251,0.440366614,0.449509251
AOI-0055,2025-07-12,0.478389456,landsat,2025,shared,1.000000000,0.488869696,0.506555057,0.495943840,0.525216648,0.503408476,0.525216648,0.503408476,0.525216648,0.503408476,0.525216648,0.503408476,0.509028526,0.496933228
AOI-0055,2025-07-13,0.421736266,s2,2025,shared,1.000000000,0.481036604,0.495194832,0.486699895,0.495194832,0.486699895,0.495194832,0.486699895,0.495194832,0.486699895,0.495194832,0.486699895,0.495194832,0.486699895
AOI-0055,2025-08-02,0.246429209,s2,2025,shared,1.000000000,0.386823824,0.392290570,0.389010523,0.392290570,0.389010523,0.392290570,0.389010523,0.392290570,0.389010523,0.392290570,0.389010523,0.392290570,0.389010523
AOI-0055,2025-08-06,0.440554679,landsat,2025,shared,1.000000000,0.395785308,0.388839607,0.393007027,0.419766414,0.405377750,0.419766414,0.405377750,0.419766414,0.405377750,0.419766414,0.405377750,0.393940936,0.395047559
AOI-0055,2025-08-09,0.380326209,s2,2025,shared,3.000000000,0.379434230,0.384263765,0.381366044,0.384263765,0.381366044,0.384263765,0.381366044,0.384263765,0.381366044,0.384263765,0.381366044,0.384263765,0.381366044
AOI-0055,2025-08-21,0.417103798,landsat,2025,shared,1.000000000,0.399889588,0.403841155,0.401470215,0.403841155,0.401470215,0.403841155,0.401470215,0.403841155,0.401470215,0.403841155,0.401470215,0.403841155,0.401470215
AOI-0056,2025-04-11,0.711639805,s2,2025,shared,1.000000000,0.663132312,0.655357410,0.660022351,0.655357410,0.660022351,0.655357410,0.660022351,0.655357410,0.660022351,0.655357410,0.660022351,0.655357410,0.660022351
AOI-0056,2025-06-13,0.370385725,s2,2025,shared,1.000000000,0.375632477,0.370124759,0.373429390,0.370124759,0.373429390,0.370124759,0.373429390,0.370124759,0.373429390,0.370124759,0.373429390,0.405640440,0.387635662
AOI-0056,2025-06-27,0.340560018,landsat,2025,shared,1.000000000,0.323955790,0.322086006,0.323207877,0.382248131,0.347272727,0.382248131,0.347272727,0.382248131,0.347272727,0.382248131,0.347272727,0.322819691,0.323501351
AOI-0056,2025-07-05,0.300654201,landsat,2025,shared,2.000000000,0.248759500,0.228497949,0.240654879,0.314317048,0.274982519,0.229180865,0.240928046,0.229180865,0.240928046,0.314317048,0.274982519,0.228970123,0.240843749
AOI-0056,2025-08-07,0.144907821,s2,2025,shared,1.000000000,0.177157906,0.174181314,0.175967270,0.174181314,0.175967270,0.174181314,0.175967270,0.174181314,0.175967270,0.174181314,0.175967270,0.174667555,0.176161766
AOI-0056,2025-08-27,0.190078313,s2,2025,shared,1.000000000,0.175560710,0.174479104,0.175128068,0.174479104,0.175128068,0.174479104,0.175128068,0.174479104,0.175128068,0.174479104,0.175128068,0.174479104,0.175128068
AOI-0056,2025-10-08,0.197186954,s2,2025,shared,1.000000000,0.187696123,0.185259912,0.186721639,0.185259912,0.186721639,0.185259912,0.186721639,0.185259912,0.186721639,0.185259912,0.186721639,0.185259912,0.186721639
AOI-0056,2025-10-17,0.250740134,landsat,2025,shared,1.000000000,0.237872772,0.269691478,0.250600254,0.269691478,0.250600254,0.269691478,0.250600254,0.269691478,0.250600254,0.269691478,0.250600254,0.269691478,0.250600254
AOI-0057,2025-04-14,0.671057469,s2,2025,new,1.000000000,0.723510982,0.739598619,0.729946037,0.739598619,0.729946037,0.739598619,0.729946037,0.739598619,0.729946037,0.739598619,0.729946037,0.739598619,0.729946037
AOI-0057,2025-05-17,0.561431096,landsat,2025,new,1.000000000,0.736643963,0.746701465,0.740666964,0.746701465,0.740666964,0.746701465,0.740666964,0.746701465,0.740666964,0.746701465,0.740666964,0.746701465,0.740666964
AOI-0057,2025-07-05,0.245027877,landsat,2025,new,1.000000000,0.217975660,0.211734579,0.215479228,0.289206164,0.246467862,0.289206164,0.246467862,0.289206164,0.246467862,0.289206164,0.246467862,0.212247424,0.215684366
AOI-0057,2025-07-23,0.210366341,s2,2025,new,1.000000000,0.200304053,0.207517116,0.203189278,0.207517116,0.203189278,0.207517116,0.203189278,0.207517116,0.203189278,0.207517116,0.203189278,0.210113177,0.204227702
AOI-0057,2025-08-09,0.134082579,s2,2025,new,3.000000000,0.145467522,0.145789708,0.145596396,0.145789708,0.145596396,0.145789708,0.145596396,0.145789708,0.145596396,0.145789708,0.145596396,0.145789708,0.145596396
AOI-0057,2025-08-13,0.201610179,landsat,2025,new,1.000000000,0.244391972,0.272215704,0.255521465,0.203279804,0.227947105,0.203279804,0.227947105,0.203279804,0.227947105,0.203279804,0.227947105,0.269094309,0.254272907
AOI-0057,2025-08-19,0.133508359,s2,2025,new,1.000000000,0.153615729,0.147870999,0.151317837,0.147870999,0.151317837,0.147870999,0.151317837,0.147870999,0.151317837,0.147870999,0.151317837,0.147870999,0.151317837
AOI-0057,2025-09-26,0.189877068,s2,2025,new,1.000000000,0.165123474,0.161527090,0.163684921,0.161527090,0.163684921,0.161527090,0.163684921,0.161527090,0.163684921,0.161527090,0.163684921,0.162967574,0.164261114
AOI-0058,2010-06-02,0.536658496,landsat,2010,new,1.000000000,0.614212364,0.596639530,0.607183230,0.596639530,0.607183230,0.596639530,0.607183230,0.596639530,0.607183230,0.596639530,0.607183230,0.596639530,0.607183230
AOI-0058,2010-07-27,0.662993931,landsat,2010,new,7.000000000,0.603812950,0.619711494,0.610172368,0.619711494,0.610172368,0.619711462,0.610172355,0.619711462,0.610172355,0.619711462,0.610172355,0.619711494,0.610172368
AOI-0058,2010-08-05,0.481903852,landsat,2010,new,1.000000000,0.493010973,0.474803449,0.485727963,0.474803449,0.485727963,0.474803449,0.485727963,0.474803449,0.485727963,0.474803449,0.485727963,0.474803449,0.485727963
AOI-0058,2010-09-30,0.396063269,modis,2010,new,1.000000000,0.388705586,0.449140594,0.412879589,0.449140594,0.412879589,0.449140594,0.412879589,0.449140594,0.412879589,0.449140594,0.412879589,0.449140594,0.412879589
AOI-0058,2011-06-20,0.669330767,landsat,2011,new,1.000000000,0.703429533,0.726081102,0.712490161,0.726081102,0.712490161,0.726081102,0.712490161,0.726081102,0.712490161,0.726081102,0.712490161,0.726081102,0.712490161
AOI-0058,2011-07-06,0.502743911,landsat,2011,new,1.000000000,0.575878528,0.602774033,0.586636730,0.602774033,0.586636730,0.602774033,0.586636730,0.602774033,0.586636730,0.602774033,0.586636730,0.602774033,0.586636730
AOI-0058,2011-08-07,0.396577937,landsat,2011,new,1.000000000,0.388112963,0.397808426,0.391991148,0.397808426,0.391991148,0.397808426,0.391991148,0.397808426,0.391991148,0.397808426,0.391991148,0.397808426,0.391991148
AOI-0058,2011-09-24,0.196546002,landsat,2011,new,1.000000000,0.255964953,0.248559908,0.253002935,0.248559908,0.253002935,0.248559908,0.253002935,0.248559908,0.253002935,0.248559908,0.253002935,0.248559908,0.253002935
AOI-0058,2012-07-25,0.528469014,landsat,2012,new,1.000000000,0.521802226,0.508441140,0.516457791,0.508441140,0.516457791,0.508441140,0.516457791,0.508441140,0.516457791,0.508441140,0.516457791,0.508441140,0.516457791
AOI-0058,2012-08-26,0.341965025,landsat,2012,new,30.000000000,0.457186623,0.432412508,0.447276977,0.432412508,0.447276977,0.432412508,0.447276977,0.432412508,0.447276977,0.432412508,0.447276977,0.432412508,0.447276977
AOI-0058,2012-10-15,0.650810389,modis,2012,new,1.000000000,0.498584662,0.491124301,0.495600517,0.491124301,0.495600517,0.491124301,0.495600517,0.491124301,0.495600517,0.491124301,0.495600517,0.496569408,0.497778560
AOI-0058,2013-05-25,0.444952916,landsat,2013,new,1.000000000,0.589780030,0.646431229,0.612440510,0.443414055,0.531233640,0.443414055,0.531233640,0.443414055,0.531233640,0.443414055,0.531233640,0.645937345,0.612242956
AOI-0058,2013-08-21,0.277890409,landsat,2013,new,7.000000000,0.263623458,0.243114867,0.255420022,0.243114867,0.255420022,0.243114867,0.255420022,0.243114867,0.255420022,0.243114867,0.255420022,0.243114867,0.255420022
AOI-0058,2013-08-29,0.285201484,modis,2013,new,1.000000000,0.306039380,0.323561367,0.313048175,0.323561367,0.313048175,0.323561367,0.313048175,0.323561367,0.313048175,0.323561367,0.313048175,0.323561367,0.313048175
AOI-0058,2013-09-30,0.638264506,landsat,2013,new,1.000000000,0.306896288,0.317345961,0.311076158,0.317345961,0.311076158,0.317345961,0.311076158,0.317345961,0.311076158,0.317345961,0.311076158,0.317345961,0.311076158
AOI-0058,2014-05-09,0.806312029,modis,2014,new,4.000000000,0.832962488,0.830888367,0.832132839,0.830888367,0.832132839,0.830888367,0.832132839,0.830888367,0.832132839,0.830888367,0.832132839,0.830888367,0.832132839
AOI-0058,2014-05-19,0.796619684,landsat,2014,new,1.000000000,0.833308900,0.858350795,0.843325658,0.858350795,0.843325658,0.858350795,0.843325658,0.858350795,0.843325658,0.858350795,0.843325658,0.858350795,0.843325658
AOI-0058,2014-07-28,0.477526909,modis,2014,new,4.000000000,0.341300227,0.343263978,0.342085728,0.343263978,0.342085728,0.343263978,0.342085727,0.343263978,0.342085727,0.343263978,0.342085727,0.343263978,0.342085728
AOI-0058,2014-07-30,0.251413280,landsat,2014,new,1.000000000,0.261241738,0.248527317,0.256155970,0.248527317,0.256155970,0.248527317,0.256155970,0.248527317,0.256155970,0.248527317,0.256155970,0.248527317,0.256155970
AOI-0058,2014-10-11,0.234533807,landsat,2014,new,1.000000000,0.288619230,0.302688149,0.294246798,0.302688149,0.294246798,0.302688149,0.294246798,0.302688149,0.294246798,0.302688149,0.294246798,0.302688149,0.294246798
AOI-0058,2015-05-22,0.589594766,landsat,2015,new,7.000000000,0.615646468,0.558502584,0.592788915,0.558502584,0.592788915,0.558502635,0.592788935,0.558502635,0.592788935,0.558502635,0.592788935,0.558502584,0.592788915
AOI-0058,2015-07-18,0.679450208,landsat,2015,new,1.000000000,0.691426035,0.763160513,0.720119827,0.763160513,0.720119827,0.763160513,0.720119827,0.763160513,0.720119827,0.763160513,0.720119827,0.763160513,0.720119827
AOI-0058,2015-07-26,0.729954845,landsat,2015,new,1.000000000,0.680340359,0.674390416,0.677960382,0.674390416,0.677960382,0.674390416,0.677960382,0.674390416,0.677960382,0.674390416,0.677960382,0.674390416,0.677960382
AOI-0058,2015-09-19,0.553690629,landsat,2015,new,1.000000000,0.475260695,0.504987058,0.487151240,0.504987058,0.487151240,0.504987058,0.487151240,0.504987058,0.487151240,0.504987058,0.487151240,0.504987058,0.487151240
AOI-0058,2015-09-28,0.523382154,landsat,2015,new,1.000000000,0.446586897,0.466982530,0.454745150,0.466982530,0.454745150,0.466982530,0.454745150,0.466982530,0.454745150,0.466982530,0.454745150,0.466982530,0.454745150
AOI-0058,2015-10-05,0.517252103,landsat,2015,new,1.000000000,0.419558249,0.428093087,0.422972184,0.428093087,0.422972184,0.428093087,0.422972184,0.428093087,0.422972184,0.428093087,0.422972184,0.428093087,0.422972184
AOI-0058,2016-05-25,0.900501315,landsat,2016,new,7.000000000,0.852476822,0.883543928,0.864903665,0.883543928,0.864903665,0.883543926,0.864903664,0.883543926,0.864903664,0.883543926,0.864903664,0.883543928,0.864903665
AOI-0058,2016-06-25,0.699722508,landsat,2016,new,1.000000000,0.642237598,0.616112647,0.631787617,0.733002199,0.678543438,0.733002199,0.678543438,0.733002199,0.678543438,0.733002199,0.678543438,0.622988503,0.634537960
AOI-0058,2016-08-12,0.592955741,landsat,2016,new,1.000000000,0.390907859,0.384454520,0.388326523,0.384432344,0.388317653,0.384432344,0.388317653,0.384432344,0.388317653,0.384432344,0.388317653,0.384454249,0.388326415
AOI-0058,2016-09-13,0.483753126,landsat,2016,new,3.000000000,0.537273290,0.522722999,0.531453173,0.522722999,0.531453173,0.522475557,0.531354197,0.522475557,0.531354197,0.522475557,0.531354197,0.520267362,0.530470918
AOI-0058,2017-05-19,0.902999246,landsat,2017,new,1.000000000,0.838719687,0.862164839,0.848097748,0.862164839,0.848097748,0.862164839,0.848097748,0.862164839,0.848097748,0.862164839,0.848097748,0.862164839,0.848097748
AOI-0058,2017-06-05,0.833481991,s2,2017,new,1.000000000,0.821035161,0.788797193,0.808139974,0.788797193,0.808139974,0.788797193,0.808139974,0.788797193,0.808139974,0.788797193,0.808139974,0.788797193,0.808139974
AOI-0058,2017-06-20,0.848669170,landsat,2017,new,1.000000000,0.788259294,0.835797536,0.807274591,0.835797536,0.807274591,0.835797536,0.807274591,0.835797536,0.807274591,0.835797536,0.807274591,0.835797536,0.807274591
AOI-0058,2017-06-28,0.532019191,landsat,2017,new,1.000000000,0.560110005,0.574034073,0.565679632,0.574034073,0.565679632,0.574034073,0.565679632,0.574034073,0.565679632,0.574034073,0.565679632,0.574034073,0.565679632
AOI-0058,2017-07-28,0.389504257,modis,2017,new,7.000000000,0.354086539,0.378716150,0.363938384,0.378716150,0.363938384,0.378716150,0.363938384,0.378716150,0.363938384,0.378716150,0.363938384,0.378716150,0.363938384
AOI-0058,2017-08-08,0.233641034,landsat,2017,new,7.000000000,0.254607254,0.243926865,0.250335098,0.243926865,0.250335098,0.243926424,0.250334922,0.243926424,0.250334922,0.243926424,0.250334922,0.240815818,0.249090680
AOI-0058,2017-09-01,0.261255960,landsat,2017,new,1.000000000,0.254927249,0.222109006,0.241799952,0.222109006,0.241799952,0.222109006,0.241799952,0.222109006,0.241799952,0.222109006,0.241799952,0.222109006,0.241799952
AOI-0058,2017-09-14,0.345758699,modis,2017,new,3.000000000,0.293748710,0.319350063,0.303989251,0.319350063,0.303989251,0.319350063,0.303989251,0.319350063,0.303989251,0.319350063,0.303989251,0.319350063,0.303989251
AOI-0058,2018-04-05,0.498356187,landsat,2018,new,1.000000000,0.478158805,0.448050505,0.466115485,0.448050505,0.466115485,0.448050505,0.466115485,0.448050505,0.466115485,0.448050505,0.466115485,0.448050505,0.466115485
AOI-0058,2018-04-23,0.610694610,modis,2018,new,1.000000000,0.592361514,0.602337980,0.596352101,0.602337980,0.596352101,0.602337980,0.596352101,0.602337980,0.596352101,0.602337980,0.596352101,0.602313740,0.596342404
AOI-0058,2018-06-10,0.644285315,modis,2018,new,1.000000000,0.652894044,0.628034216,0.642950113,0.628034216,0.642950113,0.628034216,0.642950113,0.628034216,0.642950113,0.628034216,0.642950113,0.652231009,0.652628830
AOI-0058,2018-07-18,0.479393790,landsat,2018,new,inf,0.494987676,0.520770645,0.505300864,0.520770645,0.505300864,0.520770639,0.505300861,0.520770639,0.505300861,0.520770639,0.505300861,0.520770639,0.505300861
AOI-0058,2018-07-28,0.520375005,modis,2018,new,1.000000000,0.505561405,0.523608598,0.512780282,0.523608598,0.512780282,0.523608598,0.512780282,0.523608598,0.512780282,0.523608598,0.512780282,0.523383534,0.512690256
AOI-0058,2018-08-26,0.409745074,landsat,2018,new,1.000000000,0.398724762,0.386660390,0.393899013,0.386660390,0.393899013,0.386660390,0.393899013,0.386660390,0.393899013,0.386660390,0.393899013,0.386660390,0.393899013
AOI-0058,2018-09-13,0.393251277,s2,2018,new,1.000000000,0.432384680,0.406571229,0.422059300,0.406571229,0.422059300,0.406571229,0.422059300,0.406571229,0.422059300,0.406571229,0.422059300,0.405889772,0.421786717
AOI-0058,2018-10-05,0.459292239,landsat,2018,new,1.000000000,0.421241324,0.407056053,0.415567215,0.407056053,0.415567215,0.407056053,0.415567215,0.407056053,0.415567215,0.407056053,0.415567215,0.407056053,0.415567215
AOI-0058,2019-04-11,0.680936503,s2,2019,new,3.000000000,0.708498920,0.656674162,0.687769017,0.656674162,0.687769017,0.656674176,0.687769022,0.656674176,0.687769022,0.656674176,0.687769022,0.656674162,0.687769017
AOI-0058,2019-04-24,0.796555080,landsat,2019,new,1.000000000,0.815755117,0.816941709,0.816229754,0.816941709,0.816229754,0.816941709,0.816229754,0.816941709,0.816229754,0.816941709,0.816229754,0.810245899,0.813551430
AOI-0058,2019-05-31,0.859187254,s2,2019,new,1.000000000,0.830383888,0.866220152,0.844718394,0.866220152,0.844718394,0.866220152,0.844718394,0.866220152,0.844718394,0.866220152,0.844718394,0.866220152,0.844718394
AOI-0058,2019-06-05,0.845393453,s2,2019,new,3.000000000,0.820519227,0.844524620,0.830121384,0.844524620,0.830121384,0.844455942,0.830093913,0.844455942,0.830093913,0.844455942,0.830093913,0.844089061,0.829947160
AOI-0058,2019-07-05,0.229776235,s2,2019,new,1.000000000,0.216195374,0.218454070,0.217098853,0.218454070,0.217098853,0.218454070,0.217098853,0.218454070,0.217098853,0.218454070,0.217098853,0.218454070,0.217098853
AOI-0058,2019-07-28,0.295749583,landsat,2019,new,3.000000000,0.297324135,0.374261934,0.328099255,0.374261934,0.328099255,0.374147521,0.328053489,0.374147521,0.328053489,0.374147521,0.328053489,0.372973051,0.327583701
AOI-0058,2019-08-14,0.159878563,s2,2019,new,1.000000000,0.171827256,0.173038516,0.172311760,0.173038516,0.172311760,0.173038516,0.172311760,0.173038516,0.172311760,0.173038516,0.172311760,0.173038516,0.172311760
AOI-0058,2019-09-18,0.113293626,s2,2019,new,1.000000000,0.092523805,0.132954516,0.108696090,0.132954516,0.108696090,0.132954516,0.108696090,0.132954516,0.108696090,0.132954516,0.108696090,0.132954516,0.108696090
AOI-0058,2020-04-02,0.473299439,landsat,2020,new,1.000000000,0.329833028,0.323902304,0.327460739,0.366510078,0.344503848,0.366510078,0.344503848,0.366510078,0.344503848,0.366510078,0.344503848,0.326408644,0.328463274
AOI-0058,2020-04-09,0.463430969,landsat,2020,new,15.000000000,0.379846313,0.392758219,0.385011075,0.392758219,0.385011075,0.365980403,0.374299949,0.365980403,0.374299949,0.365980403,0.374299949,0.307503696,0.350909266
AOI-0058,2020-05-27,0.628003176,landsat,2020,new,1.000000000,0.566176185,0.530721625,0.551994361,0.591781269,0.576418219,0.591781269,0.576418219,0.591781269,0.576418219,0.591781269,0.576418219,0.540793319,0.556023039
AOI-0058,2020-06-28,0.616354677,landsat,2020,new,1.000000000,0.546105735,0.550425485,0.547833635,0.550425485,0.547833635,0.550425485,0.547833635,0.550425485,0.547833635,0.550425485,0.547833635,0.549299434,0.547383214
AOI-0058,2020-07-07,0.519586717,landsat,2020,new,1.000000000,0.513192443,0.518528987,0.515327061,0.518528987,0.515327061,0.518528987,0.515327061,0.518528987,0.515327061,0.518528987,0.515327061,0.511227486,0.512406460
AOI-0058,2020-07-31,0.323377979,landsat,2020,new,1.000000000,0.387092910,0.349881302,0.372208267,0.394018333,0.389863079,0.394018333,0.389863079,0.394018333,0.389863079,0.394018333,0.389863079,0.371949818,0.381035673
AOI-0058,2020-08-16,0.351076499,landsat,2020,new,1.000000000,0.385785244,0.432077729,0.404302238,0.432077729,0.404302238,0.432077729,0.404302238,0.432077729,0.404302238,0.432077729,0.404302238,0.419074927,0.399101117
AOI-0058,2020-09-01,0.302388696,landsat,2020,new,1.000000000,0.336392921,0.335155240,0.335897849,0.335155240,0.335897849,0.335155240,0.335897849,0.335155240,0.335897849,0.335155240,0.335897849,0.325142123,0.331892602
AOI-0058,2020-09-12,0.297501823,s2,2020,new,1.000000000,0.314597014,0.307927820,0.311929336,0.307927820,0.311929336,0.307927820,0.311929336,0.307927820,0.311929336,0.307927820,0.311929336,0.308599767,0.312198115
AOI-0058,2021-04-07,0.738160627,modis,2021,new,1.000000000,0.523643963,0.511969631,0.518974230,0.511969631,0.518974230,0.511969631,0.518974230,0.511969631,0.518974230,0.511969631,0.518974230,0.511969631,0.518974230
AOI-0058,2021-05-07,0.575493114,landsat,2021,new,1.000000000,0.580077422,0.594191462,0.585723038,0.594191462,0.585723038,0.594191462,0.585723038,0.594191462,0.585723038,0.594191462,0.585723038,0.524972577,0.558035484
AOI-0058,2021-06-23,0.648070641,landsat,2021,new,inf,0.732437544,0.727602566,0.730503553,0.727602566,0.730503553,0.737607952,0.734505707,0.737607952,0.734505707,0.737607952,0.734505707,0.727602566,0.730503553
AOI-0058,2021-07-19,0.476981128,s2,2021,new,1.000000000,0.456259968,0.472746441,0.462854558,0.472746441,0.462854558,0.472746441,0.462854558,0.472746441,0.462854558,0.472746441,0.462854558,0.475063739,0.463781477
AOI-0058,2021-07-26,0.495681288,landsat,2021,new,1.000000000,0.407541060,0.400822549,0.404853655,0.431975384,0.417314789,0.431975384,0.417314789,0.431975384,0.417314789,0.431975384,0.417314789,0.401028774,0.404936145
AOI-0058,2021-08-08,0.103720874,s2,2021,new,3.000000000,0.316187092,0.294309048,0.307435874,0.294309048,0.307435874,0.294309049,0.307435875,0.294309049,0.307435875,0.294309049,0.307435875,0.294309048,0.307435874
AOI-0058,2021-10-16,0.399164226,modis,2021,new,3.000000000,0.427952658,0.463237710,0.442066679,0.463237710,0.442066679,0.462992140,0.441968451,0.462992140,0.441968451,0.462992140,0.441968451,0.455295949,0.438889975
AOI-0058,2021-10-27,0.419883798,s2,2021,new,1.000000000,0.366692969,0.395950017,0.378395788,0.395950017,0.378395788,0.395950017,0.378395788,0.395950017,0.378395788,0.395950017,0.378395788,0.395950017,0.378395788
AOI-0058,2022-04-07,0.558774410,landsat,2022,new,4.000000000,0.700562008,0.652642729,0.681394297,0.652642729,0.681394297,0.652280483,0.681249398,0.652280483,0.681249398,0.652280483,0.681249398,0.651908598,0.681100644
AOI-0058,2022-07-20,0.252033137,landsat,2022,new,7.000000000,0.236297906,0.230253433,0.233880117,0.230253433,0.233880117,0.230253437,0.233880118,0.230253437,0.233880118,0.230253437,0.233880118,0.230253433,0.233880117
AOI-0058,2022-08-03,0.153062232,s2,2022,new,3.000000000,0.136788627,0.163518439,0.147480552,0.163518439,0.147480552,0.163526115,0.147483622,0.163526115,0.147483622,0.163526115,0.147483622,0.194045328,0.159691307
AOI-0058,2022-08-14,0.411141520,landsat,2022,new,inf,0.275992152,0.264186806,0.271270014,0.264186806,0.271270014,0.264186806,0.271270014,0.264186806,0.271270014,0.264186806,0.271270014,0.264186806,0.271270014
AOI-0058,2022-08-30,0.302811635,landsat,2022,new,3.000000000,0.228464687,0.212048909,0.221898375,0.212048909,0.221898375,0.216910966,0.223843198,0.216910966,0.223843198,0.216910966,0.223843198,0.214416036,0.222845226
AOI-0058,2022-09-06,0.278965236,landsat,2022,new,1.000000000,0.247843256,0.259512934,0.252511127,0.259512934,0.252511127,0.259512934,0.252511127,0.259512934,0.252511127,0.259512934,0.252511127,0.259512934,0.252511127
AOI-0058,2022-10-12,0.150910650,s2,2022,new,1.000000000,0.153831688,0.169667768,0.160166120,0.169667768,0.160166120,0.169667768,0.160166120,0.169667768,0.160166120,0.169667768,0.160166120,0.169667768,0.160166120
AOI-0058,2023-04-07,0.564358680,modis,2023,new,1.000000000,0.470709367,0.530637891,0.494680776,0.530637891,0.494680776,0.530637891,0.494680776,0.530637891,0.494680776,0.530637891,0.494680776,0.492209219,0.479309308
AOI-0058,2023-05-25,0.845189240,modis,2023,new,3.000000000,0.761633541,0.818518672,0.784387593,0.818518672,0.784387593,0.817061897,0.783804883,0.817061897,0.783804883,0.817061897,0.783804883,0.814493042,0.782777341
AOI-0058,2023-05-28,0.807048283,landsat,2023,new,1.000000000,0.736372916,0.729589235,0.733659444,0.729589235,0.733659444,0.729589235,0.733659444,0.729589235,0.733659444,0.729589235,0.733659444,0.729589235,0.733659444
AOI-0058,2023-06-10,0.798998672,modis,2023,new,1.000000000,0.802081971,0.807035626,0.804063433,0.807035626,0.804063433,0.807035626,0.804063433,0.807035626,0.804063433,0.807035626,0.804063433,0.807035626,0.804063433
AOI-0058,2023-06-21,0.806223657,landsat,2023,new,1.000000000,0.797761815,0.863021829,0.823865821,0.807366202,0.801603570,0.807366202,0.801603570,0.807366202,0.801603570,0.807366202,0.801603570,0.849644660,0.818514953
AOI-0058,2023-07-15,0.808327722,landsat,2023,new,1.000000000,0.840204943,0.852357814,0.845066091,0.852357814,0.845066091,0.852357814,0.845066091,0.852357814,0.845066091,0.852357814,0.845066091,0.852357814,0.845066091
AOI-0058,2023-08-28,0.453195290,s2,2023,new,1.000000000,0.433673443,0.435270407,0.434312229,0.435270407,0.434312229,0.435270407,0.434312229,0.435270407,0.434312229,0.435270407,0.434312229,0.438335511,0.435538270
AOI-0058,2023-09-07,0.474174401,s2,2023,new,1.000000000,0.452650686,0.447349598,0.450530251,0.447349598,0.450530251,0.447349598,0.450530251,0.447349598,0.450530251,0.447349598,0.450530251,0.447349598,0.450530251
AOI-0058,2023-09-17,0.507553679,s2,2023,new,1.000000000,0.491666620,0.467985814,0.482194298,0.467985814,0.482194298,0.467985814,0.482194298,0.467985814,0.482194298,0.467985814,0.482194298,0.467985814,0.482194298
AOI-0058,2023-09-26,0.519420180,landsat,2023,new,1.000000000,0.510411117,0.529981884,0.518239424,0.529981884,0.518239424,0.529981884,0.518239424,0.529981884,0.518239424,0.529981884,0.518239424,0.527520909,0.517255034
AOI-0058,2024-04-22,0.735153759,modis,2024,new,3.000000000,0.792634239,0.829667077,0.807447374,0.829667077,0.807447374,0.828421374,0.806949093,0.828421374,0.806949093,0.828421374,0.806949093,0.828793292,0.807097860
AOI-0058,2024-05-23,0.655847700,landsat,2024,new,1.000000000,0.732865681,0.696004925,0.718121378,0.696004925,0.718121378,0.696004925,0.718121378,0.696004925,0.718121378,0.696004925,0.718121378,0.702727120,0.720810257
AOI-0058,2024-06-18,0.277450586,s2,2024,new,3.000000000,0.431074349,0.375978038,0.409035825,0.375978038,0.409035825,0.378426432,0.410015182,0.378426432,0.410015182,0.378426432,0.410015182,0.425878246,0.428995908
AOI-0058,2024-07-02,0.372193600,landsat,2024,new,1.000000000,0.368028385,0.389861315,0.376761557,0.389861315,0.376761557,0.389861315,0.376761557,0.389861315,0.376761557,0.389861315,0.376761557,0.389038264,0.376432336
AOI-0058,2024-08-10,0.326786375,landsat,2024,new,1.000000000,0.273679299,0.280734223,0.276501268,0.280734223,0.276501268,0.280734223,0.276501268,0.280734223,0.276501268,0.280734223,0.276501268,0.280087510,0.276242583
AOI-0058,2024-09-26,0.198172527,s2,2024,new,1.000000000,0.198893387,0.204302538,0.201057048,0.204302538,0.201057048,0.204302538,0.201057048,0.204302538,0.201057048,0.204302538,0.201057048,0.204302538,0.201057048
AOI-0058,2024-10-06,0.197123531,s2,2024,new,1.000000000,0.213740572,0.214845816,0.214182670,0.214845816,0.214182670,0.214845816,0.214182670,0.214845816,0.214182670,0.214845816,0.214182670,0.214845816,0.214182670
AOI-0058,2024-10-11,0.187836974,s2,2024,new,1.000000000,0.193016406,0.199676449,0.195680423,0.199676449,0.195680423,0.199676449,0.195680423,0.199676449,0.195680423,0.199676449,0.195680423,0.199676449,0.195680423
AOI-0058,2025-04-11,0.467823752,s2,2025,new,1.000000000,0.389675358,0.395497713,0.392004300,0.395497713,0.392004300,0.395497713,0.392004300,0.395497713,0.392004300,0.395497713,0.392004300,0.395497713,0.392004300
AOI-0058,2025-04-14,0.471133514,s2,2025,new,1.000000000,0.408294633,0.417592068,0.412013607,0.417592068,0.412013607,0.417592068,0.412013607,0.417592068,0.412013607,0.417592068,0.412013607,0.417592068,0.412013607
AOI-0058,2025-04-23,0.696139063,landsat,2025,new,1.000000000,0.581390981,0.677237913,0.619729754,0.677237913,0.619729754,0.677237913,0.619729754,0.677237913,0.619729754,0.601867830,0.589581721,0.672712945,0.617919767
AOI-0058,2025-05-14,0.220332284,s2,2025,new,1.000000000,0.301831813,0.267411243,0.288063585,0.267411243,0.288063585,0.267411243,0.288063585,0.267411243,0.288063585,0.267411243,0.288063585,0.267411243,0.288063585
AOI-0058,2025-06-11,0.429484286,landsat,2025,new,1.000000000,0.484481978,0.521825395,0.499419345,0.521825395,0.499419345,0.521825395,0.499419345,0.521825395,0.499419345,0.521825395,0.499419345,0.512417478,0.495656178
AOI-0058,2025-07-04,0.664898035,landsat,2025,new,1.000000000,0.645737508,0.690185863,0.663516850,0.690185863,0.663516850,0.690185863,0.663516850,0.690185863,0.663516850,0.690185863,0.663516850,0.690185863,0.663516850
AOI-0058,2025-09-23,0.218296833,landsat,2025,new,1.000000000,0.192563236,0.184694125,0.189415592,0.227336714,0.206472627,0.227336714,0.206472627,0.227336714,0.206472627,0.227336714,0.206472627,0.190154599,0.191599781
AOI-0058,2025-10-08,0.143925122,s2,2025,new,1.000000000,0.179313548,0.163985791,0.173182445,0.163985791,0.173182445,0.163985791,0.173182445,0.163985791,0.173182445,0.163985791,0.173182445,0.163985791,0.173182445
AOI-0059,2010-07-27,0.612677882,landsat,2010,new,8.000000000,0.628043357,0.656500130,0.639426066,0.656500130,0.639426066,0.656500031,0.639426027,0.656500031,0.639426027,0.656500031,0.639426027,0.656500130,0.639426066
AOI-0059,2010-09-06,0.259101710,landsat,2010,new,1.000000000,0.245191562,0.237638671,0.242170405,0.237638671,0.242170405,0.237638671,0.242170405,0.237638671,0.242170405,0.237638671,0.242170405,0.237638671,0.242170405
AOI-0059,2010-09-14,0.335042555,modis,2010,new,1.000000000,0.347884330,0.366878109,0.355481842,0.366878109,0.355481842,0.366878109,0.355481842,0.366878109,0.355481842,0.366878109,0.355481842,0.366878109,0.355481842
AOI-0059,2010-10-16,0.313736803,landsat,2010,new,1.000000000,0.383651440,0.415400341,0.396351000,0.319424819,0.357960792,0.319424819,0.357960792,0.319424819,0.357960792,0.367412580,0.377155896,0.412268182,0.395098137
AOI-0059,2011-04-02,0.223498037,landsat,2011,new,31.000000000,0.469071317,0.511899699,0.486202670,0.511899699,0.486202670,0.511899696,0.486202669,0.511899696,0.486202669,0.511899696,0.486202669,0.511899699,0.486202670
AOI-0059,2011-05-09,0.907293816,modis,2011,new,1.000000000,0.749272791,0.781643670,0.762221142,0.781643670,0.762221142,0.781643670,0.762221142,0.781643670,0.762221142,0.781643670,0.762221142,0.781643670,0.762221142
AOI-0059,2011-06-13,0.705600517,landsat,2011,new,1.000000000,0.671128435,0.694269804,0.680384983,0.694269804,0.680384983,0.694269804,0.680384983,0.694269804,0.680384983,0.694269804,0.680384983,0.694269804,0.680384983
AOI-0059,2011-08-13,0.518083035,modis,2011,new,1.000000000,0.499711771,0.558821679,0.523355734,0.558821679,0.523355734,0.558821679,0.523355734,0.558821679,0.523355734,0.558821679,0.523355734,0.558821679,0.523355734
AOI-0059,2012-04-22,0.867633442,modis,2012,new,2.000000000,0.839408011,0.839568104,0.839472048,0.839568104,0.839472048,0.839598578,0.839484238,0.839598578,0.839484238,0.839568104,0.839472048,0.839601638,0.839485462
AOI-0059,2012-06-09,0.839752685,modis,2012,new,2.000000000,0.775577577,0.764244370,0.771044294,0.764244370,0.771044294,0.765093261,0.771383851,0.765093261,0.771383851,0.764244370,0.771044294,0.767762193,0.772451424
AOI-0059,2012-09-18,0.190076945,landsat,2012,new,1.000000000,0.280709975,0.306306255,0.290948487,0.306306255,0.290948487,0.306306255,0.290948487,0.306306255,0.290948487,0.306306255,0.290948487,0.306306255,0.290948487
AOI-0059,2013-04-08,0.821136522,landsat,2013,new,1.000000000,0.802596918,0.826022191,0.811967027,0.826022191,0.811967027,0.826022191,0.811967027,0.826022191,0.811967027,0.826022191,0.811967027,0.826022191,0.811967027
AOI-0059,2013-07-11,0.298144091,landsat,2013,new,8.000000000,0.234219313,0.221217681,0.229018660,0.221217681,0.229018660,0.221217696,0.229018666,0.221217696,0.229018666,0.221217696,0.229018666,0.221217681,0.229018660
AOI-0059,2013-08-12,0.271776555,landsat,2013,new,1.000000000,0.216192910,0.229392247,0.221472645,0.229392247,0.221472645,0.229392247,0.221472645,0.229392247,0.221472645,0.229392247,0.221472645,0.229392247,0.221472645
AOI-0059,2013-08-20,0.169482080,landsat,2013,new,1.000000000,0.217687523,0.224445838,0.220390849,0.224445838,0.220390849,0.224445838,0.220390849,0.224445838,0.220390849,0.224445838,0.220390849,0.224445838,0.220390849
AOI-0059,2014-04-25,0.875427704,landsat,2014,new,8.000000000,0.866223376,0.878906236,0.871296520,0.878906236,0.871296520,0.878905997,0.871296425,0.878905997,0.871296425,0.878905997,0.871296425,0.878906236,0.871296520
AOI-0059,2014-06-26,0.506527583,modis,2014,new,1.000000000,0.338716471,0.395224011,0.361319487,0.395224011,0.361319487,0.395224011,0.361319487,0.395224011,0.361319487,0.395224011,0.361319487,0.395224011,0.361319487
AOI-0059,2014-07-12,0.409257689,modis,2014,new,1.000000000,0.322636418,0.337107027,0.328424662,0.337107027,0.328424662,0.337107027,0.328424662,0.337107027,0.328424662,0.337107027,0.328424662,0.337107027,0.328424662
AOI-0059,2014-07-28,0.381437388,modis,2014,new,3.000000000,0.320400346,0.335085995,0.326274606,0.335085995,0.326274606,0.335085995,0.326274606,0.335085995,0.326274606,0.335085995,0.326274606,0.335085995,0.326274606
AOI-0059,2014-08-15,0.224949181,landsat,2014,new,1.000000000,0.242073538,0.245701648,0.243524782,0.245701648,0.243524782,0.245701648,0.243524782,0.245701648,0.243524782,0.245701648,0.243524782,0.245701648,0.243524782
AOI-0059,2014-08-24,0.222343022,landsat,2014,new,1.000000000,0.225286082,0.235822920,0.229500817,0.235822920,0.229500817,0.235822920,0.229500817,0.235822920,0.229500817,0.235822920,0.229500817,0.235822920,0.229500817
AOI-0059,2015-04-12,0.231124849,landsat,2015,new,1.000000000,0.653798861,0.525866743,0.602626014,0.525866743,0.602626014,0.525866743,0.602626014,0.525866743,0.602626014,0.525866743,0.602626014,0.525866743,0.602626014
AOI-0059,2015-06-26,0.800380879,modis,2015,new,1.000000000,0.811521907,0.790749935,0.803213118,0.790749935,0.803213118,0.790749935,0.803213118,0.790749935,0.803213118,0.790749935,0.803213118,0.790749935,0.803213118
AOI-0059,2015-07-28,0.699587632,modis,2015,new,1.000000000,0.758907140,0.686583076,0.729977515,0.686583076,0.729977515,0.686583076,0.729977515,0.686583076,0.729977515,0.686583076,0.729977515,0.700189153,0.735419945
AOI-0059,2015-08-03,0.757849868,landsat,2015,new,1.000000000,0.798348834,0.805607941,0.801252477,0.805607941,0.801252477,0.805607941,0.801252477,0.805607941,0.801252477,0.805607941,0.801252477,0.805607941,0.801252477
AOI-0059,2015-08-27,0.651697806,landsat,2015,new,1.000000000,0.628352704,0.633326457,0.630342205,0.633326457,0.630342205,0.633326457,0.630342205,0.633326457,0.630342205,0.633326457,0.630342205,0.633326457,0.630342205
AOI-0059,2016-07-03,0.387916652,landsat,2016,new,1.000000000,0.402950727,0.387427956,0.396741618,0.387427956,0.396741618,0.387427956,0.396741618,0.387427956,0.396741618,0.387427956,0.396741618,0.387427956,0.396741618
AOI-0059,2016-07-28,0.298065408,landsat,2016,new,8.000000000,0.241949691,0.253021504,0.246378416,0.253021504,0.246378416,0.253021504,0.246378416,0.253021504,0.246378416,0.253021504,0.246378416,0.253021504,0.246378416
AOI-0059,2016-08-20,0.226111341,landsat,2016,new,1.000000000,0.221908927,0.221521068,0.221753783,0.221521068,0.221753783,0.221521068,0.221753783,0.221521068,0.221753783,0.221521068,0.221753783,0.221521068,0.221753783
AOI-0059,2016-08-29,0.217247049,landsat,2016,new,1.000000000,0.221414417,0.225538616,0.223064097,0.225538616,0.223064097,0.225538616,0.223064097,0.225538616,0.223064097,0.225538616,0.223064097,0.225538616,0.223064097
AOI-0059,2016-09-13,0.174309376,landsat,2016,new,2.000000000,0.295902043,0.344793954,0.315458808,0.344793954,0.315458808,0.343288741,0.314856722,0.343288741,0.314856722,0.344793954,0.315458808,0.329856071,0.309483654
AOI-0059,2017-04-17,0.811090382,landsat,2017,new,1.000000000,0.810664467,0.829278283,0.818109993,0.829278283,0.818109993,0.829278283,0.818109993,0.829278283,0.818109993,0.829278283,0.818109993,0.829278283,0.818109993
AOI-0059,2017-05-03,0.863320488,landsat,2017,new,1.000000000,0.889146594,0.893246762,0.890786661,0.893246762,0.890786661,0.893246762,0.890786661,0.893246762,0.890786661,0.893246762,0.890786661,0.893246762,0.890786661
AOI-0059,2017-08-08,0.196572013,landsat,2017,new,8.000000000,0.223350985,0.211732643,0.218703648,0.211732643,0.218703648,0.211732035,0.218703405,0.211732035,0.218703405,0.211732035,0.218703405,0.207444504,0.216988393
AOI-0059,2017-08-14,0.162068216,s2,2017,new,1.000000000,0.162239671,0.155268388,0.159451158,0.155268388,0.159451158,0.155268388,0.159451158,0.155268388,0.159451158,0.155268388,0.159451158,0.155268388,0.159451158
AOI-0059,2017-09-08,0.234908996,landsat,2017,new,1.000000000,0.180910383,0.162565251,0.173572330,0.224879563,0.198498055,0.224879563,0.198498055,0.224879563,0.198498055,0.224879563,0.198498055,0.224879563,0.198498055
AOI-0059,2017-09-14,0.326311554,modis,2017,new,2.000000000,0.281892650,0.300724142,0.289425247,0.300724142,0.289425247,0.300724142,0.289425246,0.300724142,0.289425246,0.300724142,0.289425247,0.300724142,0.289425247
AOI-0059,2017-10-18,0.051437698,landsat,2017,new,1.000000000,0.126759829,0.061886289,0.100810413,0.061886289,0.100810413,0.061886289,0.100810413,0.061886289,0.100810413,0.061886289,0.100810413,0.096576510,0.114686502
AOI-0059,2018-04-04,0.242573062,landsat,2018,new,1.000000000,0.254913656,0.254507843,0.254751331,0.254507843,0.254751331,0.254507843,0.254751331,0.254507843,0.254751331,0.254507843,0.254751331,0.254507843,0.254751331
AOI-0059,2018-04-28,0.244405343,landsat,2018,new,1.000000000,0.227665848,0.186165716,0.211065795,0.257934861,0.239773453,0.257934861,0.239773453,0.257934861,0.239773453,0.257934861,0.239773453,0.222050288,0.225419624
AOI-0059,2018-05-25,0.654622742,modis,2018,new,1.000000000,0.561887986,0.592464065,0.574118418,0.592464065,0.574118418,0.592464065,0.574118418,0.592464065,0.574118418,0.592464065,0.574118418,0.578970725,0.568721082
AOI-0059,2018-06-08,0.498986160,landsat,2018,new,1.000000000,0.502359785,0.509089726,0.505051761,0.509089726,0.505051761,0.509089726,0.505051761,0.509089726,0.505051761,0.509089726,0.505051761,0.509089726,0.505051761
AOI-0059,2018-08-19,0.294432180,landsat,2018,new,1.000000000,0.284619755,0.287105302,0.285613974,0.287105302,0.285613974,0.287105302,0.285613974,0.287105302,0.285613974,0.287105302,0.285613974,0.287105302,0.285613974
AOI-0059,2018-08-27,0.219735540,landsat,2018,new,1.000000000,0.259729528,0.267511815,0.262842443,0.267511815,0.262842443,0.267511815,0.262842443,0.267511815,0.262842443,0.267511815,0.262842443,0.267511815,0.262842443
AOI-0059,2018-10-30,0.251307480,landsat,2018,new,1.000000000,0.291587866,0.314199709,0.300632603,0.314199709,0.300632603,0.314199709,0.300632603,0.314199709,0.300632603,0.314199709,0.300632603,0.314199709,0.300632603
AOI-0059,2019-06-25,0.226157511,s2,2019,new,3.000000000,0.293093535,0.277434359,0.286829865,0.277434359,0.286829865,0.277434360,0.286829865,0.277434360,0.286829865,0.277434360,0.286829865,0.277434359,0.286829865
AOI-0059,2019-07-12,0.318934731,landsat,2019,new,1.000000000,0.294675069,0.346884199,0.315558721,0.265952802,0.283186162,0.265952802,0.283186162,0.265952802,0.283186162,0.265952802,0.283186162,0.346348451,0.315344422
AOI-0059,2019-07-28,0.331898038,landsat,2019,new,2.000000000,0.297999832,0.354651968,0.320660686,0.354651968,0.320660686,0.354553779,0.320621411,0.354553779,0.320621411,0.354651968,0.320660686,0.353525613,0.320210144
AOI-0059,2019-08-09,0.181011093,s2,2019,new,1.000000000,0.186472194,0.188709437,0.187367092,0.188709437,0.187367092,0.188709437,0.187367092,0.188709437,0.187367092,0.188709437,0.187367092,0.192019006,0.188690919
AOI-0059,2019-08-22,0.248953192,landsat,2019,new,1.000000000,0.224362002,0.252242474,0.235514191,0.252242474,0.235514191,0.252242474,0.235514191,0.252242474,0.235514191,0.252242474,0.235514191,0.248406347,0.233979740
AOI-0059,2019-09-15,0.214715595,landsat,2019,new,1.000000000,0.180716337,0.159639333,0.172285536,0.211819870,0.193157751,0.211819870,0.193157751,0.211819870,0.193157751,0.185729602,0.182721643,0.185729602,0.182721643
AOI-0059,2019-10-09,0.279351141,landsat,2019,new,1.000000000,0.280077591,0.272870589,0.277194790,0.272870589,0.277194790,0.272870589,0.277194790,0.272870589,0.277194790,0.272870589,0.277194790,0.272870589,0.277194790
AOI-0059,2020-04-06,0.425479455,modis,2020,new,1.000000000,0.355773749,0.396378361,0.372015594,0.396378361,0.372015594,0.396378361,0.372015594,0.396378361,0.372015594,0.396378361,0.372015594,0.396378361,0.372015594
AOI-0059,2020-04-22,0.417249837,modis,2020,new,1.000000000,0.254540392,0.172403826,0.221685766,0.434003035,0.326325449,0.434003035,0.326325449,0.434003035,0.326325449,0.303203430,0.274005608,0.248419033,0.252091849
AOI-0059,2020-06-14,0.828860937,s2,2020,new,1.000000000,0.728458138,0.691798493,0.713794280,0.691798493,0.713794280,0.691798493,0.713794280,0.691798493,0.713794280,0.716781333,0.723787416,0.716781333,0.723787416
AOI-0059,2020-06-29,0.829867564,s2,2020,new,2.000000000,0.788712624,0.800920682,0.793595847,0.800920682,0.793595847,0.800920682,0.793595847,0.800920682,0.793595847,0.800920682,0.793595847,0.800920682,0.793595847
AOI-0059,2020-08-08,0.662365735,s2,2020,new,1.000000000,0.657983227,0.641794668,0.651507804,0.641794668,0.651507804,0.641794668,0.651507804,0.641794668,0.651507804,0.641794668,0.651507804,0.641794668,0.651507804
AOI-0059,2020-08-23,0.571873684,s2,2020,new,8.000000000,0.560927667,0.574544177,0.566374271,0.574544177,0.566374271,0.574544177,0.566374271,0.574544177,0.566374271,0.574544177,0.566374271,0.574544177,0.566374271
AOI-0059,2020-08-24,0.595507353,landsat,2020,new,1.000000000,0.579568004,0.589018088,0.583348038,0.589018088,0.583348038,0.589018088,0.583348038,0.589018088,0.583348038,0.589018088,0.583348038,0.589018088,0.583348038
AOI-0059,2020-08-31,0.561408961,landsat,2020,new,1.000000000,0.505050754,0.533322381,0.516359405,0.533322381,0.516359405,0.533322381,0.516359405,0.533322381,0.516359405,0.533322381,0.516359405,0.515657077,0.509293283
AOI-0059,2020-09-02,0.511208493,s2,2020,new,1.000000000,0.493121658,0.563313767,0.521198502,0.563313767,0.521198502,0.563313767,0.521198502,0.563313767,0.521198502,0.563313767,0.521198502,0.536095867,0.510311342
AOI-0059,2020-09-24,0.467599196,landsat,2020,new,2.000000000,0.486593420,0.469061281,0.479580565,0.469061281,0.479580565,0.469374771,0.479705961,0.469374771,0.479705961,0.469061281,0.479580565,0.469950412,0.479936217
AOI-0059,2021-05-09,0.893557852,modis,2021,new,8.000000000,0.845704819,0.869205012,0.855104896,0.869205012,0.855104896,0.869205012,0.855104896,0.869205012,0.855104896,0.869205012,0.855104896,0.869205012,0.855104896
AOI-0059,2021-07-14,0.213875916,s2,2021,new,2.000000000,0.248502265,0.262978911,0.254292924,0.262978911,0.254292924,0.262978912,0.254292924,0.262978912,0.254292924,0.262978911,0.254292924,0.262978911,0.254292924
AOI-0059,2021-07-18,0.281052595,landsat,2021,new,1.000000000,0.298595436,0.322631727,0.308209953,0.322631727,0.308209953,0.322631727,0.308209953,0.322631727,0.308209953,0.322631727,0.308209953,0.322631727,0.308209953
AOI-0059,2021-07-24,0.200481612,s2,2021,new,1.000000000,0.232807286,0.262186449,0.244558951,0.262186449,0.244558951,0.262186449,0.244558951,0.262186449,0.244558951,0.262186449,0.244558951,0.262186449,0.244558951
AOI-0059,2021-09-03,0.809027756,landsat,2021,new,inf,0.663606935,0.680801253,0.670484662,0.680801253,0.670484662,0.680801510,0.670484765,0.680801510,0.670484765,0.680801510,0.670484765,0.680801510,0.670484765
AOI-0059,2021-10-02,0.213001240,s2,2021,new,1.000000000,0.261127124,0.255575495,0.258906472,0.255575495,0.258906472,0.255575495,0.258906472,0.255575495,0.258906472,0.255575495,0.258906472,0.255575495,0.258906472
AOI-0059,2021-10-30,0.280448039,landsat,2021,new,1.000000000,0.244852149,0.264495882,0.252709642,0.264495882,0.252709642,0.264495882,0.252709642,0.264495882,0.252709642,0.264495882,0.252709642,0.263745332,0.252409422
AOI-0059,2022-04-07,0.233013599,landsat,2022,new,3.000000000,0.382032249,0.250037373,0.329234299,0.250037373,0.329234299,0.251235327,0.329713480,0.251235327,0.329713480,0.251235327,0.329713480,0.251866612,0.329965994
AOI-0059,2022-04-25,0.313187281,s2,2022,new,1.000000000,0.345067017,0.259079456,0.310671993,0.259079456,0.310671993,0.259079456,0.310671993,0.259079456,0.310671993,0.259079456,0.310671993,0.260086801,0.311074931
AOI-0059,2022-06-24,0.785926912,s2,2022,new,inf,0.779581373,0.780561208,0.779973307,0.780561208,0.779973307,0.780561204,0.779973305,0.780561204,0.779973305,0.780561204,0.779973305,0.780561204,0.779973305
AOI-0059,2022-07-05,0.803345499,landsat,2022,new,1.000000000,0.788980605,0.801041254,0.793804864,0.801041254,0.793804864,0.801041254,0.793804864,0.801041254,0.793804864,0.801041254,0.793804864,0.801041254,0.793804864
AOI-0059,2022-07-13,0.774696738,landsat,2022,new,8.000000000,0.778184387,0.791082872,0.783343781,0.791082872,0.783343781,0.791082854,0.783343774,0.791082854,0.783343774,0.791082854,0.783343774,0.791082872,0.783343781
AOI-0059,2022-07-19,0.791259589,s2,2022,new,1.000000000,0.789092127,0.803299147,0.794774935,0.803299147,0.794774935,0.803299147,0.794774935,0.803299147,0.794774935,0.803299147,0.794774935,0.803299147,0.794774935
AOI-0059,2022-08-03,0.737178488,s2,2022,new,2.000000000,0.749831580,0.790367523,0.766045957,0.790367523,0.766045957,0.790367323,0.766045877,0.790367323,0.766045877,0.790367523,0.766045957,0.789581294,0.765731465
AOI-0059,2022-08-30,0.620224114,landsat,2022,new,2.000000000,0.548291260,0.544692202,0.546851637,0.544692202,0.546851637,0.544900601,0.546934996,0.544900601,0.546934996,0.544692202,0.546851637,0.544793662,0.546892221
AOI-0059,2023-04-18,0.794501677,landsat,2023,new,1.000000000,0.801706708,0.821084617,0.809457872,0.821084617,0.809457872,0.821084617,0.809457872,0.821084617,0.809457872,0.821084617,0.809457872,0.821084617,0.809457872
AOI-0059,2023-07-04,0.238243277,s2,2023,new,1.000000000,0.271823888,0.326463561,0.293679757,0.326463561,0.293679757,0.326463561,0.293679757,0.326463561,0.293679757,0.326463561,0.293679757,0.326463561,0.293679757
AOI-0059,2023-07-28,0.259319487,modis,2023,new,1.000000000,0.289025346,0.358977586,0.317006242,0.358977586,0.317006242,0.358977586,0.317006242,0.358977586,0.317006242,0.358977586,0.317006242,0.358977586,0.317006242
AOI-0059,2023-08-08,0.146368993,s2,2023,new,1.000000000,0.157159822,0.156022044,0.156704711,0.156022044,0.156704711,0.156022044,0.156704711,0.156022044,0.156704711,0.156022044,0.156704711,0.156048922,0.156715462
AOI-0059,2023-09-12,0.261645303,s2,2023,new,1.000000000,0.248565912,0.237723326,0.244228878,0.237723326,0.244228878,0.237723326,0.244228878,0.237723326,0.244228878,0.237723326,0.244228878,0.244384719,0.246893435
AOI-0059,2023-09-25,0.278169570,landsat,2023,new,1.000000000,0.282420518,0.290019649,0.285460171,0.290019649,0.285460171,0.290019649,0.285460171,0.290019649,0.285460171,0.290019649,0.285460171,0.286413353,0.284017652
AOI-0059,2023-10-02,0.146793288,s2,2023,new,1.000000000,0.160449323,0.160885130,0.160623646,0.160885130,0.160623646,0.160885130,0.160623646,0.160885130,0.160623646,0.160885130,0.160623646,0.160885130,0.160623646
AOI-0059,2023-10-07,0.171728609,s2,2023,new,1.000000000,0.167835796,0.153325660,0.162031742,0.153325660,0.162031742,0.153325660,0.162031742,0.153325660,0.162031742,0.153325660,0.162031742,0.154772189,0.162610354
AOI-0059,2023-10-11,0.281582093,landsat,2023,new,2.000000000,0.192707987,0.201933586,0.196398227,0.201933586,0.196398227,0.201770982,0.196333185,0.201770982,0.196333185,0.201933586,0.196398227,0.201895464,0.196382978
AOI-0059,2023-10-20,0.220713635,landsat,2023,new,1.000000000,0.230785148,0.227853612,0.229612534,0.227853612,0.229612534,0.227853612,0.229612534,0.227853612,0.229612534,0.227853612,0.229612534,0.227853612,0.229612534
AOI-0059,2024-04-06,0.437607364,modis,2024,new,1.000000000,0.391482945,0.262645872,0.339948116,0.484012421,0.428494735,0.484012421,0.428494735,0.484012421,0.428494735,0.373329146,0.384221426,0.326970318,0.365677894
AOI-0059,2024-05-09,0.163934708,s2,2024,new,31.000000000,0.283587966,0.273021081,0.279361212,0.273021081,0.279361212,0.286658069,0.284816007,0.286658069,0.284816007,0.286658069,0.284816007,0.407535480,0.333166972
AOI-0059,2024-05-30,0.509254621,landsat,2024,new,1.000000000,0.452349000,0.438292882,0.446726553,0.438292882,0.446726553,0.438292882,0.446726553,0.438292882,0.446726553,0.438292882,0.446726553,0.438292882,0.446726553
AOI-0059,2024-06-07,0.538683733,landsat,2024,new,1.000000000,0.489828834,0.485933239,0.488270596,0.485933239,0.488270596,0.485933239,0.488270596,0.485933239,0.488270596,0.485933239,0.488270596,0.484844989,0.487835296
AOI-0059,2024-06-18,0.616868143,s2,2024,new,2.000000000,0.518011354,0.497509709,0.509810696,0.497509709,0.509810696,0.499252538,0.510507828,0.499252538,0.510507828,0.497509709,0.509810696,0.533029951,0.524018793
AOI-0059,2024-07-10,0.428255796,landsat,2024,new,1.000000000,0.436958969,0.400134255,0.422229083,0.465994827,0.448573312,0.465994827,0.448573312,0.465994827,0.448573312,0.465994827,0.448573312,0.400390522,0.422331590
AOI-0059,2024-08-18,0.195526175,landsat,2024,new,8.000000000,0.230281305,0.211784732,0.222882676,0.211784732,0.222882676,0.211784725,0.222882673,0.211784725,0.222882673,0.211784725,0.222882673,0.211784732,0.222882676
AOI-0059,2024-09-03,0.215148684,landsat,2024,new,1.000000000,0.166342530,0.177687802,0.170880639,0.222325050,0.188735538,0.222325050,0.188735538,0.222325050,0.188735538,0.200006426,0.179808089,0.178232159,0.171098382
AOI-0059,2024-09-16,0.157318644,s2,2024,new,1.000000000,0.166741000,0.178164782,0.171310513,0.178164782,0.171310513,0.178164782,0.171310513,0.178164782,0.171310513,0.178164782,0.171310513,0.178164782,0.171310513
AOI-0059,2025-04-29,0.867024632,s2,2025,new,1.000000000,0.840528697,0.835582871,0.838550366,0.835582871,0.838550366,0.835582871,0.838550366,0.835582871,0.838550366,0.835582871,0.838550366,0.835582871,0.838550366
AOI-0059,2025-05-24,0.757026134,s2,2025,new,1.000000000,0.769333279,0.759701640,0.765480624,0.759701640,0.765480624,0.759701640,0.765480624,0.759701640,0.765480624,0.759701640,0.765480624,0.759701640,0.765480624
AOI-0059,2025-06-03,0.444560476,s2,2025,new,1.000000000,0.558161655,0.505816111,0.537223437,0.505816111,0.537223437,0.505816111,0.537223437,0.505816111,0.537223437,0.505816111,0.537223437,0.505816111,0.537223437
AOI-0059,2025-06-08,0.367305120,s2,2025,new,1.000000000,0.417669728,0.351115106,0.391047879,0.351115106,0.391047879,0.351115106,0.391047879,0.351115106,0.391047879,0.351115106,0.391047879,0.351115106,0.391047879
AOI-0059,2025-08-09,0.108369567,s2,2025,new,1.000000000,0.131714837,0.144213155,0.136714164,0.144213155,0.136714164,0.144213155,0.136714164,0.144213155,0.136714164,0.144213155,0.136714164,0.144213155,0.136714164
AOI-0059,2025-08-22,0.118394849,s2,2025,new,1.000000000,0.136618552,0.129283011,0.133684335,0.129283011,0.133684335,0.129283011,0.133684335,0.129283011,0.133684335,0.129283011,0.133684335,0.129283011,0.133684335
AOI-0059,2025-08-30,0.179876416,landsat,2025,new,1.000000000,0.187637785,0.194393040,0.190339887,0.194393040,0.190339887,0.194393040,0.190339887,0.194393040,0.190339887,0.194393040,0.190339887,0.193405362,0.189944816
AOI-0059,2025-09-26,0.170079227,s2,2025,new,1.000000000,0.174890505,0.180997915,0.177333469,0.180997915,0.177333469,0.180997915,0.177333469,0.180997915,0.177333469,0.180997915,0.177333469,0.182949444,0.178114080
AOI-0060,2025-04-24,0.750562618,s2,2025,shared,1.000000000,0.777214671,0.785197726,0.780407893,0.785197726,0.780407893,0.785197726,0.780407893,0.785197726,0.780407893,0.785197726,0.780407893,0.785197726,0.780407893
AOI-0060,2025-05-25,0.511683439,modis,2025,shared,1.000000000,0.605245429,0.616228709,0.609638741,0.616228709,0.609638741,0.555719005,0.585434859,0.555719005,0.585434859,0.555719005,0.585434859,0.614950559,0.609127481
AOI-0060,2025-06-27,0.702228692,landsat,2025,shared,1.000000000,0.607832736,0.585297384,0.598818596,0.585297384,0.598818596,0.601702243,0.605380539,0.601702243,0.605380539,0.601702243,0.605380539,0.585425049,0.598869661
AOI-0060,2025-07-23,0.268795368,s2,2025,shared,1.000000000,0.277745700,0.262636290,0.271701936,0.262636290,0.271701936,0.262636290,0.271701936,0.262636290,0.271701936,0.262636290,0.271701936,0.271978288,0.275438735
AOI-0060,2025-07-28,0.234374211,s2,2025,shared,1.000000000,0.275463616,0.242561915,0.262302936,0.242561915,0.262302936,0.242561915,0.262302936,0.242561915,0.262302936,0.242561915,0.262302936,0.292574371,0.282307918
AOI-0060,2025-08-07,0.178976111,s2,2025,shared,1.000000000,0.198247550,0.181951756,0.191729233,0.181951756,0.191729233,0.181951756,0.191729233,0.181951756,0.191729233,0.181951756,0.191729233,0.182920096,0.192116569
AOI-0060,2025-08-13,0.238591529,landsat,2025,shared,1.000000000,0.281735288,0.306725729,0.291731464,0.238759210,0.264544856,0.272742469,0.278138160,0.272742469,0.278138160,0.272742469,0.278138160,0.302143875,0.289898723
AOI-0060,2025-08-17,0.181153111,s2,2025,shared,1.000000000,0.179919194,0.167686023,0.175025925,0.167686023,0.175025925,0.167686023,0.175025925,0.167686023,0.175025925,0.167686023,0.175025925,0.169672929,0.175820688
AOI-0061,2010-04-07,0.358635331,modis,2010,new,1.000000000,0.337148185,0.462800373,0.387409060,0.462800373,0.387409060,0.462800373,0.387409060,0.462800373,0.387409060,0.405143478,0.364346302,0.460564219,0.386514599
AOI-0061,2010-05-02,0.274322742,landsat,2010,new,inf,0.321204778,0.330307593,0.324845904,0.330307593,0.324845904,0.330307597,0.324845905,0.330307597,0.324845905,0.330307597,0.324845905,0.330307593,0.324845904
AOI-0061,2010-07-28,0.636167710,modis,2010,new,1.000000000,0.580061070,0.569374152,0.575786303,0.569374152,0.575786303,0.569374152,0.575786303,0.569374152,0.575786303,0.607100824,0.590876972,0.571836570,0.576771270
AOI-0061,2011-05-25,0.800035775,modis,2011,new,1.000000000,0.697949263,0.734442242,0.712546455,0.734442242,0.712546455,0.734442242,0.712546455,0.734442242,0.712546455,0.734442242,0.712546455,0.734442242,0.712546455
AOI-0061,2011-08-01,0.436776304,landsat,2011,new,1.000000000,0.449897492,0.463976838,0.455529230,0.463976838,0.455529230,0.463976838,0.455529230,0.463976838,0.455529230,0.463976838,0.455529230,0.463976838,0.455529230
AOI-0061,2011-10-28,0.521371808,landsat,2011,new,1.000000000,0.520718228,0.506766371,0.515137485,0.506766371,0.515137485,0.506766371,0.515137485,0.506766371,0.515137485,0.506766371,0.515137485,0.506766371,0.515137485
AOI-0061,2012-05-31,0.680664045,landsat,2012,new,inf,0.648525809,0.624433462,0.638888870,0.624433462,0.638888870,0.624433464,0.638888871,0.624433464,0.638888871,0.624433464,0.638888871,0.624433464,0.638888871
AOI-0061,2012-06-25,0.723077585,modis,2012,new,1.000000000,0.706673491,0.678001299,0.695204615,0.678001299,0.695204615,0.678001299,0.695204615,0.678001299,0.695204615,0.678001299,0.695204615,0.689173386,0.699673449
AOI-0061,2012-09-29,0.350629538,modis,2012,new,1.000000000,0.297119903,0.321031564,0.306684567,0.321031564,0.306684567,0.321031564,0.306684567,0.321031564,0.306684567,0.321031564,0.306684567,0.299425430,0.298042114
AOI-0061,2013-05-02,0.731332025,landsat,2013,new,1.000000000,0.720331752,0.700350673,0.712339320,0.700350673,0.712339320,0.700350673,0.712339320,0.700350673,0.712339320,0.700350673,0.712339320,0.700350673,0.712339320
AOI-0061,2013-05-09,0.834104549,modis,2013,new,1.000000000,0.739501925,0.736384749,0.738255055,0.736384749,0.738255055,0.736384749,0.738255055,0.736384749,0.738255055,0.736384749,0.738255055,0.736384749,0.738255055
AOI-0061,2013-07-13,0.402073678,landsat,2013,new,1.000000000,0.387711743,0.371837800,0.381362166,0.371837800,0.381362166,0.371837800,0.381362166,0.371837800,0.381362166,0.371837800,0.381362166,0.371837800,0.381362166
AOI-0061,2013-08-22,0.190052585,landsat,2013,new,1.000000000,0.261228982,0.254923088,0.258706625,0.254923088,0.258706625,0.254923088,0.258706625,0.254923088,0.258706625,0.254923088,0.258706625,0.254923088,0.258706625
AOI-0061,2014-05-09,0.866480360,modis,2014,new,1.000000000,0.861877361,0.844379817,0.854878343,0.844379817,0.854878343,0.844379817,0.854878343,0.844379817,0.854878343,0.844379817,0.854878343,0.844379817,0.854878343
AOI-0061,2014-08-25,0.157440057,landsat,2014,new,1.000000000,0.184085844,0.217479678,0.197443377,0.217479678,0.197443377,0.217479678,0.197443377,0.217479678,0.197443377,0.217479678,0.197443377,0.217479678,0.197443377
AOI-0061,2014-09-14,0.301366178,modis,2014,new,1.000000000,0.281729760,0.309431464,0.292810442,0.309431464,0.292810442,0.309431464,0.292810442,0.309431464,0.292810442,0.309431464,0.292810442,0.309431464,0.292810442
AOI-0061,2014-10-04,0.239358016,landsat,2014,new,inf,0.219913219,0.204072168,0.213576798,0.204072168,0.213576798,0.204072169,0.213576799,0.204072169,0.213576799,0.204072169,0.213576799,0.204072168,0.213576798
AOI-0061,2015-06-10,0.770310830,modis,2015,new,2.000000000,0.719268982,0.740312698,0.727686468,0.740312698,0.727686468,0.739461347,0.727345928,0.739461347,0.727345928,0.740312698,0.727686468,0.733431562,0.724934014
AOI-0061,2015-07-11,0.832635209,landsat,2015,new,1.000000000,0.823359835,0.838944809,0.829593825,0.838944809,0.829593825,0.838944809,0.829593825,0.838944809,0.829593825,0.838944809,0.829593825,0.838944809,0.829593825
AOI-0061,2015-07-27,0.809566430,landsat,2015,new,1.000000000,0.780757532,0.805518718,0.790662006,0.805518718,0.790662006,0.805518718,0.790662006,0.805518718,0.790662006,0.805518718,0.790662006,0.805518718,0.790662006
AOI-0061,2015-08-28,0.578070278,landsat,2015,new,1.000000000,0.561763427,0.562459704,0.562041938,0.562459704,0.562041938,0.562459704,0.562041938,0.562459704,0.562041938,0.562459704,0.562041938,0.562459704,0.562041938
AOI-0061,2016-05-18,0.615410770,landsat,2016,new,1.000000000,0.818336423,0.858604990,0.834443850,0.858604990,0.834443850,0.858604990,0.834443850,0.858604990,0.834443850,0.858604990,0.834443850,0.858604990,0.834443850
AOI-0061,2016-06-03,0.824130853,landsat,2016,new,1.000000000,0.790664148,0.799726279,0.794289000,0.799726279,0.794289000,0.799726279,0.794289000,0.799726279,0.794289000,0.799726279,0.794289000,0.799726279,0.794289000
AOI-0061,2016-08-28,0.328083045,modis,2016,new,1.000000000,0.301046319,0.343559670,0.318051660,0.343559670,0.318051660,0.343559670,0.318051660,0.343559670,0.318051660,0.285733791,0.294921308,0.336756626,0.315330442
AOI-0061,2016-10-09,0.226268181,landsat,2016,new,1.000000000,0.198451626,0.202259530,0.199974788,0.202259530,0.199974788,0.202259530,0.199974788,0.202259530,0.199974788,0.202259530,0.199974788,0.202259530,0.199974788
AOI-0061,2017-04-26,0.214487402,s2,2017,new,1.000000000,0.193109212,0.195020988,0.193873923,0.195020988,0.193873923,0.195020988,0.193873923,0.195020988,0.193873923,0.195020988,0.193873923,0.195020988,0.193873923
AOI-0061,2017-05-01,0.219606636,s2,2017,new,1.000000000,0.200361265,0.212178046,0.205087977,0.212178046,0.205087977,0.212178046,0.205087977,0.212178046,0.205087977,0.212178046,0.205087977,0.212178046,0.205087977
AOI-0061,2017-05-05,0.318690434,landsat,2017,new,1.000000000,0.257577632,0.281863266,0.267291885,0.281863266,0.267291885,0.281863266,0.267291885,0.281863266,0.267291885,0.281863266,0.267291885,0.270798401,0.262865939
AOI-0061,2017-06-30,0.940680012,s2,2017,new,1.000000000,0.807087185,0.804200510,0.805932515,0.804200510,0.805932515,0.804200510,0.805932515,0.804200510,0.805932515,0.804200510,0.805932515,0.818736922,0.811747080
AOI-0061,2017-07-28,0.707090213,modis,2017,new,10.000000000,0.691854568,0.647083917,0.673946308,0.647083917,0.673946308,0.647083917,0.673946308,0.647083917,0.673946308,0.647083917,0.673946308,0.647083917,0.673946308
AOI-0061,2017-09-10,0.214279427,s2,2017,new,inf,0.212903019,0.215238350,0.213837151,0.215238350,0.213837151,0.215238350,0.213837151,0.215238350,0.213837151,0.215238350,0.213837151,0.215238350,0.213837151
AOI-0061,2017-09-13,0.200152102,s2,2017,new,1.000000000,0.203468029,0.211312022,0.206605626,0.211312022,0.206605626,0.211312022,0.206605626,0.211312022,0.206605626,0.211312022,0.206605626,0.211312022,0.206605626
AOI-0061,2018-05-01,0.907429288,s2,2018,new,1.000000000,0.881602192,0.889245747,0.884659614,0.889245747,0.884659614,0.889245747,0.884659614,0.889245747,0.884659614,0.889245747,0.884659614,0.888134937,0.884215290
AOI-0061,2018-05-31,0.890868520,s2,2018,new,3.000000000,0.875521424,0.871857973,0.874056044,0.871857973,0.874056044,0.871857973,0.874056044,0.871857973,0.874056044,0.871857973,0.874056044,0.871857973,0.874056044
AOI-0061,2018-07-27,0.241774788,landsat,2018,new,inf,0.223043901,0.229291738,0.225543036,0.229291738,0.225543036,0.229291739,0.225543036,0.229291739,0.225543036,0.229291739,0.225543036,0.229291738,0.225543036
AOI-0061,2018-09-05,0.147615066,s2,2018,new,1.000000000,0.161866863,0.151191871,0.157596867,0.172451095,0.166100556,0.172451095,0.166100556,0.172451095,0.166100556,0.172451095,0.166100556,0.168944419,0.164697885
AOI-0061,2018-10-07,0.176609710,landsat,2018,new,1.000000000,0.176781856,0.171821051,0.174797534,0.171821051,0.174797534,0.171821051,0.174797534,0.171821051,0.174797534,0.171821051,0.174797534,0.171821051,0.174797534
AOI-0061,2018-10-13,0.190167426,s2,2018,new,2.000000000,0.172685409,0.178971957,0.175200028,0.178971957,0.175200028,0.178971957,0.175200028,0.178971957,0.175200028,0.178971957,0.175200028,0.178971957,0.175200028
AOI-0061,2019-04-07,0.374753862,modis,2019,new,1.000000000,0.321636703,0.325860692,0.323326299,0.325860692,0.323326299,0.325860692,0.323326299,0.325860692,0.323326299,0.275471915,0.303170788,0.319932601,0.320955062
AOI-0061,2019-04-26,0.195322901,s2,2019,new,1.000000000,0.205940483,0.186080577,0.197996521,0.186080577,0.197996521,0.186080577,0.197996521,0.186080577,0.197996521,0.186080577,0.197996521,0.193409758,0.200928193
AOI-0061,2019-05-16,0.323990279,s2,2019,new,1.000000000,0.377945561,0.397472255,0.385756239,0.397472255,0.385756239,0.397472255,0.385756239,0.397472255,0.385756239,0.397472255,0.385756239,0.397472255,0.385756239
AOI-0061,2019-05-27,0.681775564,landsat,2019,new,1.000000000,0.610513227,0.600074106,0.606337578,0.600074106,0.606337578,0.600074106,0.606337578,0.600074106,0.606337578,0.600074106,0.606337578,0.600074106,0.606337578
AOI-0061,2019-05-28,0.557879335,s2,2019,new,1.000000000,0.569657951,0.548404564,0.561156596,0.548404564,0.561156596,0.548404564,0.561156596,0.548404564,0.561156596,0.548404564,0.561156596,0.548404564,0.561156596
AOI-0061,2019-06-25,0.738833840,s2,2019,new,1.000000000,0.741643767,0.722221865,0.733875006,0.722221865,0.733875006,0.722221865,0.733875006,0.722221865,0.733875006,0.722221865,0.733875006,0.722221865,0.733875006
AOI-0061,2019-07-30,0.722825507,s2,2019,new,1.000000000,0.794005800,0.807606646,0.799446138,0.807606646,0.799446138,0.807606646,0.799446138,0.807606646,0.799446138,0.807606646,0.799446138,0.807606646,0.799446138
AOI-0061,2019-08-01,0.767351025,s2,2019,new,1.000000000,0.829562853,0.831320859,0.830266055,0.831320859,0.830266055,0.831320859,0.830266055,0.831320859,0.830266055,0.831320859,0.830266055,0.831320859,0.830266055
AOI-0061,2019-08-16,0.046053968,s2,2019,new,inf,0.740781238,0.751843250,0.745206043,0.751843250,0.745206043,0.751837504,0.745203744,0.751837504,0.745203744,0.751837504,0.745203744,0.751843250,0.745206043
AOI-0061,2019-09-16,0.230293610,landsat,2019,new,1.000000000,0.265614508,0.229118618,0.251016152,0.229118618,0.251016152,0.229118618,0.251016152,0.229118618,0.251016152,0.229118618,0.251016152,0.226209401,0.249852465
AOI-0061,2019-10-23,0.344952544,s2,2019,new,2.000000000,0.275634441,0.252779002,0.266492265,0.252779002,0.266492265,0.252779002,0.266492265,0.252779002,0.266492265,0.252779002,0.266492265,0.252779002,0.266492265
AOI-0061,2020-04-30,0.640270620,s2,2020,new,2.000000000,0.554531935,0.617025783,0.579529474,0.617025783,0.579529474,0.617025783,0.579529474,0.617025783,0.579529474,0.617025783,0.579529474,0.617025783,0.579529474
AOI-0061,2020-05-27,0.610980628,s2,2020,new,2.000000000,0.624686371,0.603082271,0.616044731,0.655391907,0.636968585,0.603370077,0.616159853,0.603370077,0.616159853,0.655391907,0.636968585,0.611710665,0.619496088
AOI-0061,2020-06-06,0.598794989,s2,2020,new,1.000000000,0.606101189,0.601677511,0.604331718,0.601677511,0.604331718,0.601677511,0.604331718,0.601677511,0.604331718,0.601677511,0.604331718,0.601677511,0.604331718
AOI-0061,2020-08-09,0.253895050,landsat,2020,new,1.000000000,0.286178934,0.281197507,0.284186364,0.281197507,0.284186364,0.281197507,0.284186364,0.281197507,0.284186364,0.281197507,0.284186364,0.281197507,0.284186364
AOI-0061,2020-08-12,0.318669574,modis,2020,new,2.000000000,0.313212644,0.382920953,0.341095967,0.382920953,0.341095967,0.382829643,0.341059444,0.382829643,0.341059444,0.382920953,0.341095967,0.382863229,0.341072878
AOI-0061,2020-08-25,0.210982301,s2,2020,new,inf,0.207709159,0.206653604,0.207286937,0.206653604,0.207286937,0.206656050,0.207287916,0.206656050,0.207287916,0.206656050,0.207287916,0.206653604,0.207286937
AOI-0061,2020-09-12,0.145595355,s2,2020,new,1.000000000,0.145798274,0.144673951,0.145348545,0.144673951,0.145348545,0.144673951,0.145348545,0.144673951,0.145348545,0.144673951,0.145348545,0.145643557,0.145736387
AOI-0061,2020-09-19,0.099854725,s2,2020,new,1.000000000,0.132348695,0.120393771,0.127566725,0.120393771,0.127566725,0.120393771,0.127566725,0.120393771,0.127566725,0.120393771,0.127566725,0.118965155,0.126995279
AOI-0061,2020-10-07,0.154805369,s2,2020,new,2.000000000,0.154042789,0.153914779,0.153991585,0.153914779,0.153991585,0.153914779,0.153991585,0.153914779,0.153991585,0.153914779,0.153991585,0.153914779,0.153991585
AOI-0061,2020-10-24,0.187058189,s2,2020,new,1.000000000,0.144235286,0.147651881,0.145601924,0.147651881,0.145601924,0.147651881,0.145601924,0.147651881,0.145601924,0.147651881,0.145601924,0.147651881,0.145601924
AOI-0061,2021-05-09,0.917865468,modis,2021,new,10.000000000,0.866061476,0.838212952,0.854922066,0.838212952,0.854922066,0.838212952,0.854922066,0.838212952,0.854922066,0.838212952,0.854922066,0.838212952,0.854922066
AOI-0061,2021-05-12,0.908698291,s2,2021,new,inf,0.886150071,0.880001344,0.883690580,0.880001344,0.883690580,0.880001344,0.883690580,0.880001344,0.883690580,0.880001344,0.883690580,0.880001344,0.883690580
AOI-0061,2021-05-30,0.827312429,s2,2021,new,1.000000000,0.816974326,0.824581477,0.820017186,0.824581477,0.820017186,0.824581477,0.820017186,0.824581477,0.820017186,0.824581477,0.820017186,0.824581477,0.820017186
AOI-0061,2021-06-06,0.679531136,s2,2021,new,inf,0.797638870,0.849931598,0.818555962,0.849931598,0.818555962,0.849931598,0.818555961,0.849931598,0.818555961,0.849931598,0.818555961,0.849931598,0.818555962
AOI-0061,2021-07-28,0.313048047,modis,2021,new,3.000000000,0.312471466,0.392793337,0.344600215,0.392793337,0.344600215,0.392036181,0.344297352,0.392036181,0.344297352,0.392036181,0.344297352,0.278574479,0.298912672
AOI-0061,2021-08-30,0.293390282,s2,2021,new,1.000000000,0.249206138,0.265231512,0.255616287,0.265231512,0.255616287,0.265231512,0.255616287,0.265231512,0.255616287,0.265231512,0.255616287,0.265231512,0.255616287
AOI-0061,2021-09-05,0.352098019,landsat,2021,new,1.000000000,0.264043324,0.280451624,0.270606644,0.280451624,0.270606644,0.280451624,0.270606644,0.280451624,0.270606644,0.280451624,0.270606644,0.217970304,0.245614116
AOI-0061,2021-09-14,0.301512203,s2,2021,new,1.000000000,0.342014818,0.271931889,0.313981646,0.271931889,0.313981646,0.271931889,0.313981646,0.271931889,0.313981646,0.338257333,0.340511824,0.287151042,0.320069307
AOI-0061,2021-10-02,0.295494748,s2,2021,new,1.000000000,0.277873698,0.295578023,0.284955428,0.295578023,0.284955428,0.295578023,0.284955428,0.295578023,0.284955428,0.295578023,0.284955428,0.295578023,0.284955428
AOI-0061,2021-10-23,0.245112967,landsat,2021,new,1.000000000,0.260198378,0.253350482,0.257459220,0.253350482,0.257459220,0.253350482,0.257459220,0.253350482,0.257459220,0.253350482,0.257459220,0.253350482,0.257459220
AOI-0061,2022-04-07,0.196153902,s2,2022,new,1.000000000,0.275175468,0.209262187,0.248810156,0.209262187,0.248810156,0.209262187,0.248810156,0.209262187,0.248810156,0.209262187,0.248810156,0.211004487,0.249507075
AOI-0061,2022-04-23,0.305666067,modis,2022,new,1.000000000,0.367622033,0.424237994,0.390268418,0.424237994,0.390268418,0.424237994,0.390268418,0.424237994,0.390268418,0.424237994,0.390268418,0.424186134,0.390247674
AOI-0061,2022-06-11,0.783086192,s2,2022,new,1.000000000,0.790243153,0.803150134,0.795405945,0.803150134,0.795405945,0.803150134,0.795405945,0.803150134,0.795405945,0.803150134,0.795405945,0.803152456,0.795406874
AOI-0061,2022-06-16,0.815050537,s2,2022,new,1.000000000,0.794524170,0.817454450,0.803696282,0.817454450,0.803696282,0.817454450,0.803696282,0.817454450,0.803696282,0.817454450,0.803696282,0.817454450,0.803696282
AOI-0061,2022-06-30,0.842613595,landsat,2022,new,1.000000000,0.852905738,0.841000530,0.848143655,0.841000530,0.848143655,0.841000530,0.848143655,0.841000530,0.848143655,0.841000530,0.848143655,0.841000530,0.848143655
AOI-0061,2022-07-01,0.868720538,s2,2022,new,1.000000000,0.837135484,0.811335345,0.826815428,0.811335345,0.826815428,0.811335345,0.826815428,0.811335345,0.826815428,0.811335345,0.826815428,0.811335345,0.826815428
AOI-0061,2022-07-12,0.740993201,landsat,2022,new,1.000000000,0.798191092,0.831767683,0.811621729,0.831767683,0.811621729,0.831767683,0.811621729,0.831767683,0.811621729,0.765921897,0.785283414,0.810207717,0.802997742
AOI-0061,2022-08-05,0.727668744,s2,2022,new,1.000000000,0.697916809,0.732408113,0.711713330,0.702787700,0.699865165,0.702787700,0.699865165,0.702787700,0.699865165,0.717597906,0.705789248,0.732360796,0.711694403
AOI-0061,2022-08-15,0.011884846,s2,2022,new,1.000000000,0.520762987,0.521041512,0.520874397,0.517152683,0.519318865,0.517152683,0.519318865,0.517152683,0.519318865,0.517152683,0.519318865,0.521026380,0.520868344
AOI-0061,2023-05-15,0.701217626,s2,2023,new,1.000000000,0.753086620,0.762929062,0.757023597,0.762929062,0.757023597,0.762929062,0.757023597,0.762929062,0.757023597,0.762929062,0.757023597,0.763897969,0.757411160
AOI-0061,2023-06-16,0.800236988,s2,2023,new,1.000000000,0.780404384,0.744174819,0.765912558,0.744174819,0.765912558,0.744174819,0.765912558,0.744174819,0.765912558,0.744174819,0.765912558,0.744174819,0.765912558
AOI-0061,2023-07-14,0.440792891,s2,2023,new,12.000000000,0.412360043,0.393894826,0.404973957,0.393894826,0.404973957,0.393894828,0.404973957,0.393894828,0.404973957,0.393894828,0.404973957,0.393894826,0.404973957
AOI-0061,2023-08-13,0.200883172,s2,2023,new,2.000000000,0.243951629,0.227503794,0.237372495,0.227503794,0.237372495,0.228558264,0.237794283,0.228558264,0.237794283,0.227503794,0.237372495,0.231679734,0.239042871
AOI-0061,2023-08-23,0.167299884,s2,2023,new,1.000000000,0.177464745,0.174633371,0.176332196,0.174633371,0.176332196,0.174633371,0.176332196,0.174633371,0.176332196,0.174633371,0.176332196,0.178281707,0.177791530
AOI-0061,2023-08-25,0.168438341,s2,2023,new,10.000000000,0.180096890,0.169954770,0.176040042,0.235711578,0.202342765,0.171118120,0.176505382,0.171118120,0.176505382,0.171118120,0.176505382,0.202833174,0.189191404
AOI-0061,2023-08-26,0.224838993,landsat,2023,new,1.000000000,0.221857739,0.239488437,0.228910018,0.239488437,0.228910018,0.239488437,0.228910018,0.239488437,0.228910018,0.239488437,0.228910018,0.235570540,0.227342859
AOI-0061,2023-09-12,0.182218183,s2,2023,new,1.000000000,0.177265872,0.165368799,0.172507043,0.165368799,0.172507043,0.165368799,0.172507043,0.165368799,0.172507043,0.165368799,0.172507043,0.177946880,0.177538275
AOI-0061,2023-09-30,0.237029250,modis,2023,new,1.000000000,0.244369236,0.234511692,0.240426219,0.234511692,0.240426219,0.234511692,0.240426219,0.234511692,0.240426219,0.234511692,0.240426219,0.233906090,0.240183978
AOI-0061,2023-10-19,0.178990667,s2,2023,new,1.000000000,0.167827184,0.159269740,0.164404206,0.159269740,0.164404206,0.159269740,0.164404206,0.159269740,0.164404206,0.174443873,0.170473860,0.182323615,0.173625757
AOI-0061,2024-04-04,0.354952121,s2,2024,new,1.000000000,0.344626277,0.346376893,0.345326523,0.346376893,0.345326523,0.346376893,0.345326523,0.346376893,0.345326523,0.346376893,0.345326523,0.346376893,0.345326523
AOI-0061,2024-04-11,0.396736566,s2,2024,new,1.000000000,0.370117385,0.382370645,0.375018689,0.382370645,0.375018689,0.382370645,0.375018689,0.382370645,0.375018689,0.382370645,0.375018689,0.382370645,0.375018689
AOI-0061,2024-04-14,0.502954449,s2,2024,new,1.000000000,0.377471945,0.379803537,0.378404582,0.379803537,0.378404582,0.379803537,0.378404582,0.379803537,0.378404582,0.379803537,0.378404582,0.408755235,0.389985261
AOI-0061,2024-05-21,0.457957755,s2,2024,new,1.000000000,0.437502521,0.441257230,0.439004404,0.441257230,0.439004404,0.441257230,0.439004404,0.441257230,0.439004404,0.441257230,0.439004404,0.441257230,0.439004404
AOI-0061,2024-06-03,0.555007378,s2,2024,new,2.000000000,0.533985449,0.540974490,0.536781065,0.540974490,0.536781065,0.541039610,0.536807113,0.541039610,0.536807113,0.540974490,0.536781065,0.552246125,0.541289719
AOI-0061,2024-07-08,0.469993951,s2,2024,new,inf,0.431503020,0.395535434,0.417115985,0.395535434,0.417115985,0.395535437,0.417115987,0.395535437,0.417115987,0.395535437,0.417115987,0.395535437,0.417115987
AOI-0061,2024-07-18,0.393657179,s2,2024,new,1.000000000,0.371793744,0.368364924,0.370422216,0.368364924,0.370422216,0.368364924,0.370422216,0.368364924,0.370422216,0.368364924,0.370422216,0.368364924,0.370422216
AOI-0061,2024-08-02,0.387798588,s2,2024,new,1.000000000,0.358105081,0.342913341,0.352028385,0.342913341,0.352028385,0.342913341,0.352028385,0.342913341,0.352028385,0.342913341,0.352028385,0.342913341,0.352028385
AOI-0061,2024-08-29,0.230639986,s2,2024,new,1.000000000,0.209374090,0.203371274,0.206972964,0.203371274,0.206972964,0.203371274,0.206972964,0.203371274,0.206972964,0.203371274,0.206972964,0.203371274,0.206972964
AOI-0061,2025-04-14,0.681509359,s2,2025,new,1.000000000,0.687519099,0.707749941,0.695611436,0.707749941,0.695611436,0.707749941,0.695611436,0.707749941,0.695611436,0.707749941,0.695611436,0.707749941,0.695611436
AOI-0061,2025-06-04,0.853530601,landsat,2025,new,1.000000000,0.821066530,0.845477346,0.830830856,0.845477346,0.830830856,0.845477346,0.830830856,0.845477346,0.830830856,0.845477346,0.830830856,0.832098503,0.825479319
AOI-0061,2025-06-05,0.818657282,s2,2025,new,1.000000000,0.806530549,0.834221721,0.817607018,0.834221721,0.817607018,0.834221721,0.817607018,0.834221721,0.817607018,0.834221721,0.817607018,0.834221721,0.817607018
AOI-0061,2025-06-25,0.531386942,s2,2025,new,3.000000000,0.535845479,0.513720554,0.526995509,0.513720554,0.526995509,0.513720636,0.526995542,0.513720636,0.526995542,0.513720636,0.526995542,0.513720554,0.526995509
AOI-0061,2025-06-30,0.452694770,s2,2025,new,1.000000000,0.475180474,0.482680772,0.478180593,0.482680772,0.478180593,0.482680772,0.478180593,0.482680772,0.478180593,0.482680772,0.478180593,0.482680772,0.478180593
AOI-0061,2025-07-06,0.429664954,landsat,2025,new,3.000000000,0.465522802,0.498736953,0.478808463,0.498736953,0.478808463,0.498735293,0.478807799,0.498735293,0.478807799,0.498735293,0.478807799,0.498725530,0.478803893
AOI-0061,2025-07-15,0.242021388,s2,2025,new,3.000000000,0.253515991,0.243177368,0.249380542,0.243177368,0.249380542,0.243177594,0.249380632,0.243177594,0.249380632,0.243177594,0.249380632,0.243178695,0.249381073
AOI-0061,2025-08-12,0.187203799,s2,2025,new,1.000000000,0.182718330,0.183963977,0.183216589,0.183963977,0.183216589,0.183963977,0.183216589,0.183963977,0.183216589,0.183963977,0.183216589,0.183963977,0.183216589
AOI-0061,2025-08-31,0.237084439,landsat,2025,new,1.000000000,0.234696150,0.242777018,0.237928497,0.242777018,0.237928497,0.242777018,0.237928497,0.242777018,0.237928497,0.242777018,0.237928497,0.212498133,0.225816943
AOI-0061,2025-09-05,0.206177597,s2,2025,new,1.000000000,0.197852674,0.185113372,0.192756953,0.185113372,0.192756953,0.185113372,0.192756953,0.185113372,0.192756953,0.185113372,0.192756953,0.185113372,0.192756953
AOI-0061,2025-09-15,0.247371000,s2,2025,new,1.000000000,0.246331314,0.230428081,0.239970021,0.290475897,0.263989147,0.260451989,0.251979584,0.260451989,0.251979584,0.260451989,0.251979584,0.235311181,0.241923261
AOI-0062,2010-07-12,0.315705173,modis,2010,new,1.000000000,0.279979416,0.314183532,0.293661063,0.314183532,0.293661063,0.314183532,0.293661063,0.314183532,0.293661063,0.314183532,0.293661063,0.291092501,0.284424650
AOI-0062,2010-09-14,0.263132883,modis,2010,new,1.000000000,0.274530659,0.314314199,0.290444075,0.314314199,0.290444075,0.314314199,0.290444075,0.314314199,0.290444075,0.314314199,0.290444075,0.314314199,0.290444075
AOI-0062,2010-10-01,0.202473937,landsat,2010,new,1.000000000,0.219732017,0.248676640,0.231309866,0.248676640,0.231309866,0.248676640,0.231309866,0.248676640,0.231309866,0.248676640,0.231309866,0.248676640,0.231309866
AOI-0062,2011-04-07,0.727733198,modis,2011,new,1.000000000,0.659382622,0.586951754,0.630410275,0.586951754,0.630410275,0.586951754,0.630410275,0.586951754,0.630410275,0.586951754,0.630410275,0.586951754,0.630410275
AOI-0062,2011-04-23,0.817457445,modis,2011,new,1.000000000,0.659352018,0.639697416,0.651490177,0.639697416,0.651490177,0.639697416,0.651490177,0.639697416,0.651490177,0.639697416,0.651490177,0.639697416,0.651490177
AOI-0062,2011-06-06,0.795386672,landsat,2011,new,1.000000000,0.693982769,0.670161749,0.684454361,0.670161749,0.684454361,0.670161749,0.684454361,0.670161749,0.684454361,0.670161749,0.684454361,0.670161749,0.684454361
AOI-0062,2012-07-27,0.266881422,modis,2012,new,1.000000000,0.275472201,0.309115308,0.288929444,0.309115308,0.288929444,0.309115308,0.288929444,0.309115308,0.288929444,0.309115308,0.288929444,0.297762271,0.284388229
AOI-0062,2012-10-22,0.190581323,landsat,2012,new,inf,0.249652435,0.221890710,0.238547745,0.221890710,0.238547745,0.221890763,0.238547766,0.221890763,0.238547766,0.221890763,0.238547766,0.221890710,0.238547745
AOI-0062,2013-06-11,0.500503728,landsat,2013,new,1.000000000,0.543746534,0.570970708,0.554636203,0.570970708,0.554636203,0.570970708,0.554636203,0.570970708,0.554636203,0.570970708,0.554636203,0.570970708,0.554636203
AOI-0062,2013-06-27,0.662540170,landsat,2013,new,1.000000000,0.688492733,0.699053428,0.692717011,0.699053428,0.692717011,0.699053428,0.692717011,0.699053428,0.692717011,0.699053428,0.692717011,0.699053428,0.692717011
AOI-0062,2013-08-06,0.693909597,landsat,2013,new,1.000000000,0.677824518,0.675941398,0.677071270,0.675941398,0.677071270,0.675941398,0.677071270,0.675941398,0.677071270,0.675941398,0.677071270,0.675941398,0.677071270
AOI-0062,2014-04-07,0.774588169,modis,2014,new,1.000000000,0.710288878,0.710354870,0.710315275,0.710354870,0.710315275,0.710354870,0.710315275,0.710354870,0.710315275,0.710354870,0.710315275,0.710354870,0.710315275
AOI-0062,2014-07-16,0.271670004,landsat,2014,new,1.000000000,0.248690952,0.252355920,0.250156939,0.252355920,0.250156939,0.252355920,0.250156939,0.252355920,0.250156939,0.252355920,0.250156939,0.252355920,0.250156939
AOI-0062,2014-08-01,0.222939989,landsat,2014,new,1.000000000,0.231059518,0.228639662,0.230091575,0.228639662,0.230091575,0.228639662,0.230091575,0.228639662,0.230091575,0.228639662,0.230091575,0.228639662,0.230091575
AOI-0062,2014-09-18,0.241943103,landsat,2014,new,1.000000000,0.266818904,0.244541399,0.257907902,0.244541399,0.257907902,0.244541399,0.257907902,0.244541399,0.257907902,0.244541399,0.257907902,0.244541399,0.257907902
AOI-0062,2015-05-08,0.619100650,landsat,2015,new,inf,0.726071741,0.696726115,0.714333491,0.696726115,0.714333491,0.696726114,0.714333490,0.696726114,0.714333490,0.696726114,0.714333490,0.696726115,0.714333491
AOI-0062,2015-06-10,0.634408817,modis,2015,new,3.000000000,0.652542276,0.684959485,0.665509160,0.684959485,0.665509160,0.685189309,0.665601089,0.685189309,0.665601089,0.685189309,0.665601089,0.686817063,0.666252191
AOI-0062,2015-07-19,0.261484541,landsat,2015,new,1.000000000,0.318579897,0.297250875,0.310048288,0.297250875,0.310048288,0.297250875,0.310048288,0.297250875,0.310048288,0.297250875,0.310048288,0.297250875,0.310048288
AOI-0062,2015-10-07,0.215861583,landsat,2015,new,1.000000000,0.230092561,0.227442679,0.229032608,0.227442679,0.229032608,0.227442679,0.229032608,0.227442679,0.229032608,0.227442679,0.229032608,0.227442679,0.229032608
AOI-0062,2016-04-22,0.913833063,modis,2016,new,3.000000000,0.901546538,0.877423906,0.891897486,0.877423906,0.891897486,0.877423908,0.891897486,0.877423908,0.891897486,0.877423908,0.891897486,0.877423906,0.891897486
AOI-0062,2016-06-09,0.730627665,modis,2016,new,1.000000000,0.660918192,0.709222405,0.680239877,0.709222405,0.680239877,0.709222405,0.680239877,0.709222405,0.680239877,0.709222405,0.680239877,0.709222405,0.680239877
AOI-0062,2016-08-06,0.403189132,landsat,2016,new,inf,0.229349512,0.244590401,0.235445867,0.244590401,0.235445867,0.244590402,0.235445868,0.244590402,0.235445868,0.244590402,0.235445868,0.244590401,0.235445867
AOI-0062,2016-09-15,0.173393041,landsat,2016,new,1.000000000,0.196175641,0.179699038,0.189584999,0.179699038,0.189584999,0.179699038,0.189584999,0.179699038,0.189584999,0.179699038,0.189584999,0.179699038,0.189584999
AOI-0062,2017-04-27,0.195985234,landsat,2017,new,1.000000000,0.227429326,0.232815963,0.229583981,0.232815963,0.229583981,0.232815963,0.229583981,0.232815963,0.229583981,0.232815963,0.229583981,0.232815963,0.229583981
AOI-0062,2017-05-26,0.503406106,s2,2017,new,1.000000000,0.493283252,0.536157028,0.510432762,0.536157028,0.510432762,0.536157028,0.510432762,0.536157028,0.510432762,0.536157028,0.510432762,0.536157028,0.510432762
AOI-0062,2017-06-05,0.691306694,s2,2017,new,1.000000000,0.651652273,0.668725332,0.658481497,0.668725332,0.658481497,0.668725332,0.658481497,0.668725332,0.658481497,0.668725332,0.658481497,0.668725332,0.658481497
AOI-0062,2017-08-11,0.394279314,s2,2017,new,inf,0.418250063,0.419580612,0.418782282,0.419580612,0.418782282,0.419580612,0.418782282,0.419580612,0.418782282,0.419580612,0.418782282,0.419580612,0.418782282
AOI-0062,2017-09-10,0.192755167,s2,2017,new,inf,0.214476342,0.205577335,0.210916739,0.205577335,0.210916739,0.205577336,0.210916739,0.205577336,0.210916739,0.205577336,0.210916739,0.205577335,0.210916739
AOI-0062,2017-09-30,0.173318142,s2,2017,new,1.000000000,0.225566627,0.275745372,0.245638125,0.177998365,0.206539322,0.177998365,0.206539322,0.177998365,0.206539322,0.177998365,0.206539322,0.206401582,0.217900609
AOI-0062,2017-10-04,0.167092079,landsat,2017,new,1.000000000,0.175687170,0.163803056,0.170933524,0.163803056,0.170933524,0.163803056,0.170933524,0.163803056,0.170933524,0.163803056,0.170933524,0.163803056,0.170933524
AOI-0062,2018-05-31,0.858949592,s2,2018,new,4.000000000,0.851085598,0.851134892,0.851105316,0.851134892,0.851105316,0.851134892,0.851105316,0.851134892,0.851105316,0.851134892,0.851105316,0.851134892,0.851105316
AOI-0062,2018-06-20,0.358604504,s2,2018,new,1.000000000,0.452778057,0.408704536,0.435148648,0.408704536,0.435148648,0.408704536,0.435148648,0.408704536,0.435148648,0.408704536,0.435148648,0.408704536,0.435148648
AOI-0062,2018-07-27,0.236567362,landsat,2018,new,inf,0.204052820,0.208802980,0.205952884,0.208802980,0.205952884,0.208802980,0.205952884,0.208802980,0.205952884,0.208802980,0.205952884,0.208802980,0.205952884
AOI-0062,2018-08-13,0.271114980,modis,2018,new,1.000000000,0.248278782,0.284431352,0.262739810,0.284431352,0.262739810,0.284431352,0.262739810,0.284431352,0.262739810,0.284431352,0.262739810,0.284431352,0.262739810
AOI-0062,2018-10-13,0.175752156,s2,2018,new,3.000000000,0.165032604,0.171247650,0.167518623,0.171247650,0.167518623,0.171247650,0.167518623,0.171247650,0.167518623,0.171247650,0.167518623,0.171247650,0.167518623
AOI-0062,2019-04-25,0.223959229,landsat,2019,new,1.000000000,0.222901442,0.239221309,0.229429389,0.239221309,0.229429389,0.239221309,0.229429389,0.239221309,0.229429389,0.239221309,0.229429389,0.235721212,0.228029350
AOI-0062,2019-05-25,0.593369231,modis,2019,new,3.000000000,0.590101013,0.661597917,0.618699775,0.661597917,0.618699775,0.661212708,0.618545691,0.661212708,0.618545691,0.661212708,0.618545691,0.659287569,0.617775635
AOI-0062,2019-06-26,0.772441790,modis,2019,new,1.000000000,0.726030809,0.705709755,0.717902388,0.705709755,0.717902388,0.705709755,0.717902388,0.705709755,0.717902388,0.705709755,0.717902388,0.728090294,0.726854603
AOI-0062,2019-06-28,0.770106601,landsat,2019,new,1.000000000,0.764702997,0.749077794,0.758452916,0.749077794,0.758452916,0.749077794,0.758452916,0.749077794,0.758452916,0.749077794,0.758452916,0.748130248,0.758073897
AOI-0062,2019-07-02,0.729808204,s2,2019,new,1.000000000,0.742126464,0.727325642,0.736206135,0.727325642,0.736206135,0.727325642,0.736206135,0.727325642,0.736206135,0.727325642,0.736206135,0.727325642,0.736206135
AOI-0062,2019-07-07,0.668603714,s2,2019,new,1.000000000,0.733345032,0.757836716,0.743141706,0.757836716,0.743141706,0.757836716,0.743141706,0.757836716,0.743141706,0.757836716,0.743141706,0.757836716,0.743141706
AOI-0062,2019-08-13,0.650897436,modis,2019,new,1.000000000,0.612723903,0.552614345,0.588680080,0.552614345,0.588680080,0.552614345,0.588680080,0.552614345,0.588680080,0.552614345,0.588680080,0.624275518,0.617344549
AOI-0062,2019-08-21,0.373873654,s2,2019,new,4.000000000,0.450770400,0.450209590,0.450546076,0.488275248,0.465772339,0.450436232,0.450636732,0.450436232,0.450636732,0.450436232,0.450636732,0.454576896,0.452292998
AOI-0062,2019-09-15,0.198890697,s2,2019,new,1.000000000,0.201175195,0.192018248,0.197512416,0.192018248,0.197512416,0.192018248,0.197512416,0.192018248,0.197512416,0.192018248,0.197512416,0.196539779,0.199321028
AOI-0062,2019-10-10,0.183310362,s2,2019,new,1.000000000,0.176138569,0.168171493,0.172951738,0.168171493,0.172951738,0.168171493,0.172951738,0.168171493,0.172951738,0.168171493,0.172951738,0.168171493,0.172951738
AOI-0062,2019-10-20,0.166351519,s2,2019,new,inf,0.188518547,0.211787059,0.197825952,0.211787059,0.197825952,0.211787060,0.197825952,0.211787060,0.197825952,0.211787060,0.197825952,0.211787059,0.197825952
AOI-0062,2020-05-13,0.834838661,landsat,2020,new,1.000000000,0.773301640,0.798401232,0.783341477,0.798401232,0.783341477,0.798401232,0.783341477,0.798401232,0.783341477,0.798401232,0.783341477,0.798401232,0.783341477
AOI-0062,2020-07-24,0.159690300,s2,2020,new,3.000000000,0.149657359,0.138838489,0.145329811,0.138838489,0.145329811,0.139296413,0.145512980,0.139296413,0.145512980,0.139296413,0.145512980,0.153286288,0.151108930
AOI-0062,2020-07-27,0.294307737,modis,2020,new,3.000000000,0.244936838,0.299596435,0.266800676,0.299596435,0.266800676,0.299585325,0.266796233,0.299585325,0.266796233,0.299585325,0.266796233,0.299476300,0.266752623
AOI-0062,2020-08-10,0.147389970,s2,2020,new,1.000000000,0.157594615,0.146765384,0.153262923,0.146765384,0.153262923,0.146765384,0.153262923,0.146765384,0.153262923,0.146765384,0.153262923,0.146765384,0.153262923
AOI-0062,2020-08-12,0.297035538,modis,2020,new,3.000000000,0.251715735,0.280808705,0.263352923,0.280808705,0.263352923,0.280723824,0.263318970,0.280723824,0.263318970,0.280723824,0.263318970,0.280755045,0.263331459
AOI-0062,2020-08-30,0.154350979,s2,2020,new,1.000000000,0.152730110,0.149746497,0.151536665,0.149746497,0.151536665,0.149746497,0.151536665,0.149746497,0.151536665,0.149746497,0.151536665,0.149746497,0.151536665
AOI-0062,2020-09-04,0.146535534,s2,2020,new,1.000000000,0.155116194,0.165557572,0.159292746,0.165557572,0.159292746,0.165557572,0.159292746,0.165557572,0.159292746,0.165557572,0.159292746,0.165557572,0.159292746
AOI-0062,2020-09-17,0.146667470,s2,2020,new,1.000000000,0.150155066,0.146916328,0.148859571,0.146916328,0.148859571,0.146916328,0.148859571,0.146916328,0.148859571,0.146916328,0.148859571,0.146916328,0.148859571
AOI-0062,2020-09-26,0.119921506,landsat,2020,new,1.000000000,0.140286770,0.141444912,0.140750027,0.141444912,0.140750027,0.141444912,0.140750027,0.141444912,0.140750027,0.141444912,0.140750027,0.141351709,0.140712746
AOI-0062,2020-10-27,0.129540495,s2,2020,new,1.000000000,0.120244652,0.142765347,0.129252930,0.142765347,0.129252930,0.142765347,0.129252930,0.142765347,0.129252930,0.142765347,0.129252930,0.142765347,0.129252930
AOI-0062,2021-04-07,0.269208412,modis,2021,new,1.000000000,0.323717068,0.347957396,0.333413199,0.347957396,0.333413199,0.347957396,0.333413199,0.347957396,0.333413199,0.347957396,0.333413199,0.347957396,0.333413199
AOI-0062,2021-04-20,0.211291227,s2,2021,new,1.000000000,0.222849804,0.176679616,0.204381729,0.176679616,0.204381729,0.176679616,0.204381729,0.176679616,0.204381729,0.176679616,0.204381729,0.176679616,0.204381729
AOI-0062,2021-04-22,0.213859766,landsat,2021,new,1.000000000,0.179625802,0.165122527,0.173824492,0.244920597,0.205743720,0.244920597,0.205743720,0.244920597,0.205743720,0.244920597,0.205743720,0.169816531,0.175702094
AOI-0062,2021-05-02,0.188538537,s2,2021,new,inf,0.185118954,0.193745025,0.188569382,0.193745025,0.188569382,0.193745026,0.188569383,0.193745026,0.188569383,0.193745026,0.188569383,0.193745025,0.188569382
AOI-0062,2021-05-09,0.402459649,modis,2021,new,11.000000000,0.429142127,0.434270732,0.431193569,0.434270732,0.431193569,0.434270732,0.431193569,0.434270732,0.431193569,0.434270732,0.431193569,0.434270732,0.431193569
AOI-0062,2021-07-24,0.782361182,s2,2021,new,4.000000000,0.735716381,0.726081740,0.731862524,0.726081740,0.731862524,0.726081739,0.731862524,0.726081739,0.731862524,0.726081739,0.731862524,0.726081740,0.731862524
AOI-0062,2021-07-28,0.696079622,modis,2021,new,4.000000000,0.669658662,0.631389295,0.654350916,0.631389295,0.654350916,0.631867505,0.654542200,0.631867505,0.654542200,0.631867505,0.654542200,0.722928189,0.690966473
AOI-0062,2021-08-05,0.609627437,s2,2021,new,1.000000000,0.638735673,0.635598385,0.637480758,0.635598385,0.637480758,0.635598385,0.637480758,0.635598385,0.637480758,0.635598385,0.637480758,0.635598385,0.637480758
AOI-0062,2021-08-28,0.399025242,s2,2021,new,inf,0.400067890,0.399699024,0.399920344,0.399699024,0.399920344,0.399693353,0.399918075,0.399693353,0.399918075,0.399693353,0.399918075,0.398196921,0.399319502
AOI-0062,2022-04-09,0.748842246,landsat,2022,new,inf,0.737246473,0.722998013,0.731547089,0.722998013,0.731547089,0.722998224,0.731547173,0.722998224,0.731547173,0.722998224,0.731547173,0.722998224,0.731547173
AOI-0062,2022-05-15,0.811240378,s2,2022,new,1.000000000,0.866064432,0.815677043,0.845909477,0.815677043,0.845909477,0.815677043,0.845909477,0.815677043,0.845909477,0.815677043,0.845909477,0.819356423,0.847381229
AOI-0062,2022-06-04,0.822681153,s2,2022,new,1.000000000,0.846790934,0.803468485,0.829461954,0.803468485,0.829461954,0.803468485,0.829461954,0.803468485,0.829461954,0.803468485,0.829461954,0.831566919,0.840701328
AOI-0062,2022-06-21,0.603760783,s2,2022,new,inf,0.572626622,0.565541250,0.569792473,0.565541250,0.569792473,0.565542333,0.569792906,0.565542333,0.569792906,0.565542333,0.569792906,0.565541250,0.569792473
AOI-0062,2022-06-26,0.343429690,modis,2022,new,1.000000000,0.392376614,0.461031785,0.419838682,0.461031785,0.419838682,0.461031785,0.419838682,0.461031785,0.419838682,0.461031785,0.419838682,0.461022081,0.419834800
AOI-0062,2022-07-22,0.263674361,landsat,2022,new,inf,0.241235838,0.265644762,0.250999407,0.265644762,0.250999407,0.265644738,0.250999398,0.265644738,0.250999398,0.265644738,0.250999398,0.265644738,0.250999398
AOI-0062,2022-07-31,0.201888017,s2,2022,new,1.000000000,0.197226247,0.223887474,0.207890738,0.223887474,0.207890738,0.223887474,0.207890738,0.223887474,0.207890738,0.223887474,0.207890738,0.223887474,0.207890738
AOI-0062,2022-08-08,0.185908175,s2,2022,new,1.000000000,0.199094189,0.184712918,0.193341681,0.184712918,0.193341681,0.184712918,0.193341681,0.184712918,0.193341681,0.184712918,0.193341681,0.248390586,0.218812748
AOI-0062,2022-08-10,0.168644406,s2,2022,new,1.000000000,0.193492693,0.181056289,0.188518131,0.181056289,0.188518131,0.181056289,0.188518131,0.181056289,0.188518131,0.181056289,0.188518131,0.181056289,0.188518131
AOI-0062,2023-04-17,0.198353897,s2,2023,new,1.000000000,0.171849362,0.175360642,0.173253874,0.175360642,0.173253874,0.175360642,0.173253874,0.175360642,0.173253874,0.175360642,0.173253874,0.175360642,0.173253874
AOI-0062,2023-04-23,0.352719703,modis,2023,new,1.000000000,0.371797793,0.415638851,0.389334216,0.415638851,0.389334216,0.415638851,0.389334216,0.415638851,0.389334216,0.415638851,0.389334216,0.415638851,0.389334216
AOI-0062,2023-05-06,0.306091679,landsat,2023,new,inf,0.275074299,0.281552484,0.277665573,0.281552484,0.277665573,0.281552485,0.277665573,0.281552485,0.277665573,0.281552485,0.277665573,0.281552484,0.277665573
AOI-0062,2023-06-06,0.632080690,s2,2023,new,3.000000000,0.771563608,0.745410260,0.761102269,0.768700396,0.770418324,0.750484608,0.763132008,0.750484608,0.763132008,0.750484608,0.763132008,0.767330388,0.769870320
AOI-0062,2023-06-11,0.846737594,s2,2023,new,1.000000000,0.851284871,0.813920155,0.836338984,0.813920155,0.836338984,0.813920155,0.836338984,0.813920155,0.836338984,0.813920155,0.836338984,0.813920155,0.836338984
AOI-0062,2023-07-06,0.834621222,s2,2023,new,1.000000000,0.825432909,0.829286166,0.826974212,0.829286166,0.826974212,0.829286166,0.826974212,0.829286166,0.826974212,0.829286166,0.826974212,0.829286166,0.826974212
AOI-0062,2023-08-13,0.048510528,s2,2023,new,3.000000000,0.232711076,0.191050222,0.216046734,0.191050222,0.216046734,0.192016641,0.216433302,0.192016641,0.216433302,0.192016641,0.216433302,0.195541540,0.217843262
AOI-0062,2023-10-09,0.171114780,s2,2023,new,1.000000000,0.168470940,0.167870530,0.168230776,0.167870530,0.168230776,0.167870530,0.168230776,0.167870530,0.168230776,0.167870530,0.168230776,0.167870530,0.168230776
AOI-0062,2023-10-13,0.212376819,landsat,2023,new,1.000000000,0.207602679,0.204733470,0.206454995,0.204733470,0.206454995,0.204733470,0.206454995,0.204733470,0.206454995,0.204733470,0.206454995,0.204733470,0.206454995
AOI-0062,2023-10-22,0.124976567,s2,2023,new,1.000000000,0.152527872,0.138118829,0.146764255,0.138118829,0.146764255,0.138118829,0.146764255,0.138118829,0.146764255,0.138118829,0.146764255,0.149266631,0.151223376
AOI-0062,2024-05-24,0.896639927,s2,2024,new,1.000000000,0.812699092,0.846905525,0.826381665,0.846905525,0.826381665,0.846905525,0.826381665,0.846905525,0.826381665,0.846905525,0.826381665,0.845933993,0.825993052
AOI-0062,2024-06-13,0.517720653,s2,2024,new,1.000000000,0.447664090,0.405319902,0.430726415,0.405319902,0.430726415,0.405319902,0.430726415,0.405319902,0.430726415,0.405319902,0.430726415,0.405319902,0.430726415
AOI-0062,2024-07-05,0.183825617,s2,2024,new,1.000000000,0.148822602,0.157639953,0.152349543,0.157639953,0.152349543,0.157639953,0.152349543,0.157639953,0.152349543,0.157639953,0.152349543,0.157639953,0.152349543
AOI-0062,2024-07-08,0.162573776,s2,2024,new,inf,0.154859243,0.150128733,0.152967039,0.150128733,0.152967039,0.150128740,0.152967042,0.150128740,0.152967042,0.150128740,0.152967042,0.150128740,0.152967042
AOI-0062,2024-07-15,0.130073226,s2,2024,new,inf,0.135032703,0.149691389,0.140896177,0.149691389,0.140896177,0.149691390,0.140896178,0.149691390,0.140896178,0.149691390,0.140896178,0.149691389,0.140896177
AOI-0062,2024-07-25,0.146278046,s2,2024,new,1.000000000,0.135887015,0.131337374,0.134067159,0.131337374,0.134067159,0.131337374,0.134067159,0.131337374,0.134067159,0.131337374,0.134067159,0.187302359,0.156453153
AOI-0062,2024-08-19,0.151918072,s2,2024,new,1.000000000,0.153182137,0.140763570,0.148214710,0.140763570,0.148214710,0.140763570,0.148214710,0.140763570,0.148214710,0.140763570,0.148214710,0.144437207,0.149684165
AOI-0062,2024-09-11,0.121896123,s2,2024,new,1.000000000,0.139413505,0.132538133,0.136663356,0.132538133,0.136663356,0.132538133,0.136663356,0.132538133,0.136663356,0.132538133,0.136663356,0.132538133,0.136663356
AOI-0062,2024-10-03,0.129100235,s2,2024,new,1.000000000,0.130369983,0.130282555,0.130335012,0.130282555,0.130335012,0.130282555,0.130335012,0.130282555,0.130335012,0.130282555,0.130335012,0.130282555,0.130335012
AOI-0062,2025-04-18,0.267347845,s2,2025,new,1.000000000,0.244925648,0.233654719,0.240417276,0.233654719,0.240417276,0.233654719,0.240417276,0.233654719,0.240417276,0.233654719,0.240417276,0.233654719,0.240417276
AOI-0062,2025-04-19,0.278998695,s2,2025,new,2.000000000,0.250042178,0.233445504,0.243403508,0.233445504,0.243403508,0.233580402,0.243457467,0.233580402,0.243457467,0.233445504,0.243403508,0.236907218,0.244788194
AOI-0062,2025-05-16,0.217865358,s2,2025,new,4.000000000,0.253413579,0.238201008,0.247328551,0.238201008,0.247328551,0.238201010,0.247328551,0.238201010,0.247328551,0.238201010,0.247328551,0.238201008,0.247328551
AOI-0062,2025-06-25,0.877819780,s2,2025,new,2.000000000,0.803111908,0.813010812,0.807071469,0.813010812,0.807071469,0.813010763,0.807071450,0.813010763,0.807071450,0.813010812,0.807071469,0.813010812,0.807071469
AOI-0062,2025-07-18,0.484594338,s2,2025,new,1.000000000,0.469572077,0.458177128,0.465014097,0.458177128,0.465014097,0.458177128,0.465014097,0.458177128,0.465014097,0.458177128,0.465014097,0.458177128,0.465014097
AOI-0062,2025-07-27,0.358078015,s2,2025,new,1.000000000,0.366354922,0.386368961,0.374360538,0.386368961,0.374360538,0.386368961,0.374360538,0.386368961,0.374360538,0.386368961,0.374360538,0.386368961,0.374360538
AOI-0062,2025-08-16,0.255129717,s2,2025,new,1.000000000,0.221864103,0.211217534,0.217605475,0.211217534,0.217605475,0.211217534,0.217605475,0.211217534,0.217605475,0.211217534,0.217605475,0.211217534,0.217605475
AOI-0062,2025-08-22,0.209795512,s2,2025,new,1.000000000,0.212291817,0.203867428,0.208922061,0.203867428,0.208922061,0.203867428,0.208922061,0.203867428,0.208922061,0.203867428,0.208922061,0.203867428,0.208922061
AOI-0062,2025-08-23,0.269780987,landsat,2025,new,1.000000000,0.253876248,0.266123041,0.258774965,0.266123041,0.258774965,0.266123041,0.258774965,0.266123041,0.258774965,0.266123041,0.258774965,0.256030248,0.254737848
AOI-0062,2025-09-23,0.173259136,s2,2025,new,1.000000000,0.179930195,0.163096673,0.173196786,0.163096673,0.173196786,0.163096673,0.173196786,0.163096673,0.173196786,0.163497221,0.173357006,0.165396207,0.174116600
AOI-0063,2025-04-16,0.246549112,s2,2025,shared,1.000000000,0.205216524,0.201821755,0.203858616,0.201821755,0.203858616,0.201821755,0.203858616,0.201821755,0.203858616,0.201821755,0.203858616,0.201899199,0.203889594
AOI-0063,2025-04-28,0.236187894,s2,2025,shared,1.000000000,0.221167198,0.222119965,0.221548305,0.222119965,0.221548305,0.222119965,0.221548305,0.222119965,0.221548305,0.222119965,0.221548305,0.222119965,0.221548305
AOI-0063,2025-05-09,0.408285506,modis,2025,shared,1.000000000,0.511788045,0.502997797,0.508271946,0.502997797,0.508271946,0.502997797,0.508271946,0.502997797,0.508271946,0.502997797,0.508271946,0.502908740,0.508236323
AOI-0063,2025-07-10,0.757186980,s2,2025,shared,1.000000000,0.722959543,0.745139217,0.731831413,0.745139217,0.731831413,0.745139217,0.731831413,0.745139217,0.731831413,0.745139217,0.731831413,0.745139217,0.731831413
AOI-0063,2025-07-15,0.597086072,s2,2025,shared,1.000000000,0.580657425,0.571270659,0.576902719,0.571270659,0.576902719,0.571270659,0.576902719,0.571270659,0.576902719,0.571270659,0.576902719,0.571272394,0.576903413
AOI-0063,2025-07-23,0.502522227,s2,2025,shared,1.000000000,0.506588847,0.507501326,0.506953839,0.507501326,0.506953839,0.507501326,0.506953839,0.507501326,0.506953839,0.507501326,0.506953839,0.510561831,0.508178041
AOI-0063,2025-07-27,0.421345150,s2,2025,shared,1.000000000,0.433214815,0.426022177,0.430337760,0.426022177,0.430337760,0.426022177,0.430337760,0.426022177,0.430337760,0.426022177,0.430337760,0.426022177,0.430337760
AOI-0063,2025-08-02,0.371451346,s2,2025,shared,1.000000000,0.347562168,0.336614365,0.343183047,0.336614365,0.343183047,0.336614365,0.343183047,0.336614365,0.343183047,0.336614365,0.343183047,0.336614365,0.343183047
AOI-0063,2025-08-17,0.365298037,s2,2025,shared,2.000000000,0.381624164,0.353152573,0.370235527,0.353152573,0.370235527,0.353308404,0.370297860,0.353308404,0.370297860,0.353152573,0.370235527,0.356241841,0.371471235
AOI-0063,2025-10-16,0.249439957,s2,2025,shared,1.000000000,0.254072134,0.215834002,0.238776881,0.215834002,0.238776881,0.215834002,0.238776881,0.215834002,0.238776881,0.215834002,0.238776881,0.310243839,0.276540816
AOI-0064,2025-04-01,0.314454555,s2,2025,shared,1.000000000,0.524519077,0.457971454,0.497900028,0.457971454,0.497900028,0.457971454,0.497900028,0.457971454,0.497900028,0.457971454,0.497900028,0.457971454,0.497900028
AOI-0064,2025-04-28,0.497500990,s2,2025,shared,1.000000000,0.431961875,0.441421955,0.435745907,0.441421955,0.435745907,0.441421955,0.435745907,0.441421955,0.435745907,0.441421955,0.435745907,0.441421955,0.435745907
AOI-0064,2025-04-29,0.482969662,s2,2025,shared,1.000000000,0.422057166,0.441276155,0.429744762,0.441276155,0.429744762,0.441276155,0.429744762,0.441276155,0.429744762,0.441276155,0.429744762,0.441276155,0.429744762
AOI-0064,2025-05-16,0.750060115,s2,2025,shared,2.000000000,0.700096534,0.683444260,0.693435624,0.683444260,0.693435624,0.683444260,0.693435625,0.683444260,0.693435625,0.683444260,0.693435624,0.683444260,0.693435624
AOI-0064,2025-07-12,0.303969202,modis,2025,shared,1.000000000,0.290671729,0.339679841,0.310274974,0.339679841,0.310274974,0.339679841,0.310274974,0.339679841,0.310274974,0.339679841,0.310274974,0.314046241,0.300021534
AOI-0064,2025-08-04,0.101765058,s2,2025,shared,1.000000000,0.187375319,0.191519266,0.189032898,0.191519266,0.189032898,0.191519266,0.189032898,0.191519266,0.189032898,0.191519266,0.189032898,0.191519266,0.189032898
AOI-0064,2025-08-09,0.158781891,s2,2025,shared,1.000000000,0.156100391,0.142602794,0.150701352,0.142602794,0.150701352,0.142602794,0.150701352,0.142602794,0.150701352,0.142602794,0.150701352,0.142602794,0.150701352
AOI-0064,2025-08-17,0.162552313,s2,2025,shared,3.000000000,0.185419756,0.164989848,0.177247793,0.164989848,0.177247793,0.165100521,0.177292062,0.165100521,0.177292062,0.165100521,0.177292062,0.166317049,0.177778673
AOI-0064,2025-09-15,0.203078836,s2,2025,shared,1.000000000,0.202600315,0.195284572,0.199674018,0.195284572,0.199674018,0.195284572,0.199674018,0.195284572,0.199674018,0.195284572,0.199674018,0.197034144,0.200373847
AOI-0064,2025-09-24,0.280181209,landsat,2025,shared,1.000000000,0.251171003,0.244097272,0.248341510,0.244097272,0.248341510,0.244097272,0.248341510,0.244097272,0.248341510,0.244097272,0.248341510,0.241741800,0.247399322
AOI-0065,2025-05-24,0.455739509,s2,2025,shared,1.000000000,0.480811647,0.458391301,0.471843509,0.458391301,0.471843509,0.458391301,0.471843509,0.458391301,0.471843509,0.458391301,0.471843509,0.458391301,0.471843509
AOI-0065,2025-06-03,0.543642249,s2,2025,shared,1.000000000,0.501628884,0.457649513,0.484037135,0.457649513,0.484037135,0.457649513,0.484037135,0.457649513,0.484037135,0.457649513,0.484037135,0.457649513,0.484037135
AOI-0065,2025-06-10,0.502266325,s2,2025,shared,1.000000000,0.544185986,0.468768376,0.514018942,0.608012214,0.569716477,0.608012214,0.569716477,0.608012214,0.569716477,0.599821400,0.566440152,0.548634469,0.545965379
AOI-0065,2025-07-10,0.542296539,s2,2025,shared,3.000000000,0.503868918,0.530016256,0.514327853,0.530016256,0.514327853,0.530016256,0.514327853,0.530016256,0.514327853,0.530016256,0.514327853,0.530016256,0.514327853
AOI-0065,2025-07-12,0.522319270,modis,2025,shared,2.000000000,0.480343581,0.470629377,0.476457900,0.470629377,0.476457900,0.473029572,0.477417978,0.473029572,0.477417978,0.470629377,0.476457900,0.517243487,0.495103544
AOI-0065,2025-07-14,0.470171174,landsat,2025,shared,1.000000000,0.493470982,0.516518354,0.502689931,0.516518354,0.502689931,0.516518354,0.502689931,0.516518354,0.502689931,0.516518354,0.502689931,0.506347358,0.498621533
AOI-0065,2025-07-30,0.231732122,s2,2025,shared,1.000000000,0.298472630,0.283177086,0.292354413,0.283177086,0.292354413,0.283177086,0.292354413,0.283177086,0.292354413,0.283177086,0.292354413,0.283177086,0.292354413
AOI-0065,2025-08-09,0.216490069,s2,2025,shared,1.000000000,0.215468511,0.200145873,0.209339456,0.200145873,0.209339456,0.200145873,0.209339456,0.200145873,0.209339456,0.200145873,0.209339456,0.200145873,0.209339456
AOI-0065,2025-09-01,0.224525887,s2,2025,shared,1.000000000,0.212083186,0.193758226,0.204753202,0.193758226,0.204753202,0.193758226,0.204753202,0.193758226,0.204753202,0.193758226,0.204753202,0.200850127,0.207589962
AOI-0065,2025-09-06,0.202391996,s2,2025,shared,1.000000000,0.216342797,0.184013717,0.203411165,0.184013717,0.203411165,0.184013717,0.203411165,0.184013717,0.203411165,0.184013717,0.203411165,0.207705085,0.212887712
AOI-0066,2025-05-14,0.259674885,s2,2025,new,1.000000000,0.285973602,0.251494601,0.272182001,0.251494601,0.272182001,0.251494601,0.272182001,0.251494601,0.272182001,0.251494601,0.272182001,0.251494601,0.272182001
AOI-0066,2025-07-07,0.723806911,s2,2025,new,1.000000000,0.784193279,0.828372052,0.801864789,0.828372052,0.801864789,0.828372052,0.801864789,0.828372052,0.801864789,0.828372052,0.801864789,0.828372052,0.801864789
AOI-0066,2025-07-10,0.775876731,s2,2025,new,4.000000000,0.747173270,0.797467283,0.767290875,0.797467283,0.767290875,0.797467283,0.767290875,0.797467283,0.767290875,0.797467283,0.767290875,0.797467283,0.767290875
AOI-0066,2025-07-12,0.572838626,modis,2025,new,3.000000000,0.690645710,0.659273427,0.678096797,0.659273427,0.678096797,0.663164649,0.679653285,0.663164649,0.679653285,0.659273427,0.678096797,0.733691375,0.707863976
AOI-0066,2025-07-17,0.675654374,s2,2025,new,1.000000000,0.642604324,0.672428618,0.654534041,0.672428618,0.654534041,0.672428618,0.654534041,0.672428618,0.654534041,0.672428618,0.654534041,0.672428618,0.654534041
AOI-0066,2025-07-18,0.702355658,s2,2025,new,2.000000000,0.644752874,0.692741634,0.663948378,0.692741634,0.663948378,0.692741634,0.663948378,0.692741634,0.663948378,0.692741634,0.663948378,0.692741634,0.663948378
AOI-0066,2025-07-22,0.518548533,landsat,2025,new,1.000000000,0.655033382,0.681560622,0.665644278,0.681560622,0.665644278,0.681560622,0.665644278,0.681560622,0.665644278,0.681560622,0.665644278,0.670824786,0.661349944
AOI-0066,2025-07-28,0.521221392,s2,2025,new,1.000000000,0.474584562,0.510269709,0.488858621,0.510269709,0.488858621,0.485155324,0.478812867,0.510269709,0.488858621,0.507315075,0.487676767,0.490651687,0.481011412
AOI-0066,2025-08-17,0.253963821,s2,2025,new,5.000000000,0.284191508,0.279383225,0.282268195,0.279383225,0.282268195,0.279405349,0.282277044,0.279405349,0.282277044,0.279405349,0.282277044,0.279648542,0.282374321
AOI-0066,2025-08-19,0.221422856,s2,2025,new,1.000000000,0.261315349,0.276604456,0.267430992,0.276604456,0.267430992,0.276604456,0.267430992,0.276604456,0.267430992,0.276604456,0.267430992,0.276604456,0.267430992
AOI-0066,2025-09-16,0.161369831,s2,2025,new,1.000000000,0.177340211,0.158871709,0.169952810,0.158871709,0.169952810,0.187032690,0.181217202,0.158871709,0.169952810,0.187032690,0.181217202,0.165333577,0.172537557
AOI-0066,2025-09-25,0.178891382,s2,2025,new,2.000000000,0.169731464,0.162070896,0.166667237,0.162070896,0.166667237,0.162090225,0.166674969,0.162090225,0.166674969,0.162070896,0.166667237,0.162138220,0.166694166
AOI-0067,2010-04-07,0.263578566,modis,2010,new,1.000000000,0.267168563,0.275426683,0.270471811,0.275426683,0.270471811,0.275426683,0.270471811,0.275426683,0.270471811,0.275426683,0.270471811,0.269979740,0.268293034
AOI-0067,2010-07-12,0.254927251,modis,2010,new,1.000000000,0.235502670,0.284438056,0.255076825,0.284438056,0.255076825,0.284438056,0.255076825,0.284438056,0.255076825,0.284438056,0.255076825,0.231802121,0.234022450
AOI-0067,2010-08-22,0.133524555,landsat,2010,new,1.000000000,0.153558622,0.163579576,0.157567003,0.163579576,0.157567003,0.163579576,0.157567003,0.163579576,0.157567003,0.163579576,0.157567003,0.163579576,0.157567003
AOI-0067,2010-09-07,0.134047732,landsat,2010,new,1.000000000,0.147730036,0.148774875,0.148147971,0.148774875,0.148147971,0.148774875,0.148147971,0.148774875,0.148147971,0.148774875,0.148147971,0.148774875,0.148147971
AOI-0067,2011-05-25,0.315158247,modis,2011,new,1.000000000,0.375942519,0.323293072,0.354882740,0.323293072,0.354882740,0.323293072,0.354882740,0.323293072,0.354882740,0.323293072,0.354882740,0.323293072,0.354882740
AOI-0067,2011-06-22,0.370939707,landsat,2011,new,1.000000000,0.402149035,0.409648695,0.405148899,0.409648695,0.405148899,0.409648695,0.405148899,0.409648695,0.405148899,0.409648695,0.405148899,0.409648695,0.405148899
AOI-0067,2011-07-16,0.565498739,landsat,2011,new,21.000000000,0.591523539,0.593245936,0.592212498,0.593245936,0.592212498,0.593245933,0.592212496,0.593245933,0.592212496,0.593245933,0.592212496,0.593245936,0.592212498
AOI-0067,2011-07-24,0.660669768,landsat,2011,new,1.000000000,0.587146889,0.608886101,0.595842574,0.608886101,0.595842574,0.608886101,0.595842574,0.608886101,0.595842574,0.608886101,0.595842574,0.608886101,0.595842574
AOI-0067,2011-08-26,0.384145798,landsat,2011,new,1.000000000,0.442857041,0.432215026,0.438600235,0.432215026,0.438600235,0.432215026,0.438600235,0.432215026,0.438600235,0.432215026,0.438600235,0.432215026,0.438600235
AOI-0067,2012-04-22,0.327022724,landsat,2012,new,1.000000000,0.356305513,0.375237056,0.363878131,0.273018401,0.322990669,0.273018401,0.322990669,0.273018401,0.322990669,0.273018401,0.322990669,0.374839318,0.363719035
AOI-0067,2012-07-11,0.202595857,modis,2012,new,1.000000000,0.218677018,0.247905762,0.230368515,0.247905762,0.230368515,0.247905762,0.230368515,0.247905762,0.230368515,0.247905762,0.230368515,0.247905762,0.230368515
AOI-0067,2012-09-04,0.125362944,landsat,2012,new,21.000000000,0.131338300,0.140639763,0.135058885,0.140639763,0.135058885,0.140639764,0.135058886,0.140639764,0.135058886,0.140639764,0.135058886,0.140639763,0.135058885
AOI-0067,2013-04-17,0.243892625,landsat,2013,new,21.000000000,0.259892188,0.234974599,0.249925152,0.234974599,0.249925152,0.234974672,0.249925181,0.234974672,0.249925181,0.234974672,0.249925181,0.234974599,0.249925152
AOI-0067,2013-06-04,0.561216044,landsat,2013,new,1.000000000,0.545430981,0.566573709,0.553888072,0.566573709,0.553888072,0.566573709,0.553888072,0.566573709,0.553888072,0.566573709,0.553888072,0.566573709,0.553888072
AOI-0067,2013-06-19,0.300128463,landsat,2013,new,21.000000000,0.364000492,0.389071921,0.374029064,0.389071921,0.374029064,0.389071920,0.374029063,0.389071920,0.374029063,0.389071920,0.374029063,0.389071921,0.374029064
AOI-0067,2013-07-22,0.221742972,landsat,2013,new,1.000000000,0.239736773,0.240006983,0.239844857,0.240006983,0.239844857,0.240006983,0.239844857,0.240006983,0.239844857,0.240006983,0.239844857,0.240006983,0.239844857
AOI-0067,2013-07-29,0.255564610,landsat,2013,new,1.000000000,0.257270301,0.246558410,0.252985545,0.246558410,0.252985545,0.246558410,0.252985545,0.246558410,0.252985545,0.246558410,0.252985545,0.246558410,0.252985545
AOI-0067,2014-04-07,0.295057849,modis,2014,new,21.000000000,0.307557279,0.279744604,0.296432209,0.279744604,0.296432209,0.279744603,0.296432209,0.279744603,0.296432209,0.279744603,0.296432209,0.279744604,0.296432209
AOI-0067,2014-04-27,0.213216245,landsat,2014,new,21.000000000,0.221325563,0.236555860,0.227417682,0.236555860,0.227417682,0.236555860,0.227417682,0.236555860,0.227417682,0.236555860,0.227417682,0.236555860,0.227417682
AOI-0067,2014-09-18,0.181426972,landsat,2014,new,1.000000000,0.169100785,0.173292932,0.170777644,0.173292932,0.170777644,0.173292932,0.170777644,0.173292932,0.170777644,0.173292932,0.170777644,0.173292932,0.170777644
AOI-0067,2014-09-26,0.143493591,landsat,2014,new,1.000000000,0.138266765,0.143347984,0.140299252,0.143347984,0.140299252,0.143347984,0.140299252,0.143347984,0.140299252,0.143347984,0.140299252,0.143347984,0.140299252
AOI-0067,2014-09-30,0.218997291,modis,2014,new,1.000000000,0.207057695,0.199249031,0.203934229,0.199249031,0.203934229,0.199249031,0.203934229,0.199249031,0.203934229,0.199249031,0.203934229,0.199249031,0.203934229
AOI-0067,2014-10-16,0.202050837,modis,2014,new,23.000000000,0.205977207,0.198933298,0.203159643,0.198933298,0.203159643,0.198933298,0.203159643,0.198933298,0.203159643,0.198933298,0.203159643,0.198933298,0.203159643
AOI-0067,2015-04-14,0.184323621,landsat,2015,new,1.000000000,0.168624721,0.175061575,0.171199463,0.175061575,0.171199463,0.175061575,0.171199463,0.175061575,0.171199463,0.175061575,0.171199463,0.175061575,0.171199463
AOI-0067,2015-09-05,0.482456919,landsat,2015,new,1.000000000,0.451852038,0.429069446,0.442739001,0.429069446,0.442739001,0.429069446,0.442739001,0.429069446,0.442739001,0.429069446,0.442739001,0.429069446,0.442739001
AOI-0067,2015-09-30,0.259481180,landsat,2015,new,1.000000000,0.305337377,0.306274518,0.305712233,0.293867042,0.300749243,0.293867042,0.300749243,0.293867042,0.300749243,0.293867042,0.300749243,0.305964815,0.305588352
AOI-0067,2015-10-16,0.230750665,landsat,2015,new,1.000000000,0.269107756,0.256133246,0.263917952,0.183291761,0.234781358,0.183291761,0.234781358,0.183291761,0.234781358,0.183291761,0.234781358,0.256077084,0.263895487
AOI-0067,2016-06-20,0.178938348,landsat,2016,new,1.000000000,0.192586711,0.202719556,0.196639849,0.202719556,0.196639849,0.202719556,0.196639849,0.202719556,0.196639849,0.202719556,0.196639849,0.202719556,0.196639849
AOI-0067,2016-07-22,0.191165173,landsat,2016,new,1.000000000,0.198851847,0.201993396,0.200108467,0.201993396,0.200108467,0.201993396,0.200108467,0.201993396,0.200108467,0.201993396,0.200108467,0.201993396,0.200108467
AOI-0067,2016-07-30,0.299086335,landsat,2016,new,1.000000000,0.216526594,0.218074969,0.217145944,0.218074969,0.217145944,0.218074969,0.217145944,0.218074969,0.217145944,0.218074969,0.217145944,0.218074969,0.217145944
AOI-0067,2016-08-06,0.384763567,landsat,2016,new,1.000000000,0.219241150,0.226418993,0.222112287,0.226418993,0.222112287,0.226418993,0.222112287,0.226418993,0.222112287,0.226418993,0.222112287,0.226418993,0.222112287
AOI-0067,2016-09-13,0.277275618,modis,2016,new,21.000000000,0.239523403,0.242922413,0.240883007,0.242922413,0.240883007,0.242407295,0.240676960,0.242407295,0.240676960,0.242407295,0.240676960,0.205714943,0.226000019
AOI-0067,2016-10-15,0.247026215,modis,2016,new,1.000000000,0.258774257,0.255611735,0.257509248,0.255611735,0.257509248,0.255611735,0.257509248,0.255611735,0.257509248,0.255611735,0.257509248,0.252514750,0.256270454
AOI-0067,2017-04-03,0.130205089,s2,2017,new,1.000000000,0.141945733,0.148833577,0.144700870,0.148833577,0.144700870,0.148833577,0.144700870,0.148833577,0.144700870,0.148833577,0.144700870,0.148833577,0.144700870
AOI-0067,2017-04-27,0.163046795,landsat,2017,new,23.000000000,0.192007938,0.192583854,0.192238305,0.192583854,0.192238305,0.192583854,0.192238305,0.192583854,0.192238305,0.192583854,0.192238305,0.192583854,0.192238305
AOI-0067,2017-05-29,0.201872691,landsat,2017,new,1.000000000,0.229456982,0.215875289,0.224024305,0.215875289,0.224024305,0.215875289,0.224024305,0.215875289,0.224024305,0.215875289,0.224024305,0.215875289,0.224024305
AOI-0067,2017-07-24,0.580016391,landsat,2017,new,1.000000000,0.534988494,0.532600955,0.534033479,0.532600955,0.534033479,0.532600955,0.534033479,0.532600955,0.534033479,0.532600955,0.534033479,0.532600955,0.534033479
AOI-0067,2017-07-28,0.555301355,modis,2017,new,1.000000000,0.527799695,0.523287870,0.525994965,0.523287870,0.525994965,0.523287870,0.525994965,0.523287870,0.525994965,0.523287870,0.525994965,0.523287870,0.525994965
AOI-0067,2017-08-09,0.584441799,landsat,2017,new,1.000000000,0.529129752,0.509589401,0.521313612,0.515699312,0.523757576,0.515699312,0.523757576,0.515699312,0.523757576,0.515699312,0.523757576,0.509741911,0.521374616
AOI-0067,2017-08-18,0.571770201,landsat,2017,new,1.000000000,0.515550133,0.492624033,0.506379693,0.492624033,0.506379693,0.492624033,0.506379693,0.492624033,0.506379693,0.492624033,0.506379693,0.492624033,0.506379693
AOI-0067,2017-08-25,0.468574597,landsat,2017,new,1.000000000,0.534869611,0.514581260,0.526754271,0.514581260,0.526754271,0.514581260,0.526754271,0.514581260,0.526754271,0.514581260,0.526754271,0.514581260,0.526754271
AOI-0067,2018-05-16,0.173505142,landsat,2018,new,1.000000000,0.197997694,0.205347041,0.200937432,0.205347041,0.200937432,0.205347041,0.200937432,0.205347041,0.200937432,0.205347041,0.200937432,0.205347041,0.200937432
AOI-0067,2018-05-17,0.196894332,landsat,2018,new,1.000000000,0.199385016,0.206549293,0.202250727,0.206549293,0.202250727,0.206549293,0.202250727,0.206549293,0.202250727,0.206549293,0.202250727,0.206549293,0.202250727
AOI-0067,2018-06-26,0.210099761,modis,2018,new,1.000000000,0.185303279,0.239947686,0.207161042,0.177695576,0.182260198,0.177695576,0.182260198,0.177695576,0.182260198,0.177695576,0.182260198,0.232805447,0.204304146
AOI-0067,2018-07-02,0.105713151,s2,2018,new,1.000000000,0.134687222,0.119418761,0.128579838,0.119418761,0.128579838,0.119418761,0.128579838,0.119418761,0.128579838,0.119418761,0.128579838,0.120329376,0.128944084
AOI-0067,2018-08-20,0.132885248,landsat,2018,new,1.000000000,0.166721877,0.173595111,0.169471170,0.173595111,0.169471170,0.173595111,0.169471170,0.173595111,0.169471170,0.173595111,0.169471170,0.173595111,0.169471170
AOI-0067,2018-09-13,0.167384781,landsat,2018,new,1.000000000,0.150178637,0.151569762,0.150735087,0.183602926,0.163548353,0.183602926,0.163548353,0.183602926,0.163548353,0.183602926,0.163548353,0.155244955,0.152205164
AOI-0067,2019-04-01,0.249792810,landsat,2019,new,23.000000000,0.245017508,0.225209660,0.237094369,0.238996459,0.242609088,0.225245413,0.237108670,0.225245413,0.237108670,0.225245413,0.237108670,0.226020648,0.237418764
AOI-0067,2019-04-09,0.348253764,landsat,2019,new,1.000000000,0.279265347,0.280718814,0.279846734,0.280718814,0.279846734,0.280718814,0.279846734,0.280718814,0.279846734,0.280718814,0.279846734,0.280718814,0.279846734
AOI-0067,2019-06-22,0.317852132,s2,2019,new,1.000000000,0.305521544,0.290543247,0.299530225,0.290543247,0.299530225,0.290543247,0.299530225,0.290543247,0.299530225,0.290543247,0.299530225,0.290543247,0.299530225
AOI-0067,2019-06-28,0.360915580,landsat,2019,new,21.000000000,0.314304785,0.309187378,0.312257822,0.309187378,0.312257822,0.309167195,0.312249749,0.309167195,0.312249749,0.309167195,0.312249749,0.308139643,0.311838728
AOI-0067,2019-08-06,0.424631729,s2,2019,new,1.000000000,0.353834680,0.342426352,0.349271349,0.342426352,0.349271349,0.342426352,0.349271349,0.342426352,0.349271349,0.342426352,0.349271349,0.349236262,0.351995313
AOI-0067,2019-08-23,0.250086660,landsat,2019,new,1.000000000,0.300154691,0.309004554,0.303694636,0.309004554,0.303694636,0.309004554,0.303694636,0.309004554,0.303694636,0.309004554,0.303694636,0.309004554,0.303694636
AOI-0067,2019-09-01,0.263357559,landsat,2019,new,inf,0.287227396,0.302787232,0.293451331,0.302787232,0.293451331,0.301822686,0.293065512,0.301822686,0.293065512,0.301822686,0.293065512,0.262689016,0.277412044
AOI-0067,2019-09-09,0.299533011,landsat,2019,new,1.000000000,0.294817978,0.304920172,0.298858856,0.304920172,0.298858856,0.304920172,0.298858856,0.304920172,0.298858856,0.304920172,0.298858856,0.304920172,0.298858856
AOI-0067,2019-10-16,0.349652271,modis,2019,new,1.000000000,0.353871818,0.368758446,0.359826469,0.368758446,0.359826469,0.368758446,0.359826469,0.368758446,0.359826469,0.368758446,0.359826469,0.365945324,0.358701221
AOI-0067,2020-04-06,0.275337211,modis,2020,new,21.000000000,0.281059816,0.238892658,0.264192952,0.238892658,0.264192952,0.238892657,0.264192952,0.238892657,0.264192952,0.238892657,0.264192952,0.238892658,0.264192952
AOI-0067,2020-05-05,0.216643421,landsat,2020,new,1.000000000,0.208678234,0.187588357,0.200242283,0.187588357,0.200242283,0.187588357,0.200242283,0.187588357,0.200242283,0.187588357,0.200242283,0.187588357,0.200242283
AOI-0067,2020-05-27,0.129712609,s2,2020,new,1.000000000,0.194320004,0.195654454,0.194853784,0.195654454,0.194853784,0.195654454,0.194853784,0.195654454,0.194853784,0.195654454,0.194853784,0.230881853,0.208944743
AOI-0067,2020-06-09,0.587486614,modis,2020,new,1.000000000,0.402085888,0.234948671,0.335231001,0.455219130,0.423339185,0.455219130,0.423339185,0.455219130,0.423339185,0.455219130,0.423339185,0.345083900,0.379285093
AOI-0067,2020-07-08,0.567692903,landsat,2020,new,1.000000000,0.568819879,0.591027595,0.577702965,0.591027595,0.577702965,0.591027595,0.577702965,0.591027595,0.577702965,0.591027595,0.577702965,0.591027595,0.577702965
AOI-0067,2020-08-17,0.449186734,landsat,2020,new,1.000000000,0.399897684,0.393625103,0.397388652,0.393625103,0.397388652,0.393625103,0.397388652,0.393625103,0.397388652,0.393625103,0.397388652,0.393625103,0.397388652
AOI-0067,2020-09-09,0.312519710,s2,2020,new,1.000000000,0.296504518,0.298666119,0.297369158,0.298666119,0.297369158,0.298666119,0.297369158,0.298666119,0.297369158,0.298666119,0.297369158,0.298588484,0.297338104
AOI-0067,2020-10-24,0.109783943,s2,2020,new,1.000000000,0.155273753,0.136697270,0.147843160,0.136697270,0.147843160,0.136697270,0.147843160,0.136697270,0.147843160,0.136697270,0.147843160,0.136697270,0.147843160
AOI-0067,2021-05-25,0.568476653,modis,2021,new,1.000000000,0.501700523,0.530556343,0.513242851,0.530556343,0.513242851,0.530556343,0.513242851,0.530556343,0.513242851,0.530556343,0.513242851,0.361620121,0.445668362
AOI-0067,2021-06-11,0.729431456,s2,2021,new,21.000000000,0.596667204,0.558728910,0.581491887,0.558728910,0.581491887,0.558728910,0.581491887,0.558728910,0.581491887,0.558728910,0.581491887,0.558728910,0.581491887
AOI-0067,2021-07-31,0.145763884,s2,2021,new,21.000000000,0.167993050,0.161961236,0.165580324,0.161961236,0.165580324,0.161961237,0.165580325,0.161961237,0.165580325,0.161961237,0.165580325,0.161961236,0.165580324
AOI-0067,2021-08-20,0.184463393,s2,2021,new,1.000000000,0.227749319,0.213273251,0.221958892,0.213273251,0.221958892,0.213273251,0.221958892,0.213273251,0.221958892,0.213273251,0.221958892,0.213273251,0.221958892
AOI-0067,2021-08-28,0.310082874,landsat,2021,new,1.000000000,0.267356102,0.249340011,0.260149666,0.309567452,0.284240642,0.309567452,0.284240642,0.309567452,0.284240642,0.309567452,0.284240642,0.309567452,0.284240642
AOI-0067,2021-09-19,0.375306285,s2,2021,new,inf,0.239903689,0.223365358,0.233288357,0.223365358,0.233288357,0.223365360,0.233288357,0.223365360,0.233288357,0.223365360,0.233288357,0.223365358,0.233288357
AOI-0067,2021-10-07,0.186684021,landsat,2021,new,1.000000000,0.194098583,0.190119643,0.192507007,0.214634019,0.202312757,0.214634019,0.202312757,0.214634019,0.202312757,0.214634019,0.202312757,0.191561665,0.193083816
AOI-0067,2022-06-06,0.363109518,s2,2022,new,1.000000000,0.358356553,0.361716446,0.359700510,0.361716446,0.359700510,0.361716446,0.359700510,0.361716446,0.359700510,0.361716446,0.359700510,0.365166331,0.361080464
AOI-0067,2022-07-12,0.601479142,landsat,2022,new,1.000000000,0.609102389,0.635903655,0.619822895,0.635903655,0.619822895,0.635903655,0.619822895,0.635903655,0.619822895,0.635903655,0.619822895,0.634764662,0.619367298
AOI-0067,2022-07-22,0.626441472,landsat,2022,new,inf,0.575991585,0.595074349,0.583624691,0.595074349,0.583624691,0.595073957,0.583624534,0.595073957,0.583624534,0.595073957,0.583624534,0.595073957,0.583624534
AOI-0067,2022-07-24,0.641339809,landsat,2022,new,1.000000000,0.538759646,0.546524209,0.541865471,0.581300689,0.555776063,0.581300689,0.555776063,0.581300689,0.555776063,0.581300689,0.555776063,0.548569884,0.542683741
AOI-0067,2022-07-28,0.559562390,modis,2022,new,1.000000000,0.546151138,0.582627739,0.560741778,0.582627739,0.560741778,0.582627739,0.560741778,0.582627739,0.560741778,0.582627739,0.560741778,0.589442948,0.563467862
AOI-0067,2022-07-29,0.619423269,landsat,2022,new,1.000000000,0.553073546,0.565585256,0.558078230,0.559006213,0.555446613,0.559006213,0.555446613,0.559006213,0.555446613,0.559006213,0.555446613,0.564003943,0.557445705
AOI-0067,2022-08-16,0.481209353,landsat,2022,new,1.000000000,0.444752335,0.455236474,0.448945990,0.455236474,0.448945990,0.455236474,0.448945990,0.455236474,0.448945990,0.455236474,0.448945990,0.455236474,0.448945990
AOI-0067,2022-09-30,0.421654502,modis,2022,new,1.000000000,0.364733492,0.360709287,0.363123810,0.360709287,0.363123810,0.360709287,0.363123810,0.360709287,0.363123810,0.360709287,0.363123810,0.359658173,0.362703365
AOI-0067,2023-04-27,0.152812408,s2,2023,new,1.000000000,0.179806344,0.211130445,0.192335984,0.159055310,0.171505930,0.159055310,0.171505930,0.159055310,0.171505930,0.159055310,0.171505930,0.185092877,0.181920957
AOI-0067,2023-05-15,0.206854906,landsat,2023,new,1.000000000,0.179798781,0.172444514,0.176857074,0.260544432,0.212097041,0.260544432,0.212097041,0.260544432,0.212097041,0.260544432,0.212097041,0.173518904,0.177286830
AOI-0067,2023-05-17,0.171204585,s2,2023,new,1.000000000,0.170170905,0.177751436,0.173203117,0.177751436,0.173203117,0.177751436,0.173203117,0.177751436,0.173203117,0.177751436,0.173203117,0.177751436,0.173203117
AOI-0067,2023-06-26,0.653734035,s2,2023,new,1.000000000,0.635984707,0.598318742,0.620918321,0.598318742,0.620918321,0.598318742,0.620918321,0.598318742,0.620918321,0.598318742,0.620918321,0.635606733,0.635833517
AOI-0067,2023-08-18,0.399812947,landsat,2023,new,1.000000000,0.307813294,0.296198598,0.303167416,0.345661883,0.322952730,0.345661883,0.322952730,0.345661883,0.322952730,0.345661883,0.322952730,0.296801809,0.303408700
AOI-0067,2023-08-23,0.339676643,landsat,2023,new,1.000000000,0.296436148,0.299798171,0.297780957,0.315597640,0.304100745,0.315597640,0.304100745,0.315597640,0.304100745,0.315597640,0.304100745,0.300727551,0.298152709
AOI-0067,2023-08-25,0.243309551,s2,2023,new,1.000000000,0.291416744,0.296980013,0.293642052,0.296980013,0.293642052,0.296980013,0.293642052,0.296980013,0.293642052,0.296980013,0.293642052,0.313822815,0.300379172
AOI-0067,2023-10-16,0.261572669,modis,2023,new,1.000000000,0.272514757,0.294478139,0.281300110,0.294478139,0.281300110,0.294478139,0.281300110,0.294478139,0.281300110,0.294478139,0.281300110,0.294419754,0.281276756
AOI-0067,2023-10-22,0.220123345,landsat,2023,new,1.000000000,0.187760716,0.169764438,0.180562205,0.206603009,0.195297633,0.206603009,0.195297633,0.206603009,0.195297633,0.206603009,0.195297633,0.175840904,0.182992791
AOI-0067,2023-10-29,0.190980888,s2,2023,new,23.000000000,0.190070574,0.185376644,0.188193002,0.185376644,0.188193002,0.185378269,0.188193652,0.185378269,0.188193652,0.185378269,0.188193652,0.185376644,0.188193002
AOI-0067,2024-06-02,0.667181429,landsat,2024,new,1.000000000,0.570869821,0.610212748,0.586606991,0.610212748,0.586606991,0.610212748,0.586606991,0.610212748,0.586606991,0.610212748,0.586606991,0.610212748,0.586606991
AOI-0067,2024-06-26,0.420931703,landsat,2024,new,1.000000000,0.371982018,0.382206299,0.376071731,0.382206299,0.376071731,0.382206299,0.376071731,0.382206299,0.376071731,0.382206299,0.376071731,0.382206299,0.376071731
AOI-0067,2024-07-15,0.229177140,s2,2024,new,21.000000000,0.211144613,0.219639443,0.214542545,0.219639443,0.214542545,0.219639443,0.214542545,0.219639443,0.214542545,0.219639443,0.214542545,0.219639443,0.214542545
AOI-0067,2024-08-12,0.241205168,landsat,2024,new,1.000000000,0.202946959,0.178058769,0.192991683,0.214618025,0.207615385,0.214618025,0.207615385,0.214618025,0.207615385,0.214618025,0.207615385,0.184089162,0.195403840
AOI-0067,2024-08-13,0.235285019,landsat,2024,new,1.000000000,0.207347960,0.209763672,0.208314245,0.209763672,0.208314245,0.209763672,0.208314245,0.209763672,0.208314245,0.209763672,0.208314245,0.209763672,0.208314245
AOI-0067,2024-09-05,0.173029151,landsat,2024,new,1.000000000,0.187599065,0.205168072,0.194626668,0.205168072,0.194626668,0.205168072,0.194626668,0.205168072,0.194626668,0.205168072,0.194626668,0.205168072,0.194626668
AOI-0067,2024-09-13,0.124835637,s2,2024,new,1.000000000,0.160759312,0.142230180,0.153347659,0.142230180,0.153347659,0.142230180,0.153347659,0.142230180,0.153347659,0.142230180,0.153347659,0.205812217,0.178780474
AOI-0067,2024-09-29,0.156173317,landsat,2024,new,inf,0.191013680,0.180307633,0.186731261,0.180307633,0.186731261,0.188607154,0.190051070,0.188607154,0.190051070,0.188607154,0.190051070,0.188112194,0.189853085
AOI-0067,2025-04-02,0.188658413,landsat,2025,new,1.000000000,0.169407943,0.154326119,0.163375214,0.154326119,0.163375214,0.154326119,0.163375214,0.154326119,0.163375214,0.154326119,0.163375214,0.150760037,0.161948781
AOI-0067,2025-04-07,0.236650199,modis,2025,new,1.000000000,0.268148094,0.260080087,0.264920891,0.260080087,0.264920891,0.260080087,0.264920891,0.260080087,0.264920891,0.260080087,0.264920891,0.260066824,0.264915586
AOI-0067,2025-05-03,0.160512816,landsat,2025,new,1.000000000,0.191455573,0.182059043,0.187696961,0.182059043,0.187696961,0.182059043,0.187696961,0.182059043,0.187696961,0.182059043,0.187696961,0.182059043,0.187696961
AOI-0067,2025-05-31,0.122744489,s2,2025,new,2.000000000,0.146055433,0.144354919,0.145375227,0.144354919,0.145375227,0.144354987,0.145375255,0.144354987,0.145375255,0.144354919,0.145375227,0.144354919,0.145375227
AOI-0067,2025-06-10,0.002206791,s2,2025,new,4.000000000,0.263106180,0.147381065,0.216816134,0.306334967,0.280397695,0.306334967,0.280397695,0.214834388,0.243797463,0.306334967,0.280397695,0.238552259,0.253284612
AOI-0067,2025-06-28,0.375933926,landsat,2025,new,1.000000000,0.389757191,0.320238364,0.361949660,0.366221358,0.380342858,0.343229861,0.371146259,0.366221358,0.380342858,0.343229861,0.371146259,0.364720705,0.379742597
AOI-0067,2025-07-12,0.572714741,modis,2025,new,1.000000000,0.467465695,0.465887004,0.466834218,0.465887004,0.466834218,0.465887004,0.466834218,0.465887004,0.466834218,0.465887004,0.466834218,0.491156008,0.476941820
AOI-0067,2025-07-30,0.569988706,s2,2025,new,1.000000000,0.480115530,0.500957328,0.488452249,0.500957328,0.488452249,0.500957328,0.488452249,0.500957328,0.488452249,0.500957328,0.488452249,0.500957328,0.488452249
AOI-0067,2025-09-25,0.238253087,s2,2025,new,4.000000000,0.257156811,0.264109839,0.259938022,0.264109839,0.259938022,0.264140243,0.259950184,0.264140243,0.259950184,0.264140243,0.259950184,0.264215747,0.259980386
AOI-0067,2025-09-28,0.262999211,s2,2025,new,1.000000000,0.243723597,0.245864919,0.244580126,0.245864919,0.244580126,0.245864919,0.244580126,0.245864919,0.244580126,0.245864919,0.244580126,0.245864919,0.244580126
AOI-0068,2010-06-04,0.193888519,landsat,2010,new,1.000000000,0.196393844,0.186360194,0.192380384,0.186360194,0.192380384,0.186360194,0.192380384,0.186360194,0.192380384,0.186360194,0.192380384,0.186360194,0.192380384
AOI-0068,2010-07-05,0.162327727,landsat,2010,new,1.000000000,0.164213180,0.173760407,0.168032071,0.173760407,0.168032071,0.173760407,0.168032071,0.173760407,0.168032071,0.173760407,0.168032071,0.173760407,0.168032071
AOI-0068,2010-07-29,0.140416059,landsat,2010,new,1.000000000,0.166182366,0.163911358,0.165273963,0.163911358,0.165273963,0.163911358,0.165273963,0.163911358,0.165273963,0.163911358,0.165273963,0.163911358,0.165273963
AOI-0068,2010-08-06,0.123179567,landsat,2010,new,22.000000000,0.145985962,0.162294444,0.152509355,0.162294444,0.152509355,0.162294444,0.152509355,0.162294444,0.152509355,0.162294444,0.152509355,0.162294444,0.152509355
AOI-0068,2010-10-25,0.336048723,landsat,2010,new,1.000000000,0.290864750,0.296736462,0.293213435,0.296736462,0.293213435,0.296736462,0.293213435,0.296736462,0.293213435,0.296736462,0.293213435,0.296736462,0.293213435
AOI-0068,2011-04-28,0.409039866,landsat,2011,new,1.000000000,0.511680780,0.493690638,0.504484723,0.493690638,0.504484723,0.493690638,0.504484723,0.493690638,0.504484723,0.493690638,0.504484723,0.493690638,0.504484723
AOI-0068,2011-06-10,0.479896182,modis,2011,new,1.000000000,0.451523561,0.413531881,0.436326889,0.413531881,0.436326889,0.413531881,0.436326889,0.413531881,0.436326889,0.413531881,0.436326889,0.413531881,0.436326889
AOI-0068,2011-09-02,0.160048383,landsat,2011,new,1.000000000,0.175168745,0.168682372,0.172574196,0.168682372,0.172574196,0.168682372,0.172574196,0.168682372,0.172574196,0.168682372,0.172574196,0.168682372,0.172574196
AOI-0068,2011-09-19,0.249416077,landsat,2011,new,22.000000000,0.230024280,0.230718711,0.230302052,0.230718711,0.230302052,0.230718714,0.230302053,0.230718714,0.230302053,0.230718714,0.230302053,0.230718711,0.230302052
AOI-0068,2011-09-26,0.245781033,landsat,2011,new,1.000000000,0.224868782,0.232211602,0.227805910,0.232211602,0.227805910,0.232211602,0.227805910,0.232211602,0.227805910,0.232211602,0.227805910,0.232211602,0.227805910
AOI-0068,2012-07-18,0.190704841,landsat,2012,new,1.000000000,0.158956123,0.164167965,0.161040859,0.164167965,0.161040859,0.164167965,0.161040859,0.164167965,0.161040859,0.164167965,0.161040859,0.164167965,0.161040859
AOI-0068,2012-09-04,0.173923885,landsat,2012,new,22.000000000,0.167189954,0.152468125,0.161301223,0.152468125,0.161301223,0.152468126,0.161301223,0.152468126,0.161301223,0.152468126,0.161301223,0.152468125,0.161301223
AOI-0068,2012-09-20,0.208131101,landsat,2012,new,1.000000000,0.156204045,0.149137317,0.153377354,0.149137317,0.153377354,0.149137317,0.153377354,0.149137317,0.153377354,0.149137317,0.153377354,0.149137317,0.153377354
AOI-0068,2013-04-17,0.295929036,landsat,2013,new,22.000000000,0.244956328,0.248519581,0.246381629,0.248519581,0.246381629,0.248519613,0.246381642,0.248519613,0.246381642,0.248519613,0.246381642,0.248519581,0.246381629
AOI-0068,2013-05-11,0.400607907,landsat,2013,new,1.000000000,0.452324100,0.441067411,0.447821424,0.441067411,0.447821424,0.441067411,0.447821424,0.441067411,0.447821424,0.441067411,0.447821424,0.441067411,0.447821424
AOI-0068,2013-07-05,0.188028800,landsat,2013,new,1.000000000,0.200596576,0.202492749,0.201355045,0.202492749,0.201355045,0.202492749,0.201355045,0.202492749,0.201355045,0.202492749,0.201355045,0.202492749,0.201355045
AOI-0068,2013-07-12,0.238275741,modis,2013,new,1.000000000,0.240541755,0.260006649,0.248327713,0.260006649,0.248327713,0.260006649,0.248327713,0.260006649,0.248327713,0.260006649,0.248327713,0.244138546,0.241980472
AOI-0068,2013-08-22,0.193098808,landsat,2013,new,24.000000000,0.192043408,0.195324329,0.193355776,0.195324329,0.193355776,0.195324329,0.193355777,0.195324329,0.193355777,0.195324329,0.193355777,0.195324329,0.193355776
AOI-0068,2013-10-16,0.462058829,modis,2013,new,1.000000000,0.437432287,0.455004341,0.444461108,0.455004341,0.444461108,0.455004341,0.444461108,0.455004341,0.444461108,0.455004341,0.444461108,0.455004341,0.444461108
AOI-0068,2014-04-07,0.412465777,modis,2014,new,22.000000000,0.431334911,0.436474005,0.433390548,0.436474005,0.433390548,0.436474005,0.433390548,0.436474005,0.433390548,0.436474005,0.433390548,0.436474005,0.433390548
AOI-0068,2014-05-25,0.400983540,modis,2014,new,24.000000000,0.415411152,0.399057777,0.408869802,0.399057777,0.408869802,0.399057777,0.408869802,0.399057777,0.408869802,0.399057777,0.408869802,0.399057777,0.408869802
AOI-0068,2014-06-22,0.173922171,landsat,2014,new,1.000000000,0.206969146,0.217028286,0.210992802,0.217028286,0.210992802,0.217028286,0.210992802,0.217028286,0.210992802,0.217028286,0.210992802,0.217028286,0.210992802
AOI-0068,2014-07-12,0.204531218,modis,2014,new,1.000000000,0.222047454,0.225929668,0.223600339,0.225929668,0.223600339,0.225929668,0.223600339,0.225929668,0.223600339,0.225929668,0.223600339,0.225929668,0.223600339
AOI-0068,2014-08-13,0.188824002,modis,2014,new,1.000000000,0.195918897,0.198233626,0.196844789,0.198233626,0.196844789,0.198233626,0.196844789,0.198233626,0.196844789,0.198233626,0.196844789,0.198233626,0.196844789
AOI-0068,2014-09-19,0.142604772,landsat,2014,new,1.000000000,0.149022607,0.140237037,0.145508379,0.140237037,0.145508379,0.140237037,0.145508379,0.140237037,0.145508379,0.140237037,0.145508379,0.140237037,0.145508379
AOI-0068,2015-05-24,0.393337219,landsat,2015,new,1.000000000,0.398445732,0.432196090,0.411945875,0.432196090,0.411945875,0.432196090,0.411945875,0.432196090,0.411945875,0.432196090,0.411945875,0.432196090,0.411945875
AOI-0068,2015-05-25,0.426671081,landsat,2015,new,1.000000000,0.449172286,0.481065281,0.461929484,0.453180360,0.450775516,0.453180360,0.450775516,0.453180360,0.450775516,0.453180360,0.450775516,0.479424992,0.461273369
AOI-0068,2015-06-26,0.330174097,modis,2015,new,1.000000000,0.355429830,0.333782722,0.346770986,0.333782722,0.346770986,0.333782722,0.346770986,0.333782722,0.346770986,0.333782722,0.346770986,0.333782722,0.346770986
AOI-0068,2015-08-05,0.229323644,landsat,2015,new,1.000000000,0.253517961,0.253389592,0.253466614,0.253389592,0.253466614,0.253389592,0.253466614,0.253389592,0.253466614,0.253389592,0.253466614,0.253389592,0.253466614
AOI-0068,2015-08-21,0.261656605,landsat,2015,new,1.000000000,0.264158452,0.258631491,0.261947668,0.258631491,0.261947668,0.258631491,0.261947668,0.258631491,0.261947668,0.258631491,0.261947668,0.258631491,0.261947668
AOI-0068,2015-08-29,0.325168307,landsat,2015,new,22.000000000,0.320530586,0.320190472,0.320394541,0.302675694,0.313388629,0.319891366,0.320274898,0.319891366,0.320274898,0.319891366,0.320274898,0.320176968,0.320389139
AOI-0068,2016-07-05,0.333920533,landsat,2016,new,1.000000000,0.312424952,0.317433800,0.314428491,0.317433800,0.314428491,0.317433800,0.314428491,0.317433800,0.314428491,0.317433800,0.314428491,0.317433800,0.314428491
AOI-0068,2016-08-23,0.221706955,landsat,2016,new,1.000000000,0.227585552,0.231208085,0.229034565,0.231208085,0.229034565,0.231208085,0.229034565,0.231208085,0.229034565,0.231208085,0.229034565,0.231208085,0.229034565
AOI-0068,2016-08-31,0.273588948,landsat,2016,new,inf,0.232382024,0.251177651,0.239900275,0.251177651,0.239900275,0.251177587,0.239900249,0.251177587,0.239900249,0.251177587,0.239900249,0.251177587,0.239900249
AOI-0068,2016-09-08,0.237912248,landsat,2016,new,1.000000000,0.204727525,0.203765168,0.204342582,0.203765168,0.204342582,0.203765168,0.204342582,0.203765168,0.204342582,0.203765168,0.204342582,0.203765168,0.204342582
AOI-0068,2016-10-25,0.413797904,landsat,2016,new,24.000000000,0.415300244,0.418331008,0.416512550,0.418331008,0.416512550,0.418331007,0.416512549,0.418331007,0.416512549,0.418331007,0.416512549,0.418331008,0.416512550
AOI-0068,2016-10-26,0.370867195,landsat,2016,new,1.000000000,0.400736065,0.408993686,0.404039114,0.408993686,0.404039114,0.408993686,0.404039114,0.408993686,0.404039114,0.408993686,0.404039114,0.408993686,0.404039114
AOI-0068,2017-04-12,0.358691680,landsat,2017,new,1.000000000,0.316507217,0.272897951,0.299063510,0.272897951,0.299063510,0.272897951,0.299063510,0.272897951,0.299063510,0.272897951,0.299063510,0.272897951,0.299063510
AOI-0068,2017-04-27,0.386707355,landsat,2017,new,24.000000000,0.389764272,0.398470490,0.393246759,0.398470490,0.393246759,0.398470490,0.393246759,0.398470490,0.393246759,0.398470490,0.393246759,0.398470490,0.393246759
AOI-0068,2017-05-09,0.554163078,modis,2017,new,1.000000000,0.582304341,0.623037468,0.598597592,0.623037468,0.598597592,0.623037468,0.598597592,0.623037468,0.598597592,0.623037468,0.598597592,0.623037468,0.598597592
AOI-0068,2017-05-25,0.572878598,modis,2017,new,1.000000000,0.569611312,0.611934240,0.586540483,0.611934240,0.586540483,0.611934240,0.586540483,0.611934240,0.586540483,0.611934240,0.586540483,0.611934240,0.586540483
AOI-0068,2017-06-15,0.533092001,landsat,2017,new,1.000000000,0.429713140,0.428582162,0.429260748,0.428582162,0.429260748,0.428582162,0.429260748,0.428582162,0.429260748,0.428582162,0.429260748,0.428582162,0.429260748
AOI-0068,2017-08-01,0.162296034,s2,2017,new,1.000000000,0.152704560,0.143350946,0.148963115,0.143350946,0.148963115,0.143350946,0.148963115,0.143350946,0.148963115,0.143350946,0.148963115,0.143350946,0.148963115
AOI-0068,2017-08-17,0.144073146,landsat,2017,new,1.000000000,0.145285499,0.131276369,0.139681847,0.131276369,0.139681847,0.131276369,0.139681847,0.131276369,0.139681847,0.131276369,0.139681847,0.131298226,0.139690590
AOI-0068,2017-09-18,0.263939124,landsat,2017,new,1.000000000,0.253293726,0.247358591,0.250919672,0.253072146,0.253205094,0.253072146,0.253205094,0.253072146,0.253205094,0.253072146,0.253205094,0.248014112,0.251181880
AOI-0068,2018-04-30,0.247232048,landsat,2018,new,1.000000000,0.259291453,0.257752236,0.258675766,0.257752236,0.258675766,0.257752236,0.258675766,0.257752236,0.258675766,0.257752236,0.258675766,0.257752236,0.258675766
AOI-0068,2018-05-24,0.307352055,landsat,2018,new,1.000000000,0.272035341,0.250474081,0.263410837,0.250474081,0.263410837,0.250474081,0.263410837,0.250474081,0.263410837,0.250474081,0.263410837,0.250474081,0.263410837
AOI-0068,2018-07-20,0.183985329,landsat,2018,new,1.000000000,0.162358568,0.168695245,0.164893239,0.168695245,0.164893239,0.168695245,0.164893239,0.168695245,0.164893239,0.168695245,0.164893239,0.168695245,0.164893239
AOI-0068,2018-08-05,0.176385602,landsat,2018,new,1.000000000,0.174437914,0.176806018,0.175385155,0.176806018,0.175385155,0.176806018,0.175385155,0.176806018,0.175385155,0.176806018,0.175385155,0.176806018,0.175385155
AOI-0068,2018-09-14,0.124033031,landsat,2018,new,1.000000000,0.210902156,0.215991765,0.212938000,0.183213441,0.199826670,0.183213441,0.199826670,0.183213441,0.199826670,0.183213441,0.199826670,0.215978119,0.212932541
AOI-0068,2018-10-15,0.214299588,landsat,2018,new,1.000000000,0.185340520,0.199410896,0.190968670,0.199410896,0.190968670,0.199410896,0.190968670,0.199410896,0.190968670,0.199410896,0.190968670,0.199410896,0.190968670
AOI-0068,2019-04-01,0.253158704,landsat,2019,new,24.000000000,0.224305104,0.217439685,0.221558937,0.250721490,0.234871659,0.217525990,0.221593458,0.217525990,0.221593458,0.217525990,0.221593458,0.219397438,0.222342038
AOI-0068,2019-04-13,0.256758547,s2,2019,new,1.000000000,0.332638234,0.347641802,0.338639661,0.347641802,0.338639661,0.347641802,0.338639661,0.347641802,0.338639661,0.347641802,0.338639661,0.347641802,0.338639661
AOI-0068,2019-04-26,0.421589553,landsat,2019,new,1.000000000,0.447232513,0.420137801,0.436394628,0.487710042,0.463423524,0.487710042,0.463423524,0.487710042,0.463423524,0.487710042,0.463423524,0.421824472,0.437069296
AOI-0068,2019-05-18,0.586770643,s2,2019,new,1.000000000,0.560361499,0.581643427,0.568874270,0.581643427,0.568874270,0.581643427,0.568874270,0.581643427,0.568874270,0.581643427,0.568874270,0.581661667,0.568881566
AOI-0068,2019-07-07,0.137084413,s2,2019,new,1.000000000,0.125744269,0.145130552,0.133498782,0.145130552,0.133498782,0.145130552,0.133498782,0.145130552,0.133498782,0.145130552,0.133498782,0.145130552,0.133498782
AOI-0068,2019-07-14,0.195331592,landsat,2019,new,22.000000000,0.163697097,0.190461682,0.174402931,0.190461682,0.174402931,0.190278538,0.174329673,0.190278538,0.174329673,0.190278538,0.174329673,0.190461682,0.174402931
AOI-0068,2019-07-22,0.138310019,s2,2019,new,1.000000000,0.160426961,0.141920599,0.153024416,0.141920599,0.153024416,0.141920599,0.153024416,0.141920599,0.153024416,0.141920599,0.153024416,0.141920599,0.153024416
AOI-0068,2019-09-08,0.169270236,landsat,2019,new,1.000000000,0.190222158,0.173485062,0.183527320,0.173485062,0.183527320,0.173485062,0.183527320,0.173485062,0.183527320,0.173485062,0.183527320,0.173485062,0.183527320
AOI-0068,2019-09-14,0.229059764,modis,2019,new,1.000000000,0.257639364,0.245787965,0.252898805,0.245787965,0.252898805,0.245787965,0.252898805,0.245787965,0.252898805,0.245787965,0.252898805,0.231432615,0.247156664
AOI-0068,2019-09-16,0.221617342,landsat,2019,new,22.000000000,0.211645932,0.199246105,0.206686001,0.199246105,0.206686001,0.199214869,0.206673506,0.199214869,0.206673506,0.199214869,0.206673506,0.197296636,0.205906213
AOI-0068,2020-04-22,0.313828224,s2,2020,new,22.000000000,0.336433723,0.285810606,0.316184476,0.285810606,0.316184476,0.304307424,0.323583203,0.304307424,0.323583203,0.304307424,0.323583203,0.351454666,0.342442100
AOI-0068,2020-04-27,0.274017941,s2,2020,new,inf,0.291396247,0.289774783,0.290747662,0.289774783,0.290747662,0.289775204,0.290747830,0.289775204,0.290747830,0.289775204,0.290747830,0.289775204,0.290747830
AOI-0068,2020-05-24,0.469515714,modis,2020,new,1.000000000,0.453675310,0.458124881,0.455455138,0.458124881,0.455455138,0.458124881,0.455455138,0.458124881,0.455455138,0.458124881,0.455455138,0.458124881,0.455455138
AOI-0068,2020-07-01,0.153248114,s2,2020,new,1.000000000,0.150353863,0.154072369,0.151841266,0.154072369,0.151841266,0.154072369,0.151841266,0.154072369,0.151841266,0.154072369,0.151841266,0.154072369,0.151841266
AOI-0068,2020-08-05,0.132456682,s2,2020,new,1.000000000,0.125992286,0.118026501,0.122805972,0.118026501,0.122805972,0.118026501,0.122805972,0.118026501,0.122805972,0.118026501,0.122805972,0.118026501,0.122805972
AOI-0068,2020-08-10,0.130434117,s2,2020,new,1.000000000,0.129391663,0.132190959,0.130511382,0.132190959,0.130511382,0.132190959,0.130511382,0.132190959,0.130511382,0.132190959,0.130511382,0.132190959,0.130511382
AOI-0068,2020-09-10,0.137291792,landsat,2020,new,1.000000000,0.156586110,0.141518165,0.150558932,0.141518165,0.150558932,0.141518165,0.150558932,0.141518165,0.150558932,0.141518165,0.150558932,0.142657317,0.151014593
AOI-0068,2020-09-26,0.115301410,landsat,2020,new,1.000000000,0.135589602,0.137561011,0.136378166,0.137561011,0.136378166,0.137561011,0.136378166,0.137561011,0.136378166,0.137561011,0.136378166,0.137561011,0.136378166
AOI-0068,2020-09-29,0.154195552,s2,2020,new,1.000000000,0.176655769,0.199796624,0.185912111,0.133938324,0.159568791,0.133938324,0.159568791,0.133938324,0.159568791,0.133938324,0.159568791,0.199360656,0.185737724
AOI-0068,2021-05-08,0.328294525,landsat,2021,new,1.000000000,0.347605065,0.341825912,0.345293404,0.341825912,0.345293404,0.341825912,0.345293404,0.341825912,0.345293404,0.341825912,0.345293404,0.341825912,0.345293404
AOI-0068,2021-06-09,0.524309852,landsat,2021,new,22.000000000,0.465022126,0.438360596,0.454357514,0.507264536,0.481919090,0.438382644,0.454366334,0.438382644,0.454366334,0.438382644,0.454366334,0.438816724,0.454539965
AOI-0068,2021-07-03,0.321032519,landsat,2021,new,1.000000000,0.306910934,0.321965614,0.312932806,0.321965614,0.312932806,0.321965614,0.312932806,0.321965614,0.312932806,0.321965614,0.312932806,0.321965614,0.312932806
AOI-0068,2021-07-11,0.202450304,s2,2021,new,1.000000000,0.246927765,0.252714507,0.249242462,0.252714507,0.249242462,0.252714507,0.249242462,0.252714507,0.249242462,0.252714507,0.249242462,0.252714507,0.249242462
AOI-0068,2021-09-06,0.391429909,landsat,2021,new,1.000000000,0.387440441,0.402802433,0.393585238,0.402802433,0.393585238,0.402802433,0.393585238,0.402802433,0.393585238,0.402802433,0.393585238,0.402802433,0.393585238
AOI-0068,2021-09-13,0.054141326,landsat,2021,new,inf,0.409946593,0.418576841,0.413398692,0.418576841,0.413398692,0.418576840,0.413398692,0.418576840,0.413398692,0.418576840,0.413398692,0.418576841,0.413398692
AOI-0068,2021-09-19,0.363264873,s2,2021,new,inf,0.359445958,0.344223177,0.353356846,0.344223177,0.353356846,0.344223178,0.353356846,0.344223178,0.353356846,0.344223178,0.353356846,0.344223177,0.353356846
AOI-0068,2022-05-07,0.403215831,s2,2022,new,1.000000000,0.405493904,0.404363197,0.405041622,0.404363197,0.405041622,0.404363197,0.405041622,0.404363197,0.405041622,0.404363197,0.405041622,0.404363197,0.405041622
AOI-0068,2022-05-11,0.609718222,landsat,2022,new,24.000000000,0.462931293,0.491906115,0.474521222,0.491906115,0.474521222,0.491906110,0.474521219,0.491906110,0.474521219,0.491906110,0.474521219,0.491906115,0.474521222
AOI-0068,2022-05-28,0.416419879,landsat,2022,new,1.000000000,0.400349381,0.414603541,0.406051045,0.414603541,0.406051045,0.414603541,0.406051045,0.414603541,0.406051045,0.414603541,0.406051045,0.414603541,0.406051045
AOI-0068,2022-07-22,0.205356275,landsat,2022,new,inf,0.195616198,0.208366274,0.200716229,0.208366274,0.200716229,0.208366004,0.200716120,0.208366004,0.200716120,0.208366004,0.200716120,0.208366004,0.200716120
AOI-0068,2022-07-31,0.123336929,s2,2022,new,1.000000000,0.123388613,0.130927121,0.126404016,0.130927121,0.126404016,0.130927121,0.126404016,0.130927121,0.126404016,0.130927121,0.126404016,0.130927121,0.126404016
AOI-0068,2022-08-23,0.185591844,landsat,2022,new,22.000000000,0.161989048,0.155327927,0.159324600,0.199063510,0.176818833,0.155397793,0.159352546,0.155397793,0.159352546,0.155397793,0.159352546,0.162542044,0.162210247
AOI-0068,2022-08-24,0.180069210,landsat,2022,new,inf,0.194675620,0.194924582,0.194775205,0.194924582,0.194775205,0.194924576,0.194775202,0.194924576,0.194775202,0.194924576,0.194775202,0.194924576,0.194775202
AOI-0068,2022-09-29,0.184649010,s2,2022,new,1.000000000,0.217951916,0.225543344,0.220988487,0.225543344,0.220988487,0.225543344,0.220988487,0.225543344,0.220988487,0.225543344,0.220988487,0.225543344,0.220988487
AOI-0068,2022-10-09,0.363123533,s2,2022,new,24.000000000,0.282146087,0.284680688,0.283159927,0.284680688,0.283159927,0.284680788,0.283159967,0.284680788,0.283159967,0.284680788,0.283159967,0.284680688,0.283159927
AOI-0068,2023-04-22,0.392637317,s2,2023,new,inf,0.468311363,0.454181999,0.462659618,0.454181999,0.462659618,0.454312931,0.462711990,0.454312931,0.462711990,0.454312931,0.462711990,0.454312931,0.462711990
AOI-0068,2023-04-29,0.597346634,landsat,2023,new,24.000000000,0.521965803,0.554535647,0.534993741,0.554535647,0.534993741,0.554534721,0.534993370,0.554534721,0.534993370,0.554534721,0.534993370,0.554535647,0.534993741
AOI-0068,2023-05-25,0.582407526,modis,2023,new,1.000000000,0.575636899,0.573114038,0.574627755,0.573114038,0.574627755,0.573114038,0.574627755,0.573114038,0.574627755,0.573114038,0.574627755,0.571415015,0.573948146
AOI-0068,2023-06-03,0.580166032,landsat,2023,new,1.000000000,0.513842001,0.494617317,0.506152128,0.567808831,0.535428733,0.567808831,0.535428733,0.567808831,0.535428733,0.567808831,0.535428733,0.567808831,0.535428733
AOI-0068,2023-06-08,0.472913372,landsat,2023,new,1.000000000,0.494790935,0.518413690,0.504240037,0.518413690,0.504240037,0.518413690,0.504240037,0.518413690,0.504240037,0.518413690,0.504240037,0.518413690,0.504240037
AOI-0068,2023-06-10,0.426582237,modis,2023,new,1.000000000,0.465868932,0.495157119,0.477584207,0.495157119,0.477584207,0.495157119,0.477584207,0.495157119,0.477584207,0.495157119,0.477584207,0.495157119,0.477584207
AOI-0068,2023-07-16,0.209537587,s2,2023,new,1.000000000,0.217987738,0.211662519,0.215457650,0.211662519,0.215457650,0.211662519,0.215457650,0.211662519,0.215457650,0.211662519,0.215457650,0.236591380,0.225429195
AOI-0068,2023-08-19,0.338203615,landsat,2023,new,1.000000000,0.330246768,0.319648731,0.326007553,0.319648731,0.326007553,0.319648731,0.326007553,0.319648731,0.326007553,0.319648731,0.326007553,0.319648731,0.326007553
AOI-0068,2023-09-11,0.380184199,landsat,2023,new,1.000000000,0.350235856,0.359510821,0.353945842,0.359510821,0.353945842,0.359510821,0.353945842,0.359510821,0.353945842,0.359510821,0.353945842,0.359510821,0.353945842
AOI-0068,2023-10-19,0.269592728,s2,2023,new,24.000000000,0.267079301,0.257620364,0.263295726,0.257620364,0.263295726,0.258625244,0.263697678,0.258625244,0.263697678,0.258625244,0.263697678,0.296171416,0.278716147
AOI-0068,2023-10-29,0.260932050,s2,2023,new,24.000000000,0.281711838,0.248481150,0.268419563,0.248481150,0.268419563,0.248483851,0.268420643,0.248483851,0.268420643,0.248483851,0.268420643,0.248481150,0.268419563
AOI-0068,2024-04-06,0.203828693,s2,2024,new,1.000000000,0.264515518,0.222841968,0.247846098,0.222841968,0.247846098,0.222841968,0.247846098,0.222841968,0.247846098,0.222841968,0.247846098,0.279624218,0.270558998
AOI-0068,2024-04-07,0.248550844,landsat,2024,new,1.000000000,0.242123592,0.269682325,0.253147085,0.269682325,0.253147085,0.269682325,0.253147085,0.269682325,0.253147085,0.269682325,0.253147085,0.246847570,0.244013183
AOI-0068,2024-05-11,0.191916746,s2,2024,new,1.000000000,0.216761487,0.211378451,0.214608272,0.211378451,0.214608272,0.211378451,0.214608272,0.211378451,0.214608272,0.211378451,0.214608272,0.211378451,0.214608272
AOI-0068,2024-05-21,0.175444307,s2,2024,new,1.000000000,0.189100949,0.184671743,0.187329266,0.184671743,0.187329266,0.184671743,0.187329266,0.184671743,0.187329266,0.184671743,0.187329266,0.184671743,0.187329266
AOI-0068,2024-05-24,0.232436673,landsat,2024,new,22.000000000,0.247263179,0.186354537,0.222899722,0.257331614,0.251290553,0.186802404,0.223078869,0.186802404,0.223078869,0.186802404,0.223078869,0.186409261,0.222921612
AOI-0068,2024-06-09,0.208669322,landsat,2024,new,1.000000000,0.257784207,0.290782642,0.270983581,0.220015549,0.242676744,0.220015549,0.242676744,0.220015549,0.242676744,0.220015549,0.242676744,0.289919629,0.270638376
AOI-0068,2024-06-18,0.207868996,landsat,2024,new,1.000000000,0.164736451,0.142801577,0.155962502,0.223836676,0.188376541,0.223836676,0.188376541,0.223836676,0.188376541,0.223836676,0.188376541,0.183319126,0.172169521
AOI-0068,2024-07-11,0.185403828,landsat,2024,new,1.000000000,0.204083326,0.205895757,0.204808299,0.189791629,0.198366648,0.189791629,0.198366648,0.189791629,0.198366648,0.189791629,0.198366648,0.205861102,0.204794436
AOI-0068,2024-07-15,0.130699965,s2,2024,new,22.000000000,0.123778995,0.137399339,0.129227133,0.137399339,0.129227133,0.137399339,0.129227133,0.137399339,0.129227133,0.137399339,0.129227133,0.137399339,0.129227133
AOI-0068,2025-04-17,0.546504807,landsat,2025,new,1.000000000,0.588894641,0.574853320,0.583278113,0.574853320,0.583278113,0.574853320,0.583278113,0.574853320,0.583278113,0.574853320,0.583278113,0.574938617,0.583312231
AOI-0068,2025-04-18,0.555796021,s2,2025,new,1.000000000,0.585544048,0.612274160,0.596236093,0.612274160,0.596236093,0.612274160,0.596236093,0.612274160,0.596236093,0.612274160,0.596236093,0.612274160,0.596236093
AOI-0068,2025-04-26,0.649634665,landsat,2025,new,20.000000000,0.624139806,0.618121936,0.621732658,0.618121936,0.621732658,0.618235162,0.621777949,0.618235162,0.621777949,0.618235162,0.621777949,0.618121936,0.621732658
AOI-0068,2025-04-28,0.705922745,s2,2025,new,1.000000000,0.653762744,0.654344347,0.653995385,0.654344347,0.653995385,0.654344347,0.653995385,0.654344347,0.653995385,0.654344347,0.653995385,0.654344347,0.653995385
AOI-0068,2025-06-25,0.174045171,s2,2025,new,1.000000000,0.264831183,0.252570401,0.259926870,0.252570401,0.259926870,0.252570401,0.259926870,0.252570401,0.259926870,0.252570401,0.259926870,0.252570401,0.259926870
AOI-0068,2025-07-17,0.172100782,s2,2025,new,1.000000000,0.174076544,0.186521653,0.179054587,0.186521653,0.179054587,0.186521653,0.179054587,0.186521653,0.179054587,0.186521653,0.179054587,0.186521653,0.179054587
AOI-0068,2025-08-31,0.233902391,landsat,2025,new,1.000000000,0.233979733,0.235273954,0.234497421,0.235273954,0.234497421,0.235273954,0.234497421,0.235273954,0.234497421,0.235273954,0.234497421,0.229374523,0.232137649
AOI-0068,2025-09-03,0.168979043,s2,2025,new,1.000000000,0.189274320,0.185626585,0.187815226,0.185626585,0.187815226,0.185626585,0.187815226,0.185626585,0.187815226,0.185626585,0.187815226,0.185626585,0.187815226
AOI-0068,2025-09-13,0.201597885,s2,2025,new,1.000000000,0.184010390,0.179969365,0.182393980,0.179969365,0.182393980,0.179969365,0.182393980,0.179969365,0.182393980,0.179969365,0.182393980,0.179969365,0.182393980
AOI-0068,2025-09-25,0.188979367,s2,2025,new,3.000000000,0.209405279,0.206524715,0.208253053,0.206524715,0.208253053,0.206543686,0.208260642,0.206543686,0.208260642,0.206543686,0.208260642,0.206615636,0.208289422
AOI-0069,2025-05-04,0.220450906,landsat,2025,shared,1.000000000,0.209229364,0.181209144,0.198021276,0.249235560,0.225231842,0.249235560,0.225231842,0.249235560,0.225231842,0.249235560,0.225231842,0.191355379,0.202079770
AOI-0069,2025-05-08,0.210543776,s2,2025,shared,1.000000000,0.212993437,0.224246375,0.217494612,0.224246375,0.217494612,0.224246375,0.217494612,0.224246375,0.217494612,0.224246375,0.217494612,0.224246375,0.217494612
AOI-0069,2025-05-27,0.445758731,landsat,2025,shared,1.000000000,0.445269502,0.437291797,0.442078420,0.437291797,0.442078420,0.437291797,0.442078420,0.437291797,0.442078420,0.437291797,0.442078420,0.437291797,0.442078420
AOI-0069,2025-07-10,0.173790126,s2,2025,shared,1.000000000,0.163750686,0.158831529,0.161783023,0.158831529,0.161783023,0.158831529,0.161783023,0.158831529,0.161783023,0.158831529,0.161783023,0.158831529,0.161783023
AOI-0069,2025-08-06,0.141488602,s2,2025,shared,1.000000000,0.139574796,0.140123175,0.139794148,0.140123175,0.139794148,0.140123175,0.139794148,0.140123175,0.139794148,0.140123175,0.139794148,0.142007270,0.140547786
AOI-0069,2025-08-16,0.125835392,s2,2025,shared,1.000000000,0.132869205,0.136179717,0.134193410,0.136179717,0.134193410,0.136179717,0.134193410,0.136179717,0.134193410,0.136179717,0.134193410,0.136179717,0.134193410
AOI-0069,2025-09-08,0.111251163,s2,2025,shared,1.000000000,0.118742456,0.118423215,0.118614760,0.118423215,0.118614760,0.118423215,0.118614760,0.118423215,0.118614760,0.118423215,0.118614760,0.118423215,0.118614760
AOI-0069,2025-10-08,0.149580867,s2,2025,shared,1.000000000,0.153386098,0.159926674,0.156002329,0.159926674,0.156002329,0.159926674,0.156002329,0.159926674,0.156002329,0.159926674,0.156002329,0.159926674,0.156002329
AOI-0069,2025-10-13,0.141196924,s2,2025,shared,1.000000000,0.159195731,0.169975589,0.163507674,0.169975589,0.163507674,0.169975589,0.163507674,0.169975589,0.163507674,0.169975589,0.163507674,0.169975589,0.163507674
AOI-0070,2025-04-07,0.338886025,modis,2025,shared,1.000000000,0.400775222,0.403614104,0.401910775,0.403614104,0.401910775,0.403614104,0.401910775,0.403614104,0.401910775,0.403614104,0.401910775,0.403591304,0.401901655
AOI-0070,2025-07-07,0.216558617,s2,2025,shared,1.000000000,0.198448932,0.189371529,0.194817971,0.189371529,0.194817971,0.189371529,0.194817971,0.189371529,0.194817971,0.189371529,0.194817971,0.189371529,0.194817971
AOI-0070,2025-07-14,0.236853163,landsat,2025,shared,1.000000000,0.200343616,0.235486886,0.214400924,0.235486886,0.214400924,0.235486886,0.214400924,0.235486886,0.214400924,0.235486886,0.214400924,0.234672532,0.214075182
AOI-0070,2025-07-15,0.202502017,s2,2025,shared,1.000000000,0.169039148,0.166804837,0.168145423,0.166804837,0.168145423,0.166804837,0.168145423,0.166804837,0.168145423,0.166804837,0.168145423,0.166809991,0.168147485
AOI-0070,2025-08-06,0.159981008,s2,2025,shared,1.000000000,0.156945209,0.160513778,0.158372637,0.160513778,0.158372637,0.160513778,0.158372637,0.160513778,0.158372637,0.160513778,0.158372637,0.162818926,0.159294696
AOI-0070,2025-08-14,0.118905796,s2,2025,shared,2.000000000,0.157204186,0.152316978,0.155249303,0.152316978,0.155249303,0.152924990,0.155492507,0.152924990,0.155492507,0.152316978,0.155249303,0.152323908,0.155252075
AOI-0070,2025-08-29,0.164569218,s2,2025,shared,1.000000000,0.161249155,0.154290032,0.158465506,0.154290032,0.158465506,0.154290032,0.158465506,0.154290032,0.158465506,0.154290032,0.158465506,0.154290032,0.158465506
AOI-0070,2025-09-14,0.204839363,modis,2025,shared,1.000000000,0.226991276,0.221197036,0.224673580,0.221197036,0.224673580,0.221197036,0.224673580,0.221197036,0.224673580,0.221197036,0.224673580,0.216760196,0.222898844
AOI-0070,2025-09-17,0.186457716,landsat,2025,shared,1.000000000,0.196544356,0.203200403,0.199206775,0.203200403,0.199206775,0.203200403,0.199206775,0.203200403,0.199206775,0.203200403,0.199206775,0.203200403,0.199206775
AOI-0070,2025-09-23,0.152280088,s2,2025,shared,1.000000000,0.162355431,0.160883054,0.161766480,0.160883054,0.161766480,0.160883054,0.161766480,0.160883054,0.161766480,0.160883054,0.161766480,0.164294025,0.163130868
AOI-0071,2025-06-15,0.404664459,s2,2025,shared,1.000000000,0.465048889,0.392025155,0.435839395,0.392025155,0.435839395,0.392025155,0.435839395,0.392025155,0.435839395,0.392025155,0.435839395,0.392025155,0.435839395
AOI-0071,2025-06-21,0.624259879,landsat,2025,shared,1.000000000,0.525713808,0.504060195,0.517052363,0.504060195,0.517052363,0.504060195,0.517052363,0.504060195,0.517052363,0.503755947,0.516930664,0.503631466,0.516880871
AOI-0071,2025-07-10,0.550391656,s2,2025,shared,1.000000000,0.465902514,0.425695534,0.449819722,0.425695534,0.449819722,0.425695534,0.449819722,0.425695534,0.449819722,0.425695534,0.449819722,0.425695534,0.449819722
AOI-0071,2025-07-15,0.458496755,s2,2025,shared,1.000000000,0.419425221,0.429750762,0.423555437,0.429750762,0.423555437,0.429750762,0.423555437,0.429750762,0.423555437,0.429750762,0.423555437,0.429752947,0.423556311
AOI-0071,2025-07-22,0.453296481,landsat,2025,shared,1.000000000,0.423530806,0.429779363,0.426030229,0.429779363,0.426030229,0.429779363,0.426030229,0.429779363,0.426030229,0.429779363,0.426030229,0.427677043,0.425189301
AOI-0071,2025-09-08,0.380063705,landsat,2025,shared,1.000000000,0.321824327,0.321006582,0.321497229,0.321006582,0.321497229,0.321006582,0.321497229,0.321006582,0.321497229,0.321006582,0.321497229,0.321006582,0.321497229
AOI-0071,2025-10-03,0.318655923,s2,2025,shared,1.000000000,0.302000371,0.308016248,0.304406722,0.308016248,0.304406722,0.308016248,0.304406722,0.308016248,0.304406722,0.308016248,0.304406722,0.308016248,0.304406722
AOI-0071,2025-10-15,0.309657276,s2,2025,shared,1.000000000,0.298798518,0.294034605,0.296892953,0.294034605,0.296892953,0.294034605,0.296892953,0.294034605,0.296892953,0.294034605,0.296892953,0.294034605,0.296892953
AOI-0072,2025-04-16,0.553898600,s2,2025,new,2.000000000,0.675096680,0.674111450,0.674702588,0.674111450,0.674702588,0.673837769,0.674593115,0.673837769,0.674593115,0.674111450,0.674702588,0.673972394,0.674646966
AOI-0072,2025-04-17,0.681085111,landsat,2025,new,1.000000000,0.684201413,0.650469252,0.670708549,0.650469252,0.670708549,0.650469252,0.670708549,0.650469252,0.670708549,0.650211026,0.670605258,0.650440193,0.670696925
AOI-0072,2025-04-23,0.725458208,modis,2025,new,1.000000000,0.788347681,0.826245697,0.803506887,0.826245697,0.803506887,0.826245697,0.803506887,0.826245697,0.803506887,0.823401116,0.802369055,0.824535437,0.802822783
AOI-0072,2025-05-01,0.803540578,s2,2025,new,1.000000000,0.803476691,0.840543122,0.818303263,0.840543122,0.818303263,0.840543122,0.818303263,0.840543122,0.818303263,0.840543122,0.818303263,0.840094623,0.818123864
AOI-0072,2025-05-11,0.872522876,s2,2025,new,5.000000000,0.756033815,0.730737691,0.745915365,0.730737691,0.745915365,0.730737776,0.745915399,0.730737776,0.745915399,0.730737691,0.745915365,0.730737691,0.745915365
AOI-0072,2025-06-25,0.180878627,s2,2025,new,5.000000000,0.238187137,0.228880763,0.234464588,0.228880763,0.234464588,0.228880866,0.234464629,0.228880866,0.234464629,0.228880866,0.234464629,0.228880763,0.234464588
AOI-0072,2025-08-15,0.205692659,landsat,2025,new,1.000000000,0.206192742,0.208271000,0.207024045,0.208271000,0.207024045,0.182178505,0.196587047,0.208271000,0.207024045,0.205201295,0.205796163,0.208187638,0.206990700
AOI-0072,2025-08-26,0.175529569,s2,2025,new,2.000000000,0.146244448,0.158275326,0.151056799,0.158275326,0.151056799,0.158276079,0.151057100,0.158276079,0.151057100,0.158275326,0.151056799,0.158275326,0.151056799
AOI-0072,2025-09-28,0.159528172,s2,2025,new,2.000000000,0.145329179,0.134797035,0.141116321,0.134797035,0.141116321,0.134797038,0.141116322,0.134797038,0.141116322,0.134797035,0.141116321,0.134797035,0.141116321
AOI-0073,2010-04-23,0.439504661,modis,2010,new,1.000000000,0.410711727,0.426862276,0.417171947,0.426862276,0.417171947,0.426862276,0.417171947,0.426862276,0.417171947,0.426862276,0.417171947,0.426862276,0.417171947
AOI-0073,2010-07-03,0.561557143,landsat,2010,new,1.000000000,0.573905589,0.533311203,0.557667834,0.533311203,0.557667834,0.533311203,0.557667834,0.533311203,0.557667834,0.533311203,0.557667834,0.533311203,0.557667834
AOI-0073,2010-09-30,0.274878178,modis,2010,new,1.000000000,0.276353215,0.297880191,0.284964006,0.297880191,0.284964006,0.297880191,0.284964006,0.297880191,0.284964006,0.297880191,0.284964006,0.297880191,0.284964006
AOI-0073,2011-04-23,0.327783101,modis,2011,new,1.000000000,0.309642620,0.285535221,0.299999660,0.285535221,0.299999660,0.285535221,0.299999660,0.285535221,0.299999660,0.285535221,0.299999660,0.285535221,0.299999660
AOI-0073,2011-07-12,0.623656394,modis,2011,new,1.000000000,0.563117835,0.625732264,0.588163607,0.625732264,0.588163607,0.625732264,0.588163607,0.625732264,0.588163607,0.625732264,0.588163607,0.625732264,0.588163607
AOI-0073,2011-08-07,0.473904612,landsat,2011,new,14.000000000,0.500507095,0.512677579,0.505375289,0.512677579,0.505375289,0.512677558,0.505375280,0.512677558,0.505375280,0.512677558,0.505375280,0.512677579,0.505375289
AOI-0073,2011-09-30,0.380464334,modis,2011,new,1.000000000,0.351994280,0.374814972,0.361122557,0.374814972,0.361122557,0.374814972,0.361122557,0.374814972,0.361122557,0.374814972,0.361122557,0.374814972,0.361122557
AOI-0073,2012-05-06,0.476291741,landsat,2012,new,14.000000000,0.466187907,0.473196669,0.468991412,0.473196669,0.468991412,0.473196669,0.468991412,0.473196669,0.468991412,0.473196669,0.468991412,0.473196669,0.468991412
AOI-0073,2012-07-27,0.378195348,modis,2012,new,1.000000000,0.377410366,0.428855135,0.397988274,0.428855135,0.397988274,0.428855135,0.397988274,0.428855135,0.397988274,0.428855135,0.397988274,0.425554546,0.396668038
AOI-0073,2012-10-04,0.190089720,landsat,2012,new,1.000000000,0.214853398,0.217100071,0.215752067,0.217100071,0.215752067,0.217100071,0.215752067,0.217100071,0.215752067,0.217100071,0.215752067,0.217100071,0.215752067
AOI-0073,2013-04-23,0.444645689,modis,2013,new,1.000000000,0.452841846,0.469663178,0.459570379,0.469663178,0.459570379,0.469663178,0.459570379,0.469663178,0.459570379,0.469663178,0.459570379,0.469663178,0.459570379
AOI-0073,2013-07-03,0.669250904,landsat,2013,new,inf,0.486482874,0.482300023,0.484809733,0.482300023,0.484809733,0.482303095,0.484810962,0.482303095,0.484810962,0.482303095,0.484810962,0.482303095,0.484810962
AOI-0073,2013-10-16,0.425585652,modis,2013,new,1.000000000,0.395026894,0.412140657,0.401872399,0.412140657,0.401872399,0.412140657,0.401872399,0.412140657,0.401872399,0.412140657,0.401872399,0.412140657,0.401872399
AOI-0073,2014-04-07,0.279966520,modis,2014,new,1.000000000,0.340385832,0.369043555,0.351848921,0.369043555,0.351848921,0.369043555,0.351848921,0.369043555,0.351848921,0.369043555,0.351848921,0.369043555,0.351848921
AOI-0073,2014-04-23,0.416116095,modis,2014,new,11.000000000,0.420240636,0.444622681,0.429993454,0.444622681,0.429993454,0.444622681,0.429993454,0.444622681,0.429993454,0.444622681,0.429993454,0.444622681,0.429993454
AOI-0073,2014-06-28,0.826189476,landsat,2014,new,15.000000000,0.772353427,0.765698177,0.769691327,0.765698177,0.769691327,0.765698119,0.769691304,0.765698119,0.769691304,0.765698119,0.769691304,0.765698177,0.769691327
AOI-0073,2015-05-25,0.522210705,modis,2015,new,1.000000000,0.530414020,0.541807936,0.534971587,0.541807936,0.534971587,0.541807936,0.534971587,0.541807936,0.534971587,0.541807936,0.534971587,0.533211621,0.531533060
AOI-0073,2015-06-07,0.437679882,landsat,2015,new,1.000000000,0.458214624,0.479741285,0.466825288,0.479741285,0.466825288,0.479741285,0.466825288,0.479741285,0.466825288,0.479741285,0.466825288,0.479741285,0.466825288
AOI-0073,2015-08-13,0.465821569,modis,2015,new,1.000000000,0.442818447,0.423031715,0.434903754,0.423031715,0.434903754,0.423031715,0.434903754,0.423031715,0.434903754,0.423031715,0.434903754,0.423254051,0.434992689
AOI-0073,2015-10-29,0.194380149,landsat,2015,new,14.000000000,0.226252358,0.240525139,0.231961471,0.240525139,0.231961471,0.240525155,0.231961477,0.240525155,0.231961477,0.240525155,0.231961477,0.240525139,0.231961471
AOI-0073,2016-06-25,0.691370302,landsat,2016,new,1.000000000,0.649492724,0.589996219,0.625694122,0.683200727,0.662975925,0.683200727,0.662975925,0.683200727,0.662975925,0.683200727,0.662975925,0.595478837,0.627887169
AOI-0073,2016-08-28,0.359037775,landsat,2016,new,1.000000000,0.424413686,0.468276120,0.441958660,0.369333488,0.402381607,0.369333488,0.402381607,0.369333488,0.402381607,0.369333488,0.402381607,0.444494657,0.432446074
AOI-0073,2017-04-07,0.233358991,modis,2017,new,1.000000000,0.319645945,0.280980672,0.304179836,0.280980672,0.304179836,0.280980672,0.304179836,0.280980672,0.304179836,0.280980672,0.304179836,0.280980672,0.304179836
AOI-0073,2017-05-03,0.256536864,landsat,2017,new,1.000000000,0.264204302,0.238754020,0.254024190,0.238754020,0.254024190,0.238754020,0.254024190,0.238754020,0.254024190,0.238754020,0.254024190,0.238754020,0.254024190
AOI-0073,2017-08-19,0.514464897,s2,2017,new,inf,0.504884236,0.482483813,0.495924067,0.482483813,0.495924067,0.482445420,0.495908710,0.482445420,0.495908710,0.482445420,0.495908710,0.482445420,0.495908710
AOI-0073,2017-09-30,0.363262952,modis,2017,new,1.000000000,0.332111355,0.360572569,0.343495841,0.360572569,0.343495841,0.360572569,0.343495841,0.360572569,0.343495841,0.360572569,0.343495841,0.308564276,0.322692523
AOI-0073,2017-10-10,0.347072617,landsat,2017,new,1.000000000,0.290535660,0.291386593,0.290876033,0.291386593,0.290876033,0.291386593,0.290876033,0.291386593,0.290876033,0.291386593,0.290876033,0.291386593,0.290876033
AOI-0073,2018-05-06,0.296064479,landsat,2018,new,22.000000000,0.277994138,0.276623340,0.277445819,0.276623340,0.277445819,0.276623554,0.277445904,0.276623554,0.277445904,0.276623554,0.277445904,0.276623340,0.277445819
AOI-0073,2018-05-26,0.238837233,s2,2018,new,inf,0.354065958,0.340351040,0.348579991,0.340351040,0.348579991,0.338922049,0.348008394,0.338922049,0.348008394,0.338922049,0.348008394,0.338922049,0.348008394
AOI-0073,2018-06-28,0.418083962,s2,2018,new,1.000000000,0.500468674,0.521626619,0.508931852,0.521626619,0.508931852,0.521626619,0.508931852,0.521626619,0.508931852,0.521626619,0.508931852,0.521626619,0.508931852
AOI-0073,2018-07-09,0.658610765,landsat,2018,new,1.000000000,0.693851720,0.677916964,0.687477817,0.677916964,0.687477817,0.677916964,0.687477817,0.677916964,0.687477817,0.677916964,0.687477817,0.677916964,0.687477817
AOI-0073,2018-08-10,0.796238959,landsat,2018,new,1.000000000,0.773474153,0.790736318,0.780379019,0.790736318,0.780379019,0.790736318,0.780379019,0.790736318,0.780379019,0.790736318,0.780379019,0.790736318,0.780379019
AOI-0073,2018-08-18,0.737073797,landsat,2018,new,14.000000000,0.709590770,0.732100737,0.718594757,0.732100737,0.718594757,0.732100699,0.718594742,0.732100699,0.718594742,0.732100699,0.718594742,0.732100737,0.718594757
AOI-0073,2019-05-14,0.216569819,s2,2019,new,inf,0.294733131,0.245099082,0.274879511,0.245099082,0.274879511,0.245107800,0.274882998,0.245107800,0.274882998,0.245107800,0.274882998,0.245107800,0.274882998
AOI-0073,2019-06-18,0.700263174,s2,2019,new,1.000000000,0.689570271,0.724328945,0.703473741,0.666926544,0.680512780,0.666926544,0.680512780,0.666926544,0.680512780,0.666926544,0.680512780,0.723628916,0.703193729
AOI-0073,2019-06-20,0.720783670,s2,2019,new,11.000000000,0.682408113,0.692736472,0.686539456,0.692736472,0.686539456,0.692741338,0.686541403,0.692741338,0.686541403,0.692741338,0.686541403,0.693223772,0.686734377
AOI-0073,2019-06-28,0.514111510,s2,2019,new,1.000000000,0.684337847,0.735661321,0.704867236,0.555426539,0.632773324,0.555426539,0.632773324,0.555426539,0.632773324,0.555426539,0.632773324,0.733463335,0.703988042
AOI-0073,2019-07-20,0.674981785,s2,2019,new,1.000000000,0.674575840,0.680651191,0.677005980,0.680651191,0.677005980,0.680651191,0.677005980,0.680651191,0.677005980,0.680651191,0.677005980,0.680651191,0.677005980
AOI-0073,2019-07-23,0.648789785,s2,2019,new,1.000000000,0.658501869,0.684034317,0.668714848,0.598437403,0.634476083,0.598437403,0.634476083,0.598437403,0.634476083,0.598437403,0.634476083,0.678999204,0.666700803
AOI-0073,2019-08-13,0.587714021,landsat,2019,new,1.000000000,0.519081245,0.509757641,0.515351803,0.560635170,0.535702815,0.560635170,0.535702815,0.560635170,0.535702815,0.560635170,0.535702815,0.535196405,0.525527309
AOI-0073,2019-08-22,0.378899647,s2,2019,new,1.000000000,0.420746049,0.458317636,0.435774684,0.390970718,0.408835917,0.390970718,0.408835917,0.390970718,0.408835917,0.390970718,0.408835917,0.424644177,0.422305300
AOI-0073,2019-09-21,0.151620850,s2,2019,new,inf,0.214945339,0.173304782,0.198289116,0.173304782,0.198289116,0.173330525,0.198299413,0.173330525,0.198299413,0.173330525,0.198299413,0.173330525,0.198299413
AOI-0073,2019-09-23,0.360922636,s2,2019,new,1.000000000,0.223667462,0.231533629,0.226813928,0.231533629,0.226813928,0.231533629,0.226813928,0.231533629,0.226813928,0.231533629,0.226813928,0.231533629,0.226813928
AOI-0073,2020-04-06,0.268136422,modis,2020,new,1.000000000,0.300846367,0.258194821,0.283785748,0.258194821,0.283785748,0.258194821,0.283785748,0.258194821,0.283785748,0.258194821,0.283785748,0.258194821,0.283785748
AOI-0073,2020-04-18,0.166108079,s2,2020,new,1.000000000,0.247000925,0.264826299,0.254131075,0.219902337,0.236161490,0.219902337,0.236161490,0.219902337,0.236161490,0.219902337,0.236161490,0.242364318,0.245146282
AOI-0073,2020-06-17,0.670442738,s2,2020,new,1.000000000,0.683606305,0.707960408,0.693347946,0.707960408,0.693347946,0.707960408,0.693347946,0.707960408,0.693347946,0.707960408,0.693347946,0.707960408,0.693347946
AOI-0073,2020-07-02,0.335145783,s2,2020,new,1.000000000,0.361357357,0.414838380,0.382749766,0.292131345,0.333666952,0.292131345,0.333666952,0.292131345,0.333666952,0.292131345,0.333666952,0.292131345,0.333666952
AOI-0073,2020-07-27,0.180073781,s2,2020,new,1.000000000,0.278371985,0.341442018,0.303599998,0.191516421,0.243629759,0.191516421,0.243629759,0.191516421,0.243629759,0.191516421,0.243629759,0.340858650,0.303366651
AOI-0073,2020-08-23,0.063869837,s2,2020,new,1.000000000,0.174289590,0.165396282,0.170732267,0.165396282,0.170732267,0.165396282,0.170732267,0.165396282,0.170732267,0.165396282,0.170732267,0.165396282,0.170732267
AOI-0073,2020-08-31,0.195662930,s2,2020,new,1.000000000,0.196335502,0.212417465,0.202768288,0.167335039,0.184735317,0.167335039,0.184735317,0.167335039,0.184735317,0.167335039,0.184735317,0.189876252,0.193751802
AOI-0073,2020-09-02,0.175850601,s2,2020,new,1.000000000,0.166505189,0.167465094,0.166889151,0.167465094,0.166889151,0.167465094,0.166889151,0.167465094,0.166889151,0.167465094,0.166889151,0.178090423,0.171139283
AOI-0073,2020-09-16,0.217125736,landsat,2020,new,14.000000000,0.213891960,0.231028873,0.220746725,0.231028873,0.220746725,0.217175965,0.215205562,0.217175965,0.215205562,0.217175965,0.215205562,0.231028873,0.220746725
AOI-0073,2020-09-17,0.170842580,s2,2020,new,12.000000000,0.168626197,0.170385305,0.169329840,0.170385305,0.169329840,0.170385305,0.169329840,0.170385305,0.169329840,0.170385305,0.169329840,0.170385305,0.169329840
AOI-0073,2020-10-17,0.147030769,s2,2020,new,1.000000000,0.142063008,0.151549737,0.145857699,0.151549737,0.145857699,0.151549737,0.145857699,0.151549737,0.145857699,0.151549737,0.145857699,0.151549737,0.145857699
AOI-0073,2021-04-12,0.177094192,landsat,2021,new,inf,0.152839908,0.142441163,0.148680410,0.142441163,0.148680410,0.145661982,0.149968738,0.145661982,0.149968738,0.145661982,0.149968738,0.142441163,0.148680410
AOI-0073,2021-04-29,0.232479913,landsat,2021,new,1.000000000,0.257431879,0.250697821,0.254738256,0.250697821,0.254738256,0.250697821,0.254738256,0.250697821,0.254738256,0.250697821,0.254738256,0.250697821,0.254738256
AOI-0073,2021-05-09,0.374241831,modis,2021,new,1.000000000,0.449967069,0.402817949,0.431107421,0.402817949,0.431107421,0.402817949,0.431107421,0.402817949,0.431107421,0.402817949,0.431107421,0.402817949,0.431107421
AOI-0073,2021-07-07,0.765487213,s2,2021,new,1.000000000,0.667012244,0.682332092,0.673140183,0.682332092,0.673140183,0.682332092,0.673140183,0.682332092,0.673140183,0.682332092,0.673140183,0.682332092,0.673140183
AOI-0073,2021-07-12,0.702698446,s2,2021,new,1.000000000,0.722877235,0.684246059,0.707424764,0.682849761,0.706866245,0.682849761,0.706866245,0.682849761,0.706866245,0.682849761,0.706866245,0.677884530,0.704880153
AOI-0073,2021-08-13,0.562193863,modis,2021,new,1.000000000,0.539087373,0.556091623,0.545889073,0.556091623,0.545889073,0.556091623,0.545889073,0.556091623,0.545889073,0.556091623,0.545889073,0.556051745,0.545873122
AOI-0073,2021-08-28,0.355357727,s2,2021,new,inf,0.378908803,0.353894113,0.368902927,0.353894113,0.368902927,0.354000846,0.368945620,0.354000846,0.368945620,0.354000846,0.368945620,0.382161735,0.380209976
AOI-0073,2021-08-31,0.391557494,s2,2021,new,1.000000000,0.336349798,0.347625121,0.340859927,0.347625121,0.340859927,0.347625121,0.340859927,0.347625121,0.340859927,0.347625121,0.340859927,0.347625121,0.340859927
AOI-0073,2021-09-03,0.458112531,landsat,2021,new,inf,0.352937235,0.356543424,0.354379710,0.356543424,0.354379710,0.356538351,0.354377681,0.356538351,0.354377681,0.356538351,0.354377681,0.356538351,0.354377681
AOI-0073,2021-09-30,0.270137256,s2,2021,new,1.000000000,0.267393312,0.307099721,0.283275876,0.196714335,0.239121721,0.196714335,0.239121721,0.196714335,0.239121721,0.196714335,0.239121721,0.304440488,0.282212182
AOI-0073,2022-06-17,0.473849921,s2,2022,new,1.000000000,0.465374364,0.425670171,0.449492687,0.425670171,0.449492687,0.425670171,0.449492687,0.425670171,0.449492687,0.425670171,0.449492687,0.425670171,0.449492687
AOI-0073,2022-06-18,0.525518679,landsat,2022,new,1.000000000,0.511427341,0.568690450,0.534332585,0.568690450,0.534332585,0.568690450,0.534332585,0.568690450,0.534332585,0.568690450,0.534332585,0.568690450,0.534332585
AOI-0073,2022-06-19,0.494132588,s2,2022,new,1.000000000,0.498157920,0.507549606,0.501914594,0.507549606,0.501914594,0.507549606,0.501914594,0.507549606,0.501914594,0.507549606,0.501914594,0.507549606,0.501914594
AOI-0073,2022-06-26,0.718317018,landsat,2022,new,1.000000000,0.719713290,0.690966734,0.708214668,0.702070502,0.712656175,0.702070502,0.712656175,0.702070502,0.712656175,0.702070502,0.712656175,0.690931953,0.708200755
AOI-0073,2022-07-27,0.779592439,s2,2022,new,1.000000000,0.779219456,0.778498054,0.778930895,0.778498054,0.778930895,0.778498054,0.778930895,0.778498054,0.778930895,0.778498054,0.778930895,0.778498054,0.778930895
AOI-0073,2022-08-13,0.709153984,modis,2022,new,1.000000000,0.713272478,0.738198219,0.723242774,0.662358963,0.692907072,0.662358963,0.692907072,0.662358963,0.692907072,0.662358963,0.692907072,0.700278591,0.708074923
AOI-0073,2022-09-17,0.344431519,s2,2022,new,1.000000000,0.308467896,0.302222759,0.305969841,0.302222759,0.305969841,0.302222759,0.305969841,0.302222759,0.305969841,0.302222759,0.305969841,0.302222759,0.305969841
AOI-0073,2022-09-20,0.331147708,s2,2022,new,1.000000000,0.337567055,0.312148827,0.327399764,0.312148827,0.327399764,0.312148827,0.327399764,0.312148827,0.327399764,0.312148827,0.327399764,0.312148827,0.327399764
AOI-0073,2022-10-05,0.218309739,s2,2022,new,1.000000000,0.292938772,0.261178880,0.280234815,0.261178880,0.280234815,0.261178880,0.280234815,0.261178880,0.280234815,0.261178880,0.280234815,0.261178880,0.280234815
AOI-0073,2023-04-26,0.279319183,landsat,2023,new,1.000000000,0.283542733,0.308046858,0.293344383,0.308046858,0.293344383,0.308046858,0.293344383,0.308046858,0.293344383,0.308046858,0.293344383,0.308046858,0.293344383
AOI-0073,2023-06-06,0.594782578,landsat,2023,new,1.000000000,0.565037260,0.515867916,0.545369522,0.581101969,0.571463143,0.581101969,0.571463143,0.581101969,0.571463143,0.581101969,0.571463143,0.577264672,0.569928225
AOI-0073,2023-06-10,0.412703681,modis,2023,new,1.000000000,0.555818583,0.597851218,0.572631637,0.597851218,0.572631637,0.597851218,0.572631637,0.597851218,0.572631637,0.597851218,0.572631637,0.597851218,0.572631637
AOI-0073,2023-06-19,0.257669963,s2,2023,new,14.000000000,0.357584932,0.358474630,0.357940812,0.358474630,0.357940812,0.358474631,0.357940812,0.358474631,0.357940812,0.358474631,0.357940812,0.358474630,0.357940812
AOI-0073,2023-09-05,0.205276764,s2,2023,new,1.000000000,0.222276707,0.201813703,0.214091506,0.201813703,0.214091506,0.201813703,0.214091506,0.201813703,0.214091506,0.201813703,0.214091506,0.201813703,0.214091506
AOI-0073,2023-09-22,0.196675538,s2,2023,new,1.000000000,0.199062822,0.200779241,0.199749390,0.200779241,0.199749390,0.200779241,0.199749390,0.200779241,0.199749390,0.200779241,0.199749390,0.200779241,0.199749390
AOI-0073,2023-09-25,0.208778313,s2,2023,new,1.000000000,0.226846505,0.248522461,0.235516888,0.201585998,0.216742302,0.201585998,0.216742302,0.201585998,0.216742302,0.201585998,0.216742302,0.245761493,0.234412500
AOI-0073,2023-10-12,0.252783922,s2,2023,new,1.000000000,0.221211189,0.236288440,0.227242089,0.236288440,0.227242089,0.236288440,0.227242089,0.236288440,0.227242089,0.236288440,0.227242089,0.236288440,0.227242089
AOI-0073,2024-04-12,0.388817431,s2,2024,new,1.000000000,0.494805472,0.499253263,0.496584588,0.499253263,0.496584588,0.499253263,0.496584588,0.499253263,0.496584588,0.499253263,0.496584588,0.499253263,0.496584588
AOI-0073,2024-05-08,0.686579411,modis,2024,new,11.000000000,0.667785045,0.617732168,0.647763894,0.617732168,0.647763894,0.617730682,0.647763300,0.617730682,0.647763300,0.617730682,0.647763300,0.617716214,0.647757513
AOI-0073,2024-05-09,0.613865048,s2,2024,new,inf,0.586637157,0.598877947,0.591533473,0.598877947,0.591533473,0.596237594,0.590477332,0.596237594,0.590477332,0.596237594,0.590477332,0.571205898,0.580464653
AOI-0073,2024-05-12,0.643387334,s2,2024,new,1.000000000,0.576910082,0.611475419,0.590736217,0.611475419,0.590736217,0.611475419,0.590736217,0.611475419,0.590736217,0.611475419,0.590736217,0.611475419,0.590736217
AOI-0073,2024-06-15,0.513582223,landsat,2024,new,1.000000000,0.461015037,0.440029365,0.452620768,0.521336789,0.485143738,0.521336789,0.485143738,0.521336789,0.485143738,0.521336789,0.485143738,0.441020919,0.453017390
AOI-0073,2024-07-01,0.273724590,s2,2024,new,14.000000000,0.333109181,0.376976788,0.350656224,0.376976788,0.350656224,0.376722274,0.350554418,0.376722274,0.350554418,0.376722274,0.350554418,0.376976788,0.350656224
AOI-0073,2024-07-08,0.257434802,s2,2024,new,inf,0.250927761,0.227366260,0.241503160,0.227366260,0.241503160,0.227366267,0.241503163,0.227366267,0.241503163,0.227366267,0.241503163,0.227366267,0.241503163
AOI-0073,2024-07-16,0.252732358,s2,2024,new,1.000000000,0.266440528,0.233120668,0.253112584,0.233120668,0.253112584,0.233120668,0.253112584,0.233120668,0.253112584,0.233120668,0.253112584,0.233120668,0.253112584
AOI-0073,2024-09-09,0.180070932,s2,2024,new,inf,0.203586100,0.171674178,0.190821331,0.171674178,0.190821331,0.171680061,0.190823684,0.171680061,0.190823684,0.171680061,0.190823684,0.171680061,0.190823684
AOI-0073,2024-10-24,0.198045603,s2,2024,new,1.000000000,0.198714265,0.222478232,0.208219852,0.170977270,0.187619467,0.170977270,0.187619467,0.170977270,0.187619467,0.170977270,0.187619467,0.221850171,0.207968627
AOI-0073,2025-04-17,0.178243848,s2,2025,new,1.000000000,0.210289705,0.235977914,0.220564988,0.183372606,0.199522865,0.183372606,0.199522865,0.183372606,0.199522865,0.186467036,0.200760637,0.235629678,0.220425694
AOI-0073,2025-04-21,0.183674826,s2,2025,new,1.000000000,0.188760859,0.172960548,0.182440734,0.172960548,0.182440734,0.172960548,0.182440734,0.172960548,0.182440734,0.172960548,0.182440734,0.172960548,0.182440734
AOI-0073,2025-04-24,0.180393770,s2,2025,new,1.000000000,0.190978515,0.180115319,0.186633237,0.180115319,0.186633237,0.180115319,0.186633237,0.180115319,0.186633237,0.180115319,0.186633237,0.180115319,0.186633237
AOI-0073,2025-05-01,0.173811729,s2,2025,new,1.000000000,0.205230405,0.190487187,0.199333118,0.190487187,0.199333118,0.190487187,0.199333118,0.190487187,0.199333118,0.190487187,0.199333118,0.191558891,0.199761800
AOI-0073,2025-06-06,0.395403141,s2,2025,new,1.000000000,0.407334834,0.412981788,0.409593616,0.353204173,0.385682570,0.353204173,0.385682570,0.353204173,0.385682570,0.353204173,0.385682570,0.363064399,0.389626660
AOI-0073,2025-06-13,0.355528057,s2,2025,new,4.000000000,0.565184629,0.606268076,0.581618008,0.606268076,0.581618008,0.608050073,0.582330807,0.608050073,0.582330807,0.608050073,0.582330807,0.606887682,0.581865851
AOI-0073,2025-07-11,0.779019730,s2,2025,new,1.000000000,0.755579677,0.787931614,0.768520452,0.787931614,0.768520452,0.787931614,0.768520452,0.787931614,0.768520452,0.787931614,0.768520452,0.787931614,0.768520452
AOI-0073,2025-10-14,0.237423462,s2,2025,new,1.000000000,0.227962178,0.223778013,0.226288512,0.223778013,0.226288512,0.223778013,0.226288512,0.223778013,0.226288512,0.223778013,0.226288512,0.223778013,0.226288512
AOI-0073,2025-10-26,0.251983300,s2,2025,new,2.000000000,0.242269889,0.258026207,0.248572416,0.258026207,0.248572416,0.258027167,0.248572800,0.258027167,0.248572800,0.258026207,0.248572416,0.258026207,0.248572416
AOI-0074,2010-05-09,0.615823853,modis,2010,new,1.000000000,0.657322939,0.710768728,0.678701255,0.710768728,0.678701255,0.710768728,0.678701255,0.710768728,0.678701255,0.710768728,0.678701255,0.710768728,0.678701255
AOI-0074,2010-06-10,0.746849644,modis,2010,new,1.000000000,0.654273162,0.611925067,0.637333924,0.611925067,0.637333924,0.611925067,0.637333924,0.611925067,0.637333924,0.611925067,0.637333924,0.616393163,0.639121162
AOI-0074,2010-10-16,0.263403717,modis,2010,new,1.000000000,0.252418295,0.259004265,0.255052683,0.259004265,0.255052683,0.259004265,0.255052683,0.259004265,0.255052683,0.259004265,0.255052683,0.257978527,0.254642388
AOI-0074,2011-04-01,0.058231016,landsat,2011,new,1.000000000,0.165646496,0.161039752,0.163803799,0.161039752,0.163803799,0.161039752,0.163803799,0.161039752,0.163803799,0.161039752,0.163803799,0.161039752,0.163803799
AOI-0074,2011-07-28,0.724190336,modis,2011,new,1.000000000,0.720384455,0.715161266,0.718295180,0.715161266,0.718295180,0.715161266,0.718295180,0.715161266,0.718295180,0.715161266,0.718295180,0.715161266,0.718295180
AOI-0074,2011-08-31,0.358191794,landsat,2011,new,1.000000000,0.411930542,0.378165732,0.398424618,0.378165732,0.398424618,0.378165732,0.398424618,0.378165732,0.398424618,0.378165732,0.398424618,0.378165732,0.398424618
AOI-0074,2012-04-11,0.191984944,landsat,2012,new,1.000000000,0.192537359,0.213889903,0.201078377,0.213889903,0.201078377,0.213889903,0.201078377,0.213889903,0.201078377,0.213889903,0.201078377,0.213889903,0.201078377
AOI-0074,2012-05-06,0.451326769,landsat,2012,new,15.000000000,0.471317619,0.467588627,0.469826022,0.467588627,0.469826022,0.467588629,0.469826023,0.467588629,0.469826023,0.467588629,0.469826023,0.467588627,0.469826022
AOI-0074,2012-08-28,0.332099548,modis,2012,new,1.000000000,0.315175722,0.350493532,0.329302846,0.350493532,0.329302846,0.350493532,0.329302846,0.350493532,0.329302846,0.350493532,0.329302846,0.301878170,0.309856701
AOI-0074,2013-04-14,0.381034192,landsat,2013,new,1.000000000,0.340711377,0.307621233,0.327475320,0.307621233,0.327475320,0.307621233,0.327475320,0.307621233,0.327475320,0.307621233,0.327475320,0.307621233,0.327475320
AOI-0074,2013-09-14,0.422242825,modis,2013,new,1.000000000,0.353246431,0.387867786,0.367094973,0.387867786,0.367094973,0.387867786,0.367094973,0.387867786,0.367094973,0.387867786,0.367094973,0.387867786,0.367094973
AOI-0074,2013-10-23,0.394274774,landsat,2013,new,1.000000000,0.343308969,0.354400115,0.347745427,0.354400115,0.347745427,0.354400115,0.347745427,0.354400115,0.347745427,0.354400115,0.347745427,0.354400115,0.347745427
AOI-0074,2014-04-23,0.367049289,modis,2014,new,12.000000000,0.377237992,0.376946047,0.377121214,0.376946047,0.377121214,0.376946047,0.377121214,0.376946047,0.377121214,0.376946047,0.377121214,0.376946047,0.377121214
AOI-0074,2014-05-19,0.383427596,landsat,2014,new,1.000000000,0.441284693,0.466785865,0.451485162,0.466785865,0.451485162,0.466785865,0.451485162,0.466785865,0.451485162,0.466785865,0.451485162,0.466785865,0.451485162
AOI-0074,2014-06-26,0.839172495,modis,2014,new,1.000000000,0.746175553,0.729234708,0.739399215,0.729234708,0.739399215,0.729234708,0.739399215,0.729234708,0.739399215,0.729234708,0.739399215,0.729234708,0.739399215
AOI-0074,2015-04-07,0.212024434,modis,2015,new,1.000000000,0.285533377,0.208529690,0.254731902,0.208529690,0.254731902,0.208529690,0.254731902,0.208529690,0.254731902,0.208529690,0.254731902,0.208529690,0.254731902
AOI-0074,2015-08-26,0.449124444,landsat,2015,new,15.000000000,0.384209781,0.386051871,0.384946617,0.386051871,0.384946617,0.386051857,0.384946612,0.386051857,0.384946612,0.386051857,0.384946612,0.386051871,0.384946617
AOI-0074,2015-09-11,0.216446189,landsat,2015,new,1.000000000,0.262077386,0.281195618,0.269724679,0.281195618,0.269724679,0.281195618,0.269724679,0.281195618,0.269724679,0.281195618,0.269724679,0.281195618,0.269724679
AOI-0074,2015-09-30,0.273974564,modis,2015,new,1.000000000,0.271707419,0.267711287,0.270108966,0.267711287,0.270108966,0.267711287,0.270108966,0.267711287,0.270108966,0.267711287,0.270108966,0.266979998,0.269816450
AOI-0074,2016-07-27,0.316744818,landsat,2016,new,1.000000000,0.345267911,0.372184403,0.356034508,0.296798927,0.325880317,0.296798927,0.325880317,0.296798927,0.325880317,0.296798927,0.325880317,0.309233645,0.330854204
AOI-0074,2016-10-15,0.395160763,modis,2016,new,1.000000000,0.378628252,0.322321690,0.356105627,0.322321690,0.356105627,0.322321690,0.356105627,0.322321690,0.356105627,0.322321690,0.356105627,0.316082584,0.353609985
AOI-0074,2017-05-25,0.457172366,modis,2017,new,1.000000000,0.514236061,0.500347437,0.508680611,0.500347437,0.508680611,0.500347437,0.508680611,0.500347437,0.508680611,0.500347437,0.508680611,0.500347437,0.508680611
AOI-0074,2017-06-12,0.452854690,landsat,2017,new,15.000000000,0.528576097,0.579349078,0.548885289,0.579349078,0.548885289,0.579349098,0.548885297,0.579349098,0.548885297,0.579349098,0.548885297,0.579349078,0.548885289
AOI-0074,2017-06-30,0.758427862,s2,2017,new,1.000000000,0.730107293,0.672394280,0.707022088,0.672394280,0.707022088,0.672394280,0.707022088,0.672394280,0.707022088,0.672394280,0.707022088,0.716838108,0.724799619
AOI-0074,2017-08-19,0.473271283,s2,2017,new,inf,0.488583558,0.450691424,0.473426704,0.450691424,0.473426704,0.451625682,0.473800408,0.451625682,0.473800408,0.451625682,0.473800408,0.451625682,0.473800408
AOI-0074,2018-04-12,0.181888097,landsat,2018,new,1.000000000,0.189695434,0.185284427,0.187931031,0.185284427,0.187931031,0.185284427,0.187931031,0.185284427,0.187931031,0.185284427,0.187931031,0.185284427,0.187931031
AOI-0074,2018-05-04,0.252097427,s2,2018,new,1.000000000,0.246458314,0.253599269,0.249314696,0.253599269,0.249314696,0.253599269,0.249314696,0.253599269,0.249314696,0.253599269,0.249314696,0.253599269,0.249314696
AOI-0074,2018-05-25,0.486621493,modis,2018,new,1.000000000,0.453343728,0.531984374,0.484799986,0.531984374,0.484799986,0.531984374,0.484799986,0.531984374,0.484799986,0.531984374,0.484799986,0.509265094,0.475712275
AOI-0074,2018-06-26,0.561472043,modis,2018,new,1.000000000,0.541456228,0.531300312,0.537393861,0.531300312,0.537393861,0.531300312,0.537393861,0.531300312,0.537393861,0.531300312,0.537393861,0.518140789,0.532130052
AOI-0074,2018-07-28,0.771462702,modis,2018,new,1.000000000,0.772207427,0.729189742,0.755000353,0.729189742,0.755000353,0.729189742,0.755000353,0.729189742,0.755000353,0.729189742,0.755000353,0.729189742,0.755000353
AOI-0074,2019-04-01,0.172478826,s2,2019,new,1.000000000,0.088176688,0.143076927,0.110136784,0.143076927,0.110136784,0.143076927,0.110136784,0.143076927,0.110136784,0.143076927,0.110136784,0.142472223,0.109894902
AOI-0074,2019-05-17,0.354530862,landsat,2019,new,15.000000000,0.314276637,0.295141214,0.306622468,0.295141214,0.306622468,0.295141229,0.306622474,0.295141229,0.306622474,0.295141229,0.306622474,0.295141214,0.306622468
AOI-0074,2019-06-10,0.666723357,s2,2019,new,1.000000000,0.697226928,0.650255101,0.678438197,0.650255101,0.678438197,0.650255101,0.678438197,0.650255101,0.678438197,0.650255101,0.678438197,0.679852672,0.690277226
AOI-0074,2019-06-20,0.737586637,s2,2019,new,12.000000000,0.701018525,0.708999445,0.704210893,0.708999445,0.704210893,0.709050989,0.704231510,0.709050989,0.704231510,0.709050989,0.704231510,0.714160885,0.706275469
AOI-0074,2019-08-12,0.563750413,s2,2019,new,inf,0.511107722,0.485173543,0.500734050,0.485173543,0.500734050,0.485175907,0.500734996,0.485175907,0.500734996,0.485175907,0.500734996,0.485175907,0.500734996
AOI-0074,2019-08-21,0.394538582,landsat,2019,new,1.000000000,0.368889956,0.322664771,0.350399882,0.391375447,0.377884153,0.391375447,0.377884153,0.391375447,0.377884153,0.391375447,0.377884153,0.339179800,0.357005894
AOI-0074,2019-09-28,0.213754217,s2,2019,new,15.000000000,0.201485181,0.183011783,0.194095822,0.183011783,0.194095822,0.183011797,0.194095827,0.183011797,0.194095827,0.183011797,0.194095827,0.183011783,0.194095822
AOI-0074,2019-10-16,0.217937157,s2,2019,new,12.000000000,0.282939202,0.344860939,0.307707896,0.344860939,0.307707896,0.344671015,0.307631927,0.344671015,0.307631927,0.344671015,0.307631927,0.338730517,0.305255728
AOI-0074,2019-10-21,0.200615954,s2,2019,new,1.000000000,0.224916644,0.189950748,0.210930285,0.189950748,0.210930285,0.189950748,0.210930285,0.189950748,0.210930285,0.189950748,0.210930285,0.189950748,0.210930285
AOI-0074,2020-04-23,0.291518124,s2,2020,new,1.000000000,0.292181363,0.280081374,0.287341367,0.280081374,0.287341367,0.280081374,0.287341367,0.280081374,0.287341367,0.280081374,0.287341367,0.280081374,0.287341367
AOI-0074,2020-04-30,0.348993595,s2,2020,new,1.000000000,0.347867662,0.377409606,0.359684440,0.377409606,0.359684440,0.377409606,0.359684440,0.377409606,0.359684440,0.377409606,0.359684440,0.377409606,0.359684440
AOI-0074,2020-05-11,0.736291200,landsat,2020,new,1.000000000,0.531743561,0.506602552,0.521687157,0.506602552,0.521687157,0.506602552,0.521687157,0.506602552,0.521687157,0.506602552,0.521687157,0.506602552,0.521687157
AOI-0074,2020-05-28,0.645908710,s2,2020,new,1.000000000,0.694650764,0.692136909,0.693645222,0.672428758,0.685761961,0.672428758,0.685761961,0.672428758,0.685761961,0.672428758,0.685761961,0.691896565,0.693549084
AOI-0074,2020-06-25,0.558620039,modis,2020,new,1.000000000,0.487569232,0.516879920,0.499293507,0.516879920,0.499293507,0.516879920,0.499293507,0.516879920,0.499293507,0.516879920,0.499293507,0.516879920,0.499293507
AOI-0074,2020-06-28,0.459038419,landsat,2020,new,1.000000000,0.442030484,0.470240048,0.453314310,0.470240048,0.453314310,0.470240048,0.453314310,0.470240048,0.453314310,0.470240048,0.453314310,0.470240048,0.453314310
AOI-0074,2020-07-04,0.213683654,s2,2020,new,12.000000000,0.247723995,0.276826189,0.259364873,0.276826189,0.259364873,0.276826189,0.259364873,0.276826189,0.259364873,0.276826189,0.259364873,0.276826189,0.259364873
AOI-0074,2020-09-01,0.247427002,landsat,2020,new,15.000000000,0.207735434,0.214446270,0.210419768,0.214446270,0.210419768,0.213822259,0.210170164,0.213822259,0.210170164,0.213822259,0.210170164,0.214446270,0.210419768
AOI-0074,2020-09-16,0.209700005,landsat,2020,new,15.000000000,0.214201527,0.221529012,0.217132521,0.221529012,0.217132521,0.208370567,0.211869143,0.208370567,0.211869143,0.208370567,0.211869143,0.221529012,0.217132521
AOI-0074,2020-09-17,0.154900590,s2,2020,new,13.000000000,0.167840789,0.165011699,0.166709153,0.165011699,0.166709153,0.165011699,0.166709153,0.165011699,0.166709153,0.165011699,0.166709153,0.165011699,0.166709153
AOI-0074,2020-10-15,0.148300383,s2,2020,new,1.000000000,0.228163419,0.230444272,0.229075760,0.153311195,0.198222529,0.153311195,0.198222529,0.153311195,0.198222529,0.153311195,0.198222529,0.230384802,0.229051972
AOI-0074,2021-04-12,0.175258117,landsat,2021,new,inf,0.144323867,0.150287275,0.146709230,0.150287275,0.146709230,0.152222443,0.147483297,0.152222443,0.147483297,0.152222443,0.147483297,0.150287275,0.146709230
AOI-0074,2021-05-25,0.223092402,s2,2021,new,1.000000000,0.382838701,0.447368483,0.408650614,0.225222307,0.319792143,0.225222307,0.319792143,0.225222307,0.319792143,0.225222307,0.319792143,0.278616492,0.341149817
AOI-0074,2021-07-02,0.826183218,landsat,2021,new,1.000000000,0.656614215,0.717293550,0.680885949,0.556269481,0.616476321,0.556269481,0.616476321,0.556269481,0.616476321,0.556269481,0.616476321,0.715329841,0.680100466
AOI-0074,2021-07-27,0.681851792,s2,2021,new,1.000000000,0.620096734,0.635290445,0.626174218,0.635290445,0.626174218,0.635290445,0.626174218,0.635290445,0.626174218,0.635290445,0.626174218,0.635290445,0.626174218
AOI-0074,2021-07-28,0.573932030,modis,2021,new,1.000000000,0.571064198,0.551216959,0.563125302,0.551216959,0.563125302,0.551216959,0.563125302,0.551216959,0.563125302,0.551216959,0.563125302,0.640757154,0.598941381
AOI-0074,2021-08-28,0.344848574,s2,2021,new,inf,0.351464706,0.306254850,0.333380764,0.306254850,0.333380764,0.306426991,0.333449620,0.306426991,0.333449620,0.306426991,0.333449620,0.351845565,0.351617049
AOI-0074,2021-09-14,0.390478345,modis,2021,new,12.000000000,0.309817773,0.247779729,0.285002555,0.346322150,0.324419524,0.260182681,0.289963736,0.260182681,0.289963736,0.260182681,0.289963736,0.297050940,0.304711040
AOI-0074,2021-10-21,0.247072936,landsat,2021,new,1.000000000,0.215624669,0.224359181,0.219118474,0.224359181,0.219118474,0.224359181,0.219118474,0.224359181,0.219118474,0.224359181,0.219118474,0.224359181,0.219118474
AOI-0074,2021-10-25,0.245945531,s2,2021,new,1.000000000,0.213126852,0.195287455,0.205991094,0.195287455,0.205991094,0.195287455,0.205991094,0.195287455,0.205991094,0.195287455,0.205991094,0.195287455,0.205991094
AOI-0074,2021-10-30,0.225101219,s2,2021,new,1.000000000,0.215338741,0.212665605,0.214269486,0.177647736,0.200262339,0.177647736,0.200262339,0.177647736,0.200262339,0.177647736,0.200262339,0.210605730,0.213445537
AOI-0074,2022-04-08,0.181706908,s2,2022,new,1.000000000,0.174275935,0.185520103,0.178773602,0.148144753,0.163823462,0.148144753,0.163823462,0.148144753,0.163823462,0.148144753,0.163823462,0.148144753,0.163823462
AOI-0074,2022-06-23,0.659699621,landsat,2022,new,1.000000000,0.625155809,0.569123360,0.602742829,0.663316383,0.640420038,0.663316383,0.640420038,0.663316383,0.640420038,0.663316383,0.640420038,0.663316383,0.640420038
AOI-0074,2022-07-17,0.755477461,s2,2022,new,1.000000000,0.822035451,0.843592688,0.830658346,0.764961109,0.799205714,0.764961109,0.799205714,0.764961109,0.799205714,0.764961109,0.799205714,0.842633766,0.830274777
AOI-0074,2022-07-19,0.723455312,s2,2022,new,1.000000000,0.815981456,0.792472802,0.806577994,0.792472802,0.806577994,0.792472802,0.806577994,0.792472802,0.806577994,0.792472802,0.806577994,0.792472802,0.806577994
AOI-0074,2022-07-24,0.777681311,s2,2022,new,1.000000000,0.777585734,0.766510816,0.773155767,0.766510816,0.773155767,0.766510816,0.773155767,0.766510816,0.773155767,0.766510816,0.773155767,0.768858470,0.774094828
AOI-0074,2022-07-28,0.785424390,landsat,2022,new,1.000000000,0.746622878,0.700887472,0.728328715,0.805756607,0.770276369,0.805756607,0.770276369,0.805756607,0.770276369,0.805756607,0.770276369,0.780550672,0.760193996
AOI-0074,2022-08-23,0.607716850,s2,2022,new,1.000000000,0.654912208,0.671867579,0.661694356,0.671867579,0.661694356,0.671867579,0.661694356,0.671867579,0.661694356,0.671867579,0.661694356,0.667799376,0.660067075
AOI-0074,2022-10-07,0.221800172,s2,2022,new,1.000000000,0.205115650,0.198645338,0.202527525,0.198645338,0.202527525,0.198645338,0.202527525,0.198645338,0.202527525,0.198645338,0.202527525,0.198645338,0.202527525
AOI-0074,2022-10-08,0.282414243,landsat,2022,new,1.000000000,0.255019307,0.264447494,0.258790582,0.264447494,0.258790582,0.264447494,0.258790582,0.264447494,0.258790582,0.264447494,0.258790582,0.264447494,0.258790582
AOI-0074,2023-04-02,0.216852842,landsat,2023,new,12.000000000,0.174009052,0.171789814,0.173121356,0.171789814,0.173121356,0.170974303,0.172795152,0.170974303,0.172795152,0.170974303,0.172795152,0.166191356,0.170881973
AOI-0074,2023-04-07,0.290945346,modis,2023,new,1.000000000,0.294443493,0.313921551,0.302234716,0.313921551,0.302234716,0.313921551,0.302234716,0.313921551,0.302234716,0.313921551,0.302234716,0.310429531,0.300837908
AOI-0074,2023-06-04,0.511344219,s2,2023,new,inf,0.506942842,0.504403669,0.505927173,0.504403669,0.505927173,0.504405778,0.505928017,0.504405778,0.505928017,0.504405778,0.505928017,0.504405778,0.505928017
AOI-0074,2023-06-05,0.534228858,landsat,2023,new,1.000000000,0.551099595,0.575342554,0.560796779,0.575342554,0.560796779,0.575342554,0.560796779,0.575342554,0.560796779,0.575342554,0.560796779,0.575342554,0.560796779
AOI-0074,2023-07-07,0.216309841,s2,2023,new,1.000000000,0.258279737,0.290332239,0.271100738,0.215693891,0.241245398,0.215693891,0.241245398,0.215693891,0.241245398,0.215693891,0.241245398,0.289422015,0.270736648
AOI-0074,2023-07-15,0.414450952,landsat,2023,new,1.000000000,0.303819771,0.307876295,0.305442381,0.307876295,0.305442381,0.307876295,0.305442381,0.307876295,0.305442381,0.307876295,0.305442381,0.307876295,0.305442381
AOI-0074,2023-09-07,0.184752017,s2,2023,new,12.000000000,0.195135698,0.169679048,0.184953038,0.169679048,0.184953038,0.169679048,0.184953038,0.169679048,0.184953038,0.169679048,0.184953038,0.169679048,0.184953038
AOI-0074,2023-10-03,0.300641034,landsat,2023,new,inf,0.237536332,0.247085728,0.241356091,0.247085728,0.241356091,0.247085733,0.241356093,0.247085733,0.241356093,0.247085733,0.241356093,0.247085733,0.241356093
AOI-0074,2023-10-16,0.379617130,modis,2023,new,1.000000000,0.350239403,0.371258458,0.358647025,0.371258458,0.358647025,0.371258458,0.358647025,0.371258458,0.358647025,0.371258458,0.358647025,0.371193124,0.358620891
AOI-0074,2024-04-09,0.355490822,s2,2024,new,1.000000000,0.410078888,0.425496984,0.416246126,0.425496984,0.416246126,0.425496984,0.416246126,0.425496984,0.416246126,0.425496984,0.416246126,0.425496984,0.416246126
AOI-0074,2024-04-20,0.561546510,landsat,2024,new,inf,0.552438307,0.561623093,0.556112221,0.561623093,0.556112221,0.561623954,0.556112566,0.561623954,0.556112566,0.561623954,0.556112566,0.561623954,0.556112566
AOI-0074,2024-04-22,0.624785831,s2,2024,new,1.000000000,0.638577354,0.578784870,0.614660361,0.526870387,0.593894567,0.526870387,0.593894567,0.526870387,0.593894567,0.526870387,0.593894567,0.578837747,0.614681511
AOI-0074,2024-05-30,0.602498380,landsat,2024,new,1.000000000,0.601098210,0.580762916,0.592964092,0.580762916,0.592964092,0.580762916,0.592964092,0.580762916,0.592964092,0.580762916,0.592964092,0.580762916,0.592964092
AOI-0074,2024-06-11,0.443934698,s2,2024,new,1.000000000,0.461586378,0.422554490,0.445973623,0.422554490,0.445973623,0.422554490,0.445973623,0.422554490,0.445973623,0.422554490,0.445973623,0.422554490,0.445973623
AOI-0074,2024-06-16,0.348333153,s2,2024,new,1.000000000,0.391533295,0.422874853,0.404069918,0.343386007,0.372274380,0.343386007,0.372274380,0.343386007,0.372274380,0.343386007,0.372274380,0.383130430,0.388172149
AOI-0074,2024-07-01,0.214084248,s2,2024,new,15.000000000,0.312148872,0.347531942,0.326302100,0.347531942,0.326302100,0.347335972,0.326223712,0.347335972,0.326223712,0.347335972,0.326223712,0.347531942,0.326302100
AOI-0074,2024-07-03,0.245347339,s2,2024,new,12.000000000,0.260577249,0.250010977,0.256350740,0.250010977,0.256350740,0.250448501,0.256525750,0.250448501,0.256525750,0.250448501,0.256525750,0.260647648,0.260605409
AOI-0074,2024-08-02,0.158731130,s2,2024,new,1.000000000,0.168935936,0.155196633,0.163440215,0.155196633,0.163440215,0.155196633,0.163440215,0.155196633,0.163440215,0.155196633,0.163440215,0.155196633,0.163440215
AOI-0074,2024-08-15,0.135518760,s2,2024,new,1.000000000,0.180302867,0.156474650,0.170771581,0.156474650,0.170771581,0.156474650,0.170771581,0.156474650,0.170771581,0.156474650,0.170771581,0.156474650,0.170771581
AOI-0074,2024-09-16,0.149093331,s2,2024,new,1.000000000,0.165206624,0.165204949,0.165205954,0.165204949,0.165205954,0.165204949,0.165205954,0.165204949,0.165205954,0.165204949,0.165205954,0.165204949,0.165205954
AOI-0074,2025-04-22,0.179773401,s2,2025,new,1.000000000,0.204653875,0.172148113,0.191651571,0.172148113,0.191651571,0.172148113,0.191651571,0.172148113,0.191651571,0.172148113,0.191651571,0.172148113,0.191651571
AOI-0074,2025-05-31,0.290244721,s2,2025,new,1.000000000,0.264953839,0.280453432,0.271153676,0.280453432,0.271153676,0.280453432,0.271153676,0.280453432,0.271153676,0.280453432,0.271153676,0.280453432,0.271153676
AOI-0074,2025-06-02,0.359426425,landsat,2025,new,1.000000000,0.360299515,0.363973122,0.361768958,0.363973122,0.361768958,0.363973122,0.361768958,0.363973122,0.361768958,0.363973122,0.361768958,0.363973122,0.361768958
AOI-0074,2025-06-03,0.351443631,s2,2025,new,3.000000000,0.317066488,0.318142868,0.317497040,0.318142868,0.317497040,0.318142868,0.317497040,0.318142868,0.317497040,0.318142868,0.317497040,0.318142868,0.317497040
AOI-0074,2025-06-30,0.809091221,s2,2025,new,2.000000000,0.771296093,0.791134904,0.779231618,0.791134904,0.779231618,0.791134904,0.779231618,0.791134904,0.779231618,0.791134904,0.779231618,0.791134904,0.779231618
AOI-0074,2025-09-11,0.268719618,s2,2025,new,1.000000000,0.254109778,0.238829516,0.247997674,0.238829516,0.247997674,0.238829516,0.247997674,0.238829516,0.247997674,0.238829516,0.247997674,0.238829516,0.247997674
AOI-0074,2025-09-21,0.266238908,s2,2025,new,1.000000000,0.231908303,0.229838552,0.231080403,0.229838552,0.231080403,0.229838552,0.231080403,0.229838552,0.231080403,0.229838552,0.231080403,0.229838552,0.231080403
AOI-0074,2025-10-04,0.211845741,s2,2025,new,1.000000000,0.227533489,0.242460233,0.233504186,0.204865303,0.218466214,0.204865303,0.218466214,0.204865303,0.218466214,0.204865303,0.218466214,0.205323778,0.218649604
AOI-0074,2025-10-16,0.286124919,modis,2025,new,1.000000000,0.267150960,0.215289236,0.246406270,0.313578328,0.285721908,0.313578328,0.285721908,0.313578328,0.285721908,0.313578328,0.285721908,0.285017593,0.274297613
AOI-0075,2025-05-02,0.270734665,s2,2025,shared,1.000000000,0.262170085,0.239867988,0.253249246,0.239867988,0.253249246,0.239867988,0.253249246,0.239867988,0.253249246,0.239867988,0.253249246,0.239867988,0.253249246
AOI-0075,2025-05-11,0.299228303,s2,2025,shared,1.000000000,0.267664948,0.238208355,0.255882311,0.238208355,0.255882311,0.238208355,0.255882311,0.238208355,0.255882311,0.238208355,0.255882311,0.238208355,0.255882311
AOI-0075,2025-05-12,0.282823235,s2,2025,shared,2.000000000,0.276492063,0.240117404,0.261942199,0.240117404,0.261942199,0.240128188,0.261946513,0.240128188,0.261946513,0.240117404,0.261942199,0.240117404,0.261942199
AOI-0075,2025-05-21,0.455968103,s2,2025,shared,1.000000000,0.313808829,0.222530570,0.277297525,0.222530570,0.277297525,0.222530570,0.277297525,0.222530570,0.277297525,0.222530570,0.277297525,0.222530570,0.277297525
AOI-0075,2025-06-03,0.294663914,s2,2025,shared,2.000000000,0.350012150,0.338930425,0.345579460,0.338930425,0.345579460,0.338930425,0.345579460,0.338930425,0.345579460,0.338930425,0.345579460,0.338930425,0.345579460
AOI-0075,2025-07-06,0.715261159,s2,2025,shared,1.000000000,0.696152627,0.752012462,0.718496561,0.635085002,0.671725577,0.635085002,0.671725577,0.635085002,0.671725577,0.635085002,0.671725577,0.752000771,0.718491884
AOI-0075,2025-08-19,0.519100923,s2,2025,shared,1.000000000,0.469515318,0.483497652,0.475108252,0.483497652,0.475108252,0.483497652,0.475108252,0.483497652,0.475108252,0.483497652,0.475108252,0.483497652,0.475108252
AOI-0075,2025-08-22,0.489484335,s2,2025,shared,1.000000000,0.461445043,0.505535070,0.479081054,0.505535070,0.479081054,0.505535070,0.479081054,0.505535070,0.479081054,0.505535070,0.479081054,0.505535070,0.479081054
AOI-0075,2025-09-14,0.375769390,landsat,2025,shared,1.000000000,0.364087351,0.376822228,0.369181302,0.413321564,0.383781036,0.413321564,0.383781036,0.413321564,0.383781036,0.413321564,0.383781036,0.398216078,0.377738842
AOI-0075,2025-10-06,0.128982659,s2,2025,shared,1.000000000,0.221573347,0.213579537,0.218375823,0.213579537,0.218375823,0.213579537,0.218375823,0.213579537,0.218375823,0.213579537,0.218375823,0.213579537,0.218375823
AOI-0076,2025-04-21,0.229477605,s2,2025,shared,1.000000000,0.216547143,0.197028042,0.208739502,0.197028042,0.208739502,0.197028042,0.208739502,0.197028042,0.208739502,0.197028042,0.208739502,0.197028042,0.208739502
AOI-0076,2025-04-23,0.277855988,landsat,2025,shared,1.000000000,0.383747889,0.436202740,0.404729829,0.280533056,0.342461956,0.280533056,0.342461956,0.280533056,0.342461956,0.280533056,0.342461956,0.429154067,0.401910360
AOI-0076,2025-04-29,0.247279030,s2,2025,shared,1.000000000,0.215121159,0.224308186,0.218795970,0.224308186,0.218795970,0.224308186,0.218795970,0.224308186,0.218795970,0.224308186,0.218795970,0.224308186,0.218795970
AOI-0076,2025-05-09,0.567786425,modis,2025,shared,1.000000000,0.473028256,0.486379120,0.478368602,0.486379120,0.478368602,0.486379120,0.478368602,0.486379120,0.478368602,0.486379120,0.478368602,0.486041225,0.478233444
AOI-0076,2025-05-12,0.266234887,s2,2025,shared,1.000000000,0.253017363,0.242247482,0.248709411,0.242247482,0.248709411,0.242247482,0.248709411,0.242247482,0.248709411,0.242247482,0.248709411,0.242247482,0.248709411
AOI-0076,2025-05-14,0.241852519,s2,2025,shared,3.000000000,0.253779325,0.252021727,0.253076286,0.252021727,0.253076286,0.252021729,0.253076287,0.252021729,0.253076287,0.252021729,0.253076287,0.252021727,0.253076286
AOI-0076,2025-06-01,0.561299595,s2,2025,shared,1.000000000,0.477379196,0.476556610,0.477050162,0.476556610,0.477050162,0.476556610,0.477050162,0.476556610,0.477050162,0.476556610,0.477050162,0.476556610,0.477050162
AOI-0076,2025-06-03,0.560521315,s2,2025,shared,1.000000000,0.561737017,0.510403820,0.541203738,0.510403820,0.541203738,0.510403820,0.541203738,0.510403820,0.541203738,0.510403820,0.541203738,0.510403820,0.541203738
AOI-0076,2025-06-21,0.788470895,s2,2025,shared,1.000000000,0.791327085,0.808647295,0.798255169,0.785146771,0.788854959,0.785146771,0.788854959,0.785146771,0.788854959,0.785146771,0.788854959,0.806383037,0.797349465
AOI-0077,2025-05-01,0.700647731,s2,2025,shared,1.000000000,0.713156024,0.709567161,0.711720479,0.709567161,0.711720479,0.709567161,0.711720479,0.709567161,0.711720479,0.709567161,0.711720479,0.710055724,0.711915904
AOI-0077,2025-05-24,0.788759186,s2,2025,shared,1.000000000,0.784553103,0.788679945,0.786203840,0.788679945,0.786203840,0.788679945,0.786203840,0.788679945,0.786203840,0.788679945,0.786203840,0.788679945,0.786203840
AOI-0077,2025-06-10,0.594418063,modis,2025,shared,1.000000000,0.437269895,0.348311402,0.401686498,0.481907432,0.455124910,0.481907432,0.455124910,0.481907432,0.455124910,0.481907432,0.455124910,0.469035552,0.449976158
AOI-0077,2025-07-06,0.280179732,s2,2025,shared,1.000000000,0.442300496,0.514128040,0.471031513,0.352234168,0.406273964,0.352234168,0.406273964,0.352234168,0.406273964,0.352234168,0.406273964,0.514103369,0.471021645
AOI-0077,2025-07-08,0.218095549,s2,2025,shared,1.000000000,0.312537749,0.291573237,0.304151944,0.291573237,0.304151944,0.291573237,0.304151944,0.291573237,0.304151944,0.291573237,0.304151944,0.291573237,0.304151944
AOI-0077,2025-08-07,0.169535048,s2,2025,shared,1.000000000,0.177742545,0.159929280,0.170617239,0.159929280,0.170617239,0.159929280,0.170617239,0.159929280,0.170617239,0.159929280,0.170617239,0.160702703,0.170926608
AOI-0077,2025-08-13,0.462614398,modis,2025,shared,1.000000000,0.301214510,0.302504548,0.301730526,0.221486853,0.269323448,0.221486853,0.269323448,0.221486853,0.269323448,0.221486853,0.269323448,0.256035226,0.283142797
AOI-0077,2025-09-24,0.172115360,s2,2025,shared,1.000000000,0.219537824,0.231173881,0.224192247,0.177824119,0.202852342,0.177824119,0.202852342,0.177824119,0.202852342,0.177824119,0.202852342,0.226533803,0.222336216
AOI-0077,2025-10-01,0.214446588,s2,2025,shared,1.000000000,0.205799752,0.168448504,0.190859253,0.168448504,0.190859253,0.168448504,0.190859253,0.168448504,0.190859253,0.168448504,0.190859253,0.168448504,0.190859253
AOI-0078,2025-04-17,0.760206384,s2,2025,new,1.000000000,0.781644024,0.758445113,0.772364460,0.723224469,0.758276202,0.723224469,0.758276202,0.723224469,0.758276202,0.723224469,0.758276202,0.757839858,0.772122358
AOI-0078,2025-05-14,0.901631495,s2,2025,new,5.000000000,0.640955219,0.670696997,0.652851930,0.670696997,0.652851930,0.670696996,0.652851930,0.670696996,0.652851930,0.670696996,0.652851930,0.670696997,0.652851930
AOI-0078,2025-07-06,0.234644340,s2,2025,new,2.000000000,0.263258371,0.263543458,0.263372406,0.182011971,0.230759811,0.263542275,0.263371933,0.263542275,0.263371933,0.182011971,0.230759811,0.263523558,0.263364446
AOI-0078,2025-07-12,0.248264567,landsat,2025,new,2.000000000,0.278758568,0.288414364,0.282620886,0.242691788,0.264331856,0.286655089,0.281917177,0.286655089,0.281917177,0.242691788,0.264331856,0.251233039,0.267748356
AOI-0078,2025-07-30,0.215027543,s2,2025,new,1.000000000,0.185430251,0.177652322,0.182319079,0.177652322,0.182319079,0.177652322,0.182319079,0.177652322,0.182319079,0.177652322,0.182319079,0.177652322,0.182319079
AOI-0078,2025-08-02,0.185190759,s2,2025,new,1.000000000,0.170080732,0.171282284,0.170561353,0.171282284,0.170561353,0.171282284,0.170561353,0.171282284,0.170561353,0.171282284,0.170561353,0.171282284,0.170561353
AOI-0078,2025-08-17,0.141408939,s2,2025,new,1.000000000,0.148606813,0.137830578,0.144296319,0.137830578,0.144296319,0.137830578,0.144296319,0.137830578,0.144296319,0.137830578,0.144296319,0.137830578,0.144296319
AOI-0078,2025-09-21,0.219244449,s2,2025,new,1.000000000,0.197526854,0.201970163,0.199304178,0.201970163,0.199304178,0.201970163,0.199304178,0.201970163,0.199304178,0.201970163,0.199304178,0.201970163,0.199304178
AOI-0078,2025-10-06,0.155098164,s2,2025,new,1.000000000,0.250233138,0.258148443,0.253399260,0.258148443,0.253399260,0.258148443,0.253399260,0.258148443,0.253399260,0.258148443,0.253399260,0.258148443,0.253399260
