anon_polygon_id,date,seed,pred_route_source,pred_fallback_source,peer_used,route_radius_idx,route_peer_n,route_peer_purity,near_dist_rebuilt,post_max,post_entropy
AOI-0001,2010-05-25,0,2,2,True,4,4.000000000,1.000000000,9.000000000,0.990867580,0.058305859
AOI-0001,2010-07-13,0,1,1,True,4,3.000000000,1.000000000,12.000000000,0.981308411,0.105858397
AOI-0001,2010-07-29,0,1,1,True,4,2.000000000,1.000000000,9.000000000,0.981308411,0.105858397
AOI-0001,2010-08-30,0,1,1,True,4,4.000000000,1.000000000,9.000000000,0.983193277,0.096986095
AOI-0001,2011-04-02,0,1,1,True,4,1.000000000,1.000000000,16.000000000,0.978021978,0.120874486
AOI-0001,2011-04-26,0,1,1,True,4,1.000000000,1.000000000,16.000000000,0.978021978,0.120874486
AOI-0001,2011-08-08,0,1,1,True,4,2.000000000,1.000000000,12.000000000,0.977011494,0.125386776
AOI-0001,2011-08-29,0,2,2,True,4,2.000000000,1.000000000,13.000000000,0.990338164,0.061138862
AOI-0001,2011-09-25,0,1,1,True,4,3.000000000,1.000000000,12.000000000,0.980582524,0.109222462
AOI-0001,2012-06-25,0,2,2,True,4,2.000000000,1.000000000,12.000000000,0.748743719,0.588344050
AOI-0001,2012-07-25,0,1,1,True,4,3.000000000,1.000000000,12.000000000,0.980582524,0.109222462
AOI-0001,2012-10-13,0,1,1,True,4,3.000000000,1.000000000,12.000000000,0.978947368,0.116700546
AOI-0001,2013-04-07,0,2,2,True,4,4.000000000,1.000000000,9.000000000,0.932367150,0.264875566
AOI-0001,2013-08-06,0,1,1,True,4,3.000000000,1.000000000,9.000000000,0.982608696,0.099759750
AOI-0001,2013-08-21,0,1,1,True,4,2.000000000,1.000000000,12.000000000,0.978021978,0.120874486
AOI-0001,2014-04-07,0,2,2,True,4,2.000000000,1.000000000,12.000000000,0.990521327,0.060162121
AOI-0001,2014-07-07,0,1,1,False,-1,0.000000000,0.000000000,inf,0.948717949,0.237819011
AOI-0001,2014-08-16,0,1,1,True,4,3.000000000,1.000000000,12.000000000,0.979797980,0.112827275
AOI-0001,2014-08-24,0,1,1,True,4,3.000000000,1.000000000,12.000000000,0.979797980,0.112827275
AOI-0001,2015-04-07,0,2,2,True,4,3.000000000,1.000000000,12.000000000,0.990867580,0.058305859
AOI-0001,2015-04-23,0,2,2,True,4,2.000000000,1.000000000,9.000000000,0.693023256,0.640762809
AOI-0001,2015-07-12,0,2,2,True,4,2.000000000,1.000000000,9.000000000,0.773399015,0.558869016
AOI-0001,2015-09-04,0,1,1,True,4,2.000000000,1.000000000,12.000000000,0.977011494,0.125386776
AOI-0001,2016-04-06,0,2,2,True,4,2.000000000,1.000000000,9.000000000,0.871921182,0.403598106
AOI-0001,2016-04-23,0,1,1,True,4,3.000000000,1.000000000,12.000000000,0.979797980,0.112827275
AOI-0001,2016-06-09,0,2,2,True,4,4.000000000,1.000000000,9.000000000,0.989949749,0.063198621
AOI-0001,2016-10-17,0,1,1,True,4,3.000000000,1.000000000,9.000000000,0.979797980,0.112827275
AOI-0001,2017-05-09,0,2,2,True,4,3.000000000,1.000000000,9.000000000,0.990867580,0.058305859
AOI-0001,2017-06-13,0,1,1,False,-1,0.000000000,0.000000000,inf,0.953488372,0.220352331
AOI-0001,2017-06-30,0,0,0,True,4,3.000000000,1.000000000,9.000000000,0.763779528,0.581206425
AOI-0001,2017-08-01,0,0,0,True,4,2.000000000,1.000000000,12.000000000,0.945945946,0.234638072
AOI-0001,2017-08-24,0,1,1,True,4,1.000000000,1.000000000,16.000000000,0.978021978,0.120874486
AOI-0001,2017-10-04,0,1,1,True,4,4.000000000,1.000000000,9.000000000,0.983739837,0.094374144
AOI-0001,2017-10-19,0,1,1,True,4,2.000000000,1.000000000,12.000000000,0.978947368,0.116700546
AOI-0001,2018-04-29,0,1,1,True,4,3.000000000,1.000000000,12.000000000,0.978021978,0.120874486
AOI-0001,2018-06-16,0,1,1,True,4,1.000000000,1.000000000,13.000000000,0.975903614,0.130281794
AOI-0001,2018-08-13,0,2,2,True,4,3.000000000,1.000000000,9.000000000,0.990521327,0.060162121
AOI-0001,2018-08-19,0,1,1,True,4,3.000000000,1.000000000,12.000000000,0.978021978,0.120874486
AOI-0001,2018-08-20,0,1,1,True,4,4.000000000,1.000000000,9.000000000,0.983739837,0.094374144
AOI-0001,2018-09-05,0,1,1,True,4,3.000000000,1.000000000,9.000000000,0.704347826,0.646365771
AOI-0001,2018-09-21,0,1,1,True,4,4.000000000,1.000000000,9.000000000,0.982608696,0.099759750
AOI-0001,2019-04-21,0,0,0,True,4,2.000000000,1.000000000,9.000000000,0.986754967,0.079610965
AOI-0001,2019-06-19,0,1,1,True,4,3.000000000,1.000000000,12.000000000,0.763779528,0.581206425
AOI-0001,2019-06-27,0,0,0,True,4,1.000000000,1.000000000,16.000000000,0.668449198,0.662645928
AOI-0001,2019-07-28,0,2,2,True,4,2.000000000,1.000000000,13.000000000,0.748837209,0.720058064
AOI-0001,2019-08-14,0,0,0,True,4,3.000000000,1.000000000,9.000000000,0.987421384,0.076258973
AOI-0001,2019-08-24,0,0,0,True,4,1.000000000,1.000000000,9.000000000,0.762237762,0.580035758
AOI-0001,2019-09-28,0,0,0,True,5,1.000000000,1.000000000,27.000000000,0.970149254,0.154913925
AOI-0001,2019-10-10,0,0,0,True,4,3.000000000,1.000000000,9.000000000,0.902097902,0.345640841
AOI-0001,2020-05-15,0,0,0,True,4,1.000000000,1.000000000,9.000000000,0.768421053,0.583997835
AOI-0001,2020-05-24,0,2,2,True,4,4.000000000,1.000000000,9.000000000,0.917808219,0.301725093
AOI-0001,2020-06-05,0,1,1,True,4,2.000000000,1.000000000,13.000000000,0.977011494,0.125386776
AOI-0001,2020-06-24,0,0,0,True,4,2.000000000,1.000000000,9.000000000,0.739130435,0.612089208
AOI-0001,2020-08-18,0,0,0,True,4,3.000000000,1.000000000,9.000000000,0.687203791,0.645879152
AOI-0001,2020-08-24,0,1,1,True,4,3.000000000,1.000000000,12.000000000,0.980582524,0.109222462
AOI-0001,2020-09-13,0,2,2,True,4,3.000000000,1.000000000,12.000000000,0.990697674,0.059218348
AOI-0001,2021-04-15,0,0,0,True,4,4.000000000,1.000000000,9.000000000,0.847953216,0.451030292
AOI-0001,2021-04-23,0,2,2,True,4,3.000000000,1.000000000,9.000000000,0.744075829,0.739771346
AOI-0001,2021-06-09,0,0,0,True,4,4.000000000,1.000000000,9.000000000,0.851428571,0.444443716
AOI-0001,2021-06-19,0,0,0,True,4,4.000000000,1.000000000,9.000000000,0.814207650,0.504717032
AOI-0001,2021-08-28,0,0,0,True,4,4.000000000,1.000000000,9.000000000,0.810055866,0.511345905
AOI-0001,2021-08-29,0,2,2,True,4,3.000000000,1.000000000,9.000000000,0.693023256,0.640762809
AOI-0001,2021-09-07,0,0,0,True,4,2.000000000,1.000000000,9.000000000,0.796407186,0.532357983
AOI-0001,2021-09-30,0,2,2,True,4,3.000000000,1.000000000,12.000000000,0.618604651,0.881732396
AOI-0001,2022-04-23,0,2,2,True,4,2.000000000,1.000000000,12.000000000,0.911330049,0.318474676
AOI-0001,2022-05-26,0,1,1,True,4,1.000000000,1.000000000,12.000000000,0.977011494,0.125386776
AOI-0001,2022-05-27,0,0,0,True,4,1.000000000,1.000000000,12.000000000,0.605442177,0.705109055
AOI-0001,2022-06-26,0,2,2,True,4,2.000000000,1.000000000,9.000000000,0.879069767,0.427975951
AOI-0001,2022-07-17,0,1,1,True,4,2.000000000,1.000000000,13.000000000,0.832061069,0.483656175
AOI-0001,2022-07-28,0,2,2,True,4,3.000000000,1.000000000,12.000000000,0.589041096,0.947270488
AOI-0001,2022-08-08,0,0,0,True,4,3.000000000,1.000000000,9.000000000,0.743016760,0.596792252
AOI-0001,2022-10-12,0,0,0,True,4,2.000000000,1.000000000,9.000000000,0.985611511,0.085284100
AOI-0001,2023-04-11,0,1,1,True,4,1.000000000,1.000000000,16.000000000,0.953488372,0.220352331
AOI-0001,2023-05-13,0,1,1,True,4,1.000000000,1.000000000,13.000000000,0.970149254,0.154913925
AOI-0001,2023-06-26,0,0,0,True,4,4.000000000,1.000000000,9.000000000,0.650224215,0.671299977
AOI-0001,2023-08-23,0,0,0,True,4,2.000000000,1.000000000,13.000000000,0.801324503,0.527596161
AOI-0001,2023-09-07,0,0,0,True,4,3.000000000,1.000000000,9.000000000,0.986394558,0.081409508
AOI-0001,2023-09-18,0,1,1,True,4,3.000000000,1.000000000,12.000000000,0.979797980,0.112827275
AOI-0001,2023-09-27,0,0,0,True,4,4.000000000,1.000000000,9.000000000,0.851428571,0.444443716
AOI-0001,2023-10-07,0,0,0,True,4,4.000000000,1.000000000,9.000000000,0.795918367,0.535834427
AOI-0001,2024-04-09,0,0,0,True,4,3.000000000,1.000000000,9.000000000,0.985611511,0.085284100
AOI-0001,2024-05-08,0,2,2,True,4,2.000000000,1.000000000,12.000000000,0.893719807,0.395628725
AOI-0001,2024-07-18,0,0,0,True,4,4.000000000,1.000000000,9.000000000,0.987096774,0.077896072
AOI-0001,2024-08-03,0,1,1,True,4,3.000000000,1.000000000,12.000000000,0.978021978,0.120874486
AOI-0001,2024-10-06,0,0,0,True,4,4.000000000,1.000000000,9.000000000,0.987421384,0.076258973
AOI-0001,2024-10-30,0,1,1,True,4,2.000000000,1.000000000,12.000000000,0.723577236,0.626221864
AOI-0001,2025-04-01,0,0,0,True,0,1.000000000,1.000000000,1.000000000,0.982608696,0.099759750
AOI-0001,2025-07-08,0,0,0,True,0,1.000000000,1.000000000,1.000000000,0.793721973,0.530587401
AOI-0001,2025-07-10,0,0,0,True,0,1.000000000,1.000000000,1.000000000,0.990147783,0.062150380
AOI-0001,2025-08-06,0,1,0,True,0,1.000000000,1.000000000,1.000000000,0.649289100,0.672991185
AOI-0001,2025-08-30,0,1,1,True,0,1.000000000,1.000000000,1.000000000,0.853658537,0.447709041
AOI-0001,2025-09-08,0,0,0,True,0,1.000000000,1.000000000,1.000000000,0.929648241,0.272650708
AOI-0001,2025-09-14,0,2,2,True,0,1.000000000,1.000000000,1.000000000,0.744075829,0.592350727
AOI-0002,2025-05-09,0,2,2,True,0,1.000000000,1.000000000,1.000000000,0.874476987,0.396131176
AOI-0002,2025-05-25,0,2,2,True,0,1.000000000,1.000000000,1.000000000,0.844748858,0.452311103
AOI-0002,2025-08-22,0,0,0,True,0,1.000000000,1.000000000,1.000000000,0.988304094,0.071763657
AOI-0002,2025-08-27,0,0,0,True,0,2.000000000,1.000000000,1.000000000,0.987730061,0.074694356
AOI-0002,2025-09-23,0,1,0,True,2,4.000000000,0.750000000,1.000000000,0.656387665,0.666971969
AOI-0002,2025-09-26,0,0,0,True,0,2.000000000,1.000000000,1.000000000,0.810055866,0.511345905
AOI-0002,2025-09-30,0,2,2,True,0,1.000000000,1.000000000,1.000000000,0.863874346,0.420059298
AOI-0003,2025-04-07,0,2,2,True,0,2.000000000,1.000000000,1.000000000,0.952606635,0.206174211
AOI-0003,2025-05-01,0,0,0,True,0,2.000000000,1.000000000,1.000000000,0.903083700,0.336174613
AOI-0003,2025-05-09,0,2,2,True,3,6.000000000,0.833333333,2.000000000,0.874476987,0.396131176
AOI-0003,2025-05-25,0,2,2,True,1,2.000000000,1.000000000,2.000000000,0.844748858,0.452311103
AOI-0003,2025-07-05,0,1,0,True,0,2.000000000,1.000000000,1.000000000,0.684210526,0.652775710
AOI-0003,2025-09-05,0,0,0,True,2,1.000000000,1.000000000,4.000000000,0.973333333,0.141440924
AOI-0003,2025-09-08,0,0,0,True,0,2.000000000,1.000000000,1.000000000,0.929648241,0.272650708
AOI-0003,2025-09-15,0,1,0,True,0,2.000000000,1.000000000,1.000000000,0.687203791,0.645879152
AOI-0003,2025-09-30,0,2,2,True,1,1.000000000,1.000000000,2.000000000,0.863874346,0.420059298
AOI-0003,2025-10-16,0,0,0,True,0,2.000000000,1.000000000,1.000000000,0.554502370,0.779771987
AOI-0003,2025-10-17,0,1,1,True,0,2.000000000,1.000000000,1.000000000,0.975903614,0.130281794
AOI-0004,2025-05-09,0,0,2,True,0,1.000000000,1.000000000,1.000000000,0.874476987,0.396131176
AOI-0004,2025-06-13,0,0,0,True,0,1.000000000,1.000000000,1.000000000,0.632653061,0.691403850
AOI-0004,2025-07-18,0,0,0,True,0,2.000000000,1.000000000,1.000000000,0.987421384,0.076258973
AOI-0004,2025-08-29,0,0,0,True,0,1.000000000,1.000000000,1.000000000,0.990867580,0.058305859
AOI-0004,2025-09-07,0,1,1,True,0,2.000000000,1.000000000,1.000000000,0.978947368,0.116700546
AOI-0004,2025-09-16,0,0,0,True,0,2.000000000,1.000000000,1.000000000,0.748633880,0.590157197
AOI-0004,2025-09-30,0,2,2,True,2,2.000000000,1.000000000,3.000000000,0.863874346,0.420059298
AOI-0005,2025-04-07,0,2,2,True,0,2.000000000,1.000000000,1.000000000,0.952606635,0.206174211
AOI-0005,2025-05-19,0,0,0,True,0,2.000000000,1.000000000,1.000000000,0.569620253,0.740529352
AOI-0005,2025-07-28,0,0,0,True,0,1.000000000,1.000000000,1.000000000,0.691629956,0.640879796
AOI-0005,2025-08-07,0,0,0,True,0,2.000000000,1.000000000,1.000000000,0.897142857,0.353384727
AOI-0005,2025-08-14,0,1,0,True,0,2.000000000,1.000000000,1.000000000,0.700598802,0.639709112
AOI-0005,2025-08-29,0,0,0,True,1,2.000000000,1.000000000,2.000000000,0.990867580,0.058305859
AOI-0005,2025-09-30,0,2,2,True,1,1.000000000,1.000000000,2.000000000,0.863874346,0.420059298
AOI-0005,2025-10-17,0,1,1,True,0,1.000000000,1.000000000,1.000000000,0.975903614,0.130281794
AOI-0006,2025-04-17,0,1,1,True,0,2.000000000,1.000000000,1.000000000,0.827814570,0.487404918
AOI-0006,2025-06-03,0,0,0,True,0,1.000000000,1.000000000,1.000000000,0.985185185,0.087375267
AOI-0006,2025-07-10,0,0,0,True,0,2.000000000,1.000000000,1.000000000,0.990147783,0.062150380
AOI-0006,2025-08-02,0,0,0,True,0,2.000000000,1.000000000,1.000000000,0.986013986,0.083298165
AOI-0006,2025-08-29,0,0,0,True,0,1.000000000,1.000000000,1.000000000,0.990867580,0.058305859
AOI-0006,2025-09-08,0,0,0,True,0,2.000000000,1.000000000,1.000000000,0.929648241,0.272650708
AOI-0006,2025-09-30,0,2,2,True,0,1.000000000,1.000000000,1.000000000,0.863874346,0.420059298
AOI-0006,2025-10-17,0,1,1,True,1,1.000000000,1.000000000,2.000000000,0.975903614,0.130281794
AOI-0007,2025-05-06,0,0,0,True,0,1.000000000,1.000000000,1.000000000,0.985185185,0.087375267
AOI-0007,2025-05-25,0,2,2,True,0,1.000000000,1.000000000,1.000000000,0.844748858,0.452311103
AOI-0007,2025-05-27,0,1,1,True,0,1.000000000,1.000000000,1.000000000,0.977011494,0.125386776
AOI-0007,2025-05-28,0,0,0,True,1,1.000000000,1.000000000,2.000000000,0.878260870,0.401701573
AOI-0007,2025-06-03,0,0,0,True,1,2.000000000,1.000000000,2.000000000,0.985185185,0.087375267
AOI-0007,2025-06-04,0,1,1,True,0,1.000000000,1.000000000,1.000000000,0.761006289,0.579000939
AOI-0007,2025-07-15,0,0,0,True,1,1.000000000,1.000000000,2.000000000,0.952755906,0.211605625
AOI-0007,2025-08-19,0,0,0,True,0,2.000000000,1.000000000,1.000000000,0.991769547,0.053406871
AOI-0007,2025-09-16,0,0,0,True,2,4.000000000,0.750000000,1.000000000,0.748633880,0.590157197
AOI-0007,2025-10-13,0,0,0,True,0,1.000000000,1.000000000,1.000000000,0.978021978,0.120874486
AOI-0007,2025-10-18,0,0,0,True,0,1.000000000,1.000000000,1.000000000,0.981308411,0.105858397
AOI-0008,2025-06-03,0,0,0,True,0,1.000000000,1.000000000,1.000000000,0.985185185,0.087375267
AOI-0008,2025-06-30,0,0,0,True,0,1.000000000,1.000000000,1.000000000,0.985611511,0.085284100
AOI-0008,2025-07-05,0,0,0,True,0,1.000000000,1.000000000,1.000000000,0.684210526,0.652775710
AOI-0008,2025-07-07,0,0,0,True,0,2.000000000,1.000000000,1.000000000,0.984251969,0.091909786
AOI-0008,2025-07-13,0,0,0,True,0,2.000000000,1.000000000,1.000000000,0.986013986,0.083298165
AOI-0008,2025-08-09,0,0,0,True,0,2.000000000,1.000000000,1.000000000,0.988023952,0.073197386
AOI-0008,2025-08-22,0,0,0,True,0,1.000000000,1.000000000,1.000000000,0.988304094,0.071763657
AOI-0008,2025-08-31,0,1,1,True,0,2.000000000,1.000000000,1.000000000,0.756097561,0.591181657
AOI-0008,2025-09-08,0,0,0,True,0,2.000000000,1.000000000,1.000000000,0.929648241,0.272650708
AOI-0008,2025-10-08,0,0,0,True,0,2.000000000,1.000000000,1.000000000,0.987730061,0.074694356
AOI-0009,2025-04-16,0,0,0,True,0,1.000000000,1.000000000,1.000000000,0.717791411,0.624583560
AOI-0009,2025-05-01,0,0,0,True,0,2.000000000,1.000000000,1.000000000,0.903083700,0.336174613
AOI-0009,2025-06-15,0,0,0,True,0,2.000000000,1.000000000,1.000000000,0.977011494,0.125386776
AOI-0009,2025-06-28,0,0,0,True,0,1.000000000,1.000000000,1.000000000,0.569620253,0.740529352
AOI-0009,2025-07-23,0,0,0,True,0,2.000000000,1.000000000,1.000000000,0.775401070,0.557938310
AOI-0009,2025-08-19,0,0,0,True,0,2.000000000,1.000000000,1.000000000,0.991769547,0.053406871
AOI-0009,2025-09-01,0,0,0,True,0,1.000000000,1.000000000,1.000000000,0.698630137,0.635682805
AOI-0009,2025-09-05,0,0,0,True,1,2.000000000,1.000000000,2.000000000,0.973333333,0.141440924
AOI-0009,2025-09-15,0,0,0,True,0,2.000000000,1.000000000,1.000000000,0.687203791,0.645879152
AOI-0009,2025-09-24,0,1,1,True,0,1.000000000,1.000000000,1.000000000,0.765765766,0.582527927
AOI-0009,2025-10-05,0,0,0,True,1,1.000000000,1.000000000,2.000000000,0.963636364,0.181415523
AOI-0010,2010-06-10,0,1,2,True,4,1.000000000,1.000000000,9.000000000,0.554502370,0.713440583
AOI-0010,2010-07-13,0,1,1,True,2,2.000000000,1.000000000,3.000000000,0.981308411,0.105858397
AOI-0010,2010-10-16,0,1,2,True,2,2.000000000,1.000000000,3.000000000,0.674418605,0.655383417
AOI-0010,2011-04-23,0,2,2,True,2,2.000000000,1.000000000,3.000000000,0.990338164,0.061138862
AOI-0010,2011-08-29,0,2,2,True,2,1.000000000,1.000000000,4.000000000,0.990338164,0.061138862
AOI-0010,2011-09-14,0,2,2,True,2,1.000000000,1.000000000,3.000000000,0.990867580,0.058305859
AOI-0010,2012-04-06,0,2,2,True,2,2.000000000,1.000000000,3.000000000,0.990147783,0.062150380
AOI-0010,2012-06-25,0,2,2,True,2,1.000000000,1.000000000,3.000000000,0.748743719,0.588344050
AOI-0010,2012-07-18,0,1,1,True,2,2.000000000,1.000000000,3.000000000,0.979797980,0.112827275
AOI-0010,2013-06-11,0,1,1,True,3,1.000000000,1.000000000,7.000000000,0.979797980,0.112827275
AOI-0010,2013-06-27,0,1,1,True,2,2.000000000,1.000000000,3.000000000,0.979797980,0.112827275
AOI-0010,2013-07-28,0,1,2,True,3,1.000000000,1.000000000,7.000000000,0.536945813,0.717695279
AOI-0010,2014-04-07,0,2,2,True,2,2.000000000,1.000000000,3.000000000,0.990521327,0.060162121
AOI-0010,2014-06-30,0,1,1,True,2,2.000000000,1.000000000,3.000000000,0.981308411,0.105858397
AOI-0010,2014-08-13,0,2,2,True,2,1.000000000,1.000000000,4.000000000,0.990697674,0.059218348
AOI-0010,2014-09-02,0,1,1,True,2,2.000000000,1.000000000,3.000000000,0.981981982,0.102711110
AOI-0010,2015-05-24,0,1,1,True,2,2.000000000,1.000000000,3.000000000,0.982608696,0.099759750
AOI-0010,2015-08-04,0,1,1,True,2,2.000000000,1.000000000,3.000000000,0.980582524,0.109222462
AOI-0010,2015-08-29,0,2,2,True,2,2.000000000,1.000000000,3.000000000,0.711627907,0.624497062
AOI-0010,2015-09-21,0,1,1,True,2,1.000000000,1.000000000,3.000000000,0.973333333,0.141440924
AOI-0010,2016-05-24,0,2,2,True,2,1.000000000,1.000000000,3.000000000,0.916279070,0.305727510
AOI-0010,2016-06-27,0,1,1,True,2,1.000000000,1.000000000,4.000000000,0.981308411,0.105858397
AOI-0010,2016-08-30,0,1,1,True,2,1.000000000,1.000000000,3.000000000,0.981981982,0.102711110
AOI-0010,2016-10-15,0,2,2,True,4,1.000000000,1.000000000,9.000000000,0.819905213,0.493453353
AOI-0010,2017-05-29,0,1,1,True,4,1.000000000,1.000000000,9.000000000,0.980582524,0.109222462
AOI-0010,2017-06-06,0,1,1,True,2,2.000000000,1.000000000,3.000000000,0.981308411,0.105858397
AOI-0010,2017-08-09,0,0,0,True,2,2.000000000,1.000000000,3.000000000,0.815950920,0.504375887
AOI-0010,2017-08-26,0,0,0,True,2,2.000000000,1.000000000,3.000000000,0.773913043,0.571362280
AOI-0010,2017-09-13,0,0,0,True,3,1.000000000,1.000000000,7.000000000,0.984251969,0.091909786
AOI-0010,2017-09-14,0,2,2,True,2,1.000000000,1.000000000,4.000000000,0.990521327,0.060162121
AOI-0010,2017-10-12,0,1,1,True,2,2.000000000,1.000000000,3.000000000,0.978021978,0.120874486
AOI-0010,2018-04-14,0,1,1,True,3,1.000000000,1.000000000,7.000000000,0.981981982,0.102711110
AOI-0010,2018-04-23,0,2,2,True,2,1.000000000,1.000000000,3.000000000,0.952606635,0.206174211
AOI-0010,2018-05-09,0,2,2,True,2,1.000000000,1.000000000,4.000000000,0.990147783,0.062150380
AOI-0010,2018-07-02,0,0,0,True,2,1.000000000,1.000000000,3.000000000,0.682051282,0.651564996
AOI-0010,2018-09-30,0,2,2,True,2,2.000000000,1.000000000,3.000000000,0.934883721,0.257574641
AOI-0010,2019-05-13,0,0,0,True,2,1.000000000,1.000000000,3.000000000,0.966101695,0.171538761
AOI-0010,2019-06-15,0,0,0,True,3,1.000000000,1.000000000,7.000000000,0.986394558,0.081409508
AOI-0010,2019-07-28,0,2,2,True,2,1.000000000,1.000000000,4.000000000,0.748837209,0.720058064
AOI-0010,2019-08-01,0,0,0,True,2,1.000000000,1.000000000,4.000000000,0.985611511,0.085284100
AOI-0010,2019-08-07,0,1,1,True,2,2.000000000,1.000000000,3.000000000,0.862595420,0.429705336
AOI-0010,2019-08-09,0,0,0,True,2,2.000000000,1.000000000,3.000000000,0.828571429,0.483197564
AOI-0010,2019-08-26,0,0,0,True,3,1.000000000,1.000000000,7.000000000,0.985185185,0.087375267
AOI-0010,2019-09-05,0,0,0,True,2,1.000000000,1.000000000,4.000000000,0.982608696,0.099759750
AOI-0010,2019-09-14,0,2,2,True,2,2.000000000,1.000000000,3.000000000,0.781990521,0.547209720
AOI-0010,2019-09-16,0,1,1,True,2,2.000000000,1.000000000,3.000000000,0.853658537,0.447709041
AOI-0010,2020-04-02,0,0,0,True,2,2.000000000,1.000000000,3.000000000,0.661202186,0.668207673
AOI-0010,2020-04-07,0,0,0,True,2,1.000000000,1.000000000,3.000000000,0.984732824,0.089580528
AOI-0010,2020-07-06,0,0,0,True,2,2.000000000,1.000000000,3.000000000,0.777777778,0.556748955
AOI-0010,2020-08-03,0,0,0,True,2,2.000000000,1.000000000,3.000000000,0.844311377,0.457831895
AOI-0010,2020-08-05,0,0,0,True,2,1.000000000,1.000000000,4.000000000,0.984251969,0.091909786
AOI-0010,2020-08-12,0,2,2,True,2,1.000000000,1.000000000,4.000000000,0.838862559,0.462932768
AOI-0010,2020-08-30,0,0,0,True,2,2.000000000,1.000000000,3.000000000,0.986013986,0.083298165
AOI-0010,2020-09-02,0,0,0,True,2,1.000000000,1.000000000,3.000000000,0.787709497,0.542809787
AOI-0010,2020-10-09,0,0,0,True,2,2.000000000,1.000000000,3.000000000,0.985611511,0.085284100
AOI-0010,2020-10-15,0,2,2,True,2,2.000000000,1.000000000,3.000000000,0.914691943,0.309849445
AOI-0010,2021-04-22,0,0,0,True,2,2.000000000,1.000000000,3.000000000,0.740458015,0.607016297
AOI-0010,2021-07-16,0,0,0,True,2,1.000000000,1.000000000,4.000000000,0.984732824,0.089580528
AOI-0010,2021-07-24,0,0,0,True,2,2.000000000,1.000000000,3.000000000,0.986394558,0.081409508
AOI-0010,2021-09-13,0,1,1,True,2,2.000000000,1.000000000,3.000000000,0.978947368,0.116700546
AOI-0010,2021-09-30,0,2,2,True,2,2.000000000,1.000000000,3.000000000,0.618604651,0.881732396
AOI-0010,2021-10-02,0,0,0,True,2,2.000000000,1.000000000,3.000000000,0.985611511,0.085284100
AOI-0010,2021-10-14,0,0,0,True,3,1.000000000,1.000000000,7.000000000,0.866666667,0.421282355
AOI-0010,2021-10-16,0,2,2,True,2,1.000000000,1.000000000,4.000000000,0.711627907,0.785296503
AOI-0010,2021-10-22,0,0,0,True,2,2.000000000,1.000000000,3.000000000,0.985611511,0.085284100
AOI-0010,2022-04-23,0,2,2,True,2,2.000000000,1.000000000,3.000000000,0.911330049,0.318474676
AOI-0010,2022-05-30,0,0,0,True,2,2.000000000,1.000000000,3.000000000,0.987096774,0.077896072
AOI-0010,2022-06-09,0,0,0,True,2,1.000000000,1.000000000,4.000000000,0.984732824,0.089580528
AOI-0010,2022-06-29,0,0,0,True,2,2.000000000,1.000000000,3.000000000,0.759162304,0.577267121
AOI-0010,2022-08-10,0,0,0,True,2,1.000000000,1.000000000,4.000000000,0.985611511,0.085284100
AOI-0010,2022-08-15,0,0,0,False,-1,0.000000000,0.000000000,inf,0.886178862,0.383718820
AOI-0010,2022-09-29,0,0,0,True,2,2.000000000,1.000000000,3.000000000,0.983193277,0.096986095
AOI-0010,2022-10-17,0,0,0,True,2,2.000000000,1.000000000,3.000000000,0.700598802,0.639709112
AOI-0010,2023-05-09,0,2,2,True,2,2.000000000,1.000000000,3.000000000,0.990338164,0.061138862
AOI-0010,2023-05-20,0,0,0,True,2,1.000000000,1.000000000,4.000000000,0.756097561,0.591181657
AOI-0010,2023-06-19,0,0,0,True,2,2.000000000,1.000000000,3.000000000,0.986013986,0.083298165
AOI-0010,2023-06-23,0,1,1,True,2,1.000000000,1.000000000,4.000000000,0.876777251,0.393385511
AOI-0010,2023-08-13,0,0,0,True,2,2.000000000,1.000000000,3.000000000,0.711627907,0.770073187
AOI-0010,2023-09-29,0,0,0,True,2,2.000000000,1.000000000,3.000000000,0.643835616,0.675609803
AOI-0010,2023-10-11,0,1,1,False,-1,0.000000000,0.000000000,inf,0.795918367,0.535834427
AOI-0010,2023-10-16,0,1,2,True,2,1.000000000,1.000000000,4.000000000,0.730232558,0.699452878
AOI-0010,2023-10-19,0,0,0,True,2,1.000000000,1.000000000,4.000000000,0.717791411,0.624583560
AOI-0010,2024-04-06,0,0,0,True,2,2.000000000,1.000000000,3.000000000,0.625570776,0.747256233
AOI-0010,2024-05-04,0,0,0,True,2,1.000000000,1.000000000,4.000000000,0.987096774,0.077896072
AOI-0010,2024-06-15,0,0,0,False,-1,0.000000000,0.000000000,inf,0.801801802,0.534542741
AOI-0010,2024-06-23,0,0,0,True,2,2.000000000,1.000000000,3.000000000,0.923664122,0.294543299
AOI-0010,2024-07-11,0,2,2,True,2,1.000000000,1.000000000,4.000000000,0.800947867,0.633424933
AOI-0010,2024-07-19,0,1,1,True,2,1.000000000,1.000000000,3.000000000,0.981308411,0.105858397
AOI-0010,2024-08-19,0,0,0,True,2,2.000000000,1.000000000,3.000000000,0.648241206,0.674866890
AOI-0010,2024-08-28,0,1,1,True,2,2.000000000,1.000000000,3.000000000,0.497630332,0.719954467
AOI-0010,2025-05-04,0,0,0,True,0,1.000000000,1.000000000,1.000000000,0.668246445,0.660253900
AOI-0010,2025-05-06,0,0,0,True,0,2.000000000,1.000000000,1.000000000,0.985185185,0.087375267
AOI-0010,2025-07-13,0,0,0,True,0,1.000000000,1.000000000,1.000000000,0.986013986,0.083298165
AOI-0010,2025-07-18,0,0,0,True,0,2.000000000,1.000000000,1.000000000,0.987421384,0.076258973
AOI-0010,2025-08-17,0,0,0,True,0,1.000000000,1.000000000,1.000000000,0.814207650,0.504717032
AOI-0010,2025-08-29,0,0,0,True,0,2.000000000,1.000000000,1.000000000,0.990867580,0.058305859
AOI-0010,2025-09-24,0,1,1,True,0,1.000000000,1.000000000,1.000000000,0.765765766,0.582527927
AOI-0010,2025-10-08,0,0,0,True,0,2.000000000,1.000000000,1.000000000,0.987730061,0.074694356
AOI-0010,2025-10-16,0,0,0,True,0,2.000000000,1.000000000,1.000000000,0.554502370,0.779771987
AOI-0011,2025-04-19,0,0,0,True,0,1.000000000,1.000000000,1.000000000,0.777777778,0.552980074
AOI-0011,2025-04-29,0,0,0,True,0,2.000000000,1.000000000,1.000000000,0.983739837,0.094374144
AOI-0011,2025-07-05,0,0,0,True,0,1.000000000,1.000000000,1.000000000,0.684210526,0.652775710
AOI-0011,2025-07-13,0,0,0,True,0,1.000000000,1.000000000,1.000000000,0.986013986,0.083298165
AOI-0011,2025-07-22,0,1,1,True,1,1.000000000,1.000000000,2.000000000,0.726315789,0.631505898
AOI-0011,2025-07-23,0,0,0,True,0,2.000000000,1.000000000,1.000000000,0.775401070,0.557938310
AOI-0011,2025-08-02,0,0,0,True,0,2.000000000,1.000000000,1.000000000,0.986013986,0.083298165
AOI-0011,2025-08-16,0,0,0,True,0,1.000000000,1.000000000,1.000000000,0.986394558,0.081409508
AOI-0011,2025-09-14,0,2,2,True,0,1.000000000,1.000000000,1.000000000,0.744075829,0.592350727
AOI-0011,2025-09-15,0,0,0,True,0,2.000000000,1.000000000,1.000000000,0.687203791,0.645879152
AOI-0011,2025-09-16,0,1,0,True,0,1.000000000,1.000000000,1.000000000,0.748633880,0.590157197
AOI-0012,2025-04-07,0,2,2,True,0,1.000000000,1.000000000,1.000000000,0.952606635,0.206174211
AOI-0012,2025-04-19,0,0,0,True,0,1.000000000,1.000000000,1.000000000,0.777777778,0.552980074
AOI-0012,2025-06-07,0,0,0,True,0,2.000000000,1.000000000,1.000000000,0.983739837,0.094374144
AOI-0012,2025-07-06,0,1,1,True,0,2.000000000,1.000000000,1.000000000,0.818181818,0.513150069
AOI-0012,2025-08-24,0,0,0,True,0,1.000000000,1.000000000,1.000000000,0.981981982,0.102711110
AOI-0012,2025-09-13,0,0,0,True,0,2.000000000,1.000000000,1.000000000,0.985611511,0.085284100
AOI-0012,2025-09-14,0,2,2,True,0,1.000000000,1.000000000,1.000000000,0.744075829,0.592350727
AOI-0012,2025-09-26,0,0,0,True,0,2.000000000,1.000000000,1.000000000,0.810055866,0.511345905
AOI-0012,2025-10-13,0,0,0,True,0,1.000000000,1.000000000,1.000000000,0.978021978,0.120874486
AOI-0012,2025-10-16,0,0,0,True,0,2.000000000,1.000000000,1.000000000,0.554502370,0.779771987
AOI-0013,2010-06-26,0,2,2,True,2,1.000000000,1.000000000,3.000000000,0.989743590,0.064285679
AOI-0013,2010-07-05,0,1,1,True,2,1.000000000,1.000000000,3.000000000,0.973333333,0.141440924
AOI-0013,2010-07-29,0,1,1,True,0,1.000000000,1.000000000,1.000000000,0.981308411,0.105858397
AOI-0013,2010-08-06,0,1,1,True,0,1.000000000,1.000000000,1.000000000,0.981981982,0.102711110
AOI-0013,2011-04-02,0,1,1,True,2,1.000000000,1.000000000,4.000000000,0.978021978,0.120874486
AOI-0013,2011-05-09,0,2,2,True,2,2.000000000,1.000000000,3.000000000,0.990521327,0.060162121
AOI-0013,2011-06-10,0,2,2,True,0,1.000000000,1.000000000,1.000000000,0.990867580,0.058305859
AOI-0013,2011-06-26,0,2,2,True,0,1.000000000,1.000000000,1.000000000,0.990697674,0.059218348
AOI-0013,2011-07-12,0,2,2,True,0,1.000000000,1.000000000,1.000000000,0.991031390,0.057423085
AOI-0013,2011-08-29,0,2,2,True,0,1.000000000,1.000000000,1.000000000,0.990338164,0.061138862
AOI-0013,2012-04-04,0,1,1,True,0,1.000000000,1.000000000,1.000000000,0.979797980,0.112827275
AOI-0013,2012-05-24,0,2,2,True,0,1.000000000,1.000000000,1.000000000,0.990697674,0.059218348
AOI-0013,2012-09-11,0,1,1,True,2,1.000000000,1.000000000,4.000000000,0.971830986,0.147843978
AOI-0013,2012-10-15,0,2,2,True,0,1.000000000,1.000000000,1.000000000,0.767441860,0.565148736
AOI-0013,2013-06-26,0,1,2,True,0,1.000000000,1.000000000,1.000000000,0.600000000,0.698353577
AOI-0013,2013-07-13,0,1,1,True,0,1.000000000,1.000000000,1.000000000,0.981981982,0.102711110
AOI-0013,2013-08-22,0,1,1,False,-1,0.000000000,0.000000000,inf,0.977011494,0.125386776
AOI-0013,2013-10-16,0,1,2,True,0,1.000000000,1.000000000,1.000000000,0.635467980,0.682076228
AOI-0013,2013-10-25,0,1,1,True,0,1.000000000,1.000000000,1.000000000,0.981981982,0.102711110
AOI-0013,2014-05-09,0,2,2,True,2,2.000000000,1.000000000,3.000000000,0.990867580,0.058305859
AOI-0013,2014-05-25,0,2,2,True,0,1.000000000,1.000000000,1.000000000,0.990147783,0.062150380
AOI-0013,2014-07-08,0,1,1,False,-1,0.000000000,0.000000000,inf,0.942857143,0.258640932
AOI-0013,2014-09-18,0,1,1,True,0,1.000000000,1.000000000,1.000000000,0.980582524,0.109222462
AOI-0013,2014-09-30,0,2,2,True,2,1.000000000,1.000000000,4.000000000,0.990521327,0.060162121
AOI-0013,2014-10-16,0,2,2,True,0,1.000000000,1.000000000,1.000000000,0.990338164,0.061138862
AOI-0013,2015-04-23,0,2,2,True,0,1.000000000,1.000000000,1.000000000,0.693023256,0.640762809
AOI-0013,2015-08-03,0,1,1,True,0,1.000000000,1.000000000,1.000000000,0.979797980,0.112827275
AOI-0013,2015-08-27,0,1,1,True,0,1.000000000,1.000000000,1.000000000,0.978947368,0.116700546
AOI-0013,2015-09-20,0,1,1,True,0,1.000000000,1.000000000,1.000000000,0.978947368,0.116700546
AOI-0013,2015-09-29,0,1,1,True,0,1.000000000,1.000000000,1.000000000,0.981308411,0.105858397
AOI-0013,2016-04-06,0,2,2,True,0,1.000000000,1.000000000,1.000000000,0.871921182,0.403598106
AOI-0013,2016-06-26,0,1,1,True,2,1.000000000,1.000000000,4.000000000,0.978947368,0.116700546
AOI-0013,2016-06-27,0,1,1,True,0,1.000000000,1.000000000,1.000000000,0.981308411,0.105858397
AOI-0013,2016-08-06,0,1,1,True,0,1.000000000,1.000000000,1.000000000,0.974683544,0.135612188
AOI-0013,2016-10-15,0,2,2,True,4,1.000000000,1.000000000,12.000000000,0.819905213,0.493453353
AOI-0013,2016-10-25,0,1,1,True,0,1.000000000,1.000000000,1.000000000,0.979797980,0.112827275
AOI-0013,2017-06-05,0,1,0,True,0,1.000000000,1.000000000,1.000000000,0.732283465,0.616498091
AOI-0013,2017-06-26,0,2,2,True,0,1.000000000,1.000000000,1.000000000,0.990867580,0.058305859
AOI-0013,2017-08-11,0,0,0,True,0,1.000000000,1.000000000,1.000000000,0.984251969,0.091909786
AOI-0013,2017-08-17,0,1,1,True,2,1.000000000,1.000000000,3.000000000,0.858267717,0.438505622
AOI-0013,2017-08-21,0,0,0,True,2,2.000000000,1.000000000,3.000000000,0.981308411,0.105858397
AOI-0013,2017-09-14,0,2,2,True,0,1.000000000,1.000000000,1.000000000,0.990521327,0.060162121
AOI-0013,2017-09-15,0,0,0,True,2,2.000000000,1.000000000,3.000000000,0.984732824,0.089580528
AOI-0013,2017-09-26,0,1,1,True,2,2.000000000,1.000000000,3.000000000,0.981308411,0.105858397
AOI-0013,2018-04-14,0,1,1,True,2,1.000000000,1.000000000,4.000000000,0.981981982,0.102711110
AOI-0013,2018-05-09,0,2,2,True,0,1.000000000,1.000000000,1.000000000,0.990147783,0.062150380
AOI-0013,2018-07-10,0,1,1,True,0,1.000000000,1.000000000,1.000000000,0.980582524,0.109222462
AOI-0013,2018-07-18,0,1,1,True,4,1.000000000,1.000000000,12.000000000,0.971830986,0.147843978
AOI-0013,2018-09-05,0,1,1,True,0,1.000000000,1.000000000,1.000000000,0.704347826,0.646365771
AOI-0013,2018-09-18,0,0,0,True,0,1.000000000,1.000000000,1.000000000,0.985185185,0.087375267
AOI-0013,2018-10-07,0,1,1,True,0,1.000000000,1.000000000,1.000000000,0.827814570,0.487404918
AOI-0013,2019-05-08,0,0,0,True,0,1.000000000,1.000000000,1.000000000,0.986013986,0.083298165
AOI-0013,2019-06-11,0,1,1,True,2,1.000000000,1.000000000,4.000000000,0.979797980,0.112827275
AOI-0013,2019-06-15,0,0,0,True,2,1.000000000,1.000000000,4.000000000,0.986394558,0.081409508
AOI-0013,2019-06-27,0,0,0,True,2,1.000000000,1.000000000,4.000000000,0.668449198,0.662645928
AOI-0013,2019-07-29,0,1,1,True,0,1.000000000,1.000000000,1.000000000,0.723577236,0.626221864
AOI-0013,2019-08-01,0,0,0,True,0,1.000000000,1.000000000,1.000000000,0.985611511,0.085284100
AOI-0013,2019-08-13,0,2,2,True,0,1.000000000,1.000000000,1.000000000,0.600000000,0.939354209
AOI-0013,2019-08-15,0,1,1,True,2,2.000000000,1.000000000,3.000000000,0.981308411,0.105858397
AOI-0013,2019-08-22,0,1,1,True,0,1.000000000,1.000000000,1.000000000,0.843478261,0.467440026
AOI-0013,2019-08-26,0,0,0,True,2,1.000000000,1.000000000,4.000000000,0.985185185,0.087375267
AOI-0013,2020-04-17,0,0,0,True,2,2.000000000,1.000000000,3.000000000,0.729032258,0.614707193
AOI-0013,2020-05-10,0,0,0,True,0,1.000000000,1.000000000,1.000000000,0.970149254,0.154913925
AOI-0013,2020-05-20,0,0,0,True,2,1.000000000,1.000000000,4.000000000,0.765765766,0.582527927
AOI-0013,2020-06-05,0,1,1,True,0,1.000000000,1.000000000,1.000000000,0.977011494,0.125386776
AOI-0013,2020-06-11,0,0,0,True,0,1.000000000,1.000000000,1.000000000,0.980582524,0.109222462
AOI-0013,2020-07-15,0,1,1,True,0,1.000000000,1.000000000,1.000000000,0.978021978,0.120874486
AOI-0013,2020-08-05,0,0,0,True,0,1.000000000,1.000000000,1.000000000,0.984251969,0.091909786
AOI-0013,2020-08-10,0,0,0,True,0,1.000000000,1.000000000,1.000000000,0.985611511,0.085284100
AOI-0013,2020-08-28,0,2,2,True,2,2.000000000,1.000000000,3.000000000,0.932367150,0.264875566
AOI-0013,2020-09-17,0,0,0,True,0,1.000000000,1.000000000,1.000000000,0.987096774,0.077896072
AOI-0013,2020-09-24,0,0,0,True,2,2.000000000,1.000000000,3.000000000,0.748633880,0.590157197
AOI-0013,2020-10-20,0,1,1,True,0,1.000000000,1.000000000,1.000000000,0.825242718,0.500845652
AOI-0013,2021-04-06,0,1,1,True,0,1.000000000,1.000000000,1.000000000,0.980582524,0.109222462
AOI-0013,2021-04-07,0,2,2,True,2,1.000000000,1.000000000,3.000000000,0.989743590,0.064285679
AOI-0013,2021-05-09,0,2,2,True,2,1.000000000,1.000000000,4.000000000,0.990521327,0.060162121
AOI-0013,2021-05-15,0,1,0,True,0,1.000000000,1.000000000,1.000000000,0.907284768,0.332632628
AOI-0013,2021-07-16,0,0,0,True,0,1.000000000,1.000000000,1.000000000,0.984732824,0.089580528
AOI-0013,2021-07-21,0,0,0,True,0,1.000000000,1.000000000,1.000000000,0.985185185,0.087375267
AOI-0013,2021-08-05,0,0,0,True,0,1.000000000,1.000000000,1.000000000,0.981308411,0.105858397
AOI-0013,2021-09-07,0,0,0,True,2,2.000000000,1.000000000,3.000000000,0.796407186,0.532357983
AOI-0013,2021-09-17,0,0,0,True,0,1.000000000,1.000000000,1.000000000,0.983739837,0.094374144
AOI-0013,2021-10-06,0,1,1,True,0,1.000000000,1.000000000,1.000000000,0.755395683,0.588786262
AOI-0013,2022-05-09,0,2,2,True,0,1.000000000,1.000000000,1.000000000,0.860465116,0.424510555
AOI-0013,2022-06-09,0,0,0,True,0,1.000000000,1.000000000,1.000000000,0.984732824,0.089580528
AOI-0013,2022-06-19,0,0,0,True,0,1.000000000,1.000000000,1.000000000,0.956834532,0.197325562
AOI-0013,2022-06-30,0,1,1,True,0,1.000000000,1.000000000,1.000000000,0.986013986,0.083298165
AOI-0013,2022-08-07,0,1,1,True,2,1.000000000,1.000000000,3.000000000,0.763779528,0.581206425
AOI-0013,2022-08-08,0,0,0,True,0,1.000000000,1.000000000,1.000000000,0.743016760,0.596792252
AOI-0013,2022-08-10,0,0,0,True,0,1.000000000,1.000000000,1.000000000,0.985611511,0.085284100
AOI-0013,2022-08-15,0,0,0,False,-1,0.000000000,0.000000000,inf,0.886178862,0.383718820
AOI-0013,2022-08-25,0,0,0,True,0,1.000000000,1.000000000,1.000000000,0.704918033,0.633850789
AOI-0013,2022-09-17,0,0,0,True,4,2.000000000,1.000000000,12.000000000,0.979797980,0.112827275
AOI-0013,2023-05-12,0,0,0,True,0,1.000000000,1.000000000,1.000000000,0.743016760,0.596792252
AOI-0013,2023-05-20,0,0,0,True,0,1.000000000,1.000000000,1.000000000,0.756097561,0.591181657
AOI-0013,2023-06-22,0,1,1,True,0,1.000000000,1.000000000,1.000000000,0.808695652,0.523482354
AOI-0013,2023-06-23,0,1,1,True,0,1.000000000,1.000000000,1.000000000,0.876777251,0.393385511
AOI-0013,2023-08-02,0,1,1,True,2,2.000000000,1.000000000,3.000000000,0.767441860,0.617949634
AOI-0013,2023-08-25,0,0,0,True,0,1.000000000,1.000000000,1.000000000,0.726618705,0.619861451
AOI-0013,2023-09-30,0,2,2,True,0,1.000000000,1.000000000,1.000000000,0.895734597,0.353634640
AOI-0013,2023-10-09,0,0,0,True,0,1.000000000,1.000000000,1.000000000,0.984732824,0.089580528
AOI-0013,2023-10-16,0,1,2,True,0,1.000000000,1.000000000,1.000000000,0.730232558,0.699452878
AOI-0013,2023-10-29,0,0,0,True,0,1.000000000,1.000000000,1.000000000,0.928057554,0.282021981
AOI-0013,2024-04-04,0,0,0,True,4,2.000000000,1.000000000,12.000000000,0.986013986,0.083298165
AOI-0013,2024-04-09,0,0,0,True,0,1.000000000,1.000000000,1.000000000,0.985611511,0.085284100
AOI-0013,2024-06-01,0,1,1,True,0,1.000000000,1.000000000,1.000000000,0.690140845,0.676283176
AOI-0013,2024-06-03,0,0,0,True,0,1.000000000,1.000000000,1.000000000,0.806451613,0.519613528
AOI-0013,2024-06-08,0,0,0,True,2,2.000000000,1.000000000,3.000000000,0.930069930,0.276191097
AOI-0013,2024-07-10,0,1,0,True,0,1.000000000,1.000000000,1.000000000,0.640287770,0.688518311
AOI-0013,2024-07-30,0,0,0,True,0,1.000000000,1.000000000,1.000000000,0.982608696,0.099759750
AOI-0013,2024-08-20,0,1,1,True,0,1.000000000,1.000000000,1.000000000,0.821138211,0.502736035
AOI-0013,2024-09-18,0,0,0,True,2,2.000000000,1.000000000,3.000000000,0.982608696,0.099759750
AOI-0013,2024-09-23,0,0,0,True,0,1.000000000,1.000000000,1.000000000,0.802816901,0.547211371
AOI-0013,2025-05-03,0,1,1,True,0,1.000000000,1.000000000,1.000000000,0.975903614,0.130281794
AOI-0013,2025-06-05,0,0,0,True,0,1.000000000,1.000000000,1.000000000,0.985611511,0.085284100
AOI-0013,2025-07-05,0,0,0,True,0,2.000000000,1.000000000,1.000000000,0.684210526,0.652775710
AOI-0013,2025-07-12,0,2,2,True,0,2.000000000,1.000000000,1.000000000,0.668161435,0.863543055
AOI-0013,2025-07-13,0,0,0,True,0,1.000000000,1.000000000,1.000000000,0.986013986,0.083298165
AOI-0013,2025-08-06,0,0,0,True,0,1.000000000,1.000000000,1.000000000,0.649289100,0.672991185
AOI-0013,2025-08-16,0,0,0,True,0,2.000000000,1.000000000,1.000000000,0.986394558,0.081409508
AOI-0013,2025-08-29,0,0,0,True,0,2.000000000,1.000000000,1.000000000,0.990867580,0.058305859
AOI-0013,2025-08-30,0,1,1,True,0,1.000000000,1.000000000,1.000000000,0.853658537,0.447709041
AOI-0013,2025-09-05,0,0,0,True,0,1.000000000,1.000000000,1.000000000,0.973333333,0.141440924
AOI-0013,2025-10-08,0,0,0,True,0,2.000000000,1.000000000,1.000000000,0.987730061,0.074694356
AOI-0014,2010-05-09,0,2,2,True,0,1.000000000,1.000000000,1.000000000,0.990697674,0.059218348
AOI-0014,2010-06-02,0,1,1,True,0,1.000000000,1.000000000,1.000000000,0.980582524,0.109222462
AOI-0014,2010-06-26,0,2,2,True,2,1.000000000,1.000000000,4.000000000,0.989743590,0.064285679
AOI-0014,2010-10-24,0,1,1,True,2,1.000000000,1.000000000,3.000000000,0.977011494,0.125386776
AOI-0014,2011-04-02,0,1,1,True,2,1.000000000,1.000000000,3.000000000,0.978021978,0.120874486
AOI-0014,2011-09-02,0,1,1,True,0,1.000000000,1.000000000,1.000000000,0.981981982,0.102711110
AOI-0014,2011-09-10,0,1,1,True,4,1.000000000,1.000000000,13.000000000,0.974683544,0.135612188
AOI-0014,2011-10-16,0,2,2,True,0,1.000000000,1.000000000,1.000000000,0.991031390,0.057423085
AOI-0014,2012-04-29,0,1,1,True,0,1.000000000,1.000000000,1.000000000,0.983193277,0.096986095
AOI-0014,2012-07-27,0,2,2,True,0,1.000000000,1.000000000,1.000000000,0.711627907,0.624497062
AOI-0014,2012-09-20,0,1,1,True,2,1.000000000,1.000000000,3.000000000,0.980582524,0.109222462
AOI-0014,2013-08-14,0,1,1,True,0,1.000000000,1.000000000,1.000000000,0.978021978,0.120874486
AOI-0014,2013-08-22,0,1,1,False,-1,0.000000000,0.000000000,inf,0.977011494,0.125386776
AOI-0014,2013-08-29,0,2,2,True,0,1.000000000,1.000000000,1.000000000,0.990521327,0.060162121
AOI-0014,2013-10-08,0,1,1,True,0,1.000000000,1.000000000,1.000000000,0.977011494,0.125386776
AOI-0014,2014-04-23,0,2,2,True,0,1.000000000,1.000000000,1.000000000,0.991031390,0.057423085
AOI-0014,2014-05-09,0,2,2,True,2,2.000000000,1.000000000,3.000000000,0.990867580,0.058305859
AOI-0014,2014-07-23,0,1,1,True,0,1.000000000,1.000000000,1.000000000,0.980582524,0.109222462
AOI-0014,2014-07-28,0,2,2,True,2,2.000000000,1.000000000,3.000000000,0.989949749,0.063198621
AOI-0014,2014-08-29,0,2,2,True,0,1.000000000,1.000000000,1.000000000,0.990697674,0.059218348
AOI-0014,2014-10-28,0,1,1,True,0,1.000000000,1.000000000,1.000000000,0.978947368,0.116700546
AOI-0014,2015-05-15,0,1,1,True,0,1.000000000,1.000000000,1.000000000,0.978947368,0.116700546
AOI-0014,2015-06-08,0,1,1,True,0,1.000000000,1.000000000,1.000000000,0.979797980,0.112827275
AOI-0014,2015-06-09,0,1,1,True,0,1.000000000,1.000000000,1.000000000,0.982608696,0.099759750
AOI-0014,2015-09-21,0,1,1,True,0,1.000000000,1.000000000,1.000000000,0.973333333,0.141440924
AOI-0014,2015-10-06,0,1,1,True,4,2.000000000,1.000000000,13.000000000,0.973333333,0.141440924
AOI-0014,2015-10-30,0,1,1,True,0,1.000000000,1.000000000,1.000000000,0.979797980,0.112827275
AOI-0014,2016-05-24,0,2,2,True,0,1.000000000,1.000000000,1.000000000,0.916279070,0.305727510
AOI-0014,2016-06-26,0,1,1,True,2,1.000000000,1.000000000,3.000000000,0.978947368,0.116700546
AOI-0014,2016-07-11,0,2,2,True,0,1.000000000,1.000000000,1.000000000,0.936073059,0.254088226
AOI-0014,2016-09-14,0,1,1,True,0,1.000000000,1.000000000,1.000000000,0.977011494,0.125386776
AOI-0014,2016-09-29,0,2,2,True,0,1.000000000,1.000000000,1.000000000,0.990521327,0.060162121
AOI-0014,2016-10-15,0,2,2,True,4,1.000000000,1.000000000,13.000000000,0.819905213,0.493453353
AOI-0014,2017-07-28,0,2,2,True,0,1.000000000,1.000000000,1.000000000,0.990697674,0.059218348
AOI-0014,2017-08-04,0,0,0,True,0,1.000000000,1.000000000,1.000000000,0.981308411,0.105858397
AOI-0014,2017-08-08,0,1,1,True,2,1.000000000,1.000000000,3.000000000,0.939393939,0.255938614
AOI-0014,2017-08-17,0,1,1,True,2,1.000000000,1.000000000,4.000000000,0.858267717,0.438505622
AOI-0014,2017-08-24,0,1,1,True,2,1.000000000,1.000000000,3.000000000,0.978021978,0.120874486
AOI-0014,2017-09-13,0,0,0,True,2,1.000000000,1.000000000,3.000000000,0.984251969,0.091909786
AOI-0014,2017-09-15,0,0,0,True,2,2.000000000,1.000000000,3.000000000,0.984732824,0.089580528
AOI-0014,2017-09-26,0,1,1,True,2,2.000000000,1.000000000,3.000000000,0.981308411,0.105858397
AOI-0014,2017-10-19,0,1,1,True,0,1.000000000,1.000000000,1.000000000,0.978947368,0.116700546
AOI-0014,2018-04-14,0,1,1,True,2,1.000000000,1.000000000,3.000000000,0.981981982,0.102711110
AOI-0014,2018-04-23,0,2,2,True,0,1.000000000,1.000000000,1.000000000,0.952606635,0.206174211
AOI-0014,2018-05-16,0,1,1,True,0,1.000000000,1.000000000,1.000000000,0.981308411,0.105858397
AOI-0014,2018-05-24,0,1,1,True,2,2.000000000,1.000000000,3.000000000,0.980582524,0.109222462
AOI-0014,2018-06-01,0,1,1,True,0,1.000000000,1.000000000,1.000000000,0.981981982,0.102711110
AOI-0014,2018-07-02,0,0,0,True,0,1.000000000,1.000000000,1.000000000,0.682051282,0.651564996
AOI-0014,2018-09-13,0,0,0,True,0,1.000000000,1.000000000,1.000000000,0.825641026,0.485866983
AOI-0014,2018-10-14,0,1,1,True,0,1.000000000,1.000000000,1.000000000,0.978947368,0.116700546
AOI-0014,2019-05-06,0,0,0,True,2,2.000000000,1.000000000,3.000000000,0.984732824,0.089580528
AOI-0014,2019-05-19,0,1,1,False,-1,0.000000000,0.000000000,inf,0.825242718,0.500845652
AOI-0014,2019-06-12,0,0,0,True,2,1.000000000,1.000000000,4.000000000,0.941747573,0.248377974
AOI-0014,2019-06-17,0,0,0,True,0,1.000000000,1.000000000,1.000000000,0.979797980,0.112827275
AOI-0014,2019-06-27,0,0,0,True,2,1.000000000,1.000000000,3.000000000,0.668449198,0.662645928
AOI-0014,2019-07-05,0,0,0,True,0,1.000000000,1.000000000,1.000000000,0.987096774,0.077896072
AOI-0014,2019-08-11,0,0,0,True,0,1.000000000,1.000000000,1.000000000,0.985611511,0.085284100
AOI-0014,2019-08-15,0,1,1,True,2,2.000000000,1.000000000,3.000000000,0.981308411,0.105858397
AOI-0014,2019-08-24,0,0,0,True,2,1.000000000,1.000000000,4.000000000,0.762237762,0.580035758
AOI-0014,2019-09-08,0,1,1,True,2,2.000000000,1.000000000,3.000000000,0.982608696,0.099759750
AOI-0014,2019-10-16,0,2,2,True,0,1.000000000,1.000000000,1.000000000,0.771689498,0.683581962
AOI-0014,2019-10-28,0,0,0,True,0,1.000000000,1.000000000,1.000000000,0.806451613,0.519613528
AOI-0014,2020-04-10,0,0,0,True,0,1.000000000,1.000000000,1.000000000,0.933774834,0.265291984
AOI-0014,2020-05-20,0,0,0,True,2,1.000000000,1.000000000,3.000000000,0.765765766,0.582527927
AOI-0014,2020-05-27,0,0,0,True,0,1.000000000,1.000000000,1.000000000,0.777777778,0.556748955
AOI-0014,2020-05-28,0,1,1,True,0,1.000000000,1.000000000,1.000000000,0.906542056,0.340847656
AOI-0014,2020-07-07,0,1,1,True,0,1.000000000,1.000000000,1.000000000,0.801801802,0.534542741
AOI-0014,2020-07-16,0,0,0,True,0,1.000000000,1.000000000,1.000000000,0.945945946,0.234638072
AOI-0014,2020-07-31,0,0,0,True,0,1.000000000,1.000000000,1.000000000,0.595092025,0.706743223
AOI-0014,2020-08-25,0,0,0,True,0,1.000000000,1.000000000,1.000000000,0.907284768,0.332632628
AOI-0014,2020-08-28,0,2,2,True,2,2.000000000,1.000000000,3.000000000,0.932367150,0.264875566
AOI-0014,2020-09-02,0,0,0,True,0,1.000000000,1.000000000,1.000000000,0.787709497,0.542809787
AOI-0014,2020-09-10,0,1,1,True,0,1.000000000,1.000000000,1.000000000,0.837037037,0.474683707
AOI-0014,2020-10-17,0,0,0,True,0,1.000000000,1.000000000,1.000000000,0.986394558,0.081409508
AOI-0014,2021-05-09,0,2,2,True,2,1.000000000,1.000000000,3.000000000,0.990521327,0.060162121
AOI-0014,2021-05-16,0,1,1,True,0,1.000000000,1.000000000,1.000000000,0.981308411,0.105858397
AOI-0014,2021-06-10,0,2,2,True,2,1.000000000,1.000000000,4.000000000,0.835748792,0.468447318
AOI-0014,2021-07-01,0,0,0,True,0,1.000000000,1.000000000,1.000000000,0.730994152,0.610441164
AOI-0014,2021-07-09,0,0,0,True,0,1.000000000,1.000000000,1.000000000,0.987096774,0.077896072
AOI-0014,2021-08-08,0,0,0,True,0,1.000000000,1.000000000,1.000000000,0.982608696,0.099759750
AOI-0014,2021-08-19,0,1,1,True,0,1.000000000,1.000000000,1.000000000,0.971830986,0.147843978
AOI-0014,2021-08-30,0,0,0,True,0,1.000000000,1.000000000,1.000000000,0.985185185,0.087375267
AOI-0014,2021-09-07,0,0,0,True,2,2.000000000,1.000000000,3.000000000,0.796407186,0.532357983
AOI-0014,2021-10-27,0,0,0,True,0,1.000000000,1.000000000,1.000000000,0.986013986,0.083298165
AOI-0014,2022-04-08,0,1,1,False,-1,0.000000000,0.000000000,inf,0.531914894,0.777661074
AOI-0014,2022-04-10,0,0,0,True,0,1.000000000,1.000000000,1.000000000,0.605442177,0.705109055
AOI-0014,2022-05-25,0,0,2,True,0,1.000000000,1.000000000,1.000000000,0.661835749,0.726826286
AOI-0014,2022-07-29,0,0,0,True,0,1.000000000,1.000000000,1.000000000,0.653631285,0.673767615
AOI-0014,2022-08-07,0,1,1,True,2,1.000000000,1.000000000,4.000000000,0.763779528,0.581206425
AOI-0014,2022-08-15,0,0,0,False,-1,0.000000000,0.000000000,inf,0.886178862,0.383718820
AOI-0014,2022-09-01,0,1,1,True,0,1.000000000,1.000000000,1.000000000,0.732283465,0.616498091
AOI-0014,2022-09-15,0,1,1,True,4,1.000000000,1.000000000,13.000000000,0.960784314,0.192625738
AOI-0014,2022-09-17,0,0,0,True,4,2.000000000,1.000000000,13.000000000,0.979797980,0.112827275
AOI-0014,2022-10-12,0,0,0,True,0,1.000000000,1.000000000,1.000000000,0.985611511,0.085284100
AOI-0014,2022-10-18,0,1,1,True,0,1.000000000,1.000000000,1.000000000,0.980582524,0.109222462
AOI-0014,2023-04-10,0,0,0,True,2,1.000000000,1.000000000,4.000000000,0.879518072,0.407050723
AOI-0014,2023-04-27,0,1,1,True,0,1.000000000,1.000000000,1.000000000,0.509933775,0.728031117
AOI-0014,2023-05-25,0,2,2,True,0,1.000000000,1.000000000,1.000000000,0.777777778,0.552980074
AOI-0014,2023-06-29,0,0,0,True,2,2.000000000,1.000000000,3.000000000,0.939393939,0.255938614
AOI-0014,2023-07-28,0,2,2,True,0,1.000000000,1.000000000,1.000000000,0.990697674,0.059218348
AOI-0014,2023-08-08,0,0,0,True,0,1.000000000,1.000000000,1.000000000,0.854748603,0.438062356
AOI-0014,2023-08-29,0,2,2,True,0,1.000000000,1.000000000,1.000000000,0.990867580,0.058305859
AOI-0014,2023-09-07,0,0,0,True,0,1.000000000,1.000000000,1.000000000,0.986394558,0.081409508
AOI-0014,2023-09-17,0,0,0,True,0,1.000000000,1.000000000,1.000000000,0.986754967,0.079610965
AOI-0014,2023-10-14,0,0,0,True,2,1.000000000,1.000000000,4.000000000,0.983739837,0.094374144
AOI-0014,2023-10-17,0,0,0,True,4,2.000000000,1.000000000,13.000000000,0.979797980,0.112827275
AOI-0014,2023-10-21,0,1,1,True,0,1.000000000,1.000000000,1.000000000,0.943925234,0.241292743
AOI-0014,2024-07-02,0,1,1,True,2,1.000000000,1.000000000,3.000000000,0.781512605,0.560605439
AOI-0014,2024-07-19,0,1,1,True,0,1.000000000,1.000000000,1.000000000,0.981308411,0.105858397
AOI-0014,2024-07-26,0,1,1,True,4,1.000000000,1.000000000,14.000000000,0.758241758,0.597801045
AOI-0014,2024-08-09,0,0,0,True,2,2.000000000,1.000000000,3.000000000,0.983739837,0.094374144
AOI-0014,2024-08-12,0,0,0,True,0,1.000000000,1.000000000,1.000000000,0.674876847,0.846379687
AOI-0014,2024-08-14,0,0,0,True,0,1.000000000,1.000000000,1.000000000,0.878260870,0.401701573
AOI-0014,2024-08-22,0,0,0,True,0,1.000000000,1.000000000,1.000000000,0.907284768,0.332632628
AOI-0014,2024-09-06,0,0,0,True,2,1.000000000,1.000000000,3.000000000,0.728643216,0.609627116
AOI-0014,2024-09-28,0,0,0,True,0,1.000000000,1.000000000,1.000000000,0.675392670,0.657094863
AOI-0014,2024-10-23,0,1,0,True,4,1.000000000,1.000000000,13.000000000,0.638554217,0.707068915
AOI-0014,2025-05-24,0,0,0,True,1,2.000000000,1.000000000,2.000000000,0.988571429,0.070389141
AOI-0014,2025-06-07,0,0,0,True,0,1.000000000,1.000000000,1.000000000,0.983739837,0.094374144
AOI-0014,2025-06-10,0,0,0,True,0,2.000000000,1.000000000,1.000000000,0.533039648,0.715890578
AOI-0014,2025-07-07,0,0,0,True,0,1.000000000,1.000000000,1.000000000,0.984251969,0.091909786
AOI-0014,2025-07-13,0,0,0,True,1,1.000000000,1.000000000,2.000000000,0.986013986,0.083298165
AOI-0014,2025-07-21,0,1,1,True,2,1.000000000,1.000000000,3.000000000,0.757009346,0.594115964
AOI-0014,2025-08-02,0,0,0,True,0,2.000000000,1.000000000,1.000000000,0.986013986,0.083298165
AOI-0014,2025-08-06,0,0,0,True,0,1.000000000,1.000000000,1.000000000,0.649289100,0.672991185
AOI-0014,2025-09-16,0,0,0,True,0,2.000000000,1.000000000,1.000000000,0.748633880,0.590157197
AOI-0014,2025-10-02,0,1,1,True,0,2.000000000,1.000000000,1.000000000,0.837037037,0.474683707
AOI-0014,2025-10-16,0,0,0,True,0,1.000000000,1.000000000,1.000000000,0.554502370,0.779771987
AOI-0015,2025-04-01,0,0,0,True,0,2.000000000,1.000000000,1.000000000,0.982608696,0.099759750
AOI-0015,2025-04-19,0,0,0,True,0,1.000000000,1.000000000,1.000000000,0.777777778,0.552980074
AOI-0015,2025-05-01,0,0,0,True,0,1.000000000,1.000000000,1.000000000,0.903083700,0.336174613
AOI-0015,2025-05-24,0,0,0,True,0,1.000000000,1.000000000,1.000000000,0.988571429,0.070389141
AOI-0015,2025-06-27,0,0,0,True,0,2.000000000,1.000000000,1.000000000,0.608938547,0.698501627
AOI-0015,2025-07-06,0,1,1,True,0,2.000000000,1.000000000,1.000000000,0.818181818,0.513150069
AOI-0015,2025-07-25,0,0,0,True,0,2.000000000,1.000000000,1.000000000,0.986013986,0.083298165
AOI-0015,2025-07-30,0,0,0,True,0,2.000000000,1.000000000,1.000000000,0.992619926,0.048696824
AOI-0015,2025-09-01,0,0,0,True,0,1.000000000,1.000000000,1.000000000,0.698630137,0.635682805
AOI-0015,2025-09-14,0,2,2,True,0,1.000000000,1.000000000,1.000000000,0.744075829,0.592350727
AOI-0015,2025-10-17,0,1,1,True,0,1.000000000,1.000000000,1.000000000,0.975903614,0.130281794
AOI-0016,2025-05-06,0,0,0,True,0,2.000000000,1.000000000,1.000000000,0.985185185,0.087375267
AOI-0016,2025-05-19,0,1,0,True,0,1.000000000,1.000000000,1.000000000,0.569620253,0.740529352
AOI-0016,2025-06-03,0,0,0,True,0,2.000000000,1.000000000,1.000000000,0.985185185,0.087375267
AOI-0016,2025-07-13,0,0,0,True,0,1.000000000,1.000000000,1.000000000,0.986013986,0.083298165
AOI-0016,2025-07-15,0,0,0,True,0,1.000000000,1.000000000,1.000000000,0.952755906,0.211605625
AOI-0016,2025-07-21,0,1,1,True,0,1.000000000,1.000000000,1.000000000,0.757009346,0.594115964
AOI-0016,2025-08-12,0,0,0,True,0,1.000000000,1.000000000,1.000000000,0.986013986,0.083298165
AOI-0016,2025-08-17,0,0,0,True,0,2.000000000,1.000000000,1.000000000,0.814207650,0.504717032
AOI-0016,2025-09-01,0,0,0,True,1,2.000000000,1.000000000,2.000000000,0.698630137,0.635682805
AOI-0016,2025-09-07,0,1,1,True,0,1.000000000,1.000000000,1.000000000,0.978947368,0.116700546
AOI-0016,2025-09-26,0,0,0,True,0,2.000000000,1.000000000,1.000000000,0.810055866,0.511345905
AOI-0017,2010-04-07,0,1,2,True,2,1.000000000,1.000000000,4.000000000,0.668246445,0.660253900
AOI-0017,2010-04-23,0,1,2,True,2,2.000000000,1.000000000,3.000000000,0.603864734,0.697503341
AOI-0017,2010-04-24,0,1,1,True,2,1.000000000,1.000000000,4.000000000,0.979797980,0.112827275
AOI-0017,2010-06-26,0,2,2,True,3,1.000000000,1.000000000,7.000000000,0.989743590,0.064285679
AOI-0017,2011-05-25,0,2,2,True,2,2.000000000,1.000000000,3.000000000,0.990867580,0.058305859
AOI-0017,2011-06-06,0,1,1,True,2,2.000000000,1.000000000,3.000000000,0.983739837,0.094374144
AOI-0017,2011-06-10,0,2,2,True,2,1.000000000,1.000000000,3.000000000,0.990867580,0.058305859
AOI-0017,2011-07-28,0,2,2,True,2,2.000000000,1.000000000,3.000000000,0.990338164,0.061138862
AOI-0017,2011-08-08,0,1,1,True,2,2.000000000,1.000000000,3.000000000,0.977011494,0.125386776
AOI-0017,2012-05-08,0,2,2,True,2,1.000000000,1.000000000,3.000000000,0.952606635,0.206174211
AOI-0017,2012-09-13,0,2,2,True,2,2.000000000,1.000000000,3.000000000,0.725118483,0.611995933
AOI-0017,2012-09-27,0,1,1,True,2,1.000000000,1.000000000,4.000000000,0.963636364,0.181415523
AOI-0017,2012-10-06,0,1,1,True,2,2.000000000,1.000000000,3.000000000,0.975903614,0.130281794
AOI-0017,2013-04-24,0,1,1,True,2,1.000000000,1.000000000,3.000000000,0.971830986,0.147843978
AOI-0017,2013-05-02,0,1,1,True,2,1.000000000,1.000000000,3.000000000,0.981308411,0.105858397
AOI-0017,2013-07-21,0,1,1,True,2,1.000000000,1.000000000,4.000000000,0.977011494,0.125386776
AOI-0017,2013-08-22,0,1,1,False,-1,0.000000000,0.000000000,inf,0.977011494,0.125386776
AOI-0017,2014-04-07,0,2,2,True,2,2.000000000,1.000000000,3.000000000,0.990521327,0.060162121
AOI-0017,2014-04-27,0,1,1,True,2,2.000000000,1.000000000,3.000000000,0.982608696,0.099759750
AOI-0017,2014-05-21,0,1,1,True,2,2.000000000,1.000000000,3.000000000,0.981981982,0.102711110
AOI-0017,2014-06-29,0,1,1,True,2,1.000000000,1.000000000,4.000000000,0.978021978,0.120874486
AOI-0017,2014-07-08,0,1,1,False,-1,0.000000000,0.000000000,inf,0.942857143,0.258640932
AOI-0017,2014-08-29,0,2,2,True,2,1.000000000,1.000000000,4.000000000,0.990697674,0.059218348
AOI-0017,2015-06-24,0,1,1,True,2,2.000000000,1.000000000,3.000000000,0.960784314,0.192625738
AOI-0017,2015-06-26,0,2,2,True,2,1.000000000,1.000000000,4.000000000,0.899543379,0.344660288
AOI-0017,2015-07-19,0,1,1,True,2,1.000000000,1.000000000,4.000000000,0.978947368,0.116700546
AOI-0017,2015-08-11,0,1,1,True,2,2.000000000,1.000000000,3.000000000,0.978021978,0.120874486
AOI-0017,2015-09-04,0,1,1,True,2,2.000000000,1.000000000,3.000000000,0.977011494,0.125386776
AOI-0017,2016-05-10,0,1,1,True,2,1.000000000,1.000000000,3.000000000,0.977011494,0.125386776
AOI-0017,2016-07-12,0,1,1,True,2,2.000000000,1.000000000,3.000000000,0.979797980,0.112827275
AOI-0017,2016-08-12,0,2,2,True,2,1.000000000,1.000000000,3.000000000,0.739130435,0.598020854
AOI-0017,2016-08-13,0,1,1,True,2,1.000000000,1.000000000,4.000000000,0.978021978,0.120874486
AOI-0017,2016-10-25,0,1,1,True,2,1.000000000,1.000000000,3.000000000,0.979797980,0.112827275
AOI-0017,2017-04-27,0,1,1,True,2,2.000000000,1.000000000,3.000000000,0.983193277,0.096986095
AOI-0017,2017-05-09,0,2,2,True,2,2.000000000,1.000000000,3.000000000,0.990867580,0.058305859
AOI-0017,2017-05-25,0,2,2,True,2,2.000000000,1.000000000,3.000000000,0.990867580,0.058305859
AOI-0017,2017-05-29,0,1,1,True,4,1.000000000,1.000000000,16.000000000,0.980582524,0.109222462
AOI-0017,2017-06-10,0,2,2,True,2,2.000000000,1.000000000,3.000000000,0.990697674,0.059218348
AOI-0017,2017-06-22,0,1,1,True,2,1.000000000,1.000000000,3.000000000,0.963636364,0.181415523
AOI-0017,2017-08-04,0,0,0,True,2,1.000000000,1.000000000,4.000000000,0.981308411,0.105858397
AOI-0017,2017-08-17,0,1,1,True,3,1.000000000,1.000000000,7.000000000,0.858267717,0.438505622
AOI-0017,2017-08-25,0,1,1,True,2,2.000000000,1.000000000,3.000000000,0.974683544,0.135612188
AOI-0017,2017-10-12,0,1,1,True,2,2.000000000,1.000000000,3.000000000,0.978021978,0.120874486
AOI-0017,2018-04-30,0,1,1,True,2,2.000000000,1.000000000,3.000000000,0.984251969,0.091909786
AOI-0017,2018-05-01,0,0,0,True,2,2.000000000,1.000000000,3.000000000,0.698630137,0.635682805
AOI-0017,2018-08-04,0,1,1,True,2,2.000000000,1.000000000,3.000000000,0.970149254,0.154913925
AOI-0017,2018-09-04,0,1,1,True,2,2.000000000,1.000000000,3.000000000,0.980582524,0.109222462
AOI-0017,2018-09-20,0,1,1,True,2,2.000000000,1.000000000,3.000000000,0.979797980,0.112827275
AOI-0017,2018-10-13,0,0,0,True,2,2.000000000,1.000000000,3.000000000,0.986754967,0.079610965
AOI-0017,2018-10-14,0,1,1,True,2,1.000000000,1.000000000,4.000000000,0.978947368,0.116700546
AOI-0017,2018-10-15,0,1,1,True,2,2.000000000,1.000000000,3.000000000,0.981308411,0.105858397
AOI-0017,2019-04-06,0,0,0,True,2,2.000000000,1.000000000,3.000000000,0.986013986,0.083298165
AOI-0017,2019-04-21,0,0,0,True,2,1.000000000,1.000000000,4.000000000,0.986754967,0.079610965
AOI-0017,2019-05-27,0,1,1,True,2,1.000000000,1.000000000,4.000000000,0.978021978,0.120874486
AOI-0017,2019-06-07,0,0,0,True,2,2.000000000,1.000000000,3.000000000,0.971830986,0.147843978
AOI-0017,2019-06-25,0,0,0,True,2,1.000000000,1.000000000,3.000000000,0.985185185,0.087375267
AOI-0017,2019-07-02,0,0,0,True,2,2.000000000,1.000000000,3.000000000,0.984251969,0.091909786
AOI-0017,2019-07-06,0,1,1,True,2,1.000000000,1.000000000,4.000000000,0.982608696,0.099759750
AOI-0017,2019-08-23,0,1,1,True,2,2.000000000,1.000000000,3.000000000,0.795275591,0.540257419
AOI-0017,2019-10-16,0,2,2,True,2,1.000000000,1.000000000,4.000000000,0.771689498,0.683581962
AOI-0017,2019-10-23,0,0,0,True,2,2.000000000,1.000000000,3.000000000,0.985185185,0.087375267
AOI-0017,2019-10-28,0,0,0,True,2,1.000000000,1.000000000,4.000000000,0.806451613,0.519613528
AOI-0017,2020-04-12,0,0,0,True,2,2.000000000,1.000000000,3.000000000,0.985185185,0.087375267
AOI-0017,2020-05-30,0,0,0,True,2,2.000000000,1.000000000,3.000000000,0.704918033,0.633850789
AOI-0017,2020-06-11,0,0,0,True,2,1.000000000,1.000000000,3.000000000,0.980582524,0.109222462
AOI-0017,2020-07-07,0,1,1,True,2,1.000000000,1.000000000,4.000000000,0.801801802,0.534542741
AOI-0017,2020-07-31,0,0,0,True,2,1.000000000,1.000000000,4.000000000,0.595092025,0.706743223
AOI-0017,2020-08-08,0,0,0,True,2,2.000000000,1.000000000,3.000000000,0.986754967,0.079610965
AOI-0017,2020-08-12,0,2,2,True,2,1.000000000,1.000000000,3.000000000,0.838862559,0.462932768
AOI-0017,2020-08-15,0,0,0,True,2,1.000000000,1.000000000,3.000000000,0.836477987,0.472122255
AOI-0017,2020-08-30,0,0,0,True,2,2.000000000,1.000000000,3.000000000,0.986013986,0.083298165
AOI-0017,2020-10-09,0,0,0,True,2,2.000000000,1.000000000,3.000000000,0.985611511,0.085284100
AOI-0017,2020-10-20,0,1,1,True,2,1.000000000,1.000000000,3.000000000,0.825242718,0.500845652
AOI-0017,2021-05-05,0,0,0,True,2,2.000000000,1.000000000,3.000000000,0.986394558,0.081409508
AOI-0017,2021-06-10,0,2,2,True,3,1.000000000,1.000000000,7.000000000,0.835748792,0.468447318
AOI-0017,2021-06-14,0,0,0,True,2,2.000000000,1.000000000,3.000000000,0.985185185,0.087375267
AOI-0017,2021-07-12,0,2,2,True,2,1.000000000,1.000000000,3.000000000,0.600000000,0.871876280
AOI-0017,2021-07-16,0,0,0,True,2,1.000000000,1.000000000,3.000000000,0.984732824,0.089580528
AOI-0017,2021-08-03,0,0,0,True,2,2.000000000,1.000000000,3.000000000,0.962264151,0.177682872
AOI-0017,2021-08-19,0,1,1,True,2,1.000000000,1.000000000,4.000000000,0.971830986,0.147843978
AOI-0017,2021-09-09,0,0,0,True,2,2.000000000,1.000000000,3.000000000,0.984732824,0.089580528
AOI-0017,2021-09-17,0,0,0,True,2,1.000000000,1.000000000,3.000000000,0.983739837,0.094374144
AOI-0017,2021-09-20,0,1,1,True,2,1.000000000,1.000000000,3.000000000,0.970149254,0.154913925
AOI-0017,2022-04-02,0,0,0,True,2,1.000000000,1.000000000,3.000000000,0.974683544,0.135612188
AOI-0017,2022-05-20,0,0,0,True,2,1.000000000,1.000000000,4.000000000,0.909909910,0.332032964
AOI-0017,2022-06-09,0,0,0,True,2,1.000000000,1.000000000,3.000000000,0.984732824,0.089580528
AOI-0017,2022-06-26,0,2,2,True,2,1.000000000,1.000000000,3.000000000,0.879069767,0.427975951
AOI-0017,2022-07-09,0,0,0,True,2,2.000000000,1.000000000,3.000000000,0.986754967,0.079610965
AOI-0017,2022-08-05,0,0,0,True,2,2.000000000,1.000000000,3.000000000,0.495327103,0.739642453
AOI-0017,2022-08-25,0,0,0,True,2,1.000000000,1.000000000,3.000000000,0.704918033,0.633850789
AOI-0017,2022-08-28,0,0,0,True,2,2.000000000,1.000000000,3.000000000,0.987096774,0.077896072
AOI-0017,2022-10-12,0,0,0,True,2,1.000000000,1.000000000,4.000000000,0.985611511,0.085284100
AOI-0017,2023-04-07,0,2,2,True,2,2.000000000,1.000000000,3.000000000,0.800947867,0.521482126
AOI-0017,2023-05-15,0,0,0,True,2,2.000000000,1.000000000,3.000000000,0.748837209,0.586770241
AOI-0017,2023-05-25,0,2,2,True,2,1.000000000,1.000000000,4.000000000,0.777777778,0.552980074
AOI-0017,2023-07-16,0,0,0,True,2,2.000000000,1.000000000,3.000000000,0.587786260,0.715666874
AOI-0017,2023-07-25,0,1,1,True,2,2.000000000,1.000000000,3.000000000,0.982608696,0.099759750
AOI-0017,2023-08-15,0,0,0,True,2,2.000000000,1.000000000,3.000000000,0.986013986,0.083298165
AOI-0017,2023-08-26,0,1,1,True,2,1.000000000,1.000000000,3.000000000,0.848739496,0.457343669
AOI-0017,2023-09-11,0,1,1,True,2,1.000000000,1.000000000,3.000000000,0.837837838,0.478031285
AOI-0017,2023-09-26,0,1,1,True,2,2.000000000,1.000000000,3.000000000,0.821138211,0.502736035
AOI-0017,2023-10-05,0,1,1,True,3,1.000000000,1.000000000,7.000000000,0.966101695,0.171538761
AOI-0017,2023-10-14,0,0,0,True,3,1.000000000,1.000000000,7.000000000,0.983739837,0.094374144
AOI-0017,2024-04-13,0,1,1,True,2,2.000000000,1.000000000,3.000000000,0.739130435,0.612089208
AOI-0017,2024-05-06,0,0,0,True,2,2.000000000,1.000000000,3.000000000,0.754010695,0.583648956
AOI-0017,2024-05-07,0,1,1,True,2,2.000000000,1.000000000,3.000000000,0.837837838,0.478031285
AOI-0017,2024-06-01,0,1,1,True,2,1.000000000,1.000000000,3.000000000,0.690140845,0.676283176
AOI-0017,2024-07-05,0,0,0,True,2,2.000000000,1.000000000,3.000000000,0.981981982,0.102711110
AOI-0017,2024-07-11,0,2,2,True,2,1.000000000,1.000000000,3.000000000,0.800947867,0.633424933
AOI-0017,2024-07-26,0,1,1,True,4,1.000000000,1.000000000,11.000000000,0.758241758,0.597801045
AOI-0017,2024-08-14,0,0,0,True,2,1.000000000,1.000000000,4.000000000,0.878260870,0.401701573
AOI-0017,2024-08-17,0,0,0,True,2,2.000000000,1.000000000,3.000000000,0.987421384,0.076258973
AOI-0017,2024-08-20,0,1,1,True,2,1.000000000,1.000000000,3.000000000,0.821138211,0.502736035
AOI-0017,2025-04-07,0,2,2,True,0,2.000000000,1.000000000,1.000000000,0.952606635,0.206174211
AOI-0017,2025-04-17,0,1,1,True,0,2.000000000,1.000000000,1.000000000,0.827814570,0.487404918
AOI-0017,2025-06-10,0,0,0,True,0,2.000000000,1.000000000,1.000000000,0.533039648,0.715890578
AOI-0017,2025-06-26,0,2,2,True,0,1.000000000,1.000000000,1.000000000,0.991341991,0.055740919
AOI-0017,2025-08-12,0,0,0,True,0,1.000000000,1.000000000,1.000000000,0.986013986,0.083298165
AOI-0017,2025-08-19,0,0,0,True,1,1.000000000,1.000000000,2.000000000,0.991769547,0.053406871
AOI-0017,2025-09-13,0,0,0,True,0,1.000000000,1.000000000,1.000000000,0.985611511,0.085284100
AOI-0017,2025-09-14,0,2,2,True,0,2.000000000,1.000000000,1.000000000,0.744075829,0.592350727
AOI-0017,2025-09-15,0,0,0,True,0,2.000000000,1.000000000,1.000000000,0.687203791,0.645879152
AOI-0017,2025-09-30,0,2,2,True,0,2.000000000,1.000000000,1.000000000,0.863874346,0.420059298
AOI-0017,2025-10-17,0,1,1,True,2,2.000000000,1.000000000,3.000000000,0.975903614,0.130281794
AOI-0018,2025-04-28,0,0,0,True,1,1.000000000,1.000000000,2.000000000,0.982608696,0.099759750
AOI-0018,2025-05-24,0,0,0,True,0,1.000000000,1.000000000,1.000000000,0.988571429,0.070389141
AOI-0018,2025-06-05,0,0,0,True,0,1.000000000,1.000000000,1.000000000,0.985611511,0.085284100
AOI-0018,2025-06-07,0,0,0,True,1,1.000000000,1.000000000,2.000000000,0.983739837,0.094374144
AOI-0018,2025-07-03,0,0,0,True,0,1.000000000,1.000000000,1.000000000,0.966101695,0.171538761
AOI-0018,2025-07-15,0,0,0,True,0,1.000000000,1.000000000,1.000000000,0.952755906,0.211605625
AOI-0018,2025-08-02,0,0,0,True,1,1.000000000,1.000000000,2.000000000,0.986013986,0.083298165
AOI-0018,2025-08-17,0,0,0,True,0,1.000000000,1.000000000,1.000000000,0.814207650,0.504717032
AOI-0018,2025-08-22,0,0,0,True,0,1.000000000,1.000000000,1.000000000,0.988304094,0.071763657
AOI-0018,2025-09-07,0,1,1,True,0,1.000000000,1.000000000,1.000000000,0.978947368,0.116700546
AOI-0018,2025-09-13,0,0,0,True,1,1.000000000,1.000000000,2.000000000,0.985611511,0.085284100
AOI-0019,2025-05-27,0,1,1,True,3,1.000000000,1.000000000,5.000000000,0.977011494,0.125386776
AOI-0019,2025-06-11,0,1,1,True,1,1.000000000,1.000000000,2.000000000,0.853658537,0.447709041
AOI-0019,2025-07-05,0,0,0,True,1,1.000000000,1.000000000,2.000000000,0.684210526,0.652775710
AOI-0019,2025-07-21,0,1,1,True,2,1.000000000,1.000000000,4.000000000,0.757009346,0.594115964
AOI-0019,2025-07-30,0,0,0,True,1,1.000000000,1.000000000,2.000000000,0.992619926,0.048696824
AOI-0019,2025-08-12,0,0,0,True,0,1.000000000,1.000000000,1.000000000,0.986013986,0.083298165
AOI-0019,2025-09-07,0,1,1,True,0,1.000000000,1.000000000,1.000000000,0.978947368,0.116700546
AOI-0019,2025-09-13,0,0,0,True,0,1.000000000,1.000000000,1.000000000,0.985611511,0.085284100
AOI-0019,2025-09-21,0,0,0,True,0,1.000000000,1.000000000,1.000000000,0.988304094,0.071763657
AOI-0019,2025-10-03,0,0,0,True,0,1.000000000,1.000000000,1.000000000,0.894736842,0.370715018
AOI-0019,2025-10-16,0,0,0,True,1,1.000000000,1.000000000,2.000000000,0.554502370,0.779771987
AOI-0020,2025-04-19,0,0,0,True,0,2.000000000,1.000000000,1.000000000,0.777777778,0.552980074
AOI-0020,2025-07-05,0,0,0,True,0,1.000000000,1.000000000,1.000000000,0.684210526,0.652775710
AOI-0020,2025-07-06,0,1,1,True,0,1.000000000,1.000000000,1.000000000,0.818181818,0.513150069
AOI-0020,2025-07-07,0,0,0,True,0,2.000000000,1.000000000,1.000000000,0.984251969,0.091909786
AOI-0020,2025-07-23,0,0,0,True,0,2.000000000,1.000000000,1.000000000,0.775401070,0.557938310
AOI-0020,2025-07-28,0,0,0,True,0,2.000000000,1.000000000,1.000000000,0.691629956,0.640879796
AOI-0020,2025-08-02,0,0,0,True,0,2.000000000,1.000000000,1.000000000,0.986013986,0.083298165
AOI-0020,2025-09-03,0,0,0,True,0,1.000000000,1.000000000,1.000000000,0.971830986,0.147843978
AOI-0020,2025-09-23,0,0,0,True,2,1.000000000,1.000000000,4.000000000,0.656387665,0.666971969
AOI-0020,2025-09-26,0,0,0,True,0,2.000000000,1.000000000,1.000000000,0.810055866,0.511345905
AOI-0020,2025-10-16,0,0,0,True,0,1.000000000,1.000000000,1.000000000,0.554502370,0.779771987
AOI-0021,2025-04-14,0,0,0,True,0,2.000000000,1.000000000,1.000000000,0.987421384,0.076258973
AOI-0021,2025-04-18,0,0,0,True,0,1.000000000,1.000000000,1.000000000,0.986013986,0.083298165
AOI-0021,2025-05-24,0,0,0,True,0,2.000000000,1.000000000,1.000000000,0.988571429,0.070389141
AOI-0021,2025-06-27,0,0,0,True,0,2.000000000,1.000000000,1.000000000,0.608938547,0.698501627
AOI-0021,2025-07-03,0,0,0,True,0,2.000000000,1.000000000,1.000000000,0.966101695,0.171538761
AOI-0021,2025-07-12,0,2,2,True,0,1.000000000,1.000000000,1.000000000,0.668161435,0.863543055
AOI-0021,2025-07-21,0,1,1,True,1,1.000000000,1.000000000,2.000000000,0.757009346,0.594115964
AOI-0021,2025-08-29,0,0,0,True,0,1.000000000,1.000000000,1.000000000,0.990867580,0.058305859
AOI-0021,2025-09-14,0,2,2,True,0,2.000000000,1.000000000,1.000000000,0.744075829,0.592350727
AOI-0021,2025-09-23,0,0,0,True,2,1.000000000,1.000000000,3.000000000,0.656387665,0.666971969
AOI-0021,2025-10-08,0,0,0,True,0,1.000000000,1.000000000,1.000000000,0.987730061,0.074694356
AOI-0022,2025-04-07,0,2,2,True,0,2.000000000,1.000000000,1.000000000,0.952606635,0.206174211
AOI-0022,2025-05-16,0,0,0,True,0,2.000000000,1.000000000,1.000000000,0.986394558,0.081409508
AOI-0022,2025-06-05,0,0,0,True,0,2.000000000,1.000000000,1.000000000,0.985611511,0.085284100
AOI-0022,2025-06-26,0,2,2,True,0,2.000000000,1.000000000,1.000000000,0.991341991,0.055740919
AOI-0022,2025-07-14,0,1,1,True,0,1.000000000,1.000000000,1.000000000,0.790209790,0.544338318
AOI-0022,2025-07-18,0,0,0,True,0,1.000000000,1.000000000,1.000000000,0.987421384,0.076258973
AOI-0022,2025-07-25,0,0,0,True,0,2.000000000,1.000000000,1.000000000,0.986013986,0.083298165
AOI-0022,2025-07-28,0,0,0,True,0,2.000000000,1.000000000,1.000000000,0.691629956,0.640879796
AOI-0022,2025-08-19,0,0,0,True,0,2.000000000,1.000000000,1.000000000,0.991769547,0.053406871
AOI-0022,2025-08-29,0,0,0,True,0,1.000000000,1.000000000,1.000000000,0.990867580,0.058305859
AOI-0022,2025-09-16,0,0,0,True,1,4.000000000,0.750000000,1.000000000,0.748633880,0.590157197
AOI-0023,2025-05-09,0,2,2,True,0,2.000000000,1.000000000,1.000000000,0.874476987,0.396131176
AOI-0023,2025-05-27,0,1,1,True,0,1.000000000,1.000000000,1.000000000,0.977011494,0.125386776
AOI-0023,2025-06-07,0,0,0,True,0,2.000000000,1.000000000,1.000000000,0.983739837,0.094374144
AOI-0023,2025-07-10,0,0,0,True,0,2.000000000,1.000000000,1.000000000,0.990147783,0.062150380
AOI-0023,2025-07-13,0,0,0,True,0,1.000000000,1.000000000,1.000000000,0.986013986,0.083298165
AOI-0023,2025-07-17,0,0,0,True,0,1.000000000,1.000000000,1.000000000,0.981981982,0.102711110
AOI-0023,2025-08-12,0,0,0,True,0,2.000000000,1.000000000,1.000000000,0.986013986,0.083298165
AOI-0023,2025-08-27,0,0,0,True,1,1.000000000,1.000000000,2.000000000,0.987730061,0.074694356
AOI-0023,2025-09-07,0,1,1,True,0,2.000000000,1.000000000,1.000000000,0.978947368,0.116700546
AOI-0023,2025-10-03,0,0,0,True,0,1.000000000,1.000000000,1.000000000,0.894736842,0.370715018
AOI-0023,2025-10-18,0,0,0,True,0,1.000000000,1.000000000,1.000000000,0.981308411,0.105858397
AOI-0024,2025-04-01,0,0,0,True,0,1.000000000,1.000000000,1.000000000,0.982608696,0.099759750
AOI-0024,2025-04-29,0,0,0,True,0,1.000000000,1.000000000,1.000000000,0.983739837,0.094374144
AOI-0024,2025-05-06,0,0,0,True,0,1.000000000,1.000000000,1.000000000,0.985185185,0.087375267
AOI-0024,2025-05-14,0,0,0,True,0,1.000000000,1.000000000,1.000000000,0.980582524,0.109222462
AOI-0024,2025-05-16,0,0,0,True,0,1.000000000,1.000000000,1.000000000,0.986394558,0.081409508
AOI-0024,2025-06-30,0,0,0,True,0,1.000000000,1.000000000,1.000000000,0.985611511,0.085284100
AOI-0024,2025-07-13,0,0,0,True,1,1.000000000,1.000000000,2.000000000,0.986013986,0.083298165
AOI-0024,2025-08-07,0,0,0,True,0,1.000000000,1.000000000,1.000000000,0.897142857,0.353384727
AOI-0024,2025-08-16,0,0,0,True,0,1.000000000,1.000000000,1.000000000,0.986394558,0.081409508
AOI-0024,2025-08-23,0,1,1,True,0,1.000000000,1.000000000,1.000000000,0.729032258,0.614707193
AOI-0024,2025-09-05,0,0,0,True,0,1.000000000,1.000000000,1.000000000,0.973333333,0.141440924
AOI-0025,2025-06-11,0,1,1,True,0,1.000000000,1.000000000,1.000000000,0.853658537,0.447709041
AOI-0025,2025-07-13,0,0,0,True,2,1.000000000,1.000000000,4.000000000,0.986013986,0.083298165
AOI-0025,2025-07-30,0,0,0,True,1,1.000000000,1.000000000,2.000000000,0.992619926,0.048696824
AOI-0025,2025-08-29,0,0,0,True,0,1.000000000,1.000000000,1.000000000,0.990867580,0.058305859
AOI-0025,2025-09-01,0,0,0,True,1,1.000000000,1.000000000,2.000000000,0.698630137,0.635682805
AOI-0025,2025-09-08,0,0,0,True,1,1.000000000,1.000000000,2.000000000,0.929648241,0.272650708
AOI-0026,2025-04-21,0,0,0,True,1,1.000000000,1.000000000,2.000000000,0.973333333,0.141440924
AOI-0026,2025-04-23,0,2,2,True,0,1.000000000,1.000000000,1.000000000,0.645021645,0.894834272
AOI-0026,2025-05-25,0,2,2,True,0,2.000000000,1.000000000,1.000000000,0.844748858,0.452311103
AOI-0026,2025-08-22,0,0,0,True,0,2.000000000,1.000000000,1.000000000,0.988304094,0.071763657
AOI-0026,2025-08-27,0,0,0,True,0,1.000000000,1.000000000,1.000000000,0.987730061,0.074694356
AOI-0026,2025-09-01,0,0,0,True,0,1.000000000,1.000000000,1.000000000,0.698630137,0.635682805
AOI-0026,2025-09-15,0,1,0,True,0,1.000000000,1.000000000,1.000000000,0.687203791,0.645879152
AOI-0026,2025-10-18,0,0,0,True,1,1.000000000,1.000000000,2.000000000,0.981308411,0.105858397
AOI-0027,2025-05-04,0,0,0,True,0,2.000000000,1.000000000,1.000000000,0.668246445,0.660253900
AOI-0027,2025-08-13,0,2,2,True,0,1.000000000,1.000000000,1.000000000,0.788235294,0.535813514
AOI-0027,2025-08-27,0,0,0,True,0,1.000000000,1.000000000,1.000000000,0.987730061,0.074694356
AOI-0027,2025-09-15,0,1,0,True,1,2.000000000,1.000000000,2.000000000,0.687203791,0.645879152
AOI-0027,2025-09-26,0,0,0,True,0,2.000000000,1.000000000,1.000000000,0.810055866,0.511345905
AOI-0027,2025-10-28,0,0,0,True,0,1.000000000,1.000000000,1.000000000,0.968253968,0.162764794
AOI-0028,2010-04-23,0,1,2,True,4,2.000000000,1.000000000,14.000000000,0.603864734,0.697503341
AOI-0028,2010-09-06,0,1,1,True,4,3.000000000,1.000000000,11.000000000,0.980582524,0.109222462
AOI-0028,2011-06-13,0,1,1,True,4,2.000000000,1.000000000,11.000000000,0.974683544,0.135612188
AOI-0028,2011-07-31,0,1,1,True,4,3.000000000,1.000000000,11.000000000,0.978021978,0.120874486
AOI-0028,2011-08-29,0,2,2,True,4,2.000000000,1.000000000,11.000000000,0.990338164,0.061138862
AOI-0028,2012-04-06,0,2,2,True,4,3.000000000,1.000000000,11.000000000,0.990147783,0.062150380
AOI-0028,2012-07-11,0,2,2,True,4,3.000000000,1.000000000,11.000000000,0.990697674,0.059218348
AOI-0028,2012-09-29,0,2,2,True,4,2.000000000,1.000000000,14.000000000,0.725118483,0.611995933
AOI-0028,2013-09-14,0,2,2,True,4,1.000000000,1.000000000,15.000000000,0.989304813,0.066585474
AOI-0028,2013-10-16,0,1,2,True,4,2.000000000,1.000000000,11.000000000,0.635467980,0.682076228
AOI-0028,2014-05-20,0,1,1,True,4,3.000000000,1.000000000,11.000000000,0.979797980,0.112827275
AOI-0028,2014-06-29,0,1,1,True,4,1.000000000,1.000000000,15.000000000,0.978021978,0.120874486
AOI-0028,2014-08-16,0,1,1,True,4,3.000000000,1.000000000,11.000000000,0.979797980,0.112827275
AOI-0028,2014-09-14,0,2,2,True,4,3.000000000,1.000000000,11.000000000,0.990521327,0.060162121
AOI-0028,2015-07-28,0,2,2,True,4,3.000000000,1.000000000,11.000000000,0.719806763,0.617540427
AOI-0028,2015-08-13,0,2,2,True,4,3.000000000,1.000000000,11.000000000,0.686098655,0.645690378
AOI-0028,2015-09-14,0,2,2,True,4,3.000000000,1.000000000,11.000000000,0.991031390,0.057423085
AOI-0028,2015-10-30,0,1,1,True,4,2.000000000,1.000000000,11.000000000,0.979797980,0.112827275
AOI-0028,2016-08-13,0,1,1,True,4,1.000000000,1.000000000,15.000000000,0.978021978,0.120874486
AOI-0028,2016-10-15,0,1,2,True,5,4.000000000,0.750000000,23.000000000,0.819905213,0.493453353
AOI-0028,2016-10-24,0,1,1,True,4,1.000000000,1.000000000,14.000000000,0.973333333,0.141440924
AOI-0028,2017-04-16,0,0,0,True,5,4.000000000,1.000000000,23.000000000,0.978021978,0.120874486
AOI-0028,2017-05-12,0,1,1,True,4,3.000000000,1.000000000,11.000000000,0.979797980,0.112827275
AOI-0028,2017-06-05,0,1,0,True,4,2.000000000,1.000000000,11.000000000,0.732283465,0.616498091
AOI-0028,2017-08-04,0,0,0,True,4,1.000000000,1.000000000,15.000000000,0.981308411,0.105858397
AOI-0028,2017-09-03,0,1,1,False,-1,0.000000000,0.000000000,inf,0.670329670,0.682124509
AOI-0028,2018-05-25,0,2,2,True,4,2.000000000,1.000000000,11.000000000,0.757847534,0.575878703
AOI-0028,2018-08-27,0,1,1,True,4,1.000000000,1.000000000,11.000000000,0.978947368,0.116700546
AOI-0028,2018-09-18,0,0,0,True,4,2.000000000,1.000000000,11.000000000,0.985185185,0.087375267
AOI-0028,2018-09-20,0,1,1,True,4,2.000000000,1.000000000,14.000000000,0.979797980,0.112827275
AOI-0028,2018-10-13,0,0,0,True,4,2.000000000,1.000000000,14.000000000,0.986754967,0.079610965
AOI-0028,2019-05-06,0,0,0,True,4,1.000000000,1.000000000,11.000000000,0.984732824,0.089580528
AOI-0028,2019-05-11,0,0,0,True,4,3.000000000,1.000000000,11.000000000,0.669565217,0.674697517
AOI-0028,2019-06-05,0,0,0,True,4,2.000000000,1.000000000,11.000000000,0.726775956,0.613225887
AOI-0028,2019-06-26,0,2,2,True,4,3.000000000,1.000000000,11.000000000,0.735159817,0.601126410
AOI-0028,2019-08-29,0,0,0,True,4,2.000000000,1.000000000,14.000000000,0.698630137,0.635682805
AOI-0028,2019-09-23,0,0,0,True,4,3.000000000,1.000000000,11.000000000,0.985185185,0.087375267
AOI-0028,2019-10-13,0,0,0,True,4,3.000000000,1.000000000,11.000000000,0.987096774,0.077896072
AOI-0028,2019-10-25,0,1,0,True,5,3.000000000,1.000000000,23.000000000,0.613445378,0.707666760
AOI-0028,2020-04-26,0,1,1,True,4,2.000000000,1.000000000,14.000000000,0.975903614,0.130281794
AOI-0028,2020-06-04,0,0,0,False,-1,0.000000000,0.000000000,18.000000000,0.818181818,0.513150069
AOI-0028,2020-06-05,0,1,1,True,4,2.000000000,1.000000000,11.000000000,0.977011494,0.125386776
AOI-0028,2020-07-15,0,1,1,True,4,2.000000000,1.000000000,11.000000000,0.978021978,0.120874486
AOI-0028,2020-08-16,0,1,1,True,4,1.000000000,1.000000000,11.000000000,0.837837838,0.478031285
AOI-0028,2020-09-12,0,0,0,True,4,3.000000000,1.000000000,11.000000000,0.810055866,0.511345905
AOI-0028,2020-10-17,0,0,0,True,4,2.000000000,1.000000000,11.000000000,0.986394558,0.081409508
AOI-0028,2021-05-09,0,2,2,True,4,1.000000000,1.000000000,11.000000000,0.990521327,0.060162121
AOI-0028,2021-05-25,0,2,2,True,4,2.000000000,1.000000000,11.000000000,0.637209302,0.679891962
AOI-0028,2021-06-19,0,0,0,True,4,3.000000000,1.000000000,11.000000000,0.814207650,0.504717032
AOI-0028,2021-07-14,0,0,0,True,4,1.000000000,1.000000000,14.000000000,0.986013986,0.083298165
AOI-0028,2021-07-28,0,2,2,True,4,3.000000000,1.000000000,11.000000000,0.681159420,0.846995877
AOI-0028,2021-08-23,0,0,0,True,4,3.000000000,1.000000000,11.000000000,0.984251969,0.091909786
AOI-0028,2021-09-07,0,0,0,True,4,1.000000000,1.000000000,11.000000000,0.796407186,0.532357983
AOI-0028,2022-04-08,0,1,1,False,-1,0.000000000,0.000000000,inf,0.531914894,0.777661074
AOI-0028,2022-05-10,0,0,0,True,4,3.000000000,1.000000000,11.000000000,0.791411043,0.539759098
AOI-0028,2022-05-25,0,0,2,True,4,2.000000000,1.000000000,11.000000000,0.661835749,0.726826286
AOI-0028,2022-06-13,0,1,1,True,5,1.000000000,1.000000000,27.000000000,0.737373737,0.618600306
AOI-0028,2022-06-18,0,1,1,True,5,3.000000000,1.000000000,23.000000000,0.846153846,0.468910505
AOI-0028,2022-07-04,0,0,0,True,4,3.000000000,1.000000000,11.000000000,0.954198473,0.206598799
AOI-0028,2022-09-06,0,1,1,True,5,2.000000000,1.000000000,30.000000000,0.714285714,0.659572204
AOI-0028,2022-10-07,0,0,0,True,4,2.000000000,1.000000000,11.000000000,0.986754967,0.079610965
AOI-0028,2023-05-25,0,2,2,True,4,1.000000000,1.000000000,15.000000000,0.777777778,0.552980074
AOI-0028,2023-06-23,0,1,1,True,4,2.000000000,1.000000000,11.000000000,0.876777251,0.393385511
AOI-0028,2023-07-04,0,0,0,True,4,3.000000000,1.000000000,11.000000000,0.985185185,0.087375267
AOI-0028,2023-07-12,0,2,2,True,4,2.000000000,1.000000000,11.000000000,0.990338164,0.061138862
AOI-0028,2023-09-18,0,1,1,True,4,3.000000000,1.000000000,11.000000000,0.979797980,0.112827275
AOI-0028,2023-09-26,0,1,1,True,4,2.000000000,1.000000000,14.000000000,0.821138211,0.502736035
AOI-0028,2023-10-07,0,0,0,True,4,3.000000000,1.000000000,11.000000000,0.795918367,0.535834427
AOI-0028,2024-04-13,0,1,1,True,4,2.000000000,1.000000000,14.000000000,0.739130435,0.612089208
AOI-0028,2024-04-22,0,1,1,True,4,3.000000000,1.000000000,11.000000000,0.534246575,0.927611898
AOI-0028,2024-06-13,0,0,0,True,4,1.000000000,1.000000000,14.000000000,0.975903614,0.130281794
AOI-0028,2024-07-03,0,0,0,True,5,7.000000000,0.714285714,11.000000000,0.760000000,0.578083752
AOI-0028,2024-08-11,0,1,1,True,4,1.000000000,1.000000000,11.000000000,0.723577236,0.626221864
AOI-0028,2024-08-22,0,0,0,True,4,1.000000000,1.000000000,15.000000000,0.907284768,0.332632628
AOI-0028,2024-10-30,0,1,1,True,4,2.000000000,1.000000000,11.000000000,0.723577236,0.626221864
AOI-0028,2025-05-14,0,0,0,True,0,1.000000000,1.000000000,1.000000000,0.980582524,0.109222462
AOI-0028,2025-06-13,0,0,0,True,1,1.000000000,1.000000000,2.000000000,0.632653061,0.691403850
AOI-0028,2025-07-08,0,0,0,True,0,2.000000000,1.000000000,1.000000000,0.793721973,0.530587401
AOI-0028,2025-07-30,0,0,0,True,0,2.000000000,1.000000000,1.000000000,0.992619926,0.048696824
AOI-0028,2025-09-01,0,0,0,True,0,2.000000000,1.000000000,1.000000000,0.698630137,0.635682805
AOI-0028,2025-09-15,0,1,0,True,0,1.000000000,1.000000000,1.000000000,0.687203791,0.645879152
AOI-0028,2025-09-28,0,0,0,True,0,1.000000000,1.000000000,1.000000000,0.974683544,0.135612188
AOI-0028,2025-09-30,0,2,2,True,0,2.000000000,1.000000000,1.000000000,0.863874346,0.420059298
AOI-0029,2025-04-16,0,1,0,True,0,1.000000000,1.000000000,1.000000000,0.717791411,0.624583560
AOI-0029,2025-05-01,0,0,0,True,0,2.000000000,1.000000000,1.000000000,0.903083700,0.336174613
AOI-0029,2025-05-14,0,0,0,True,0,1.000000000,1.000000000,1.000000000,0.980582524,0.109222462
AOI-0029,2025-06-03,0,0,0,True,0,2.000000000,1.000000000,1.000000000,0.985185185,0.087375267
AOI-0029,2025-06-27,0,1,0,True,0,1.000000000,1.000000000,1.000000000,0.608938547,0.698501627
AOI-0029,2025-07-21,0,1,1,True,0,2.000000000,1.000000000,1.000000000,0.757009346,0.594115964
AOI-0029,2025-08-09,0,0,0,True,0,1.000000000,1.000000000,1.000000000,0.988023952,0.073197386
AOI-0029,2025-10-18,0,0,0,True,0,2.000000000,1.000000000,1.000000000,0.981308411,0.105858397
AOI-0030,2025-04-07,0,2,2,True,0,1.000000000,1.000000000,1.000000000,0.952606635,0.206174211
AOI-0030,2025-04-14,0,0,0,True,0,1.000000000,1.000000000,1.000000000,0.987421384,0.076258973
AOI-0030,2025-07-08,0,0,0,True,0,1.000000000,1.000000000,1.000000000,0.793721973,0.530587401
AOI-0030,2025-07-10,0,0,0,True,0,1.000000000,1.000000000,1.000000000,0.990147783,0.062150380
AOI-0030,2025-09-08,0,0,0,True,0,1.000000000,1.000000000,1.000000000,0.929648241,0.272650708
AOI-0030,2025-09-14,0,2,2,True,0,1.000000000,1.000000000,1.000000000,0.744075829,0.592350727
AOI-0030,2025-09-21,0,0,0,True,0,1.000000000,1.000000000,1.000000000,0.988304094,0.071763657
AOI-0030,2025-09-23,0,1,0,True,0,1.000000000,1.000000000,1.000000000,0.656387665,0.666971969
AOI-0031,2010-04-23,0,2,2,True,0,1.000000000,1.000000000,1.000000000,0.603864734,0.697503341
AOI-0031,2010-05-12,0,1,1,True,0,1.000000000,1.000000000,1.000000000,0.818181818,0.600166073
AOI-0031,2010-06-05,0,1,1,True,0,1.000000000,1.000000000,1.000000000,0.935483871,0.283936267
AOI-0031,2010-06-12,0,1,1,True,0,1.000000000,1.000000000,1.000000000,0.970149254,0.154913925
AOI-0031,2010-06-26,0,2,2,True,0,1.000000000,1.000000000,1.000000000,0.989743590,0.064285679
AOI-0031,2010-07-12,0,2,2,False,-1,0.000000000,0.000000000,inf,0.525581395,0.717977583
AOI-0031,2011-05-14,0,1,1,False,-1,0.000000000,0.000000000,inf,0.963636364,0.181415523
AOI-0031,2011-05-30,0,1,1,True,0,1.000000000,1.000000000,1.000000000,0.963636364,0.181415523
AOI-0031,2011-07-17,0,1,1,True,0,1.000000000,1.000000000,1.000000000,0.942857143,0.258640932
AOI-0031,2011-07-28,0,2,2,True,0,1.000000000,1.000000000,1.000000000,0.990338164,0.061138862
AOI-0031,2012-06-25,0,2,2,False,-1,0.000000000,0.000000000,inf,0.748743719,0.588344050
AOI-0031,2012-07-11,0,2,2,True,0,1.000000000,1.000000000,1.000000000,0.990697674,0.059218348
AOI-0031,2012-10-15,0,1,2,True,0,1.000000000,1.000000000,1.000000000,0.767441860,0.565148736
AOI-0031,2013-04-02,0,1,1,False,-1,0.000000000,0.000000000,inf,0.925925926,0.315396287
AOI-0031,2013-04-05,0,1,1,True,0,1.000000000,1.000000000,1.000000000,0.925925926,0.315396287
AOI-0031,2013-05-03,0,1,1,True,0,1.000000000,1.000000000,1.000000000,0.968253968,0.162764794
AOI-0031,2013-05-11,0,1,1,False,-1,0.000000000,0.000000000,inf,0.968253968,0.162764794
AOI-0031,2013-08-08,0,1,1,True,0,1.000000000,1.000000000,1.000000000,0.935483871,0.283936267
AOI-0031,2013-09-30,0,2,2,True,0,1.000000000,1.000000000,1.000000000,0.744075829,0.592350727
AOI-0031,2014-04-07,0,2,2,True,0,1.000000000,1.000000000,1.000000000,0.990521327,0.060162121
AOI-0031,2014-05-25,0,2,2,True,0,1.000000000,1.000000000,1.000000000,0.990147783,0.062150380
AOI-0031,2014-06-24,0,1,1,True,0,1.000000000,1.000000000,1.000000000,0.935483871,0.283936267
AOI-0031,2014-07-26,0,1,1,False,-1,0.000000000,0.000000000,inf,0.925925926,0.315396287
AOI-0031,2014-10-29,0,1,1,True,0,1.000000000,1.000000000,1.000000000,0.963636364,0.181415523
AOI-0031,2015-06-10,0,2,2,False,-1,0.000000000,0.000000000,inf,0.748837209,0.586770241
AOI-0031,2015-07-05,0,1,1,True,0,1.000000000,1.000000000,1.000000000,0.935483871,0.283936267
AOI-0031,2015-07-12,0,2,2,True,0,1.000000000,1.000000000,1.000000000,0.773399015,0.558869016
AOI-0031,2015-07-13,0,1,1,False,-1,0.000000000,0.000000000,inf,0.913043478,0.355712860
AOI-0031,2015-08-14,0,1,1,False,-1,0.000000000,0.000000000,inf,0.925925926,0.315396287
AOI-0031,2015-08-21,0,1,1,True,0,1.000000000,1.000000000,1.000000000,0.963636364,0.181415523
AOI-0031,2016-06-29,0,1,1,True,0,1.000000000,1.000000000,1.000000000,0.935483871,0.283936267
AOI-0031,2016-07-23,0,1,1,False,-1,0.000000000,0.000000000,inf,0.925925926,0.315396287
AOI-0031,2016-07-31,0,1,1,True,0,1.000000000,1.000000000,1.000000000,0.935483871,0.283936267
AOI-0031,2016-08-28,0,2,2,True,0,1.000000000,1.000000000,1.000000000,0.748837209,0.586770241
AOI-0031,2016-09-08,0,1,1,True,0,1.000000000,1.000000000,1.000000000,0.968253968,0.162764794
AOI-0031,2016-09-25,0,1,1,True,0,1.000000000,1.000000000,1.000000000,0.818181818,0.600166073
AOI-0031,2017-04-03,0,0,0,True,0,1.000000000,1.000000000,1.000000000,0.570370370,0.720630780
AOI-0031,2017-05-30,0,1,1,True,0,1.000000000,1.000000000,1.000000000,0.966101695,0.171538761
AOI-0031,2017-06-08,0,1,1,False,-1,0.000000000,0.000000000,inf,0.925925926,0.315396287
AOI-0031,2017-06-10,0,2,2,True,0,1.000000000,1.000000000,1.000000000,0.990697674,0.059218348
AOI-0031,2017-08-11,0,0,0,False,-1,0.000000000,0.000000000,inf,0.984251969,0.091909786
AOI-0031,2017-08-19,0,1,1,False,-1,0.000000000,0.000000000,inf,0.531914894,0.777661074
AOI-0031,2017-08-21,0,0,0,False,-1,0.000000000,0.000000000,inf,0.981308411,0.105858397
AOI-0031,2017-09-10,0,0,0,True,0,1.000000000,1.000000000,1.000000000,0.984732824,0.089580528
AOI-0031,2017-09-27,0,1,1,True,0,1.000000000,1.000000000,1.000000000,0.963636364,0.181415523
AOI-0031,2018-05-09,0,2,2,True,0,1.000000000,1.000000000,1.000000000,0.990147783,0.062150380
AOI-0031,2018-06-14,0,0,0,True,0,1.000000000,1.000000000,1.000000000,0.935483871,0.283936267
AOI-0031,2018-06-27,0,1,1,True,0,1.000000000,1.000000000,1.000000000,0.925925926,0.315396287
AOI-0031,2018-06-29,0,0,0,False,-1,0.000000000,0.000000000,inf,0.894736842,0.409458619
AOI-0031,2018-07-12,0,2,2,True,0,1.000000000,1.000000000,1.000000000,0.781990521,0.547209720
AOI-0031,2018-07-21,0,1,1,False,-1,0.000000000,0.000000000,inf,0.913043478,0.355712860
AOI-0031,2018-08-22,0,1,1,True,0,1.000000000,1.000000000,1.000000000,0.935483871,0.283936267
AOI-0031,2019-05-29,0,1,1,True,0,1.000000000,1.000000000,1.000000000,0.617021277,0.747675135
AOI-0031,2019-06-12,0,0,0,True,0,1.000000000,1.000000000,1.000000000,0.941747573,0.248377974
AOI-0031,2019-06-17,0,0,0,True,0,1.000000000,1.000000000,1.000000000,0.979797980,0.112827275
AOI-0031,2019-06-30,0,1,0,True,0,1.000000000,1.000000000,1.000000000,0.756097561,0.591181657
AOI-0031,2019-07-17,0,0,0,True,0,1.000000000,1.000000000,1.000000000,0.985185185,0.087375267
AOI-0031,2019-08-06,0,0,0,True,0,1.000000000,1.000000000,1.000000000,0.702564103,0.634582589
AOI-0031,2019-08-21,0,0,0,False,-1,0.000000000,0.000000000,inf,0.760000000,0.578083752
AOI-0031,2019-08-28,0,0,0,True,0,1.000000000,1.000000000,1.000000000,0.935483871,0.283936267
AOI-0031,2019-09-01,0,1,1,True,0,1.000000000,1.000000000,1.000000000,0.760000000,0.602574125
AOI-0031,2019-09-05,0,0,0,True,0,1.000000000,1.000000000,1.000000000,0.982608696,0.099759750
AOI-0031,2019-09-09,0,1,1,False,-1,0.000000000,0.000000000,inf,0.968253968,0.162764794
AOI-0031,2019-10-20,0,0,0,True,0,1.000000000,1.000000000,1.000000000,0.985185185,0.087375267
AOI-0031,2020-04-22,0,0,0,True,0,1.000000000,1.000000000,1.000000000,0.584541063,0.705105205
AOI-0031,2020-05-24,0,2,2,True,0,1.000000000,1.000000000,1.000000000,0.917808219,0.301725093
AOI-0031,2020-06-16,0,0,0,True,0,1.000000000,1.000000000,1.000000000,0.941747573,0.248377974
AOI-0031,2020-08-03,0,1,0,True,0,1.000000000,1.000000000,1.000000000,0.844311377,0.457831895
AOI-0031,2020-08-05,0,0,0,False,-1,0.000000000,0.000000000,inf,0.984251969,0.091909786
AOI-0031,2020-08-10,0,0,0,True,0,1.000000000,1.000000000,1.000000000,0.985611511,0.085284100
AOI-0031,2020-08-15,0,0,0,True,0,1.000000000,1.000000000,1.000000000,0.836477987,0.472122255
AOI-0031,2020-08-18,0,1,0,True,0,1.000000000,1.000000000,1.000000000,0.687203791,0.645879152
AOI-0031,2020-08-19,0,1,1,False,-1,0.000000000,0.000000000,inf,0.925925926,0.315396287
AOI-0031,2020-08-28,0,2,2,False,-1,0.000000000,0.000000000,inf,0.932367150,0.264875566
AOI-0031,2020-09-14,0,0,0,True,0,1.000000000,1.000000000,1.000000000,0.978021978,0.120874486
AOI-0031,2020-10-05,0,1,1,False,-1,0.000000000,0.000000000,inf,0.734939759,0.627295103
AOI-0031,2020-10-16,0,0,0,True,0,1.000000000,1.000000000,1.000000000,0.935483871,0.283936267
AOI-0031,2021-04-04,0,0,0,False,-1,0.000000000,0.000000000,inf,0.714285714,0.796311640
AOI-0031,2021-04-15,0,0,0,False,-1,0.000000000,0.000000000,inf,0.847953216,0.451030292
AOI-0031,2021-05-02,0,0,0,True,0,1.000000000,1.000000000,1.000000000,0.984732824,0.089580528
AOI-0031,2021-06-18,0,1,1,False,-1,0.000000000,0.000000000,inf,0.587301587,0.745105228
AOI-0031,2021-07-05,0,1,1,False,-1,0.000000000,0.000000000,inf,0.714285714,0.796311640
AOI-0031,2021-07-20,0,1,1,True,0,1.000000000,1.000000000,1.000000000,0.968253968,0.162764794
AOI-0031,2021-07-23,0,0,0,False,-1,0.000000000,0.000000000,inf,0.714285714,0.796311640
AOI-0031,2021-07-29,0,0,0,False,-1,0.000000000,0.000000000,inf,0.854748603,0.438062356
AOI-0031,2021-09-16,0,0,0,True,0,1.000000000,1.000000000,1.000000000,0.935483871,0.283936267
AOI-0031,2021-09-19,0,0,0,True,0,1.000000000,1.000000000,1.000000000,0.980582524,0.109222462
AOI-0031,2022-06-06,0,0,0,False,-1,0.000000000,0.000000000,inf,0.877551020,0.398048730
AOI-0031,2022-06-18,0,1,1,False,-1,0.000000000,0.000000000,inf,0.846153846,0.468910505
AOI-0031,2022-06-29,0,0,0,False,-1,0.000000000,0.000000000,inf,0.759162304,0.577267121
AOI-0031,2022-07-03,0,0,0,False,-1,0.000000000,0.000000000,inf,0.894736842,0.409458619
AOI-0031,2022-07-06,0,0,0,True,0,1.000000000,1.000000000,1.000000000,0.986013986,0.083298165
AOI-0031,2022-08-02,0,0,0,False,-1,0.000000000,0.000000000,inf,0.925925926,0.315396287
AOI-0031,2022-08-17,0,0,0,True,0,1.000000000,1.000000000,1.000000000,0.935483871,0.283936267
AOI-0031,2022-08-24,0,1,1,False,-1,0.000000000,0.000000000,inf,0.960784314,0.192625738
AOI-0031,2022-08-25,0,0,0,True,0,1.000000000,1.000000000,1.000000000,0.704918033,0.633850789
AOI-0031,2022-09-21,0,0,0,False,-1,0.000000000,0.000000000,inf,0.925925926,0.315396287
AOI-0031,2023-05-15,0,0,0,False,-1,0.000000000,0.000000000,inf,0.748837209,0.586770241
AOI-0031,2023-06-13,0,0,0,True,0,1.000000000,1.000000000,1.000000000,0.925925926,0.315396287
AOI-0031,2023-07-12,0,2,2,True,0,1.000000000,1.000000000,1.000000000,0.990338164,0.061138862
AOI-0031,2023-07-28,0,2,2,False,-1,0.000000000,0.000000000,inf,0.990697674,0.059218348
AOI-0031,2023-08-07,0,0,0,True,0,1.000000000,1.000000000,1.000000000,0.935483871,0.283936267
AOI-0031,2023-08-08,0,0,0,False,-1,0.000000000,0.000000000,inf,0.854748603,0.438062356
AOI-0031,2023-08-11,0,1,1,False,-1,0.000000000,0.000000000,inf,0.859154930,0.452280906
AOI-0031,2023-08-20,0,0,0,True,0,1.000000000,1.000000000,1.000000000,0.985611511,0.085284100
AOI-0031,2023-09-29,0,0,0,True,0,1.000000000,1.000000000,1.000000000,0.643835616,0.675609803
AOI-0031,2023-10-09,0,0,0,True,0,1.000000000,1.000000000,1.000000000,0.984732824,0.089580528
AOI-0031,2023-10-11,0,0,1,True,0,1.000000000,1.000000000,1.000000000,0.795918367,0.535834427
AOI-0031,2024-04-01,0,0,0,True,0,1.000000000,1.000000000,1.000000000,0.980582524,0.109222462
AOI-0031,2024-04-13,0,0,1,True,0,1.000000000,1.000000000,1.000000000,0.739130435,0.612089208
AOI-0031,2024-05-18,0,0,1,True,0,1.000000000,1.000000000,1.000000000,0.548387097,0.804665640
AOI-0031,2024-07-05,0,0,0,True,0,1.000000000,1.000000000,1.000000000,0.981981982,0.102711110
AOI-0031,2024-07-21,0,1,1,True,0,1.000000000,1.000000000,1.000000000,0.674418605,0.714783355
AOI-0031,2024-07-27,0,0,1,True,0,1.000000000,1.000000000,1.000000000,0.497630332,0.987922431
AOI-0031,2024-08-29,0,0,0,True,0,1.000000000,1.000000000,1.000000000,0.934065934,0.272699656
AOI-0031,2024-09-06,0,1,0,True,0,1.000000000,1.000000000,1.000000000,0.728643216,0.609627116
AOI-0031,2024-09-14,0,1,1,True,0,1.000000000,1.000000000,1.000000000,0.772151899,0.585549972
AOI-0031,2024-09-18,0,0,0,False,-1,0.000000000,0.000000000,inf,0.982608696,0.099759750
AOI-0031,2024-09-30,0,0,1,True,0,1.000000000,1.000000000,1.000000000,0.552238806,0.753117368
AOI-0031,2024-10-08,0,0,0,True,0,1.000000000,1.000000000,1.000000000,0.978021978,0.120874486
AOI-0031,2025-04-05,0,0,0,True,0,1.000000000,1.000000000,1.000000000,0.953488372,0.220352331
AOI-0031,2025-05-09,0,2,2,True,0,1.000000000,1.000000000,1.000000000,0.874476987,0.396131176
AOI-0031,2025-06-07,0,0,0,True,0,1.000000000,1.000000000,1.000000000,0.983739837,0.094374144
AOI-0031,2025-06-15,0,0,0,True,0,1.000000000,1.000000000,1.000000000,0.977011494,0.125386776
AOI-0031,2025-06-26,0,2,2,True,0,1.000000000,1.000000000,1.000000000,0.991341991,0.055740919
AOI-0031,2025-07-10,0,0,0,True,2,1.000000000,1.000000000,4.000000000,0.990147783,0.062150380
AOI-0031,2025-07-31,0,1,1,True,1,1.000000000,1.000000000,2.000000000,0.702127660,0.685698853
AOI-0031,2025-08-31,0,0,1,True,1,1.000000000,1.000000000,2.000000000,0.756097561,0.591181657
AOI-0031,2025-09-05,0,0,0,True,1,1.000000000,1.000000000,2.000000000,0.973333333,0.141440924
AOI-0031,2025-09-12,0,0,0,True,0,1.000000000,1.000000000,1.000000000,0.925925926,0.315396287
AOI-0031,2025-09-25,0,0,0,True,0,1.000000000,1.000000000,1.000000000,0.873873874,0.411410322
AOI-0032,2010-04-25,0,1,1,True,0,1.000000000,1.000000000,1.000000000,0.966101695,0.171538761
AOI-0032,2010-07-30,0,1,1,True,0,1.000000000,1.000000000,1.000000000,0.970149254,0.154913925
AOI-0032,2010-08-29,0,2,2,True,0,1.000000000,1.000000000,1.000000000,0.545893720,0.715682192
AOI-0032,2010-08-31,0,1,1,True,0,1.000000000,1.000000000,1.000000000,0.970149254,0.154913925
AOI-0032,2010-10-16,0,2,2,True,0,1.000000000,1.000000000,1.000000000,0.674418605,0.655383417
AOI-0032,2011-06-08,0,1,1,True,0,1.000000000,1.000000000,1.000000000,0.925925926,0.315396287
AOI-0032,2011-07-02,0,1,1,True,0,1.000000000,1.000000000,1.000000000,0.935483871,0.283936267
AOI-0032,2011-07-09,0,1,1,False,-1,0.000000000,0.000000000,inf,0.966101695,0.171538761
AOI-0032,2011-08-10,0,1,1,True,0,1.000000000,1.000000000,1.000000000,0.968253968,0.162764794
AOI-0032,2012-04-22,0,2,2,True,0,1.000000000,1.000000000,1.000000000,0.823255814,0.487928887
AOI-0032,2012-08-12,0,2,2,True,0,1.000000000,1.000000000,1.000000000,0.812807882,0.504905654
AOI-0032,2012-09-29,0,1,2,True,0,1.000000000,1.000000000,1.000000000,0.725118483,0.611995933
AOI-0032,2013-04-02,0,1,1,False,-1,0.000000000,0.000000000,inf,0.925925926,0.315396287
AOI-0032,2013-05-11,0,1,1,False,-1,0.000000000,0.000000000,inf,0.968253968,0.162764794
AOI-0032,2013-06-26,0,2,2,True,0,1.000000000,1.000000000,1.000000000,0.600000000,0.698353577
AOI-0032,2013-07-14,0,1,1,True,0,1.000000000,1.000000000,1.000000000,0.966101695,0.171538761
AOI-0032,2013-08-23,0,1,1,True,0,1.000000000,1.000000000,1.000000000,0.953488372,0.220352331
AOI-0032,2014-04-13,0,1,1,False,-1,0.000000000,0.000000000,inf,0.714285714,0.796311640
AOI-0032,2014-05-30,0,1,1,True,0,1.000000000,1.000000000,1.000000000,0.970149254,0.154913925
AOI-0032,2014-06-07,0,1,1,True,0,1.000000000,1.000000000,1.000000000,0.968253968,0.162764794
AOI-0032,2014-07-26,0,1,1,False,-1,0.000000000,0.000000000,inf,0.925925926,0.315396287
AOI-0032,2014-09-04,0,1,1,False,-1,0.000000000,0.000000000,inf,0.913043478,0.355712860
AOI-0032,2014-10-05,0,1,1,True,0,1.000000000,1.000000000,1.000000000,0.968253968,0.162764794
AOI-0032,2015-04-08,0,1,1,True,0,1.000000000,1.000000000,1.000000000,0.935483871,0.283936267
AOI-0032,2015-05-09,0,2,2,True,0,1.000000000,1.000000000,1.000000000,0.990521327,0.060162121
AOI-0032,2015-06-10,0,2,2,False,-1,0.000000000,0.000000000,inf,0.748837209,0.586770241
AOI-0032,2015-07-28,0,1,2,True,0,1.000000000,1.000000000,1.000000000,0.719806763,0.617540427
AOI-0032,2015-08-14,0,1,1,False,-1,0.000000000,0.000000000,inf,0.925925926,0.315396287
AOI-0032,2015-10-09,0,1,1,True,0,1.000000000,1.000000000,1.000000000,0.935483871,0.283936267
AOI-0032,2016-06-20,0,1,1,False,-1,0.000000000,0.000000000,inf,0.957446809,0.205470750
AOI-0032,2016-08-12,0,2,2,True,0,1.000000000,1.000000000,1.000000000,0.739130435,0.598020854
AOI-0032,2016-08-15,0,1,1,True,0,1.000000000,1.000000000,1.000000000,0.970149254,0.154913925
AOI-0032,2016-09-29,0,2,2,True,0,1.000000000,1.000000000,1.000000000,0.990521327,0.060162121
AOI-0032,2016-10-02,0,1,1,True,0,1.000000000,1.000000000,1.000000000,0.966101695,0.171538761
AOI-0032,2017-06-08,0,1,1,False,-1,0.000000000,0.000000000,inf,0.925925926,0.315396287
AOI-0032,2017-07-01,0,1,1,True,0,1.000000000,1.000000000,1.000000000,0.957446809,0.205470750
AOI-0032,2017-08-21,0,0,0,False,-1,0.000000000,0.000000000,inf,0.981308411,0.105858397
AOI-0032,2017-08-26,0,1,0,True,0,1.000000000,1.000000000,1.000000000,0.773913043,0.571362280
AOI-0032,2017-09-05,0,0,0,True,0,1.000000000,1.000000000,1.000000000,0.978021978,0.120874486
AOI-0032,2017-09-30,0,2,2,True,0,1.000000000,1.000000000,1.000000000,0.630331754,0.684135614
AOI-0032,2017-10-05,0,1,0,True,0,1.000000000,1.000000000,1.000000000,0.553398058,0.734207296
AOI-0032,2018-05-02,0,1,1,False,-1,0.000000000,0.000000000,inf,0.925925926,0.315396287
AOI-0032,2018-06-18,0,1,1,True,0,1.000000000,1.000000000,1.000000000,0.783132530,0.569445434
AOI-0032,2018-07-02,0,0,0,True,0,1.000000000,1.000000000,1.000000000,0.682051282,0.651564996
AOI-0032,2018-08-30,0,1,1,True,0,1.000000000,1.000000000,1.000000000,0.925925926,0.315396287
AOI-0032,2018-09-05,0,0,1,True,0,1.000000000,1.000000000,1.000000000,0.704347826,0.646365771
AOI-0032,2018-09-15,0,0,0,True,0,1.000000000,1.000000000,1.000000000,0.684210526,0.765937337
AOI-0032,2019-04-10,0,1,1,False,-1,0.000000000,0.000000000,inf,0.587301587,0.745105228
AOI-0032,2019-04-20,0,0,0,False,-1,0.000000000,0.000000000,inf,0.913043478,0.355712860
AOI-0032,2019-05-21,0,1,0,True,0,1.000000000,1.000000000,1.000000000,0.839572193,0.463824283
AOI-0032,2019-06-02,0,0,0,True,0,1.000000000,1.000000000,1.000000000,0.765363128,0.571219093
AOI-0032,2019-07-19,0,0,0,True,0,1.000000000,1.000000000,1.000000000,0.935483871,0.283936267
AOI-0032,2019-08-09,0,1,0,True,0,1.000000000,1.000000000,1.000000000,0.828571429,0.483197564
AOI-0032,2019-08-21,0,0,0,False,-1,0.000000000,0.000000000,inf,0.760000000,0.578083752
AOI-0032,2019-08-24,0,1,0,True,0,1.000000000,1.000000000,1.000000000,0.762237762,0.580035758
AOI-0032,2019-08-26,0,0,0,True,0,1.000000000,1.000000000,1.000000000,0.985185185,0.087375267
AOI-0032,2019-08-31,0,0,0,False,-1,0.000000000,0.000000000,inf,0.985185185,0.087375267
AOI-0032,2019-09-09,0,1,1,False,-1,0.000000000,0.000000000,inf,0.968253968,0.162764794
AOI-0032,2019-10-22,0,0,0,False,-1,0.000000000,0.000000000,inf,0.925925926,0.315396287
AOI-0032,2020-04-04,0,0,0,True,0,1.000000000,1.000000000,1.000000000,0.565217391,0.825956701
AOI-0032,2020-04-12,0,0,0,True,0,1.000000000,1.000000000,1.000000000,0.985185185,0.087375267
AOI-0032,2020-04-13,0,1,1,False,-1,0.000000000,0.000000000,inf,0.531914894,0.777661074
AOI-0032,2020-04-29,0,0,0,True,0,1.000000000,1.000000000,1.000000000,0.935483871,0.283936267
AOI-0032,2020-05-19,0,0,1,True,0,1.000000000,1.000000000,1.000000000,0.577464789,0.742848415
AOI-0032,2020-06-08,0,0,0,True,0,1.000000000,1.000000000,1.000000000,0.935483871,0.283936267
AOI-0032,2020-06-09,0,2,0,True,0,1.000000000,1.000000000,1.000000000,0.674418605,0.655383417
AOI-0032,2020-06-11,0,0,0,True,0,1.000000000,1.000000000,1.000000000,0.980582524,0.109222462
AOI-0032,2020-07-10,0,1,1,True,0,1.000000000,1.000000000,1.000000000,0.935483871,0.283936267
AOI-0032,2020-08-17,0,1,1,False,-1,0.000000000,0.000000000,inf,0.795275591,0.540257419
AOI-0032,2020-08-28,0,2,2,False,-1,0.000000000,0.000000000,inf,0.932367150,0.264875566
AOI-0032,2020-09-03,0,1,1,True,0,1.000000000,1.000000000,1.000000000,0.968253968,0.162764794
AOI-0032,2020-10-21,0,1,1,False,-1,0.000000000,0.000000000,inf,0.559322034,0.757933289
AOI-0032,2021-04-15,0,0,0,False,-1,0.000000000,0.000000000,inf,0.847953216,0.451030292
AOI-0032,2021-04-16,0,1,1,False,-1,0.000000000,0.000000000,inf,0.866666667,0.485094091
AOI-0032,2021-05-29,0,0,0,True,0,1.000000000,1.000000000,1.000000000,0.935483871,0.283936267
AOI-0032,2021-06-10,0,2,2,True,0,1.000000000,1.000000000,1.000000000,0.835748792,0.468447318
AOI-0032,2021-06-16,0,0,0,True,0,1.000000000,1.000000000,1.000000000,0.737142857,0.603553904
AOI-0032,2021-07-29,0,0,0,False,-1,0.000000000,0.000000000,inf,0.854748603,0.438062356
AOI-0032,2021-08-06,0,1,1,False,-1,0.000000000,0.000000000,inf,0.581395349,0.769653081
AOI-0032,2021-10-21,0,0,1,True,0,1.000000000,1.000000000,1.000000000,0.638554217,0.707068915
AOI-0032,2021-10-26,0,0,0,False,-1,0.000000000,0.000000000,inf,0.913043478,0.355712860
AOI-0032,2022-04-10,0,1,0,True,0,1.000000000,1.000000000,1.000000000,0.605442177,0.705109055
AOI-0032,2022-05-04,0,0,0,True,0,1.000000000,1.000000000,1.000000000,0.674418605,0.714783355
AOI-0032,2022-06-26,0,2,2,True,0,1.000000000,1.000000000,1.000000000,0.879069767,0.427975951
AOI-0032,2022-06-29,0,0,0,False,-1,0.000000000,0.000000000,inf,0.759162304,0.577267121
AOI-0032,2022-07-21,0,0,0,True,0,1.000000000,1.000000000,1.000000000,0.582733813,0.715737935
AOI-0032,2022-08-08,0,1,0,True,0,1.000000000,1.000000000,1.000000000,0.743016760,0.596792252
AOI-0032,2022-08-22,0,0,1,True,0,1.000000000,1.000000000,1.000000000,0.770992366,0.571542733
AOI-0032,2022-09-21,0,0,0,False,-1,0.000000000,0.000000000,inf,0.925925926,0.315396287
AOI-0032,2022-09-25,0,1,1,True,0,1.000000000,1.000000000,1.000000000,0.960784314,0.192625738
AOI-0032,2023-04-03,0,1,1,True,0,1.000000000,1.000000000,1.000000000,0.830508475,0.510177854
AOI-0032,2023-05-09,0,2,2,True,0,1.000000000,1.000000000,1.000000000,0.990338164,0.061138862
AOI-0032,2023-05-16,0,1,1,False,-1,0.000000000,0.000000000,inf,0.894736842,0.409458619
AOI-0032,2023-06-03,0,0,0,True,0,1.000000000,1.000000000,1.000000000,0.617021277,0.747675135
AOI-0032,2023-06-21,0,0,0,True,0,1.000000000,1.000000000,1.000000000,0.740458015,0.607016297
AOI-0032,2023-08-05,0,0,0,True,0,1.000000000,1.000000000,1.000000000,0.983739837,0.094374144
AOI-0032,2023-08-11,0,1,1,False,-1,0.000000000,0.000000000,inf,0.859154930,0.452280906
AOI-0032,2023-08-13,0,2,0,True,0,1.000000000,1.000000000,1.000000000,0.711627907,0.770073187
AOI-0032,2023-08-22,0,0,0,True,0,1.000000000,1.000000000,1.000000000,0.935483871,0.283936267
AOI-0032,2023-09-30,0,2,2,False,-1,0.000000000,0.000000000,inf,0.895734597,0.353634640
AOI-0032,2023-10-22,0,1,0,True,0,1.000000000,1.000000000,1.000000000,0.513513514,0.737643772
AOI-0032,2024-04-08,0,1,0,True,0,1.000000000,1.000000000,1.000000000,0.806451613,0.578532844
AOI-0032,2024-05-02,0,1,1,True,0,1.000000000,1.000000000,1.000000000,0.935483871,0.283936267
AOI-0032,2024-05-09,0,1,0,True,0,1.000000000,1.000000000,1.000000000,0.660377358,0.672103522
AOI-0032,2024-05-10,0,1,1,True,0,1.000000000,1.000000000,1.000000000,0.935483871,0.283936267
AOI-0032,2024-06-30,0,0,0,True,0,1.000000000,1.000000000,1.000000000,0.984251969,0.091909786
AOI-0032,2024-07-02,0,1,1,False,-1,0.000000000,0.000000000,inf,0.781512605,0.560605439
AOI-0032,2024-07-10,0,0,0,False,-1,0.000000000,0.000000000,inf,0.640287770,0.688518311
AOI-0032,2024-07-13,0,0,0,False,-1,0.000000000,0.000000000,inf,0.854748603,0.438062356
AOI-0032,2024-08-13,0,1,1,True,0,1.000000000,1.000000000,1.000000000,0.968253968,0.162764794
AOI-0032,2024-08-26,0,1,1,False,-1,0.000000000,0.000000000,inf,0.706666667,0.659348879
AOI-0032,2024-09-28,0,0,0,True,0,1.000000000,1.000000000,1.000000000,0.675392670,0.657094863
AOI-0032,2025-04-26,0,0,0,False,-1,0.000000000,0.000000000,inf,0.777777778,0.629830912
AOI-0032,2025-05-01,0,0,0,True,0,1.000000000,1.000000000,1.000000000,0.903083700,0.336174613
AOI-0032,2025-05-23,0,0,0,True,0,2.000000000,1.000000000,1.000000000,0.942857143,0.258640932
AOI-0032,2025-05-25,0,2,2,True,0,2.000000000,1.000000000,1.000000000,0.844748858,0.452311103
AOI-0032,2025-06-04,0,0,1,True,0,1.000000000,1.000000000,1.000000000,0.761006289,0.579000939
AOI-0032,2025-06-25,0,0,0,True,0,2.000000000,1.000000000,1.000000000,0.957446809,0.205470750
AOI-0032,2025-07-12,0,0,2,True,0,1.000000000,1.000000000,1.000000000,0.668161435,0.863543055
AOI-0032,2025-08-23,0,0,1,True,0,2.000000000,1.000000000,1.000000000,0.729032258,0.614707193
AOI-0032,2025-09-23,0,0,0,True,0,2.000000000,1.000000000,1.000000000,0.656387665,0.666971969
AOI-0032,2025-10-05,0,0,0,True,0,2.000000000,1.000000000,1.000000000,0.963636364,0.181415523
AOI-0032,2025-10-22,0,0,0,True,0,1.000000000,1.000000000,1.000000000,0.894736842,0.409458619
AOI-0033,2025-04-07,0,2,2,True,0,2.000000000,1.000000000,1.000000000,0.952606635,0.206174211
AOI-0033,2025-05-01,0,0,0,True,1,2.000000000,1.000000000,2.000000000,0.903083700,0.336174613
AOI-0033,2025-06-04,0,0,1,True,0,1.000000000,1.000000000,1.000000000,0.761006289,0.579000939
AOI-0033,2025-06-07,0,0,0,True,0,2.000000000,1.000000000,1.000000000,0.983739837,0.094374144
AOI-0033,2025-06-30,0,0,0,True,0,1.000000000,1.000000000,1.000000000,0.985611511,0.085284100
AOI-0033,2025-07-02,0,0,0,True,0,1.000000000,1.000000000,1.000000000,0.948717949,0.237819011
AOI-0033,2025-07-14,0,0,1,True,0,2.000000000,1.000000000,1.000000000,0.790209790,0.544338318
AOI-0033,2025-07-16,0,1,1,True,0,1.000000000,1.000000000,1.000000000,0.531914894,0.777661074
AOI-0033,2025-07-28,0,2,0,True,0,1.000000000,1.000000000,1.000000000,0.691629956,0.640879796
AOI-0033,2025-08-29,0,0,0,True,0,2.000000000,1.000000000,1.000000000,0.990867580,0.058305859
AOI-0033,2025-09-28,0,0,0,True,0,2.000000000,1.000000000,1.000000000,0.974683544,0.135612188
AOI-0034,2025-04-16,0,0,0,True,0,1.000000000,1.000000000,1.000000000,0.717791411,0.624583560
AOI-0034,2025-05-01,0,0,0,True,0,1.000000000,1.000000000,1.000000000,0.903083700,0.336174613
AOI-0034,2025-05-23,0,0,0,True,0,2.000000000,1.000000000,1.000000000,0.942857143,0.258640932
AOI-0034,2025-07-12,0,0,2,True,0,2.000000000,1.000000000,1.000000000,0.668161435,0.863543055
AOI-0034,2025-07-28,0,2,0,True,1,2.000000000,1.000000000,2.000000000,0.691629956,0.640879796
AOI-0034,2025-09-03,0,0,0,False,-1,0.000000000,0.000000000,inf,0.971830986,0.147843978
AOI-0034,2025-09-14,0,2,2,True,0,2.000000000,1.000000000,1.000000000,0.744075829,0.592350727
AOI-0034,2025-09-15,0,0,0,True,0,1.000000000,1.000000000,1.000000000,0.687203791,0.645879152
AOI-0034,2025-09-26,0,1,0,True,0,1.000000000,1.000000000,1.000000000,0.810055866,0.511345905
AOI-0034,2025-10-05,0,0,0,True,0,2.000000000,1.000000000,1.000000000,0.963636364,0.181415523
AOI-0035,2025-04-16,0,0,0,True,0,1.000000000,1.000000000,1.000000000,0.717791411,0.624583560
AOI-0035,2025-05-06,0,0,0,True,0,1.000000000,1.000000000,1.000000000,0.985185185,0.087375267
AOI-0035,2025-05-15,0,0,0,True,0,2.000000000,1.000000000,1.000000000,0.957446809,0.205470750
AOI-0035,2025-05-25,0,2,2,True,0,2.000000000,1.000000000,1.000000000,0.844748858,0.452311103
AOI-0035,2025-06-04,0,0,1,True,0,2.000000000,1.000000000,1.000000000,0.761006289,0.579000939
AOI-0035,2025-06-27,0,0,0,True,0,2.000000000,1.000000000,1.000000000,0.608938547,0.698501627
AOI-0035,2025-07-15,0,0,0,True,0,2.000000000,1.000000000,1.000000000,0.952755906,0.211605625
AOI-0035,2025-07-28,0,2,0,True,0,1.000000000,1.000000000,1.000000000,0.691629956,0.640879796
AOI-0035,2025-08-25,0,1,1,True,0,1.000000000,1.000000000,1.000000000,0.935483871,0.283936267
AOI-0035,2025-09-05,0,0,0,True,0,1.000000000,1.000000000,1.000000000,0.973333333,0.141440924
AOI-0035,2025-10-27,0,1,1,True,0,2.000000000,1.000000000,1.000000000,0.977011494,0.125386776
AOI-0036,2025-04-25,0,0,0,True,0,1.000000000,1.000000000,1.000000000,0.559322034,0.757933289
AOI-0036,2025-06-05,0,0,0,True,1,1.000000000,1.000000000,2.000000000,0.985611511,0.085284100
AOI-0036,2025-06-07,0,0,0,True,1,1.000000000,1.000000000,2.000000000,0.983739837,0.094374144
AOI-0036,2025-06-25,0,0,0,True,2,1.000000000,1.000000000,3.000000000,0.957446809,0.205470750
AOI-0036,2025-06-26,0,2,2,True,0,1.000000000,1.000000000,1.000000000,0.991341991,0.055740919
AOI-0036,2025-07-07,0,0,0,True,0,1.000000000,1.000000000,1.000000000,0.984251969,0.091909786
AOI-0036,2025-08-25,0,1,1,True,1,1.000000000,1.000000000,2.000000000,0.935483871,0.283936267
AOI-0036,2025-09-02,0,1,1,True,0,1.000000000,1.000000000,1.000000000,0.942857143,0.258640932
AOI-0036,2025-09-12,0,0,0,True,0,1.000000000,1.000000000,1.000000000,0.925925926,0.315396287
AOI-0036,2025-09-23,0,0,0,True,0,1.000000000,1.000000000,1.000000000,0.656387665,0.666971969
AOI-0036,2025-09-30,0,2,2,True,0,1.000000000,1.000000000,1.000000000,0.863874346,0.420059298
AOI-0036,2025-10-16,0,2,0,True,0,1.000000000,1.000000000,1.000000000,0.554502370,0.779771987
AOI-0037,2025-04-23,0,0,2,True,0,1.000000000,1.000000000,1.000000000,0.645021645,0.894834272
AOI-0037,2025-04-25,0,0,0,True,1,1.000000000,1.000000000,2.000000000,0.559322034,0.757933289
AOI-0037,2025-05-06,0,0,0,True,0,1.000000000,1.000000000,1.000000000,0.985185185,0.087375267
AOI-0037,2025-06-10,0,0,0,True,0,1.000000000,1.000000000,1.000000000,0.533039648,0.715890578
AOI-0037,2025-07-22,0,0,1,True,0,1.000000000,1.000000000,1.000000000,0.726315789,0.631505898
AOI-0037,2025-08-24,0,0,0,True,0,1.000000000,1.000000000,1.000000000,0.981981982,0.102711110
AOI-0037,2025-08-25,0,1,1,True,2,2.000000000,1.000000000,3.000000000,0.935483871,0.283936267
AOI-0037,2025-09-08,0,0,0,True,0,1.000000000,1.000000000,1.000000000,0.929648241,0.272650708
AOI-0037,2025-09-09,0,1,1,True,1,1.000000000,1.000000000,2.000000000,0.913043478,0.355712860
AOI-0037,2025-10-08,0,0,0,True,1,1.000000000,1.000000000,2.000000000,0.987730061,0.074694356
AOI-0038,2025-04-18,0,0,0,True,0,2.000000000,1.000000000,1.000000000,0.986013986,0.083298165
AOI-0038,2025-05-01,0,0,0,True,0,2.000000000,1.000000000,1.000000000,0.903083700,0.336174613
AOI-0038,2025-05-20,0,1,1,True,0,2.000000000,1.000000000,1.000000000,0.970149254,0.154913925
AOI-0038,2025-05-23,0,0,0,True,0,1.000000000,1.000000000,1.000000000,0.942857143,0.258640932
AOI-0038,2025-06-27,0,0,0,True,0,1.000000000,1.000000000,1.000000000,0.608938547,0.698501627
AOI-0038,2025-07-12,0,0,2,True,0,2.000000000,1.000000000,1.000000000,0.668161435,0.863543055
AOI-0038,2025-07-14,0,0,1,True,1,1.000000000,1.000000000,2.000000000,0.790209790,0.544338318
AOI-0038,2025-08-25,0,1,1,True,1,1.000000000,1.000000000,2.000000000,0.935483871,0.283936267
AOI-0038,2025-08-29,0,0,0,True,0,2.000000000,1.000000000,1.000000000,0.990867580,0.058305859
AOI-0038,2025-09-13,0,0,0,True,0,1.000000000,1.000000000,1.000000000,0.985611511,0.085284100
AOI-0038,2025-10-23,0,0,0,True,0,1.000000000,1.000000000,1.000000000,0.953488372,0.220352331
AOI-0039,2025-04-03,0,0,0,True,0,1.000000000,1.000000000,1.000000000,0.454545455,0.934769898
AOI-0039,2025-06-26,0,2,2,True,0,2.000000000,1.000000000,1.000000000,0.991341991,0.055740919
AOI-0039,2025-06-27,0,0,0,True,0,1.000000000,1.000000000,1.000000000,0.608938547,0.698501627
AOI-0039,2025-07-05,0,0,0,True,0,2.000000000,1.000000000,1.000000000,0.684210526,0.652775710
AOI-0039,2025-07-14,0,0,1,True,0,1.000000000,1.000000000,1.000000000,0.790209790,0.544338318
AOI-0039,2025-07-16,0,1,1,True,0,1.000000000,1.000000000,1.000000000,0.531914894,0.777661074
AOI-0039,2025-08-14,0,0,0,True,0,1.000000000,1.000000000,1.000000000,0.700598802,0.639709112
AOI-0039,2025-08-17,0,1,0,True,0,2.000000000,1.000000000,1.000000000,0.814207650,0.504717032
AOI-0039,2025-08-25,0,1,1,True,0,1.000000000,1.000000000,1.000000000,0.935483871,0.283936267
AOI-0039,2025-08-31,0,0,1,True,0,2.000000000,1.000000000,1.000000000,0.756097561,0.591181657
AOI-0039,2025-09-02,0,1,1,True,0,1.000000000,1.000000000,1.000000000,0.942857143,0.258640932
AOI-0040,2025-04-05,0,0,0,True,0,2.000000000,1.000000000,1.000000000,0.953488372,0.220352331
AOI-0040,2025-06-10,0,0,0,True,0,1.000000000,1.000000000,1.000000000,0.533039648,0.715890578
AOI-0040,2025-07-16,0,1,1,True,0,1.000000000,1.000000000,1.000000000,0.531914894,0.777661074
AOI-0040,2025-08-06,0,0,0,True,1,2.000000000,1.000000000,2.000000000,0.649289100,0.672991185
AOI-0040,2025-08-16,0,0,0,True,0,2.000000000,1.000000000,1.000000000,0.986394558,0.081409508
AOI-0040,2025-09-25,0,0,0,True,0,2.000000000,1.000000000,1.000000000,0.873873874,0.411410322
AOI-0040,2025-10-03,0,0,0,True,0,2.000000000,1.000000000,1.000000000,0.894736842,0.370715018
AOI-0040,2025-10-04,0,1,1,True,0,1.000000000,1.000000000,1.000000000,0.725490196,0.658329468
AOI-0040,2025-10-08,0,0,0,True,0,2.000000000,1.000000000,1.000000000,0.987730061,0.074694356
AOI-0040,2025-10-16,0,2,0,True,0,2.000000000,1.000000000,1.000000000,0.554502370,0.779771987
AOI-0040,2025-10-23,0,0,0,True,0,1.000000000,1.000000000,1.000000000,0.953488372,0.220352331
AOI-0041,2025-04-03,0,0,0,False,-1,0.000000000,0.000000000,3.000000000,0.454545455,0.934769898
AOI-0041,2025-04-28,0,0,0,True,0,2.000000000,1.000000000,1.000000000,0.982608696,0.099759750
AOI-0041,2025-06-06,0,1,1,True,0,2.000000000,1.000000000,1.000000000,0.617021277,0.747675135
AOI-0041,2025-06-10,0,0,0,True,0,1.000000000,1.000000000,1.000000000,0.533039648,0.715890578
AOI-0041,2025-07-31,0,1,1,True,2,2.000000000,1.000000000,3.000000000,0.702127660,0.685698853
AOI-0041,2025-08-06,0,0,0,True,0,1.000000000,1.000000000,1.000000000,0.649289100,0.672991185
AOI-0041,2025-08-14,0,0,0,True,0,2.000000000,1.000000000,1.000000000,0.700598802,0.639709112
AOI-0041,2025-08-24,0,0,0,True,0,1.000000000,1.000000000,1.000000000,0.981981982,0.102711110
AOI-0041,2025-09-01,0,1,0,True,0,2.000000000,1.000000000,1.000000000,0.698630137,0.635682805
AOI-0041,2025-09-02,0,1,1,True,0,2.000000000,1.000000000,1.000000000,0.942857143,0.258640932
AOI-0041,2025-10-02,0,0,1,True,1,1.000000000,1.000000000,2.000000000,0.837037037,0.474683707
AOI-0041,2025-10-04,0,1,1,True,1,1.000000000,1.000000000,2.000000000,0.725490196,0.658329468
AOI-0042,2025-04-03,0,0,0,True,2,1.000000000,1.000000000,4.000000000,0.454545455,0.934769898
AOI-0042,2025-05-08,0,0,0,True,0,2.000000000,1.000000000,1.000000000,0.966101695,0.171538761
AOI-0042,2025-06-07,0,0,0,True,0,1.000000000,1.000000000,1.000000000,0.983739837,0.094374144
AOI-0042,2025-07-05,0,0,0,True,0,2.000000000,1.000000000,1.000000000,0.684210526,0.652775710
AOI-0042,2025-07-07,0,0,0,True,0,1.000000000,1.000000000,1.000000000,0.984251969,0.091909786
AOI-0042,2025-07-10,0,0,0,True,0,1.000000000,1.000000000,1.000000000,0.990147783,0.062150380
AOI-0042,2025-07-22,0,1,1,False,-1,0.000000000,0.000000000,1.000000000,0.726315789,0.631505898
AOI-0042,2025-07-23,0,0,0,True,0,1.000000000,1.000000000,1.000000000,0.775401070,0.557938310
AOI-0042,2025-09-12,0,0,0,True,0,1.000000000,1.000000000,1.000000000,0.925925926,0.315396287
AOI-0042,2025-10-04,0,1,1,True,2,2.000000000,1.000000000,3.000000000,0.725490196,0.658329468
AOI-0042,2025-10-05,0,0,0,True,0,1.000000000,1.000000000,1.000000000,0.963636364,0.181415523
AOI-0043,2025-04-18,0,0,0,True,1,2.000000000,1.000000000,2.000000000,0.986013986,0.083298165
AOI-0043,2025-05-06,0,0,0,True,0,2.000000000,1.000000000,1.000000000,0.985185185,0.087375267
AOI-0043,2025-06-07,0,0,0,True,0,1.000000000,1.000000000,1.000000000,0.983739837,0.094374144
AOI-0043,2025-07-10,0,0,0,True,1,2.000000000,1.000000000,2.000000000,0.990147783,0.062150380
AOI-0043,2025-07-14,0,1,1,True,5,10.000000000,0.800000000,2.000000000,0.790209790,0.544338318
AOI-0043,2025-07-28,0,2,0,True,0,2.000000000,1.000000000,1.000000000,0.691629956,0.640879796
AOI-0043,2025-07-30,0,0,0,True,0,2.000000000,1.000000000,1.000000000,0.992619926,0.048696824
AOI-0043,2025-08-14,0,0,0,True,0,1.000000000,1.000000000,1.000000000,0.700598802,0.639709112
AOI-0043,2025-09-11,0,0,0,True,2,1.000000000,1.000000000,4.000000000,0.984251969,0.091909786
AOI-0043,2025-09-21,0,0,0,True,2,1.000000000,1.000000000,4.000000000,0.988304094,0.071763657
AOI-0043,2025-09-26,0,1,0,True,0,1.000000000,1.000000000,1.000000000,0.810055866,0.511345905
AOI-0043,2025-10-02,0,1,1,True,0,1.000000000,1.000000000,1.000000000,0.837037037,0.474683707
AOI-0044,2010-06-11,0,1,1,True,1,1.000000000,1.000000000,2.000000000,0.981981982,0.102711110
AOI-0044,2010-06-26,0,2,2,True,5,1.000000000,1.000000000,24.000000000,0.989743590,0.064285679
AOI-0044,2010-08-22,0,1,1,True,1,1.000000000,1.000000000,2.000000000,0.983739837,0.094374144
AOI-0044,2010-08-23,0,1,1,True,1,1.000000000,1.000000000,2.000000000,0.970149254,0.154913925
AOI-0044,2011-04-19,0,1,1,True,1,1.000000000,1.000000000,2.000000000,0.981308411,0.105858397
AOI-0044,2011-05-25,0,2,2,True,1,1.000000000,1.000000000,2.000000000,0.990867580,0.058305859
AOI-0044,2011-06-07,0,1,1,True,1,1.000000000,1.000000000,2.000000000,0.957446809,0.205470750
AOI-0044,2011-08-10,0,1,1,True,1,1.000000000,1.000000000,2.000000000,0.968253968,0.162764794
AOI-0044,2011-09-02,0,1,1,True,5,2.000000000,1.000000000,23.000000000,0.981981982,0.102711110
AOI-0044,2011-09-19,0,1,1,True,1,1.000000000,1.000000000,2.000000000,0.968253968,0.162764794
AOI-0044,2012-07-02,0,1,1,True,1,1.000000000,1.000000000,2.000000000,0.942857143,0.258640932
AOI-0044,2012-09-13,0,1,2,True,1,1.000000000,1.000000000,2.000000000,0.725118483,0.611995933
AOI-0044,2012-09-29,0,1,2,True,1,1.000000000,1.000000000,2.000000000,0.725118483,0.611995933
AOI-0044,2013-06-11,0,1,1,True,5,1.000000000,1.000000000,23.000000000,0.979797980,0.112827275
AOI-0044,2013-06-27,0,1,1,True,5,1.000000000,1.000000000,23.000000000,0.979797980,0.112827275
AOI-0044,2013-07-21,0,1,1,True,5,1.000000000,1.000000000,24.000000000,0.977011494,0.125386776
AOI-0044,2013-08-23,0,1,1,False,-1,0.000000000,0.000000000,inf,0.953488372,0.220352331
AOI-0044,2013-09-30,0,2,2,True,1,1.000000000,1.000000000,2.000000000,0.744075829,0.592350727
AOI-0044,2014-04-04,0,1,1,True,1,1.000000000,1.000000000,2.000000000,0.960784314,0.192625738
AOI-0044,2014-05-09,0,2,2,True,1,1.000000000,1.000000000,2.000000000,0.990867580,0.058305859
AOI-0044,2014-05-25,0,2,2,False,-1,0.000000000,0.000000000,inf,0.990147783,0.062150380
AOI-0044,2014-07-17,0,1,1,True,1,1.000000000,1.000000000,2.000000000,0.963636364,0.181415523
AOI-0044,2014-09-27,0,1,1,True,1,1.000000000,1.000000000,2.000000000,0.966101695,0.171538761
AOI-0044,2014-09-30,0,2,2,True,1,1.000000000,1.000000000,2.000000000,0.990521327,0.060162121
AOI-0044,2015-05-08,0,1,1,True,1,1.000000000,1.000000000,2.000000000,0.968253968,0.162764794
AOI-0044,2015-07-12,0,1,2,True,5,1.000000000,1.000000000,24.000000000,0.773399015,0.558869016
AOI-0044,2015-08-20,0,1,1,True,1,1.000000000,1.000000000,2.000000000,0.978021978,0.120874486
AOI-0044,2015-08-21,0,1,1,True,1,1.000000000,1.000000000,2.000000000,0.963636364,0.181415523
AOI-0044,2015-10-07,0,1,1,True,1,1.000000000,1.000000000,2.000000000,0.975903614,0.130281794
AOI-0044,2016-04-17,0,1,1,False,-1,0.000000000,0.000000000,inf,0.960784314,0.192625738
AOI-0044,2016-05-10,0,1,1,True,5,1.000000000,1.000000000,24.000000000,0.977011494,0.125386776
AOI-0044,2016-05-24,0,2,2,True,1,1.000000000,1.000000000,2.000000000,0.916279070,0.305727510
AOI-0044,2016-06-09,0,2,2,True,5,2.000000000,1.000000000,23.000000000,0.989949749,0.063198621
AOI-0044,2016-08-23,0,1,1,True,1,1.000000000,1.000000000,2.000000000,0.968253968,0.162764794
AOI-0044,2016-08-28,0,2,2,True,1,1.000000000,1.000000000,2.000000000,0.748837209,0.586770241
AOI-0044,2017-04-13,0,0,0,True,5,1.000000000,1.000000000,23.000000000,0.862595420,0.429705336
AOI-0044,2017-05-30,0,1,1,True,1,1.000000000,1.000000000,2.000000000,0.966101695,0.171538761
AOI-0044,2017-06-07,0,1,1,True,1,1.000000000,1.000000000,2.000000000,0.957446809,0.205470750
AOI-0044,2017-08-01,0,0,0,True,1,1.000000000,1.000000000,2.000000000,0.945945946,0.234638072
AOI-0044,2017-08-09,0,1,0,True,5,2.000000000,1.000000000,23.000000000,0.815950920,0.504375887
AOI-0044,2017-08-13,0,2,2,True,1,1.000000000,1.000000000,2.000000000,0.855072464,0.434988930
AOI-0044,2017-08-25,0,1,1,True,1,1.000000000,1.000000000,2.000000000,0.974683544,0.135612188
AOI-0044,2017-09-19,0,1,1,True,1,1.000000000,1.000000000,2.000000000,0.970149254,0.154913925
AOI-0044,2018-04-14,0,1,1,True,1,1.000000000,1.000000000,2.000000000,0.981981982,0.102711110
AOI-0044,2018-06-02,0,0,0,True,1,1.000000000,1.000000000,2.000000000,0.985611511,0.085284100
AOI-0044,2018-06-26,0,1,2,True,1,1.000000000,1.000000000,2.000000000,0.721973094,0.614035411
AOI-0044,2018-07-11,0,1,1,True,1,1.000000000,1.000000000,2.000000000,0.978021978,0.120874486
AOI-0044,2018-07-20,0,1,1,True,5,1.000000000,1.000000000,24.000000000,0.963636364,0.181415523
AOI-0044,2018-08-05,0,1,1,True,5,2.000000000,1.000000000,23.000000000,0.968253968,0.162764794
AOI-0044,2018-09-21,0,1,1,True,1,1.000000000,1.000000000,2.000000000,0.982608696,0.099759750
AOI-0044,2019-04-23,0,0,0,True,1,1.000000000,1.000000000,2.000000000,0.649289100,0.882717006
AOI-0044,2019-05-28,0,0,0,True,1,1.000000000,1.000000000,2.000000000,0.984251969,0.091909786
AOI-0044,2019-06-05,0,1,0,True,1,1.000000000,1.000000000,2.000000000,0.726775956,0.613225887
AOI-0044,2019-06-10,0,2,0,True,1,1.000000000,1.000000000,2.000000000,0.721973094,0.614035411
AOI-0044,2019-06-21,0,1,1,True,5,1.000000000,1.000000000,23.000000000,0.957446809,0.205470750
AOI-0044,2019-06-26,0,2,2,True,1,1.000000000,1.000000000,2.000000000,0.735159817,0.601126410
AOI-0044,2019-07-07,0,0,0,True,1,1.000000000,1.000000000,2.000000000,0.959183673,0.188920110
AOI-0044,2019-08-08,0,1,0,True,5,1.000000000,1.000000000,24.000000000,0.527272727,0.768724554
AOI-0044,2019-08-23,0,1,1,True,1,1.000000000,1.000000000,2.000000000,0.795275591,0.540257419
AOI-0044,2019-08-24,0,1,0,True,1,1.000000000,1.000000000,2.000000000,0.762237762,0.580035758
AOI-0044,2020-04-04,0,0,0,False,-1,0.000000000,0.000000000,inf,0.565217391,0.825956701
AOI-0044,2020-04-07,0,0,0,True,5,1.000000000,1.000000000,23.000000000,0.984732824,0.089580528
AOI-0044,2020-05-13,0,1,1,True,1,1.000000000,1.000000000,2.000000000,0.975903614,0.130281794
AOI-0044,2020-06-16,0,0,0,True,5,2.000000000,1.000000000,23.000000000,0.941747573,0.248377974
AOI-0044,2020-07-16,0,0,0,True,1,1.000000000,1.000000000,2.000000000,0.945945946,0.234638072
AOI-0044,2020-07-25,0,1,1,True,1,1.000000000,1.000000000,2.000000000,0.968253968,0.162764794
AOI-0044,2020-07-27,0,2,2,True,1,1.000000000,1.000000000,2.000000000,0.891625616,0.363142265
AOI-0044,2020-08-02,0,0,0,False,-1,0.000000000,0.000000000,inf,0.600000000,0.746974627
AOI-0044,2020-08-05,0,0,0,True,1,1.000000000,1.000000000,2.000000000,0.984251969,0.091909786
AOI-0044,2021-04-06,0,1,1,True,1,1.000000000,1.000000000,2.000000000,0.980582524,0.109222462
AOI-0044,2021-05-27,0,0,0,True,1,1.000000000,1.000000000,2.000000000,0.957446809,0.205470750
AOI-0044,2021-07-20,0,1,1,True,1,1.000000000,1.000000000,2.000000000,0.968253968,0.162764794
AOI-0044,2021-07-31,0,0,0,True,1,1.000000000,1.000000000,2.000000000,0.985611511,0.085284100
AOI-0044,2021-09-09,0,0,0,True,1,1.000000000,1.000000000,2.000000000,0.984732824,0.089580528
AOI-0044,2021-10-14,0,0,0,True,1,1.000000000,1.000000000,2.000000000,0.866666667,0.421282355
AOI-0044,2022-04-02,0,0,0,True,1,1.000000000,1.000000000,2.000000000,0.974683544,0.135612188
AOI-0044,2022-04-10,0,1,0,True,1,1.000000000,1.000000000,2.000000000,0.605442177,0.705109055
AOI-0044,2022-05-04,0,0,0,False,-1,0.000000000,0.000000000,inf,0.674418605,0.714783355
AOI-0044,2022-05-25,0,2,2,True,1,1.000000000,1.000000000,2.000000000,0.661835749,0.726826286
AOI-0044,2022-06-04,0,1,0,True,1,1.000000000,1.000000000,2.000000000,0.696969697,0.657696336
AOI-0044,2022-06-10,0,2,2,True,1,1.000000000,1.000000000,2.000000000,0.788944724,0.539098563
AOI-0044,2022-06-21,0,1,0,True,1,1.000000000,1.000000000,2.000000000,0.894736842,0.370715018
AOI-0044,2022-08-08,0,1,0,True,1,1.000000000,1.000000000,2.000000000,0.743016760,0.596792252
AOI-0044,2022-10-18,0,1,1,True,1,1.000000000,1.000000000,2.000000000,0.980582524,0.109222462
AOI-0044,2023-04-03,0,1,1,True,5,1.000000000,1.000000000,23.000000000,0.830508475,0.510177854
AOI-0044,2023-04-17,0,0,0,True,1,1.000000000,1.000000000,2.000000000,0.979797980,0.112827275
AOI-0044,2023-05-09,0,2,2,True,1,1.000000000,1.000000000,2.000000000,0.990338164,0.061138862
AOI-0044,2023-06-08,0,1,1,True,1,1.000000000,1.000000000,2.000000000,0.656565657,0.688858011
AOI-0044,2023-06-21,0,0,0,False,-1,0.000000000,0.000000000,inf,0.740458015,0.607016297
AOI-0044,2023-08-23,0,1,0,True,1,1.000000000,1.000000000,2.000000000,0.801324503,0.527596161
AOI-0044,2023-08-28,0,0,0,False,-1,0.000000000,0.000000000,inf,0.801047120,0.523158429
AOI-0044,2023-09-27,0,1,0,True,5,1.000000000,1.000000000,24.000000000,0.851428571,0.444443716
AOI-0044,2023-09-28,0,1,1,True,1,1.000000000,1.000000000,2.000000000,0.970149254,0.154913925
AOI-0044,2023-10-11,0,1,1,True,1,1.000000000,1.000000000,2.000000000,0.795918367,0.535834427
AOI-0044,2024-04-01,0,0,0,True,1,1.000000000,1.000000000,2.000000000,0.980582524,0.109222462
AOI-0044,2024-05-25,0,1,1,True,1,1.000000000,1.000000000,2.000000000,0.968253968,0.162764794
AOI-0044,2024-06-01,0,1,1,False,-1,0.000000000,0.000000000,inf,0.690140845,0.676283176
AOI-0044,2024-07-11,0,2,2,True,1,1.000000000,1.000000000,2.000000000,0.800947867,0.633424933
AOI-0044,2024-08-19,0,0,0,True,1,1.000000000,1.000000000,2.000000000,0.648241206,0.674866890
AOI-0044,2024-08-24,0,0,0,True,1,1.000000000,1.000000000,2.000000000,0.977011494,0.125386776
AOI-0044,2024-09-05,0,1,1,True,1,1.000000000,1.000000000,2.000000000,0.948717949,0.237819011
AOI-0044,2024-09-18,0,0,0,True,1,1.000000000,1.000000000,2.000000000,0.982608696,0.099759750
AOI-0044,2024-10-23,0,0,0,True,5,2.000000000,1.000000000,23.000000000,0.638554217,0.707068915
AOI-0044,2025-04-07,0,2,2,True,0,2.000000000,1.000000000,1.000000000,0.952606635,0.206174211
AOI-0044,2025-04-18,0,0,0,True,0,1.000000000,1.000000000,1.000000000,0.986013986,0.083298165
AOI-0044,2025-05-28,0,1,0,True,0,1.000000000,1.000000000,1.000000000,0.878260870,0.401701573
AOI-0044,2025-06-13,0,1,0,True,0,1.000000000,1.000000000,1.000000000,0.632653061,0.691403850
AOI-0044,2025-07-14,0,1,1,True,0,1.000000000,1.000000000,1.000000000,0.790209790,0.544338318
AOI-0044,2025-07-31,0,1,1,True,1,1.000000000,1.000000000,2.000000000,0.702127660,0.685698853
AOI-0044,2025-08-29,0,0,0,True,0,1.000000000,1.000000000,1.000000000,0.990867580,0.058305859
AOI-0044,2025-09-08,0,0,0,True,0,2.000000000,1.000000000,1.000000000,0.929648241,0.272650708
AOI-0044,2025-09-16,0,1,0,True,5,10.000000000,0.800000000,1.000000000,0.748633880,0.590157197
AOI-0044,2025-10-16,0,2,0,True,1,4.000000000,0.750000000,1.000000000,0.554502370,0.779771987
AOI-0044,2025-10-23,0,0,0,True,0,2.000000000,1.000000000,1.000000000,0.953488372,0.220352331
AOI-0045,2025-04-16,0,0,0,True,0,2.000000000,1.000000000,1.000000000,0.717791411,0.624583560
AOI-0045,2025-05-08,0,0,0,True,0,2.000000000,1.000000000,1.000000000,0.966101695,0.171538761
AOI-0045,2025-06-05,0,0,0,True,0,2.000000000,1.000000000,1.000000000,0.985611511,0.085284100
AOI-0045,2025-07-28,0,2,0,True,0,2.000000000,1.000000000,1.000000000,0.691629956,0.640879796
AOI-0045,2025-08-07,0,1,0,True,0,1.000000000,1.000000000,1.000000000,0.897142857,0.353384727
AOI-0045,2025-08-29,0,0,0,True,0,1.000000000,1.000000000,1.000000000,0.990867580,0.058305859
AOI-0045,2025-09-28,0,0,0,True,0,2.000000000,1.000000000,1.000000000,0.974683544,0.135612188
AOI-0045,2025-10-02,0,1,1,True,0,1.000000000,1.000000000,1.000000000,0.837037037,0.474683707
AOI-0045,2025-10-08,0,0,0,True,0,2.000000000,1.000000000,1.000000000,0.987730061,0.074694356
AOI-0045,2025-10-18,0,0,0,True,0,1.000000000,1.000000000,1.000000000,0.981308411,0.105858397
AOI-0046,2010-04-07,0,2,2,True,1,1.000000000,1.000000000,2.000000000,0.668246445,0.660253900
AOI-0046,2010-04-23,0,2,2,True,1,1.000000000,1.000000000,2.000000000,0.603864734,0.697503341
AOI-0046,2010-06-04,0,1,1,True,1,1.000000000,1.000000000,2.000000000,0.966101695,0.171538761
AOI-0046,2010-07-13,0,1,1,True,1,1.000000000,1.000000000,2.000000000,0.981308411,0.105858397
AOI-0046,2010-08-31,0,1,1,True,1,1.000000000,1.000000000,2.000000000,0.970149254,0.154913925
AOI-0046,2011-04-23,0,2,2,True,1,1.000000000,1.000000000,2.000000000,0.990338164,0.061138862
AOI-0046,2011-05-14,0,1,1,True,1,1.000000000,1.000000000,2.000000000,0.963636364,0.181415523
AOI-0046,2011-06-30,0,1,1,True,1,1.000000000,1.000000000,2.000000000,0.957446809,0.205470750
AOI-0046,2011-08-02,0,1,1,True,5,2.000000000,1.000000000,21.000000000,0.966101695,0.171538761
AOI-0046,2011-08-18,0,1,1,True,1,1.000000000,1.000000000,2.000000000,0.957446809,0.205470750
AOI-0046,2011-09-02,0,1,1,True,5,2.000000000,1.000000000,21.000000000,0.981981982,0.102711110
AOI-0046,2012-06-25,0,1,2,True,1,1.000000000,1.000000000,2.000000000,0.748743719,0.588344050
AOI-0046,2012-07-18,0,1,1,True,1,1.000000000,1.000000000,2.000000000,0.979797980,0.112827275
AOI-0046,2012-09-04,0,1,1,True,1,1.000000000,1.000000000,2.000000000,0.979797980,0.112827275
AOI-0046,2013-05-02,0,1,1,True,5,2.000000000,1.000000000,21.000000000,0.981308411,0.105858397
AOI-0046,2013-06-10,0,2,2,True,1,1.000000000,1.000000000,2.000000000,0.687203791,0.645879152
AOI-0046,2013-07-06,0,1,1,True,1,1.000000000,1.000000000,2.000000000,0.968253968,0.162764794
AOI-0046,2013-07-12,0,2,2,True,1,1.000000000,1.000000000,2.000000000,0.565217391,0.711158468
AOI-0046,2013-08-23,0,1,1,False,-1,0.000000000,0.000000000,inf,0.953488372,0.220352331
AOI-0046,2014-04-03,0,1,1,True,1,1.000000000,1.000000000,2.000000000,0.953488372,0.220352331
AOI-0046,2014-06-22,0,1,1,True,1,1.000000000,1.000000000,2.000000000,0.978947368,0.116700546
AOI-0046,2014-08-10,0,1,1,True,1,1.000000000,1.000000000,2.000000000,0.968253968,0.162764794
AOI-0046,2014-10-13,0,1,1,True,1,1.000000000,1.000000000,2.000000000,0.913043478,0.355712860
AOI-0046,2014-10-16,0,2,2,True,1,1.000000000,1.000000000,2.000000000,0.990338164,0.061138862
AOI-0046,2014-10-29,0,1,1,True,5,1.000000000,1.000000000,21.000000000,0.963636364,0.181415523
AOI-0046,2015-04-14,0,1,1,True,1,1.000000000,1.000000000,2.000000000,0.981308411,0.105858397
AOI-0046,2015-06-02,0,1,1,True,1,1.000000000,1.000000000,2.000000000,0.963636364,0.181415523
AOI-0046,2015-07-20,0,1,1,True,1,1.000000000,1.000000000,2.000000000,0.966101695,0.171538761
AOI-0046,2015-07-28,0,1,2,True,5,2.000000000,1.000000000,21.000000000,0.719806763,0.617540427
AOI-0046,2015-08-05,0,1,1,True,1,1.000000000,1.000000000,2.000000000,0.968253968,0.162764794
AOI-0046,2016-04-17,0,1,1,False,-1,0.000000000,0.000000000,inf,0.960784314,0.192625738
AOI-0046,2016-05-11,0,1,1,False,-1,0.000000000,0.000000000,inf,0.953488372,0.220352331
AOI-0046,2016-06-20,0,1,1,True,5,2.000000000,1.000000000,21.000000000,0.957446809,0.205470750
AOI-0046,2016-06-25,0,2,2,True,5,1.000000000,1.000000000,22.000000000,0.781990521,0.547209720
AOI-0046,2016-07-27,0,2,2,False,-1,0.000000000,0.000000000,inf,0.775401070,0.557938310
AOI-0046,2016-08-12,0,2,2,True,1,1.000000000,1.000000000,2.000000000,0.739130435,0.598020854
AOI-0046,2017-04-08,0,0,0,True,1,1.000000000,1.000000000,2.000000000,0.942857143,0.258640932
AOI-0046,2017-04-23,0,2,2,True,1,1.000000000,1.000000000,2.000000000,0.990867580,0.058305859
AOI-0046,2017-04-27,0,1,1,True,1,1.000000000,1.000000000,2.000000000,0.983193277,0.096986095
AOI-0046,2017-05-21,0,1,1,True,1,1.000000000,1.000000000,2.000000000,0.973333333,0.141440924
AOI-0046,2017-06-22,0,1,1,True,1,1.000000000,1.000000000,2.000000000,0.963636364,0.181415523
AOI-0046,2017-08-26,0,1,0,True,1,1.000000000,1.000000000,2.000000000,0.773913043,0.571362280
AOI-0046,2017-09-18,0,1,0,True,1,1.000000000,1.000000000,2.000000000,0.805714286,0.518158008
AOI-0046,2017-10-05,0,1,0,True,1,1.000000000,1.000000000,2.000000000,0.553398058,0.734207296
AOI-0046,2018-04-07,0,1,2,True,1,1.000000000,1.000000000,2.000000000,0.706161137,0.629814033
AOI-0046,2018-05-01,0,1,0,True,1,1.000000000,1.000000000,2.000000000,0.698630137,0.635682805
AOI-0046,2018-05-03,0,0,0,True,1,1.000000000,1.000000000,2.000000000,0.985185185,0.087375267
AOI-0046,2018-07-12,0,1,2,True,5,2.000000000,1.000000000,21.000000000,0.781990521,0.547209720
AOI-0046,2018-08-05,0,1,1,True,5,2.000000000,1.000000000,21.000000000,0.968253968,0.162764794
AOI-0046,2018-08-13,0,2,2,True,1,1.000000000,1.000000000,2.000000000,0.990521327,0.060162121
AOI-0046,2019-04-07,0,2,2,True,1,1.000000000,1.000000000,2.000000000,0.811659193,0.504999496
AOI-0046,2019-04-26,0,1,0,True,5,1.000000000,1.000000000,22.000000000,0.733990148,0.603780014
AOI-0046,2019-06-21,0,1,1,True,5,1.000000000,1.000000000,21.000000000,0.957446809,0.205470750
AOI-0046,2019-06-27,0,0,0,True,1,1.000000000,1.000000000,2.000000000,0.668449198,0.662645928
AOI-0046,2019-07-23,0,1,1,True,1,1.000000000,1.000000000,2.000000000,0.650793651,0.711524791
AOI-0046,2019-08-08,0,1,0,True,5,1.000000000,1.000000000,22.000000000,0.527272727,0.768724554
AOI-0046,2019-08-16,0,0,0,True,1,1.000000000,1.000000000,2.000000000,0.873417722,0.420987473
AOI-0046,2019-09-17,0,1,1,True,1,1.000000000,1.000000000,2.000000000,0.552238806,0.753117368
AOI-0046,2019-10-02,0,1,1,True,1,1.000000000,1.000000000,2.000000000,0.704347826,0.646365771
AOI-0046,2019-10-15,0,0,0,True,1,1.000000000,1.000000000,2.000000000,0.983193277,0.096986095
AOI-0046,2020-04-22,0,0,0,True,5,1.000000000,1.000000000,22.000000000,0.584541063,0.705105205
AOI-0046,2020-05-02,0,0,0,True,1,1.000000000,1.000000000,2.000000000,0.948717949,0.237819011
AOI-0046,2020-06-06,0,0,0,True,1,1.000000000,1.000000000,2.000000000,0.902097902,0.345640841
AOI-0046,2020-06-16,0,0,0,True,5,2.000000000,1.000000000,21.000000000,0.941747573,0.248377974
AOI-0046,2020-08-09,0,1,1,True,1,1.000000000,1.000000000,2.000000000,0.983739837,0.094374144
AOI-0046,2020-08-15,0,0,0,True,1,1.000000000,1.000000000,2.000000000,0.836477987,0.472122255
AOI-0046,2020-09-03,0,1,1,True,1,1.000000000,1.000000000,2.000000000,0.968253968,0.162764794
AOI-0046,2020-09-19,0,1,0,True,1,1.000000000,1.000000000,2.000000000,0.826771654,0.492999622
AOI-0046,2020-10-12,0,1,0,True,1,1.000000000,1.000000000,2.000000000,0.828571429,0.483197564
AOI-0046,2021-04-22,0,1,0,True,1,1.000000000,1.000000000,2.000000000,0.740458015,0.607016297
AOI-0046,2021-04-23,0,1,2,True,1,1.000000000,1.000000000,2.000000000,0.744075829,0.739771346
AOI-0046,2021-05-09,0,2,2,True,1,1.000000000,1.000000000,2.000000000,0.990521327,0.060162121
AOI-0046,2021-06-16,0,0,0,True,1,1.000000000,1.000000000,2.000000000,0.737142857,0.603553904
AOI-0046,2021-07-01,0,0,0,True,1,1.000000000,1.000000000,2.000000000,0.730994152,0.610441164
AOI-0046,2021-08-28,0,1,0,True,1,1.000000000,1.000000000,2.000000000,0.810055866,0.511345905
AOI-0046,2022-05-12,0,0,0,True,1,1.000000000,1.000000000,2.000000000,0.981981982,0.102711110
AOI-0046,2022-05-28,0,1,1,True,1,1.000000000,1.000000000,2.000000000,0.970149254,0.154913925
AOI-0046,2022-06-08,0,1,1,True,1,1.000000000,1.000000000,2.000000000,0.763779528,0.581206425
AOI-0046,2022-06-11,0,0,0,True,1,1.000000000,1.000000000,2.000000000,0.696335079,0.640386746
AOI-0046,2022-06-29,0,1,0,True,1,1.000000000,1.000000000,2.000000000,0.759162304,0.577267121
AOI-0046,2022-07-14,0,1,0,True,1,1.000000000,1.000000000,2.000000000,0.821138211,0.502736035
AOI-0046,2022-08-29,0,2,2,True,1,1.000000000,1.000000000,2.000000000,0.990338164,0.061138862
AOI-0046,2022-09-09,0,0,0,True,1,1.000000000,1.000000000,2.000000000,0.954198473,0.206598799
AOI-0046,2023-04-07,0,0,2,True,5,2.000000000,1.000000000,21.000000000,0.800947867,0.521482126
AOI-0046,2023-05-15,0,1,0,True,1,1.000000000,1.000000000,2.000000000,0.748837209,0.586770241
AOI-0046,2023-07-12,0,2,2,True,1,1.000000000,1.000000000,2.000000000,0.990338164,0.061138862
AOI-0046,2023-07-31,0,0,0,True,1,1.000000000,1.000000000,2.000000000,0.693251534,0.646547636
AOI-0046,2023-08-05,0,0,0,True,5,1.000000000,1.000000000,21.000000000,0.983739837,0.094374144
AOI-0046,2023-08-30,0,0,0,True,1,1.000000000,1.000000000,2.000000000,0.986013986,0.083298165
AOI-0046,2023-09-12,0,1,0,True,5,1.000000000,1.000000000,21.000000000,0.839572193,0.463824283
AOI-0046,2023-09-14,0,0,2,True,1,1.000000000,1.000000000,2.000000000,0.524663677,0.717305461
AOI-0046,2023-09-27,0,1,0,True,5,1.000000000,1.000000000,22.000000000,0.851428571,0.444443716
AOI-0046,2024-04-07,0,1,1,True,1,1.000000000,1.000000000,2.000000000,0.822784810,0.512745141
AOI-0046,2024-06-10,0,0,0,True,1,1.000000000,1.000000000,2.000000000,0.977011494,0.125386776
AOI-0046,2024-06-30,0,0,0,True,1,1.000000000,1.000000000,2.000000000,0.984251969,0.091909786
AOI-0046,2024-08-04,0,0,0,True,1,1.000000000,1.000000000,2.000000000,0.825242718,0.500845652
AOI-0046,2024-08-05,0,1,1,True,1,1.000000000,1.000000000,2.000000000,0.935483871,0.283936267
AOI-0046,2024-08-14,0,0,0,True,1,1.000000000,1.000000000,2.000000000,0.878260870,0.401701573
AOI-0046,2024-09-21,0,1,0,True,5,1.000000000,1.000000000,22.000000000,0.857923497,0.431876934
AOI-0046,2024-10-23,0,0,0,True,5,2.000000000,1.000000000,21.000000000,0.638554217,0.707068915
AOI-0046,2025-04-18,0,0,0,True,0,1.000000000,1.000000000,1.000000000,0.986013986,0.083298165
AOI-0046,2025-05-03,0,1,1,True,0,2.000000000,1.000000000,1.000000000,0.975903614,0.130281794
AOI-0046,2025-05-04,0,1,0,True,1,4.000000000,0.750000000,1.000000000,0.668246445,0.660253900
AOI-0046,2025-06-26,0,2,2,True,0,1.000000000,1.000000000,1.000000000,0.991341991,0.055740919
AOI-0046,2025-06-28,0,1,0,True,1,4.000000000,0.750000000,1.000000000,0.569620253,0.740529352
AOI-0046,2025-07-25,0,0,0,True,0,2.000000000,1.000000000,1.000000000,0.986013986,0.083298165
AOI-0046,2025-08-06,0,0,0,True,0,2.000000000,1.000000000,1.000000000,0.649289100,0.672991185
AOI-0046,2025-09-14,0,2,2,True,0,2.000000000,1.000000000,1.000000000,0.744075829,0.592350727
AOI-0046,2025-09-17,0,1,1,True,0,1.000000000,1.000000000,1.000000000,0.973333333,0.141440924
AOI-0046,2025-10-13,0,0,0,True,0,2.000000000,1.000000000,1.000000000,0.978021978,0.120874486
AOI-0046,2025-10-18,0,0,0,True,0,1.000000000,1.000000000,1.000000000,0.981308411,0.105858397
AOI-0047,2025-04-07,0,2,2,True,0,1.000000000,1.000000000,1.000000000,0.952606635,0.206174211
AOI-0047,2025-04-18,0,0,0,True,0,1.000000000,1.000000000,1.000000000,0.986013986,0.083298165
AOI-0047,2025-06-26,0,2,2,True,0,1.000000000,1.000000000,1.000000000,0.991341991,0.055740919
AOI-0047,2025-08-16,0,0,0,True,0,2.000000000,1.000000000,1.000000000,0.986394558,0.081409508
AOI-0047,2025-08-17,0,0,0,True,2,1.000000000,1.000000000,4.000000000,0.814207650,0.504717032
AOI-0047,2025-09-06,0,0,0,True,2,1.000000000,1.000000000,4.000000000,0.600000000,0.721688628
AOI-0047,2025-09-13,0,0,0,True,0,2.000000000,1.000000000,1.000000000,0.985611511,0.085284100
AOI-0047,2025-09-24,0,1,1,True,1,1.000000000,1.000000000,2.000000000,0.765765766,0.582527927
AOI-0047,2025-09-26,0,1,0,True,3,3.000000000,1.000000000,5.000000000,0.810055866,0.511345905
AOI-0047,2025-09-28,0,0,0,True,0,2.000000000,1.000000000,1.000000000,0.974683544,0.135612188
AOI-0047,2025-09-30,0,2,2,True,0,1.000000000,1.000000000,1.000000000,0.863874346,0.420059298
AOI-0047,2025-10-08,0,0,0,True,0,2.000000000,1.000000000,1.000000000,0.987730061,0.074694356
AOI-0048,2025-05-08,0,0,0,True,1,1.000000000,1.000000000,2.000000000,0.966101695,0.171538761
AOI-0048,2025-05-16,0,0,0,True,1,1.000000000,1.000000000,2.000000000,0.986394558,0.081409508
AOI-0048,2025-06-04,0,1,1,True,0,1.000000000,1.000000000,1.000000000,0.761006289,0.579000939
AOI-0048,2025-06-25,0,0,0,True,2,1.000000000,1.000000000,4.000000000,0.957446809,0.205470750
AOI-0048,2025-08-07,0,0,0,True,0,1.000000000,1.000000000,1.000000000,0.897142857,0.353384727
AOI-0048,2025-08-23,0,1,1,True,0,1.000000000,1.000000000,1.000000000,0.729032258,0.614707193
AOI-0048,2025-08-29,0,0,0,True,0,1.000000000,1.000000000,1.000000000,0.990867580,0.058305859
AOI-0048,2025-09-01,0,0,0,True,0,1.000000000,1.000000000,1.000000000,0.698630137,0.635682805
AOI-0048,2025-09-25,0,1,0,True,1,1.000000000,1.000000000,2.000000000,0.873873874,0.411410322
AOI-0048,2025-09-30,0,2,2,True,1,1.000000000,1.000000000,2.000000000,0.863874346,0.420059298
AOI-0048,2025-10-03,0,0,0,True,1,1.000000000,1.000000000,2.000000000,0.894736842,0.370715018
AOI-0049,2025-04-07,0,2,2,True,0,1.000000000,1.000000000,1.000000000,0.952606635,0.206174211
AOI-0049,2025-06-03,0,0,0,True,0,1.000000000,1.000000000,1.000000000,0.985185185,0.087375267
AOI-0049,2025-07-12,0,1,2,True,0,1.000000000,1.000000000,1.000000000,0.668161435,0.863543055
AOI-0049,2025-08-09,0,0,0,True,2,1.000000000,1.000000000,3.000000000,0.988023952,0.073197386
AOI-0049,2025-08-21,0,1,1,True,1,1.000000000,1.000000000,2.000000000,0.948717949,0.237819011
AOI-0049,2025-08-22,0,0,0,True,0,1.000000000,1.000000000,1.000000000,0.988304094,0.071763657
AOI-0049,2025-08-30,0,1,1,True,0,1.000000000,1.000000000,1.000000000,0.853658537,0.447709041
AOI-0049,2025-09-16,0,0,0,True,0,1.000000000,1.000000000,1.000000000,0.748633880,0.590157197
AOI-0050,2025-04-24,0,0,0,True,0,2.000000000,1.000000000,1.000000000,0.984732824,0.089580528
AOI-0050,2025-06-13,0,0,0,True,0,2.000000000,1.000000000,1.000000000,0.632653061,0.691403850
AOI-0050,2025-06-19,0,1,1,True,0,2.000000000,1.000000000,1.000000000,0.935483871,0.283936267
AOI-0050,2025-08-06,0,1,0,True,0,1.000000000,1.000000000,1.000000000,0.649289100,0.672991185
AOI-0050,2025-08-21,0,1,1,True,0,1.000000000,1.000000000,1.000000000,0.948717949,0.237819011
AOI-0050,2025-09-01,0,0,0,True,0,2.000000000,1.000000000,1.000000000,0.698630137,0.635682805
AOI-0050,2025-09-15,0,1,0,True,0,1.000000000,1.000000000,1.000000000,0.687203791,0.645879152
AOI-0050,2025-09-21,0,0,0,True,0,2.000000000,1.000000000,1.000000000,0.988304094,0.071763657
AOI-0051,2010-04-06,0,1,1,True,3,2.000000000,1.000000000,7.000000000,0.963636364,0.181415523
AOI-0051,2010-05-25,0,2,2,True,3,1.000000000,1.000000000,7.000000000,0.990867580,0.058305859
AOI-0051,2010-08-13,0,1,2,True,3,1.000000000,1.000000000,8.000000000,0.917808219,0.301725093
AOI-0051,2010-08-28,0,1,1,True,3,1.000000000,1.000000000,7.000000000,0.925925926,0.315396287
AOI-0051,2011-04-07,0,2,2,True,3,1.000000000,1.000000000,7.000000000,0.990697674,0.059218348
AOI-0051,2011-04-23,0,2,2,True,4,1.000000000,1.000000000,10.000000000,0.990338164,0.061138862
AOI-0051,2011-05-09,0,2,2,True,3,2.000000000,1.000000000,7.000000000,0.990521327,0.060162121
AOI-0051,2011-07-15,0,1,1,True,3,1.000000000,1.000000000,8.000000000,0.979797980,0.112827275
AOI-0051,2011-08-13,0,2,2,True,3,2.000000000,1.000000000,7.000000000,0.991031390,0.057423085
AOI-0051,2012-05-08,0,2,2,True,3,1.000000000,1.000000000,8.000000000,0.952606635,0.206174211
AOI-0051,2012-07-27,0,2,2,True,3,2.000000000,1.000000000,7.000000000,0.711627907,0.624497062
AOI-0051,2012-09-11,0,1,1,False,-1,0.000000000,0.000000000,inf,0.971830986,0.147843978
AOI-0051,2013-04-07,0,2,2,True,4,1.000000000,1.000000000,10.000000000,0.932367150,0.264875566
AOI-0051,2013-08-21,0,1,1,True,3,1.000000000,1.000000000,7.000000000,0.978021978,0.120874486
AOI-0051,2013-10-08,0,1,1,True,3,2.000000000,1.000000000,7.000000000,0.977011494,0.125386776
AOI-0051,2013-10-24,0,1,1,True,3,1.000000000,1.000000000,8.000000000,0.979797980,0.112827275
AOI-0051,2014-04-23,0,2,2,True,3,2.000000000,1.000000000,7.000000000,0.991031390,0.057423085
AOI-0051,2014-07-12,0,2,2,True,3,1.000000000,1.000000000,7.000000000,0.990521327,0.060162121
AOI-0051,2014-07-30,0,1,1,True,3,2.000000000,1.000000000,7.000000000,0.960784314,0.192625738
AOI-0051,2014-08-15,0,1,1,True,3,2.000000000,1.000000000,7.000000000,0.960784314,0.192625738
AOI-0051,2014-08-29,0,2,2,True,3,2.000000000,1.000000000,7.000000000,0.990697674,0.059218348
AOI-0051,2015-07-12,0,2,2,True,3,2.000000000,1.000000000,7.000000000,0.773399015,0.558869016
AOI-0051,2015-07-28,0,2,2,True,3,1.000000000,1.000000000,8.000000000,0.719806763,0.617540427
AOI-0051,2015-08-26,0,1,1,True,3,2.000000000,1.000000000,7.000000000,0.960784314,0.192625738
AOI-0051,2015-09-19,0,1,1,True,3,1.000000000,1.000000000,8.000000000,0.960784314,0.192625738
AOI-0051,2015-09-30,0,2,2,True,3,1.000000000,1.000000000,7.000000000,0.704035874,0.630643682
AOI-0051,2016-04-22,0,2,2,True,3,2.000000000,1.000000000,7.000000000,0.972602740,0.137919123
AOI-0051,2016-06-17,0,1,1,True,3,2.000000000,1.000000000,7.000000000,0.960784314,0.192625738
AOI-0051,2016-09-13,0,1,2,True,3,1.000000000,1.000000000,8.000000000,0.753694581,0.582387277
AOI-0051,2016-10-16,0,1,1,False,-1,0.000000000,0.000000000,inf,0.953488372,0.220352331
AOI-0051,2017-04-17,0,1,1,True,3,2.000000000,1.000000000,7.000000000,0.935483871,0.283936267
AOI-0051,2017-04-25,0,1,1,True,3,1.000000000,1.000000000,8.000000000,0.948717949,0.237819011
AOI-0051,2017-04-26,0,0,0,True,3,1.000000000,1.000000000,7.000000000,0.984251969,0.091909786
AOI-0051,2017-05-03,0,1,1,True,3,2.000000000,1.000000000,7.000000000,0.963636364,0.181415523
AOI-0051,2017-05-11,0,1,1,True,3,2.000000000,1.000000000,7.000000000,0.935483871,0.283936267
AOI-0051,2017-06-04,0,1,1,True,3,1.000000000,1.000000000,7.000000000,0.948717949,0.237819011
AOI-0051,2017-07-28,0,2,2,True,3,1.000000000,1.000000000,7.000000000,0.990697674,0.059218348
AOI-0051,2017-08-07,0,1,1,False,-1,0.000000000,0.000000000,inf,0.548387097,0.804665640
AOI-0051,2018-04-12,0,1,1,True,3,2.000000000,1.000000000,7.000000000,0.957446809,0.205470750
AOI-0051,2018-05-06,0,1,1,True,5,1.000000000,1.000000000,22.000000000,0.925925926,0.315396287
AOI-0051,2018-06-07,0,1,1,True,3,2.000000000,1.000000000,7.000000000,0.563218391,0.738285620
AOI-0051,2018-07-01,0,1,1,True,5,2.000000000,1.000000000,22.000000000,0.957446809,0.205470750
AOI-0051,2018-08-13,0,2,2,True,3,1.000000000,1.000000000,7.000000000,0.990521327,0.060162121
AOI-0051,2018-08-19,0,1,1,True,3,1.000000000,1.000000000,8.000000000,0.978021978,0.120874486
AOI-0051,2018-09-12,0,1,1,True,3,2.000000000,1.000000000,7.000000000,0.968253968,0.162764794
AOI-0051,2019-05-09,0,2,2,True,3,2.000000000,1.000000000,7.000000000,0.991031390,0.057423085
AOI-0051,2019-05-25,0,2,2,True,3,1.000000000,1.000000000,8.000000000,0.835748792,0.468447318
AOI-0051,2019-06-18,0,1,1,True,3,1.000000000,1.000000000,7.000000000,0.581395349,0.769653081
AOI-0051,2019-06-19,0,1,1,True,3,2.000000000,1.000000000,7.000000000,0.763779528,0.581206425
AOI-0051,2019-09-07,0,1,1,True,3,2.000000000,1.000000000,7.000000000,0.963636364,0.181415523
AOI-0051,2019-09-15,0,1,0,True,3,2.000000000,1.000000000,7.000000000,0.637426901,0.684820136
AOI-0051,2019-09-23,0,0,0,True,3,2.000000000,1.000000000,7.000000000,0.985185185,0.087375267
AOI-0051,2020-04-17,0,1,0,True,3,1.000000000,1.000000000,8.000000000,0.729032258,0.614707193
AOI-0051,2020-06-25,0,2,2,True,3,2.000000000,1.000000000,7.000000000,0.991031390,0.057423085
AOI-0051,2020-07-14,0,0,0,True,3,2.000000000,1.000000000,7.000000000,0.951219512,0.216887283
AOI-0051,2020-07-15,0,1,1,True,3,2.000000000,1.000000000,7.000000000,0.978021978,0.120874486
AOI-0051,2020-08-12,0,2,2,True,3,1.000000000,1.000000000,8.000000000,0.838862559,0.462932768
AOI-0051,2020-09-01,0,1,1,True,3,2.000000000,1.000000000,7.000000000,0.762237762,0.580035758
AOI-0051,2020-09-12,0,0,0,True,3,1.000000000,1.000000000,8.000000000,0.810055866,0.511345905
AOI-0051,2020-09-17,0,0,0,True,3,2.000000000,1.000000000,7.000000000,0.987096774,0.077896072
AOI-0051,2020-10-26,0,1,1,True,3,1.000000000,1.000000000,7.000000000,0.523809524,0.761605701
AOI-0051,2021-04-30,0,0,0,True,3,2.000000000,1.000000000,7.000000000,0.981981982,0.102711110
AOI-0051,2021-06-14,0,0,0,True,3,1.000000000,1.000000000,7.000000000,0.985185185,0.087375267
AOI-0051,2021-07-12,0,2,2,True,3,2.000000000,1.000000000,7.000000000,0.600000000,0.871876280
AOI-0051,2021-07-14,0,0,0,True,3,1.000000000,1.000000000,8.000000000,0.986013986,0.083298165
AOI-0051,2021-09-17,0,0,0,True,3,1.000000000,1.000000000,7.000000000,0.983739837,0.094374144
AOI-0051,2021-10-06,0,1,1,True,3,2.000000000,1.000000000,7.000000000,0.755395683,0.588786262
AOI-0051,2021-10-16,0,2,2,True,3,1.000000000,1.000000000,7.000000000,0.711627907,0.785296503
AOI-0051,2021-10-27,0,0,0,True,3,2.000000000,1.000000000,7.000000000,0.986013986,0.083298165
AOI-0051,2022-05-17,0,1,1,False,-1,0.000000000,0.000000000,inf,0.960784314,0.192625738
AOI-0051,2022-05-25,0,0,2,True,3,1.000000000,1.000000000,8.000000000,0.661835749,0.726826286
AOI-0051,2022-06-10,0,2,2,True,4,1.000000000,1.000000000,11.000000000,0.788944724,0.539098563
AOI-0051,2022-08-05,0,1,0,True,3,2.000000000,1.000000000,7.000000000,0.495327103,0.739642453
AOI-0051,2022-08-25,0,1,0,True,3,2.000000000,1.000000000,7.000000000,0.704918033,0.633850789
AOI-0051,2022-09-15,0,1,1,False,-1,0.000000000,0.000000000,inf,0.960784314,0.192625738
AOI-0051,2022-09-27,0,0,0,True,3,1.000000000,1.000000000,7.000000000,0.974683544,0.135612188
AOI-0051,2023-04-02,0,1,0,True,3,1.000000000,1.000000000,8.000000000,0.648854962,0.684928859
AOI-0051,2023-04-26,0,1,1,True,3,2.000000000,1.000000000,7.000000000,0.963636364,0.181415523
AOI-0051,2023-04-27,0,1,1,True,3,1.000000000,1.000000000,8.000000000,0.509933775,0.728031117
AOI-0051,2023-05-25,0,2,2,True,4,2.000000000,1.000000000,10.000000000,0.777777778,0.552980074
AOI-0051,2023-06-22,0,1,1,True,3,2.000000000,1.000000000,7.000000000,0.808695652,0.523482354
AOI-0051,2023-06-26,0,2,0,True,3,2.000000000,1.000000000,7.000000000,0.650224215,0.671299977
AOI-0051,2023-07-20,0,1,1,True,3,2.000000000,1.000000000,7.000000000,0.942857143,0.258640932
AOI-0051,2023-08-23,0,0,0,True,3,2.000000000,1.000000000,7.000000000,0.801324503,0.527596161
AOI-0051,2023-09-02,0,0,0,True,3,1.000000000,1.000000000,8.000000000,0.977011494,0.125386776
AOI-0051,2024-04-04,0,0,0,True,3,1.000000000,1.000000000,7.000000000,0.986013986,0.083298165
AOI-0051,2024-04-13,0,1,1,True,3,1.000000000,1.000000000,7.000000000,0.739130435,0.612089208
AOI-0051,2024-05-06,0,1,0,True,3,2.000000000,1.000000000,7.000000000,0.754010695,0.583648956
AOI-0051,2024-06-16,0,0,0,True,5,2.000000000,1.000000000,22.000000000,0.538461538,0.789212978
AOI-0051,2024-06-28,0,0,0,True,3,1.000000000,1.000000000,8.000000000,0.985185185,0.087375267
AOI-0051,2024-08-11,0,1,1,True,3,2.000000000,1.000000000,7.000000000,0.723577236,0.626221864
AOI-0051,2024-08-17,0,0,0,True,3,2.000000000,1.000000000,7.000000000,0.987421384,0.076258973
AOI-0051,2024-08-26,0,1,1,True,3,2.000000000,1.000000000,7.000000000,0.706666667,0.659348879
AOI-0051,2024-09-20,0,1,1,True,3,1.000000000,1.000000000,7.000000000,0.740458015,0.607016297
AOI-0051,2025-04-19,0,0,0,True,0,1.000000000,1.000000000,1.000000000,0.777777778,0.552980074
AOI-0051,2025-07-12,0,1,2,True,0,1.000000000,1.000000000,1.000000000,0.668161435,0.863543055
AOI-0051,2025-07-13,0,0,0,True,0,2.000000000,1.000000000,1.000000000,0.986013986,0.083298165
AOI-0051,2025-07-28,0,0,0,True,0,2.000000000,1.000000000,1.000000000,0.691629956,0.640879796
AOI-0051,2025-08-07,0,0,0,True,0,1.000000000,1.000000000,1.000000000,0.897142857,0.353384727
AOI-0051,2025-08-13,0,1,2,True,1,2.000000000,1.000000000,2.000000000,0.788235294,0.535813514
AOI-0051,2025-08-17,0,0,0,True,0,1.000000000,1.000000000,1.000000000,0.814207650,0.504717032
AOI-0051,2025-09-07,0,1,1,True,0,1.000000000,1.000000000,1.000000000,0.978947368,0.116700546
AOI-0051,2025-10-16,0,0,0,True,3,6.000000000,0.833333333,1.000000000,0.554502370,0.779771987
AOI-0052,2025-04-01,0,0,0,True,0,2.000000000,1.000000000,1.000000000,0.982608696,0.099759750
AOI-0052,2025-04-15,0,1,1,True,0,1.000000000,1.000000000,1.000000000,0.818181818,0.600166073
AOI-0052,2025-05-04,0,0,0,True,0,2.000000000,1.000000000,1.000000000,0.668246445,0.660253900
AOI-0052,2025-07-12,0,1,2,True,0,1.000000000,1.000000000,1.000000000,0.668161435,0.863543055
AOI-0052,2025-08-05,0,1,1,True,0,1.000000000,1.000000000,1.000000000,0.600000000,0.775939123
AOI-0052,2025-08-13,0,1,2,True,0,1.000000000,1.000000000,1.000000000,0.788235294,0.535813514
AOI-0052,2025-09-11,0,0,0,True,0,1.000000000,1.000000000,1.000000000,0.984251969,0.091909786
AOI-0052,2025-09-15,0,1,0,True,1,1.000000000,1.000000000,2.000000000,0.687203791,0.645879152
AOI-0052,2025-09-26,0,0,0,True,0,1.000000000,1.000000000,1.000000000,0.810055866,0.511345905
AOI-0053,2025-06-03,0,0,0,True,0,1.000000000,1.000000000,1.000000000,0.985185185,0.087375267
AOI-0053,2025-06-11,0,1,1,True,0,1.000000000,1.000000000,1.000000000,0.853658537,0.447709041
AOI-0053,2025-08-21,0,1,1,True,0,2.000000000,1.000000000,1.000000000,0.948717949,0.237819011
AOI-0053,2025-09-30,0,2,2,True,0,1.000000000,1.000000000,1.000000000,0.863874346,0.420059298
AOI-0053,2025-10-08,0,0,0,True,0,1.000000000,1.000000000,1.000000000,0.987730061,0.074694356
AOI-0053,2025-10-16,0,0,0,True,0,1.000000000,1.000000000,1.000000000,0.554502370,0.779771987
AOI-0053,2025-10-17,0,1,1,True,0,1.000000000,1.000000000,1.000000000,0.975903614,0.130281794
AOI-0054,2025-04-01,0,0,0,True,0,1.000000000,1.000000000,1.000000000,0.982608696,0.099759750
AOI-0054,2025-04-14,0,0,0,True,0,1.000000000,1.000000000,1.000000000,0.987421384,0.076258973
AOI-0054,2025-04-15,0,1,1,True,2,1.000000000,1.000000000,3.000000000,0.818181818,0.600166073
AOI-0054,2025-04-29,0,0,0,True,0,1.000000000,1.000000000,1.000000000,0.983739837,0.094374144
AOI-0054,2025-05-09,0,0,2,True,0,1.000000000,1.000000000,1.000000000,0.874476987,0.396131176
AOI-0054,2025-06-10,0,2,0,True,0,2.000000000,1.000000000,1.000000000,0.533039648,0.715890578
AOI-0054,2025-07-21,0,1,1,True,0,1.000000000,1.000000000,1.000000000,0.757009346,0.594115964
AOI-0054,2025-10-08,0,0,0,True,0,1.000000000,1.000000000,1.000000000,0.987730061,0.074694356
AOI-0055,2025-04-29,0,0,0,True,0,1.000000000,1.000000000,1.000000000,0.983739837,0.094374144
AOI-0055,2025-06-19,0,1,1,True,1,2.000000000,1.000000000,2.000000000,0.935483871,0.283936267
AOI-0055,2025-07-10,0,0,0,True,0,2.000000000,1.000000000,1.000000000,0.990147783,0.062150380
AOI-0055,2025-07-12,0,1,2,True,0,2.000000000,1.000000000,1.000000000,0.668161435,0.863543055
AOI-0055,2025-07-21,0,1,1,True,0,1.000000000,1.000000000,1.000000000,0.757009346,0.594115964
AOI-0055,2025-07-28,0,0,0,True,0,1.000000000,1.000000000,1.000000000,0.691629956,0.640879796
AOI-0055,2025-09-08,0,0,0,True,0,1.000000000,1.000000000,1.000000000,0.929648241,0.272650708
AOI-0055,2025-09-11,0,0,0,True,0,2.000000000,1.000000000,1.000000000,0.984251969,0.091909786
AOI-0056,2025-04-01,0,0,0,True,1,1.000000000,1.000000000,2.000000000,0.982608696,0.099759750
AOI-0056,2025-04-07,0,2,2,True,0,1.000000000,1.000000000,1.000000000,0.952606635,0.206174211
AOI-0056,2025-05-01,0,1,0,True,0,1.000000000,1.000000000,1.000000000,0.903083700,0.336174613
AOI-0056,2025-05-25,0,2,2,True,0,1.000000000,1.000000000,1.000000000,0.844748858,0.452311103
AOI-0056,2025-08-02,0,0,0,True,0,2.000000000,1.000000000,1.000000000,0.986013986,0.083298165
AOI-0056,2025-09-26,0,0,0,True,0,2.000000000,1.000000000,1.000000000,0.810055866,0.511345905
AOI-0056,2025-09-30,0,2,2,True,0,1.000000000,1.000000000,1.000000000,0.863874346,0.420059298
AOI-0056,2025-10-17,0,1,1,True,0,1.000000000,1.000000000,1.000000000,0.975903614,0.130281794
AOI-0057,2025-04-07,0,2,2,True,1,2.000000000,1.000000000,2.000000000,0.952606635,0.206174211
AOI-0057,2025-05-01,0,1,0,True,0,1.000000000,1.000000000,1.000000000,0.903083700,0.336174613
AOI-0057,2025-05-17,0,1,1,True,0,2.000000000,1.000000000,1.000000000,0.913043478,0.355712860
AOI-0057,2025-05-25,0,2,2,False,-1,0.000000000,0.000000000,2.000000000,0.844748858,0.452311103
AOI-0057,2025-07-23,0,0,0,True,0,1.000000000,1.000000000,1.000000000,0.775401070,0.557938310
AOI-0057,2025-09-22,0,1,1,True,0,1.000000000,1.000000000,1.000000000,0.957446809,0.205470750
AOI-0057,2025-09-23,0,1,0,True,0,2.000000000,1.000000000,1.000000000,0.656387665,0.666971969
AOI-0057,2025-09-30,0,2,2,True,0,1.000000000,1.000000000,1.000000000,0.863874346,0.420059298
AOI-0058,2010-08-05,0,1,1,True,3,1.000000000,1.000000000,7.000000000,0.979797980,0.112827275
AOI-0058,2010-09-30,0,2,2,True,0,1.000000000,1.000000000,1.000000000,0.990147783,0.062150380
AOI-0058,2010-10-16,0,1,2,True,0,1.000000000,1.000000000,1.000000000,0.674418605,0.655383417
AOI-0058,2010-10-23,0,1,1,True,0,1.000000000,1.000000000,1.000000000,0.957446809,0.205470750
AOI-0058,2011-04-23,0,2,2,True,2,1.000000000,1.000000000,3.000000000,0.990338164,0.061138862
AOI-0058,2011-06-20,0,1,1,True,0,1.000000000,1.000000000,1.000000000,0.942857143,0.258640932
AOI-0058,2011-06-26,0,2,2,True,2,1.000000000,1.000000000,4.000000000,0.990697674,0.059218348
AOI-0058,2011-09-30,0,2,2,True,0,1.000000000,1.000000000,1.000000000,0.991031390,0.057423085
AOI-0058,2012-05-08,0,2,2,True,0,1.000000000,1.000000000,1.000000000,0.952606635,0.206174211
AOI-0058,2012-06-25,0,2,2,True,0,1.000000000,1.000000000,1.000000000,0.748743719,0.588344050
AOI-0058,2012-07-09,0,1,1,True,0,1.000000000,1.000000000,1.000000000,0.979797980,0.112827275
AOI-0058,2013-04-08,0,1,1,True,0,1.000000000,1.000000000,1.000000000,0.866666667,0.485094091
AOI-0058,2013-04-14,0,1,1,True,0,1.000000000,1.000000000,1.000000000,0.960784314,0.192625738
AOI-0058,2013-05-25,0,2,2,True,2,2.000000000,1.000000000,3.000000000,0.855072464,0.434988930
AOI-0058,2013-08-20,0,1,1,True,0,1.000000000,1.000000000,1.000000000,0.935483871,0.283936267
AOI-0058,2014-06-28,0,1,1,True,4,1.000000000,1.000000000,15.000000000,0.942857143,0.258640932
AOI-0058,2014-07-07,0,1,1,True,0,1.000000000,1.000000000,1.000000000,0.948717949,0.237819011
AOI-0058,2014-07-28,0,2,2,True,0,1.000000000,1.000000000,1.000000000,0.989949749,0.063198621
AOI-0058,2014-09-16,0,1,1,False,-1,0.000000000,0.000000000,inf,0.925925926,0.315396287
AOI-0058,2014-10-16,0,2,2,True,0,1.000000000,1.000000000,1.000000000,0.990338164,0.061138862
AOI-0058,2015-05-22,0,1,1,True,3,1.000000000,1.000000000,7.000000000,0.957446809,0.205470750
AOI-0058,2015-06-08,0,1,1,True,0,1.000000000,1.000000000,1.000000000,0.979797980,0.112827275
AOI-0058,2015-07-28,0,2,2,True,0,1.000000000,1.000000000,1.000000000,0.719806763,0.617540427
AOI-0058,2015-09-19,0,1,1,True,0,1.000000000,1.000000000,1.000000000,0.960784314,0.192625738
AOI-0058,2015-10-05,0,1,1,True,0,1.000000000,1.000000000,1.000000000,0.957446809,0.205470750
AOI-0058,2015-10-06,0,1,1,True,0,1.000000000,1.000000000,1.000000000,0.973333333,0.141440924
AOI-0058,2016-04-07,0,1,1,True,3,1.000000000,1.000000000,7.000000000,0.978021978,0.120874486
AOI-0058,2016-07-11,0,2,2,True,0,1.000000000,1.000000000,1.000000000,0.936073059,0.254088226
AOI-0058,2016-09-13,0,1,2,True,0,1.000000000,1.000000000,1.000000000,0.753694581,0.582387277
AOI-0058,2016-09-14,0,1,1,True,5,1.000000000,1.000000000,30.000000000,0.977011494,0.125386776
AOI-0058,2017-05-09,0,2,2,True,0,1.000000000,1.000000000,1.000000000,0.990867580,0.058305859
AOI-0058,2017-05-27,0,1,1,True,3,1.000000000,1.000000000,7.000000000,0.953488372,0.220352331
AOI-0058,2017-05-28,0,1,1,True,0,1.000000000,1.000000000,1.000000000,0.973333333,0.141440924
AOI-0058,2017-06-12,0,1,1,True,0,1.000000000,1.000000000,1.000000000,0.957446809,0.205470750
AOI-0058,2017-06-28,0,1,1,True,0,1.000000000,1.000000000,1.000000000,0.960784314,0.192625738
AOI-0058,2017-07-12,0,0,2,True,2,1.000000000,1.000000000,3.000000000,0.841860465,0.457555646
AOI-0058,2017-08-08,0,1,1,True,0,1.000000000,1.000000000,1.000000000,0.939393939,0.255938614
AOI-0058,2017-09-30,0,2,2,True,0,1.000000000,1.000000000,1.000000000,0.630331754,0.684135614
AOI-0058,2018-04-04,0,1,1,True,3,1.000000000,1.000000000,7.000000000,0.957446809,0.205470750
AOI-0058,2018-04-05,0,1,1,True,0,1.000000000,1.000000000,1.000000000,0.973333333,0.141440924
AOI-0058,2018-06-10,0,2,2,True,0,1.000000000,1.000000000,1.000000000,0.698630137,0.761552026
AOI-0058,2018-07-01,0,1,1,True,4,2.000000000,1.000000000,15.000000000,0.957446809,0.205470750
AOI-0058,2018-07-09,0,1,1,True,3,1.000000000,1.000000000,7.000000000,0.714285714,0.659572204
AOI-0058,2018-08-19,0,1,1,True,0,1.000000000,1.000000000,1.000000000,0.978021978,0.120874486
AOI-0058,2018-08-29,0,2,2,True,0,1.000000000,1.000000000,1.000000000,0.763033175,0.570790373
AOI-0058,2018-10-06,0,1,1,True,3,1.000000000,1.000000000,7.000000000,0.978021978,0.120874486
AOI-0058,2019-06-30,0,0,0,True,2,2.000000000,1.000000000,3.000000000,0.756097561,0.591181657
AOI-0058,2019-07-12,0,1,2,True,0,1.000000000,1.000000000,1.000000000,0.826484018,0.482533258
AOI-0058,2019-08-05,0,1,1,True,0,1.000000000,1.000000000,1.000000000,0.948717949,0.237819011
AOI-0058,2019-08-09,0,0,0,True,0,1.000000000,1.000000000,1.000000000,0.828571429,0.483197564
AOI-0058,2019-08-29,0,0,0,True,0,1.000000000,1.000000000,1.000000000,0.698630137,0.635682805
AOI-0058,2019-09-03,0,0,0,True,2,2.000000000,1.000000000,3.000000000,0.987096774,0.077896072
AOI-0058,2019-09-14,0,1,2,True,0,1.000000000,1.000000000,1.000000000,0.781990521,0.547209720
AOI-0058,2019-09-18,0,0,0,True,0,1.000000000,1.000000000,1.000000000,0.981308411,0.105858397
AOI-0058,2020-04-02,0,1,0,True,0,1.000000000,1.000000000,1.000000000,0.661202186,0.668207673
AOI-0058,2020-04-06,0,2,2,True,0,1.000000000,1.000000000,1.000000000,0.990867580,0.058305859
AOI-0058,2020-04-26,0,1,1,False,-1,0.000000000,0.000000000,inf,0.975903614,0.130281794
AOI-0058,2020-06-04,0,1,0,True,0,1.000000000,1.000000000,1.000000000,0.818181818,0.513150069
AOI-0058,2020-07-04,0,0,0,True,0,1.000000000,1.000000000,1.000000000,0.986754967,0.079610965
AOI-0058,2020-07-27,0,2,2,True,0,1.000000000,1.000000000,1.000000000,0.891625616,0.363142265
AOI-0058,2020-07-31,0,0,0,True,2,2.000000000,1.000000000,3.000000000,0.595092025,0.706743223
AOI-0058,2020-09-12,0,0,0,True,0,1.000000000,1.000000000,1.000000000,0.810055866,0.511345905
AOI-0058,2020-10-17,0,0,0,True,0,1.000000000,1.000000000,1.000000000,0.986394558,0.081409508
AOI-0058,2021-05-05,0,0,0,True,0,1.000000000,1.000000000,1.000000000,0.986394558,0.081409508
AOI-0058,2021-05-07,0,1,1,True,0,1.000000000,1.000000000,1.000000000,0.600000000,0.731469565
AOI-0058,2021-06-09,0,0,0,True,0,1.000000000,1.000000000,1.000000000,0.851428571,0.444443716
AOI-0058,2021-06-19,0,0,0,True,2,2.000000000,1.000000000,3.000000000,0.814207650,0.504717032
AOI-0058,2021-07-01,0,1,0,True,3,1.000000000,1.000000000,7.000000000,0.730994152,0.610441164
AOI-0058,2021-07-17,0,1,1,True,0,1.000000000,1.000000000,1.000000000,0.647058824,0.724975116
AOI-0058,2021-07-26,0,1,0,True,0,1.000000000,1.000000000,1.000000000,0.694581281,0.640602776
AOI-0058,2021-07-28,0,2,2,True,2,1.000000000,1.000000000,4.000000000,0.681159420,0.846995877
AOI-0058,2022-05-09,0,1,2,True,0,1.000000000,1.000000000,1.000000000,0.860465116,0.424510555
AOI-0058,2022-05-10,0,0,0,True,0,1.000000000,1.000000000,1.000000000,0.791411043,0.539759098
AOI-0058,2022-05-25,0,0,2,True,0,1.000000000,1.000000000,1.000000000,0.661835749,0.726826286
AOI-0058,2022-05-26,0,1,1,True,0,1.000000000,1.000000000,1.000000000,0.977011494,0.125386776
AOI-0058,2022-07-19,0,0,0,True,0,1.000000000,1.000000000,1.000000000,0.958041958,0.193022418
AOI-0058,2022-09-07,0,0,0,True,0,1.000000000,1.000000000,1.000000000,0.889763780,0.375374762
AOI-0058,2022-10-12,0,0,0,True,0,1.000000000,1.000000000,1.000000000,0.985611511,0.085284100
AOI-0058,2023-04-02,0,1,0,True,0,1.000000000,1.000000000,1.000000000,0.648854962,0.684928859
AOI-0058,2023-04-27,0,1,1,True,0,1.000000000,1.000000000,1.000000000,0.509933775,0.728031117
AOI-0058,2023-05-04,0,1,1,True,3,1.000000000,1.000000000,7.000000000,0.546666667,0.748938723
AOI-0058,2023-05-12,0,0,0,True,2,1.000000000,1.000000000,4.000000000,0.743016760,0.596792252
AOI-0058,2023-05-25,0,2,2,True,2,2.000000000,1.000000000,3.000000000,0.777777778,0.552980074
AOI-0058,2023-06-05,0,1,1,True,0,1.000000000,1.000000000,1.000000000,0.963636364,0.181415523
AOI-0058,2023-07-12,0,2,2,True,0,1.000000000,1.000000000,1.000000000,0.990338164,0.061138862
AOI-0058,2023-07-29,0,0,0,True,2,1.000000000,1.000000000,3.000000000,0.980582524,0.109222462
AOI-0058,2023-08-06,0,1,1,True,3,1.000000000,1.000000000,7.000000000,0.837837838,0.478031285
AOI-0058,2023-09-26,0,1,1,True,0,1.000000000,1.000000000,1.000000000,0.821138211,0.502736035
AOI-0058,2024-05-22,0,1,1,True,0,1.000000000,1.000000000,1.000000000,0.846153846,0.498640131
AOI-0058,2024-05-24,0,0,0,True,0,1.000000000,1.000000000,1.000000000,0.687203791,0.838133528
AOI-0058,2024-05-30,0,1,1,True,3,1.000000000,1.000000000,7.000000000,0.957446809,0.205470750
AOI-0058,2024-07-02,0,1,1,True,0,1.000000000,1.000000000,1.000000000,0.781512605,0.560605439
AOI-0058,2024-07-11,0,2,2,True,0,1.000000000,1.000000000,1.000000000,0.800947867,0.633424933
AOI-0058,2024-07-28,0,0,0,True,4,2.000000000,1.000000000,15.000000000,0.898305085,0.374610987
AOI-0058,2024-09-19,0,1,1,True,3,1.000000000,1.000000000,7.000000000,0.568627451,0.763461902
AOI-0058,2024-10-15,0,2,2,True,0,1.000000000,1.000000000,1.000000000,0.990338164,0.061138862
AOI-0058,2025-04-14,0,0,0,True,0,2.000000000,1.000000000,1.000000000,0.987421384,0.076258973
AOI-0058,2025-05-25,0,1,2,True,0,1.000000000,1.000000000,1.000000000,0.844748858,0.452311103
AOI-0058,2025-06-08,0,0,0,True,0,2.000000000,1.000000000,1.000000000,0.989743590,0.064285679
AOI-0058,2025-06-19,0,1,1,True,0,2.000000000,1.000000000,1.000000000,0.935483871,0.283936267
AOI-0058,2025-08-22,0,0,0,True,0,2.000000000,1.000000000,1.000000000,0.988304094,0.071763657
AOI-0058,2025-09-01,0,0,0,True,1,1.000000000,1.000000000,2.000000000,0.698630137,0.635682805
AOI-0058,2025-09-08,0,0,0,True,0,2.000000000,1.000000000,1.000000000,0.929648241,0.272650708
AOI-0058,2025-10-08,0,0,0,True,0,1.000000000,1.000000000,1.000000000,0.987730061,0.074694356
AOI-0059,2010-05-25,0,2,2,True,0,1.000000000,1.000000000,1.000000000,0.990867580,0.058305859
AOI-0059,2010-08-05,0,1,1,True,3,1.000000000,1.000000000,8.000000000,0.979797980,0.112827275
AOI-0059,2010-08-29,0,2,2,True,1,1.000000000,1.000000000,2.000000000,0.545893720,0.715682192
AOI-0059,2010-10-24,0,1,1,True,0,1.000000000,1.000000000,1.000000000,0.977011494,0.125386776
AOI-0059,2011-04-07,0,2,2,True,0,1.000000000,1.000000000,1.000000000,0.990697674,0.059218348
AOI-0059,2011-08-29,0,2,2,True,1,1.000000000,1.000000000,2.000000000,0.990338164,0.061138862
AOI-0059,2011-10-02,0,1,1,False,-1,0.000000000,0.000000000,inf,0.913043478,0.355712860
AOI-0059,2011-10-27,0,1,1,True,3,1.000000000,1.000000000,8.000000000,0.977011494,0.125386776
AOI-0059,2012-04-06,0,2,2,True,0,1.000000000,1.000000000,1.000000000,0.990147783,0.062150380
AOI-0059,2012-05-22,0,1,1,True,0,1.000000000,1.000000000,1.000000000,0.980582524,0.109222462
AOI-0059,2012-08-28,0,2,2,True,0,1.000000000,1.000000000,1.000000000,0.681159420,0.651026440
AOI-0059,2013-04-07,0,2,2,True,1,1.000000000,1.000000000,2.000000000,0.932367150,0.264875566
AOI-0059,2013-05-25,0,2,2,True,1,1.000000000,1.000000000,2.000000000,0.855072464,0.434988930
AOI-0059,2013-07-11,0,1,1,True,3,1.000000000,1.000000000,8.000000000,0.957446809,0.205470750
AOI-0059,2013-08-12,0,1,1,True,0,1.000000000,1.000000000,1.000000000,0.963636364,0.181415523
AOI-0059,2014-04-17,0,1,1,True,0,1.000000000,1.000000000,1.000000000,0.953488372,0.220352331
AOI-0059,2014-05-04,0,1,1,True,0,1.000000000,1.000000000,1.000000000,0.979797980,0.112827275
AOI-0059,2014-05-25,0,2,2,True,0,1.000000000,1.000000000,1.000000000,0.990147783,0.062150380
AOI-0059,2014-06-26,0,2,2,True,0,1.000000000,1.000000000,1.000000000,0.990697674,0.059218348
AOI-0059,2014-07-12,0,2,2,True,0,1.000000000,1.000000000,1.000000000,0.990521327,0.060162121
AOI-0059,2014-09-16,0,1,1,False,-1,0.000000000,0.000000000,inf,0.925925926,0.315396287
AOI-0059,2015-04-05,0,1,1,True,0,1.000000000,1.000000000,1.000000000,0.968253968,0.162764794
AOI-0059,2015-04-12,0,1,1,True,0,1.000000000,1.000000000,1.000000000,0.957446809,0.205470750
AOI-0059,2015-05-23,0,1,1,True,0,1.000000000,1.000000000,1.000000000,0.978947368,0.116700546
AOI-0059,2015-09-04,0,1,1,True,0,1.000000000,1.000000000,1.000000000,0.977011494,0.125386776
AOI-0059,2015-09-28,0,1,1,True,0,1.000000000,1.000000000,1.000000000,0.978947368,0.116700546
AOI-0059,2016-04-07,0,1,1,True,3,1.000000000,1.000000000,8.000000000,0.978021978,0.120874486
AOI-0059,2016-06-09,0,2,2,True,1,1.000000000,1.000000000,2.000000000,0.989949749,0.063198621
AOI-0059,2016-06-26,0,1,1,True,0,1.000000000,1.000000000,1.000000000,0.978947368,0.116700546
AOI-0059,2016-07-27,0,2,2,True,1,1.000000000,1.000000000,2.000000000,0.775401070,0.557938310
AOI-0059,2016-09-06,0,1,1,True,0,1.000000000,1.000000000,1.000000000,0.979797980,0.112827275
AOI-0059,2017-04-23,0,2,2,True,0,1.000000000,1.000000000,1.000000000,0.990867580,0.058305859
AOI-0059,2017-04-26,0,0,0,True,0,1.000000000,1.000000000,1.000000000,0.984251969,0.091909786
AOI-0059,2017-06-26,0,2,2,True,0,1.000000000,1.000000000,1.000000000,0.990867580,0.058305859
AOI-0059,2017-07-25,0,0,0,True,0,1.000000000,1.000000000,1.000000000,0.578231293,0.715679781
AOI-0059,2017-09-13,0,0,0,True,1,1.000000000,1.000000000,2.000000000,0.984251969,0.091909786
AOI-0059,2017-09-14,0,2,2,True,0,1.000000000,1.000000000,1.000000000,0.990521327,0.060162121
AOI-0059,2017-10-19,0,1,1,True,0,1.000000000,1.000000000,1.000000000,0.978947368,0.116700546
AOI-0059,2018-04-04,0,1,1,True,3,1.000000000,1.000000000,8.000000000,0.957446809,0.205470750
AOI-0059,2018-04-21,0,1,1,True,0,1.000000000,1.000000000,1.000000000,0.970149254,0.154913925
AOI-0059,2018-04-29,0,1,1,True,0,1.000000000,1.000000000,1.000000000,0.978021978,0.120874486
AOI-0059,2018-05-15,0,1,1,True,3,1.000000000,1.000000000,8.000000000,0.977011494,0.125386776
AOI-0059,2018-06-26,0,2,2,True,0,1.000000000,1.000000000,1.000000000,0.721973094,0.614035411
AOI-0059,2018-07-01,0,1,1,True,4,2.000000000,1.000000000,14.000000000,0.957446809,0.205470750
AOI-0059,2018-10-30,0,1,1,True,0,1.000000000,1.000000000,1.000000000,0.977011494,0.125386776
AOI-0059,2019-04-06,0,0,0,True,0,1.000000000,1.000000000,1.000000000,0.986013986,0.083298165
AOI-0059,2019-04-07,0,1,2,True,0,1.000000000,1.000000000,1.000000000,0.811659193,0.504999496
AOI-0059,2019-05-02,0,1,1,True,0,1.000000000,1.000000000,1.000000000,0.975903614,0.130281794
AOI-0059,2019-06-18,0,1,1,True,0,1.000000000,1.000000000,1.000000000,0.581395349,0.769653081
AOI-0059,2019-07-05,0,0,0,True,0,1.000000000,1.000000000,1.000000000,0.987096774,0.077896072
AOI-0059,2019-09-28,0,0,0,True,3,1.000000000,1.000000000,8.000000000,0.970149254,0.154913925
AOI-0059,2019-10-28,0,0,0,True,0,1.000000000,1.000000000,1.000000000,0.806451613,0.519613528
AOI-0059,2020-04-26,0,1,1,False,-1,0.000000000,0.000000000,inf,0.975903614,0.130281794
AOI-0059,2020-05-20,0,1,0,True,0,1.000000000,1.000000000,1.000000000,0.765765766,0.582527927
AOI-0059,2020-05-28,0,1,1,True,0,1.000000000,1.000000000,1.000000000,0.906542056,0.340847656
AOI-0059,2020-06-28,0,1,1,True,0,1.000000000,1.000000000,1.000000000,0.569620253,0.740529352
AOI-0059,2020-07-19,0,0,0,True,0,1.000000000,1.000000000,1.000000000,0.986754967,0.079610965
AOI-0059,2020-07-29,0,0,0,True,0,1.000000000,1.000000000,1.000000000,0.981981982,0.102711110
AOI-0059,2020-07-31,0,0,0,True,1,1.000000000,1.000000000,2.000000000,0.595092025,0.706743223
AOI-0059,2020-08-15,0,1,0,True,0,1.000000000,1.000000000,1.000000000,0.836477987,0.472122255
AOI-0059,2020-09-27,0,0,0,True,0,1.000000000,1.000000000,1.000000000,0.698630137,0.635682805
AOI-0059,2020-10-12,0,0,0,True,0,1.000000000,1.000000000,1.000000000,0.828571429,0.483197564
AOI-0059,2021-04-21,0,1,1,True,0,1.000000000,1.000000000,1.000000000,0.971830986,0.147843978
AOI-0059,2021-06-14,0,0,0,True,0,1.000000000,1.000000000,1.000000000,0.985185185,0.087375267
AOI-0059,2021-07-01,0,1,0,True,3,1.000000000,1.000000000,8.000000000,0.730994152,0.610441164
AOI-0059,2021-07-19,0,0,0,True,0,1.000000000,1.000000000,1.000000000,0.821989529,0.491983685
AOI-0059,2021-07-25,0,1,1,True,3,1.000000000,1.000000000,8.000000000,0.953488372,0.220352331
AOI-0059,2021-09-03,0,1,1,True,4,1.000000000,1.000000000,14.000000000,0.866666667,0.485094091
AOI-0059,2021-10-07,0,0,0,True,0,1.000000000,1.000000000,1.000000000,0.801169591,0.525159835
AOI-0059,2022-05-15,0,0,0,True,1,1.000000000,1.000000000,2.000000000,0.706666667,0.659348879
AOI-0059,2022-06-09,0,0,0,True,0,1.000000000,1.000000000,1.000000000,0.984732824,0.089580528
AOI-0059,2022-06-26,0,2,2,True,0,1.000000000,1.000000000,1.000000000,0.879069767,0.427975951
AOI-0059,2022-07-04,0,0,0,True,2,1.000000000,1.000000000,3.000000000,0.954198473,0.206598799
AOI-0059,2022-07-05,0,1,1,True,0,1.000000000,1.000000000,1.000000000,0.982608696,0.099759750
AOI-0059,2022-08-28,0,0,0,True,0,1.000000000,1.000000000,1.000000000,0.987096774,0.077896072
AOI-0059,2022-09-02,0,0,0,True,0,1.000000000,1.000000000,1.000000000,0.894736842,0.359080932
AOI-0059,2022-10-07,0,0,0,True,0,1.000000000,1.000000000,1.000000000,0.986754967,0.079610965
AOI-0059,2023-05-04,0,1,1,True,3,1.000000000,1.000000000,8.000000000,0.546666667,0.748938723
AOI-0059,2023-05-12,0,0,0,True,2,1.000000000,1.000000000,3.000000000,0.743016760,0.596792252
AOI-0059,2023-05-20,0,0,0,True,3,1.000000000,1.000000000,8.000000000,0.756097561,0.591181657
AOI-0059,2023-06-19,0,0,0,True,0,1.000000000,1.000000000,1.000000000,0.986013986,0.083298165
AOI-0059,2023-06-21,0,1,0,True,0,1.000000000,1.000000000,1.000000000,0.740458015,0.607016297
AOI-0059,2023-06-28,0,0,0,False,-1,0.000000000,0.000000000,inf,0.767441860,0.617949634
AOI-0059,2023-08-06,0,1,1,True,3,1.000000000,1.000000000,8.000000000,0.837837838,0.478031285
AOI-0059,2023-08-08,0,0,0,True,0,1.000000000,1.000000000,1.000000000,0.854748603,0.438062356
AOI-0059,2023-09-01,0,1,1,True,0,1.000000000,1.000000000,1.000000000,0.577464789,0.742848415
AOI-0059,2023-10-04,0,1,0,True,0,1.000000000,1.000000000,1.000000000,0.648241206,0.674866890
AOI-0059,2024-05-07,0,1,1,True,0,1.000000000,1.000000000,1.000000000,0.837837838,0.478031285
AOI-0059,2024-05-30,0,1,1,True,3,1.000000000,1.000000000,8.000000000,0.957446809,0.205470750
AOI-0059,2024-06-07,0,1,1,True,0,1.000000000,1.000000000,1.000000000,0.587301587,0.745105228
AOI-0059,2024-07-28,0,0,0,True,4,2.000000000,1.000000000,14.000000000,0.898305085,0.374610987
AOI-0059,2024-09-13,0,2,0,True,0,1.000000000,1.000000000,1.000000000,0.655813953,0.668411592
AOI-0059,2024-09-19,0,1,1,True,3,1.000000000,1.000000000,8.000000000,0.568627451,0.763461902
AOI-0059,2024-09-20,0,1,1,True,0,1.000000000,1.000000000,1.000000000,0.740458015,0.607016297
AOI-0059,2024-09-29,0,2,1,True,0,1.000000000,1.000000000,1.000000000,0.497536946,0.919525408
AOI-0059,2024-10-01,0,0,0,True,1,1.000000000,1.000000000,2.000000000,0.814207650,0.504717032
AOI-0059,2025-06-11,0,1,1,True,0,2.000000000,1.000000000,1.000000000,0.853658537,0.447709041
AOI-0059,2025-07-10,0,0,0,True,0,2.000000000,1.000000000,1.000000000,0.990147783,0.062150380
AOI-0059,2025-07-29,0,1,1,True,0,2.000000000,1.000000000,1.000000000,0.982608696,0.099759750
AOI-0059,2025-08-05,0,1,1,True,0,1.000000000,1.000000000,1.000000000,0.600000000,0.775939123
AOI-0059,2025-08-13,0,1,2,True,0,2.000000000,1.000000000,1.000000000,0.788235294,0.535813514
AOI-0059,2025-08-17,0,0,0,True,0,2.000000000,1.000000000,1.000000000,0.814207650,0.504717032
AOI-0059,2025-08-30,0,1,1,True,0,1.000000000,1.000000000,1.000000000,0.853658537,0.447709041
AOI-0059,2025-09-01,0,0,0,True,1,1.000000000,1.000000000,2.000000000,0.698630137,0.635682805
AOI-0060,2025-04-07,0,2,2,True,0,2.000000000,1.000000000,1.000000000,0.952606635,0.206174211
AOI-0060,2025-05-24,0,0,0,True,0,2.000000000,1.000000000,1.000000000,0.988571429,0.070389141
AOI-0060,2025-08-06,0,1,0,True,3,9.000000000,0.777777778,1.000000000,0.649289100,0.672991185
AOI-0060,2025-08-07,0,0,0,True,0,2.000000000,1.000000000,1.000000000,0.897142857,0.353384727
AOI-0060,2025-08-09,0,0,0,True,0,2.000000000,1.000000000,1.000000000,0.988023952,0.073197386
AOI-0060,2025-08-21,0,1,1,True,0,1.000000000,1.000000000,1.000000000,0.948717949,0.237819011
AOI-0060,2025-09-21,0,0,0,True,0,2.000000000,1.000000000,1.000000000,0.988304094,0.071763657
AOI-0060,2025-10-16,0,0,0,True,0,1.000000000,1.000000000,1.000000000,0.554502370,0.779771987
AOI-0061,2010-06-26,0,2,2,True,0,1.000000000,1.000000000,1.000000000,0.989743590,0.064285679
AOI-0061,2010-08-13,0,1,2,True,1,1.000000000,1.000000000,2.000000000,0.917808219,0.301725093
AOI-0061,2010-08-30,0,1,1,True,0,1.000000000,1.000000000,1.000000000,0.983193277,0.096986095
AOI-0061,2011-04-07,0,2,2,True,0,1.000000000,1.000000000,1.000000000,0.990697674,0.059218348
AOI-0061,2011-06-22,0,1,1,False,-1,0.000000000,0.000000000,inf,0.981981982,0.102711110
AOI-0061,2011-06-26,0,2,2,True,0,1.000000000,1.000000000,1.000000000,0.990697674,0.059218348
AOI-0061,2012-08-12,0,2,2,True,0,1.000000000,1.000000000,1.000000000,0.812807882,0.504905654
AOI-0061,2012-09-13,0,2,2,True,1,1.000000000,1.000000000,2.000000000,0.725118483,0.611995933
AOI-0061,2012-10-06,0,1,1,False,-1,0.000000000,0.000000000,inf,0.975903614,0.130281794
AOI-0061,2013-07-13,0,1,1,True,0,1.000000000,1.000000000,1.000000000,0.981981982,0.102711110
AOI-0061,2013-08-06,0,1,1,True,0,1.000000000,1.000000000,1.000000000,0.982608696,0.099759750
AOI-0061,2013-08-13,0,2,2,True,0,1.000000000,1.000000000,1.000000000,0.819905213,0.493453353
AOI-0061,2013-09-30,0,2,2,True,0,1.000000000,1.000000000,1.000000000,0.744075829,0.592350727
AOI-0061,2014-07-08,0,1,1,True,0,1.000000000,1.000000000,1.000000000,0.942857143,0.258640932
AOI-0061,2014-07-12,0,2,2,True,0,1.000000000,1.000000000,1.000000000,0.990521327,0.060162121
AOI-0061,2014-08-01,0,1,1,True,0,1.000000000,1.000000000,1.000000000,0.981308411,0.105858397
AOI-0061,2014-09-30,0,2,2,True,0,1.000000000,1.000000000,1.000000000,0.990521327,0.060162121
AOI-0061,2015-06-09,0,1,1,True,0,1.000000000,1.000000000,1.000000000,0.982608696,0.099759750
AOI-0061,2015-06-10,0,2,2,True,0,1.000000000,1.000000000,1.000000000,0.748837209,0.586770241
AOI-0061,2015-07-19,0,1,1,True,0,1.000000000,1.000000000,1.000000000,0.978947368,0.116700546
AOI-0061,2015-07-28,0,2,2,True,0,1.000000000,1.000000000,1.000000000,0.719806763,0.617540427
AOI-0061,2016-04-06,0,2,2,True,0,1.000000000,1.000000000,1.000000000,0.871921182,0.403598106
AOI-0061,2016-04-08,0,1,1,True,0,1.000000000,1.000000000,1.000000000,0.982608696,0.099759750
AOI-0061,2016-06-03,0,1,1,True,0,1.000000000,1.000000000,1.000000000,0.981308411,0.105858397
AOI-0061,2016-09-13,0,1,2,True,1,1.000000000,1.000000000,2.000000000,0.753694581,0.582387277
AOI-0061,2017-04-07,0,2,2,True,1,1.000000000,1.000000000,2.000000000,0.991031390,0.057423085
AOI-0061,2017-05-05,0,1,1,True,0,1.000000000,1.000000000,1.000000000,0.755395683,0.588786262
AOI-0061,2017-06-05,0,0,0,True,1,1.000000000,1.000000000,2.000000000,0.732283465,0.616498091
AOI-0061,2017-06-26,0,2,2,True,0,1.000000000,1.000000000,1.000000000,0.990867580,0.058305859
AOI-0061,2017-06-30,0,0,0,True,0,1.000000000,1.000000000,1.000000000,0.763779528,0.581206425
AOI-0061,2017-08-14,0,0,0,True,0,1.000000000,1.000000000,1.000000000,0.987730061,0.074694356
AOI-0061,2017-09-18,0,0,0,True,0,1.000000000,1.000000000,1.000000000,0.805714286,0.518158008
AOI-0061,2018-05-03,0,0,0,True,0,1.000000000,1.000000000,1.000000000,0.985185185,0.087375267
AOI-0061,2018-05-09,0,2,2,True,1,1.000000000,1.000000000,2.000000000,0.990147783,0.062150380
AOI-0061,2018-07-11,0,1,1,True,0,1.000000000,1.000000000,1.000000000,0.978021978,0.120874486
AOI-0061,2018-07-27,0,1,1,True,0,1.000000000,1.000000000,1.000000000,0.981981982,0.102711110
AOI-0061,2018-08-29,0,2,2,True,0,1.000000000,1.000000000,1.000000000,0.763033175,0.570790373
AOI-0061,2018-09-18,0,0,0,True,0,1.000000000,1.000000000,1.000000000,0.985185185,0.087375267
AOI-0061,2019-04-07,0,2,2,True,0,1.000000000,1.000000000,1.000000000,0.811659193,0.504999496
AOI-0061,2019-04-23,0,0,0,True,0,1.000000000,1.000000000,1.000000000,0.649289100,0.882717006
AOI-0061,2019-06-20,0,0,0,True,0,1.000000000,1.000000000,1.000000000,0.821989529,0.491983685
AOI-0061,2019-06-25,0,0,0,True,1,1.000000000,1.000000000,2.000000000,0.985185185,0.087375267
AOI-0061,2019-08-06,0,0,0,True,0,1.000000000,1.000000000,1.000000000,0.702564103,0.634582589
AOI-0061,2019-08-24,0,0,0,True,2,1.000000000,1.000000000,3.000000000,0.762237762,0.580035758
AOI-0061,2019-09-08,0,1,1,True,0,1.000000000,1.000000000,1.000000000,0.982608696,0.099759750
AOI-0061,2019-09-18,0,0,0,True,0,1.000000000,1.000000000,1.000000000,0.981308411,0.105858397
AOI-0061,2019-10-02,0,1,1,True,0,1.000000000,1.000000000,1.000000000,0.704347826,0.646365771
AOI-0061,2019-10-10,0,0,0,True,0,1.000000000,1.000000000,1.000000000,0.902097902,0.345640841
AOI-0061,2019-10-23,0,0,0,True,1,1.000000000,1.000000000,2.000000000,0.985185185,0.087375267
AOI-0061,2020-04-06,0,2,2,True,0,1.000000000,1.000000000,1.000000000,0.990867580,0.058305859
AOI-0061,2020-04-30,0,0,0,True,1,1.000000000,1.000000000,2.000000000,0.987096774,0.077896072
AOI-0061,2020-06-01,0,0,0,False,-1,0.000000000,0.000000000,inf,0.818181818,0.600166073
AOI-0061,2020-06-11,0,0,0,True,0,1.000000000,1.000000000,1.000000000,0.980582524,0.109222462
AOI-0061,2020-06-26,0,0,0,True,0,1.000000000,1.000000000,1.000000000,0.984251969,0.091909786
AOI-0061,2020-07-04,0,0,0,True,0,1.000000000,1.000000000,1.000000000,0.986754967,0.079610965
AOI-0061,2020-07-14,0,0,0,True,0,1.000000000,1.000000000,1.000000000,0.951219512,0.216887283
AOI-0061,2020-08-09,0,1,1,True,0,1.000000000,1.000000000,1.000000000,0.983739837,0.094374144
AOI-0061,2020-09-04,0,0,0,True,0,1.000000000,1.000000000,1.000000000,0.984251969,0.091909786
AOI-0061,2020-10-09,0,0,0,True,0,1.000000000,1.000000000,1.000000000,0.985611511,0.085284100
AOI-0061,2021-04-06,0,1,1,False,-1,0.000000000,0.000000000,inf,0.980582524,0.109222462
AOI-0061,2021-04-23,0,0,2,True,1,1.000000000,1.000000000,2.000000000,0.744075829,0.739771346
AOI-0061,2021-06-06,0,0,0,False,-1,0.000000000,0.000000000,inf,0.985185185,0.087375267
AOI-0061,2021-07-01,0,1,0,True,4,3.000000000,1.000000000,10.000000000,0.730994152,0.610441164
AOI-0061,2021-07-11,0,0,0,False,-1,0.000000000,0.000000000,inf,0.877551020,0.398048730
AOI-0061,2021-07-14,0,0,0,True,0,1.000000000,1.000000000,1.000000000,0.986013986,0.083298165
AOI-0061,2021-07-28,0,2,2,True,0,1.000000000,1.000000000,1.000000000,0.681159420,0.846995877
AOI-0061,2021-09-27,0,0,0,True,1,1.000000000,1.000000000,2.000000000,0.986013986,0.083298165
AOI-0061,2021-10-14,0,0,0,False,-1,0.000000000,0.000000000,inf,0.866666667,0.421282355
AOI-0061,2021-10-22,0,0,0,True,0,1.000000000,1.000000000,1.000000000,0.985611511,0.085284100
AOI-0061,2022-04-17,0,0,1,True,0,1.000000000,1.000000000,1.000000000,0.719626168,0.634281203
AOI-0061,2022-04-23,0,2,2,True,0,1.000000000,1.000000000,1.000000000,0.911330049,0.318474676
AOI-0061,2022-06-01,0,0,0,True,0,1.000000000,1.000000000,1.000000000,0.983739837,0.094374144
AOI-0061,2022-06-10,0,2,2,True,0,1.000000000,1.000000000,1.000000000,0.788944724,0.539098563
AOI-0061,2022-06-16,0,0,0,True,0,1.000000000,1.000000000,1.000000000,0.981981982,0.102711110
AOI-0061,2022-07-04,0,0,0,True,0,1.000000000,1.000000000,1.000000000,0.954198473,0.206598799
AOI-0061,2022-07-14,0,0,0,True,0,1.000000000,1.000000000,1.000000000,0.821138211,0.502736035
AOI-0061,2022-08-15,0,1,0,True,0,1.000000000,1.000000000,1.000000000,0.886178862,0.383718820
AOI-0061,2022-10-14,0,0,0,True,0,1.000000000,1.000000000,1.000000000,0.985185185,0.087375267
AOI-0061,2023-05-12,0,0,0,True,0,1.000000000,1.000000000,1.000000000,0.743016760,0.596792252
AOI-0061,2023-08-01,0,1,1,True,0,1.000000000,1.000000000,1.000000000,0.897142857,0.353384727
AOI-0061,2023-08-05,0,0,0,False,-1,0.000000000,0.000000000,inf,0.983739837,0.094374144
AOI-0061,2023-08-29,0,2,2,True,0,1.000000000,1.000000000,1.000000000,0.990867580,0.058305859
AOI-0061,2023-09-07,0,0,0,True,0,1.000000000,1.000000000,1.000000000,0.986394558,0.081409508
AOI-0061,2023-09-11,0,1,1,True,0,1.000000000,1.000000000,1.000000000,0.837837838,0.478031285
AOI-0061,2023-09-17,0,0,0,True,1,1.000000000,1.000000000,2.000000000,0.986754967,0.079610965
AOI-0061,2023-09-27,0,0,0,True,0,1.000000000,1.000000000,1.000000000,0.851428571,0.444443716
AOI-0061,2023-10-02,0,0,0,True,1,1.000000000,1.000000000,2.000000000,0.984251969,0.091909786
AOI-0061,2023-10-12,0,0,0,True,4,3.000000000,1.000000000,10.000000000,0.986394558,0.081409508
AOI-0061,2024-05-19,0,0,0,True,0,1.000000000,1.000000000,1.000000000,0.957446809,0.205470750
AOI-0061,2024-06-18,0,0,0,True,1,1.000000000,1.000000000,2.000000000,0.684210526,0.652775710
AOI-0061,2024-06-23,0,0,0,True,1,1.000000000,1.000000000,2.000000000,0.923664122,0.294543299
AOI-0061,2024-07-03,0,0,0,True,0,1.000000000,1.000000000,1.000000000,0.760000000,0.578083752
AOI-0061,2024-07-23,0,0,0,True,0,1.000000000,1.000000000,1.000000000,0.942857143,0.258640932
AOI-0061,2024-08-14,0,0,0,False,-1,0.000000000,0.000000000,inf,0.878260870,0.401701573
AOI-0061,2024-08-20,0,1,1,True,0,1.000000000,1.000000000,1.000000000,0.821138211,0.502736035
AOI-0061,2024-08-24,0,0,0,True,0,1.000000000,1.000000000,1.000000000,0.977011494,0.125386776
AOI-0061,2024-09-28,0,0,0,True,0,1.000000000,1.000000000,1.000000000,0.675392670,0.657094863
AOI-0061,2025-04-01,0,0,0,True,0,1.000000000,1.000000000,1.000000000,0.982608696,0.099759750
AOI-0061,2025-05-14,0,0,0,True,2,2.000000000,1.000000000,3.000000000,0.980582524,0.109222462
AOI-0061,2025-06-05,0,0,0,True,0,1.000000000,1.000000000,1.000000000,0.985611511,0.085284100
AOI-0061,2025-06-07,0,0,0,True,1,1.000000000,1.000000000,2.000000000,0.983739837,0.094374144
AOI-0061,2025-06-27,0,1,0,True,3,10.000000000,0.700000000,1.000000000,0.608938547,0.698501627
AOI-0061,2025-07-12,0,2,2,False,-1,0.000000000,0.000000000,1.000000000,0.668161435,0.863543055
AOI-0061,2025-07-13,0,0,0,True,0,2.000000000,1.000000000,1.000000000,0.986013986,0.083298165
AOI-0061,2025-09-25,0,0,0,True,0,1.000000000,1.000000000,1.000000000,0.873873874,0.411410322
AOI-0061,2025-10-05,0,0,0,True,0,1.000000000,1.000000000,1.000000000,0.963636364,0.181415523
AOI-0061,2025-10-06,0,0,0,True,0,1.000000000,1.000000000,1.000000000,0.948717949,0.237819011
AOI-0061,2025-10-13,0,0,0,True,1,1.000000000,1.000000000,2.000000000,0.978021978,0.120874486
AOI-0062,2010-04-23,0,2,2,True,2,1.000000000,1.000000000,3.000000000,0.603864734,0.697503341
AOI-0062,2010-05-25,0,2,2,True,0,1.000000000,1.000000000,1.000000000,0.990867580,0.058305859
AOI-0062,2010-08-29,0,2,2,True,0,1.000000000,1.000000000,1.000000000,0.545893720,0.715682192
AOI-0062,2011-04-23,0,2,2,True,0,1.000000000,1.000000000,1.000000000,0.990338164,0.061138862
AOI-0062,2011-06-22,0,1,1,False,-1,0.000000000,0.000000000,inf,0.981981982,0.102711110
AOI-0062,2011-09-14,0,2,2,True,0,1.000000000,1.000000000,1.000000000,0.990867580,0.058305859
AOI-0062,2012-06-25,0,2,2,True,0,1.000000000,1.000000000,1.000000000,0.748743719,0.588344050
AOI-0062,2012-07-18,0,1,1,True,0,1.000000000,1.000000000,1.000000000,0.979797980,0.112827275
AOI-0062,2013-04-07,0,2,2,True,0,1.000000000,1.000000000,1.000000000,0.932367150,0.264875566
AOI-0062,2013-05-02,0,1,1,True,0,1.000000000,1.000000000,1.000000000,0.981308411,0.105858397
AOI-0062,2013-06-27,0,1,1,True,0,1.000000000,1.000000000,1.000000000,0.979797980,0.112827275
AOI-0062,2014-05-21,0,1,1,True,0,1.000000000,1.000000000,1.000000000,0.981981982,0.102711110
AOI-0062,2014-07-24,0,1,1,True,0,1.000000000,1.000000000,1.000000000,0.981981982,0.102711110
AOI-0062,2014-09-18,0,1,1,True,0,1.000000000,1.000000000,1.000000000,0.980582524,0.109222462
AOI-0062,2014-10-12,0,1,1,True,0,1.000000000,1.000000000,1.000000000,0.978021978,0.120874486
AOI-0062,2015-07-11,0,1,1,True,0,1.000000000,1.000000000,1.000000000,0.975903614,0.130281794
AOI-0062,2015-08-12,0,1,1,True,0,1.000000000,1.000000000,1.000000000,0.983193277,0.096986095
AOI-0062,2015-08-13,0,2,2,True,0,1.000000000,1.000000000,1.000000000,0.686098655,0.645690378
AOI-0062,2015-08-28,0,1,1,True,0,1.000000000,1.000000000,1.000000000,0.978021978,0.120874486
AOI-0062,2016-05-18,0,1,1,True,0,1.000000000,1.000000000,1.000000000,0.979797980,0.112827275
AOI-0062,2016-06-19,0,1,1,False,-1,0.000000000,0.000000000,inf,0.977011494,0.125386776
AOI-0062,2016-07-05,0,1,1,True,0,1.000000000,1.000000000,1.000000000,0.980582524,0.109222462
AOI-0062,2016-10-17,0,1,1,True,0,1.000000000,1.000000000,1.000000000,0.979797980,0.112827275
AOI-0062,2017-04-03,0,0,0,False,-1,0.000000000,0.000000000,inf,0.570370370,0.720630780
AOI-0062,2017-05-25,0,2,2,True,2,2.000000000,1.000000000,3.000000000,0.990867580,0.058305859
AOI-0062,2017-05-29,0,1,1,True,0,1.000000000,1.000000000,1.000000000,0.980582524,0.109222462
AOI-0062,2017-06-05,0,0,0,True,2,2.000000000,1.000000000,3.000000000,0.732283465,0.616498091
AOI-0062,2017-07-12,0,0,2,True,0,1.000000000,1.000000000,1.000000000,0.841860465,0.457555646
AOI-0062,2017-09-03,0,0,1,True,0,1.000000000,1.000000000,1.000000000,0.670329670,0.682124509
AOI-0062,2017-09-10,0,0,0,True,0,1.000000000,1.000000000,1.000000000,0.984732824,0.089580528
AOI-0062,2018-04-11,0,0,0,True,0,1.000000000,1.000000000,1.000000000,0.987096774,0.077896072
AOI-0062,2018-05-01,0,0,0,True,0,1.000000000,1.000000000,1.000000000,0.698630137,0.635682805
AOI-0062,2018-05-09,0,2,2,True,2,2.000000000,1.000000000,3.000000000,0.990147783,0.062150380
AOI-0062,2018-05-31,0,0,0,True,0,1.000000000,1.000000000,1.000000000,0.985611511,0.085284100
AOI-0062,2018-08-13,0,2,2,True,0,1.000000000,1.000000000,1.000000000,0.990521327,0.060162121
AOI-0062,2019-04-26,0,0,0,True,0,1.000000000,1.000000000,1.000000000,0.733990148,0.603780014
AOI-0062,2019-05-09,0,2,2,True,0,1.000000000,1.000000000,1.000000000,0.991031390,0.057423085
AOI-0062,2019-05-13,0,0,0,False,-1,0.000000000,0.000000000,inf,0.966101695,0.171538761
AOI-0062,2019-05-25,0,2,2,True,2,1.000000000,1.000000000,3.000000000,0.835748792,0.468447318
AOI-0062,2019-05-26,0,0,0,True,0,1.000000000,1.000000000,1.000000000,0.894736842,0.409458619
AOI-0062,2019-06-15,0,0,0,True,0,1.000000000,1.000000000,1.000000000,0.986394558,0.081409508
AOI-0062,2019-06-25,0,0,0,True,2,1.000000000,1.000000000,3.000000000,0.985185185,0.087375267
AOI-0062,2019-07-02,0,0,0,True,0,1.000000000,1.000000000,1.000000000,0.984251969,0.091909786
AOI-0062,2019-08-24,0,0,0,True,2,1.000000000,1.000000000,4.000000000,0.762237762,0.580035758
AOI-0062,2019-09-14,0,1,2,True,2,1.000000000,1.000000000,3.000000000,0.781990521,0.547209720
AOI-0062,2019-10-25,0,0,0,True,0,1.000000000,1.000000000,1.000000000,0.613445378,0.707666760
AOI-0062,2020-04-19,0,1,1,True,0,1.000000000,1.000000000,1.000000000,0.971830986,0.147843978
AOI-0062,2020-06-25,0,2,2,True,0,1.000000000,1.000000000,1.000000000,0.991031390,0.057423085
AOI-0062,2020-07-01,0,0,0,True,0,1.000000000,1.000000000,1.000000000,0.986394558,0.081409508
AOI-0062,2020-07-11,0,0,0,True,0,1.000000000,1.000000000,1.000000000,0.625570776,0.685931235
AOI-0062,2020-08-03,0,0,0,True,0,1.000000000,1.000000000,1.000000000,0.844311377,0.457831895
AOI-0062,2020-09-02,0,0,0,True,0,1.000000000,1.000000000,1.000000000,0.787709497,0.542809787
AOI-0062,2020-09-17,0,0,0,True,0,1.000000000,1.000000000,1.000000000,0.987096774,0.077896072
AOI-0062,2020-09-24,0,0,0,True,0,1.000000000,1.000000000,1.000000000,0.748633880,0.590157197
AOI-0062,2020-10-27,0,0,0,True,0,1.000000000,1.000000000,1.000000000,0.984732824,0.089580528
AOI-0062,2020-10-28,0,1,1,True,0,1.000000000,1.000000000,1.000000000,0.894736842,0.409458619
AOI-0062,2021-04-06,0,1,1,False,-1,0.000000000,0.000000000,inf,0.980582524,0.109222462
AOI-0062,2021-04-22,0,1,0,True,0,1.000000000,1.000000000,1.000000000,0.740458015,0.607016297
AOI-0062,2021-04-30,0,0,0,True,0,1.000000000,1.000000000,1.000000000,0.981981982,0.102711110
AOI-0062,2021-05-02,0,0,0,False,-1,0.000000000,0.000000000,inf,0.984732824,0.089580528
AOI-0062,2021-06-11,0,0,0,True,0,1.000000000,1.000000000,1.000000000,0.984251969,0.091909786
AOI-0062,2021-07-11,0,0,0,False,-1,0.000000000,0.000000000,inf,0.877551020,0.398048730
AOI-0062,2021-07-12,0,2,2,True,0,1.000000000,1.000000000,1.000000000,0.600000000,0.871876280
AOI-0062,2021-07-31,0,0,0,True,0,1.000000000,1.000000000,1.000000000,0.985611511,0.085284100
AOI-0062,2021-10-14,0,0,0,False,-1,0.000000000,0.000000000,inf,0.866666667,0.421282355
AOI-0062,2022-05-12,0,0,0,True,0,1.000000000,1.000000000,1.000000000,0.981981982,0.102711110
AOI-0062,2022-05-30,0,0,0,True,0,1.000000000,1.000000000,1.000000000,0.987096774,0.077896072
AOI-0062,2022-08-07,0,1,1,True,0,1.000000000,1.000000000,1.000000000,0.763779528,0.581206425
AOI-0062,2022-08-25,0,0,0,True,0,1.000000000,1.000000000,1.000000000,0.704918033,0.633850789
AOI-0062,2022-08-29,0,2,2,True,0,1.000000000,1.000000000,1.000000000,0.990338164,0.061138862
AOI-0062,2022-09-07,0,0,0,True,0,1.000000000,1.000000000,1.000000000,0.889763780,0.375374762
AOI-0062,2022-09-16,0,1,1,False,-1,0.000000000,0.000000000,inf,0.935483871,0.283936267
AOI-0062,2022-10-18,0,1,1,True,0,1.000000000,1.000000000,1.000000000,0.980582524,0.109222462
AOI-0062,2022-10-22,0,0,0,True,0,1.000000000,1.000000000,1.000000000,0.984251969,0.091909786
AOI-0062,2023-05-06,0,1,1,False,-1,0.000000000,0.000000000,inf,0.981308411,0.105858397
AOI-0062,2023-05-09,0,2,2,True,0,1.000000000,1.000000000,1.000000000,0.990338164,0.061138862
AOI-0062,2023-06-08,0,1,1,True,0,1.000000000,1.000000000,1.000000000,0.656565657,0.688858011
AOI-0062,2023-06-30,0,1,1,True,0,1.000000000,1.000000000,1.000000000,0.983739837,0.094374144
AOI-0062,2023-07-05,0,1,1,True,0,1.000000000,1.000000000,1.000000000,0.980582524,0.109222462
AOI-0062,2023-07-25,0,1,1,True,0,1.000000000,1.000000000,1.000000000,0.982608696,0.099759750
AOI-0062,2023-07-29,0,0,0,True,0,1.000000000,1.000000000,1.000000000,0.980582524,0.109222462
AOI-0062,2023-08-18,0,0,0,True,0,1.000000000,1.000000000,1.000000000,0.693023256,0.640762809
AOI-0062,2023-10-04,0,0,0,True,0,1.000000000,1.000000000,1.000000000,0.648241206,0.674866890
AOI-0062,2023-10-07,0,0,0,True,0,1.000000000,1.000000000,1.000000000,0.795918367,0.535834427
AOI-0062,2024-04-09,0,0,0,True,0,1.000000000,1.000000000,1.000000000,0.985611511,0.085284100
AOI-0062,2024-05-24,0,0,0,True,0,1.000000000,1.000000000,1.000000000,0.687203791,0.838133528
AOI-0062,2024-06-18,0,0,0,True,2,2.000000000,1.000000000,3.000000000,0.684210526,0.652775710
AOI-0062,2024-07-13,0,0,0,True,0,1.000000000,1.000000000,1.000000000,0.854748603,0.438062356
AOI-0062,2024-07-18,0,0,0,True,0,1.000000000,1.000000000,1.000000000,0.987096774,0.077896072
AOI-0062,2024-07-25,0,0,0,True,0,1.000000000,1.000000000,1.000000000,0.704918033,0.633850789
AOI-0062,2024-08-09,0,0,0,False,-1,0.000000000,0.000000000,inf,0.983739837,0.094374144
AOI-0062,2024-08-19,0,0,0,True,0,1.000000000,1.000000000,1.000000000,0.648241206,0.674866890
AOI-0062,2024-09-26,0,0,0,True,2,2.000000000,1.000000000,3.000000000,0.986754967,0.079610965
AOI-0062,2025-04-17,0,1,1,True,0,2.000000000,1.000000000,1.000000000,0.827814570,0.487404918
AOI-0062,2025-05-06,0,0,0,True,0,1.000000000,1.000000000,1.000000000,0.985185185,0.087375267
AOI-0062,2025-05-14,0,0,0,True,2,2.000000000,1.000000000,4.000000000,0.980582524,0.109222462
AOI-0062,2025-05-19,0,0,0,True,0,1.000000000,1.000000000,1.000000000,0.569620253,0.740529352
AOI-0062,2025-05-24,0,0,0,True,0,2.000000000,1.000000000,1.000000000,0.988571429,0.070389141
AOI-0062,2025-06-07,0,0,0,True,0,1.000000000,1.000000000,1.000000000,0.983739837,0.094374144
AOI-0062,2025-06-17,0,0,0,True,0,2.000000000,1.000000000,1.000000000,0.963636364,0.181415523
AOI-0062,2025-07-17,0,0,0,True,0,2.000000000,1.000000000,1.000000000,0.981981982,0.102711110
AOI-0062,2025-08-12,0,0,0,True,0,2.000000000,1.000000000,1.000000000,0.986013986,0.083298165
AOI-0062,2025-08-23,0,1,1,True,0,1.000000000,1.000000000,1.000000000,0.729032258,0.614707193
AOI-0063,2025-04-01,0,0,0,True,0,1.000000000,1.000000000,1.000000000,0.982608696,0.099759750
AOI-0063,2025-04-18,0,0,0,True,0,2.000000000,1.000000000,1.000000000,0.986013986,0.083298165
AOI-0063,2025-04-28,0,0,0,True,0,2.000000000,1.000000000,1.000000000,0.982608696,0.099759750
AOI-0063,2025-05-14,0,0,0,True,2,1.000000000,1.000000000,3.000000000,0.980582524,0.109222462
AOI-0063,2025-05-28,0,0,0,True,0,1.000000000,1.000000000,1.000000000,0.878260870,0.401701573
AOI-0063,2025-06-08,0,0,0,True,0,2.000000000,1.000000000,1.000000000,0.989743590,0.064285679
AOI-0063,2025-07-08,0,0,0,True,0,2.000000000,1.000000000,1.000000000,0.793721973,0.530587401
AOI-0063,2025-09-06,0,0,0,True,0,2.000000000,1.000000000,1.000000000,0.600000000,0.721688628
AOI-0063,2025-09-21,0,0,0,True,0,2.000000000,1.000000000,1.000000000,0.988304094,0.071763657
AOI-0063,2025-09-26,0,0,0,True,0,2.000000000,1.000000000,1.000000000,0.810055866,0.511345905
AOI-0064,2025-04-16,0,0,0,True,0,2.000000000,1.000000000,1.000000000,0.717791411,0.624583560
AOI-0064,2025-05-14,0,0,0,True,1,1.000000000,1.000000000,2.000000000,0.980582524,0.109222462
AOI-0064,2025-06-04,0,1,1,True,0,1.000000000,1.000000000,1.000000000,0.761006289,0.579000939
AOI-0064,2025-07-06,0,1,1,True,0,1.000000000,1.000000000,1.000000000,0.818181818,0.513150069
AOI-0064,2025-07-18,0,0,0,True,0,1.000000000,1.000000000,1.000000000,0.987421384,0.076258973
AOI-0064,2025-08-04,0,0,0,True,0,2.000000000,1.000000000,1.000000000,0.953488372,0.220352331
AOI-0064,2025-08-07,0,0,0,True,0,1.000000000,1.000000000,1.000000000,0.897142857,0.353384727
AOI-0064,2025-08-15,0,1,1,True,0,2.000000000,1.000000000,1.000000000,0.923664122,0.294543299
AOI-0064,2025-08-29,0,0,0,True,0,2.000000000,1.000000000,1.000000000,0.990867580,0.058305859
AOI-0064,2025-10-05,0,0,0,True,0,2.000000000,1.000000000,1.000000000,0.963636364,0.181415523
AOI-0065,2025-05-06,0,0,0,True,0,2.000000000,1.000000000,1.000000000,0.985185185,0.087375267
AOI-0065,2025-05-14,0,0,0,True,0,1.000000000,1.000000000,1.000000000,0.980582524,0.109222462
AOI-0065,2025-06-07,0,0,0,True,0,1.000000000,1.000000000,1.000000000,0.983739837,0.094374144
AOI-0065,2025-06-10,0,2,0,True,0,2.000000000,1.000000000,1.000000000,0.533039648,0.715890578
AOI-0065,2025-07-07,0,0,0,True,0,2.000000000,1.000000000,1.000000000,0.984251969,0.091909786
AOI-0065,2025-07-17,0,0,0,True,0,2.000000000,1.000000000,1.000000000,0.981981982,0.102711110
AOI-0065,2025-07-25,0,0,0,True,0,1.000000000,1.000000000,1.000000000,0.986013986,0.083298165
AOI-0065,2025-09-24,0,1,1,True,0,2.000000000,1.000000000,1.000000000,0.765765766,0.582527927
AOI-0065,2025-10-16,0,0,0,True,0,2.000000000,1.000000000,1.000000000,0.554502370,0.779771987
AOI-0065,2025-10-18,0,0,0,True,0,2.000000000,1.000000000,1.000000000,0.981308411,0.105858397
AOI-0066,2025-04-11,0,0,0,True,0,1.000000000,1.000000000,1.000000000,0.968253968,0.162764794
AOI-0066,2025-04-18,0,0,0,True,0,1.000000000,1.000000000,1.000000000,0.986013986,0.083298165
AOI-0066,2025-05-09,0,2,2,True,0,1.000000000,1.000000000,1.000000000,0.874476987,0.396131176
AOI-0066,2025-06-03,0,0,0,True,0,1.000000000,1.000000000,1.000000000,0.985185185,0.087375267
AOI-0066,2025-06-07,0,0,0,True,1,1.000000000,1.000000000,2.000000000,0.983739837,0.094374144
AOI-0066,2025-06-08,0,0,0,True,1,1.000000000,1.000000000,2.000000000,0.989743590,0.064285679
AOI-0066,2025-06-27,0,0,0,True,0,1.000000000,1.000000000,1.000000000,0.608938547,0.698501627
AOI-0066,2025-06-30,0,0,0,True,0,1.000000000,1.000000000,1.000000000,0.985611511,0.085284100
AOI-0066,2025-07-10,0,0,0,True,0,1.000000000,1.000000000,1.000000000,0.990147783,0.062150380
AOI-0066,2025-07-28,0,0,0,True,0,1.000000000,1.000000000,1.000000000,0.691629956,0.640879796
AOI-0066,2025-08-29,0,0,0,True,0,1.000000000,1.000000000,1.000000000,0.990867580,0.058305859
AOI-0066,2025-10-02,0,1,1,True,0,1.000000000,1.000000000,1.000000000,0.837037037,0.474683707
AOI-0067,2010-04-24,0,1,1,True,0,1.000000000,1.000000000,1.000000000,0.979797980,0.112827275
AOI-0067,2010-06-10,0,2,2,True,0,1.000000000,1.000000000,1.000000000,0.554502370,0.713440583
AOI-0067,2010-07-28,0,2,2,True,5,2.000000000,1.000000000,21.000000000,0.533039648,0.715890578
AOI-0067,2010-07-30,0,1,1,True,0,1.000000000,1.000000000,1.000000000,0.970149254,0.154913925
AOI-0067,2011-04-19,0,1,1,True,0,1.000000000,1.000000000,1.000000000,0.981308411,0.105858397
AOI-0067,2011-06-10,0,2,2,True,0,1.000000000,1.000000000,1.000000000,0.990867580,0.058305859
AOI-0067,2011-06-22,0,1,1,True,0,1.000000000,1.000000000,1.000000000,0.981981982,0.102711110
AOI-0067,2011-07-28,0,2,2,True,0,1.000000000,1.000000000,1.000000000,0.990338164,0.061138862
AOI-0067,2011-08-01,0,1,1,True,0,1.000000000,1.000000000,1.000000000,0.981981982,0.102711110
AOI-0067,2012-06-25,0,1,2,True,0,1.000000000,1.000000000,1.000000000,0.748743719,0.588344050
AOI-0067,2012-07-11,0,2,2,True,0,1.000000000,1.000000000,1.000000000,0.990697674,0.059218348
AOI-0067,2012-09-13,0,1,2,True,5,1.000000000,1.000000000,21.000000000,0.725118483,0.611995933
AOI-0067,2013-05-25,0,2,2,True,0,1.000000000,1.000000000,1.000000000,0.855072464,0.434988930
AOI-0067,2013-07-22,0,1,1,True,5,2.000000000,1.000000000,21.000000000,0.966101695,0.171538761
AOI-0067,2013-08-13,0,2,2,True,0,1.000000000,1.000000000,1.000000000,0.819905213,0.493453353
AOI-0067,2013-09-14,0,2,2,True,5,2.000000000,1.000000000,21.000000000,0.989304813,0.066585474
AOI-0067,2013-10-16,0,2,2,True,0,1.000000000,1.000000000,1.000000000,0.635467980,0.682076228
AOI-0067,2014-07-24,0,1,1,True,0,1.000000000,1.000000000,1.000000000,0.981981982,0.102711110
AOI-0067,2014-09-18,0,1,1,True,0,1.000000000,1.000000000,1.000000000,0.980582524,0.109222462
AOI-0067,2014-09-19,0,1,1,True,0,1.000000000,1.000000000,1.000000000,0.953488372,0.220352331
AOI-0067,2014-09-30,0,2,2,True,0,1.000000000,1.000000000,1.000000000,0.990521327,0.060162121
AOI-0067,2014-10-04,0,1,1,True,0,1.000000000,1.000000000,1.000000000,0.979797980,0.112827275
AOI-0067,2014-10-16,0,2,2,True,5,1.000000000,1.000000000,23.000000000,0.990338164,0.061138862
AOI-0067,2015-04-06,0,1,1,True,5,1.000000000,1.000000000,21.000000000,0.971830986,0.147843978
AOI-0067,2015-07-04,0,1,1,True,0,1.000000000,1.000000000,1.000000000,0.970149254,0.154913925
AOI-0067,2015-08-21,0,1,1,True,0,1.000000000,1.000000000,1.000000000,0.963636364,0.181415523
AOI-0067,2015-08-28,0,1,1,True,0,1.000000000,1.000000000,1.000000000,0.978021978,0.120874486
AOI-0067,2016-04-17,0,1,1,False,-1,0.000000000,0.000000000,inf,0.960784314,0.192625738
AOI-0067,2016-05-24,0,2,2,True,0,1.000000000,1.000000000,1.000000000,0.916279070,0.305727510
AOI-0067,2016-06-12,0,1,1,True,0,1.000000000,1.000000000,1.000000000,0.957446809,0.205470750
AOI-0067,2016-07-22,0,1,1,True,0,1.000000000,1.000000000,1.000000000,0.966101695,0.171538761
AOI-0067,2016-08-28,0,2,2,True,5,1.000000000,1.000000000,21.000000000,0.748837209,0.586770241
AOI-0067,2016-09-08,0,1,1,True,0,1.000000000,1.000000000,1.000000000,0.968253968,0.162764794
AOI-0067,2017-05-25,0,2,2,True,0,1.000000000,1.000000000,1.000000000,0.990867580,0.058305859
AOI-0067,2017-05-29,0,1,1,True,0,1.000000000,1.000000000,1.000000000,0.980582524,0.109222462
AOI-0067,2017-06-27,0,0,0,False,-1,0.000000000,0.000000000,inf,0.953488372,0.220352331
AOI-0067,2017-07-22,0,1,1,False,-1,0.000000000,0.000000000,inf,0.581395349,0.769653081
AOI-0067,2017-08-25,0,1,1,True,0,1.000000000,1.000000000,1.000000000,0.974683544,0.135612188
AOI-0067,2017-09-15,0,0,0,True,0,1.000000000,1.000000000,1.000000000,0.984732824,0.089580528
AOI-0067,2017-09-26,0,1,1,True,0,1.000000000,1.000000000,1.000000000,0.981308411,0.105858397
AOI-0067,2017-10-04,0,1,1,True,0,1.000000000,1.000000000,1.000000000,0.983739837,0.094374144
AOI-0067,2018-05-03,0,0,0,True,0,1.000000000,1.000000000,1.000000000,0.985185185,0.087375267
AOI-0067,2018-05-16,0,1,1,True,0,1.000000000,1.000000000,1.000000000,0.981308411,0.105858397
AOI-0067,2018-06-02,0,0,0,True,0,1.000000000,1.000000000,1.000000000,0.985611511,0.085284100
AOI-0067,2018-07-20,0,1,1,True,0,1.000000000,1.000000000,1.000000000,0.963636364,0.181415523
AOI-0067,2018-09-30,0,2,2,True,0,1.000000000,1.000000000,1.000000000,0.934883721,0.257574641
AOI-0067,2018-10-16,0,1,2,True,0,1.000000000,1.000000000,1.000000000,0.779735683,0.548836814
AOI-0067,2019-04-10,0,1,1,True,0,1.000000000,1.000000000,1.000000000,0.587301587,0.745105228
AOI-0067,2019-04-25,0,1,1,True,0,1.000000000,1.000000000,1.000000000,0.762237762,0.580035758
AOI-0067,2019-04-26,0,1,0,True,0,1.000000000,1.000000000,1.000000000,0.733990148,0.603780014
AOI-0067,2019-05-20,0,1,1,True,0,1.000000000,1.000000000,1.000000000,0.523809524,0.761605701
AOI-0067,2019-05-25,0,2,2,True,5,2.000000000,1.000000000,21.000000000,0.835748792,0.468447318
AOI-0067,2019-06-22,0,0,0,True,0,1.000000000,1.000000000,1.000000000,0.975903614,0.130281794
AOI-0067,2019-06-26,0,2,2,True,0,1.000000000,1.000000000,1.000000000,0.735159817,0.601126410
AOI-0067,2019-09-25,0,0,0,True,5,2.000000000,1.000000000,21.000000000,0.983193277,0.096986095
AOI-0067,2019-09-30,0,2,2,True,5,2.000000000,1.000000000,21.000000000,0.614349776,0.881129033
AOI-0067,2020-04-03,0,1,1,True,0,1.000000000,1.000000000,1.000000000,0.826771654,0.492999622
AOI-0067,2020-06-06,0,0,0,True,0,1.000000000,1.000000000,1.000000000,0.902097902,0.345640841
AOI-0067,2020-06-14,0,1,0,True,0,1.000000000,1.000000000,1.000000000,0.622377622,0.697711006
AOI-0067,2020-06-26,0,0,0,True,5,2.000000000,1.000000000,21.000000000,0.984251969,0.091909786
AOI-0067,2020-07-16,0,0,0,True,5,1.000000000,1.000000000,21.000000000,0.945945946,0.234638072
AOI-0067,2020-08-28,0,2,2,True,5,2.000000000,1.000000000,21.000000000,0.932367150,0.264875566
AOI-0067,2020-10-12,0,1,0,True,0,1.000000000,1.000000000,1.000000000,0.828571429,0.483197564
AOI-0067,2020-10-24,0,0,0,True,0,1.000000000,1.000000000,1.000000000,0.970149254,0.154913925
AOI-0067,2021-04-07,0,2,2,True,0,1.000000000,1.000000000,1.000000000,0.989743590,0.064285679
AOI-0067,2021-05-27,0,0,0,True,0,1.000000000,1.000000000,1.000000000,0.957446809,0.205470750
AOI-0067,2021-06-11,0,0,0,True,5,2.000000000,1.000000000,21.000000000,0.984251969,0.091909786
AOI-0067,2021-06-26,0,0,0,True,0,1.000000000,1.000000000,1.000000000,0.568281938,0.708373960
AOI-0067,2021-07-11,0,0,0,True,0,1.000000000,1.000000000,1.000000000,0.877551020,0.398048730
AOI-0067,2021-07-20,0,1,1,True,0,1.000000000,1.000000000,1.000000000,0.968253968,0.162764794
AOI-0067,2021-10-14,0,0,0,True,5,1.000000000,1.000000000,21.000000000,0.866666667,0.421282355
AOI-0067,2022-04-17,0,1,1,True,0,1.000000000,1.000000000,1.000000000,0.719626168,0.634281203
AOI-0067,2022-06-12,0,1,1,True,0,1.000000000,1.000000000,1.000000000,0.848739496,0.457343669
AOI-0067,2022-06-28,0,1,1,True,0,1.000000000,1.000000000,1.000000000,0.935483871,0.283936267
AOI-0067,2022-07-29,0,1,0,True,5,1.000000000,1.000000000,23.000000000,0.653631285,0.673767615
AOI-0067,2022-07-31,0,0,0,True,5,2.000000000,1.000000000,21.000000000,0.952755906,0.211605625
AOI-0067,2022-08-31,0,1,1,True,5,2.000000000,1.000000000,21.000000000,0.832061069,0.483656175
AOI-0067,2022-10-17,0,1,0,True,0,1.000000000,1.000000000,1.000000000,0.700598802,0.639709112
AOI-0067,2022-10-18,0,1,1,True,0,1.000000000,1.000000000,1.000000000,0.980582524,0.109222462
AOI-0067,2023-04-04,0,1,1,True,0,1.000000000,1.000000000,1.000000000,0.788617886,0.550242400
AOI-0067,2023-05-17,0,0,0,True,0,1.000000000,1.000000000,1.000000000,0.925925926,0.288132272
AOI-0067,2023-06-16,0,0,0,True,0,1.000000000,1.000000000,1.000000000,0.983739837,0.094374144
AOI-0067,2023-07-16,0,0,0,True,0,1.000000000,1.000000000,1.000000000,0.587786260,0.715666874
AOI-0067,2023-07-28,0,2,2,True,0,1.000000000,1.000000000,1.000000000,0.990697674,0.059218348
AOI-0067,2023-08-18,0,1,0,True,0,1.000000000,1.000000000,1.000000000,0.693023256,0.640762809
AOI-0067,2023-08-25,0,0,0,True,0,1.000000000,1.000000000,1.000000000,0.726618705,0.619861451
AOI-0067,2023-08-27,0,1,0,True,0,1.000000000,1.000000000,1.000000000,0.523809524,0.761605701
AOI-0067,2023-09-11,0,1,1,True,5,2.000000000,1.000000000,21.000000000,0.837837838,0.478031285
AOI-0067,2023-10-29,0,0,0,True,0,1.000000000,1.000000000,1.000000000,0.928057554,0.282021981
AOI-0067,2024-04-22,0,1,1,True,0,1.000000000,1.000000000,1.000000000,0.534246575,0.927611898
AOI-0067,2024-06-09,0,1,2,True,0,1.000000000,1.000000000,1.000000000,0.860465116,0.424510555
AOI-0067,2024-06-20,0,0,0,True,0,1.000000000,1.000000000,1.000000000,0.985185185,0.087375267
AOI-0067,2024-06-25,0,0,2,True,0,1.000000000,1.000000000,1.000000000,0.488789238,0.834087569
AOI-0067,2024-06-26,0,1,1,True,0,1.000000000,1.000000000,1.000000000,0.960784314,0.192625738
AOI-0067,2024-08-04,0,0,0,True,0,1.000000000,1.000000000,1.000000000,0.825242718,0.500845652
AOI-0067,2024-09-21,0,1,0,True,0,1.000000000,1.000000000,1.000000000,0.857923497,0.431876934
AOI-0067,2024-10-13,0,0,0,True,5,1.000000000,1.000000000,23.000000000,0.968253968,0.162764794
AOI-0067,2025-05-01,0,0,0,True,0,1.000000000,1.000000000,1.000000000,0.903083700,0.336174613
AOI-0067,2025-05-03,0,1,1,True,0,1.000000000,1.000000000,1.000000000,0.975903614,0.130281794
AOI-0067,2025-05-16,0,0,0,True,0,1.000000000,1.000000000,1.000000000,0.986394558,0.081409508
AOI-0067,2025-06-17,0,0,0,True,5,3.000000000,1.000000000,20.000000000,0.963636364,0.181415523
AOI-0067,2025-06-28,0,1,0,True,0,1.000000000,1.000000000,1.000000000,0.569620253,0.740529352
AOI-0067,2025-07-25,0,0,0,True,0,1.000000000,1.000000000,1.000000000,0.986013986,0.083298165
AOI-0067,2025-08-14,0,0,0,True,2,1.000000000,1.000000000,3.000000000,0.700598802,0.639709112
AOI-0067,2025-08-15,0,1,1,True,0,1.000000000,1.000000000,1.000000000,0.923664122,0.294543299
AOI-0067,2025-09-13,0,0,0,True,0,1.000000000,1.000000000,1.000000000,0.985611511,0.085284100
AOI-0067,2025-09-30,0,2,2,True,1,1.000000000,1.000000000,2.000000000,0.863874346,0.420059298
AOI-0068,2010-04-07,0,2,2,True,0,1.000000000,1.000000000,1.000000000,0.668246445,0.660253900
AOI-0068,2010-04-25,0,1,1,True,5,1.000000000,1.000000000,22.000000000,0.966101695,0.171538761
AOI-0068,2010-07-29,0,1,1,True,0,1.000000000,1.000000000,1.000000000,0.981308411,0.105858397
AOI-0068,2010-10-25,0,1,1,True,0,1.000000000,1.000000000,1.000000000,0.981981982,0.102711110
AOI-0068,2010-10-26,0,1,1,True,0,1.000000000,1.000000000,1.000000000,0.968253968,0.162764794
AOI-0068,2011-05-09,0,2,2,True,5,2.000000000,1.000000000,22.000000000,0.990521327,0.060162121
AOI-0068,2011-05-14,0,1,1,True,5,1.000000000,1.000000000,24.000000000,0.963636364,0.181415523
AOI-0068,2011-06-06,0,1,1,True,0,1.000000000,1.000000000,1.000000000,0.983739837,0.094374144
AOI-0068,2011-08-26,0,1,1,True,0,1.000000000,1.000000000,1.000000000,0.970149254,0.154913925
AOI-0068,2011-09-11,0,1,1,True,5,2.000000000,1.000000000,22.000000000,0.953488372,0.220352331
AOI-0068,2012-05-24,0,2,2,True,0,1.000000000,1.000000000,1.000000000,0.990697674,0.059218348
AOI-0068,2012-08-28,0,1,2,True,0,1.000000000,1.000000000,1.000000000,0.681159420,0.651026440
AOI-0068,2012-09-13,0,1,2,True,5,1.000000000,1.000000000,22.000000000,0.725118483,0.611995933
AOI-0068,2013-04-23,0,2,2,True,0,1.000000000,1.000000000,1.000000000,0.990697674,0.059218348
AOI-0068,2013-06-11,0,1,1,True,0,1.000000000,1.000000000,1.000000000,0.979797980,0.112827275
AOI-0068,2013-07-22,0,1,1,True,5,2.000000000,1.000000000,22.000000000,0.966101695,0.171538761
AOI-0068,2013-08-22,0,1,1,True,5,2.000000000,1.000000000,22.000000000,0.977011494,0.125386776
AOI-0068,2013-08-30,0,1,1,True,0,1.000000000,1.000000000,1.000000000,0.974683544,0.135612188
AOI-0068,2013-09-14,0,2,2,True,5,2.000000000,1.000000000,22.000000000,0.989304813,0.066585474
AOI-0068,2014-05-25,0,2,2,False,-1,0.000000000,0.000000000,inf,0.990147783,0.062150380
AOI-0068,2014-06-22,0,1,1,True,0,1.000000000,1.000000000,1.000000000,0.978947368,0.116700546
AOI-0068,2014-06-30,0,1,1,True,0,1.000000000,1.000000000,1.000000000,0.981308411,0.105858397
AOI-0068,2014-07-17,0,1,1,True,5,1.000000000,1.000000000,22.000000000,0.963636364,0.181415523
AOI-0068,2014-08-10,0,1,1,True,0,1.000000000,1.000000000,1.000000000,0.968253968,0.162764794
AOI-0068,2014-09-03,0,1,1,True,0,1.000000000,1.000000000,1.000000000,0.968253968,0.162764794
AOI-0068,2015-05-17,0,1,1,True,5,1.000000000,1.000000000,24.000000000,0.963636364,0.181415523
AOI-0068,2015-06-02,0,1,1,True,5,1.000000000,1.000000000,24.000000000,0.963636364,0.181415523
AOI-0068,2015-07-20,0,1,1,True,5,1.000000000,1.000000000,24.000000000,0.966101695,0.171538761
AOI-0068,2015-08-05,0,1,1,True,0,1.000000000,1.000000000,1.000000000,0.968253968,0.162764794
AOI-0068,2015-09-22,0,1,1,True,0,1.000000000,1.000000000,1.000000000,0.966101695,0.171538761
AOI-0068,2015-09-29,0,1,1,True,5,2.000000000,1.000000000,22.000000000,0.981308411,0.105858397
AOI-0068,2016-04-17,0,1,1,False,-1,0.000000000,0.000000000,inf,0.960784314,0.192625738
AOI-0068,2016-06-27,0,1,1,True,0,1.000000000,1.000000000,1.000000000,0.981308411,0.105858397
AOI-0068,2016-07-13,0,1,1,True,0,1.000000000,1.000000000,1.000000000,0.980582524,0.109222462
AOI-0068,2016-07-27,0,2,2,False,-1,0.000000000,0.000000000,inf,0.775401070,0.557938310
AOI-0068,2016-08-12,0,2,2,True,0,1.000000000,1.000000000,1.000000000,0.739130435,0.598020854
AOI-0068,2016-09-15,0,1,1,True,0,1.000000000,1.000000000,1.000000000,0.981981982,0.102711110
AOI-0068,2017-04-12,0,1,1,True,0,1.000000000,1.000000000,1.000000000,0.968253968,0.162764794
AOI-0068,2017-04-28,0,0,0,True,5,2.000000000,1.000000000,22.000000000,0.984732824,0.089580528
AOI-0068,2017-06-15,0,1,1,True,0,1.000000000,1.000000000,1.000000000,0.963636364,0.181415523
AOI-0068,2017-07-25,0,1,0,True,5,2.000000000,1.000000000,22.000000000,0.578231293,0.715679781
AOI-0068,2017-07-27,0,0,0,True,0,1.000000000,1.000000000,1.000000000,0.985611511,0.085284100
AOI-0068,2017-08-17,0,1,1,True,0,1.000000000,1.000000000,1.000000000,0.858267717,0.438505622
AOI-0068,2017-09-10,0,0,0,True,0,1.000000000,1.000000000,1.000000000,0.984732824,0.089580528
AOI-0068,2017-10-12,0,1,1,True,0,1.000000000,1.000000000,1.000000000,0.978021978,0.120874486
AOI-0068,2018-04-06,0,1,1,True,5,1.000000000,1.000000000,22.000000000,0.980582524,0.109222462
AOI-0068,2018-04-07,0,1,2,True,0,1.000000000,1.000000000,1.000000000,0.706161137,0.629814033
AOI-0068,2018-07-02,0,0,0,True,0,1.000000000,1.000000000,1.000000000,0.682051282,0.651564996
AOI-0068,2018-08-12,0,1,1,True,0,1.000000000,1.000000000,1.000000000,0.942857143,0.258640932
AOI-0068,2018-08-29,0,1,2,True,5,1.000000000,1.000000000,24.000000000,0.763033175,0.570790373
AOI-0068,2018-09-13,0,1,0,True,0,1.000000000,1.000000000,1.000000000,0.825641026,0.485866983
AOI-0068,2019-04-18,0,0,0,True,0,1.000000000,1.000000000,1.000000000,0.970149254,0.154913925
AOI-0068,2019-04-23,0,0,0,True,0,1.000000000,1.000000000,1.000000000,0.649289100,0.882717006
AOI-0068,2019-06-10,0,2,0,True,0,1.000000000,1.000000000,1.000000000,0.721973094,0.614035411
AOI-0068,2019-06-12,0,0,0,True,5,1.000000000,1.000000000,22.000000000,0.941747573,0.248377974
AOI-0068,2019-06-21,0,1,1,True,0,1.000000000,1.000000000,1.000000000,0.957446809,0.205470750
AOI-0068,2019-06-27,0,0,0,True,0,1.000000000,1.000000000,1.000000000,0.668449198,0.662645928
AOI-0068,2019-07-06,0,1,1,True,0,1.000000000,1.000000000,1.000000000,0.982608696,0.099759750
AOI-0068,2019-07-31,0,1,1,True,0,1.000000000,1.000000000,1.000000000,0.971830986,0.147843978
AOI-0068,2019-08-13,0,2,2,True,0,1.000000000,1.000000000,1.000000000,0.600000000,0.939354209
AOI-0068,2019-08-15,0,1,1,True,0,1.000000000,1.000000000,1.000000000,0.981308411,0.105858397
AOI-0068,2020-04-07,0,0,0,True,0,1.000000000,1.000000000,1.000000000,0.984732824,0.089580528
AOI-0068,2020-04-17,0,0,0,True,0,1.000000000,1.000000000,1.000000000,0.729032258,0.614707193
AOI-0068,2020-05-08,0,2,2,True,5,1.000000000,1.000000000,24.000000000,0.990521327,0.060162121
AOI-0068,2020-05-29,0,1,1,True,0,1.000000000,1.000000000,1.000000000,0.748148148,0.597779062
AOI-0068,2020-07-06,0,0,0,True,5,2.000000000,1.000000000,22.000000000,0.777777778,0.556748955
AOI-0068,2020-07-16,0,0,0,True,5,1.000000000,1.000000000,22.000000000,0.945945946,0.234638072
AOI-0068,2020-07-24,0,1,0,True,5,2.000000000,1.000000000,22.000000000,0.801169591,0.525159835
AOI-0068,2020-08-17,0,1,1,True,0,1.000000000,1.000000000,1.000000000,0.795275591,0.540257419
AOI-0068,2020-08-28,0,2,2,True,5,2.000000000,1.000000000,22.000000000,0.932367150,0.264875566
AOI-0068,2021-05-02,0,0,0,True,0,1.000000000,1.000000000,1.000000000,0.984732824,0.089580528
AOI-0068,2021-05-12,0,0,0,True,0,1.000000000,1.000000000,1.000000000,0.985611511,0.085284100
AOI-0068,2021-07-04,0,1,1,True,5,2.000000000,1.000000000,22.000000000,0.966101695,0.171538761
AOI-0068,2021-08-05,0,0,0,True,0,1.000000000,1.000000000,1.000000000,0.981308411,0.105858397
AOI-0068,2021-08-13,0,2,2,True,0,1.000000000,1.000000000,1.000000000,0.881278539,0.446661274
AOI-0068,2021-09-09,0,0,0,True,5,1.000000000,1.000000000,22.000000000,0.984732824,0.089580528
AOI-0068,2021-10-14,0,0,0,True,5,1.000000000,1.000000000,22.000000000,0.866666667,0.421282355
AOI-0068,2022-04-10,0,1,0,True,0,1.000000000,1.000000000,1.000000000,0.605442177,0.705109055
AOI-0068,2022-05-11,0,1,1,True,5,1.000000000,1.000000000,24.000000000,0.968253968,0.162764794
AOI-0068,2022-06-16,0,0,0,True,0,1.000000000,1.000000000,1.000000000,0.981981982,0.102711110
AOI-0068,2022-07-29,0,1,0,True,5,1.000000000,1.000000000,24.000000000,0.653631285,0.673767615
AOI-0068,2022-07-31,0,0,0,True,5,2.000000000,1.000000000,22.000000000,0.952755906,0.211605625
AOI-0068,2022-08-29,0,2,2,True,5,1.000000000,1.000000000,24.000000000,0.990338164,0.061138862
AOI-0068,2022-08-31,0,1,1,True,5,2.000000000,1.000000000,22.000000000,0.832061069,0.483656175
AOI-0068,2022-09-29,0,0,0,True,0,1.000000000,1.000000000,1.000000000,0.983193277,0.096986095
AOI-0068,2022-09-30,0,2,2,True,0,1.000000000,1.000000000,1.000000000,0.706161137,0.629814033
AOI-0068,2023-05-15,0,1,0,True,0,1.000000000,1.000000000,1.000000000,0.748837209,0.586770241
AOI-0068,2023-05-31,0,1,1,True,5,2.000000000,1.000000000,22.000000000,0.968253968,0.162764794
AOI-0068,2023-06-03,0,1,0,True,0,1.000000000,1.000000000,1.000000000,0.617021277,0.747675135
AOI-0068,2023-06-07,0,1,1,True,0,1.000000000,1.000000000,1.000000000,0.906542056,0.340847656
AOI-0068,2023-07-17,0,1,1,True,0,1.000000000,1.000000000,1.000000000,0.714285714,0.659572204
AOI-0068,2023-08-05,0,0,0,True,0,1.000000000,1.000000000,1.000000000,0.983739837,0.094374144
AOI-0068,2023-08-20,0,0,0,True,0,1.000000000,1.000000000,1.000000000,0.985611511,0.085284100
AOI-0068,2023-09-11,0,1,1,True,5,2.000000000,1.000000000,22.000000000,0.837837838,0.478031285
AOI-0068,2023-10-04,0,0,0,True,0,1.000000000,1.000000000,1.000000000,0.648241206,0.674866890
AOI-0068,2023-10-13,0,1,1,False,-1,0.000000000,0.000000000,inf,0.963636364,0.181415523
AOI-0068,2023-10-19,0,0,0,True,5,1.000000000,1.000000000,24.000000000,0.717791411,0.624583560
AOI-0068,2024-04-14,0,1,0,True,0,1.000000000,1.000000000,1.000000000,0.741496599,0.602943594
AOI-0068,2024-05-08,0,2,2,True,0,1.000000000,1.000000000,1.000000000,0.893719807,0.395628725
AOI-0068,2024-05-11,0,0,0,True,0,1.000000000,1.000000000,1.000000000,0.957446809,0.205470750
AOI-0068,2024-05-21,0,0,0,True,0,1.000000000,1.000000000,1.000000000,0.984251969,0.091909786
AOI-0068,2024-06-05,0,0,0,True,0,1.000000000,1.000000000,1.000000000,0.974683544,0.135612188
AOI-0068,2024-07-05,0,0,0,False,-1,0.000000000,0.000000000,inf,0.981981982,0.102711110
AOI-0068,2024-08-12,0,1,0,True,0,1.000000000,1.000000000,1.000000000,0.674876847,0.846379687
AOI-0068,2024-09-06,0,1,0,True,5,1.000000000,1.000000000,22.000000000,0.728643216,0.609627116
AOI-0068,2024-09-28,0,0,0,True,0,1.000000000,1.000000000,1.000000000,0.675392670,0.657094863
AOI-0068,2025-04-02,0,1,1,True,0,1.000000000,1.000000000,1.000000000,0.600000000,0.746974627
AOI-0068,2025-06-04,0,1,1,True,0,2.000000000,1.000000000,1.000000000,0.761006289,0.579000939
AOI-0068,2025-06-21,0,1,1,True,0,1.000000000,1.000000000,1.000000000,0.734939759,0.627295103
AOI-0068,2025-06-27,0,0,0,True,1,1.000000000,1.000000000,2.000000000,0.608938547,0.698501627
AOI-0068,2025-07-06,0,1,1,True,0,1.000000000,1.000000000,1.000000000,0.818181818,0.513150069
AOI-0068,2025-07-15,0,0,0,True,0,1.000000000,1.000000000,1.000000000,0.952755906,0.211605625
AOI-0068,2025-07-17,0,0,0,True,0,2.000000000,1.000000000,1.000000000,0.981981982,0.102711110
AOI-0068,2025-08-06,0,0,0,True,0,1.000000000,1.000000000,1.000000000,0.649289100,0.672991185
AOI-0068,2025-08-31,0,1,1,True,0,2.000000000,1.000000000,1.000000000,0.756097561,0.591181657
AOI-0068,2025-09-30,0,2,2,True,0,1.000000000,1.000000000,1.000000000,0.863874346,0.420059298
AOI-0069,2025-04-02,0,1,1,True,0,1.000000000,1.000000000,1.000000000,0.600000000,0.746974627
AOI-0069,2025-04-28,0,0,0,True,0,2.000000000,1.000000000,1.000000000,0.982608696,0.099759750
AOI-0069,2025-05-03,0,1,1,True,0,2.000000000,1.000000000,1.000000000,0.975903614,0.130281794
AOI-0069,2025-05-08,0,0,0,True,1,1.000000000,1.000000000,2.000000000,0.966101695,0.171538761
AOI-0069,2025-06-27,0,0,0,True,0,1.000000000,1.000000000,1.000000000,0.608938547,0.698501627
AOI-0069,2025-07-30,0,0,0,True,0,2.000000000,1.000000000,1.000000000,0.992619926,0.048696824
AOI-0069,2025-08-16,0,0,0,True,0,2.000000000,1.000000000,1.000000000,0.986394558,0.081409508
AOI-0069,2025-09-15,0,0,0,True,0,2.000000000,1.000000000,1.000000000,0.687203791,0.645879152
AOI-0069,2025-10-16,0,2,0,True,0,2.000000000,1.000000000,1.000000000,0.554502370,0.779771987
AOI-0070,2025-04-17,0,1,1,True,0,2.000000000,1.000000000,1.000000000,0.827814570,0.487404918
AOI-0070,2025-05-08,0,0,0,True,2,1.000000000,1.000000000,3.000000000,0.966101695,0.171538761
AOI-0070,2025-06-28,0,1,0,True,0,1.000000000,1.000000000,1.000000000,0.569620253,0.740529352
AOI-0070,2025-07-06,0,1,1,True,2,1.000000000,1.000000000,3.000000000,0.818181818,0.513150069
AOI-0070,2025-07-15,0,0,0,True,0,1.000000000,1.000000000,1.000000000,0.952755906,0.211605625
AOI-0070,2025-08-07,0,1,0,True,0,1.000000000,1.000000000,1.000000000,0.897142857,0.353384727
AOI-0070,2025-08-13,0,2,2,True,0,1.000000000,1.000000000,1.000000000,0.788235294,0.535813514
AOI-0070,2025-08-23,0,1,1,True,0,1.000000000,1.000000000,1.000000000,0.729032258,0.614707193
AOI-0070,2025-09-01,0,1,0,True,1,2.000000000,1.000000000,2.000000000,0.698630137,0.635682805
AOI-0070,2025-09-14,0,2,2,True,0,1.000000000,1.000000000,1.000000000,0.744075829,0.592350727
AOI-0071,2025-04-23,0,2,2,True,0,2.000000000,1.000000000,1.000000000,0.645021645,0.894834272
AOI-0071,2025-05-04,0,1,0,True,0,1.000000000,1.000000000,1.000000000,0.668246445,0.660253900
AOI-0071,2025-06-10,0,2,0,True,0,1.000000000,1.000000000,1.000000000,0.533039648,0.715890578
AOI-0071,2025-06-21,0,1,1,True,0,1.000000000,1.000000000,1.000000000,0.734939759,0.627295103
AOI-0071,2025-06-28,0,1,0,True,1,1.000000000,1.000000000,2.000000000,0.569620253,0.740529352
AOI-0071,2025-07-15,0,0,0,True,0,1.000000000,1.000000000,1.000000000,0.952755906,0.211605625
AOI-0071,2025-08-15,0,1,1,True,0,2.000000000,1.000000000,1.000000000,0.923664122,0.294543299
AOI-0071,2025-10-16,0,2,0,True,0,2.000000000,1.000000000,1.000000000,0.554502370,0.779771987
AOI-0072,2025-04-02,0,1,1,True,0,1.000000000,1.000000000,1.000000000,0.600000000,0.746974627
AOI-0072,2025-05-04,0,1,0,True,1,1.000000000,1.000000000,2.000000000,0.668246445,0.660253900
AOI-0072,2025-05-11,0,0,0,True,3,1.000000000,1.000000000,5.000000000,0.948717949,0.237819011
AOI-0072,2025-06-21,0,1,1,True,1,1.000000000,1.000000000,2.000000000,0.734939759,0.627295103
AOI-0072,2025-06-28,0,1,0,True,2,2.000000000,1.000000000,3.000000000,0.569620253,0.740529352
AOI-0072,2025-07-25,0,0,0,True,0,1.000000000,1.000000000,1.000000000,0.986013986,0.083298165
AOI-0072,2025-09-08,0,1,0,True,0,1.000000000,1.000000000,1.000000000,0.929648241,0.272650708
AOI-0072,2025-09-14,0,2,2,True,0,1.000000000,1.000000000,1.000000000,0.744075829,0.592350727
AOI-0072,2025-10-02,0,1,1,True,0,1.000000000,1.000000000,1.000000000,0.837037037,0.474683707
AOI-0073,2010-06-25,0,1,1,True,0,1.000000000,1.000000000,1.000000000,0.894736842,0.409458619
AOI-0073,2010-07-19,0,1,1,True,0,1.000000000,1.000000000,1.000000000,0.957446809,0.205470750
AOI-0073,2010-10-23,0,1,1,True,0,1.000000000,1.000000000,1.000000000,0.957446809,0.205470750
AOI-0073,2011-04-01,0,1,1,True,0,1.000000000,1.000000000,1.000000000,0.894736842,0.409458619
AOI-0073,2011-06-04,0,1,1,True,0,1.000000000,1.000000000,1.000000000,0.953488372,0.220352331
AOI-0073,2011-07-30,0,1,1,True,0,1.000000000,1.000000000,1.000000000,0.913043478,0.355712860
AOI-0073,2011-08-13,0,2,2,True,0,1.000000000,1.000000000,1.000000000,0.991031390,0.057423085
AOI-0073,2012-04-06,0,2,2,True,0,1.000000000,1.000000000,1.000000000,0.990147783,0.062150380
AOI-0073,2012-04-11,0,1,1,False,-1,0.000000000,0.000000000,inf,0.866666667,0.485094091
AOI-0073,2012-08-12,0,2,2,True,0,1.000000000,1.000000000,1.000000000,0.812807882,0.504905654
AOI-0073,2013-04-23,0,2,2,True,4,2.000000000,1.000000000,12.000000000,0.990697674,0.059218348
AOI-0073,2013-06-09,0,1,1,True,0,1.000000000,1.000000000,1.000000000,0.953488372,0.220352331
AOI-0073,2013-09-14,0,2,2,True,0,1.000000000,1.000000000,1.000000000,0.989304813,0.066585474
AOI-0073,2014-04-25,0,1,1,True,0,1.000000000,1.000000000,1.000000000,0.935483871,0.283936267
AOI-0073,2014-08-07,0,1,1,True,4,2.000000000,1.000000000,14.000000000,0.960784314,0.192625738
AOI-0073,2014-08-31,0,1,1,True,0,1.000000000,1.000000000,1.000000000,0.963636364,0.181415523
AOI-0073,2015-05-09,0,2,2,True,0,1.000000000,1.000000000,1.000000000,0.990521327,0.060162121
AOI-0073,2015-08-13,0,2,2,True,0,1.000000000,1.000000000,1.000000000,0.686098655,0.645690378
AOI-0073,2015-10-21,0,1,1,True,0,1.000000000,1.000000000,1.000000000,0.894736842,0.409458619
AOI-0073,2015-10-29,0,1,1,True,4,2.000000000,1.000000000,14.000000000,0.953488372,0.220352331
AOI-0073,2016-06-09,0,2,2,True,0,1.000000000,1.000000000,1.000000000,0.989949749,0.063198621
AOI-0073,2016-10-15,0,2,2,True,0,1.000000000,1.000000000,1.000000000,0.819905213,0.493453353
AOI-0073,2017-04-25,0,1,1,True,0,1.000000000,1.000000000,1.000000000,0.948717949,0.237819011
AOI-0073,2017-05-27,0,1,1,True,0,1.000000000,1.000000000,1.000000000,0.953488372,0.220352331
AOI-0073,2017-06-20,0,1,1,True,4,2.000000000,1.000000000,14.000000000,0.960784314,0.192625738
AOI-0073,2017-07-28,0,2,2,True,0,1.000000000,1.000000000,1.000000000,0.990697674,0.059218348
AOI-0073,2017-08-23,0,1,1,False,-1,0.000000000,0.000000000,inf,0.818181818,0.600166073
AOI-0073,2018-05-11,0,0,0,True,4,2.000000000,1.000000000,14.000000000,0.974683544,0.135612188
AOI-0073,2018-07-09,0,1,1,True,0,1.000000000,1.000000000,1.000000000,0.714285714,0.659572204
AOI-0073,2018-07-28,0,2,2,True,0,1.000000000,1.000000000,1.000000000,0.919282511,0.297836917
AOI-0073,2018-08-10,0,1,1,True,0,1.000000000,1.000000000,1.000000000,0.953488372,0.220352331
AOI-0073,2018-08-26,0,1,1,True,0,1.000000000,1.000000000,1.000000000,0.963636364,0.181415523
AOI-0073,2018-10-11,0,0,0,False,-1,0.000000000,0.000000000,inf,0.866666667,0.485094091
AOI-0073,2019-04-06,0,0,0,True,4,3.000000000,1.000000000,11.000000000,0.986013986,0.083298165
AOI-0073,2019-05-14,0,0,0,False,-1,0.000000000,0.000000000,inf,0.866666667,0.485094091
AOI-0073,2019-05-29,0,0,1,True,0,1.000000000,1.000000000,1.000000000,0.617021277,0.747675135
AOI-0073,2019-05-31,0,0,0,True,4,4.000000000,1.000000000,11.000000000,0.986754967,0.079610965
AOI-0073,2019-07-04,0,1,0,True,0,1.000000000,1.000000000,1.000000000,0.523809524,0.761605701
AOI-0073,2019-07-15,0,0,1,True,0,1.000000000,1.000000000,1.000000000,0.696969697,0.657696336
AOI-0073,2019-07-29,0,1,1,True,4,1.000000000,1.000000000,15.000000000,0.723577236,0.626221864
AOI-0073,2019-09-03,0,0,0,True,0,1.000000000,1.000000000,1.000000000,0.987096774,0.077896072
AOI-0073,2019-09-14,0,1,2,True,4,1.000000000,1.000000000,14.000000000,0.781990521,0.547209720
AOI-0073,2019-10-17,0,1,1,True,0,1.000000000,1.000000000,1.000000000,0.853658537,0.447709041
AOI-0073,2020-04-09,0,1,1,True,4,1.000000000,1.000000000,15.000000000,0.569620253,0.740529352
AOI-0073,2020-06-07,0,1,1,False,-1,0.000000000,0.000000000,inf,0.831325301,0.497181687
AOI-0073,2020-06-12,0,0,0,True,0,1.000000000,1.000000000,1.000000000,0.894736842,0.409458619
AOI-0073,2020-07-02,0,0,1,True,0,1.000000000,1.000000000,1.000000000,0.647058824,0.724975116
AOI-0073,2020-08-03,0,0,0,True,0,1.000000000,1.000000000,1.000000000,0.844311377,0.457831895
AOI-0073,2020-08-18,0,0,0,True,0,1.000000000,1.000000000,1.000000000,0.687203791,0.645879152
AOI-0073,2020-08-21,0,0,0,False,-1,0.000000000,0.000000000,inf,0.866666667,0.485094091
AOI-0073,2020-09-08,0,1,1,False,-1,0.000000000,0.000000000,inf,0.866666667,0.485094091
AOI-0073,2020-09-27,0,0,0,True,0,1.000000000,1.000000000,1.000000000,0.698630137,0.635682805
AOI-0073,2020-09-30,0,0,0,True,0,1.000000000,1.000000000,1.000000000,0.894736842,0.409458619
AOI-0073,2020-10-19,0,1,0,True,0,1.000000000,1.000000000,1.000000000,0.757009346,0.594115964
AOI-0073,2021-04-29,0,1,1,True,0,1.000000000,1.000000000,1.000000000,0.853658537,0.447709041
AOI-0073,2021-06-07,0,0,0,True,0,1.000000000,1.000000000,1.000000000,0.894736842,0.409458619
AOI-0073,2021-06-22,0,0,0,True,0,1.000000000,1.000000000,1.000000000,0.894736842,0.409458619
AOI-0073,2021-06-24,0,0,0,True,0,1.000000000,1.000000000,1.000000000,0.885057471,0.394091582
AOI-0073,2021-07-09,0,0,0,True,0,1.000000000,1.000000000,1.000000000,0.987096774,0.077896072
AOI-0073,2021-07-12,0,0,2,True,0,1.000000000,1.000000000,1.000000000,0.600000000,0.871876280
AOI-0073,2021-07-24,0,0,0,True,0,1.000000000,1.000000000,1.000000000,0.986394558,0.081409508
AOI-0073,2021-08-18,0,0,0,True,0,1.000000000,1.000000000,1.000000000,0.987096774,0.077896072
AOI-0073,2021-10-06,0,1,1,True,4,2.000000000,1.000000000,14.000000000,0.755395683,0.588786262
AOI-0073,2021-10-30,0,0,1,True,0,1.000000000,1.000000000,1.000000000,0.843478261,0.467440026
AOI-0073,2022-04-15,0,0,0,True,0,1.000000000,1.000000000,1.000000000,0.674418605,0.714783355
AOI-0073,2022-05-10,0,0,0,True,4,3.000000000,1.000000000,11.000000000,0.791411043,0.539759098
AOI-0073,2022-06-17,0,0,0,True,0,1.000000000,1.000000000,1.000000000,0.866666667,0.485094091
AOI-0073,2022-06-27,0,0,0,True,0,1.000000000,1.000000000,1.000000000,0.894736842,0.409458619
AOI-0073,2022-08-01,0,0,1,True,0,1.000000000,1.000000000,1.000000000,0.674418605,0.714783355
AOI-0073,2022-08-18,0,0,0,True,4,1.000000000,1.000000000,15.000000000,0.948717949,0.237819011
AOI-0073,2022-08-25,0,1,0,True,0,1.000000000,1.000000000,1.000000000,0.704918033,0.633850789
AOI-0073,2022-09-11,0,0,0,False,-1,0.000000000,0.000000000,inf,0.714285714,0.691150438
AOI-0073,2022-10-08,0,1,1,True,0,1.000000000,1.000000000,1.000000000,0.960784314,0.192625738
AOI-0073,2023-06-09,0,0,0,False,-1,0.000000000,0.000000000,inf,0.531914894,0.777661074
AOI-0073,2023-06-17,0,0,1,True,0,1.000000000,1.000000000,1.000000000,0.743589744,0.652623178
AOI-0073,2023-07-02,0,1,1,False,-1,0.000000000,0.000000000,inf,0.831325301,0.497181687
AOI-0073,2023-07-14,0,0,0,True,4,1.000000000,1.000000000,12.000000000,0.980582524,0.109222462
AOI-0073,2023-07-28,0,2,2,True,0,1.000000000,1.000000000,1.000000000,0.990697674,0.059218348
AOI-0073,2023-08-24,0,1,1,True,0,1.000000000,1.000000000,1.000000000,0.963636364,0.181415523
AOI-0073,2023-09-01,0,1,1,True,0,1.000000000,1.000000000,1.000000000,0.577464789,0.742848415
AOI-0073,2023-09-20,0,0,1,True,0,1.000000000,1.000000000,1.000000000,0.772151899,0.585549972
AOI-0073,2024-04-07,0,1,1,False,-1,0.000000000,0.000000000,inf,0.822784810,0.512745141
AOI-0073,2024-05-09,0,0,0,True,4,1.000000000,1.000000000,14.000000000,0.660377358,0.672103522
AOI-0073,2024-05-12,0,0,0,True,0,1.000000000,1.000000000,1.000000000,0.894736842,0.409458619
AOI-0073,2024-05-14,0,0,0,True,0,1.000000000,1.000000000,1.000000000,0.684210526,0.765937337
AOI-0073,2024-05-27,0,0,0,False,-1,0.000000000,0.000000000,inf,0.866666667,0.485094091
AOI-0073,2024-06-09,0,2,2,True,0,1.000000000,1.000000000,1.000000000,0.860465116,0.424510555
AOI-0073,2024-06-25,0,2,2,True,0,1.000000000,1.000000000,1.000000000,0.488789238,0.834087569
AOI-0073,2024-07-01,0,0,1,True,0,1.000000000,1.000000000,1.000000000,0.745454545,0.632773251
AOI-0073,2024-08-30,0,0,1,True,0,1.000000000,1.000000000,1.000000000,0.617021277,0.747675135
AOI-0073,2024-09-14,0,0,1,True,0,1.000000000,1.000000000,1.000000000,0.772151899,0.585549972
AOI-0073,2025-04-09,0,0,0,True,0,1.000000000,1.000000000,1.000000000,0.818181818,0.600166073
AOI-0073,2025-04-12,0,0,0,True,0,1.000000000,1.000000000,1.000000000,0.866666667,0.485094091
AOI-0073,2025-05-01,0,0,0,True,0,1.000000000,1.000000000,1.000000000,0.903083700,0.336174613
AOI-0073,2025-07-04,0,1,1,True,0,1.000000000,1.000000000,1.000000000,0.966101695,0.171538761
AOI-0073,2025-07-11,0,0,0,True,0,1.000000000,1.000000000,1.000000000,0.894736842,0.409458619
AOI-0073,2025-07-12,0,1,2,True,0,1.000000000,1.000000000,1.000000000,0.668161435,0.863543055
AOI-0073,2025-07-18,0,0,0,True,0,1.000000000,1.000000000,1.000000000,0.987421384,0.076258973
AOI-0073,2025-08-15,0,0,1,True,1,1.000000000,1.000000000,2.000000000,0.923664122,0.294543299
AOI-0073,2025-10-01,0,0,0,True,1,1.000000000,1.000000000,2.000000000,0.866666667,0.485094091
AOI-0074,2010-04-07,0,2,2,True,0,1.000000000,1.000000000,1.000000000,0.668246445,0.660253900
AOI-0074,2010-05-09,0,2,2,True,0,1.000000000,1.000000000,1.000000000,0.990697674,0.059218348
AOI-0074,2010-09-30,0,2,2,True,0,1.000000000,1.000000000,1.000000000,0.990147783,0.062150380
AOI-0074,2011-04-25,0,1,1,True,0,1.000000000,1.000000000,1.000000000,0.894736842,0.409458619
AOI-0074,2011-05-09,0,2,2,True,0,1.000000000,1.000000000,1.000000000,0.990521327,0.060162121
AOI-0074,2011-05-25,0,2,2,True,0,1.000000000,1.000000000,1.000000000,0.990867580,0.058305859
AOI-0074,2012-04-11,0,1,1,False,-1,0.000000000,0.000000000,inf,0.866666667,0.485094091
AOI-0074,2012-05-13,0,1,1,True,0,1.000000000,1.000000000,1.000000000,0.948717949,0.237819011
AOI-0074,2012-06-14,0,1,1,True,0,1.000000000,1.000000000,1.000000000,0.963636364,0.181415523
AOI-0074,2013-04-23,0,2,2,True,4,2.000000000,1.000000000,13.000000000,0.990697674,0.059218348
AOI-0074,2013-05-25,0,2,2,True,0,1.000000000,1.000000000,1.000000000,0.855072464,0.434988930
AOI-0074,2013-07-27,0,1,1,True,0,1.000000000,1.000000000,1.000000000,0.894736842,0.409458619
AOI-0074,2014-06-10,0,2,2,True,0,1.000000000,1.000000000,1.000000000,0.990697674,0.059218348
AOI-0074,2014-08-07,0,1,1,True,4,2.000000000,1.000000000,15.000000000,0.960784314,0.192625738
AOI-0074,2014-08-15,0,1,1,True,0,1.000000000,1.000000000,1.000000000,0.960784314,0.192625738
AOI-0074,2015-04-12,0,1,1,True,0,1.000000000,1.000000000,1.000000000,0.957446809,0.205470750
AOI-0074,2015-05-25,0,2,2,True,0,1.000000000,1.000000000,1.000000000,0.726872247,0.608895793
AOI-0074,2015-07-09,0,1,1,False,-1,0.000000000,0.000000000,inf,0.866666667,0.485094091
AOI-0074,2015-10-05,0,1,1,True,4,1.000000000,1.000000000,15.000000000,0.957446809,0.205470750
AOI-0074,2016-07-11,0,1,2,True,0,1.000000000,1.000000000,1.000000000,0.936073059,0.254088226
AOI-0074,2016-07-27,0,1,2,True,0,1.000000000,1.000000000,1.000000000,0.775401070,0.557938310
AOI-0074,2017-08-12,0,0,0,False,-1,0.000000000,0.000000000,inf,0.866666667,0.485094091
AOI-0074,2017-09-11,0,0,1,True,0,1.000000000,1.000000000,1.000000000,0.793103448,0.554207249
AOI-0074,2017-09-23,0,0,0,True,0,1.000000000,1.000000000,1.000000000,0.894736842,0.409458619
AOI-0074,2017-09-30,0,2,2,True,0,1.000000000,1.000000000,1.000000000,0.630331754,0.684135614
AOI-0074,2018-04-11,0,0,0,True,0,1.000000000,1.000000000,1.000000000,0.987096774,0.077896072
AOI-0074,2018-06-18,0,0,1,True,0,1.000000000,1.000000000,1.000000000,0.783132530,0.569445434
AOI-0074,2018-10-11,0,0,0,False,-1,0.000000000,0.000000000,inf,0.866666667,0.485094091
AOI-0074,2018-10-13,0,0,0,True,0,1.000000000,1.000000000,1.000000000,0.986754967,0.079610965
AOI-0074,2018-10-16,0,2,2,True,0,1.000000000,1.000000000,1.000000000,0.779735683,0.548836814
AOI-0074,2019-04-06,0,0,0,True,4,3.000000000,1.000000000,12.000000000,0.986013986,0.083298165
AOI-0074,2019-06-18,0,0,1,True,0,1.000000000,1.000000000,1.000000000,0.581395349,0.769653081
AOI-0074,2019-06-27,0,1,0,True,0,1.000000000,1.000000000,1.000000000,0.668449198,0.662645928
AOI-0074,2019-07-20,0,0,0,True,0,1.000000000,1.000000000,1.000000000,0.987421384,0.076258973
AOI-0074,2019-07-28,0,0,2,True,0,1.000000000,1.000000000,1.000000000,0.748837209,0.720058064
AOI-0074,2019-08-22,0,0,1,True,0,1.000000000,1.000000000,1.000000000,0.843478261,0.467440026
AOI-0074,2019-09-01,0,0,1,True,0,1.000000000,1.000000000,1.000000000,0.760000000,0.602574125
AOI-0074,2019-09-06,0,0,0,False,-1,0.000000000,0.000000000,inf,0.866666667,0.485094091
AOI-0074,2019-10-13,0,0,0,True,0,1.000000000,1.000000000,1.000000000,0.987096774,0.077896072
AOI-0074,2020-04-08,0,0,0,True,0,1.000000000,1.000000000,1.000000000,0.894736842,0.409458619
AOI-0074,2020-05-18,0,0,0,False,-1,0.000000000,0.000000000,inf,0.714285714,0.796311640
AOI-0074,2020-05-28,0,0,1,True,0,1.000000000,1.000000000,1.000000000,0.906542056,0.340847656
AOI-0074,2020-06-07,0,1,1,False,-1,0.000000000,0.000000000,inf,0.831325301,0.497181687
AOI-0074,2020-06-28,0,1,1,True,0,1.000000000,1.000000000,1.000000000,0.569620253,0.740529352
AOI-0074,2020-07-12,0,0,0,True,0,1.000000000,1.000000000,1.000000000,0.913043478,0.355712860
AOI-0074,2020-08-21,0,0,0,False,-1,0.000000000,0.000000000,inf,0.866666667,0.485094091
AOI-0074,2020-09-24,0,1,0,True,0,1.000000000,1.000000000,1.000000000,0.748633880,0.590157197
AOI-0074,2020-09-29,0,2,2,True,0,1.000000000,1.000000000,1.000000000,0.735159817,0.601126410
AOI-0074,2020-10-15,0,0,2,True,0,1.000000000,1.000000000,1.000000000,0.914691943,0.309849445
AOI-0074,2020-10-17,0,0,0,True,0,1.000000000,1.000000000,1.000000000,0.986394558,0.081409508
AOI-0074,2021-04-18,0,0,0,True,0,1.000000000,1.000000000,1.000000000,0.818181818,0.600166073
AOI-0074,2021-04-30,0,0,0,True,0,1.000000000,1.000000000,1.000000000,0.981981982,0.102711110
AOI-0074,2021-05-06,0,1,1,False,-1,0.000000000,0.000000000,inf,0.942857143,0.258640932
AOI-0074,2021-05-13,0,0,0,False,-1,0.000000000,0.000000000,inf,0.866666667,0.485094091
AOI-0074,2021-06-10,0,2,2,True,0,1.000000000,1.000000000,1.000000000,0.835748792,0.468447318
AOI-0074,2021-06-12,0,0,0,True,0,1.000000000,1.000000000,1.000000000,0.894736842,0.409458619
AOI-0074,2021-06-16,0,1,0,True,0,1.000000000,1.000000000,1.000000000,0.737142857,0.603553904
AOI-0074,2021-07-29,0,0,0,True,0,1.000000000,1.000000000,1.000000000,0.854748603,0.438062356
AOI-0074,2021-09-05,0,0,1,True,0,1.000000000,1.000000000,1.000000000,0.647058824,0.724975116
AOI-0074,2021-09-10,0,0,0,True,0,1.000000000,1.000000000,1.000000000,0.894736842,0.409458619
AOI-0074,2022-05-13,0,1,1,False,-1,0.000000000,0.000000000,inf,0.548387097,0.804665640
AOI-0074,2022-06-06,0,1,0,True,0,1.000000000,1.000000000,1.000000000,0.877551020,0.398048730
AOI-0074,2022-06-10,0,1,2,True,0,1.000000000,1.000000000,1.000000000,0.788944724,0.539098563
AOI-0074,2022-06-12,0,0,1,True,0,1.000000000,1.000000000,1.000000000,0.848739496,0.457343669
AOI-0074,2022-06-23,0,1,0,True,0,1.000000000,1.000000000,1.000000000,0.647058824,0.724975116
AOI-0074,2022-07-04,0,0,0,True,0,1.000000000,1.000000000,1.000000000,0.954198473,0.206598799
AOI-0074,2022-08-23,0,0,0,True,0,1.000000000,1.000000000,1.000000000,0.814207650,0.504717032
AOI-0074,2022-09-11,0,0,0,False,-1,0.000000000,0.000000000,inf,0.714285714,0.691150438
AOI-0074,2022-09-30,0,1,2,True,5,4.000000000,0.750000000,13.000000000,0.706161137,0.629814033
AOI-0074,2023-05-04,0,1,1,True,0,1.000000000,1.000000000,1.000000000,0.546666667,0.748938723
AOI-0074,2023-05-05,0,1,0,True,5,4.000000000,0.750000000,12.000000000,0.748148148,0.597779062
AOI-0074,2023-06-21,0,1,0,True,0,1.000000000,1.000000000,1.000000000,0.740458015,0.607016297
AOI-0074,2023-07-12,0,2,2,True,0,1.000000000,1.000000000,1.000000000,0.990338164,0.061138862
AOI-0074,2023-08-03,0,0,0,True,0,1.000000000,1.000000000,1.000000000,0.719626168,0.634281203
AOI-0074,2023-08-26,0,0,1,True,0,1.000000000,1.000000000,1.000000000,0.848739496,0.457343669
AOI-0074,2023-09-17,0,0,0,True,0,1.000000000,1.000000000,1.000000000,0.986754967,0.079610965
AOI-0074,2023-09-29,0,0,0,False,-1,0.000000000,0.000000000,12.000000000,0.643835616,0.675609803
AOI-0074,2023-10-03,0,1,1,False,-1,0.000000000,0.000000000,inf,0.894736842,0.409458619
AOI-0074,2024-04-07,0,1,1,False,-1,0.000000000,0.000000000,inf,0.822784810,0.512745141
AOI-0074,2024-04-09,0,0,0,True,0,1.000000000,1.000000000,1.000000000,0.985611511,0.085284100
AOI-0074,2024-04-14,0,0,0,True,4,2.000000000,1.000000000,12.000000000,0.741496599,0.602943594
AOI-0074,2024-04-28,0,1,1,True,0,1.000000000,1.000000000,1.000000000,0.559322034,0.757933289
AOI-0074,2024-05-22,0,0,1,True,0,1.000000000,1.000000000,1.000000000,0.846153846,0.498640131
AOI-0074,2024-05-27,0,0,0,False,-1,0.000000000,0.000000000,inf,0.866666667,0.485094091
AOI-0074,2024-07-03,0,0,0,True,4,3.000000000,1.000000000,12.000000000,0.760000000,0.578083752
AOI-0074,2024-07-21,0,1,1,False,-1,0.000000000,0.000000000,inf,0.674418605,0.714783355
AOI-0074,2024-09-16,0,0,0,True,0,1.000000000,1.000000000,1.000000000,0.986394558,0.081409508
AOI-0074,2024-09-24,0,0,0,True,0,1.000000000,1.000000000,1.000000000,0.894736842,0.409458619
AOI-0074,2024-10-24,0,0,1,True,0,1.000000000,1.000000000,1.000000000,0.617021277,0.747675135
AOI-0074,2025-04-21,0,0,0,True,0,2.000000000,1.000000000,1.000000000,0.973333333,0.141440924
AOI-0074,2025-05-22,0,0,0,True,0,1.000000000,1.000000000,1.000000000,0.866666667,0.485094091
AOI-0074,2025-05-24,0,0,0,True,0,2.000000000,1.000000000,1.000000000,0.988571429,0.070389141
AOI-0074,2025-05-31,0,0,0,True,0,1.000000000,1.000000000,1.000000000,0.960784314,0.192625738
AOI-0074,2025-07-08,0,0,0,True,0,1.000000000,1.000000000,1.000000000,0.793721973,0.530587401
AOI-0074,2025-08-02,0,0,0,True,0,2.000000000,1.000000000,1.000000000,0.986013986,0.083298165
AOI-0074,2025-08-10,0,0,0,True,0,2.000000000,1.000000000,1.000000000,0.866666667,0.485094091
AOI-0074,2025-08-21,0,1,1,True,0,1.000000000,1.000000000,1.000000000,0.948717949,0.237819011
AOI-0074,2025-09-01,0,0,0,True,0,2.000000000,1.000000000,1.000000000,0.698630137,0.635682805
AOI-0075,2025-05-09,0,2,2,True,0,2.000000000,1.000000000,1.000000000,0.874476987,0.396131176
AOI-0075,2025-05-25,0,1,2,True,0,1.000000000,1.000000000,1.000000000,0.844748858,0.452311103
AOI-0075,2025-06-10,0,2,0,True,0,1.000000000,1.000000000,1.000000000,0.533039648,0.715890578
AOI-0075,2025-07-13,0,0,0,True,0,2.000000000,1.000000000,1.000000000,0.986013986,0.083298165
AOI-0075,2025-07-28,0,0,0,True,0,2.000000000,1.000000000,1.000000000,0.691629956,0.640879796
AOI-0075,2025-07-31,0,0,1,True,0,1.000000000,1.000000000,1.000000000,0.702127660,0.685698853
AOI-0075,2025-08-05,0,0,1,True,0,1.000000000,1.000000000,1.000000000,0.600000000,0.775939123
AOI-0075,2025-08-17,0,0,0,True,0,2.000000000,1.000000000,1.000000000,0.814207650,0.504717032
AOI-0075,2025-08-20,0,0,0,True,0,1.000000000,1.000000000,1.000000000,0.818181818,0.600166073
AOI-0075,2025-10-14,0,0,0,True,0,2.000000000,1.000000000,1.000000000,0.913043478,0.355712860
AOI-0076,2025-05-12,0,0,0,True,0,1.000000000,1.000000000,1.000000000,0.866666667,0.485094091
AOI-0076,2025-05-14,0,0,0,True,1,1.000000000,1.000000000,2.000000000,0.980582524,0.109222462
AOI-0076,2025-05-22,0,0,0,True,0,2.000000000,1.000000000,1.000000000,0.866666667,0.485094091
AOI-0076,2025-06-08,0,0,0,True,0,2.000000000,1.000000000,1.000000000,0.989743590,0.064285679
AOI-0076,2025-06-11,0,0,1,True,0,2.000000000,1.000000000,1.000000000,0.853658537,0.447709041
AOI-0076,2025-06-30,0,0,0,True,1,2.000000000,1.000000000,2.000000000,0.985611511,0.085284100
AOI-0076,2025-07-12,0,1,2,True,1,2.000000000,1.000000000,2.000000000,0.668161435,0.863543055
AOI-0076,2025-08-07,0,0,0,True,0,2.000000000,1.000000000,1.000000000,0.897142857,0.353384727
AOI-0076,2025-08-29,0,0,0,True,0,2.000000000,1.000000000,1.000000000,0.990867580,0.058305859
AOI-0077,2025-04-29,0,0,0,True,0,2.000000000,1.000000000,1.000000000,0.983739837,0.094374144
AOI-0077,2025-05-04,0,0,0,True,0,1.000000000,1.000000000,1.000000000,0.668246445,0.660253900
AOI-0077,2025-05-12,0,0,0,True,0,1.000000000,1.000000000,1.000000000,0.866666667,0.485094091
AOI-0077,2025-06-03,0,0,0,True,0,1.000000000,1.000000000,1.000000000,0.985185185,0.087375267
AOI-0077,2025-07-28,0,0,0,True,0,2.000000000,1.000000000,1.000000000,0.691629956,0.640879796
AOI-0077,2025-08-13,0,1,2,True,0,2.000000000,1.000000000,1.000000000,0.788235294,0.535813514
AOI-0077,2025-08-19,0,0,0,True,0,2.000000000,1.000000000,1.000000000,0.991769547,0.053406871
AOI-0077,2025-09-06,0,0,0,True,0,1.000000000,1.000000000,1.000000000,0.600000000,0.721688628
AOI-0077,2025-10-04,0,0,1,True,1,1.000000000,1.000000000,2.000000000,0.725490196,0.658329468
AOI-0078,2025-04-02,0,0,1,True,0,1.000000000,1.000000000,1.000000000,0.600000000,0.746974627
AOI-0078,2025-04-07,0,0,2,True,0,1.000000000,1.000000000,1.000000000,0.952606635,0.206174211
AOI-0078,2025-04-12,0,0,0,True,0,1.000000000,1.000000000,1.000000000,0.866666667,0.485094091
AOI-0078,2025-05-04,0,0,0,True,1,1.000000000,1.000000000,2.000000000,0.668246445,0.660253900
AOI-0078,2025-06-11,0,0,1,True,0,1.000000000,1.000000000,1.000000000,0.853658537,0.447709041
AOI-0078,2025-06-26,0,2,2,True,0,1.000000000,1.000000000,1.000000000,0.991341991,0.055740919
AOI-0078,2025-07-31,0,0,1,True,0,1.000000000,1.000000000,1.000000000,0.702127660,0.685698853
AOI-0078,2025-08-17,0,0,0,True,0,1.000000000,1.000000000,1.000000000,0.814207650,0.504717032
AOI-0078,2025-09-21,0,0,0,True,0,1.000000000,1.000000000,1.000000000,0.988304094,0.071763657
AOI-0001,2010-06-26,1,2,2,True,4,4.000000000,1.000000000,9.000000000,0.989949749,0.063198621
AOI-0001,2010-07-13,1,1,1,True,4,4.000000000,1.000000000,9.000000000,0.981981982,0.102711110
AOI-0001,2010-08-22,1,1,1,True,4,3.000000000,1.000000000,12.000000000,0.983739837,0.094374144
AOI-0001,2010-10-16,1,1,2,True,4,4.000000000,0.750000000,9.000000000,0.674418605,0.655383417
AOI-0001,2011-05-25,1,2,2,True,4,4.000000000,1.000000000,9.000000000,0.990697674,0.059218348
AOI-0001,2011-06-05,1,1,1,True,4,3.000000000,1.000000000,12.000000000,0.979797980,0.112827275
AOI-0001,2011-06-22,1,1,1,True,4,2.000000000,1.000000000,12.000000000,0.981981982,0.102711110
AOI-0001,2011-09-10,1,1,1,True,4,1.000000000,1.000000000,13.000000000,0.974683544,0.135612188
AOI-0001,2011-10-16,1,2,2,True,4,4.000000000,1.000000000,9.000000000,0.991031390,0.057423085
AOI-0001,2012-04-06,1,2,2,True,4,3.000000000,1.000000000,9.000000000,0.990338164,0.061138862
AOI-0001,2012-06-25,1,2,2,True,4,3.000000000,1.000000000,9.000000000,0.711627907,0.624497062
AOI-0001,2012-07-25,1,1,1,True,4,3.000000000,1.000000000,12.000000000,0.980582524,0.109222462
AOI-0001,2013-07-20,1,1,1,True,4,3.000000000,1.000000000,12.000000000,0.979797980,0.112827275
AOI-0001,2013-08-13,1,2,2,True,4,1.000000000,1.000000000,16.000000000,0.829145729,0.479909082
AOI-0001,2013-08-29,1,2,2,True,4,4.000000000,1.000000000,9.000000000,0.990147783,0.062150380
AOI-0001,2014-04-27,1,1,1,True,4,3.000000000,1.000000000,9.000000000,0.980582524,0.109222462
AOI-0001,2014-05-21,1,1,1,True,4,4.000000000,1.000000000,9.000000000,0.982608696,0.099759750
AOI-0001,2014-06-10,1,2,2,True,4,1.000000000,1.000000000,16.000000000,0.990338164,0.061138862
AOI-0001,2014-08-16,1,1,1,True,4,3.000000000,1.000000000,12.000000000,0.980582524,0.109222462
AOI-0001,2015-05-09,1,2,2,True,4,3.000000000,1.000000000,9.000000000,0.990338164,0.061138862
AOI-0001,2015-06-09,1,1,1,True,4,4.000000000,1.000000000,9.000000000,0.981981982,0.102711110
AOI-0001,2015-06-10,1,2,2,True,4,4.000000000,1.000000000,9.000000000,0.735159817,0.601126410
AOI-0001,2015-10-06,1,1,1,True,4,1.000000000,1.000000000,13.000000000,0.974683544,0.135612188
AOI-0001,2016-04-06,1,2,2,True,4,3.000000000,1.000000000,9.000000000,0.869346734,0.408926224
AOI-0001,2016-04-07,1,1,1,True,4,2.000000000,1.000000000,12.000000000,0.978021978,0.120874486
AOI-0001,2016-05-24,1,2,2,True,4,3.000000000,1.000000000,9.000000000,0.916279070,0.305727510
AOI-0001,2016-09-06,1,1,1,True,4,3.000000000,1.000000000,12.000000000,0.979797980,0.112827275
AOI-0001,2017-04-11,1,0,0,True,4,2.000000000,1.000000000,13.000000000,0.777777778,0.586888119
AOI-0001,2017-05-28,1,1,1,True,4,1.000000000,1.000000000,13.000000000,0.973333333,0.141440924
AOI-0001,2017-07-28,1,2,2,True,4,1.000000000,1.000000000,13.000000000,0.990521327,0.060162121
AOI-0001,2017-08-16,1,1,1,True,5,1.000000000,1.000000000,27.000000000,0.960784314,0.192625738
AOI-0001,2017-08-17,1,1,1,True,4,3.000000000,1.000000000,9.000000000,0.862595420,0.429705336
AOI-0001,2017-09-25,1,0,0,True,4,4.000000000,1.000000000,9.000000000,0.570370370,0.720630780
AOI-0001,2017-09-30,1,2,2,True,4,2.000000000,1.000000000,9.000000000,0.637209302,0.679891962
AOI-0001,2018-04-21,1,1,1,True,4,2.000000000,1.000000000,12.000000000,0.968253968,0.162764794
AOI-0001,2018-05-31,1,0,0,True,4,4.000000000,1.000000000,9.000000000,0.984732824,0.089580528
AOI-0001,2018-06-16,1,1,1,True,5,1.000000000,1.000000000,27.000000000,0.973333333,0.141440924
AOI-0001,2018-06-24,1,1,1,False,-1,0.000000000,0.000000000,inf,0.828571429,0.535383243
AOI-0001,2018-07-02,1,0,0,True,4,4.000000000,1.000000000,9.000000000,0.719806763,0.617540427
AOI-0001,2018-08-19,1,1,1,True,4,3.000000000,1.000000000,12.000000000,0.979797980,0.112827275
AOI-0001,2018-10-30,1,1,1,True,4,2.000000000,1.000000000,13.000000000,0.977011494,0.125386776
AOI-0001,2019-04-06,1,0,0,True,4,3.000000000,1.000000000,12.000000000,0.986754967,0.079610965
AOI-0001,2019-04-21,1,0,0,True,4,3.000000000,1.000000000,9.000000000,0.987096774,0.077896072
AOI-0001,2019-06-19,1,1,1,True,4,3.000000000,1.000000000,12.000000000,0.770992366,0.571542733
AOI-0001,2019-06-30,1,0,0,True,4,2.000000000,1.000000000,12.000000000,0.704347826,0.646365771
AOI-0001,2019-07-05,1,0,0,True,4,2.000000000,1.000000000,9.000000000,0.986013986,0.083298165
AOI-0001,2019-07-06,1,1,1,True,4,2.000000000,1.000000000,9.000000000,0.982608696,0.099759750
AOI-0001,2019-08-14,1,0,0,True,4,3.000000000,1.000000000,9.000000000,0.986754967,0.079610965
AOI-0001,2019-09-28,1,0,0,True,5,1.000000000,1.000000000,27.000000000,0.971830986,0.147843978
AOI-0001,2020-06-05,1,1,1,True,4,3.000000000,1.000000000,12.000000000,0.978021978,0.120874486
AOI-0001,2020-07-15,1,1,1,True,4,3.000000000,1.000000000,12.000000000,0.978021978,0.120874486
AOI-0001,2020-07-19,1,0,0,True,4,2.000000000,1.000000000,12.000000000,0.986013986,0.083298165
AOI-0001,2020-07-31,1,0,0,False,-1,0.000000000,0.000000000,12.000000000,0.570552147,0.715313994
AOI-0001,2020-08-16,1,1,1,True,4,1.000000000,1.000000000,16.000000000,0.825242718,0.500845652
AOI-0001,2020-08-28,1,2,2,True,4,4.000000000,1.000000000,9.000000000,0.936073059,0.254088226
AOI-0001,2020-10-27,1,0,0,True,4,3.000000000,1.000000000,9.000000000,0.984251969,0.091909786
AOI-0001,2021-05-25,1,2,2,True,4,1.000000000,1.000000000,16.000000000,0.623188406,0.688328370
AOI-0001,2021-07-10,1,1,1,True,4,3.000000000,1.000000000,12.000000000,0.979797980,0.112827275
AOI-0001,2021-08-03,1,0,0,True,4,4.000000000,1.000000000,9.000000000,0.961290323,0.181262606
AOI-0001,2021-08-13,1,2,2,True,4,3.000000000,1.000000000,9.000000000,0.887179487,0.428697976
AOI-0001,2021-08-28,1,0,0,True,4,4.000000000,1.000000000,9.000000000,0.810055866,0.511345905
AOI-0001,2021-09-02,1,0,0,True,4,1.000000000,1.000000000,13.000000000,0.966101695,0.171538761
AOI-0001,2021-09-14,1,0,0,True,4,3.000000000,1.000000000,9.000000000,0.625570776,0.685931235
AOI-0001,2021-09-27,1,0,0,True,4,2.000000000,1.000000000,9.000000000,0.984732824,0.089580528
AOI-0001,2022-04-07,1,0,0,True,4,2.000000000,1.000000000,12.000000000,0.637209302,0.866329748
AOI-0001,2022-06-10,1,2,2,True,4,2.000000000,1.000000000,13.000000000,0.773399015,0.558869016
AOI-0001,2022-06-30,1,1,1,True,4,1.000000000,1.000000000,9.000000000,0.984732824,0.089580528
AOI-0001,2022-07-24,1,0,0,True,5,1.000000000,1.000000000,27.000000000,0.653631285,0.673767615
AOI-0001,2022-08-14,1,1,1,True,4,1.000000000,1.000000000,13.000000000,0.977011494,0.125386776
AOI-0001,2022-08-23,1,0,0,True,4,2.000000000,1.000000000,9.000000000,0.820359281,0.497101801
AOI-0001,2022-09-17,1,0,0,True,4,2.000000000,1.000000000,12.000000000,0.979797980,0.112827275
AOI-0001,2022-10-07,1,0,0,True,4,2.000000000,1.000000000,9.000000000,0.986013986,0.083298165
AOI-0001,2023-05-15,1,0,0,True,4,4.000000000,1.000000000,9.000000000,0.725118483,0.611995933
AOI-0001,2023-06-10,1,2,2,True,4,3.000000000,1.000000000,9.000000000,0.991031390,0.057423085
AOI-0001,2023-07-12,1,2,2,True,4,3.000000000,1.000000000,9.000000000,0.990697674,0.059218348
AOI-0001,2023-09-02,1,0,0,True,4,3.000000000,1.000000000,12.000000000,0.977011494,0.125386776
AOI-0001,2023-09-07,1,0,0,True,4,2.000000000,1.000000000,9.000000000,0.985611511,0.085284100
AOI-0001,2023-09-27,1,0,0,True,4,4.000000000,1.000000000,9.000000000,0.818181818,0.498265026
AOI-0001,2023-09-29,1,0,0,True,4,3.000000000,1.000000000,9.000000000,0.661835749,0.665130698
AOI-0001,2023-10-21,1,1,1,True,4,3.000000000,1.000000000,9.000000000,0.943925234,0.241292743
AOI-0001,2024-04-09,1,0,0,True,4,4.000000000,1.000000000,9.000000000,0.985611511,0.085284100
AOI-0001,2024-07-11,1,2,2,True,4,2.000000000,1.000000000,13.000000000,0.804651163,0.625726548
AOI-0001,2024-08-12,1,0,0,True,4,3.000000000,1.000000000,12.000000000,0.674876847,0.846379687
AOI-0001,2024-08-17,1,0,0,True,4,4.000000000,1.000000000,9.000000000,0.987421384,0.076258973
AOI-0001,2024-09-04,1,1,1,False,-1,0.000000000,0.000000000,inf,0.714285714,0.659572204
AOI-0001,2024-10-06,1,0,0,True,4,4.000000000,1.000000000,9.000000000,0.987421384,0.076258973
AOI-0001,2025-04-16,1,1,0,True,0,1.000000000,1.000000000,1.000000000,0.806451613,0.519613528
AOI-0001,2025-05-25,1,2,2,True,0,1.000000000,1.000000000,1.000000000,0.838862559,0.462932768
AOI-0001,2025-07-10,1,0,0,True,0,1.000000000,1.000000000,1.000000000,0.990521327,0.060162121
AOI-0001,2025-08-19,1,0,0,True,1,1.000000000,1.000000000,2.000000000,0.991189427,0.056568562
AOI-0001,2025-08-30,1,1,1,True,0,1.000000000,1.000000000,1.000000000,0.848739496,0.457343669
AOI-0001,2025-09-11,1,0,0,True,2,2.000000000,1.000000000,3.000000000,0.983739837,0.094374144
AOI-0001,2025-10-17,1,1,1,True,0,1.000000000,1.000000000,1.000000000,0.977011494,0.125386776
AOI-0002,2025-04-14,1,0,0,True,0,2.000000000,1.000000000,1.000000000,0.986754967,0.079610965
AOI-0002,2025-05-01,1,0,0,True,0,2.000000000,1.000000000,1.000000000,0.907949791,0.324276536
AOI-0002,2025-06-08,1,0,0,True,0,2.000000000,1.000000000,1.000000000,0.988304094,0.071763657
AOI-0002,2025-07-12,1,2,2,True,2,2.000000000,1.000000000,3.000000000,0.556485356,0.982705973
AOI-0002,2025-08-29,1,0,0,True,0,2.000000000,1.000000000,1.000000000,0.992031873,0.051963811
AOI-0002,2025-09-07,1,1,1,True,0,2.000000000,1.000000000,1.000000000,0.975903614,0.130281794
AOI-0002,2025-10-28,1,0,0,True,0,1.000000000,1.000000000,1.000000000,0.968253968,0.162764794
AOI-0003,2025-04-07,1,2,2,True,0,2.000000000,1.000000000,1.000000000,0.950738916,0.212347715
AOI-0003,2025-05-04,1,0,0,True,0,1.000000000,1.000000000,1.000000000,0.639344262,0.682111711
AOI-0003,2025-05-25,1,2,2,True,0,1.000000000,1.000000000,1.000000000,0.838862559,0.462932768
AOI-0003,2025-06-10,1,0,0,True,0,2.000000000,1.000000000,1.000000000,0.533039648,0.715890578
AOI-0003,2025-07-05,1,1,0,True,0,2.000000000,1.000000000,1.000000000,0.684210526,0.652775710
AOI-0003,2025-07-12,1,2,2,True,1,1.000000000,1.000000000,2.000000000,0.556485356,0.982705973
AOI-0003,2025-07-21,1,1,1,True,0,2.000000000,1.000000000,1.000000000,0.815126050,0.512888736
AOI-0003,2025-07-23,1,0,0,True,0,1.000000000,1.000000000,1.000000000,0.765363128,0.571219093
AOI-0003,2025-07-28,1,0,0,True,0,2.000000000,1.000000000,1.000000000,0.739910314,0.595804393
AOI-0003,2025-08-09,1,0,0,True,0,2.000000000,1.000000000,1.000000000,0.987421384,0.076258973
AOI-0003,2025-08-12,1,0,0,True,0,2.000000000,1.000000000,1.000000000,0.986394558,0.081409508
AOI-0004,2025-04-16,1,0,0,True,0,1.000000000,1.000000000,1.000000000,0.806451613,0.519613528
AOI-0004,2025-06-26,1,2,2,True,0,1.000000000,1.000000000,1.000000000,0.990697674,0.059218348
AOI-0004,2025-06-27,1,1,0,True,1,4.000000000,0.750000000,1.000000000,0.639344262,0.682111711
AOI-0004,2025-08-13,1,2,2,True,0,2.000000000,1.000000000,1.000000000,0.753424658,0.581279608
AOI-0004,2025-09-01,1,0,0,True,0,1.000000000,1.000000000,1.000000000,0.691629956,0.640879796
AOI-0004,2025-09-07,1,1,1,True,0,2.000000000,1.000000000,1.000000000,0.975903614,0.130281794
AOI-0004,2025-10-17,1,1,1,True,0,1.000000000,1.000000000,1.000000000,0.977011494,0.125386776
AOI-0005,2025-04-16,1,1,0,True,0,1.000000000,1.000000000,1.000000000,0.806451613,0.519613528
AOI-0005,2025-05-04,1,0,0,True,0,1.000000000,1.000000000,1.000000000,0.639344262,0.682111711
AOI-0005,2025-05-25,1,2,2,True,2,3.000000000,1.000000000,3.000000000,0.838862559,0.462932768
AOI-0005,2025-06-08,1,0,0,True,0,2.000000000,1.000000000,1.000000000,0.988304094,0.071763657
AOI-0005,2025-06-26,1,2,2,True,0,1.000000000,1.000000000,1.000000000,0.990697674,0.059218348
AOI-0005,2025-09-16,1,0,0,True,0,2.000000000,1.000000000,1.000000000,0.696335079,0.640386746
AOI-0005,2025-09-23,1,1,0,True,0,1.000000000,1.000000000,1.000000000,0.689839572,0.646243791
AOI-0005,2025-10-17,1,1,1,True,1,1.000000000,1.000000000,2.000000000,0.977011494,0.125386776
AOI-0006,2025-04-17,1,1,1,True,0,1.000000000,1.000000000,1.000000000,0.896296296,0.359830351
AOI-0006,2025-04-23,1,2,2,True,0,2.000000000,1.000000000,1.000000000,0.668246445,0.864825637
AOI-0006,2025-06-13,1,0,0,True,0,1.000000000,1.000000000,1.000000000,0.629629630,0.695463287
AOI-0006,2025-06-28,1,0,1,True,0,1.000000000,1.000000000,1.000000000,0.638554217,0.707068915
AOI-0006,2025-07-10,1,0,0,True,0,2.000000000,1.000000000,1.000000000,0.990521327,0.060162121
AOI-0006,2025-07-23,1,0,0,True,0,2.000000000,1.000000000,1.000000000,0.765363128,0.571219093
AOI-0006,2025-08-06,1,0,0,True,4,16.000000000,0.750000000,1.000000000,0.668246445,0.660253900
AOI-0006,2025-10-17,1,1,1,True,2,2.000000000,1.000000000,3.000000000,0.977011494,0.125386776
AOI-0007,2025-04-17,1,1,1,True,1,2.000000000,1.000000000,2.000000000,0.896296296,0.359830351
AOI-0007,2025-04-28,1,0,0,True,0,1.000000000,1.000000000,1.000000000,0.980582524,0.109222462
AOI-0007,2025-05-09,1,2,2,True,0,1.000000000,1.000000000,1.000000000,0.824267782,0.484632634
AOI-0007,2025-05-25,1,2,2,True,0,1.000000000,1.000000000,1.000000000,0.838862559,0.462932768
AOI-0007,2025-06-04,1,1,1,True,0,1.000000000,1.000000000,1.000000000,0.729032258,0.614707193
AOI-0007,2025-06-08,1,0,0,True,0,2.000000000,1.000000000,1.000000000,0.988304094,0.071763657
AOI-0007,2025-06-13,1,0,0,True,1,2.000000000,1.000000000,2.000000000,0.629629630,0.695463287
AOI-0007,2025-06-27,1,1,0,True,0,1.000000000,1.000000000,1.000000000,0.639344262,0.682111711
AOI-0007,2025-07-07,1,0,0,True,0,1.000000000,1.000000000,1.000000000,0.985185185,0.087375267
AOI-0007,2025-07-22,1,1,1,True,0,1.000000000,1.000000000,1.000000000,0.734939759,0.627295103
AOI-0007,2025-10-16,1,0,0,True,0,1.000000000,1.000000000,1.000000000,0.578475336,0.768375239
AOI-0008,2025-05-01,1,0,0,True,0,1.000000000,1.000000000,1.000000000,0.907949791,0.324276536
AOI-0008,2025-06-10,1,2,0,True,0,2.000000000,1.000000000,1.000000000,0.533039648,0.715890578
AOI-0008,2025-07-30,1,0,0,True,0,2.000000000,1.000000000,1.000000000,0.992395437,0.049949369
AOI-0008,2025-08-14,1,0,0,True,0,1.000000000,1.000000000,1.000000000,0.717791411,0.624583560
AOI-0008,2025-08-16,1,0,0,True,0,1.000000000,1.000000000,1.000000000,0.985185185,0.087375267
AOI-0008,2025-08-19,1,0,0,True,0,1.000000000,1.000000000,1.000000000,0.991189427,0.056568562
AOI-0008,2025-08-22,1,0,0,True,0,1.000000000,1.000000000,1.000000000,0.988304094,0.071763657
AOI-0008,2025-09-23,1,0,0,True,0,2.000000000,1.000000000,1.000000000,0.689839572,0.646243791
AOI-0008,2025-10-08,1,0,0,True,0,2.000000000,1.000000000,1.000000000,0.987421384,0.076258973
AOI-0008,2025-10-18,1,0,0,True,0,2.000000000,1.000000000,1.000000000,0.981981982,0.102711110
AOI-0009,2025-04-29,1,0,0,True,0,2.000000000,1.000000000,1.000000000,0.981981982,0.102711110
AOI-0009,2025-05-27,1,1,1,True,0,2.000000000,1.000000000,1.000000000,0.975903614,0.130281794
AOI-0009,2025-06-04,1,1,1,True,0,2.000000000,1.000000000,1.000000000,0.729032258,0.614707193
AOI-0009,2025-07-08,1,0,0,True,0,1.000000000,1.000000000,1.000000000,0.826484018,0.482533258
AOI-0009,2025-07-17,1,0,0,True,1,2.000000000,1.000000000,2.000000000,0.981981982,0.102711110
AOI-0009,2025-08-19,1,0,0,True,0,1.000000000,1.000000000,1.000000000,0.991189427,0.056568562
AOI-0009,2025-08-27,1,0,0,True,0,1.000000000,1.000000000,1.000000000,0.987421384,0.076258973
AOI-0009,2025-09-01,1,0,0,True,1,1.000000000,1.000000000,2.000000000,0.691629956,0.640879796
AOI-0009,2025-09-05,1,0,0,True,1,2.000000000,1.000000000,2.000000000,0.971830986,0.147843978
AOI-0009,2025-09-21,1,0,0,True,0,2.000000000,1.000000000,1.000000000,0.988023952,0.073197386
AOI-0009,2025-09-26,1,0,0,True,0,2.000000000,1.000000000,1.000000000,0.832512315,0.474104342
AOI-0010,2010-04-23,1,1,2,True,2,1.000000000,1.000000000,4.000000000,0.611374408,0.693724571
AOI-0010,2010-08-30,1,1,1,True,2,2.000000000,1.000000000,3.000000000,0.983193277,0.096986095
AOI-0010,2010-10-25,1,1,1,True,2,2.000000000,1.000000000,3.000000000,0.981308411,0.105858397
AOI-0010,2011-05-09,1,2,2,True,3,1.000000000,1.000000000,7.000000000,0.990521327,0.060162121
AOI-0010,2011-06-22,1,1,1,True,2,2.000000000,1.000000000,3.000000000,0.981981982,0.102711110
AOI-0010,2011-09-18,1,1,1,True,2,2.000000000,1.000000000,3.000000000,0.980582524,0.109222462
AOI-0010,2012-04-22,1,2,2,True,2,1.000000000,1.000000000,4.000000000,0.816425121,0.499110844
AOI-0010,2012-07-27,1,2,2,True,2,1.000000000,1.000000000,3.000000000,0.706161137,0.629814033
AOI-0010,2012-09-13,1,2,2,True,2,2.000000000,1.000000000,3.000000000,0.698630137,0.635682805
AOI-0010,2013-04-07,1,2,2,True,2,2.000000000,1.000000000,3.000000000,0.934883721,0.257574641
AOI-0010,2013-08-13,1,2,2,True,3,1.000000000,1.000000000,7.000000000,0.829145729,0.479909082
AOI-0010,2013-10-09,1,1,1,True,2,1.000000000,1.000000000,4.000000000,0.970149254,0.154913925
AOI-0010,2014-06-30,1,1,1,True,2,2.000000000,1.000000000,3.000000000,0.981981982,0.102711110
AOI-0010,2014-07-28,1,2,2,True,2,1.000000000,1.000000000,4.000000000,0.990147783,0.062150380
AOI-0010,2014-08-01,1,1,1,True,2,1.000000000,1.000000000,4.000000000,0.980582524,0.109222462
AOI-0010,2014-10-16,1,2,2,True,2,1.000000000,1.000000000,4.000000000,0.990338164,0.061138862
AOI-0010,2015-04-06,1,1,1,True,2,1.000000000,1.000000000,3.000000000,0.971830986,0.147843978
AOI-0010,2015-05-24,1,1,1,True,2,1.000000000,1.000000000,3.000000000,0.981981982,0.102711110
AOI-0010,2015-09-14,1,2,2,True,2,1.000000000,1.000000000,4.000000000,0.990338164,0.061138862
AOI-0010,2015-09-29,1,1,1,True,2,1.000000000,1.000000000,3.000000000,0.980582524,0.109222462
AOI-0010,2016-06-03,1,1,1,True,2,1.000000000,1.000000000,3.000000000,0.980582524,0.109222462
AOI-0010,2016-08-28,1,2,2,True,2,2.000000000,1.000000000,3.000000000,0.753424658,0.581279608
AOI-0010,2016-08-30,1,1,1,True,2,1.000000000,1.000000000,3.000000000,0.981308411,0.105858397
AOI-0010,2016-09-29,1,2,2,True,2,2.000000000,1.000000000,3.000000000,0.989949749,0.063198621
AOI-0010,2017-04-13,1,0,0,True,2,1.000000000,1.000000000,3.000000000,0.858267717,0.438505622
AOI-0010,2017-05-09,1,2,2,True,2,2.000000000,1.000000000,3.000000000,0.991189427,0.056568562
AOI-0010,2017-06-30,1,0,0,True,2,1.000000000,1.000000000,4.000000000,0.770992366,0.571542733
AOI-0010,2017-07-28,1,2,2,True,2,1.000000000,1.000000000,4.000000000,0.990521327,0.060162121
AOI-0010,2017-08-06,1,0,0,True,2,1.000000000,1.000000000,3.000000000,0.982608696,0.099759750
AOI-0010,2017-08-26,1,0,0,True,2,2.000000000,1.000000000,3.000000000,0.723577236,0.626221864
AOI-0010,2017-10-08,1,0,0,True,2,1.000000000,1.000000000,3.000000000,0.983193277,0.096986095
AOI-0010,2018-05-03,1,0,0,True,2,1.000000000,1.000000000,3.000000000,0.985185185,0.087375267
AOI-0010,2018-06-09,1,1,1,True,2,2.000000000,1.000000000,3.000000000,0.981981982,0.102711110
AOI-0010,2018-06-15,1,0,0,True,3,1.000000000,1.000000000,7.000000000,0.981981982,0.102711110
AOI-0010,2018-08-20,1,1,1,True,2,2.000000000,1.000000000,3.000000000,0.983193277,0.096986095
AOI-0010,2018-09-18,1,0,0,True,2,2.000000000,1.000000000,3.000000000,0.986013986,0.083298165
AOI-0010,2019-05-25,1,2,2,True,2,2.000000000,1.000000000,3.000000000,0.841860465,0.457555646
AOI-0010,2019-05-28,1,0,0,True,2,1.000000000,1.000000000,3.000000000,0.983193277,0.096986095
AOI-0010,2019-05-31,1,0,0,True,2,2.000000000,1.000000000,3.000000000,0.986754967,0.079610965
AOI-0010,2019-06-02,1,0,0,True,2,1.000000000,1.000000000,4.000000000,0.777777778,0.556748955
AOI-0010,2019-06-15,1,0,0,True,2,1.000000000,1.000000000,3.000000000,0.986013986,0.083298165
AOI-0010,2019-06-25,1,0,0,True,2,1.000000000,1.000000000,4.000000000,0.985611511,0.085284100
AOI-0010,2019-08-09,1,0,0,True,2,2.000000000,1.000000000,3.000000000,0.810055866,0.511345905
AOI-0010,2019-09-14,1,2,2,True,2,2.000000000,1.000000000,3.000000000,0.786046512,0.541555726
AOI-0010,2019-09-30,1,2,2,True,4,4.000000000,0.750000000,3.000000000,0.625570776,0.874297010
AOI-0010,2019-10-26,1,1,1,True,2,2.000000000,1.000000000,3.000000000,0.874125874,0.405475092
AOI-0010,2020-04-25,1,0,0,True,2,1.000000000,1.000000000,3.000000000,0.983739837,0.094374144
AOI-0010,2020-04-30,1,0,0,True,2,2.000000000,1.000000000,3.000000000,0.986754967,0.079610965
AOI-0010,2020-05-17,1,0,0,True,3,1.000000000,1.000000000,7.000000000,0.984732824,0.089580528
AOI-0010,2020-06-26,1,0,0,True,2,1.000000000,1.000000000,4.000000000,0.984732824,0.089580528
AOI-0010,2020-07-01,1,0,0,True,2,1.000000000,1.000000000,4.000000000,0.985185185,0.087375267
AOI-0010,2020-07-04,1,0,0,True,2,2.000000000,1.000000000,3.000000000,0.986754967,0.079610965
AOI-0010,2020-07-09,1,0,0,False,-1,0.000000000,0.000000000,inf,0.846153846,0.498640131
AOI-0010,2020-07-14,1,0,0,True,2,1.000000000,1.000000000,4.000000000,0.951219512,0.216887283
AOI-0010,2020-09-10,1,1,1,True,2,2.000000000,1.000000000,3.000000000,0.837037037,0.474683707
AOI-0010,2020-10-09,1,0,0,True,2,2.000000000,1.000000000,3.000000000,0.985611511,0.085284100
AOI-0010,2021-04-22,1,0,0,True,2,2.000000000,1.000000000,3.000000000,0.718518519,0.628601240
AOI-0010,2021-05-12,1,0,0,True,3,1.000000000,1.000000000,7.000000000,0.984732824,0.089580528
AOI-0010,2021-05-25,1,2,2,True,3,1.000000000,1.000000000,7.000000000,0.623188406,0.688328370
AOI-0010,2021-06-10,1,2,2,True,2,1.000000000,1.000000000,4.000000000,0.838862559,0.462932768
AOI-0010,2021-06-19,1,0,0,True,2,2.000000000,1.000000000,3.000000000,0.814207650,0.504717032
AOI-0010,2021-07-26,1,0,0,True,2,2.000000000,1.000000000,3.000000000,0.668341709,0.661387204
AOI-0010,2021-08-20,1,0,0,True,2,1.000000000,1.000000000,4.000000000,0.981308411,0.105858397
AOI-0010,2021-08-30,1,0,0,True,2,1.000000000,1.000000000,4.000000000,0.984251969,0.091909786
AOI-0010,2021-09-09,1,0,0,True,2,2.000000000,1.000000000,3.000000000,0.985611511,0.085284100
AOI-0010,2022-04-07,1,0,0,True,2,2.000000000,1.000000000,3.000000000,0.637209302,0.866329748
AOI-0010,2022-04-17,1,1,1,True,2,1.000000000,1.000000000,4.000000000,0.669902913,0.678048422
AOI-0010,2022-07-12,1,1,1,True,2,2.000000000,1.000000000,3.000000000,0.584541063,0.885334099
AOI-0010,2022-07-14,1,0,0,True,2,1.000000000,1.000000000,3.000000000,0.808695652,0.523482354
AOI-0010,2022-07-30,1,1,1,True,2,2.000000000,1.000000000,3.000000000,0.980582524,0.109222462
AOI-0010,2022-08-08,1,0,0,True,2,2.000000000,1.000000000,3.000000000,0.726775956,0.613225887
AOI-0010,2022-08-25,1,0,0,True,2,2.000000000,1.000000000,3.000000000,0.694581281,0.640602776
AOI-0010,2022-09-09,1,0,0,True,2,2.000000000,1.000000000,3.000000000,0.952755906,0.211605625
AOI-0010,2023-04-07,1,2,2,True,2,2.000000000,1.000000000,3.000000000,0.816425121,0.499110844
AOI-0010,2023-05-25,1,2,2,True,2,2.000000000,1.000000000,3.000000000,0.781990521,0.547209720
AOI-0010,2023-08-02,1,1,1,True,2,1.000000000,1.000000000,3.000000000,0.767441860,0.617949634
AOI-0010,2023-08-28,1,0,0,True,3,1.000000000,1.000000000,7.000000000,0.760000000,0.578083752
AOI-0010,2023-09-17,1,0,0,True,2,2.000000000,1.000000000,3.000000000,0.987096774,0.077896072
AOI-0010,2023-09-22,1,0,0,True,2,2.000000000,1.000000000,3.000000000,0.987096774,0.077896072
AOI-0010,2023-10-07,1,0,0,True,2,2.000000000,1.000000000,3.000000000,0.827814570,0.487404918
AOI-0010,2023-10-14,1,0,0,True,2,1.000000000,1.000000000,4.000000000,0.984251969,0.091909786
AOI-0010,2023-10-29,1,0,0,True,2,1.000000000,1.000000000,3.000000000,0.928057554,0.282021981
AOI-0010,2024-05-09,1,0,0,True,3,1.000000000,1.000000000,7.000000000,0.635220126,0.687891029
AOI-0010,2024-05-24,1,0,0,True,2,1.000000000,1.000000000,4.000000000,0.700483092,0.817439947
AOI-0010,2024-06-25,1,2,2,False,-1,0.000000000,0.000000000,3.000000000,0.497630332,0.880095426
AOI-0010,2024-07-03,1,0,0,False,-1,0.000000000,0.000000000,3.000000000,0.760000000,0.578083752
AOI-0010,2024-07-11,1,2,2,True,2,1.000000000,1.000000000,4.000000000,0.804651163,0.625726548
AOI-0010,2024-07-19,1,1,1,True,2,1.000000000,1.000000000,4.000000000,0.980582524,0.109222462
AOI-0010,2024-08-09,1,0,0,True,2,1.000000000,1.000000000,4.000000000,0.983739837,0.094374144
AOI-0010,2024-08-20,1,1,1,True,2,2.000000000,1.000000000,3.000000000,0.853658537,0.447709041
AOI-0010,2025-04-07,1,2,2,True,0,1.000000000,1.000000000,1.000000000,0.950738916,0.212347715
AOI-0010,2025-04-24,1,0,0,True,0,2.000000000,1.000000000,1.000000000,0.983193277,0.096986095
AOI-0010,2025-04-28,1,0,0,True,0,1.000000000,1.000000000,1.000000000,0.980582524,0.109222462
AOI-0010,2025-06-15,1,0,0,True,0,2.000000000,1.000000000,1.000000000,0.973333333,0.141440924
AOI-0010,2025-08-07,1,0,0,True,0,2.000000000,1.000000000,1.000000000,0.846153846,0.451806829
AOI-0010,2025-09-01,1,0,0,True,1,1.000000000,1.000000000,2.000000000,0.691629956,0.640879796
AOI-0010,2025-09-15,1,0,0,True,0,2.000000000,1.000000000,1.000000000,0.687203791,0.645879152
AOI-0010,2025-09-24,1,1,1,True,0,2.000000000,1.000000000,1.000000000,0.737373737,0.618600306
AOI-0010,2025-10-02,1,1,1,True,0,2.000000000,1.000000000,1.000000000,0.826771654,0.492999622
AOI-0011,2025-04-19,1,0,0,True,0,1.000000000,1.000000000,1.000000000,0.801047120,0.523158429
AOI-0011,2025-04-29,1,0,0,True,0,1.000000000,1.000000000,1.000000000,0.981981982,0.102711110
AOI-0011,2025-06-04,1,1,1,True,0,2.000000000,1.000000000,1.000000000,0.729032258,0.614707193
AOI-0011,2025-06-07,1,0,0,True,0,1.000000000,1.000000000,1.000000000,0.986394558,0.081409508
AOI-0011,2025-07-22,1,1,1,True,1,1.000000000,1.000000000,2.000000000,0.734939759,0.627295103
AOI-0011,2025-07-28,1,0,0,True,0,2.000000000,1.000000000,1.000000000,0.739910314,0.595804393
AOI-0011,2025-07-30,1,0,0,True,1,2.000000000,1.000000000,2.000000000,0.992395437,0.049949369
AOI-0011,2025-08-13,1,2,2,True,0,2.000000000,1.000000000,1.000000000,0.753424658,0.581279608
AOI-0011,2025-08-16,1,0,0,True,0,1.000000000,1.000000000,1.000000000,0.985185185,0.087375267
AOI-0011,2025-08-23,1,1,1,True,0,2.000000000,1.000000000,1.000000000,0.726618705,0.619861451
AOI-0011,2025-09-01,1,0,0,True,0,1.000000000,1.000000000,1.000000000,0.691629956,0.640879796
AOI-0012,2025-04-14,1,0,0,True,0,2.000000000,1.000000000,1.000000000,0.986754967,0.079610965
AOI-0012,2025-04-17,1,1,1,True,0,1.000000000,1.000000000,1.000000000,0.896296296,0.359830351
AOI-0012,2025-04-19,1,0,0,True,1,2.000000000,1.000000000,2.000000000,0.801047120,0.523158429
AOI-0012,2025-04-29,1,0,0,True,1,2.000000000,1.000000000,2.000000000,0.981981982,0.102711110
AOI-0012,2025-05-09,1,2,2,True,0,1.000000000,1.000000000,1.000000000,0.824267782,0.484632634
AOI-0012,2025-05-19,1,1,0,True,0,1.000000000,1.000000000,1.000000000,0.569620253,0.740529352
AOI-0012,2025-06-28,1,0,1,True,0,1.000000000,1.000000000,1.000000000,0.638554217,0.707068915
AOI-0012,2025-07-07,1,0,0,True,0,1.000000000,1.000000000,1.000000000,0.985185185,0.087375267
AOI-0012,2025-07-12,1,2,2,True,1,2.000000000,1.000000000,2.000000000,0.556485356,0.982705973
AOI-0012,2025-09-30,1,2,2,True,0,1.000000000,1.000000000,1.000000000,0.917808219,0.301725093
AOI-0013,2010-04-15,1,1,1,True,0,1.000000000,1.000000000,1.000000000,0.975903614,0.130281794
AOI-0013,2010-04-23,1,1,2,True,0,1.000000000,1.000000000,1.000000000,0.611374408,0.693724571
AOI-0013,2010-05-18,1,1,1,True,0,1.000000000,1.000000000,1.000000000,0.979797980,0.112827275
AOI-0013,2010-08-29,1,1,2,True,0,1.000000000,1.000000000,1.000000000,0.527638191,0.719447590
AOI-0013,2011-05-04,1,1,1,True,0,1.000000000,1.000000000,1.000000000,0.913043478,0.355712860
AOI-0013,2011-05-09,1,2,2,True,2,1.000000000,1.000000000,4.000000000,0.990521327,0.060162121
AOI-0013,2011-06-13,1,1,1,True,4,1.000000000,1.000000000,15.000000000,0.971830986,0.147843978
AOI-0013,2011-08-16,1,1,1,True,2,1.000000000,1.000000000,4.000000000,0.953488372,0.220352331
AOI-0013,2011-09-26,1,1,1,True,0,1.000000000,1.000000000,1.000000000,0.975903614,0.130281794
AOI-0013,2011-10-11,1,1,1,False,-1,0.000000000,0.000000000,inf,0.968253968,0.162764794
AOI-0013,2012-04-22,1,2,2,True,0,1.000000000,1.000000000,1.000000000,0.816425121,0.499110844
AOI-0013,2012-07-09,1,1,1,True,0,1.000000000,1.000000000,1.000000000,0.978947368,0.116700546
AOI-0013,2012-08-03,1,1,1,False,-1,0.000000000,0.000000000,inf,0.977011494,0.125386776
AOI-0013,2012-10-06,1,1,1,True,0,1.000000000,1.000000000,1.000000000,0.975903614,0.130281794
AOI-0013,2013-05-01,1,1,1,True,0,1.000000000,1.000000000,1.000000000,0.978947368,0.116700546
AOI-0013,2013-05-25,1,2,2,True,0,1.000000000,1.000000000,1.000000000,0.823255814,0.487928887
AOI-0013,2013-08-13,1,2,2,True,2,1.000000000,1.000000000,4.000000000,0.829145729,0.479909082
AOI-0013,2013-10-09,1,1,1,True,0,1.000000000,1.000000000,1.000000000,0.970149254,0.154913925
AOI-0013,2013-10-25,1,1,1,True,0,1.000000000,1.000000000,1.000000000,0.981981982,0.102711110
AOI-0013,2014-04-10,1,1,1,True,0,1.000000000,1.000000000,1.000000000,0.973333333,0.141440924
AOI-0013,2014-04-27,1,1,1,True,0,1.000000000,1.000000000,1.000000000,0.980582524,0.109222462
AOI-0013,2014-07-16,1,1,1,True,0,1.000000000,1.000000000,1.000000000,0.980582524,0.109222462
AOI-0013,2014-07-31,1,1,1,True,2,1.000000000,1.000000000,4.000000000,0.979797980,0.112827275
AOI-0013,2014-08-09,1,1,1,True,0,1.000000000,1.000000000,1.000000000,0.978021978,0.120874486
AOI-0013,2014-10-16,1,2,2,True,0,1.000000000,1.000000000,1.000000000,0.990338164,0.061138862
AOI-0013,2015-04-07,1,2,2,True,0,1.000000000,1.000000000,1.000000000,0.990338164,0.061138862
AOI-0013,2015-07-27,1,1,1,True,2,1.000000000,1.000000000,3.000000000,0.980582524,0.109222462
AOI-0013,2015-08-12,1,1,1,True,0,1.000000000,1.000000000,1.000000000,0.982608696,0.099759750
AOI-0013,2015-08-27,1,1,1,True,2,1.000000000,1.000000000,4.000000000,0.978021978,0.120874486
AOI-0013,2015-09-14,1,2,2,True,0,1.000000000,1.000000000,1.000000000,0.990338164,0.061138862
AOI-0013,2016-04-08,1,1,1,True,0,1.000000000,1.000000000,1.000000000,0.982608696,0.099759750
AOI-0013,2016-05-24,1,2,2,True,0,1.000000000,1.000000000,1.000000000,0.916279070,0.305727510
AOI-0013,2016-06-26,1,1,1,True,0,1.000000000,1.000000000,1.000000000,0.980582524,0.109222462
AOI-0013,2016-08-13,1,1,1,True,4,2.000000000,1.000000000,12.000000000,0.978021978,0.120874486
AOI-0013,2016-10-08,1,1,1,True,0,1.000000000,1.000000000,1.000000000,0.948717949,0.237819011
AOI-0013,2016-10-17,1,1,1,True,0,1.000000000,1.000000000,1.000000000,0.979797980,0.112827275
AOI-0013,2017-04-07,1,2,2,True,0,1.000000000,1.000000000,1.000000000,0.990338164,0.061138862
AOI-0013,2017-05-05,1,1,1,True,0,1.000000000,1.000000000,1.000000000,0.777777778,0.562182809
AOI-0013,2017-06-06,1,1,1,True,0,1.000000000,1.000000000,1.000000000,0.979797980,0.112827275
AOI-0013,2017-07-02,1,0,0,True,0,1.000000000,1.000000000,1.000000000,0.984251969,0.091909786
AOI-0013,2017-07-28,1,2,2,True,0,1.000000000,1.000000000,1.000000000,0.990521327,0.060162121
AOI-0013,2017-08-14,1,0,0,True,2,2.000000000,1.000000000,3.000000000,0.987421384,0.076258973
AOI-0013,2017-08-25,1,1,1,True,0,1.000000000,1.000000000,1.000000000,0.977011494,0.125386776
AOI-0013,2017-09-26,1,1,1,True,0,1.000000000,1.000000000,1.000000000,0.981308411,0.105858397
AOI-0013,2018-05-09,1,2,2,True,0,1.000000000,1.000000000,1.000000000,0.990521327,0.060162121
AOI-0013,2018-06-25,1,1,1,True,2,1.000000000,1.000000000,4.000000000,0.971830986,0.147843978
AOI-0013,2018-06-26,1,2,2,True,2,2.000000000,1.000000000,3.000000000,0.725118483,0.611995933
AOI-0013,2018-07-11,1,1,1,True,0,1.000000000,1.000000000,1.000000000,0.977011494,0.125386776
AOI-0013,2018-08-29,1,2,2,True,0,1.000000000,1.000000000,1.000000000,0.744075829,0.592350727
AOI-0013,2018-10-07,1,1,1,True,0,1.000000000,1.000000000,1.000000000,0.823129252,0.495449242
AOI-0013,2018-10-15,1,1,1,True,0,1.000000000,1.000000000,1.000000000,0.981308411,0.105858397
AOI-0013,2019-05-27,1,1,1,True,2,1.000000000,1.000000000,4.000000000,0.977011494,0.125386776
AOI-0013,2019-06-20,1,0,0,True,0,1.000000000,1.000000000,1.000000000,0.854748603,0.438062356
AOI-0013,2019-07-05,1,0,0,True,0,1.000000000,1.000000000,1.000000000,0.986013986,0.083298165
AOI-0013,2019-07-06,1,1,1,True,2,2.000000000,1.000000000,3.000000000,0.982608696,0.099759750
AOI-0013,2019-07-07,1,0,0,True,2,2.000000000,1.000000000,3.000000000,0.955555556,0.201845225
AOI-0013,2019-07-12,1,2,2,True,0,1.000000000,1.000000000,1.000000000,0.819905213,0.493453353
AOI-0013,2019-07-29,1,1,1,True,0,1.000000000,1.000000000,1.000000000,0.756097561,0.591181657
AOI-0013,2019-09-10,1,0,0,True,0,1.000000000,1.000000000,1.000000000,0.985611511,0.085284100
AOI-0013,2019-10-16,1,2,2,True,0,1.000000000,1.000000000,1.000000000,0.767441860,0.691426960
AOI-0013,2019-10-20,1,0,0,True,0,1.000000000,1.000000000,1.000000000,0.985185185,0.087375267
AOI-0013,2020-04-02,1,0,0,True,0,1.000000000,1.000000000,1.000000000,0.647058824,0.676959801
AOI-0013,2020-04-10,1,0,0,True,0,1.000000000,1.000000000,1.000000000,0.928057554,0.282021981
AOI-0013,2020-04-12,1,0,0,True,0,1.000000000,1.000000000,1.000000000,0.984732824,0.089580528
AOI-0013,2020-04-18,1,1,1,True,0,1.000000000,1.000000000,1.000000000,0.746478873,0.620565817
AOI-0013,2020-04-26,1,1,1,True,0,1.000000000,1.000000000,1.000000000,0.978021978,0.120874486
AOI-0013,2020-05-30,1,0,0,True,0,1.000000000,1.000000000,1.000000000,0.704918033,0.633850789
AOI-0013,2020-07-01,1,0,0,True,0,1.000000000,1.000000000,1.000000000,0.985185185,0.087375267
AOI-0013,2020-07-24,1,0,0,True,0,1.000000000,1.000000000,1.000000000,0.780645161,0.555196694
AOI-0013,2020-08-13,1,0,0,True,4,2.000000000,1.000000000,12.000000000,0.982608696,0.099759750
AOI-0013,2020-08-24,1,1,1,True,0,1.000000000,1.000000000,1.000000000,0.980582524,0.109222462
AOI-0013,2020-09-14,1,0,0,True,0,1.000000000,1.000000000,1.000000000,0.978021978,0.120874486
AOI-0013,2020-09-26,1,1,1,True,0,1.000000000,1.000000000,1.000000000,0.807407407,0.521357632
AOI-0013,2021-05-05,1,0,0,True,2,1.000000000,1.000000000,4.000000000,0.986013986,0.083298165
AOI-0013,2021-05-12,1,0,0,True,2,1.000000000,1.000000000,4.000000000,0.984732824,0.089580528
AOI-0013,2021-05-25,1,2,2,True,2,1.000000000,1.000000000,4.000000000,0.623188406,0.688328370
AOI-0013,2021-05-31,1,1,1,True,4,2.000000000,1.000000000,12.000000000,0.977011494,0.125386776
AOI-0013,2021-06-26,1,0,0,True,2,1.000000000,1.000000000,3.000000000,0.589041096,0.702293478
AOI-0013,2021-07-02,1,1,1,True,4,1.000000000,1.000000000,15.000000000,0.837837838,0.478031285
AOI-0013,2021-08-25,1,0,0,True,2,2.000000000,1.000000000,3.000000000,0.984251969,0.091909786
AOI-0013,2021-08-30,1,0,0,True,0,1.000000000,1.000000000,1.000000000,0.984251969,0.091909786
AOI-0013,2021-09-07,1,0,0,True,0,1.000000000,1.000000000,1.000000000,0.810055866,0.511345905
AOI-0013,2021-09-17,1,0,0,True,0,1.000000000,1.000000000,1.000000000,0.984732824,0.089580528
AOI-0013,2022-05-30,1,0,0,True,0,1.000000000,1.000000000,1.000000000,0.987421384,0.076258973
AOI-0013,2022-06-03,1,1,1,True,4,1.000000000,1.000000000,15.000000000,0.795275591,0.540257419
AOI-0013,2022-06-08,1,1,1,True,2,1.000000000,1.000000000,3.000000000,0.747899160,0.601474619
AOI-0013,2022-06-24,1,0,0,True,4,1.000000000,1.000000000,12.000000000,0.970149254,0.154913925
AOI-0013,2022-06-30,1,1,1,True,2,1.000000000,1.000000000,3.000000000,0.984732824,0.089580528
AOI-0013,2022-07-01,1,0,0,True,0,1.000000000,1.000000000,1.000000000,0.984251969,0.091909786
AOI-0013,2022-07-19,1,0,0,True,0,1.000000000,1.000000000,1.000000000,0.956834532,0.197325562
AOI-0013,2022-07-24,1,0,0,True,4,1.000000000,1.000000000,15.000000000,0.653631285,0.673767615
AOI-0013,2022-07-29,1,0,0,True,0,1.000000000,1.000000000,1.000000000,0.631284916,0.687218230
AOI-0013,2022-09-18,1,1,1,True,0,1.000000000,1.000000000,1.000000000,0.980582524,0.109222462
AOI-0013,2023-05-20,1,0,0,True,0,1.000000000,1.000000000,1.000000000,0.763779528,0.581206425
AOI-0013,2023-06-06,1,0,0,True,0,1.000000000,1.000000000,1.000000000,0.556650246,0.713780066
AOI-0013,2023-06-10,1,2,2,True,0,1.000000000,1.000000000,1.000000000,0.991031390,0.057423085
AOI-0013,2023-06-19,1,0,0,True,0,1.000000000,1.000000000,1.000000000,0.986013986,0.083298165
AOI-0013,2023-07-25,1,1,1,True,0,1.000000000,1.000000000,1.000000000,0.982608696,0.099759750
AOI-0013,2023-07-26,1,0,0,True,2,2.000000000,1.000000000,3.000000000,0.952755906,0.211605625
AOI-0013,2023-07-28,1,2,2,True,0,1.000000000,1.000000000,1.000000000,0.990867580,0.058305859
AOI-0013,2023-08-28,1,0,0,True,2,1.000000000,1.000000000,4.000000000,0.760000000,0.578083752
AOI-0013,2023-09-07,1,0,0,True,2,2.000000000,1.000000000,3.000000000,0.985611511,0.085284100
AOI-0013,2023-09-19,1,1,0,True,4,1.000000000,1.000000000,12.000000000,0.850340136,0.449791850
AOI-0013,2024-04-06,1,0,0,True,2,1.000000000,1.000000000,3.000000000,0.615763547,0.757590482
AOI-0013,2024-04-13,1,1,1,True,0,1.000000000,1.000000000,1.000000000,0.723577236,0.626221864
AOI-0013,2024-05-08,1,2,2,True,2,1.000000000,1.000000000,4.000000000,0.911330049,0.318474676
AOI-0013,2024-05-09,1,0,0,True,2,1.000000000,1.000000000,4.000000000,0.635220126,0.687891029
AOI-0013,2024-06-10,1,0,0,True,2,2.000000000,1.000000000,3.000000000,0.975903614,0.130281794
AOI-0013,2024-07-19,1,1,1,True,0,1.000000000,1.000000000,1.000000000,0.980582524,0.109222462
AOI-0013,2024-08-27,1,0,0,True,2,2.000000000,1.000000000,3.000000000,0.984251969,0.091909786
AOI-0013,2024-09-12,1,1,1,True,0,1.000000000,1.000000000,1.000000000,0.970149254,0.154913925
AOI-0013,2024-09-13,1,0,0,True,0,1.000000000,1.000000000,1.000000000,0.630331754,0.684135614
AOI-0013,2024-10-03,1,0,0,True,0,1.000000000,1.000000000,1.000000000,0.963636364,0.181415523
AOI-0013,2025-04-19,1,0,0,True,0,1.000000000,1.000000000,1.000000000,0.801047120,0.523158429
AOI-0013,2025-05-09,1,2,2,True,0,1.000000000,1.000000000,1.000000000,0.824267782,0.484632634
AOI-0013,2025-06-03,1,0,0,True,0,1.000000000,1.000000000,1.000000000,0.986754967,0.079610965
AOI-0013,2025-07-03,1,0,0,True,2,2.000000000,1.000000000,3.000000000,0.963636364,0.181415523
AOI-0013,2025-07-12,1,2,2,True,0,1.000000000,1.000000000,1.000000000,0.556485356,0.982705973
AOI-0013,2025-07-17,1,0,0,True,0,1.000000000,1.000000000,1.000000000,0.981981982,0.102711110
AOI-0013,2025-08-02,1,0,0,True,0,2.000000000,1.000000000,1.000000000,0.986394558,0.081409508
AOI-0013,2025-08-13,1,2,2,True,0,2.000000000,1.000000000,1.000000000,0.753424658,0.581279608
AOI-0013,2025-09-16,1,0,0,True,4,15.000000000,0.733333333,1.000000000,0.696335079,0.640386746
AOI-0013,2025-10-02,1,1,1,True,0,1.000000000,1.000000000,1.000000000,0.826771654,0.492999622
AOI-0013,2025-10-03,1,0,0,True,0,1.000000000,1.000000000,1.000000000,0.906542056,0.340847656
AOI-0014,2010-06-02,1,1,1,True,0,1.000000000,1.000000000,1.000000000,0.978947368,0.116700546
AOI-0014,2010-08-06,1,1,1,True,0,1.000000000,1.000000000,1.000000000,0.981981982,0.102711110
AOI-0014,2010-09-14,1,2,2,True,0,1.000000000,1.000000000,1.000000000,0.990521327,0.060162121
AOI-0014,2010-10-01,1,1,1,True,0,1.000000000,1.000000000,1.000000000,0.960784314,0.192625738
AOI-0014,2011-05-21,1,1,1,True,2,1.000000000,1.000000000,4.000000000,0.968253968,0.162764794
AOI-0014,2011-07-08,1,1,1,True,0,1.000000000,1.000000000,1.000000000,0.957446809,0.205470750
AOI-0014,2011-07-31,1,1,1,True,0,1.000000000,1.000000000,1.000000000,0.977011494,0.125386776
AOI-0014,2011-08-29,1,2,2,True,0,1.000000000,1.000000000,1.000000000,0.990521327,0.060162121
AOI-0014,2012-05-22,1,1,1,True,0,1.000000000,1.000000000,1.000000000,0.979797980,0.112827275
AOI-0014,2012-07-27,1,2,2,True,0,1.000000000,1.000000000,1.000000000,0.706161137,0.629814033
AOI-0014,2012-09-29,1,2,2,True,0,1.000000000,1.000000000,1.000000000,0.698630137,0.635682805
AOI-0014,2013-04-15,1,1,1,True,0,1.000000000,1.000000000,1.000000000,0.978021978,0.120874486
AOI-0014,2013-07-04,1,1,1,True,0,1.000000000,1.000000000,1.000000000,0.979797980,0.112827275
AOI-0014,2013-08-06,1,1,1,True,0,1.000000000,1.000000000,1.000000000,0.983193277,0.096986095
AOI-0014,2013-08-13,1,2,2,True,2,1.000000000,1.000000000,3.000000000,0.829145729,0.479909082
AOI-0014,2014-04-23,1,2,2,True,0,1.000000000,1.000000000,1.000000000,0.991031390,0.057423085
AOI-0014,2014-05-29,1,1,1,True,2,1.000000000,1.000000000,3.000000000,0.975903614,0.130281794
AOI-0014,2014-06-10,1,2,2,True,2,1.000000000,1.000000000,3.000000000,0.990338164,0.061138862
AOI-0014,2014-07-31,1,1,1,True,2,1.000000000,1.000000000,3.000000000,0.979797980,0.112827275
AOI-0014,2014-09-17,1,1,1,True,4,2.000000000,1.000000000,13.000000000,0.966101695,0.171538761
AOI-0014,2014-10-28,1,1,1,True,0,1.000000000,1.000000000,1.000000000,0.978947368,0.116700546
AOI-0014,2015-04-05,1,1,1,True,4,1.000000000,1.000000000,14.000000000,0.968253968,0.162764794
AOI-0014,2015-05-24,1,1,1,True,0,1.000000000,1.000000000,1.000000000,0.981981982,0.102711110
AOI-0014,2015-08-27,1,1,1,True,2,1.000000000,1.000000000,3.000000000,0.978021978,0.120874486
AOI-0014,2015-09-21,1,1,1,True,0,1.000000000,1.000000000,1.000000000,0.974683544,0.135612188
AOI-0014,2015-09-29,1,1,1,True,0,1.000000000,1.000000000,1.000000000,0.980582524,0.109222462
AOI-0014,2015-10-07,1,1,1,True,2,1.000000000,1.000000000,3.000000000,0.973333333,0.141440924
AOI-0014,2016-05-10,1,1,1,True,2,1.000000000,1.000000000,4.000000000,0.977011494,0.125386776
AOI-0014,2016-06-09,1,2,2,True,0,1.000000000,1.000000000,1.000000000,0.990338164,0.061138862
AOI-0014,2016-07-27,1,2,2,True,0,1.000000000,1.000000000,1.000000000,0.748743719,0.588344050
AOI-0014,2016-08-12,1,2,2,True,2,1.000000000,1.000000000,3.000000000,0.744075829,0.592350727
AOI-0014,2016-10-16,1,1,1,True,4,1.000000000,1.000000000,13.000000000,0.953488372,0.220352331
AOI-0014,2016-10-24,1,1,1,True,4,2.000000000,1.000000000,13.000000000,0.971830986,0.147843978
AOI-0014,2017-04-03,1,1,0,True,0,1.000000000,1.000000000,1.000000000,0.600000000,0.709898090
AOI-0014,2017-04-13,1,0,0,True,0,1.000000000,1.000000000,1.000000000,0.858267717,0.438505622
AOI-0014,2017-05-01,1,0,0,True,2,1.000000000,1.000000000,4.000000000,0.983739837,0.094374144
AOI-0014,2017-06-26,1,2,2,True,0,1.000000000,1.000000000,1.000000000,0.991189427,0.056568562
AOI-0014,2017-08-04,1,0,0,True,0,1.000000000,1.000000000,1.000000000,0.982608696,0.099759750
AOI-0014,2017-08-09,1,0,0,True,0,1.000000000,1.000000000,1.000000000,0.815950920,0.504375887
AOI-0014,2017-08-14,1,0,0,True,2,2.000000000,1.000000000,3.000000000,0.987421384,0.076258973
AOI-0014,2017-09-17,1,1,1,True,2,1.000000000,1.000000000,3.000000000,0.723577236,0.626221864
AOI-0014,2017-09-18,1,0,0,True,0,1.000000000,1.000000000,1.000000000,0.772455090,0.563983256
AOI-0014,2018-04-11,1,0,0,True,0,1.000000000,1.000000000,1.000000000,0.987421384,0.076258973
AOI-0014,2018-06-08,1,1,1,True,2,1.000000000,1.000000000,3.000000000,0.978947368,0.116700546
AOI-0014,2018-06-15,1,0,0,True,2,1.000000000,1.000000000,3.000000000,0.981981982,0.102711110
AOI-0014,2018-06-16,1,1,1,True,4,1.000000000,1.000000000,14.000000000,0.973333333,0.141440924
AOI-0014,2018-06-20,1,0,0,True,0,1.000000000,1.000000000,1.000000000,0.983739837,0.094374144
AOI-0014,2018-06-26,1,2,2,True,2,2.000000000,1.000000000,3.000000000,0.725118483,0.611995933
AOI-0014,2018-08-04,1,1,1,True,0,1.000000000,1.000000000,1.000000000,0.970149254,0.154913925
AOI-0014,2018-08-13,1,2,2,True,2,2.000000000,1.000000000,3.000000000,0.990867580,0.058305859
AOI-0014,2019-04-23,1,0,0,True,0,1.000000000,1.000000000,1.000000000,0.668246445,0.860468663
AOI-0014,2019-05-18,1,0,0,True,0,1.000000000,1.000000000,1.000000000,0.768707483,0.571523927
AOI-0014,2019-06-05,1,0,0,True,2,2.000000000,1.000000000,3.000000000,0.737142857,0.603553904
AOI-0014,2019-06-12,1,0,0,True,2,1.000000000,1.000000000,4.000000000,0.909909910,0.332032964
AOI-0014,2019-06-27,1,0,0,True,0,1.000000000,1.000000000,1.000000000,0.633507853,0.684503769
AOI-0014,2019-07-07,1,0,0,True,2,2.000000000,1.000000000,3.000000000,0.955555556,0.201845225
AOI-0014,2019-07-28,1,2,2,True,2,2.000000000,1.000000000,3.000000000,0.748837209,0.731448151
AOI-0014,2019-08-06,1,0,0,True,0,1.000000000,1.000000000,1.000000000,0.702564103,0.634582589
AOI-0014,2019-08-19,1,0,0,True,0,1.000000000,1.000000000,1.000000000,0.979797980,0.112827275
AOI-0014,2019-09-05,1,0,0,True,2,1.000000000,1.000000000,4.000000000,0.983193277,0.096986095
AOI-0014,2019-10-17,1,1,1,True,2,1.000000000,1.000000000,3.000000000,0.848739496,0.457343669
AOI-0014,2019-10-23,1,0,0,True,0,1.000000000,1.000000000,1.000000000,0.985185185,0.087375267
AOI-0014,2020-04-03,1,1,1,True,0,1.000000000,1.000000000,1.000000000,0.848739496,0.457343669
AOI-0014,2020-05-04,1,1,1,True,0,1.000000000,1.000000000,1.000000000,0.732283465,0.616498091
AOI-0014,2020-05-12,1,0,0,True,2,2.000000000,1.000000000,3.000000000,0.642512077,0.677549840
AOI-0014,2020-07-06,1,0,0,True,0,1.000000000,1.000000000,1.000000000,0.772455090,0.563983256
AOI-0014,2020-07-19,1,0,0,True,0,1.000000000,1.000000000,1.000000000,0.986013986,0.083298165
AOI-0014,2020-08-12,1,2,2,True,2,2.000000000,1.000000000,3.000000000,0.841860465,0.457555646
AOI-0014,2020-08-13,1,0,0,True,4,2.000000000,1.000000000,13.000000000,0.982608696,0.099759750
AOI-0014,2020-08-17,1,1,1,True,2,1.000000000,1.000000000,4.000000000,0.770992366,0.571542733
AOI-0014,2020-09-17,1,0,0,True,0,1.000000000,1.000000000,1.000000000,0.987730061,0.074694356
AOI-0014,2020-09-19,1,0,0,True,0,1.000000000,1.000000000,1.000000000,0.795275591,0.540257419
AOI-0014,2020-10-12,1,0,0,True,0,1.000000000,1.000000000,1.000000000,0.805714286,0.518158008
AOI-0014,2020-10-29,1,0,0,False,-1,0.000000000,0.000000000,inf,0.953488372,0.220352331
AOI-0014,2021-05-05,1,0,0,True,2,1.000000000,1.000000000,3.000000000,0.986013986,0.083298165
AOI-0014,2021-05-12,1,0,0,True,2,1.000000000,1.000000000,3.000000000,0.984732824,0.089580528
AOI-0014,2021-05-20,1,0,0,True,0,1.000000000,1.000000000,1.000000000,0.982608696,0.099759750
AOI-0014,2021-05-31,1,1,1,True,4,2.000000000,1.000000000,13.000000000,0.977011494,0.125386776
AOI-0014,2021-06-11,1,0,0,True,2,1.000000000,1.000000000,4.000000000,0.984732824,0.089580528
AOI-0014,2021-06-26,1,0,0,True,2,1.000000000,1.000000000,4.000000000,0.589041096,0.702293478
AOI-0014,2021-07-02,1,1,1,True,4,1.000000000,1.000000000,14.000000000,0.837837838,0.478031285
AOI-0014,2021-09-04,1,0,0,True,0,1.000000000,1.000000000,1.000000000,0.754385965,0.585100662
AOI-0014,2021-09-27,1,0,0,True,0,1.000000000,1.000000000,1.000000000,0.984732824,0.089580528
AOI-0014,2021-10-16,1,2,2,True,2,2.000000000,1.000000000,3.000000000,0.739130435,0.736459897
AOI-0014,2022-04-27,1,0,0,True,0,1.000000000,1.000000000,1.000000000,0.981981982,0.102711110
AOI-0014,2022-05-09,1,2,2,True,0,1.000000000,1.000000000,1.000000000,0.844748858,0.452311103
AOI-0014,2022-06-03,1,1,1,True,4,1.000000000,1.000000000,14.000000000,0.795275591,0.540257419
AOI-0014,2022-06-11,1,0,0,True,0,1.000000000,1.000000000,1.000000000,0.711229947,0.627675967
AOI-0014,2022-06-26,1,2,2,True,2,1.000000000,1.000000000,4.000000000,0.874396135,0.439433173
AOI-0014,2022-06-30,1,1,1,True,2,1.000000000,1.000000000,4.000000000,0.984732824,0.089580528
AOI-0014,2022-07-17,1,1,1,True,2,1.000000000,1.000000000,3.000000000,0.832061069,0.483656175
AOI-0014,2022-08-10,1,0,0,True,0,1.000000000,1.000000000,1.000000000,0.985611511,0.085284100
AOI-0014,2022-08-23,1,0,0,True,0,1.000000000,1.000000000,1.000000000,0.820359281,0.497101801
AOI-0014,2022-09-29,1,0,0,True,0,1.000000000,1.000000000,1.000000000,0.982608696,0.099759750
AOI-0014,2022-10-17,1,0,0,True,0,1.000000000,1.000000000,1.000000000,0.693251534,0.646547636
AOI-0014,2023-06-16,1,0,0,False,-1,0.000000000,0.000000000,inf,0.983739837,0.094374144
AOI-0014,2023-06-29,1,0,0,True,2,2.000000000,1.000000000,3.000000000,0.936842105,0.264026087
AOI-0014,2023-07-04,1,0,0,True,0,1.000000000,1.000000000,1.000000000,0.984732824,0.089580528
AOI-0014,2023-07-26,1,0,0,True,2,2.000000000,1.000000000,3.000000000,0.952755906,0.211605625
AOI-0014,2023-08-23,1,0,0,True,2,1.000000000,1.000000000,3.000000000,0.780645161,0.555196694
AOI-0014,2023-08-26,1,1,1,True,2,2.000000000,1.000000000,3.000000000,0.815126050,0.512888736
AOI-0014,2023-08-28,1,0,0,True,2,1.000000000,1.000000000,3.000000000,0.760000000,0.578083752
AOI-0014,2023-09-07,1,0,0,True,2,2.000000000,1.000000000,3.000000000,0.985611511,0.085284100
AOI-0014,2023-09-11,1,1,1,True,2,1.000000000,1.000000000,4.000000000,0.843478261,0.467440026
AOI-0014,2023-09-19,1,1,0,True,4,1.000000000,1.000000000,13.000000000,0.850340136,0.449791850
AOI-0014,2023-10-04,1,0,0,True,0,1.000000000,1.000000000,1.000000000,0.648241206,0.674866890
AOI-0014,2023-10-29,1,0,0,True,0,1.000000000,1.000000000,1.000000000,0.928057554,0.282021981
AOI-0014,2024-04-06,1,0,0,True,2,1.000000000,1.000000000,4.000000000,0.615763547,0.757590482
AOI-0014,2024-06-09,1,2,2,True,0,1.000000000,1.000000000,1.000000000,0.860465116,0.424510555
AOI-0014,2024-06-10,1,0,0,True,2,2.000000000,1.000000000,3.000000000,0.975903614,0.130281794
AOI-0014,2024-06-18,1,0,0,True,0,1.000000000,1.000000000,1.000000000,0.684210526,0.652775710
AOI-0014,2024-07-05,1,0,0,True,0,1.000000000,1.000000000,1.000000000,0.981981982,0.102711110
AOI-0014,2024-07-30,1,0,0,True,0,1.000000000,1.000000000,1.000000000,0.982608696,0.099759750
AOI-0014,2024-08-14,1,0,0,True,0,1.000000000,1.000000000,1.000000000,0.889763780,0.375374762
AOI-0014,2024-09-16,1,0,0,True,0,1.000000000,1.000000000,1.000000000,0.986394558,0.081409508
AOI-0014,2024-09-26,1,0,0,True,2,2.000000000,1.000000000,3.000000000,0.986754967,0.079610965
AOI-0014,2024-10-08,1,0,0,True,2,1.000000000,1.000000000,4.000000000,0.931034483,0.282027991
AOI-0014,2025-04-16,1,0,0,True,0,1.000000000,1.000000000,1.000000000,0.806451613,0.519613528
AOI-0014,2025-04-24,1,0,0,True,0,2.000000000,1.000000000,1.000000000,0.983193277,0.096986095
AOI-0014,2025-05-24,1,0,0,True,0,1.000000000,1.000000000,1.000000000,0.989071038,0.067803297
AOI-0014,2025-06-11,1,1,1,True,0,2.000000000,1.000000000,1.000000000,0.807407407,0.521357632
AOI-0014,2025-07-05,1,0,0,True,0,1.000000000,1.000000000,1.000000000,0.684210526,0.652775710
AOI-0014,2025-07-23,1,0,0,True,0,1.000000000,1.000000000,1.000000000,0.765363128,0.571219093
AOI-0014,2025-07-25,1,0,0,True,0,2.000000000,1.000000000,1.000000000,0.986754967,0.079610965
AOI-0014,2025-08-30,1,1,1,True,0,2.000000000,1.000000000,1.000000000,0.848739496,0.457343669
AOI-0014,2025-09-03,1,0,0,True,0,1.000000000,1.000000000,1.000000000,0.970149254,0.154913925
AOI-0014,2025-10-02,1,1,1,True,0,1.000000000,1.000000000,1.000000000,0.826771654,0.492999622
AOI-0014,2025-10-13,1,0,0,True,1,2.000000000,1.000000000,2.000000000,0.978947368,0.116700546
AOI-0015,2025-04-07,1,2,2,True,0,2.000000000,1.000000000,1.000000000,0.950738916,0.212347715
AOI-0015,2025-04-18,1,0,0,True,0,2.000000000,1.000000000,1.000000000,0.986394558,0.081409508
AOI-0015,2025-04-19,1,0,0,True,0,1.000000000,1.000000000,1.000000000,0.801047120,0.523158429
AOI-0015,2025-05-01,1,0,0,True,0,1.000000000,1.000000000,1.000000000,0.907949791,0.324276536
AOI-0015,2025-06-03,1,0,0,True,0,2.000000000,1.000000000,1.000000000,0.986754967,0.079610965
AOI-0015,2025-06-04,1,1,1,True,0,2.000000000,1.000000000,1.000000000,0.729032258,0.614707193
AOI-0015,2025-06-05,1,0,0,True,0,2.000000000,1.000000000,1.000000000,0.984732824,0.089580528
AOI-0015,2025-08-23,1,1,1,True,0,2.000000000,1.000000000,1.000000000,0.726618705,0.619861451
AOI-0015,2025-09-01,1,0,0,True,0,2.000000000,1.000000000,1.000000000,0.691629956,0.640879796
AOI-0015,2025-09-21,1,0,0,True,0,2.000000000,1.000000000,1.000000000,0.988023952,0.073197386
AOI-0015,2025-09-24,1,1,1,True,0,1.000000000,1.000000000,1.000000000,0.737373737,0.618600306
AOI-0016,2025-05-06,1,0,0,True,0,2.000000000,1.000000000,1.000000000,0.987730061,0.074694356
AOI-0016,2025-06-08,1,0,0,True,0,1.000000000,1.000000000,1.000000000,0.988304094,0.071763657
AOI-0016,2025-06-10,1,0,0,True,1,4.000000000,0.750000000,1.000000000,0.533039648,0.715890578
AOI-0016,2025-07-14,1,1,1,True,0,2.000000000,1.000000000,1.000000000,0.734265734,0.611307571
AOI-0016,2025-07-29,1,1,1,True,0,1.000000000,1.000000000,1.000000000,0.978947368,0.116700546
AOI-0016,2025-08-15,1,1,1,True,0,2.000000000,1.000000000,1.000000000,0.925925926,0.288132272
AOI-0016,2025-08-16,1,0,0,True,0,2.000000000,1.000000000,1.000000000,0.985185185,0.087375267
AOI-0016,2025-09-07,1,1,1,True,1,2.000000000,1.000000000,2.000000000,0.975903614,0.130281794
AOI-0016,2025-09-23,1,0,0,True,0,2.000000000,1.000000000,1.000000000,0.689839572,0.646243791
AOI-0016,2025-10-02,1,1,1,True,0,1.000000000,1.000000000,1.000000000,0.826771654,0.492999622
AOI-0016,2025-10-08,1,0,0,True,0,2.000000000,1.000000000,1.000000000,0.987421384,0.076258973
AOI-0017,2010-04-23,1,1,2,True,2,1.000000000,1.000000000,3.000000000,0.611374408,0.693724571
AOI-0017,2010-04-24,1,1,1,True,2,1.000000000,1.000000000,4.000000000,0.979797980,0.112827275
AOI-0017,2010-06-02,1,1,1,True,2,1.000000000,1.000000000,4.000000000,0.978947368,0.116700546
AOI-0017,2010-06-19,1,1,1,True,2,1.000000000,1.000000000,3.000000000,0.978947368,0.116700546
AOI-0017,2011-04-23,1,2,2,True,2,2.000000000,1.000000000,3.000000000,0.991031390,0.057423085
AOI-0017,2011-06-13,1,1,1,True,4,1.000000000,1.000000000,11.000000000,0.971830986,0.147843978
AOI-0017,2011-07-15,1,1,1,True,2,2.000000000,1.000000000,3.000000000,0.979797980,0.112827275
AOI-0017,2011-07-28,1,2,2,True,2,2.000000000,1.000000000,3.000000000,0.990521327,0.060162121
AOI-0017,2011-08-01,1,1,1,True,2,1.000000000,1.000000000,4.000000000,0.981981982,0.102711110
AOI-0017,2012-04-06,1,2,2,True,2,2.000000000,1.000000000,3.000000000,0.990338164,0.061138862
AOI-0017,2012-05-24,1,2,2,True,2,2.000000000,1.000000000,3.000000000,0.990521327,0.060162121
AOI-0017,2012-08-03,1,1,1,False,-1,0.000000000,0.000000000,inf,0.977011494,0.125386776
AOI-0017,2012-10-15,1,2,2,True,2,2.000000000,1.000000000,3.000000000,0.748837209,0.586770241
AOI-0017,2013-04-23,1,2,2,True,2,2.000000000,1.000000000,3.000000000,0.990867580,0.058305859
AOI-0017,2013-06-03,1,1,1,True,2,2.000000000,1.000000000,3.000000000,0.966101695,0.171538761
AOI-0017,2013-07-28,1,2,2,True,3,1.000000000,1.000000000,7.000000000,0.579487179,0.708152353
AOI-0017,2013-07-29,1,1,1,True,2,2.000000000,1.000000000,3.000000000,0.966101695,0.171538761
AOI-0017,2014-04-10,1,1,1,True,2,1.000000000,1.000000000,3.000000000,0.973333333,0.141440924
AOI-0017,2014-06-21,1,1,1,True,2,1.000000000,1.000000000,4.000000000,0.963636364,0.181415523
AOI-0017,2014-07-16,1,1,1,True,2,1.000000000,1.000000000,3.000000000,0.980582524,0.109222462
AOI-0017,2014-08-24,1,1,1,True,2,2.000000000,1.000000000,3.000000000,0.979797980,0.112827275
AOI-0017,2014-09-14,1,2,2,True,2,2.000000000,1.000000000,3.000000000,0.990147783,0.062150380
AOI-0017,2014-09-30,1,2,2,True,2,1.000000000,1.000000000,4.000000000,0.990867580,0.058305859
AOI-0017,2015-06-01,1,1,1,True,2,2.000000000,1.000000000,3.000000000,0.978021978,0.120874486
AOI-0017,2015-08-20,1,1,1,True,2,1.000000000,1.000000000,3.000000000,0.975903614,0.130281794
AOI-0017,2015-09-04,1,1,1,True,2,2.000000000,1.000000000,3.000000000,0.978947368,0.116700546
AOI-0017,2015-09-14,1,2,2,True,2,1.000000000,1.000000000,3.000000000,0.990338164,0.061138862
AOI-0017,2015-09-30,1,2,2,True,2,2.000000000,1.000000000,3.000000000,0.719806763,0.617540427
AOI-0017,2016-05-10,1,1,1,True,3,1.000000000,1.000000000,7.000000000,0.977011494,0.125386776
AOI-0017,2016-05-18,1,1,1,True,2,2.000000000,1.000000000,3.000000000,0.979797980,0.112827275
AOI-0017,2016-06-27,1,1,1,True,2,2.000000000,1.000000000,3.000000000,0.982608696,0.099759750
AOI-0017,2016-08-13,1,1,1,True,4,2.000000000,1.000000000,11.000000000,0.978021978,0.120874486
AOI-0017,2016-09-29,1,2,2,True,2,2.000000000,1.000000000,3.000000000,0.989949749,0.063198621
AOI-0017,2017-05-01,1,0,0,True,3,1.000000000,1.000000000,7.000000000,0.983739837,0.094374144
AOI-0017,2017-05-25,1,2,2,True,2,2.000000000,1.000000000,3.000000000,0.991031390,0.057423085
AOI-0017,2017-06-05,1,1,0,True,2,2.000000000,1.000000000,3.000000000,0.740458015,0.607016297
AOI-0017,2017-07-02,1,0,0,True,2,1.000000000,1.000000000,3.000000000,0.984251969,0.091909786
AOI-0017,2017-07-07,1,1,1,False,-1,0.000000000,0.000000000,inf,0.913043478,0.355712860
AOI-0017,2017-07-28,1,2,2,True,2,1.000000000,1.000000000,3.000000000,0.990521327,0.060162121
AOI-0017,2017-08-17,1,1,1,True,2,2.000000000,1.000000000,3.000000000,0.862595420,0.429705336
AOI-0017,2017-08-24,1,1,1,True,2,1.000000000,1.000000000,3.000000000,0.978947368,0.116700546
AOI-0017,2017-09-05,1,0,0,True,2,2.000000000,1.000000000,3.000000000,0.978021978,0.120874486
AOI-0017,2017-09-10,1,0,0,True,2,1.000000000,1.000000000,4.000000000,0.985611511,0.085284100
AOI-0017,2018-04-06,1,1,1,True,2,2.000000000,1.000000000,3.000000000,0.978947368,0.116700546
AOI-0017,2018-04-14,1,1,1,True,2,2.000000000,1.000000000,3.000000000,0.983193277,0.096986095
AOI-0017,2018-04-23,1,2,2,True,2,2.000000000,1.000000000,3.000000000,0.970443350,0.146514727
AOI-0017,2018-05-01,1,0,0,True,2,2.000000000,1.000000000,3.000000000,0.704035874,0.630643682
AOI-0017,2018-07-26,1,1,1,True,2,2.000000000,1.000000000,3.000000000,0.978947368,0.116700546
AOI-0017,2018-07-27,1,1,1,True,2,2.000000000,1.000000000,3.000000000,0.981308411,0.105858397
AOI-0017,2018-08-29,1,2,2,True,2,1.000000000,1.000000000,3.000000000,0.744075829,0.592350727
AOI-0017,2018-09-21,1,1,1,True,2,2.000000000,1.000000000,3.000000000,0.983193277,0.096986095
AOI-0017,2019-04-23,1,0,0,True,2,1.000000000,1.000000000,4.000000000,0.668246445,0.860468663
AOI-0017,2019-04-26,1,0,0,True,2,2.000000000,1.000000000,3.000000000,0.714285714,0.623155167
AOI-0017,2019-05-21,1,0,0,True,2,2.000000000,1.000000000,3.000000000,0.814207650,0.504717032
AOI-0017,2019-06-27,1,0,0,True,2,1.000000000,1.000000000,4.000000000,0.633507853,0.684503769
AOI-0017,2019-06-28,1,1,1,True,2,2.000000000,1.000000000,3.000000000,0.886178862,0.383718820
AOI-0017,2019-06-30,1,0,0,True,2,2.000000000,1.000000000,3.000000000,0.704347826,0.646365771
AOI-0017,2019-07-05,1,0,0,True,2,1.000000000,1.000000000,3.000000000,0.986013986,0.083298165
AOI-0017,2019-07-20,1,0,0,True,2,2.000000000,1.000000000,3.000000000,0.987096774,0.077896072
AOI-0017,2019-07-30,1,0,0,True,2,1.000000000,1.000000000,3.000000000,0.866666667,0.436018864
AOI-0017,2019-09-23,1,0,0,True,2,2.000000000,1.000000000,3.000000000,0.985611511,0.085284100
AOI-0017,2019-10-23,1,0,0,True,2,1.000000000,1.000000000,4.000000000,0.985185185,0.087375267
AOI-0017,2020-04-10,1,0,0,True,2,1.000000000,1.000000000,3.000000000,0.928057554,0.282021981
AOI-0017,2020-05-20,1,0,0,True,2,2.000000000,1.000000000,3.000000000,0.765765766,0.582527927
AOI-0017,2020-06-25,1,2,2,True,2,1.000000000,1.000000000,4.000000000,0.991031390,0.057423085
AOI-0017,2020-06-30,1,1,1,False,-1,0.000000000,0.000000000,inf,0.966101695,0.171538761
AOI-0017,2020-07-01,1,0,0,True,2,1.000000000,1.000000000,3.000000000,0.985185185,0.087375267
AOI-0017,2020-07-24,1,0,0,True,2,1.000000000,1.000000000,3.000000000,0.780645161,0.555196694
AOI-0017,2020-07-29,1,0,0,True,2,1.000000000,1.000000000,4.000000000,0.981981982,0.102711110
AOI-0017,2020-07-31,1,0,0,False,-1,0.000000000,0.000000000,3.000000000,0.570552147,0.715313994
AOI-0017,2020-09-22,1,0,0,True,2,2.000000000,1.000000000,3.000000000,0.987096774,0.077896072
AOI-0017,2020-09-25,1,1,1,True,2,2.000000000,1.000000000,3.000000000,0.843478261,0.467440026
AOI-0017,2020-10-07,1,0,0,True,2,2.000000000,1.000000000,3.000000000,0.986754967,0.079610965
AOI-0017,2021-05-09,1,2,2,True,2,2.000000000,1.000000000,3.000000000,0.990867580,0.058305859
AOI-0017,2021-05-15,1,0,0,True,4,4.000000000,0.750000000,3.000000000,0.904761905,0.338998738
AOI-0017,2021-05-31,1,1,1,True,4,2.000000000,1.000000000,11.000000000,0.977011494,0.125386776
AOI-0017,2021-06-26,1,0,0,True,3,1.000000000,1.000000000,7.000000000,0.589041096,0.702293478
AOI-0017,2021-07-19,1,0,0,True,2,2.000000000,1.000000000,3.000000000,0.818181818,0.498265026
AOI-0017,2021-09-13,1,1,1,True,2,2.000000000,1.000000000,3.000000000,0.978947368,0.116700546
AOI-0017,2021-09-29,1,0,0,True,2,2.000000000,1.000000000,3.000000000,0.973333333,0.141440924
AOI-0017,2021-10-02,1,0,0,True,2,2.000000000,1.000000000,3.000000000,0.984732824,0.089580528
AOI-0017,2021-10-14,1,0,0,True,3,1.000000000,1.000000000,7.000000000,0.880794702,0.390915195
AOI-0017,2021-10-22,1,0,0,True,2,2.000000000,1.000000000,3.000000000,0.986013986,0.083298165
AOI-0017,2022-04-07,1,0,0,True,2,2.000000000,1.000000000,3.000000000,0.637209302,0.866329748
AOI-0017,2022-06-08,1,1,1,True,3,1.000000000,1.000000000,7.000000000,0.747899160,0.601474619
AOI-0017,2022-06-26,1,2,2,True,3,1.000000000,1.000000000,7.000000000,0.874396135,0.439433173
AOI-0017,2022-06-29,1,0,0,True,2,2.000000000,1.000000000,3.000000000,0.717277487,0.621577835
AOI-0017,2022-07-06,1,0,0,True,2,2.000000000,1.000000000,3.000000000,0.985611511,0.085284100
AOI-0017,2022-08-29,1,2,2,True,2,1.000000000,1.000000000,4.000000000,0.990521327,0.060162121
AOI-0017,2022-09-07,1,0,0,False,-1,0.000000000,0.000000000,3.000000000,0.921259843,0.301278649
AOI-0017,2022-10-07,1,0,0,True,2,1.000000000,1.000000000,3.000000000,0.986013986,0.083298165
AOI-0017,2022-10-12,1,0,0,True,2,2.000000000,1.000000000,3.000000000,0.986013986,0.083298165
AOI-0017,2023-05-05,1,0,0,False,-1,0.000000000,0.000000000,3.000000000,0.777777778,0.562182809
AOI-0017,2023-06-24,1,0,0,True,2,1.000000000,1.000000000,4.000000000,0.726618705,0.619861451
AOI-0017,2023-07-06,1,0,0,True,2,1.000000000,1.000000000,3.000000000,0.985185185,0.087375267
AOI-0017,2023-08-01,1,1,1,True,2,2.000000000,1.000000000,3.000000000,0.914110429,0.315024181
AOI-0017,2023-08-05,1,0,0,True,2,1.000000000,1.000000000,3.000000000,0.985185185,0.087375267
AOI-0017,2023-08-08,1,0,0,True,2,2.000000000,1.000000000,3.000000000,0.839572193,0.463824283
AOI-0017,2023-08-15,1,0,0,True,2,2.000000000,1.000000000,3.000000000,0.985611511,0.085284100
AOI-0017,2023-09-11,1,1,1,True,3,1.000000000,1.000000000,7.000000000,0.843478261,0.467440026
AOI-0017,2023-09-29,1,0,0,True,2,2.000000000,1.000000000,3.000000000,0.661835749,0.665130698
AOI-0017,2023-09-30,1,2,2,True,2,2.000000000,1.000000000,3.000000000,0.913043478,0.314096510
AOI-0017,2023-10-19,1,0,0,True,2,1.000000000,1.000000000,3.000000000,0.724550898,0.617452088
AOI-0017,2024-04-06,1,0,0,True,3,1.000000000,1.000000000,7.000000000,0.615763547,0.757590482
AOI-0017,2024-04-13,1,1,1,True,2,1.000000000,1.000000000,3.000000000,0.723577236,0.626221864
AOI-0017,2024-04-26,1,0,0,False,-1,0.000000000,0.000000000,inf,0.963636364,0.181415523
AOI-0017,2024-05-06,1,0,0,True,2,2.000000000,1.000000000,3.000000000,0.754010695,0.583648956
AOI-0017,2024-06-25,1,2,2,False,-1,0.000000000,0.000000000,3.000000000,0.497630332,0.880095426
AOI-0017,2024-06-30,1,0,0,True,3,1.000000000,1.000000000,7.000000000,0.983739837,0.094374144
AOI-0017,2024-07-05,1,0,0,True,2,1.000000000,1.000000000,4.000000000,0.981981982,0.102711110
AOI-0017,2024-07-15,1,0,0,True,2,2.000000000,1.000000000,3.000000000,0.985611511,0.085284100
AOI-0017,2024-07-26,1,1,1,True,2,1.000000000,1.000000000,3.000000000,0.802197802,0.539780759
AOI-0017,2024-09-13,1,0,0,True,2,1.000000000,1.000000000,3.000000000,0.630331754,0.684135614
AOI-0017,2025-04-07,1,2,2,True,0,2.000000000,1.000000000,1.000000000,0.950738916,0.212347715
AOI-0017,2025-06-03,1,0,0,True,0,1.000000000,1.000000000,1.000000000,0.986754967,0.079610965
AOI-0017,2025-06-08,1,0,0,True,0,1.000000000,1.000000000,1.000000000,0.988304094,0.071763657
AOI-0017,2025-06-13,1,0,0,True,2,1.000000000,1.000000000,4.000000000,0.629629630,0.695463287
AOI-0017,2025-07-28,1,0,0,True,0,2.000000000,1.000000000,1.000000000,0.739910314,0.595804393
AOI-0017,2025-07-29,1,1,1,True,0,1.000000000,1.000000000,1.000000000,0.978947368,0.116700546
AOI-0017,2025-08-07,1,0,0,True,0,2.000000000,1.000000000,1.000000000,0.846153846,0.451806829
AOI-0017,2025-09-07,1,1,1,True,0,1.000000000,1.000000000,1.000000000,0.975903614,0.130281794
AOI-0017,2025-09-16,1,0,0,True,0,2.000000000,1.000000000,1.000000000,0.696335079,0.640386746
AOI-0017,2025-09-21,1,0,0,True,0,1.000000000,1.000000000,1.000000000,0.988023952,0.073197386
AOI-0017,2025-10-17,1,1,1,True,1,1.000000000,1.000000000,2.000000000,0.977011494,0.125386776
AOI-0018,2025-04-18,1,0,0,True,0,1.000000000,1.000000000,1.000000000,0.986394558,0.081409508
AOI-0018,2025-04-24,1,0,0,True,1,1.000000000,1.000000000,2.000000000,0.983193277,0.096986095
AOI-0018,2025-06-04,1,1,1,True,0,1.000000000,1.000000000,1.000000000,0.729032258,0.614707193
AOI-0018,2025-07-17,1,0,0,True,0,1.000000000,1.000000000,1.000000000,0.981981982,0.102711110
AOI-0018,2025-07-18,1,0,0,True,0,1.000000000,1.000000000,1.000000000,0.987421384,0.076258973
AOI-0018,2025-08-14,1,0,0,True,0,1.000000000,1.000000000,1.000000000,0.717791411,0.624583560
AOI-0018,2025-08-30,1,1,1,True,0,1.000000000,1.000000000,1.000000000,0.848739496,0.457343669
AOI-0018,2025-09-21,1,0,0,True,1,1.000000000,1.000000000,2.000000000,0.988023952,0.073197386
AOI-0018,2025-10-08,1,0,0,True,0,1.000000000,1.000000000,1.000000000,0.987421384,0.076258973
AOI-0018,2025-10-16,1,0,0,True,0,1.000000000,1.000000000,1.000000000,0.578475336,0.768375239
AOI-0018,2025-10-18,1,0,0,True,0,1.000000000,1.000000000,1.000000000,0.981981982,0.102711110
AOI-0019,2025-04-07,1,2,2,True,0,1.000000000,1.000000000,1.000000000,0.950738916,0.212347715
AOI-0019,2025-05-04,1,0,0,True,0,1.000000000,1.000000000,1.000000000,0.639344262,0.682111711
AOI-0019,2025-05-06,1,0,0,True,0,1.000000000,1.000000000,1.000000000,0.987730061,0.074694356
AOI-0019,2025-06-08,1,0,0,True,0,1.000000000,1.000000000,1.000000000,0.988304094,0.071763657
AOI-0019,2025-07-06,1,1,1,True,0,1.000000000,1.000000000,1.000000000,0.843478261,0.467440026
AOI-0019,2025-08-23,1,1,1,True,0,1.000000000,1.000000000,1.000000000,0.726618705,0.619861451
AOI-0019,2025-08-29,1,0,0,True,0,1.000000000,1.000000000,1.000000000,0.992031873,0.051963811
AOI-0019,2025-09-05,1,0,0,True,3,1.000000000,1.000000000,5.000000000,0.971830986,0.147843978
AOI-0019,2025-09-26,1,0,0,True,0,1.000000000,1.000000000,1.000000000,0.832512315,0.474104342
AOI-0019,2025-10-13,1,0,0,True,2,2.000000000,1.000000000,3.000000000,0.978947368,0.116700546
AOI-0019,2025-10-16,1,0,0,True,0,1.000000000,1.000000000,1.000000000,0.578475336,0.768375239
AOI-0020,2025-04-01,1,0,0,True,0,2.000000000,1.000000000,1.000000000,0.984732824,0.089580528
AOI-0020,2025-05-16,1,0,0,True,0,2.000000000,1.000000000,1.000000000,0.986754967,0.079610965
AOI-0020,2025-05-24,1,0,0,True,0,2.000000000,1.000000000,1.000000000,0.989071038,0.067803297
AOI-0020,2025-07-18,1,0,0,True,0,1.000000000,1.000000000,1.000000000,0.987421384,0.076258973
AOI-0020,2025-08-12,1,0,0,True,0,2.000000000,1.000000000,1.000000000,0.986394558,0.081409508
AOI-0020,2025-08-30,1,1,1,True,0,1.000000000,1.000000000,1.000000000,0.848739496,0.457343669
AOI-0020,2025-09-05,1,0,0,True,2,1.000000000,1.000000000,4.000000000,0.971830986,0.147843978
AOI-0020,2025-09-13,1,0,0,True,0,2.000000000,1.000000000,1.000000000,0.987096774,0.077896072
AOI-0020,2025-09-15,1,0,0,True,2,1.000000000,1.000000000,4.000000000,0.687203791,0.645879152
AOI-0020,2025-09-24,1,1,1,False,-1,0.000000000,0.000000000,inf,0.737373737,0.618600306
AOI-0020,2025-10-18,1,0,0,True,0,1.000000000,1.000000000,1.000000000,0.981981982,0.102711110
AOI-0021,2025-05-04,1,0,0,True,0,2.000000000,1.000000000,1.000000000,0.639344262,0.682111711
AOI-0021,2025-06-08,1,0,0,True,0,2.000000000,1.000000000,1.000000000,0.988304094,0.071763657
AOI-0021,2025-06-26,1,2,2,True,0,2.000000000,1.000000000,1.000000000,0.990697674,0.059218348
AOI-0021,2025-06-27,1,0,0,True,0,2.000000000,1.000000000,1.000000000,0.639344262,0.682111711
AOI-0021,2025-06-28,1,1,1,True,1,2.000000000,1.000000000,2.000000000,0.638554217,0.707068915
AOI-0021,2025-06-30,1,0,0,True,0,2.000000000,1.000000000,1.000000000,0.984732824,0.089580528
AOI-0021,2025-07-03,1,0,0,True,0,2.000000000,1.000000000,1.000000000,0.963636364,0.181415523
AOI-0021,2025-07-15,1,0,0,True,0,2.000000000,1.000000000,1.000000000,0.952755906,0.211605625
AOI-0021,2025-08-15,1,1,1,True,0,2.000000000,1.000000000,1.000000000,0.925925926,0.288132272
AOI-0021,2025-08-16,1,0,0,True,0,1.000000000,1.000000000,1.000000000,0.985185185,0.087375267
AOI-0021,2025-09-05,1,0,0,True,2,1.000000000,1.000000000,3.000000000,0.971830986,0.147843978
AOI-0022,2025-07-12,1,2,2,True,0,2.000000000,1.000000000,1.000000000,0.556485356,0.982705973
AOI-0022,2025-07-13,1,0,0,True,0,1.000000000,1.000000000,1.000000000,0.988304094,0.071763657
AOI-0022,2025-07-14,1,1,1,True,0,1.000000000,1.000000000,1.000000000,0.734265734,0.611307571
AOI-0022,2025-08-16,1,0,0,True,0,1.000000000,1.000000000,1.000000000,0.985185185,0.087375267
AOI-0022,2025-08-23,1,1,1,True,0,2.000000000,1.000000000,1.000000000,0.726618705,0.619861451
AOI-0022,2025-08-29,1,0,0,True,0,2.000000000,1.000000000,1.000000000,0.992031873,0.051963811
AOI-0022,2025-09-01,1,0,0,True,0,2.000000000,1.000000000,1.000000000,0.691629956,0.640879796
AOI-0022,2025-09-11,1,0,0,True,0,2.000000000,1.000000000,1.000000000,0.983739837,0.094374144
AOI-0022,2025-09-15,1,0,0,True,1,1.000000000,1.000000000,2.000000000,0.687203791,0.645879152
AOI-0022,2025-09-26,1,0,0,True,0,2.000000000,1.000000000,1.000000000,0.832512315,0.474104342
AOI-0022,2025-10-08,1,0,0,True,0,1.000000000,1.000000000,1.000000000,0.987421384,0.076258973
AOI-0023,2025-05-09,1,2,2,True,0,2.000000000,1.000000000,1.000000000,0.824267782,0.484632634
AOI-0023,2025-05-27,1,1,1,True,0,1.000000000,1.000000000,1.000000000,0.975903614,0.130281794
AOI-0023,2025-07-13,1,0,0,True,1,1.000000000,1.000000000,2.000000000,0.988304094,0.071763657
AOI-0023,2025-08-06,1,0,0,True,0,1.000000000,1.000000000,1.000000000,0.668246445,0.660253900
AOI-0023,2025-08-13,1,2,2,True,0,1.000000000,1.000000000,1.000000000,0.753424658,0.581279608
AOI-0023,2025-08-17,1,0,0,True,0,1.000000000,1.000000000,1.000000000,0.801047120,0.523158429
AOI-0023,2025-09-05,1,0,0,True,0,1.000000000,1.000000000,1.000000000,0.971830986,0.147843978
AOI-0023,2025-09-08,1,0,0,True,0,2.000000000,1.000000000,1.000000000,0.920704846,0.294058011
AOI-0023,2025-09-14,1,2,2,True,0,1.000000000,1.000000000,1.000000000,0.771689498,0.559610189
AOI-0023,2025-09-15,1,0,0,True,0,1.000000000,1.000000000,1.000000000,0.687203791,0.645879152
AOI-0023,2025-09-24,1,1,1,False,-1,0.000000000,0.000000000,inf,0.737373737,0.618600306
AOI-0024,2025-04-17,1,1,1,True,1,1.000000000,1.000000000,2.000000000,0.896296296,0.359830351
AOI-0024,2025-04-24,1,0,0,False,-1,0.000000000,0.000000000,inf,0.983193277,0.096986095
AOI-0024,2025-05-04,1,0,0,True,1,1.000000000,1.000000000,2.000000000,0.639344262,0.682111711
AOI-0024,2025-06-08,1,0,0,True,0,1.000000000,1.000000000,1.000000000,0.988304094,0.071763657
AOI-0024,2025-07-13,1,0,0,True,2,2.000000000,1.000000000,3.000000000,0.988304094,0.071763657
AOI-0024,2025-08-13,1,2,2,True,1,1.000000000,1.000000000,2.000000000,0.753424658,0.581279608
AOI-0024,2025-08-17,1,0,0,True,1,1.000000000,1.000000000,2.000000000,0.801047120,0.523158429
AOI-0024,2025-09-01,1,0,0,True,0,1.000000000,1.000000000,1.000000000,0.691629956,0.640879796
AOI-0024,2025-09-23,1,0,0,True,2,2.000000000,1.000000000,3.000000000,0.689839572,0.646243791
AOI-0024,2025-09-24,1,1,1,False,-1,0.000000000,0.000000000,inf,0.737373737,0.618600306
AOI-0024,2025-10-16,1,0,0,True,0,1.000000000,1.000000000,1.000000000,0.578475336,0.768375239
AOI-0025,2025-05-04,1,0,0,True,1,1.000000000,1.000000000,2.000000000,0.639344262,0.682111711
AOI-0025,2025-06-26,1,2,2,True,0,1.000000000,1.000000000,1.000000000,0.990697674,0.059218348
AOI-0025,2025-07-10,1,0,0,True,1,1.000000000,1.000000000,2.000000000,0.990521327,0.060162121
AOI-0025,2025-08-02,1,0,0,True,2,1.000000000,1.000000000,3.000000000,0.986394558,0.081409508
AOI-0025,2025-08-22,1,0,0,True,0,1.000000000,1.000000000,1.000000000,0.988304094,0.071763657
AOI-0025,2025-09-23,1,1,0,True,1,1.000000000,1.000000000,2.000000000,0.689839572,0.646243791
AOI-0026,2025-04-16,1,1,0,True,1,1.000000000,1.000000000,2.000000000,0.806451613,0.519613528
AOI-0026,2025-05-04,1,0,0,True,0,1.000000000,1.000000000,1.000000000,0.639344262,0.682111711
AOI-0026,2025-07-23,1,0,0,True,2,1.000000000,1.000000000,4.000000000,0.765363128,0.571219093
AOI-0026,2025-07-28,1,0,0,True,0,2.000000000,1.000000000,1.000000000,0.739910314,0.595804393
AOI-0026,2025-09-14,1,2,2,True,0,1.000000000,1.000000000,1.000000000,0.771689498,0.559610189
AOI-0026,2025-09-15,1,1,0,True,0,2.000000000,1.000000000,1.000000000,0.687203791,0.645879152
AOI-0026,2025-09-21,1,0,0,True,0,2.000000000,1.000000000,1.000000000,0.988023952,0.073197386
AOI-0026,2025-10-18,1,0,0,True,2,2.000000000,1.000000000,3.000000000,0.981981982,0.102711110
AOI-0027,2025-04-19,1,0,0,True,0,2.000000000,1.000000000,1.000000000,0.801047120,0.523158429
AOI-0027,2025-06-10,1,2,0,True,0,2.000000000,1.000000000,1.000000000,0.533039648,0.715890578
AOI-0027,2025-08-12,1,0,0,True,0,2.000000000,1.000000000,1.000000000,0.986394558,0.081409508
AOI-0027,2025-08-13,1,2,2,True,0,1.000000000,1.000000000,1.000000000,0.753424658,0.581279608
AOI-0027,2025-08-27,1,0,0,True,0,2.000000000,1.000000000,1.000000000,0.987421384,0.076258973
AOI-0027,2025-09-30,1,2,2,True,0,1.000000000,1.000000000,1.000000000,0.917808219,0.301725093
AOI-0028,2010-05-01,1,1,1,True,4,3.000000000,1.000000000,11.000000000,0.980582524,0.109222462
AOI-0028,2010-05-09,1,2,2,True,4,3.000000000,1.000000000,11.000000000,0.990521327,0.060162121
AOI-0028,2011-07-31,1,1,1,True,4,2.000000000,1.000000000,11.000000000,0.977011494,0.125386776
AOI-0028,2011-08-29,1,2,2,True,4,2.000000000,1.000000000,11.000000000,0.990521327,0.060162121
AOI-0028,2011-09-14,1,2,2,True,4,2.000000000,1.000000000,11.000000000,0.991031390,0.057423085
AOI-0028,2012-05-22,1,1,1,True,4,2.000000000,1.000000000,11.000000000,0.979797980,0.112827275
AOI-0028,2012-06-09,1,2,2,True,4,3.000000000,1.000000000,11.000000000,0.733990148,0.603780014
AOI-0028,2012-07-09,1,1,1,True,4,2.000000000,1.000000000,11.000000000,0.978947368,0.116700546
AOI-0028,2013-07-12,1,1,2,True,4,1.000000000,1.000000000,14.000000000,0.567839196,0.711293868
AOI-0028,2013-10-24,1,1,1,True,4,3.000000000,1.000000000,11.000000000,0.978947368,0.116700546
AOI-0028,2014-07-23,1,1,1,True,4,3.000000000,1.000000000,11.000000000,0.980582524,0.109222462
AOI-0028,2014-08-08,1,1,1,True,4,2.000000000,1.000000000,11.000000000,0.979797980,0.112827275
AOI-0028,2014-08-13,1,2,2,True,4,2.000000000,1.000000000,11.000000000,0.990521327,0.060162121
AOI-0028,2014-09-30,1,2,2,True,4,1.000000000,1.000000000,15.000000000,0.990867580,0.058305859
AOI-0028,2015-04-07,1,2,2,True,4,2.000000000,1.000000000,11.000000000,0.990338164,0.061138862
AOI-0028,2015-08-11,1,1,1,True,4,3.000000000,1.000000000,11.000000000,0.975903614,0.130281794
AOI-0028,2015-08-29,1,2,2,True,4,2.000000000,1.000000000,14.000000000,0.711627907,0.624497062
AOI-0028,2015-09-30,1,2,2,True,4,2.000000000,1.000000000,14.000000000,0.719806763,0.617540427
AOI-0028,2016-08-12,1,2,2,True,4,1.000000000,1.000000000,11.000000000,0.744075829,0.592350727
AOI-0028,2016-09-13,1,2,2,True,4,2.000000000,1.000000000,11.000000000,0.728643216,0.609627116
AOI-0028,2016-09-14,1,1,1,True,4,3.000000000,1.000000000,11.000000000,0.977011494,0.125386776
AOI-0028,2017-05-04,1,1,1,True,5,2.000000000,1.000000000,23.000000000,0.714285714,0.659572204
AOI-0028,2017-07-10,1,0,0,False,-1,0.000000000,0.000000000,inf,0.473684211,0.862857801
AOI-0028,2017-09-18,1,0,0,True,4,2.000000000,1.000000000,11.000000000,0.772455090,0.563983256
AOI-0028,2017-10-11,1,1,1,True,4,3.000000000,1.000000000,11.000000000,0.864077670,0.432467061
AOI-0028,2017-10-19,1,1,1,True,4,3.000000000,1.000000000,11.000000000,0.979797980,0.112827275
AOI-0028,2018-05-09,1,2,2,True,4,1.000000000,1.000000000,14.000000000,0.990521327,0.060162121
AOI-0028,2018-05-15,1,1,1,True,4,3.000000000,1.000000000,11.000000000,0.975903614,0.130281794
AOI-0028,2018-05-25,1,2,2,True,4,2.000000000,1.000000000,11.000000000,0.767441860,0.565148736
AOI-0028,2018-05-31,1,0,0,True,4,3.000000000,1.000000000,11.000000000,0.984732824,0.089580528
AOI-0028,2018-08-13,1,2,2,True,4,1.000000000,1.000000000,11.000000000,0.990867580,0.058305859
AOI-0028,2019-05-01,1,0,0,False,-1,0.000000000,0.000000000,23.000000000,0.745454545,0.632773251
AOI-0028,2019-05-09,1,2,2,True,4,2.000000000,1.000000000,11.000000000,0.991031390,0.057423085
AOI-0028,2019-05-16,1,0,0,True,4,3.000000000,1.000000000,11.000000000,0.987096774,0.077896072
AOI-0028,2019-06-15,1,0,0,True,4,2.000000000,1.000000000,11.000000000,0.986013986,0.083298165
AOI-0028,2019-08-14,1,0,0,True,4,2.000000000,1.000000000,11.000000000,0.986754967,0.079610965
AOI-0028,2019-08-30,1,1,1,True,4,3.000000000,1.000000000,11.000000000,0.979797980,0.112827275
AOI-0028,2019-09-07,1,1,1,True,5,3.000000000,1.000000000,23.000000000,0.963636364,0.181415523
AOI-0028,2019-10-25,1,1,0,True,5,3.000000000,1.000000000,23.000000000,0.613445378,0.707666760
AOI-0028,2020-04-22,1,0,0,True,4,1.000000000,1.000000000,11.000000000,0.620512821,0.690978045
AOI-0028,2020-05-20,1,0,0,True,4,2.000000000,1.000000000,14.000000000,0.765765766,0.582527927
AOI-0028,2020-05-28,1,1,1,True,4,3.000000000,1.000000000,11.000000000,0.909909910,0.332032964
AOI-0028,2020-07-15,1,1,1,True,4,3.000000000,1.000000000,11.000000000,0.978021978,0.120874486
AOI-0028,2020-08-16,1,1,1,True,4,1.000000000,1.000000000,11.000000000,0.825242718,0.500845652
AOI-0028,2020-10-15,1,2,2,True,4,3.000000000,1.000000000,11.000000000,0.897674419,0.349083713
AOI-0028,2020-10-27,1,0,0,True,4,2.000000000,1.000000000,11.000000000,0.984251969,0.091909786
AOI-0028,2021-04-15,1,0,0,True,4,3.000000000,1.000000000,11.000000000,0.810055866,0.511345905
AOI-0028,2021-05-05,1,0,0,True,4,1.000000000,1.000000000,11.000000000,0.986013986,0.083298165
AOI-0028,2021-05-07,1,1,1,True,5,2.000000000,1.000000000,30.000000000,0.577464789,0.742848415
AOI-0028,2021-05-23,1,1,1,True,4,3.000000000,1.000000000,11.000000000,0.978947368,0.116700546
AOI-0028,2021-08-13,1,2,2,True,4,2.000000000,1.000000000,11.000000000,0.887179487,0.428697976
AOI-0028,2021-09-27,1,0,0,True,4,1.000000000,1.000000000,15.000000000,0.984732824,0.089580528
AOI-0028,2021-10-02,1,0,0,True,4,2.000000000,1.000000000,14.000000000,0.984732824,0.089580528
AOI-0028,2022-06-11,1,0,0,True,4,1.000000000,1.000000000,15.000000000,0.711229947,0.627675967
AOI-0028,2022-06-13,1,1,1,True,5,1.000000000,1.000000000,27.000000000,0.726315789,0.631505898
AOI-0028,2022-06-18,1,1,1,True,5,3.000000000,1.000000000,23.000000000,0.810526316,0.526112214
AOI-0028,2022-07-21,1,0,0,True,4,1.000000000,1.000000000,14.000000000,0.600000000,0.709898090
AOI-0028,2022-08-23,1,0,0,True,4,1.000000000,1.000000000,15.000000000,0.820359281,0.497101801
AOI-0028,2022-09-07,1,0,0,True,5,6.000000000,0.833333333,14.000000000,0.921259843,0.301278649
AOI-0028,2022-10-07,1,0,0,True,4,1.000000000,1.000000000,14.000000000,0.986013986,0.083298165
AOI-0028,2022-10-15,1,1,1,True,5,2.000000000,1.000000000,30.000000000,0.671641791,0.693725705
AOI-0028,2023-05-20,1,0,0,True,4,2.000000000,1.000000000,11.000000000,0.763779528,0.581206425
AOI-0028,2023-06-24,1,0,0,True,4,1.000000000,1.000000000,15.000000000,0.726618705,0.619861451
AOI-0028,2023-07-28,1,2,2,True,4,2.000000000,1.000000000,11.000000000,0.990867580,0.058305859
AOI-0028,2023-09-12,1,0,0,True,4,3.000000000,1.000000000,11.000000000,0.818181818,0.498265026
AOI-0028,2023-09-14,1,0,2,True,4,2.000000000,1.000000000,11.000000000,0.525581395,0.717977583
AOI-0028,2023-10-02,1,0,0,True,4,3.000000000,1.000000000,11.000000000,0.984251969,0.091909786
AOI-0028,2023-10-17,1,0,0,True,4,1.000000000,1.000000000,14.000000000,0.978947368,0.116700546
AOI-0028,2024-04-14,1,0,0,True,5,4.000000000,0.750000000,11.000000000,0.721854305,0.622489281
AOI-0028,2024-05-04,1,0,0,True,4,2.000000000,1.000000000,11.000000000,0.987096774,0.077896072
AOI-0028,2024-06-13,1,0,0,True,4,1.000000000,1.000000000,14.000000000,0.974683544,0.135612188
AOI-0028,2024-08-22,1,0,0,True,4,2.000000000,1.000000000,14.000000000,0.909677419,0.326525206
AOI-0028,2024-09-06,1,0,0,True,4,2.000000000,1.000000000,11.000000000,0.708542714,0.628837152
AOI-0028,2024-10-11,1,0,0,True,4,3.000000000,1.000000000,11.000000000,0.983739837,0.094374144
AOI-0028,2024-10-15,1,2,2,True,4,3.000000000,1.000000000,11.000000000,0.990147783,0.062150380
AOI-0028,2025-04-01,1,0,0,True,0,2.000000000,1.000000000,1.000000000,0.984732824,0.089580528
AOI-0028,2025-08-06,1,1,0,True,0,2.000000000,1.000000000,1.000000000,0.668246445,0.660253900
AOI-0028,2025-08-29,1,0,0,True,0,2.000000000,1.000000000,1.000000000,0.992031873,0.051963811
AOI-0028,2025-09-06,1,0,0,True,0,1.000000000,1.000000000,1.000000000,0.600000000,0.721688628
AOI-0028,2025-09-07,1,1,1,True,0,2.000000000,1.000000000,1.000000000,0.975903614,0.130281794
AOI-0028,2025-09-21,1,0,0,True,0,2.000000000,1.000000000,1.000000000,0.988023952,0.073197386
AOI-0028,2025-09-23,1,1,0,True,0,1.000000000,1.000000000,1.000000000,0.689839572,0.646243791
AOI-0028,2025-10-18,1,0,0,True,0,1.000000000,1.000000000,1.000000000,0.981981982,0.102711110
AOI-0029,2025-04-07,1,2,2,True,1,1.000000000,1.000000000,2.000000000,0.950738916,0.212347715
AOI-0029,2025-04-14,1,0,0,True,0,2.000000000,1.000000000,1.000000000,0.986754967,0.079610965
AOI-0029,2025-04-16,1,1,0,True,0,1.000000000,1.000000000,1.000000000,0.806451613,0.519613528
AOI-0029,2025-04-21,1,0,0,True,0,1.000000000,1.000000000,1.000000000,0.970149254,0.154913925
AOI-0029,2025-05-21,1,0,0,True,0,2.000000000,1.000000000,1.000000000,0.714285714,0.691150438
AOI-0029,2025-07-23,1,0,0,True,0,1.000000000,1.000000000,1.000000000,0.765363128,0.571219093
AOI-0029,2025-09-23,1,1,0,True,0,1.000000000,1.000000000,1.000000000,0.689839572,0.646243791
AOI-0029,2025-09-30,1,2,2,True,0,2.000000000,1.000000000,1.000000000,0.917808219,0.301725093
AOI-0030,2025-04-07,1,2,2,True,2,1.000000000,1.000000000,3.000000000,0.950738916,0.212347715
AOI-0030,2025-06-11,1,1,1,True,2,2.000000000,1.000000000,3.000000000,0.807407407,0.521357632
AOI-0030,2025-06-13,1,0,0,True,1,1.000000000,1.000000000,2.000000000,0.629629630,0.695463287
AOI-0030,2025-07-18,1,0,0,True,0,1.000000000,1.000000000,1.000000000,0.987421384,0.076258973
AOI-0030,2025-08-13,1,2,2,True,0,1.000000000,1.000000000,1.000000000,0.753424658,0.581279608
AOI-0030,2025-08-19,1,0,0,True,1,1.000000000,1.000000000,2.000000000,0.991189427,0.056568562
AOI-0030,2025-09-07,1,1,1,True,0,1.000000000,1.000000000,1.000000000,0.975903614,0.130281794
AOI-0030,2025-09-16,1,0,0,True,1,1.000000000,1.000000000,2.000000000,0.696335079,0.640386746
AOI-0031,2010-05-04,1,1,1,True,0,1.000000000,1.000000000,1.000000000,0.935483871,0.283936267
AOI-0031,2010-05-09,1,2,2,True,0,1.000000000,1.000000000,1.000000000,0.990521327,0.060162121
AOI-0031,2010-06-26,1,2,2,False,-1,0.000000000,0.000000000,inf,0.989949749,0.063198621
AOI-0031,2010-07-31,1,1,1,True,0,1.000000000,1.000000000,1.000000000,0.935483871,0.283936267
AOI-0031,2010-08-23,1,1,1,True,0,1.000000000,1.000000000,1.000000000,0.968253968,0.162764794
AOI-0031,2010-08-29,1,2,2,True,0,1.000000000,1.000000000,1.000000000,0.527638191,0.719447590
AOI-0031,2011-05-14,1,1,1,False,-1,0.000000000,0.000000000,inf,0.968253968,0.162764794
AOI-0031,2011-07-28,1,2,2,True,0,1.000000000,1.000000000,1.000000000,0.990521327,0.060162121
AOI-0031,2011-08-26,1,1,1,True,0,1.000000000,1.000000000,1.000000000,0.968253968,0.162764794
AOI-0031,2011-08-27,1,1,1,True,0,1.000000000,1.000000000,1.000000000,0.935483871,0.283936267
AOI-0031,2012-05-08,1,2,2,True,0,1.000000000,1.000000000,1.000000000,0.972093023,0.139963385
AOI-0031,2012-07-20,1,1,1,False,-1,0.000000000,0.000000000,inf,0.925925926,0.315396287
AOI-0031,2012-09-06,1,1,1,True,0,1.000000000,1.000000000,1.000000000,0.935483871,0.283936267
AOI-0031,2013-04-05,1,1,1,True,0,1.000000000,1.000000000,1.000000000,0.925925926,0.315396287
AOI-0031,2013-06-13,1,1,1,False,-1,0.000000000,0.000000000,inf,0.866666667,0.485094091
AOI-0031,2013-07-14,1,1,1,True,0,1.000000000,1.000000000,1.000000000,0.966101695,0.171538761
AOI-0031,2013-07-22,1,1,1,False,-1,0.000000000,0.000000000,inf,0.966101695,0.171538761
AOI-0031,2013-08-15,1,1,1,True,0,1.000000000,1.000000000,1.000000000,0.968253968,0.162764794
AOI-0031,2013-08-23,1,1,1,True,0,1.000000000,1.000000000,1.000000000,0.960784314,0.192625738
AOI-0031,2014-04-23,1,2,2,True,0,1.000000000,1.000000000,1.000000000,0.991031390,0.057423085
AOI-0031,2014-05-25,1,2,2,True,0,1.000000000,1.000000000,1.000000000,0.990147783,0.062150380
AOI-0031,2014-07-10,1,1,1,True,0,1.000000000,1.000000000,1.000000000,0.935483871,0.283936267
AOI-0031,2014-10-06,1,1,1,True,0,1.000000000,1.000000000,1.000000000,0.935483871,0.283936267
AOI-0031,2014-10-16,1,2,2,True,0,1.000000000,1.000000000,1.000000000,0.990338164,0.061138862
AOI-0031,2015-05-02,1,1,1,True,0,1.000000000,1.000000000,1.000000000,0.913043478,0.355712860
AOI-0031,2015-05-09,1,2,2,True,0,1.000000000,1.000000000,1.000000000,0.990338164,0.061138862
AOI-0031,2015-06-03,1,1,1,False,-1,0.000000000,0.000000000,inf,0.925925926,0.315396287
AOI-0031,2015-07-13,1,1,1,False,-1,0.000000000,0.000000000,inf,0.913043478,0.355712860
AOI-0031,2015-09-30,1,2,2,False,-1,0.000000000,0.000000000,inf,0.719806763,0.617540427
AOI-0031,2015-10-17,1,1,1,True,0,1.000000000,1.000000000,1.000000000,0.935483871,0.283936267
AOI-0031,2016-04-09,1,1,1,True,0,1.000000000,1.000000000,1.000000000,0.968253968,0.162764794
AOI-0031,2016-04-26,1,1,1,False,-1,0.000000000,0.000000000,inf,0.714285714,0.796311640
AOI-0031,2016-05-20,1,1,1,True,0,1.000000000,1.000000000,1.000000000,0.925925926,0.315396287
AOI-0031,2016-07-07,1,1,1,False,-1,0.000000000,0.000000000,inf,0.714285714,0.796311640
AOI-0031,2016-08-31,1,1,1,False,-1,0.000000000,0.000000000,inf,0.942857143,0.258640932
AOI-0031,2016-09-13,1,2,2,True,0,1.000000000,1.000000000,1.000000000,0.728643216,0.609627116
AOI-0031,2017-05-05,1,0,1,True,0,1.000000000,1.000000000,1.000000000,0.777777778,0.562182809
AOI-0031,2017-05-07,1,1,1,True,0,1.000000000,1.000000000,1.000000000,0.935483871,0.283936267
AOI-0031,2017-05-30,1,1,1,False,-1,0.000000000,0.000000000,inf,0.963636364,0.181415523
AOI-0031,2017-06-08,1,1,1,False,-1,0.000000000,0.000000000,inf,0.925925926,0.315396287
AOI-0031,2017-07-01,1,1,1,True,0,1.000000000,1.000000000,1.000000000,0.957446809,0.205470750
AOI-0031,2017-08-06,1,0,0,False,-1,0.000000000,0.000000000,inf,0.982608696,0.099759750
AOI-0031,2017-09-12,1,0,0,False,-1,0.000000000,0.000000000,inf,0.925925926,0.315396287
AOI-0031,2017-09-27,1,1,1,True,0,1.000000000,1.000000000,1.000000000,0.960784314,0.192625738
AOI-0031,2017-09-30,1,2,2,True,0,1.000000000,1.000000000,1.000000000,0.637209302,0.679891962
AOI-0031,2018-04-28,1,0,0,False,-1,0.000000000,0.000000000,inf,0.514563107,0.740314755
AOI-0031,2018-05-03,1,0,0,True,0,1.000000000,1.000000000,1.000000000,0.985185185,0.087375267
AOI-0031,2018-05-09,1,2,2,True,0,1.000000000,1.000000000,1.000000000,0.990521327,0.060162121
AOI-0031,2018-06-02,1,0,0,True,0,1.000000000,1.000000000,1.000000000,0.986013986,0.083298165
AOI-0031,2018-06-14,1,0,0,False,-1,0.000000000,0.000000000,inf,0.925925926,0.315396287
AOI-0031,2018-07-20,1,1,1,True,0,1.000000000,1.000000000,1.000000000,0.966101695,0.171538761
AOI-0031,2018-10-09,1,1,1,True,0,1.000000000,1.000000000,1.000000000,0.935483871,0.283936267
AOI-0031,2019-04-05,1,0,0,True,0,1.000000000,1.000000000,1.000000000,0.935483871,0.283936267
AOI-0031,2019-04-18,1,0,0,True,0,1.000000000,1.000000000,1.000000000,0.968253968,0.162764794
AOI-0031,2019-05-28,1,0,0,False,-1,0.000000000,0.000000000,inf,0.983193277,0.096986095
AOI-0031,2019-06-04,1,1,1,False,-1,0.000000000,0.000000000,inf,0.795275591,0.540257419
AOI-0031,2019-06-09,1,0,0,True,0,1.000000000,1.000000000,1.000000000,0.935483871,0.283936267
AOI-0031,2019-07-29,1,0,1,True,0,1.000000000,1.000000000,1.000000000,0.756097561,0.591181657
AOI-0031,2019-08-23,1,0,1,True,0,1.000000000,1.000000000,1.000000000,0.832061069,0.483656175
AOI-0031,2019-08-29,1,2,0,True,0,1.000000000,1.000000000,1.000000000,0.716894977,0.619236583
AOI-0031,2019-09-02,1,0,0,True,0,1.000000000,1.000000000,1.000000000,0.935483871,0.283936267
AOI-0031,2019-09-09,1,1,1,True,0,1.000000000,1.000000000,1.000000000,0.970149254,0.154913925
AOI-0031,2019-09-12,1,0,0,True,0,1.000000000,1.000000000,1.000000000,0.935483871,0.283936267
AOI-0031,2019-09-25,1,0,0,False,-1,0.000000000,0.000000000,inf,0.982608696,0.099759750
AOI-0031,2020-04-22,1,0,0,True,0,1.000000000,1.000000000,1.000000000,0.620512821,0.690978045
AOI-0031,2020-05-14,1,0,1,True,0,1.000000000,1.000000000,1.000000000,0.600000000,0.775939123
AOI-0031,2020-05-17,1,0,0,True,0,1.000000000,1.000000000,1.000000000,0.984732824,0.089580528
AOI-0031,2020-06-28,1,0,1,True,0,1.000000000,1.000000000,1.000000000,0.638554217,0.707068915
AOI-0031,2020-07-25,1,1,1,True,0,1.000000000,1.000000000,1.000000000,0.966101695,0.171538761
AOI-0031,2020-07-27,1,2,2,False,-1,0.000000000,0.000000000,inf,0.909547739,0.322990305
AOI-0031,2020-07-31,1,0,0,True,0,1.000000000,1.000000000,1.000000000,0.570552147,0.715313994
AOI-0031,2020-08-10,1,0,0,True,0,1.000000000,1.000000000,1.000000000,0.985611511,0.085284100
AOI-0031,2020-08-11,1,1,1,True,0,1.000000000,1.000000000,1.000000000,0.617021277,0.747675135
AOI-0031,2020-08-15,1,0,0,True,0,1.000000000,1.000000000,1.000000000,0.820359281,0.497101801
AOI-0031,2020-09-11,1,0,1,True,0,1.000000000,1.000000000,1.000000000,0.523809524,0.761605701
AOI-0031,2020-09-29,1,2,2,False,-1,0.000000000,0.000000000,inf,0.744075829,0.592350727
AOI-0031,2020-10-24,1,0,0,False,-1,0.000000000,0.000000000,inf,0.963636364,0.181415523
AOI-0031,2021-06-27,1,1,1,True,0,1.000000000,1.000000000,1.000000000,0.617021277,0.747675135
AOI-0031,2021-07-28,1,0,2,True,0,1.000000000,1.000000000,1.000000000,0.725118483,0.778587232
AOI-0031,2021-08-07,1,0,0,True,0,1.000000000,1.000000000,1.000000000,0.935483871,0.283936267
AOI-0031,2021-08-22,1,0,0,True,0,1.000000000,1.000000000,1.000000000,0.935483871,0.283936267
AOI-0031,2021-09-15,1,1,1,False,-1,0.000000000,0.000000000,inf,0.641025641,0.745196588
AOI-0031,2021-09-16,1,0,0,True,0,1.000000000,1.000000000,1.000000000,0.935483871,0.283936267
AOI-0031,2021-10-01,1,0,0,False,-1,0.000000000,0.000000000,inf,0.925925926,0.315396287
AOI-0031,2021-10-09,1,1,0,True,0,1.000000000,1.000000000,1.000000000,0.674418605,0.714783355
AOI-0031,2021-10-14,1,0,0,True,0,1.000000000,1.000000000,1.000000000,0.880794702,0.390915195
AOI-0031,2021-10-16,1,2,2,True,0,1.000000000,1.000000000,1.000000000,0.739130435,0.736459897
AOI-0031,2022-05-12,1,0,0,True,0,1.000000000,1.000000000,1.000000000,0.981308411,0.105858397
AOI-0031,2022-05-17,1,1,1,True,0,1.000000000,1.000000000,1.000000000,0.957446809,0.205470750
AOI-0031,2022-05-24,1,0,0,False,-1,0.000000000,0.000000000,inf,0.894736842,0.409458619
AOI-0031,2022-05-28,1,1,1,True,0,1.000000000,1.000000000,1.000000000,0.970149254,0.154913925
AOI-0031,2022-06-06,1,0,0,False,-1,0.000000000,0.000000000,inf,0.899280576,0.352577827
AOI-0031,2022-07-28,1,0,2,True,0,1.000000000,1.000000000,1.000000000,0.623188406,0.911141142
AOI-0031,2022-08-02,1,0,0,False,-1,0.000000000,0.000000000,inf,0.925925926,0.315396287
AOI-0031,2022-08-24,1,1,1,False,-1,0.000000000,0.000000000,inf,0.960784314,0.192625738
AOI-0031,2022-10-04,1,0,0,True,0,1.000000000,1.000000000,1.000000000,0.866666667,0.485094091
AOI-0031,2022-10-14,1,0,0,True,0,1.000000000,1.000000000,1.000000000,0.985185185,0.087375267
AOI-0031,2023-04-17,1,0,0,True,0,1.000000000,1.000000000,1.000000000,0.978021978,0.120874486
AOI-0031,2023-05-04,1,0,1,True,0,1.000000000,1.000000000,1.000000000,0.620253165,0.719438059
AOI-0031,2023-05-31,1,1,1,True,0,1.000000000,1.000000000,1.000000000,0.968253968,0.162764794
AOI-0031,2023-06-13,1,0,0,False,-1,0.000000000,0.000000000,inf,0.913043478,0.355712860
AOI-0031,2023-06-25,1,1,1,False,-1,0.000000000,0.000000000,inf,0.953488372,0.220352331
AOI-0031,2023-07-01,1,0,0,False,-1,0.000000000,0.000000000,inf,0.725490196,0.658329468
AOI-0031,2023-07-22,1,1,1,True,0,1.000000000,1.000000000,1.000000000,0.968253968,0.162764794
AOI-0031,2023-09-01,1,1,1,False,-1,0.000000000,0.000000000,inf,0.633802817,0.716599487
AOI-0031,2023-09-29,1,0,0,True,0,1.000000000,1.000000000,1.000000000,0.661835749,0.665130698
AOI-0031,2023-10-07,1,1,0,True,0,1.000000000,1.000000000,1.000000000,0.827814570,0.487404918
AOI-0031,2023-10-16,1,2,2,False,-1,0.000000000,0.000000000,inf,0.733990148,0.661312463
AOI-0031,2024-04-23,1,0,0,True,0,1.000000000,1.000000000,1.000000000,0.491525424,0.767314425
AOI-0031,2024-05-10,1,1,1,True,0,1.000000000,1.000000000,1.000000000,0.935483871,0.283936267
AOI-0031,2024-05-18,1,0,1,True,0,1.000000000,1.000000000,1.000000000,0.548387097,0.804665640
AOI-0031,2024-05-21,1,0,0,False,-1,0.000000000,0.000000000,inf,0.983739837,0.094374144
AOI-0031,2024-06-19,1,1,1,True,0,1.000000000,1.000000000,1.000000000,0.935483871,0.283936267
AOI-0031,2024-07-11,1,2,2,True,0,1.000000000,1.000000000,1.000000000,0.804651163,0.625726548
AOI-0031,2024-07-12,1,1,1,False,-1,0.000000000,0.000000000,inf,0.559322034,0.757933289
AOI-0031,2024-07-27,1,0,1,True,0,1.000000000,1.000000000,1.000000000,0.477832512,0.998567745
AOI-0031,2024-09-06,1,1,0,True,0,1.000000000,1.000000000,1.000000000,0.708542714,0.628837152
AOI-0031,2024-09-08,1,0,0,True,0,1.000000000,1.000000000,1.000000000,0.984251969,0.091909786
AOI-0031,2024-10-09,1,1,1,True,0,1.000000000,1.000000000,1.000000000,0.866666667,0.485094091
AOI-0031,2024-10-25,1,0,0,True,0,1.000000000,1.000000000,1.000000000,0.806451613,0.578532844
AOI-0031,2025-06-05,1,0,0,True,0,1.000000000,1.000000000,1.000000000,0.984732824,0.089580528
AOI-0031,2025-06-17,1,0,0,True,0,1.000000000,1.000000000,1.000000000,0.966101695,0.171538761
AOI-0031,2025-06-22,1,0,0,True,0,1.000000000,1.000000000,1.000000000,0.894736842,0.409458619
AOI-0031,2025-08-01,1,0,0,True,0,1.000000000,1.000000000,1.000000000,0.743589744,0.652623178
AOI-0031,2025-08-24,1,0,0,True,1,1.000000000,1.000000000,2.000000000,0.980582524,0.109222462
AOI-0031,2025-09-05,1,0,0,True,1,1.000000000,1.000000000,2.000000000,0.971830986,0.147843978
AOI-0031,2025-09-12,1,0,0,True,0,1.000000000,1.000000000,1.000000000,0.925925926,0.315396287
AOI-0031,2025-09-25,1,0,0,True,0,1.000000000,1.000000000,1.000000000,0.837837838,0.478031285
AOI-0031,2025-09-26,1,1,0,True,0,1.000000000,1.000000000,1.000000000,0.832512315,0.474104342
AOI-0031,2025-10-16,1,2,0,True,1,1.000000000,1.000000000,2.000000000,0.578475336,0.768375239
AOI-0031,2025-10-25,1,0,0,False,-1,0.000000000,0.000000000,inf,0.714285714,0.796311640
AOI-0032,2010-04-25,1,1,1,True,0,1.000000000,1.000000000,1.000000000,0.968253968,0.162764794
AOI-0032,2010-06-26,1,2,2,False,-1,0.000000000,0.000000000,inf,0.989949749,0.063198621
AOI-0032,2010-07-15,1,1,1,True,0,1.000000000,1.000000000,1.000000000,0.935483871,0.283936267
AOI-0032,2010-07-28,1,2,2,True,0,1.000000000,1.000000000,1.000000000,0.515981735,0.718475108
AOI-0032,2010-09-01,1,1,1,True,0,1.000000000,1.000000000,1.000000000,0.935483871,0.283936267
AOI-0032,2011-06-23,1,1,1,False,-1,0.000000000,0.000000000,inf,0.935483871,0.283936267
AOI-0032,2011-08-02,1,1,1,False,-1,0.000000000,0.000000000,inf,0.963636364,0.181415523
AOI-0032,2011-08-11,1,1,1,False,-1,0.000000000,0.000000000,inf,0.925925926,0.315396287
AOI-0032,2011-08-13,1,2,2,True,0,1.000000000,1.000000000,1.000000000,0.990521327,0.060162121
AOI-0032,2012-04-15,1,1,1,False,-1,0.000000000,0.000000000,inf,0.925925926,0.315396287
AOI-0032,2012-07-20,1,1,1,False,-1,0.000000000,0.000000000,inf,0.925925926,0.315396287
AOI-0032,2012-08-28,1,1,2,True,0,1.000000000,1.000000000,1.000000000,0.694581281,0.640602776
AOI-0032,2013-04-26,1,1,1,True,0,1.000000000,1.000000000,1.000000000,0.935483871,0.283936267
AOI-0032,2013-05-03,1,1,1,True,0,1.000000000,1.000000000,1.000000000,0.966101695,0.171538761
AOI-0032,2013-06-29,1,1,1,True,0,1.000000000,1.000000000,1.000000000,0.935483871,0.283936267
AOI-0032,2013-07-12,1,2,2,True,0,1.000000000,1.000000000,1.000000000,0.567839196,0.711293868
AOI-0032,2013-10-16,1,2,2,False,-1,0.000000000,0.000000000,inf,0.587939698,0.704738333
AOI-0032,2014-05-15,1,1,1,True,0,1.000000000,1.000000000,1.000000000,0.935483871,0.283936267
AOI-0032,2014-05-22,1,1,1,True,0,1.000000000,1.000000000,1.000000000,0.942857143,0.258640932
AOI-0032,2014-06-07,1,1,1,True,0,1.000000000,1.000000000,1.000000000,0.968253968,0.162764794
AOI-0032,2014-06-23,1,1,1,False,-1,0.000000000,0.000000000,inf,0.966101695,0.171538761
AOI-0032,2014-09-04,1,1,1,False,-1,0.000000000,0.000000000,inf,0.913043478,0.355712860
AOI-0032,2014-09-27,1,1,1,True,0,1.000000000,1.000000000,1.000000000,0.966101695,0.171538761
AOI-0032,2015-04-08,1,1,1,True,0,1.000000000,1.000000000,1.000000000,0.935483871,0.283936267
AOI-0032,2015-05-26,1,1,1,True,0,1.000000000,1.000000000,1.000000000,0.935483871,0.283936267
AOI-0032,2015-06-27,1,1,1,True,0,1.000000000,1.000000000,1.000000000,0.925925926,0.315396287
AOI-0032,2015-08-14,1,1,1,True,0,1.000000000,1.000000000,1.000000000,0.935483871,0.283936267
AOI-0032,2015-08-21,1,1,1,True,0,1.000000000,1.000000000,1.000000000,0.968253968,0.162764794
AOI-0032,2015-10-01,1,1,1,True,0,1.000000000,1.000000000,1.000000000,0.935483871,0.283936267
AOI-0032,2016-05-24,1,2,2,False,-1,0.000000000,0.000000000,inf,0.916279070,0.305727510
AOI-0032,2016-06-21,1,1,1,True,0,1.000000000,1.000000000,1.000000000,0.935483871,0.283936267
AOI-0032,2016-07-31,1,1,1,True,0,1.000000000,1.000000000,1.000000000,0.935483871,0.283936267
AOI-0032,2016-09-08,1,1,1,True,0,1.000000000,1.000000000,1.000000000,0.970149254,0.154913925
AOI-0032,2016-10-19,1,1,1,True,0,1.000000000,1.000000000,1.000000000,0.935483871,0.283936267
AOI-0032,2017-04-03,1,0,0,True,0,1.000000000,1.000000000,1.000000000,0.600000000,0.709898090
AOI-0032,2017-04-07,1,2,2,True,0,1.000000000,1.000000000,1.000000000,0.990338164,0.061138862
AOI-0032,2017-04-12,1,1,1,True,0,1.000000000,1.000000000,1.000000000,0.966101695,0.171538761
AOI-0032,2017-05-30,1,1,1,False,-1,0.000000000,0.000000000,inf,0.963636364,0.181415523
AOI-0032,2017-06-08,1,1,1,False,-1,0.000000000,0.000000000,inf,0.925925926,0.315396287
AOI-0032,2017-08-06,1,0,0,False,-1,0.000000000,0.000000000,inf,0.982608696,0.099759750
AOI-0032,2017-08-13,1,2,2,False,-1,0.000000000,0.000000000,inf,0.871921182,0.403598106
AOI-0032,2018-04-23,1,2,2,False,-1,0.000000000,0.000000000,inf,0.970443350,0.146514727
AOI-0032,2018-06-11,1,1,1,False,-1,0.000000000,0.000000000,inf,0.925925926,0.315396287
AOI-0032,2018-06-14,1,0,0,False,-1,0.000000000,0.000000000,inf,0.925925926,0.315396287
AOI-0032,2018-06-27,1,1,1,True,0,1.000000000,1.000000000,1.000000000,0.925925926,0.315396287
AOI-0032,2018-07-12,1,1,2,True,0,1.000000000,1.000000000,1.000000000,0.739130435,0.598020854
AOI-0032,2018-09-15,1,0,0,True,0,1.000000000,1.000000000,1.000000000,0.684210526,0.765937337
AOI-0032,2019-05-28,1,0,0,False,-1,0.000000000,0.000000000,inf,0.983193277,0.096986095
AOI-0032,2019-05-29,1,1,1,True,0,1.000000000,1.000000000,1.000000000,0.568627451,0.763461902
AOI-0032,2019-06-04,1,1,1,False,-1,0.000000000,0.000000000,inf,0.795275591,0.540257419
AOI-0032,2019-06-10,1,2,0,True,0,1.000000000,1.000000000,1.000000000,0.735159817,0.601126410
AOI-0032,2019-06-27,1,0,0,True,0,1.000000000,1.000000000,1.000000000,0.633507853,0.684503769
AOI-0032,2019-07-24,1,0,0,True,0,1.000000000,1.000000000,1.000000000,0.866666667,0.485094091
AOI-0032,2019-07-31,1,1,1,True,0,1.000000000,1.000000000,1.000000000,0.971830986,0.147843978
AOI-0032,2019-08-01,1,0,0,True,0,1.000000000,1.000000000,1.000000000,0.986013986,0.083298165
AOI-0032,2019-08-11,1,0,0,True,0,1.000000000,1.000000000,1.000000000,0.985185185,0.087375267
AOI-0032,2019-08-13,1,0,2,True,0,1.000000000,1.000000000,1.000000000,0.637209302,0.894414026
AOI-0032,2019-08-31,1,0,0,False,-1,0.000000000,0.000000000,inf,0.984251969,0.091909786
AOI-0032,2019-09-01,1,1,1,True,0,1.000000000,1.000000000,1.000000000,0.721518987,0.643006163
AOI-0032,2020-04-04,1,0,0,True,0,1.000000000,1.000000000,1.000000000,0.481481481,0.825885633
AOI-0032,2020-04-06,1,2,2,True,0,1.000000000,1.000000000,1.000000000,0.991031390,0.057423085
AOI-0032,2020-04-12,1,0,0,True,0,1.000000000,1.000000000,1.000000000,0.984732824,0.089580528
AOI-0032,2020-06-15,1,1,1,False,-1,0.000000000,0.000000000,inf,0.866666667,0.485094091
AOI-0032,2020-07-02,1,1,1,True,0,1.000000000,1.000000000,1.000000000,0.568627451,0.763461902
AOI-0032,2020-07-16,1,0,0,True,0,1.000000000,1.000000000,1.000000000,0.951219512,0.216887283
AOI-0032,2020-07-27,1,2,2,False,-1,0.000000000,0.000000000,inf,0.909547739,0.322990305
AOI-0032,2020-08-02,1,0,0,True,0,1.000000000,1.000000000,1.000000000,0.568627451,0.763461902
AOI-0032,2020-08-18,1,1,0,True,0,1.000000000,1.000000000,1.000000000,0.711627907,0.624497062
AOI-0032,2020-08-30,1,0,0,True,0,1.000000000,1.000000000,1.000000000,0.986394558,0.081409508
AOI-0032,2020-09-21,1,0,0,True,0,1.000000000,1.000000000,1.000000000,0.935483871,0.283936267
AOI-0032,2020-10-09,1,0,0,True,0,1.000000000,1.000000000,1.000000000,0.985611511,0.085284100
AOI-0032,2020-10-21,1,1,1,False,-1,0.000000000,0.000000000,inf,0.559322034,0.757933289
AOI-0032,2021-04-22,1,0,0,False,-1,0.000000000,0.000000000,inf,0.718518519,0.628601240
AOI-0032,2021-06-10,1,2,2,True,0,1.000000000,1.000000000,1.000000000,0.838862559,0.462932768
AOI-0032,2021-07-11,1,0,0,True,0,1.000000000,1.000000000,1.000000000,0.880794702,0.390915195
AOI-0032,2021-07-12,1,1,2,True,0,1.000000000,1.000000000,1.000000000,0.632286996,0.866932213
AOI-0032,2021-07-13,1,0,0,True,0,1.000000000,1.000000000,1.000000000,0.935483871,0.283936267
AOI-0032,2021-08-10,1,0,0,True,0,1.000000000,1.000000000,1.000000000,0.866666667,0.485094091
AOI-0032,2021-08-29,1,1,2,True,0,1.000000000,1.000000000,1.000000000,0.700483092,0.635184019
AOI-0032,2021-10-01,1,0,0,False,-1,0.000000000,0.000000000,inf,0.925925926,0.315396287
AOI-0032,2021-10-26,1,0,0,False,-1,0.000000000,0.000000000,inf,0.913043478,0.355712860
AOI-0032,2022-04-12,1,0,0,True,0,1.000000000,1.000000000,1.000000000,0.970149254,0.154913925
AOI-0032,2022-06-21,1,0,0,False,-1,0.000000000,0.000000000,inf,0.894736842,0.370715018
AOI-0032,2022-06-26,1,2,2,True,0,1.000000000,1.000000000,1.000000000,0.874396135,0.439433173
AOI-0032,2022-07-12,1,1,1,False,-1,0.000000000,0.000000000,inf,0.584541063,0.885334099
AOI-0032,2022-07-21,1,0,0,True,0,1.000000000,1.000000000,1.000000000,0.600000000,0.709898090
AOI-0032,2022-08-05,1,1,0,True,0,1.000000000,1.000000000,1.000000000,0.513513514,0.737643772
AOI-0032,2022-09-29,1,0,0,False,-1,0.000000000,0.000000000,inf,0.982608696,0.099759750
AOI-0032,2022-09-30,1,1,2,True,0,1.000000000,1.000000000,1.000000000,0.739130435,0.598020854
AOI-0032,2022-10-01,1,0,1,True,0,1.000000000,1.000000000,1.000000000,0.756097561,0.591181657
AOI-0032,2023-05-02,1,0,0,True,0,1.000000000,1.000000000,1.000000000,0.935483871,0.283936267
AOI-0032,2023-06-09,1,1,0,True,0,1.000000000,1.000000000,1.000000000,0.617021277,0.747675135
AOI-0032,2023-06-13,1,0,0,False,-1,0.000000000,0.000000000,inf,0.913043478,0.355712860
AOI-0032,2023-06-25,1,1,1,False,-1,0.000000000,0.000000000,inf,0.953488372,0.220352331
AOI-0032,2023-07-23,1,0,0,True,0,1.000000000,1.000000000,1.000000000,0.806451613,0.578532844
AOI-0032,2023-08-27,1,0,1,True,0,1.000000000,1.000000000,1.000000000,0.523809524,0.761605701
AOI-0032,2023-09-28,1,1,1,True,0,1.000000000,1.000000000,1.000000000,0.966101695,0.171538761
AOI-0032,2023-09-30,1,2,2,False,-1,0.000000000,0.000000000,inf,0.913043478,0.314096510
AOI-0032,2023-10-11,1,0,1,True,0,1.000000000,1.000000000,1.000000000,0.806451613,0.519613528
AOI-0032,2023-10-16,1,2,2,False,-1,0.000000000,0.000000000,inf,0.733990148,0.661312463
AOI-0032,2023-10-30,1,1,1,True,0,1.000000000,1.000000000,1.000000000,0.960784314,0.192625738
AOI-0032,2024-05-08,1,2,2,True,0,1.000000000,1.000000000,1.000000000,0.911330049,0.318474676
AOI-0032,2024-05-21,1,0,0,False,-1,0.000000000,0.000000000,inf,0.983739837,0.094374144
AOI-0032,2024-05-23,1,0,1,True,0,1.000000000,1.000000000,1.000000000,0.747899160,0.601474619
AOI-0032,2024-06-12,1,0,0,False,-1,0.000000000,0.000000000,inf,0.818181818,0.600166073
AOI-0032,2024-06-30,1,0,0,True,0,1.000000000,1.000000000,1.000000000,0.983739837,0.094374144
AOI-0032,2024-07-04,1,1,1,True,0,1.000000000,1.000000000,1.000000000,0.942857143,0.258640932
AOI-0032,2024-07-20,1,0,0,True,0,1.000000000,1.000000000,1.000000000,0.984732824,0.089580528
AOI-0032,2024-07-21,1,1,1,True,0,1.000000000,1.000000000,1.000000000,0.674418605,0.714783355
AOI-0032,2024-08-16,1,0,0,False,-1,0.000000000,0.000000000,inf,0.925925926,0.315396287
AOI-0032,2024-08-21,1,0,1,True,0,1.000000000,1.000000000,1.000000000,0.523809524,0.761605701
AOI-0032,2024-09-22,1,1,1,True,0,1.000000000,1.000000000,1.000000000,0.968253968,0.162764794
AOI-0032,2025-04-07,1,2,2,True,0,2.000000000,1.000000000,1.000000000,0.950738916,0.212347715
AOI-0032,2025-04-26,1,0,0,False,-1,0.000000000,0.000000000,inf,0.739130435,0.691502198
AOI-0032,2025-06-07,1,0,0,True,0,2.000000000,1.000000000,1.000000000,0.986394558,0.081409508
AOI-0032,2025-06-15,1,0,0,True,0,1.000000000,1.000000000,1.000000000,0.973333333,0.141440924
AOI-0032,2025-06-21,1,1,1,True,0,1.000000000,1.000000000,1.000000000,0.777777778,0.586888119
AOI-0032,2025-07-16,1,1,1,True,0,2.000000000,1.000000000,1.000000000,0.617021277,0.747675135
AOI-0032,2025-07-23,1,1,0,True,0,2.000000000,1.000000000,1.000000000,0.765363128,0.571219093
AOI-0032,2025-09-14,1,2,2,True,0,1.000000000,1.000000000,1.000000000,0.771689498,0.559610189
AOI-0032,2025-09-23,1,0,0,True,0,2.000000000,1.000000000,1.000000000,0.689839572,0.646243791
AOI-0032,2025-10-04,1,1,1,True,0,2.000000000,1.000000000,1.000000000,0.745454545,0.632773251
AOI-0032,2025-10-16,1,2,0,True,0,1.000000000,1.000000000,1.000000000,0.578475336,0.768375239
AOI-0033,2025-05-23,1,0,0,True,0,1.000000000,1.000000000,1.000000000,0.948717949,0.237819011
AOI-0033,2025-05-25,1,2,2,True,0,2.000000000,1.000000000,1.000000000,0.838862559,0.462932768
AOI-0033,2025-06-05,1,0,0,True,0,2.000000000,1.000000000,1.000000000,0.984732824,0.089580528
AOI-0033,2025-06-25,1,0,0,True,0,1.000000000,1.000000000,1.000000000,0.942857143,0.258640932
AOI-0033,2025-06-27,1,0,0,True,0,2.000000000,1.000000000,1.000000000,0.639344262,0.682111711
AOI-0033,2025-06-30,1,0,0,True,1,2.000000000,1.000000000,2.000000000,0.984732824,0.089580528
AOI-0033,2025-07-28,1,2,0,True,0,1.000000000,1.000000000,1.000000000,0.739910314,0.595804393
AOI-0033,2025-08-09,1,0,0,True,0,1.000000000,1.000000000,1.000000000,0.987421384,0.076258973
AOI-0033,2025-08-16,1,0,0,True,0,1.000000000,1.000000000,1.000000000,0.985185185,0.087375267
AOI-0033,2025-08-31,1,0,1,True,1,1.000000000,1.000000000,2.000000000,0.756097561,0.591181657
AOI-0033,2025-09-14,1,2,2,True,0,1.000000000,1.000000000,1.000000000,0.771689498,0.559610189
AOI-0034,2025-04-11,1,0,0,True,2,1.000000000,1.000000000,3.000000000,0.966101695,0.171538761
AOI-0034,2025-04-23,1,0,2,True,0,2.000000000,1.000000000,1.000000000,0.668246445,0.864825637
AOI-0034,2025-05-20,1,1,1,True,1,2.000000000,1.000000000,2.000000000,0.966101695,0.171538761
AOI-0034,2025-05-23,1,0,0,True,0,1.000000000,1.000000000,1.000000000,0.948717949,0.237819011
AOI-0034,2025-06-07,1,0,0,True,0,1.000000000,1.000000000,1.000000000,0.986394558,0.081409508
AOI-0034,2025-06-30,1,0,0,True,0,1.000000000,1.000000000,1.000000000,0.984732824,0.089580528
AOI-0034,2025-07-08,1,1,0,True,0,1.000000000,1.000000000,1.000000000,0.826484018,0.482533258
AOI-0034,2025-07-28,1,2,0,True,0,1.000000000,1.000000000,1.000000000,0.739910314,0.595804393
AOI-0034,2025-07-31,1,1,1,True,0,1.000000000,1.000000000,1.000000000,0.600000000,0.746974627
AOI-0034,2025-08-13,1,2,2,True,0,2.000000000,1.000000000,1.000000000,0.753424658,0.581279608
AOI-0035,2025-05-01,1,0,0,True,0,1.000000000,1.000000000,1.000000000,0.907949791,0.324276536
AOI-0035,2025-05-04,1,1,0,True,0,2.000000000,1.000000000,1.000000000,0.639344262,0.682111711
AOI-0035,2025-05-09,1,2,2,True,1,1.000000000,1.000000000,2.000000000,0.824267782,0.484632634
AOI-0035,2025-06-26,1,2,2,True,0,2.000000000,1.000000000,1.000000000,0.990697674,0.059218348
AOI-0035,2025-07-08,1,1,0,True,0,1.000000000,1.000000000,1.000000000,0.826484018,0.482533258
AOI-0035,2025-07-10,1,0,0,True,0,1.000000000,1.000000000,1.000000000,0.990521327,0.060162121
AOI-0035,2025-07-14,1,0,1,True,0,2.000000000,1.000000000,1.000000000,0.734265734,0.611307571
AOI-0035,2025-07-25,1,0,0,True,0,2.000000000,1.000000000,1.000000000,0.986754967,0.079610965
AOI-0035,2025-09-12,1,0,0,True,0,2.000000000,1.000000000,1.000000000,0.925925926,0.315396287
AOI-0035,2025-09-17,1,1,1,True,0,2.000000000,1.000000000,1.000000000,0.971830986,0.147843978
AOI-0035,2025-10-22,1,0,0,True,0,2.000000000,1.000000000,1.000000000,0.894736842,0.409458619
AOI-0036,2025-05-01,1,0,0,True,1,1.000000000,1.000000000,2.000000000,0.907949791,0.324276536
AOI-0036,2025-05-09,1,2,2,True,2,2.000000000,1.000000000,3.000000000,0.824267782,0.484632634
AOI-0036,2025-05-25,1,2,2,True,0,1.000000000,1.000000000,1.000000000,0.838862559,0.462932768
AOI-0036,2025-06-05,1,0,0,True,1,1.000000000,1.000000000,2.000000000,0.984732824,0.089580528
AOI-0036,2025-06-25,1,0,0,True,2,1.000000000,1.000000000,4.000000000,0.942857143,0.258640932
AOI-0036,2025-07-17,1,0,0,True,0,1.000000000,1.000000000,1.000000000,0.981981982,0.102711110
AOI-0036,2025-08-06,1,0,0,True,0,1.000000000,1.000000000,1.000000000,0.668246445,0.660253900
AOI-0036,2025-08-14,1,0,0,True,0,1.000000000,1.000000000,1.000000000,0.717791411,0.624583560
AOI-0036,2025-08-16,1,0,0,True,0,1.000000000,1.000000000,1.000000000,0.985185185,0.087375267
AOI-0036,2025-09-02,1,1,1,True,0,1.000000000,1.000000000,1.000000000,0.953488372,0.220352331
AOI-0036,2025-09-25,1,0,0,True,0,1.000000000,1.000000000,1.000000000,0.837837838,0.478031285
AOI-0036,2025-10-16,1,2,0,True,0,1.000000000,1.000000000,1.000000000,0.578475336,0.768375239
AOI-0037,2025-05-01,1,0,0,True,0,1.000000000,1.000000000,1.000000000,0.907949791,0.324276536
AOI-0037,2025-05-20,1,1,1,True,0,1.000000000,1.000000000,1.000000000,0.966101695,0.171538761
AOI-0037,2025-06-07,1,0,0,True,0,1.000000000,1.000000000,1.000000000,0.986394558,0.081409508
AOI-0037,2025-07-05,1,0,0,True,1,1.000000000,1.000000000,2.000000000,0.684210526,0.652775710
AOI-0037,2025-07-15,1,1,0,True,1,1.000000000,1.000000000,2.000000000,0.952755906,0.211605625
AOI-0037,2025-07-28,1,2,0,True,0,1.000000000,1.000000000,1.000000000,0.739910314,0.595804393
AOI-0037,2025-08-01,1,0,0,True,0,1.000000000,1.000000000,1.000000000,0.743589744,0.652623178
AOI-0037,2025-08-13,1,2,2,True,0,1.000000000,1.000000000,1.000000000,0.753424658,0.581279608
AOI-0037,2025-10-02,1,0,1,True,0,1.000000000,1.000000000,1.000000000,0.826771654,0.492999622
AOI-0037,2025-10-08,1,0,0,True,2,2.000000000,1.000000000,3.000000000,0.987421384,0.076258973
AOI-0038,2025-04-18,1,0,0,True,0,1.000000000,1.000000000,1.000000000,0.986394558,0.081409508
AOI-0038,2025-04-28,1,0,0,True,0,1.000000000,1.000000000,1.000000000,0.980582524,0.109222462
AOI-0038,2025-07-05,1,0,0,True,0,1.000000000,1.000000000,1.000000000,0.684210526,0.652775710
AOI-0038,2025-07-22,1,0,1,True,0,1.000000000,1.000000000,1.000000000,0.734939759,0.627295103
AOI-0038,2025-07-31,1,1,1,True,0,1.000000000,1.000000000,1.000000000,0.600000000,0.746974627
AOI-0038,2025-08-24,1,0,0,True,0,1.000000000,1.000000000,1.000000000,0.980582524,0.109222462
AOI-0038,2025-09-08,1,0,0,True,0,1.000000000,1.000000000,1.000000000,0.920704846,0.294058011
AOI-0038,2025-09-13,1,0,0,True,0,1.000000000,1.000000000,1.000000000,0.987096774,0.077896072
AOI-0038,2025-09-23,1,0,0,True,0,1.000000000,1.000000000,1.000000000,0.689839572,0.646243791
AOI-0038,2025-09-25,1,0,0,True,0,2.000000000,1.000000000,1.000000000,0.837837838,0.478031285
AOI-0038,2025-10-04,1,1,1,True,0,2.000000000,1.000000000,1.000000000,0.745454545,0.632773251
AOI-0039,2025-04-18,1,0,0,True,0,1.000000000,1.000000000,1.000000000,0.986394558,0.081409508
AOI-0039,2025-05-16,1,0,0,True,0,1.000000000,1.000000000,1.000000000,0.986754967,0.079610965
AOI-0039,2025-05-25,1,2,2,True,0,2.000000000,1.000000000,1.000000000,0.838862559,0.462932768
AOI-0039,2025-06-04,1,0,1,True,0,1.000000000,1.000000000,1.000000000,0.729032258,0.614707193
AOI-0039,2025-06-05,1,0,0,True,0,2.000000000,1.000000000,1.000000000,0.984732824,0.089580528
AOI-0039,2025-06-10,1,0,0,True,0,2.000000000,1.000000000,1.000000000,0.533039648,0.715890578
AOI-0039,2025-06-21,1,1,1,True,0,2.000000000,1.000000000,1.000000000,0.777777778,0.586888119
AOI-0039,2025-07-12,1,0,2,True,0,2.000000000,1.000000000,1.000000000,0.556485356,0.982705973
AOI-0039,2025-07-22,1,0,1,True,0,1.000000000,1.000000000,1.000000000,0.734939759,0.627295103
AOI-0039,2025-08-23,1,0,1,True,0,2.000000000,1.000000000,1.000000000,0.726618705,0.619861451
AOI-0039,2025-10-08,1,0,0,True,0,1.000000000,1.000000000,1.000000000,0.987421384,0.076258973
AOI-0040,2025-05-16,1,0,0,True,1,2.000000000,1.000000000,2.000000000,0.986754967,0.079610965
AOI-0040,2025-06-04,1,0,1,True,0,1.000000000,1.000000000,1.000000000,0.729032258,0.614707193
AOI-0040,2025-06-06,1,1,1,True,1,2.000000000,1.000000000,2.000000000,0.641025641,0.745196588
AOI-0040,2025-06-27,1,0,0,True,0,1.000000000,1.000000000,1.000000000,0.639344262,0.682111711
AOI-0040,2025-06-30,1,0,0,True,0,2.000000000,1.000000000,1.000000000,0.984732824,0.089580528
AOI-0040,2025-07-30,1,0,0,True,0,2.000000000,1.000000000,1.000000000,0.992395437,0.049949369
AOI-0040,2025-08-04,1,0,0,True,0,1.000000000,1.000000000,1.000000000,0.953488372,0.220352331
AOI-0040,2025-08-25,1,1,1,True,0,1.000000000,1.000000000,1.000000000,0.953488372,0.220352331
AOI-0040,2025-08-31,1,0,1,True,0,2.000000000,1.000000000,1.000000000,0.756097561,0.591181657
AOI-0040,2025-10-16,1,2,0,True,0,2.000000000,1.000000000,1.000000000,0.578475336,0.768375239
AOI-0040,2025-10-27,1,1,1,True,0,2.000000000,1.000000000,1.000000000,0.973333333,0.141440924
AOI-0041,2025-04-19,1,1,0,True,0,1.000000000,1.000000000,1.000000000,0.801047120,0.523158429
AOI-0041,2025-05-04,1,1,0,True,0,1.000000000,1.000000000,1.000000000,0.639344262,0.682111711
AOI-0041,2025-06-06,1,1,1,True,0,1.000000000,1.000000000,1.000000000,0.641025641,0.745196588
AOI-0041,2025-07-02,1,0,0,True,0,2.000000000,1.000000000,1.000000000,0.948717949,0.237819011
AOI-0041,2025-07-16,1,1,1,True,0,1.000000000,1.000000000,1.000000000,0.617021277,0.747675135
AOI-0041,2025-07-28,1,2,0,True,0,2.000000000,1.000000000,1.000000000,0.739910314,0.595804393
AOI-0041,2025-07-31,1,1,1,True,2,2.000000000,1.000000000,3.000000000,0.600000000,0.746974627
AOI-0041,2025-08-23,1,0,1,True,0,2.000000000,1.000000000,1.000000000,0.726618705,0.619861451
AOI-0041,2025-08-24,1,0,0,True,0,1.000000000,1.000000000,1.000000000,0.980582524,0.109222462
AOI-0041,2025-08-25,1,1,1,True,0,1.000000000,1.000000000,1.000000000,0.953488372,0.220352331
AOI-0041,2025-09-17,1,1,1,True,0,1.000000000,1.000000000,1.000000000,0.971830986,0.147843978
AOI-0041,2025-09-23,1,0,0,True,0,2.000000000,1.000000000,1.000000000,0.689839572,0.646243791
AOI-0042,2025-04-19,1,0,0,True,0,1.000000000,1.000000000,1.000000000,0.801047120,0.523158429
AOI-0042,2025-05-08,1,0,0,True,0,2.000000000,1.000000000,1.000000000,0.971830986,0.147843978
AOI-0042,2025-06-10,1,0,0,True,0,2.000000000,1.000000000,1.000000000,0.533039648,0.715890578
AOI-0042,2025-06-14,1,1,1,True,0,1.000000000,1.000000000,1.000000000,0.894736842,0.409458619
AOI-0042,2025-06-30,1,0,0,True,0,2.000000000,1.000000000,1.000000000,0.984732824,0.089580528
AOI-0042,2025-07-05,1,0,0,True,0,1.000000000,1.000000000,1.000000000,0.684210526,0.652775710
AOI-0042,2025-07-07,1,0,0,True,0,1.000000000,1.000000000,1.000000000,0.985185185,0.087375267
AOI-0042,2025-07-22,1,1,1,True,5,10.000000000,0.700000000,1.000000000,0.734939759,0.627295103
AOI-0042,2025-08-13,1,2,2,True,0,2.000000000,1.000000000,1.000000000,0.753424658,0.581279608
AOI-0042,2025-09-12,1,0,0,True,0,1.000000000,1.000000000,1.000000000,0.925925926,0.315396287
AOI-0042,2025-09-30,1,2,2,True,0,1.000000000,1.000000000,1.000000000,0.917808219,0.301725093
AOI-0043,2025-04-07,1,2,2,True,0,2.000000000,1.000000000,1.000000000,0.950738916,0.212347715
AOI-0043,2025-04-18,1,0,0,True,0,1.000000000,1.000000000,1.000000000,0.986394558,0.081409508
AOI-0043,2025-04-28,1,0,0,True,0,1.000000000,1.000000000,1.000000000,0.980582524,0.109222462
AOI-0043,2025-06-03,1,0,0,True,2,1.000000000,1.000000000,4.000000000,0.986754967,0.079610965
AOI-0043,2025-07-03,1,0,0,True,2,1.000000000,1.000000000,4.000000000,0.963636364,0.181415523
AOI-0043,2025-07-05,1,0,0,True,0,1.000000000,1.000000000,1.000000000,0.684210526,0.652775710
AOI-0043,2025-07-06,1,1,1,True,1,1.000000000,1.000000000,2.000000000,0.843478261,0.467440026
AOI-0043,2025-07-27,1,0,0,True,0,1.000000000,1.000000000,1.000000000,0.973333333,0.141440924
AOI-0043,2025-08-17,1,1,0,True,1,1.000000000,1.000000000,2.000000000,0.801047120,0.523158429
AOI-0043,2025-08-24,1,0,0,True,0,1.000000000,1.000000000,1.000000000,0.980582524,0.109222462
AOI-0043,2025-09-15,1,0,0,True,0,1.000000000,1.000000000,1.000000000,0.687203791,0.645879152
AOI-0043,2025-09-23,1,0,0,True,0,1.000000000,1.000000000,1.000000000,0.689839572,0.646243791
AOI-0044,2010-07-28,1,2,2,True,1,1.000000000,1.000000000,2.000000000,0.515981735,0.718475108
AOI-0044,2010-08-07,1,1,1,False,-1,0.000000000,0.000000000,inf,0.963636364,0.181415523
AOI-0044,2010-08-29,1,2,2,True,1,1.000000000,1.000000000,2.000000000,0.527638191,0.719447590
AOI-0044,2010-09-30,1,2,2,True,1,1.000000000,1.000000000,2.000000000,0.990147783,0.062150380
AOI-0044,2011-06-15,1,1,1,True,5,1.000000000,1.000000000,23.000000000,0.942857143,0.258640932
AOI-0044,2011-06-22,1,1,1,True,1,1.000000000,1.000000000,2.000000000,0.981981982,0.102711110
AOI-0044,2011-07-09,1,1,1,True,1,1.000000000,1.000000000,2.000000000,0.963636364,0.181415523
AOI-0044,2011-08-18,1,1,1,True,1,1.000000000,1.000000000,2.000000000,0.953488372,0.220352331
AOI-0044,2011-08-26,1,1,1,True,1,1.000000000,1.000000000,2.000000000,0.968253968,0.162764794
AOI-0044,2011-09-18,1,1,1,True,5,2.000000000,1.000000000,23.000000000,0.980582524,0.109222462
AOI-0044,2012-04-13,1,1,1,True,5,2.000000000,1.000000000,23.000000000,0.973333333,0.141440924
AOI-0044,2012-09-20,1,1,1,True,1,1.000000000,1.000000000,2.000000000,0.980582524,0.109222462
AOI-0044,2012-10-06,1,1,1,True,1,1.000000000,1.000000000,2.000000000,0.975903614,0.130281794
AOI-0044,2013-05-09,1,2,2,True,5,1.000000000,1.000000000,23.000000000,0.547738693,0.716191478
AOI-0044,2013-05-25,1,2,2,True,1,1.000000000,1.000000000,2.000000000,0.823255814,0.487928887
AOI-0044,2013-06-27,1,1,1,True,5,1.000000000,1.000000000,23.000000000,0.980582524,0.109222462
AOI-0044,2013-08-29,1,2,2,True,1,1.000000000,1.000000000,2.000000000,0.990147783,0.062150380
AOI-0044,2013-09-14,1,2,2,True,1,1.000000000,1.000000000,2.000000000,0.989949749,0.063198621
AOI-0044,2014-04-27,1,1,1,True,5,1.000000000,1.000000000,23.000000000,0.980582524,0.109222462
AOI-0044,2014-06-26,1,2,2,True,1,1.000000000,1.000000000,2.000000000,0.990147783,0.062150380
AOI-0044,2014-07-01,1,1,1,False,-1,0.000000000,0.000000000,inf,0.963636364,0.181415523
AOI-0044,2014-07-17,1,1,1,True,1,1.000000000,1.000000000,2.000000000,0.963636364,0.181415523
AOI-0044,2014-07-24,1,1,1,True,1,1.000000000,1.000000000,2.000000000,0.982608696,0.099759750
AOI-0044,2014-08-18,1,1,1,True,1,1.000000000,1.000000000,2.000000000,0.970149254,0.154913925
AOI-0044,2015-04-23,1,1,2,True,1,1.000000000,1.000000000,2.000000000,0.730232558,0.606524011
AOI-0044,2015-05-09,1,2,2,True,1,1.000000000,1.000000000,2.000000000,0.990338164,0.061138862
AOI-0044,2015-05-16,1,1,1,True,1,1.000000000,1.000000000,2.000000000,0.953488372,0.220352331
AOI-0044,2015-09-06,1,1,1,True,1,1.000000000,1.000000000,2.000000000,0.970149254,0.154913925
AOI-0044,2015-10-07,1,1,1,True,5,2.000000000,1.000000000,23.000000000,0.973333333,0.141440924
AOI-0044,2016-04-01,1,1,1,False,-1,0.000000000,0.000000000,inf,0.935483871,0.283936267
AOI-0044,2016-04-06,1,2,2,True,5,2.000000000,1.000000000,23.000000000,0.869346734,0.408926224
AOI-0044,2016-05-02,1,1,1,False,-1,0.000000000,0.000000000,inf,0.971830986,0.147843978
AOI-0044,2016-06-12,1,1,1,True,5,2.000000000,1.000000000,23.000000000,0.957446809,0.205470750
AOI-0044,2016-08-12,1,2,2,True,1,1.000000000,1.000000000,2.000000000,0.744075829,0.592350727
AOI-0044,2016-10-18,1,1,1,True,1,1.000000000,1.000000000,2.000000000,0.968253968,0.162764794
AOI-0044,2017-04-07,1,2,2,True,1,1.000000000,1.000000000,2.000000000,0.990338164,0.061138862
AOI-0044,2017-05-30,1,1,1,True,1,1.000000000,1.000000000,2.000000000,0.963636364,0.181415523
AOI-0044,2017-06-06,1,1,1,True,1,1.000000000,1.000000000,2.000000000,0.979797980,0.112827275
AOI-0044,2017-07-02,1,0,0,True,5,2.000000000,1.000000000,23.000000000,0.984251969,0.091909786
AOI-0044,2017-07-27,1,0,0,True,1,1.000000000,1.000000000,2.000000000,0.985611511,0.085284100
AOI-0044,2017-08-01,1,0,0,True,1,1.000000000,1.000000000,2.000000000,0.909909910,0.332032964
AOI-0044,2017-08-21,1,0,0,True,5,1.000000000,1.000000000,23.000000000,0.982608696,0.099759750
AOI-0044,2017-09-27,1,1,1,True,1,1.000000000,1.000000000,2.000000000,0.960784314,0.192625738
AOI-0044,2018-04-23,1,2,2,True,1,1.000000000,1.000000000,2.000000000,0.970443350,0.146514727
AOI-0044,2018-04-30,1,1,1,True,1,1.000000000,1.000000000,2.000000000,0.984251969,0.091909786
AOI-0044,2018-07-11,1,1,1,True,1,1.000000000,1.000000000,2.000000000,0.977011494,0.125386776
AOI-0044,2018-07-28,1,2,2,True,1,1.000000000,1.000000000,2.000000000,0.917808219,0.301725093
AOI-0044,2018-09-06,1,1,1,True,1,1.000000000,1.000000000,2.000000000,0.966101695,0.171538761
AOI-0044,2018-09-29,1,1,1,True,1,1.000000000,1.000000000,2.000000000,0.978021978,0.120874486
AOI-0044,2018-10-07,1,1,1,True,1,1.000000000,1.000000000,2.000000000,0.823129252,0.495449242
AOI-0044,2019-05-19,1,1,1,True,5,2.000000000,1.000000000,23.000000000,0.858585859,0.443910775
AOI-0044,2019-05-20,1,1,1,True,1,1.000000000,1.000000000,2.000000000,0.523809524,0.761605701
AOI-0044,2019-06-05,1,1,0,True,1,1.000000000,1.000000000,2.000000000,0.737142857,0.603553904
AOI-0044,2019-06-10,1,2,0,True,1,1.000000000,1.000000000,2.000000000,0.735159817,0.601126410
AOI-0044,2019-06-26,1,2,2,True,1,1.000000000,1.000000000,2.000000000,0.753424658,0.581279608
AOI-0044,2019-07-14,1,1,1,True,1,1.000000000,1.000000000,2.000000000,0.795275591,0.540257419
AOI-0044,2019-09-17,1,1,0,True,5,1.000000000,1.000000000,23.000000000,0.491525424,0.767314425
AOI-0044,2019-09-25,1,0,0,True,1,1.000000000,1.000000000,2.000000000,0.982608696,0.099759750
AOI-0044,2019-10-02,1,1,1,True,1,1.000000000,1.000000000,2.000000000,0.714285714,0.636181423
AOI-0044,2019-10-25,1,0,0,True,1,1.000000000,1.000000000,2.000000000,0.613445378,0.707666760
AOI-0044,2020-04-03,1,1,1,True,1,1.000000000,1.000000000,2.000000000,0.848739496,0.457343669
AOI-0044,2020-04-07,1,0,0,True,5,2.000000000,1.000000000,23.000000000,0.985611511,0.085284100
AOI-0044,2020-07-06,1,0,0,True,1,1.000000000,1.000000000,2.000000000,0.772455090,0.563983256
AOI-0044,2020-07-11,1,0,0,True,1,1.000000000,1.000000000,2.000000000,0.625570776,0.685931235
AOI-0044,2020-07-24,1,1,0,True,1,1.000000000,1.000000000,2.000000000,0.780645161,0.555196694
AOI-0044,2020-07-26,1,0,0,True,1,1.000000000,1.000000000,2.000000000,0.983193277,0.096986095
AOI-0044,2020-08-02,1,0,0,False,-1,0.000000000,0.000000000,inf,0.568627451,0.763461902
AOI-0044,2020-09-04,1,0,0,True,1,1.000000000,1.000000000,2.000000000,0.984251969,0.091909786
AOI-0044,2020-09-18,1,1,1,True,1,1.000000000,1.000000000,2.000000000,0.980582524,0.109222462
AOI-0044,2021-07-11,1,0,0,True,5,2.000000000,1.000000000,23.000000000,0.880794702,0.390915195
AOI-0044,2021-07-20,1,1,1,True,1,1.000000000,1.000000000,2.000000000,0.970149254,0.154913925
AOI-0044,2021-07-28,1,1,2,True,5,2.000000000,1.000000000,23.000000000,0.725118483,0.778587232
AOI-0044,2021-08-13,1,2,2,True,5,1.000000000,1.000000000,24.000000000,0.887179487,0.428697976
AOI-0044,2021-09-14,1,0,0,True,1,1.000000000,1.000000000,2.000000000,0.625570776,0.685931235
AOI-0044,2021-10-08,1,1,1,True,1,1.000000000,1.000000000,2.000000000,0.970149254,0.154913925
AOI-0044,2022-04-07,1,0,0,True,1,1.000000000,1.000000000,2.000000000,0.637209302,0.866329748
AOI-0044,2022-04-17,1,1,1,True,1,1.000000000,1.000000000,2.000000000,0.669902913,0.678048422
AOI-0044,2022-06-26,1,2,2,True,1,1.000000000,1.000000000,2.000000000,0.874396135,0.439433173
AOI-0044,2022-06-28,1,1,1,True,5,1.000000000,1.000000000,24.000000000,0.925925926,0.315396287
AOI-0044,2022-07-14,1,1,0,True,1,1.000000000,1.000000000,2.000000000,0.808695652,0.523482354
AOI-0044,2022-07-31,1,0,0,True,1,1.000000000,1.000000000,2.000000000,0.949579832,0.222467921
AOI-0044,2022-08-08,1,1,0,True,1,1.000000000,1.000000000,2.000000000,0.726775956,0.613225887
AOI-0044,2022-08-23,1,1,0,True,1,1.000000000,1.000000000,2.000000000,0.820359281,0.497101801
AOI-0044,2022-10-17,1,1,0,True,1,1.000000000,1.000000000,2.000000000,0.693251534,0.646547636
AOI-0044,2023-05-06,1,1,1,True,5,2.000000000,1.000000000,23.000000000,0.980582524,0.109222462
AOI-0044,2023-05-12,1,0,0,True,1,1.000000000,1.000000000,2.000000000,0.732620321,0.606848823
AOI-0044,2023-07-06,1,0,0,True,5,2.000000000,1.000000000,23.000000000,0.985185185,0.087375267
AOI-0044,2023-07-18,1,1,1,True,1,1.000000000,1.000000000,2.000000000,0.523809524,0.761605701
AOI-0044,2023-07-26,1,0,0,True,1,1.000000000,1.000000000,2.000000000,0.952755906,0.211605625
AOI-0044,2023-07-28,1,2,2,True,1,1.000000000,1.000000000,2.000000000,0.990867580,0.058305859
AOI-0044,2023-08-11,1,1,1,True,1,1.000000000,1.000000000,2.000000000,0.866666667,0.436018864
AOI-0044,2023-08-20,1,0,0,True,1,1.000000000,1.000000000,2.000000000,0.986013986,0.083298165
AOI-0044,2023-08-29,1,2,2,True,1,1.000000000,1.000000000,2.000000000,0.990697674,0.059218348
AOI-0044,2023-10-06,1,1,0,True,1,1.000000000,1.000000000,2.000000000,0.559322034,0.757933289
AOI-0044,2024-04-07,1,1,1,True,1,1.000000000,1.000000000,2.000000000,0.747126437,0.612228306
AOI-0044,2024-04-23,1,1,0,True,1,1.000000000,1.000000000,2.000000000,0.491525424,0.767314425
AOI-0044,2024-06-15,1,0,0,True,1,1.000000000,1.000000000,2.000000000,0.801801802,0.534542741
AOI-0044,2024-06-25,1,2,2,False,-1,0.000000000,0.000000000,23.000000000,0.497630332,0.880095426
AOI-0044,2024-07-12,1,1,1,True,1,1.000000000,1.000000000,2.000000000,0.559322034,0.757933289
AOI-0044,2024-07-19,1,1,1,True,5,2.000000000,1.000000000,23.000000000,0.980582524,0.109222462
AOI-0044,2024-08-04,1,0,0,True,5,1.000000000,1.000000000,24.000000000,0.810526316,0.526112214
AOI-0044,2024-09-14,1,1,1,True,1,1.000000000,1.000000000,2.000000000,0.734939759,0.627295103
AOI-0044,2024-10-08,1,0,0,True,1,1.000000000,1.000000000,2.000000000,0.931034483,0.282027991
AOI-0044,2025-04-16,1,0,0,True,0,2.000000000,1.000000000,1.000000000,0.806451613,0.519613528
AOI-0044,2025-05-03,1,1,1,True,0,2.000000000,1.000000000,1.000000000,0.978021978,0.120874486
AOI-0044,2025-05-27,1,1,1,True,0,2.000000000,1.000000000,1.000000000,0.975903614,0.130281794
AOI-0044,2025-06-05,1,0,0,True,0,2.000000000,1.000000000,1.000000000,0.984732824,0.089580528
AOI-0044,2025-06-15,1,0,0,True,1,1.000000000,1.000000000,2.000000000,0.973333333,0.141440924
AOI-0044,2025-06-21,1,1,1,True,0,1.000000000,1.000000000,1.000000000,0.777777778,0.586888119
AOI-0044,2025-06-25,1,0,0,True,2,1.000000000,1.000000000,4.000000000,0.942857143,0.258640932
AOI-0044,2025-06-26,1,2,2,True,0,2.000000000,1.000000000,1.000000000,0.990697674,0.059218348
AOI-0044,2025-06-27,1,0,0,True,0,1.000000000,1.000000000,1.000000000,0.639344262,0.682111711
AOI-0044,2025-08-23,1,1,1,True,0,1.000000000,1.000000000,1.000000000,0.726618705,0.619861451
AOI-0044,2025-10-02,1,1,1,True,0,2.000000000,1.000000000,1.000000000,0.826771654,0.492999622
AOI-0045,2025-04-07,1,2,2,True,0,1.000000000,1.000000000,1.000000000,0.950738916,0.212347715
AOI-0045,2025-04-23,1,2,2,True,0,2.000000000,1.000000000,1.000000000,0.668246445,0.864825637
AOI-0045,2025-04-28,1,0,0,True,2,3.000000000,1.000000000,3.000000000,0.980582524,0.109222462
AOI-0045,2025-05-04,1,1,0,True,0,2.000000000,1.000000000,1.000000000,0.639344262,0.682111711
AOI-0045,2025-06-04,1,1,1,True,0,2.000000000,1.000000000,1.000000000,0.729032258,0.614707193
AOI-0045,2025-07-28,1,2,0,True,0,2.000000000,1.000000000,1.000000000,0.739910314,0.595804393
AOI-0045,2025-08-23,1,1,1,True,0,1.000000000,1.000000000,1.000000000,0.726618705,0.619861451
AOI-0045,2025-09-01,1,1,0,True,0,2.000000000,1.000000000,1.000000000,0.691629956,0.640879796
AOI-0045,2025-09-24,1,1,1,True,0,1.000000000,1.000000000,1.000000000,0.737373737,0.618600306
AOI-0045,2025-10-08,1,0,0,True,0,2.000000000,1.000000000,1.000000000,0.987421384,0.076258973
AOI-0046,2010-05-25,1,2,2,True,1,1.000000000,1.000000000,2.000000000,0.991341991,0.055740919
AOI-0046,2010-06-20,1,1,1,False,-1,0.000000000,0.000000000,inf,0.960784314,0.192625738
AOI-0046,2010-08-07,1,1,1,False,-1,0.000000000,0.000000000,inf,0.963636364,0.181415523
AOI-0046,2010-08-23,1,1,1,True,1,1.000000000,1.000000000,2.000000000,0.968253968,0.162764794
AOI-0046,2010-08-30,1,1,1,True,1,1.000000000,1.000000000,2.000000000,0.983193277,0.096986095
AOI-0046,2011-06-06,1,1,1,True,1,1.000000000,1.000000000,2.000000000,0.984251969,0.091909786
AOI-0046,2011-06-23,1,1,1,True,1,1.000000000,1.000000000,2.000000000,0.935483871,0.283936267
AOI-0046,2011-07-01,1,1,1,True,1,1.000000000,1.000000000,2.000000000,0.971830986,0.147843978
AOI-0046,2011-07-16,1,1,1,True,5,1.000000000,1.000000000,21.000000000,0.970149254,0.154913925
AOI-0046,2011-08-02,1,1,1,True,5,2.000000000,1.000000000,21.000000000,0.963636364,0.181415523
AOI-0046,2011-09-18,1,1,1,True,5,2.000000000,1.000000000,21.000000000,0.980582524,0.109222462
AOI-0046,2012-04-13,1,1,1,True,5,2.000000000,1.000000000,21.000000000,0.973333333,0.141440924
AOI-0046,2012-05-08,1,2,2,True,5,1.000000000,1.000000000,22.000000000,0.972093023,0.139963385
AOI-0046,2012-07-11,1,2,2,True,1,1.000000000,1.000000000,2.000000000,0.990697674,0.059218348
AOI-0046,2013-04-16,1,1,1,True,1,1.000000000,1.000000000,2.000000000,0.981981982,0.102711110
AOI-0046,2013-06-28,1,1,1,True,1,1.000000000,1.000000000,2.000000000,0.968253968,0.162764794
AOI-0046,2013-08-14,1,1,1,True,1,1.000000000,1.000000000,2.000000000,0.977011494,0.125386776
AOI-0046,2013-08-30,1,1,1,False,-1,0.000000000,0.000000000,inf,0.971830986,0.147843978
AOI-0046,2013-10-16,1,2,2,True,1,1.000000000,1.000000000,2.000000000,0.587939698,0.704738333
AOI-0046,2014-04-27,1,1,1,True,5,1.000000000,1.000000000,21.000000000,0.980582524,0.109222462
AOI-0046,2014-05-14,1,1,1,True,1,1.000000000,1.000000000,2.000000000,0.894736842,0.409458619
AOI-0046,2014-07-16,1,1,1,True,1,1.000000000,1.000000000,2.000000000,0.980582524,0.109222462
AOI-0046,2014-08-17,1,1,1,True,1,1.000000000,1.000000000,2.000000000,0.981308411,0.105858397
AOI-0046,2014-09-18,1,1,1,True,5,2.000000000,1.000000000,21.000000000,0.981981982,0.102711110
AOI-0046,2014-10-29,1,1,1,False,-1,0.000000000,0.000000000,inf,0.963636364,0.181415523
AOI-0046,2015-04-14,1,1,1,True,1,1.000000000,1.000000000,2.000000000,0.981308411,0.105858397
AOI-0046,2015-05-25,1,1,2,True,1,1.000000000,1.000000000,2.000000000,0.744493392,0.590558806
AOI-0046,2015-07-19,1,1,1,True,1,1.000000000,1.000000000,2.000000000,0.979797980,0.112827275
AOI-0046,2015-08-20,1,1,1,True,1,1.000000000,1.000000000,2.000000000,0.975903614,0.130281794
AOI-0046,2015-10-07,1,1,1,True,5,2.000000000,1.000000000,21.000000000,0.973333333,0.141440924
AOI-0046,2016-04-06,1,2,2,True,5,2.000000000,1.000000000,21.000000000,0.869346734,0.408926224
AOI-0046,2016-06-20,1,1,1,True,5,2.000000000,1.000000000,21.000000000,0.960784314,0.192625738
AOI-0046,2016-07-06,1,1,1,True,1,1.000000000,1.000000000,2.000000000,0.968253968,0.162764794
AOI-0046,2016-07-22,1,1,1,True,1,1.000000000,1.000000000,2.000000000,0.963636364,0.181415523
AOI-0046,2016-08-15,1,1,1,True,1,1.000000000,1.000000000,2.000000000,0.968253968,0.162764794
AOI-0046,2016-09-15,1,1,1,True,1,1.000000000,1.000000000,2.000000000,0.981981982,0.102711110
AOI-0046,2017-04-28,1,0,0,True,1,1.000000000,1.000000000,2.000000000,0.984732824,0.089580528
AOI-0046,2017-05-29,1,1,1,True,1,1.000000000,1.000000000,2.000000000,0.981981982,0.102711110
AOI-0046,2017-07-09,1,1,1,True,1,1.000000000,1.000000000,2.000000000,0.970149254,0.154913925
AOI-0046,2017-07-12,1,2,2,True,1,1.000000000,1.000000000,2.000000000,0.855072464,0.434988930
AOI-0046,2017-08-02,1,1,1,True,1,1.000000000,1.000000000,2.000000000,0.963636364,0.181415523
AOI-0046,2017-08-11,1,0,0,True,1,1.000000000,1.000000000,2.000000000,0.984732824,0.089580528
AOI-0046,2017-08-18,1,1,1,True,1,1.000000000,1.000000000,2.000000000,0.966101695,0.171538761
AOI-0046,2017-09-14,1,2,2,True,5,1.000000000,1.000000000,22.000000000,0.990867580,0.058305859
AOI-0046,2018-04-14,1,1,1,True,1,1.000000000,1.000000000,2.000000000,0.983193277,0.096986095
AOI-0046,2018-05-01,1,1,0,True,1,1.000000000,1.000000000,2.000000000,0.704035874,0.630643682
AOI-0046,2018-05-24,1,1,1,True,1,1.000000000,1.000000000,2.000000000,0.980582524,0.109222462
AOI-0046,2018-06-10,1,1,2,True,1,1.000000000,1.000000000,2.000000000,0.711627907,0.748775060
AOI-0046,2018-06-26,1,1,2,True,1,1.000000000,1.000000000,2.000000000,0.725118483,0.611995933
AOI-0046,2018-07-19,1,1,1,True,5,1.000000000,1.000000000,21.000000000,0.913043478,0.355712860
AOI-0046,2019-04-07,1,2,2,True,1,1.000000000,1.000000000,2.000000000,0.800865801,0.520055634
AOI-0046,2019-05-27,1,1,1,True,1,1.000000000,1.000000000,2.000000000,0.977011494,0.125386776
AOI-0046,2019-06-20,1,1,0,True,5,1.000000000,1.000000000,22.000000000,0.854748603,0.438062356
AOI-0046,2019-06-27,1,0,0,True,1,1.000000000,1.000000000,2.000000000,0.633507853,0.684503769
AOI-0046,2019-07-02,1,0,0,True,1,1.000000000,1.000000000,2.000000000,0.984251969,0.091909786
AOI-0046,2019-07-07,1,0,0,True,1,1.000000000,1.000000000,2.000000000,0.955555556,0.201845225
AOI-0046,2019-07-28,1,2,2,True,1,1.000000000,1.000000000,2.000000000,0.748837209,0.731448151
AOI-0046,2019-08-21,1,0,0,True,1,1.000000000,1.000000000,2.000000000,0.782857143,0.549692548
AOI-0046,2019-09-16,1,1,1,True,5,1.000000000,1.000000000,22.000000000,0.848739496,0.457343669
AOI-0046,2019-09-17,1,1,0,True,5,1.000000000,1.000000000,21.000000000,0.491525424,0.767314425
AOI-0046,2020-04-17,1,0,0,True,5,2.000000000,1.000000000,21.000000000,0.717791411,0.624583560
AOI-0046,2020-04-19,1,1,1,True,1,1.000000000,1.000000000,2.000000000,0.971830986,0.147843978
AOI-0046,2020-05-13,1,1,1,True,1,1.000000000,1.000000000,2.000000000,0.975903614,0.130281794
AOI-0046,2020-07-01,1,0,0,True,1,1.000000000,1.000000000,2.000000000,0.985185185,0.087375267
AOI-0046,2020-08-18,1,1,0,True,1,1.000000000,1.000000000,2.000000000,0.711627907,0.624497062
AOI-0046,2020-08-26,1,1,1,True,1,1.000000000,1.000000000,2.000000000,0.822784810,0.512745141
AOI-0046,2020-09-09,1,0,0,True,5,2.000000000,1.000000000,21.000000000,0.660818713,0.670033464
AOI-0046,2020-09-11,1,1,1,True,1,1.000000000,1.000000000,2.000000000,0.523809524,0.761605701
AOI-0046,2020-10-12,1,1,0,True,1,1.000000000,1.000000000,2.000000000,0.805714286,0.518158008
AOI-0046,2021-04-02,1,0,0,True,1,1.000000000,1.000000000,2.000000000,0.981308411,0.105858397
AOI-0046,2021-05-08,1,1,1,True,1,1.000000000,1.000000000,2.000000000,0.983193277,0.096986095
AOI-0046,2021-07-01,1,0,0,True,1,1.000000000,1.000000000,2.000000000,0.726775956,0.613225887
AOI-0046,2021-07-26,1,0,0,True,1,1.000000000,1.000000000,2.000000000,0.668341709,0.661387204
AOI-0046,2021-08-05,1,0,0,True,1,1.000000000,1.000000000,2.000000000,0.981981982,0.102711110
AOI-0046,2021-08-25,1,0,0,True,1,1.000000000,1.000000000,2.000000000,0.984251969,0.091909786
AOI-0046,2022-04-27,1,0,0,True,1,1.000000000,1.000000000,2.000000000,0.981981982,0.102711110
AOI-0046,2022-05-12,1,0,0,True,1,1.000000000,1.000000000,2.000000000,0.981308411,0.105858397
AOI-0046,2022-05-25,1,2,2,True,1,1.000000000,1.000000000,2.000000000,0.643835616,0.778553399
AOI-0046,2022-06-08,1,1,1,True,1,1.000000000,1.000000000,2.000000000,0.747899160,0.601474619
AOI-0046,2022-07-06,1,0,0,True,1,1.000000000,1.000000000,2.000000000,0.985611511,0.085284100
AOI-0046,2022-08-15,1,0,0,True,1,1.000000000,1.000000000,2.000000000,0.923664122,0.294543299
AOI-0046,2022-09-01,1,1,1,True,1,1.000000000,1.000000000,2.000000000,0.732283465,0.616498091
AOI-0046,2022-09-14,1,2,2,True,1,1.000000000,1.000000000,2.000000000,0.773399015,0.558869016
AOI-0046,2023-04-17,1,0,0,True,1,1.000000000,1.000000000,2.000000000,0.978021978,0.120874486
AOI-0046,2023-05-02,1,0,0,True,1,1.000000000,1.000000000,2.000000000,0.935483871,0.283936267
AOI-0046,2023-05-15,1,1,0,True,1,1.000000000,1.000000000,2.000000000,0.725118483,0.611995933
AOI-0046,2023-06-06,1,0,0,True,5,1.000000000,1.000000000,21.000000000,0.556650246,0.713780066
AOI-0046,2023-06-08,1,1,1,True,1,1.000000000,1.000000000,2.000000000,0.669902913,0.678048422
AOI-0046,2023-07-06,1,0,0,True,5,2.000000000,1.000000000,21.000000000,0.985185185,0.087375267
AOI-0046,2023-07-09,1,1,0,True,5,2.000000000,1.000000000,21.000000000,0.590361446,0.731082245
AOI-0046,2023-09-28,1,1,1,True,1,1.000000000,1.000000000,2.000000000,0.966101695,0.171538761
AOI-0046,2023-10-04,1,0,0,True,1,1.000000000,1.000000000,2.000000000,0.648241206,0.674866890
AOI-0046,2024-04-01,1,0,0,True,1,1.000000000,1.000000000,2.000000000,0.981308411,0.105858397
AOI-0046,2024-05-24,1,1,0,True,1,1.000000000,1.000000000,2.000000000,0.700483092,0.817439947
AOI-0046,2024-06-25,1,2,2,False,-1,0.000000000,0.000000000,21.000000000,0.497630332,0.880095426
AOI-0046,2024-08-04,1,0,0,True,5,1.000000000,1.000000000,22.000000000,0.810526316,0.526112214
AOI-0046,2024-08-21,1,1,1,True,1,1.000000000,1.000000000,2.000000000,0.523809524,0.761605701
AOI-0046,2024-10-07,1,1,1,True,1,1.000000000,1.000000000,2.000000000,0.980582524,0.109222462
AOI-0046,2024-10-15,1,2,2,False,-1,0.000000000,0.000000000,inf,0.990147783,0.062150380
AOI-0046,2024-10-23,1,0,0,True,1,1.000000000,1.000000000,2.000000000,0.609195402,0.720963050
AOI-0046,2025-04-07,1,2,2,True,0,1.000000000,1.000000000,1.000000000,0.950738916,0.212347715
AOI-0046,2025-04-21,1,0,0,True,0,2.000000000,1.000000000,1.000000000,0.970149254,0.154913925
AOI-0046,2025-04-26,1,0,0,True,0,1.000000000,1.000000000,1.000000000,0.739130435,0.691502198
AOI-0046,2025-05-25,1,2,2,True,0,1.000000000,1.000000000,1.000000000,0.838862559,0.462932768
AOI-0046,2025-06-07,1,0,0,True,0,2.000000000,1.000000000,1.000000000,0.986394558,0.081409508
AOI-0046,2025-06-13,1,1,0,True,0,1.000000000,1.000000000,1.000000000,0.629629630,0.695463287
AOI-0046,2025-06-26,1,2,2,True,0,2.000000000,1.000000000,1.000000000,0.990697674,0.059218348
AOI-0046,2025-07-05,1,0,0,True,0,2.000000000,1.000000000,1.000000000,0.684210526,0.652775710
AOI-0046,2025-07-30,1,0,0,True,0,2.000000000,1.000000000,1.000000000,0.992395437,0.049949369
AOI-0046,2025-08-24,1,0,0,True,0,2.000000000,1.000000000,1.000000000,0.980582524,0.109222462
AOI-0046,2025-09-14,1,2,2,True,0,2.000000000,1.000000000,1.000000000,0.771689498,0.559610189
AOI-0047,2025-04-14,1,0,0,True,2,1.000000000,1.000000000,4.000000000,0.986754967,0.079610965
AOI-0047,2025-05-14,1,0,0,True,2,1.000000000,1.000000000,4.000000000,0.982608696,0.099759750
AOI-0047,2025-06-30,1,0,0,True,0,1.000000000,1.000000000,1.000000000,0.984732824,0.089580528
AOI-0047,2025-07-12,1,2,2,True,0,2.000000000,1.000000000,1.000000000,0.556485356,0.982705973
AOI-0047,2025-07-14,1,1,1,True,0,2.000000000,1.000000000,1.000000000,0.734265734,0.611307571
AOI-0047,2025-07-15,1,0,0,True,0,1.000000000,1.000000000,1.000000000,0.952755906,0.211605625
AOI-0047,2025-08-06,1,0,0,True,0,2.000000000,1.000000000,1.000000000,0.668246445,0.660253900
AOI-0047,2025-08-13,1,2,2,True,0,1.000000000,1.000000000,1.000000000,0.753424658,0.581279608
AOI-0047,2025-08-22,1,0,0,True,2,1.000000000,1.000000000,4.000000000,0.988304094,0.071763657
AOI-0047,2025-08-27,1,0,0,True,2,1.000000000,1.000000000,4.000000000,0.987421384,0.076258973
AOI-0047,2025-09-13,1,0,0,True,0,2.000000000,1.000000000,1.000000000,0.987096774,0.077896072
AOI-0047,2025-10-13,1,0,0,True,0,2.000000000,1.000000000,1.000000000,0.978947368,0.116700546
AOI-0048,2025-04-21,1,0,0,True,0,1.000000000,1.000000000,1.000000000,0.970149254,0.154913925
AOI-0048,2025-06-13,1,1,0,True,2,2.000000000,1.000000000,3.000000000,0.629629630,0.695463287
AOI-0048,2025-06-27,1,0,0,True,0,1.000000000,1.000000000,1.000000000,0.639344262,0.682111711
AOI-0048,2025-06-29,1,1,1,True,1,1.000000000,1.000000000,2.000000000,0.935483871,0.283936267
AOI-0048,2025-08-13,1,2,2,True,1,1.000000000,1.000000000,2.000000000,0.753424658,0.581279608
AOI-0048,2025-08-16,1,0,0,True,0,1.000000000,1.000000000,1.000000000,0.985185185,0.087375267
AOI-0048,2025-09-23,1,0,0,True,0,1.000000000,1.000000000,1.000000000,0.689839572,0.646243791
AOI-0048,2025-09-30,1,2,2,True,0,1.000000000,1.000000000,1.000000000,0.917808219,0.301725093
AOI-0048,2025-10-08,1,0,0,True,0,1.000000000,1.000000000,1.000000000,0.987421384,0.076258973
AOI-0048,2025-10-16,1,2,0,True,1,1.000000000,1.000000000,2.000000000,0.578475336,0.768375239
AOI-0048,2025-10-27,1,1,1,True,1,1.000000000,1.000000000,2.000000000,0.973333333,0.141440924
AOI-0049,2025-04-19,1,0,0,True,0,1.000000000,1.000000000,1.000000000,0.801047120,0.523158429
AOI-0049,2025-05-25,1,1,2,True,1,1.000000000,1.000000000,2.000000000,0.838862559,0.462932768
AOI-0049,2025-07-10,1,0,0,True,0,1.000000000,1.000000000,1.000000000,0.990521327,0.060162121
AOI-0049,2025-07-30,1,0,0,True,0,1.000000000,1.000000000,1.000000000,0.992395437,0.049949369
AOI-0049,2025-08-07,1,0,0,True,1,1.000000000,1.000000000,2.000000000,0.846153846,0.451806829
AOI-0049,2025-08-13,1,1,2,True,1,1.000000000,1.000000000,2.000000000,0.753424658,0.581279608
AOI-0049,2025-09-07,1,1,1,True,1,1.000000000,1.000000000,2.000000000,0.975903614,0.130281794
AOI-0049,2025-09-15,1,1,0,True,0,1.000000000,1.000000000,1.000000000,0.687203791,0.645879152
AOI-0050,2025-04-01,1,0,0,True,0,1.000000000,1.000000000,1.000000000,0.984732824,0.089580528
AOI-0050,2025-04-29,1,0,0,True,0,2.000000000,1.000000000,1.000000000,0.981981982,0.102711110
AOI-0050,2025-05-04,1,0,0,True,1,1.000000000,1.000000000,2.000000000,0.639344262,0.682111711
AOI-0050,2025-07-21,1,1,1,True,0,2.000000000,1.000000000,1.000000000,0.815126050,0.512888736
AOI-0050,2025-08-12,1,0,0,True,1,1.000000000,1.000000000,2.000000000,0.986394558,0.081409508
AOI-0050,2025-09-21,1,0,0,True,0,2.000000000,1.000000000,1.000000000,0.988023952,0.073197386
AOI-0050,2025-09-23,1,1,0,True,0,1.000000000,1.000000000,1.000000000,0.689839572,0.646243791
AOI-0050,2025-10-08,1,0,0,True,0,1.000000000,1.000000000,1.000000000,0.987421384,0.076258973
AOI-0051,2010-04-07,1,1,2,True,3,1.000000000,1.000000000,7.000000000,0.693023256,0.640762809
AOI-0051,2010-06-26,1,2,2,True,3,1.000000000,1.000000000,7.000000000,0.989949749,0.063198621
AOI-0051,2010-08-13,1,1,2,True,3,1.000000000,1.000000000,8.000000000,0.919282511,0.297836917
AOI-0051,2010-10-24,1,1,1,True,3,2.000000000,1.000000000,7.000000000,0.978021978,0.120874486
AOI-0051,2011-04-18,1,1,1,True,5,1.000000000,1.000000000,23.000000000,0.977011494,0.125386776
AOI-0051,2011-05-25,1,2,2,True,3,2.000000000,1.000000000,7.000000000,0.990697674,0.059218348
AOI-0051,2011-08-08,1,1,1,True,3,1.000000000,1.000000000,7.000000000,0.978021978,0.120874486
AOI-0051,2011-09-16,1,1,1,True,3,2.000000000,1.000000000,7.000000000,0.942857143,0.258640932
AOI-0051,2011-09-24,1,1,1,True,3,2.000000000,1.000000000,7.000000000,0.960784314,0.192625738
AOI-0051,2012-04-22,1,2,2,True,3,1.000000000,1.000000000,8.000000000,0.816425121,0.499110844
AOI-0051,2012-06-09,1,2,2,True,4,1.000000000,1.000000000,10.000000000,0.733990148,0.603780014
AOI-0051,2012-06-25,1,2,2,True,3,2.000000000,1.000000000,7.000000000,0.711627907,0.624497062
AOI-0051,2013-04-14,1,1,1,True,3,2.000000000,1.000000000,7.000000000,0.960784314,0.192625738
AOI-0051,2013-04-15,1,1,1,True,3,2.000000000,1.000000000,7.000000000,0.978021978,0.120874486
AOI-0051,2013-08-21,1,1,1,True,5,1.000000000,1.000000000,23.000000000,0.978021978,0.120874486
AOI-0051,2013-10-24,1,1,1,True,3,1.000000000,1.000000000,8.000000000,0.978947368,0.116700546
AOI-0051,2014-05-09,1,2,2,True,3,1.000000000,1.000000000,7.000000000,0.990867580,0.058305859
AOI-0051,2014-05-25,1,2,2,True,3,1.000000000,1.000000000,7.000000000,0.990147783,0.062150380
AOI-0051,2014-07-12,1,2,2,True,3,2.000000000,1.000000000,7.000000000,0.990867580,0.058305859
AOI-0051,2014-08-23,1,1,1,True,3,1.000000000,1.000000000,8.000000000,0.953488372,0.220352331
AOI-0051,2014-10-27,1,1,1,True,3,1.000000000,1.000000000,7.000000000,0.978947368,0.116700546
AOI-0051,2015-04-12,1,1,1,True,3,2.000000000,1.000000000,7.000000000,0.960784314,0.192625738
AOI-0051,2015-04-13,1,1,1,True,3,1.000000000,1.000000000,7.000000000,0.968253968,0.162764794
AOI-0051,2015-05-30,1,1,1,False,-1,0.000000000,0.000000000,inf,0.818181818,0.600166073
AOI-0051,2015-09-27,1,1,1,True,5,2.000000000,1.000000000,22.000000000,0.953488372,0.220352331
AOI-0051,2015-09-28,1,1,1,True,3,1.000000000,1.000000000,8.000000000,0.978021978,0.120874486
AOI-0051,2016-04-07,1,1,1,True,3,2.000000000,1.000000000,7.000000000,0.978021978,0.120874486
AOI-0051,2016-05-24,1,2,2,True,4,4.000000000,0.750000000,7.000000000,0.916279070,0.305727510
AOI-0051,2016-06-10,1,1,1,True,3,2.000000000,1.000000000,7.000000000,0.957446809,0.205470750
AOI-0051,2016-07-28,1,1,1,True,3,1.000000000,1.000000000,8.000000000,0.978947368,0.116700546
AOI-0051,2017-04-01,1,0,0,True,5,1.000000000,1.000000000,23.000000000,0.980582524,0.109222462
AOI-0051,2017-04-23,1,2,2,True,3,2.000000000,1.000000000,7.000000000,0.990867580,0.058305859
AOI-0051,2017-04-26,1,0,0,True,3,1.000000000,1.000000000,8.000000000,0.983739837,0.094374144
AOI-0051,2017-06-10,1,2,2,True,3,1.000000000,1.000000000,7.000000000,0.990867580,0.058305859
AOI-0051,2017-08-13,1,2,2,True,3,1.000000000,1.000000000,7.000000000,0.871921182,0.403598106
AOI-0051,2017-09-01,1,1,1,True,3,2.000000000,1.000000000,7.000000000,0.980582524,0.109222462
AOI-0051,2017-09-08,1,1,0,True,3,2.000000000,1.000000000,7.000000000,0.669902913,0.678048422
AOI-0051,2017-10-11,1,1,1,True,3,2.000000000,1.000000000,7.000000000,0.864077670,0.432467061
AOI-0051,2018-04-07,1,2,2,True,3,1.000000000,1.000000000,7.000000000,0.668246445,0.660253900
AOI-0051,2018-05-06,1,1,1,True,5,1.000000000,1.000000000,22.000000000,0.925925926,0.315396287
AOI-0051,2018-06-16,1,1,1,True,3,2.000000000,1.000000000,7.000000000,0.973333333,0.141440924
AOI-0051,2018-06-20,1,0,0,True,3,2.000000000,1.000000000,7.000000000,0.983739837,0.094374144
AOI-0051,2018-07-12,1,2,2,True,3,2.000000000,1.000000000,7.000000000,0.739130435,0.598020854
AOI-0051,2018-09-13,1,0,0,True,3,2.000000000,1.000000000,7.000000000,0.809045226,0.510842184
AOI-0051,2018-10-06,1,1,1,True,3,1.000000000,1.000000000,7.000000000,0.978021978,0.120874486
AOI-0051,2019-04-01,1,0,0,True,5,3.000000000,1.000000000,22.000000000,0.763779528,0.581206425
AOI-0051,2019-06-05,1,0,0,True,3,1.000000000,1.000000000,7.000000000,0.737142857,0.603553904
AOI-0051,2019-07-05,1,0,0,True,3,2.000000000,1.000000000,7.000000000,0.986013986,0.083298165
AOI-0051,2019-07-12,1,1,2,True,3,2.000000000,1.000000000,7.000000000,0.819905213,0.493453353
AOI-0051,2019-08-14,1,0,0,True,3,2.000000000,1.000000000,7.000000000,0.986754967,0.079610965
AOI-0051,2019-09-18,1,0,0,True,3,2.000000000,1.000000000,7.000000000,0.981981982,0.102711110
AOI-0051,2019-10-28,1,0,0,True,3,2.000000000,1.000000000,7.000000000,0.815950920,0.504375887
AOI-0051,2020-04-22,1,2,0,True,3,1.000000000,1.000000000,7.000000000,0.620512821,0.690978045
AOI-0051,2020-05-08,1,2,2,True,3,1.000000000,1.000000000,7.000000000,0.990338164,0.061138862
AOI-0051,2020-06-05,1,1,1,True,5,1.000000000,1.000000000,23.000000000,0.978021978,0.120874486
AOI-0051,2020-07-22,1,0,0,True,3,1.000000000,1.000000000,8.000000000,0.538461538,0.789212978
AOI-0051,2020-07-23,1,1,1,True,5,1.000000000,1.000000000,23.000000000,0.684210526,0.669805822
AOI-0051,2020-08-28,1,2,2,True,3,1.000000000,1.000000000,8.000000000,0.936073059,0.254088226
AOI-0051,2020-09-01,1,1,1,True,3,2.000000000,1.000000000,7.000000000,0.762237762,0.580035758
AOI-0051,2020-09-09,1,1,0,True,3,1.000000000,1.000000000,8.000000000,0.660818713,0.670033464
AOI-0051,2020-09-24,1,1,0,True,3,1.000000000,1.000000000,8.000000000,0.759162304,0.577267121
AOI-0051,2021-05-07,1,1,1,True,3,2.000000000,1.000000000,7.000000000,0.577464789,0.742848415
AOI-0051,2021-05-14,1,1,1,True,3,2.000000000,1.000000000,7.000000000,0.521126761,0.755796605
AOI-0051,2021-05-23,1,1,1,True,3,2.000000000,1.000000000,7.000000000,0.978947368,0.116700546
AOI-0051,2021-07-17,1,1,1,True,3,1.000000000,1.000000000,7.000000000,0.617021277,0.747675135
AOI-0051,2021-07-25,1,1,1,True,3,1.000000000,1.000000000,8.000000000,0.953488372,0.220352331
AOI-0051,2021-08-18,1,0,0,True,3,1.000000000,1.000000000,7.000000000,0.986394558,0.081409508
AOI-0051,2021-09-27,1,0,0,True,3,1.000000000,1.000000000,8.000000000,0.984732824,0.089580528
AOI-0051,2021-10-12,1,0,0,True,3,2.000000000,1.000000000,7.000000000,0.973333333,0.141440924
AOI-0051,2022-06-10,1,2,2,True,4,1.000000000,1.000000000,10.000000000,0.773399015,0.558869016
AOI-0051,2022-07-19,1,0,0,True,3,2.000000000,1.000000000,7.000000000,0.956834532,0.197325562
AOI-0051,2022-07-28,1,1,2,True,3,1.000000000,1.000000000,7.000000000,0.623188406,0.911141142
AOI-0051,2022-08-08,1,0,0,True,3,2.000000000,1.000000000,7.000000000,0.726775956,0.613225887
AOI-0051,2022-08-18,1,0,0,True,3,1.000000000,1.000000000,7.000000000,0.948717949,0.237819011
AOI-0051,2022-08-30,1,1,0,True,3,1.000000000,1.000000000,7.000000000,0.649289100,0.672991185
AOI-0051,2022-09-30,1,1,2,True,3,2.000000000,1.000000000,7.000000000,0.739130435,0.598020854
AOI-0051,2023-06-19,1,0,0,True,3,2.000000000,1.000000000,7.000000000,0.986013986,0.083298165
AOI-0051,2023-07-20,1,1,1,True,3,1.000000000,1.000000000,7.000000000,0.935483871,0.283936267
AOI-0051,2023-07-29,1,0,0,True,4,2.000000000,1.000000000,10.000000000,0.980582524,0.109222462
AOI-0051,2023-08-01,1,1,1,True,3,2.000000000,1.000000000,7.000000000,0.914110429,0.315024181
AOI-0051,2023-08-09,1,1,1,True,3,2.000000000,1.000000000,7.000000000,0.970149254,0.154913925
AOI-0051,2023-08-23,1,0,0,True,3,2.000000000,1.000000000,7.000000000,0.780645161,0.555196694
AOI-0051,2023-09-25,1,1,1,True,3,2.000000000,1.000000000,7.000000000,0.600000000,0.746974627
AOI-0051,2023-09-26,1,1,1,True,3,2.000000000,1.000000000,7.000000000,0.832061069,0.483656175
AOI-0051,2023-10-16,1,2,2,True,3,1.000000000,1.000000000,7.000000000,0.733990148,0.661312463
AOI-0051,2024-04-09,1,0,0,True,4,2.000000000,1.000000000,10.000000000,0.985611511,0.085284100
AOI-0051,2024-04-28,1,1,1,True,5,1.000000000,1.000000000,23.000000000,0.527272727,0.768724554
AOI-0051,2024-06-08,1,0,0,True,3,2.000000000,1.000000000,7.000000000,0.899280576,0.352577827
AOI-0051,2024-06-13,1,0,0,True,4,2.000000000,1.000000000,10.000000000,0.974683544,0.135612188
AOI-0051,2024-06-28,1,0,0,True,4,1.000000000,1.000000000,11.000000000,0.984732824,0.089580528
AOI-0051,2024-07-03,1,0,0,True,3,2.000000000,1.000000000,7.000000000,0.760000000,0.578083752
AOI-0051,2024-08-10,1,1,1,True,3,2.000000000,1.000000000,7.000000000,0.872340426,0.439431766
AOI-0051,2024-09-12,1,1,1,True,3,2.000000000,1.000000000,7.000000000,0.970149254,0.154913925
AOI-0051,2024-09-28,1,1,0,True,5,1.000000000,1.000000000,23.000000000,0.717277487,0.621577835
AOI-0051,2025-04-01,1,0,0,True,0,1.000000000,1.000000000,1.000000000,0.984732824,0.089580528
AOI-0051,2025-04-15,1,1,1,True,0,1.000000000,1.000000000,1.000000000,0.866666667,0.485094091
AOI-0051,2025-04-23,1,2,2,False,-1,0.000000000,0.000000000,1.000000000,0.668246445,0.864825637
AOI-0051,2025-05-04,1,0,0,True,0,1.000000000,1.000000000,1.000000000,0.639344262,0.682111711
AOI-0051,2025-05-24,1,0,0,True,0,2.000000000,1.000000000,1.000000000,0.989071038,0.067803297
AOI-0051,2025-08-14,1,1,0,True,3,1.000000000,1.000000000,6.000000000,0.717791411,0.624583560
AOI-0051,2025-09-01,1,0,0,True,0,2.000000000,1.000000000,1.000000000,0.691629956,0.640879796
AOI-0051,2025-09-11,1,0,0,True,0,2.000000000,1.000000000,1.000000000,0.983739837,0.094374144
AOI-0051,2025-09-23,1,1,0,True,1,2.000000000,1.000000000,2.000000000,0.689839572,0.646243791
AOI-0052,2025-04-14,1,0,0,True,0,1.000000000,1.000000000,1.000000000,0.986754967,0.079610965
AOI-0052,2025-05-01,1,0,0,True,0,1.000000000,1.000000000,1.000000000,0.907949791,0.324276536
AOI-0052,2025-05-14,1,0,0,True,0,2.000000000,1.000000000,1.000000000,0.982608696,0.099759750
AOI-0052,2025-06-02,1,1,1,True,0,2.000000000,1.000000000,1.000000000,0.948717949,0.237819011
AOI-0052,2025-07-28,1,0,0,True,0,1.000000000,1.000000000,1.000000000,0.739910314,0.595804393
AOI-0052,2025-07-29,1,1,1,True,0,2.000000000,1.000000000,1.000000000,0.978947368,0.116700546
AOI-0052,2025-08-02,1,0,0,True,1,2.000000000,1.000000000,2.000000000,0.986394558,0.081409508
AOI-0052,2025-09-07,1,1,1,True,0,1.000000000,1.000000000,1.000000000,0.975903614,0.130281794
AOI-0052,2025-09-23,1,1,0,True,0,1.000000000,1.000000000,1.000000000,0.689839572,0.646243791
AOI-0053,2025-04-29,1,0,0,True,0,2.000000000,1.000000000,1.000000000,0.981981982,0.102711110
AOI-0053,2025-06-19,1,1,1,True,0,1.000000000,1.000000000,1.000000000,0.948717949,0.237819011
AOI-0053,2025-07-08,1,0,0,True,0,2.000000000,1.000000000,1.000000000,0.826484018,0.482533258
AOI-0053,2025-07-10,1,0,0,True,0,2.000000000,1.000000000,1.000000000,0.990521327,0.060162121
AOI-0053,2025-07-21,1,1,1,True,0,2.000000000,1.000000000,1.000000000,0.815126050,0.512888736
AOI-0053,2025-08-17,1,0,0,True,0,2.000000000,1.000000000,1.000000000,0.801047120,0.523158429
AOI-0053,2025-08-30,1,1,1,True,0,2.000000000,1.000000000,1.000000000,0.848739496,0.457343669
AOI-0054,2025-04-07,1,2,2,True,0,1.000000000,1.000000000,1.000000000,0.950738916,0.212347715
AOI-0054,2025-05-17,1,1,1,True,0,2.000000000,1.000000000,1.000000000,0.866666667,0.485094091
AOI-0054,2025-05-24,1,0,0,True,0,1.000000000,1.000000000,1.000000000,0.989071038,0.067803297
AOI-0054,2025-05-25,1,2,2,True,1,4.000000000,0.750000000,1.000000000,0.838862559,0.462932768
AOI-0054,2025-06-13,1,0,0,True,0,2.000000000,1.000000000,1.000000000,0.629629630,0.695463287
AOI-0054,2025-07-29,1,1,1,True,0,2.000000000,1.000000000,1.000000000,0.978947368,0.116700546
AOI-0054,2025-08-13,1,1,2,True,0,2.000000000,1.000000000,1.000000000,0.753424658,0.581279608
AOI-0054,2025-08-19,1,0,0,True,0,2.000000000,1.000000000,1.000000000,0.991189427,0.056568562
AOI-0055,2025-04-07,1,2,2,True,0,1.000000000,1.000000000,1.000000000,0.950738916,0.212347715
AOI-0055,2025-04-23,1,1,2,True,0,1.000000000,1.000000000,1.000000000,0.668246445,0.864825637
AOI-0055,2025-05-01,1,0,0,True,5,22.000000000,0.772727273,1.000000000,0.907949791,0.324276536
AOI-0055,2025-05-24,1,0,0,True,1,1.000000000,1.000000000,2.000000000,0.989071038,0.067803297
AOI-0055,2025-06-26,1,2,2,True,0,2.000000000,1.000000000,1.000000000,0.990697674,0.059218348
AOI-0055,2025-06-27,1,1,0,True,0,2.000000000,1.000000000,1.000000000,0.639344262,0.682111711
AOI-0055,2025-08-06,1,1,0,True,0,2.000000000,1.000000000,1.000000000,0.668246445,0.660253900
AOI-0055,2025-10-08,1,0,0,True,0,2.000000000,1.000000000,1.000000000,0.987421384,0.076258973
AOI-0056,2025-05-26,1,0,0,False,-1,0.000000000,0.000000000,inf,0.925925926,0.315396287
AOI-0056,2025-06-08,1,0,0,True,0,2.000000000,1.000000000,1.000000000,0.988304094,0.071763657
AOI-0056,2025-07-04,1,1,1,True,0,1.000000000,1.000000000,1.000000000,0.960784314,0.192625738
AOI-0056,2025-07-29,1,1,1,True,0,2.000000000,1.000000000,1.000000000,0.978947368,0.116700546
AOI-0056,2025-08-02,1,0,0,True,0,2.000000000,1.000000000,1.000000000,0.986394558,0.081409508
AOI-0056,2025-08-13,1,1,2,True,0,2.000000000,1.000000000,1.000000000,0.753424658,0.581279608
AOI-0056,2025-08-17,1,0,0,True,0,1.000000000,1.000000000,1.000000000,0.801047120,0.523158429
AOI-0056,2025-09-23,1,1,0,True,0,2.000000000,1.000000000,1.000000000,0.689839572,0.646243791
AOI-0057,2025-05-17,1,1,1,True,0,1.000000000,1.000000000,1.000000000,0.866666667,0.485094091
AOI-0057,2025-07-23,1,0,0,True,0,1.000000000,1.000000000,1.000000000,0.765363128,0.571219093
AOI-0057,2025-08-06,1,1,0,True,0,1.000000000,1.000000000,1.000000000,0.668246445,0.660253900
AOI-0057,2025-08-19,1,0,0,True,0,2.000000000,1.000000000,1.000000000,0.991189427,0.056568562
AOI-0057,2025-09-15,1,1,0,True,0,2.000000000,1.000000000,1.000000000,0.687203791,0.645879152
AOI-0057,2025-09-22,1,1,1,True,0,1.000000000,1.000000000,1.000000000,0.957446809,0.205470750
AOI-0057,2025-10-16,1,0,0,True,0,1.000000000,1.000000000,1.000000000,0.578475336,0.768375239
AOI-0057,2025-10-17,1,1,1,True,0,1.000000000,1.000000000,1.000000000,0.977011494,0.125386776
AOI-0058,2010-04-15,1,1,1,True,0,1.000000000,1.000000000,1.000000000,0.975903614,0.130281794
AOI-0058,2010-07-12,1,1,2,True,0,1.000000000,1.000000000,1.000000000,0.544186047,0.715190050
AOI-0058,2010-07-27,1,1,1,True,0,1.000000000,1.000000000,1.000000000,0.942857143,0.258640932
AOI-0058,2010-09-14,1,2,2,True,0,1.000000000,1.000000000,1.000000000,0.990521327,0.060162121
AOI-0058,2011-04-07,1,2,2,True,0,1.000000000,1.000000000,1.000000000,0.991031390,0.057423085
AOI-0058,2011-07-06,1,1,1,True,3,1.000000000,1.000000000,7.000000000,0.957446809,0.205470750
AOI-0058,2011-08-07,1,1,1,True,0,1.000000000,1.000000000,1.000000000,0.957446809,0.205470750
AOI-0058,2011-09-25,1,1,1,True,0,1.000000000,1.000000000,1.000000000,0.980582524,0.109222462
AOI-0058,2012-04-06,1,2,2,True,0,1.000000000,1.000000000,1.000000000,0.990338164,0.061138862
AOI-0058,2012-04-27,1,1,1,True,0,1.000000000,1.000000000,1.000000000,0.953488372,0.220352331
AOI-0058,2012-08-28,1,2,2,True,0,1.000000000,1.000000000,1.000000000,0.694581281,0.640602776
AOI-0058,2013-07-04,1,1,1,True,0,1.000000000,1.000000000,1.000000000,0.979797980,0.112827275
AOI-0058,2013-07-28,1,2,2,True,2,1.000000000,1.000000000,3.000000000,0.579487179,0.708152353
AOI-0058,2013-08-20,1,1,1,True,0,1.000000000,1.000000000,1.000000000,0.935483871,0.283936267
AOI-0058,2013-08-21,1,1,1,True,5,1.000000000,1.000000000,30.000000000,0.978021978,0.120874486
AOI-0058,2014-06-26,1,2,2,True,2,1.000000000,1.000000000,4.000000000,0.990147783,0.062150380
AOI-0058,2014-06-29,1,1,1,True,5,1.000000000,1.000000000,30.000000000,0.978021978,0.120874486
AOI-0058,2014-07-07,1,1,1,True,0,1.000000000,1.000000000,1.000000000,0.953488372,0.220352331
AOI-0058,2014-08-23,1,1,1,True,0,1.000000000,1.000000000,1.000000000,0.953488372,0.220352331
AOI-0058,2014-08-31,1,1,1,True,0,1.000000000,1.000000000,1.000000000,0.963636364,0.181415523
AOI-0058,2015-06-08,1,1,1,True,0,1.000000000,1.000000000,1.000000000,0.980582524,0.109222462
AOI-0058,2015-06-26,1,2,2,True,0,1.000000000,1.000000000,1.000000000,0.897674419,0.349083713
AOI-0058,2015-08-11,1,1,1,True,3,1.000000000,1.000000000,7.000000000,0.975903614,0.130281794
AOI-0058,2015-09-19,1,1,1,True,0,1.000000000,1.000000000,1.000000000,0.963636364,0.181415523
AOI-0058,2015-09-28,1,1,1,True,0,1.000000000,1.000000000,1.000000000,0.978021978,0.120874486
AOI-0058,2015-10-29,1,1,1,True,0,1.000000000,1.000000000,1.000000000,0.953488372,0.220352331
AOI-0058,2016-05-09,1,1,1,True,0,1.000000000,1.000000000,1.000000000,0.963636364,0.181415523
AOI-0058,2016-09-14,1,1,1,False,-1,0.000000000,0.000000000,inf,0.977011494,0.125386776
AOI-0058,2016-09-29,1,2,2,True,2,1.000000000,1.000000000,3.000000000,0.989949749,0.063198621
AOI-0058,2016-10-24,1,1,1,True,5,1.000000000,1.000000000,30.000000000,0.971830986,0.147843978
AOI-0058,2017-04-07,1,2,2,True,0,1.000000000,1.000000000,1.000000000,0.990338164,0.061138862
AOI-0058,2017-04-16,1,0,0,True,3,1.000000000,1.000000000,7.000000000,0.974683544,0.135612188
AOI-0058,2017-04-26,1,0,0,True,0,1.000000000,1.000000000,1.000000000,0.983739837,0.094374144
AOI-0058,2017-05-01,1,0,0,True,0,1.000000000,1.000000000,1.000000000,0.983739837,0.094374144
AOI-0058,2017-06-05,1,0,0,True,0,1.000000000,1.000000000,1.000000000,0.740458015,0.607016297
AOI-0058,2017-07-06,1,1,1,True,0,1.000000000,1.000000000,1.000000000,0.957446809,0.205470750
AOI-0058,2017-07-23,1,1,1,False,-1,0.000000000,0.000000000,inf,0.977011494,0.125386776
AOI-0058,2017-09-17,1,1,1,True,0,1.000000000,1.000000000,1.000000000,0.723577236,0.626221864
AOI-0058,2018-04-23,1,2,2,True,0,1.000000000,1.000000000,1.000000000,0.970443350,0.146514727
AOI-0058,2018-06-26,1,2,2,True,0,1.000000000,1.000000000,1.000000000,0.725118483,0.611995933
AOI-0058,2018-09-11,1,1,1,True,0,1.000000000,1.000000000,1.000000000,0.942857143,0.258640932
AOI-0058,2018-09-20,1,1,1,True,0,1.000000000,1.000000000,1.000000000,0.980582524,0.109222462
AOI-0058,2018-09-27,1,1,1,True,0,1.000000000,1.000000000,1.000000000,0.942857143,0.258640932
AOI-0058,2018-10-05,1,1,1,True,0,1.000000000,1.000000000,1.000000000,0.894736842,0.409458619
AOI-0058,2018-10-08,1,0,0,True,0,1.000000000,1.000000000,1.000000000,0.974683544,0.135612188
AOI-0058,2018-10-14,1,1,1,True,5,1.000000000,1.000000000,30.000000000,0.978947368,0.116700546
AOI-0058,2019-05-16,1,0,0,True,0,1.000000000,1.000000000,1.000000000,0.987096774,0.077896072
AOI-0058,2019-06-30,1,0,0,True,2,1.000000000,1.000000000,4.000000000,0.704347826,0.646365771
AOI-0058,2019-07-20,1,0,0,True,0,1.000000000,1.000000000,1.000000000,0.987096774,0.077896072
AOI-0058,2019-08-05,1,1,1,True,0,1.000000000,1.000000000,1.000000000,0.948717949,0.237819011
AOI-0058,2019-08-09,1,0,0,True,0,1.000000000,1.000000000,1.000000000,0.810055866,0.511345905
AOI-0058,2019-08-22,1,1,1,True,0,1.000000000,1.000000000,1.000000000,0.815126050,0.512888736
AOI-0058,2019-09-14,1,2,2,True,2,1.000000000,1.000000000,4.000000000,0.786046512,0.541555726
AOI-0058,2019-10-13,1,0,0,True,2,2.000000000,1.000000000,3.000000000,0.987421384,0.076258973
AOI-0058,2020-04-09,1,1,1,True,3,1.000000000,1.000000000,7.000000000,0.569620253,0.740529352
AOI-0058,2020-04-10,1,0,0,True,2,2.000000000,1.000000000,3.000000000,0.928057554,0.282021981
AOI-0058,2020-05-19,1,1,1,True,3,1.000000000,1.000000000,7.000000000,0.521126761,0.755796605
AOI-0058,2020-05-24,1,2,2,True,0,1.000000000,1.000000000,1.000000000,0.899543379,0.344660288
AOI-0058,2020-07-04,1,0,0,True,0,1.000000000,1.000000000,1.000000000,0.986754967,0.079610965
AOI-0058,2020-07-24,1,0,0,True,0,1.000000000,1.000000000,1.000000000,0.780645161,0.555196694
AOI-0058,2020-08-16,1,1,1,True,0,1.000000000,1.000000000,1.000000000,0.825242718,0.500845652
AOI-0058,2020-09-09,1,1,0,True,0,1.000000000,1.000000000,1.000000000,0.660818713,0.670033464
AOI-0058,2020-09-29,1,2,2,True,2,2.000000000,1.000000000,3.000000000,0.744075829,0.592350727
AOI-0058,2021-05-20,1,0,0,True,3,1.000000000,1.000000000,7.000000000,0.982608696,0.099759750
AOI-0058,2021-06-09,1,0,0,True,0,1.000000000,1.000000000,1.000000000,0.851428571,0.444443716
AOI-0058,2021-06-19,1,0,0,True,2,1.000000000,1.000000000,4.000000000,0.814207650,0.504717032
AOI-0058,2021-08-02,1,1,1,True,0,1.000000000,1.000000000,1.000000000,0.590361446,0.731082245
AOI-0058,2021-08-03,1,0,0,True,0,1.000000000,1.000000000,1.000000000,0.961290323,0.181262606
AOI-0058,2021-08-29,1,2,2,True,2,1.000000000,1.000000000,4.000000000,0.700483092,0.635184019
AOI-0058,2021-09-11,1,1,0,True,0,1.000000000,1.000000000,1.000000000,0.523809524,0.761605701
AOI-0058,2021-09-20,1,1,1,True,0,1.000000000,1.000000000,1.000000000,0.970149254,0.154913925
AOI-0058,2022-05-26,1,1,1,True,5,1.000000000,1.000000000,30.000000000,0.977011494,0.125386776
AOI-0058,2022-06-26,1,2,2,True,0,1.000000000,1.000000000,1.000000000,0.874396135,0.439433173
AOI-0058,2022-06-29,1,0,0,True,0,1.000000000,1.000000000,1.000000000,0.717277487,0.621577835
AOI-0058,2022-07-14,1,0,0,True,2,2.000000000,1.000000000,3.000000000,0.808695652,0.523482354
AOI-0058,2022-08-23,1,0,0,True,0,1.000000000,1.000000000,1.000000000,0.820359281,0.497101801
AOI-0058,2022-10-01,1,1,1,True,0,1.000000000,1.000000000,1.000000000,0.756097561,0.591181657
AOI-0058,2022-10-12,1,0,0,True,2,2.000000000,1.000000000,3.000000000,0.986013986,0.083298165
AOI-0058,2023-05-25,1,2,2,True,2,2.000000000,1.000000000,3.000000000,0.781990521,0.547209720
AOI-0058,2023-07-16,1,1,0,True,3,1.000000000,1.000000000,7.000000000,0.618320611,0.702299795
AOI-0058,2023-07-23,1,0,0,False,-1,0.000000000,0.000000000,inf,0.806451613,0.578532844
AOI-0058,2023-07-29,1,0,0,True,2,2.000000000,1.000000000,3.000000000,0.980582524,0.109222462
AOI-0058,2023-07-31,1,1,0,True,0,1.000000000,1.000000000,1.000000000,0.717791411,0.624583560
AOI-0058,2023-08-16,1,1,1,True,0,1.000000000,1.000000000,1.000000000,0.702127660,0.685698853
AOI-0058,2023-09-01,1,1,1,True,0,1.000000000,1.000000000,1.000000000,0.633802817,0.716599487
AOI-0058,2023-09-17,1,0,0,True,0,1.000000000,1.000000000,1.000000000,0.987096774,0.077896072
AOI-0058,2023-09-22,1,0,0,True,0,1.000000000,1.000000000,1.000000000,0.987096774,0.077896072
AOI-0058,2023-09-29,1,0,0,True,2,2.000000000,1.000000000,3.000000000,0.661835749,0.665130698
AOI-0058,2024-04-06,1,2,0,True,0,1.000000000,1.000000000,1.000000000,0.615763547,0.757590482
AOI-0058,2024-05-08,1,2,2,True,0,1.000000000,1.000000000,1.000000000,0.911330049,0.318474676
AOI-0058,2024-05-23,1,1,1,True,0,1.000000000,1.000000000,1.000000000,0.747899160,0.601474619
AOI-0058,2024-05-30,1,1,1,True,0,1.000000000,1.000000000,1.000000000,0.960784314,0.192625738
AOI-0058,2024-06-07,1,1,1,True,0,1.000000000,1.000000000,1.000000000,0.587301587,0.745105228
AOI-0058,2024-07-18,1,0,0,True,0,1.000000000,1.000000000,1.000000000,0.987421384,0.076258973
AOI-0058,2024-08-17,1,0,0,True,0,1.000000000,1.000000000,1.000000000,0.987421384,0.076258973
AOI-0058,2024-09-27,1,1,1,True,0,1.000000000,1.000000000,1.000000000,0.963636364,0.181415523
AOI-0058,2025-05-04,1,0,0,True,0,1.000000000,1.000000000,1.000000000,0.639344262,0.682111711
AOI-0058,2025-05-17,1,1,1,True,1,1.000000000,1.000000000,2.000000000,0.866666667,0.485094091
AOI-0058,2025-07-04,1,1,1,True,0,2.000000000,1.000000000,1.000000000,0.960784314,0.192625738
AOI-0058,2025-07-29,1,1,1,True,0,2.000000000,1.000000000,1.000000000,0.978947368,0.116700546
AOI-0058,2025-07-30,1,0,0,True,0,2.000000000,1.000000000,1.000000000,0.992395437,0.049949369
AOI-0058,2025-08-22,1,0,0,True,0,2.000000000,1.000000000,1.000000000,0.988304094,0.071763657
AOI-0058,2025-08-29,1,0,0,True,0,1.000000000,1.000000000,1.000000000,0.992031873,0.051963811
AOI-0058,2025-09-11,1,0,0,True,0,2.000000000,1.000000000,1.000000000,0.983739837,0.094374144
AOI-0059,2010-04-07,1,1,2,True,0,1.000000000,1.000000000,1.000000000,0.693023256,0.640762809
AOI-0059,2010-06-02,1,1,1,True,0,1.000000000,1.000000000,1.000000000,0.978947368,0.116700546
AOI-0059,2010-06-10,1,1,2,True,0,1.000000000,1.000000000,1.000000000,0.573459716,0.708354376
AOI-0059,2010-09-06,1,1,1,True,0,1.000000000,1.000000000,1.000000000,0.980582524,0.109222462
AOI-0059,2011-04-02,1,1,1,True,3,1.000000000,1.000000000,8.000000000,0.979797980,0.112827275
AOI-0059,2011-06-13,1,1,1,True,0,1.000000000,1.000000000,1.000000000,0.971830986,0.147843978
AOI-0059,2011-07-06,1,1,1,True,3,1.000000000,1.000000000,8.000000000,0.957446809,0.205470750
AOI-0059,2011-07-12,1,2,2,True,0,1.000000000,1.000000000,1.000000000,0.991031390,0.057423085
AOI-0059,2012-05-06,1,1,1,True,0,1.000000000,1.000000000,1.000000000,0.979797980,0.112827275
AOI-0059,2012-06-09,1,2,2,True,1,1.000000000,1.000000000,2.000000000,0.733990148,0.603780014
AOI-0059,2012-07-16,1,1,1,True,0,1.000000000,1.000000000,1.000000000,0.942857143,0.258640932
AOI-0059,2013-04-23,1,2,2,True,1,1.000000000,1.000000000,2.000000000,0.990867580,0.058305859
AOI-0059,2013-04-30,1,1,1,True,0,1.000000000,1.000000000,1.000000000,0.942857143,0.258640932
AOI-0059,2013-07-28,1,2,2,True,1,1.000000000,1.000000000,2.000000000,0.579487179,0.708152353
AOI-0059,2013-09-30,1,1,2,True,0,1.000000000,1.000000000,1.000000000,0.748837209,0.586770241
AOI-0059,2014-04-10,1,1,1,True,0,1.000000000,1.000000000,1.000000000,0.973333333,0.141440924
AOI-0059,2014-05-25,1,2,2,True,0,1.000000000,1.000000000,1.000000000,0.990147783,0.062150380
AOI-0059,2014-06-05,1,1,1,True,5,1.000000000,1.000000000,31.000000000,0.978947368,0.116700546
AOI-0059,2014-06-26,1,2,2,True,2,1.000000000,1.000000000,3.000000000,0.990147783,0.062150380
AOI-0059,2014-06-29,1,1,1,True,5,1.000000000,1.000000000,31.000000000,0.978021978,0.120874486
AOI-0059,2014-09-14,1,2,2,True,2,1.000000000,1.000000000,3.000000000,0.990147783,0.062150380
AOI-0059,2015-04-07,1,2,2,True,0,1.000000000,1.000000000,1.000000000,0.990338164,0.061138862
AOI-0059,2015-07-25,1,1,1,True,0,1.000000000,1.000000000,1.000000000,0.960784314,0.192625738
AOI-0059,2015-07-26,1,1,1,True,0,1.000000000,1.000000000,1.000000000,0.980582524,0.109222462
AOI-0059,2015-08-11,1,1,1,True,3,1.000000000,1.000000000,8.000000000,0.975903614,0.130281794
AOI-0059,2015-09-11,1,1,1,True,0,1.000000000,1.000000000,1.000000000,0.957446809,0.205470750
AOI-0059,2016-04-22,1,2,2,True,0,1.000000000,1.000000000,1.000000000,0.952606635,0.206174211
AOI-0059,2016-06-25,1,1,2,True,0,1.000000000,1.000000000,1.000000000,0.800947867,0.521482126
AOI-0059,2016-08-29,1,1,1,True,0,1.000000000,1.000000000,1.000000000,0.979797980,0.112827275
AOI-0059,2016-09-13,1,1,2,True,0,1.000000000,1.000000000,1.000000000,0.728643216,0.609627116
AOI-0059,2016-09-29,1,2,2,True,1,1.000000000,1.000000000,2.000000000,0.989949749,0.063198621
AOI-0059,2017-04-16,1,0,0,True,3,1.000000000,1.000000000,8.000000000,0.974683544,0.135612188
AOI-0059,2017-05-04,1,1,1,True,0,1.000000000,1.000000000,1.000000000,0.714285714,0.659572204
AOI-0059,2017-05-11,1,1,1,True,0,1.000000000,1.000000000,1.000000000,0.935483871,0.283936267
AOI-0059,2017-09-13,1,0,0,True,1,1.000000000,1.000000000,2.000000000,0.985185185,0.087375267
AOI-0059,2017-09-18,1,0,0,True,0,1.000000000,1.000000000,1.000000000,0.772455090,0.563983256
AOI-0059,2017-10-18,1,1,1,True,0,1.000000000,1.000000000,1.000000000,0.600000000,0.746974627
AOI-0059,2017-10-19,1,1,1,True,0,1.000000000,1.000000000,1.000000000,0.979797980,0.112827275
AOI-0059,2018-04-21,1,1,1,True,0,1.000000000,1.000000000,1.000000000,0.968253968,0.162764794
AOI-0059,2018-05-11,1,0,0,True,0,1.000000000,1.000000000,1.000000000,0.974683544,0.135612188
AOI-0059,2018-05-15,1,1,1,True,3,1.000000000,1.000000000,8.000000000,0.975903614,0.130281794
AOI-0059,2018-05-25,1,2,2,True,0,1.000000000,1.000000000,1.000000000,0.767441860,0.565148736
AOI-0059,2018-06-15,1,0,0,True,0,1.000000000,1.000000000,1.000000000,0.981981982,0.102711110
AOI-0059,2018-10-13,1,0,0,True,0,1.000000000,1.000000000,1.000000000,0.987096774,0.077896072
AOI-0059,2018-10-14,1,1,1,True,5,1.000000000,1.000000000,31.000000000,0.978947368,0.116700546
AOI-0059,2019-05-09,1,2,2,True,0,1.000000000,1.000000000,1.000000000,0.991031390,0.057423085
AOI-0059,2019-06-25,1,0,0,True,1,1.000000000,1.000000000,2.000000000,0.985611511,0.085284100
AOI-0059,2019-06-26,1,1,2,True,0,1.000000000,1.000000000,1.000000000,0.753424658,0.581279608
AOI-0059,2019-07-28,1,1,2,True,0,1.000000000,1.000000000,1.000000000,0.748837209,0.731448151
AOI-0059,2019-08-30,1,1,1,True,3,1.000000000,1.000000000,8.000000000,0.979797980,0.112827275
AOI-0059,2019-09-14,1,2,2,True,2,1.000000000,1.000000000,3.000000000,0.786046512,0.541555726
AOI-0059,2019-09-26,1,0,0,True,4,2.000000000,1.000000000,14.000000000,0.894736842,0.409458619
AOI-0059,2020-04-10,1,0,0,True,1,1.000000000,1.000000000,2.000000000,0.928057554,0.282021981
AOI-0059,2020-04-22,1,2,0,True,0,1.000000000,1.000000000,1.000000000,0.620512821,0.690978045
AOI-0059,2020-05-20,1,1,0,True,0,1.000000000,1.000000000,1.000000000,0.765765766,0.582527927
AOI-0059,2020-06-04,1,0,0,True,0,1.000000000,1.000000000,1.000000000,0.852631579,0.456037700
AOI-0059,2020-07-12,1,0,0,True,4,2.000000000,1.000000000,14.000000000,0.913043478,0.355712860
AOI-0059,2020-07-15,1,1,1,True,0,1.000000000,1.000000000,1.000000000,0.978021978,0.120874486
AOI-0059,2020-09-02,1,0,0,True,0,1.000000000,1.000000000,1.000000000,0.792349727,0.536096233
AOI-0059,2020-09-07,1,0,0,True,0,1.000000000,1.000000000,1.000000000,0.986394558,0.081409508
AOI-0059,2020-09-16,1,1,1,True,0,1.000000000,1.000000000,1.000000000,0.590361446,0.731082245
AOI-0059,2020-09-29,1,2,2,True,1,1.000000000,1.000000000,2.000000000,0.744075829,0.592350727
AOI-0059,2021-04-30,1,0,0,True,0,1.000000000,1.000000000,1.000000000,0.983193277,0.096986095
AOI-0059,2021-05-09,1,2,2,True,1,1.000000000,1.000000000,2.000000000,0.990867580,0.058305859
AOI-0059,2021-06-14,1,0,0,True,0,1.000000000,1.000000000,1.000000000,0.986013986,0.083298165
AOI-0059,2021-07-10,1,1,1,True,0,1.000000000,1.000000000,1.000000000,0.979797980,0.112827275
AOI-0059,2021-07-14,1,0,0,True,1,1.000000000,1.000000000,2.000000000,0.986754967,0.079610965
AOI-0059,2021-07-17,1,1,1,True,0,1.000000000,1.000000000,1.000000000,0.617021277,0.747675135
AOI-0059,2021-08-29,1,2,2,True,2,1.000000000,1.000000000,3.000000000,0.700483092,0.635184019
AOI-0059,2022-04-16,1,1,1,False,-1,0.000000000,0.000000000,inf,0.714285714,0.796311640
AOI-0059,2022-05-26,1,1,1,True,5,1.000000000,1.000000000,31.000000000,0.977011494,0.125386776
AOI-0059,2022-07-09,1,0,0,True,0,1.000000000,1.000000000,1.000000000,0.986394558,0.081409508
AOI-0059,2022-07-14,1,0,0,True,1,1.000000000,1.000000000,2.000000000,0.808695652,0.523482354
AOI-0059,2022-07-28,1,1,2,True,0,1.000000000,1.000000000,1.000000000,0.623188406,0.911141142
AOI-0059,2022-07-29,1,0,0,True,1,1.000000000,1.000000000,2.000000000,0.631284916,0.687218230
AOI-0059,2022-08-30,1,1,0,True,0,1.000000000,1.000000000,1.000000000,0.649289100,0.672991185
AOI-0059,2022-10-12,1,0,0,True,1,1.000000000,1.000000000,2.000000000,0.986013986,0.083298165
AOI-0059,2023-04-02,1,1,0,True,0,1.000000000,1.000000000,1.000000000,0.629629630,0.695463287
AOI-0059,2023-07-04,1,0,0,True,0,1.000000000,1.000000000,1.000000000,0.984732824,0.089580528
AOI-0059,2023-07-12,1,2,2,True,0,1.000000000,1.000000000,1.000000000,0.990697674,0.059218348
AOI-0059,2023-07-20,1,1,1,True,0,1.000000000,1.000000000,1.000000000,0.935483871,0.283936267
AOI-0059,2023-07-23,1,0,0,False,-1,0.000000000,0.000000000,inf,0.806451613,0.578532844
AOI-0059,2023-08-17,1,1,1,True,3,1.000000000,1.000000000,8.000000000,0.732283465,0.616498091
AOI-0059,2023-09-18,1,1,1,True,0,1.000000000,1.000000000,1.000000000,0.980582524,0.109222462
AOI-0059,2023-09-29,1,0,0,True,1,1.000000000,1.000000000,2.000000000,0.661835749,0.665130698
AOI-0059,2023-10-04,1,1,0,True,0,1.000000000,1.000000000,1.000000000,0.648241206,0.674866890
AOI-0059,2023-10-17,1,0,0,True,0,1.000000000,1.000000000,1.000000000,0.978947368,0.116700546
AOI-0059,2024-04-09,1,0,0,True,1,1.000000000,1.000000000,2.000000000,0.985611511,0.085284100
AOI-0059,2024-06-23,1,0,0,True,1,1.000000000,1.000000000,2.000000000,0.925925926,0.288132272
AOI-0059,2024-06-24,1,1,1,True,0,1.000000000,1.000000000,1.000000000,0.978021978,0.120874486
AOI-0059,2024-06-25,1,2,2,True,0,1.000000000,1.000000000,1.000000000,0.497630332,0.880095426
AOI-0059,2024-06-28,1,0,0,True,2,1.000000000,1.000000000,3.000000000,0.984732824,0.089580528
AOI-0059,2024-08-28,1,1,1,True,1,1.000000000,1.000000000,2.000000000,0.516587678,0.719232108
AOI-0059,2024-09-19,1,1,1,True,0,1.000000000,1.000000000,1.000000000,0.600000000,0.746974627
AOI-0059,2024-09-28,1,1,0,True,5,1.000000000,1.000000000,31.000000000,0.717277487,0.621577835
AOI-0059,2024-10-01,1,0,0,True,1,1.000000000,1.000000000,2.000000000,0.810055866,0.511345905
AOI-0059,2025-05-19,1,0,0,True,0,1.000000000,1.000000000,1.000000000,0.569620253,0.740529352
AOI-0059,2025-05-26,1,0,0,False,-1,0.000000000,0.000000000,inf,0.925925926,0.315396287
AOI-0059,2025-07-08,1,0,0,True,0,1.000000000,1.000000000,1.000000000,0.826484018,0.482533258
AOI-0059,2025-07-13,1,0,0,True,0,2.000000000,1.000000000,1.000000000,0.988304094,0.071763657
AOI-0059,2025-07-18,1,0,0,True,0,1.000000000,1.000000000,1.000000000,0.987421384,0.076258973
AOI-0059,2025-08-09,1,0,0,True,1,2.000000000,1.000000000,2.000000000,0.987421384,0.076258973
AOI-0059,2025-08-19,1,0,0,True,0,2.000000000,1.000000000,1.000000000,0.991189427,0.056568562
AOI-0059,2025-09-15,1,1,0,True,0,1.000000000,1.000000000,1.000000000,0.687203791,0.645879152
AOI-0060,2025-05-19,1,0,0,True,0,1.000000000,1.000000000,1.000000000,0.569620253,0.740529352
AOI-0060,2025-06-11,1,1,1,True,0,1.000000000,1.000000000,1.000000000,0.807407407,0.521357632
AOI-0060,2025-07-08,1,0,0,True,0,1.000000000,1.000000000,1.000000000,0.826484018,0.482533258
AOI-0060,2025-08-02,1,0,0,True,0,2.000000000,1.000000000,1.000000000,0.986394558,0.081409508
AOI-0060,2025-08-09,1,0,0,True,0,1.000000000,1.000000000,1.000000000,0.987421384,0.076258973
AOI-0060,2025-09-06,1,0,0,False,-1,0.000000000,0.000000000,1.000000000,0.600000000,0.721688628
AOI-0060,2025-09-07,1,1,1,True,1,1.000000000,1.000000000,2.000000000,0.975903614,0.130281794
AOI-0060,2025-09-15,1,0,0,True,0,1.000000000,1.000000000,1.000000000,0.687203791,0.645879152
AOI-0061,2010-04-07,1,2,2,True,0,1.000000000,1.000000000,1.000000000,0.693023256,0.640762809
AOI-0061,2010-06-10,1,2,2,True,0,1.000000000,1.000000000,1.000000000,0.573459716,0.708354376
AOI-0061,2010-07-29,1,1,1,True,0,1.000000000,1.000000000,1.000000000,0.982608696,0.099759750
AOI-0061,2011-08-09,1,1,1,True,0,1.000000000,1.000000000,1.000000000,0.983193277,0.096986095
AOI-0061,2011-08-13,1,2,2,True,0,1.000000000,1.000000000,1.000000000,0.990521327,0.060162121
AOI-0061,2011-08-29,1,2,2,True,0,1.000000000,1.000000000,1.000000000,0.990521327,0.060162121
AOI-0061,2012-07-11,1,2,2,True,1,1.000000000,1.000000000,2.000000000,0.990697674,0.059218348
AOI-0061,2012-09-13,1,2,2,True,1,1.000000000,1.000000000,2.000000000,0.698630137,0.635682805
AOI-0061,2012-10-15,1,2,2,True,0,1.000000000,1.000000000,1.000000000,0.748837209,0.586770241
AOI-0061,2013-06-27,1,1,1,True,0,1.000000000,1.000000000,1.000000000,0.980582524,0.109222462
AOI-0061,2013-07-29,1,1,1,False,-1,0.000000000,0.000000000,inf,0.966101695,0.171538761
AOI-0061,2013-08-14,1,1,1,True,0,1.000000000,1.000000000,1.000000000,0.977011494,0.125386776
AOI-0061,2013-09-23,1,1,1,True,0,1.000000000,1.000000000,1.000000000,0.942857143,0.258640932
AOI-0061,2014-05-09,1,2,2,True,2,1.000000000,1.000000000,3.000000000,0.990867580,0.058305859
AOI-0061,2014-05-25,1,2,2,True,0,1.000000000,1.000000000,1.000000000,0.990147783,0.062150380
AOI-0061,2014-06-14,1,1,1,True,0,1.000000000,1.000000000,1.000000000,0.960784314,0.192625738
AOI-0061,2014-09-14,1,2,2,True,0,1.000000000,1.000000000,1.000000000,0.990147783,0.062150380
AOI-0061,2015-06-09,1,1,1,False,-1,0.000000000,0.000000000,inf,0.981981982,0.102711110
AOI-0061,2015-06-26,1,2,2,True,0,1.000000000,1.000000000,1.000000000,0.897674419,0.349083713
AOI-0061,2015-09-30,1,2,2,True,0,1.000000000,1.000000000,1.000000000,0.719806763,0.617540427
AOI-0061,2015-10-16,1,2,2,True,0,1.000000000,1.000000000,1.000000000,0.714285714,0.623155167
AOI-0061,2016-04-06,1,2,2,True,0,1.000000000,1.000000000,1.000000000,0.869346734,0.408926224
AOI-0061,2016-04-24,1,1,1,False,-1,0.000000000,0.000000000,inf,0.979797980,0.112827275
AOI-0061,2016-08-28,1,2,2,True,0,1.000000000,1.000000000,1.000000000,0.753424658,0.581279608
AOI-0061,2016-09-13,1,1,2,True,2,1.000000000,1.000000000,3.000000000,0.728643216,0.609627116
AOI-0061,2017-04-16,1,0,0,True,4,1.000000000,1.000000000,10.000000000,0.974683544,0.135612188
AOI-0061,2017-05-01,1,0,0,True,0,1.000000000,1.000000000,1.000000000,0.983739837,0.094374144
AOI-0061,2017-06-05,1,0,0,True,0,1.000000000,1.000000000,1.000000000,0.740458015,0.607016297
AOI-0061,2017-07-12,1,2,2,True,2,1.000000000,1.000000000,3.000000000,0.855072464,0.434988930
AOI-0061,2017-07-15,1,1,1,False,-1,0.000000000,0.000000000,inf,0.825242718,0.500845652
AOI-0061,2017-09-18,1,0,0,True,0,1.000000000,1.000000000,1.000000000,0.772455090,0.563983256
AOI-0061,2017-09-26,1,1,1,True,0,1.000000000,1.000000000,1.000000000,0.981308411,0.105858397
AOI-0061,2018-04-06,1,1,1,False,-1,0.000000000,0.000000000,inf,0.978947368,0.116700546
AOI-0061,2018-05-31,1,0,0,True,0,1.000000000,1.000000000,1.000000000,0.984732824,0.089580528
AOI-0061,2018-06-20,1,0,0,True,0,1.000000000,1.000000000,1.000000000,0.983739837,0.094374144
AOI-0061,2018-07-27,1,1,1,True,0,1.000000000,1.000000000,1.000000000,0.981308411,0.105858397
AOI-0061,2018-09-14,1,2,2,True,0,1.000000000,1.000000000,1.000000000,0.797101449,0.527223827
AOI-0061,2018-09-29,1,1,1,True,0,1.000000000,1.000000000,1.000000000,0.978021978,0.120874486
AOI-0061,2019-04-25,1,1,1,True,0,1.000000000,1.000000000,1.000000000,0.755395683,0.588786262
AOI-0061,2019-06-26,1,2,2,True,0,1.000000000,1.000000000,1.000000000,0.753424658,0.581279608
AOI-0061,2019-06-30,1,0,0,True,0,1.000000000,1.000000000,1.000000000,0.704347826,0.646365771
AOI-0061,2019-07-02,1,0,0,True,0,1.000000000,1.000000000,1.000000000,0.984251969,0.091909786
AOI-0061,2019-07-05,1,0,0,True,0,1.000000000,1.000000000,1.000000000,0.986013986,0.083298165
AOI-0061,2019-08-11,1,0,0,True,0,1.000000000,1.000000000,1.000000000,0.985185185,0.087375267
AOI-0061,2019-08-15,1,1,1,True,0,1.000000000,1.000000000,1.000000000,0.982608696,0.099759750
AOI-0061,2019-08-16,1,0,0,False,-1,0.000000000,0.000000000,inf,0.873417722,0.420987473
AOI-0061,2019-08-29,1,0,0,True,0,1.000000000,1.000000000,1.000000000,0.716894977,0.619236583
AOI-0061,2019-08-31,1,0,0,False,-1,0.000000000,0.000000000,inf,0.984251969,0.091909786
AOI-0061,2019-09-16,1,1,1,True,0,1.000000000,1.000000000,1.000000000,0.848739496,0.457343669
AOI-0061,2020-04-12,1,0,0,True,0,1.000000000,1.000000000,1.000000000,0.984732824,0.089580528
AOI-0061,2020-04-30,1,0,0,True,1,1.000000000,1.000000000,2.000000000,0.986754967,0.079610965
AOI-0061,2020-05-12,1,0,0,True,0,1.000000000,1.000000000,1.000000000,0.642512077,0.677549840
AOI-0061,2020-05-15,1,0,0,False,-1,0.000000000,0.000000000,inf,0.758241758,0.597801045
AOI-0061,2020-06-06,1,0,0,True,0,1.000000000,1.000000000,1.000000000,0.904761905,0.338998738
AOI-0061,2020-06-11,1,0,0,True,0,1.000000000,1.000000000,1.000000000,0.982608696,0.099759750
AOI-0061,2020-07-14,1,0,0,True,0,1.000000000,1.000000000,1.000000000,0.951219512,0.216887283
AOI-0061,2020-10-07,1,0,0,True,1,1.000000000,1.000000000,2.000000000,0.986754967,0.079610965
AOI-0061,2020-10-12,1,0,0,True,0,1.000000000,1.000000000,1.000000000,0.805714286,0.518158008
AOI-0061,2020-10-24,1,0,0,True,0,1.000000000,1.000000000,1.000000000,0.963636364,0.181415523
AOI-0061,2021-04-06,1,1,1,True,0,1.000000000,1.000000000,1.000000000,0.981981982,0.102711110
AOI-0061,2021-05-16,1,1,1,True,0,1.000000000,1.000000000,1.000000000,0.981308411,0.105858397
AOI-0061,2021-05-20,1,0,0,True,4,1.000000000,1.000000000,10.000000000,0.982608696,0.099759750
AOI-0061,2021-06-19,1,0,0,True,0,1.000000000,1.000000000,1.000000000,0.814207650,0.504717032
AOI-0061,2021-08-13,1,2,2,True,1,1.000000000,1.000000000,2.000000000,0.887179487,0.428697976
AOI-0061,2021-08-18,1,0,0,True,2,1.000000000,1.000000000,3.000000000,0.986394558,0.081409508
AOI-0061,2021-08-30,1,0,0,True,0,1.000000000,1.000000000,1.000000000,0.984251969,0.091909786
AOI-0061,2021-09-04,1,0,0,True,0,1.000000000,1.000000000,1.000000000,0.754385965,0.585100662
AOI-0061,2021-10-16,1,2,2,True,2,1.000000000,1.000000000,3.000000000,0.739130435,0.736459897
AOI-0061,2021-10-23,1,1,1,True,0,1.000000000,1.000000000,1.000000000,0.894736842,0.409458619
AOI-0061,2022-06-06,1,0,0,True,0,1.000000000,1.000000000,1.000000000,0.899280576,0.352577827
AOI-0061,2022-06-16,1,0,0,True,0,1.000000000,1.000000000,1.000000000,0.982608696,0.099759750
AOI-0061,2022-07-01,1,0,0,False,-1,0.000000000,0.000000000,inf,0.984251969,0.091909786
AOI-0061,2022-07-09,1,0,0,True,0,1.000000000,1.000000000,1.000000000,0.986394558,0.081409508
AOI-0061,2022-07-26,1,0,0,False,-1,0.000000000,0.000000000,inf,0.913043478,0.355712860
AOI-0061,2022-07-31,1,0,0,False,-1,0.000000000,0.000000000,inf,0.949579832,0.222467921
AOI-0061,2022-09-09,1,0,0,True,0,1.000000000,1.000000000,1.000000000,0.952755906,0.211605625
AOI-0061,2022-09-14,1,2,2,True,1,1.000000000,1.000000000,2.000000000,0.773399015,0.558869016
AOI-0061,2022-10-19,1,0,0,False,-1,0.000000000,0.000000000,inf,0.923664122,0.294543299
AOI-0061,2023-04-17,1,0,0,True,0,1.000000000,1.000000000,1.000000000,0.978021978,0.120874486
AOI-0061,2023-04-23,1,2,2,True,0,1.000000000,1.000000000,1.000000000,0.990867580,0.058305859
AOI-0061,2023-05-15,1,0,0,True,0,1.000000000,1.000000000,1.000000000,0.725118483,0.611995933
AOI-0061,2023-07-25,1,1,1,True,0,1.000000000,1.000000000,1.000000000,0.982608696,0.099759750
AOI-0061,2023-07-26,1,0,0,True,0,1.000000000,1.000000000,1.000000000,0.952755906,0.211605625
AOI-0061,2023-08-25,1,1,0,True,4,1.000000000,1.000000000,10.000000000,0.734265734,0.611307571
AOI-0061,2023-08-28,1,0,0,True,0,1.000000000,1.000000000,1.000000000,0.760000000,0.578083752
AOI-0061,2023-08-29,1,2,2,True,0,1.000000000,1.000000000,1.000000000,0.990697674,0.059218348
AOI-0061,2023-09-07,1,0,0,True,1,1.000000000,1.000000000,2.000000000,0.985611511,0.085284100
AOI-0061,2023-10-16,1,2,2,True,2,1.000000000,1.000000000,3.000000000,0.733990148,0.661312463
AOI-0061,2024-04-22,1,2,1,True,2,1.000000000,1.000000000,3.000000000,0.534246575,0.900650113
AOI-0061,2024-06-05,1,0,0,False,-1,0.000000000,0.000000000,inf,0.973333333,0.141440924
AOI-0061,2024-06-18,1,0,0,True,0,1.000000000,1.000000000,1.000000000,0.684210526,0.652775710
AOI-0061,2024-06-30,1,0,0,True,0,1.000000000,1.000000000,1.000000000,0.983739837,0.094374144
AOI-0061,2024-07-03,1,0,0,True,0,1.000000000,1.000000000,1.000000000,0.760000000,0.578083752
AOI-0061,2024-07-13,1,0,0,True,0,1.000000000,1.000000000,1.000000000,0.836065574,0.470095000
AOI-0061,2024-08-04,1,0,0,False,-1,0.000000000,0.000000000,inf,0.810526316,0.526112214
AOI-0061,2024-08-24,1,0,0,False,-1,0.000000000,0.000000000,inf,0.975903614,0.130281794
AOI-0061,2024-09-28,1,0,0,False,-1,0.000000000,0.000000000,inf,0.717277487,0.621577835
AOI-0061,2025-04-14,1,0,0,True,0,1.000000000,1.000000000,1.000000000,0.986754967,0.079610965
AOI-0061,2025-04-28,1,0,0,True,0,1.000000000,1.000000000,1.000000000,0.980582524,0.109222462
AOI-0061,2025-05-14,1,0,0,True,0,1.000000000,1.000000000,1.000000000,0.982608696,0.099759750
AOI-0061,2025-06-10,1,2,0,True,3,10.000000000,0.700000000,1.000000000,0.533039648,0.715890578
AOI-0061,2025-06-26,1,2,2,True,0,2.000000000,1.000000000,1.000000000,0.990697674,0.059218348
AOI-0061,2025-07-15,1,0,0,True,1,1.000000000,1.000000000,2.000000000,0.952755906,0.211605625
AOI-0061,2025-08-17,1,0,0,True,0,1.000000000,1.000000000,1.000000000,0.801047120,0.523158429
AOI-0061,2025-08-22,1,0,0,True,0,2.000000000,1.000000000,1.000000000,0.988304094,0.071763657
AOI-0061,2025-09-01,1,0,0,True,0,1.000000000,1.000000000,1.000000000,0.691629956,0.640879796
AOI-0061,2025-10-05,1,0,0,True,0,1.000000000,1.000000000,1.000000000,0.973333333,0.141440924
AOI-0061,2025-10-08,1,0,0,True,0,1.000000000,1.000000000,1.000000000,0.987421384,0.076258973
AOI-0062,2010-07-13,1,1,1,True,0,1.000000000,1.000000000,1.000000000,0.981981982,0.102711110
AOI-0062,2010-07-28,1,2,2,True,0,1.000000000,1.000000000,1.000000000,0.515981735,0.718475108
AOI-0062,2010-09-30,1,2,2,True,0,1.000000000,1.000000000,1.000000000,0.990147783,0.062150380
AOI-0062,2011-05-21,1,1,1,True,0,1.000000000,1.000000000,1.000000000,0.968253968,0.162764794
AOI-0062,2011-09-18,1,1,1,False,-1,0.000000000,0.000000000,inf,0.980582524,0.109222462
AOI-0062,2011-09-30,1,2,2,True,0,1.000000000,1.000000000,1.000000000,0.991031390,0.057423085
AOI-0062,2012-07-11,1,2,2,True,2,1.000000000,1.000000000,3.000000000,0.990697674,0.059218348
AOI-0062,2012-07-27,1,2,2,True,0,1.000000000,1.000000000,1.000000000,0.706161137,0.629814033
AOI-0062,2013-04-07,1,2,2,True,0,1.000000000,1.000000000,1.000000000,0.934883721,0.257574641
AOI-0062,2013-07-13,1,1,1,True,0,1.000000000,1.000000000,1.000000000,0.982608696,0.099759750
AOI-0062,2013-07-29,1,1,1,False,-1,0.000000000,0.000000000,inf,0.966101695,0.171538761
AOI-0062,2014-05-09,1,2,2,True,2,1.000000000,1.000000000,4.000000000,0.990867580,0.058305859
AOI-0062,2014-07-08,1,1,1,True,0,1.000000000,1.000000000,1.000000000,0.953488372,0.220352331
AOI-0062,2014-08-01,1,1,1,True,0,1.000000000,1.000000000,1.000000000,0.980582524,0.109222462
AOI-0062,2014-09-02,1,1,1,True,0,1.000000000,1.000000000,1.000000000,0.981981982,0.102711110
AOI-0062,2015-04-30,1,1,1,True,0,1.000000000,1.000000000,1.000000000,0.981308411,0.105858397
AOI-0062,2015-06-09,1,1,1,False,-1,0.000000000,0.000000000,inf,0.981981982,0.102711110
AOI-0062,2015-06-10,1,2,2,True,0,1.000000000,1.000000000,1.000000000,0.735159817,0.601126410
AOI-0062,2015-09-14,1,2,2,True,0,1.000000000,1.000000000,1.000000000,0.990338164,0.061138862
AOI-0062,2016-04-24,1,1,1,False,-1,0.000000000,0.000000000,inf,0.979797980,0.112827275
AOI-0062,2016-08-30,1,1,1,True,0,1.000000000,1.000000000,1.000000000,0.981308411,0.105858397
AOI-0062,2016-09-29,1,2,2,True,0,1.000000000,1.000000000,1.000000000,0.989949749,0.063198621
AOI-0062,2016-10-17,1,1,1,True,0,1.000000000,1.000000000,1.000000000,0.979797980,0.112827275
AOI-0062,2017-04-16,1,0,0,True,4,1.000000000,1.000000000,11.000000000,0.974683544,0.135612188
AOI-0062,2017-04-26,1,0,0,True,0,1.000000000,1.000000000,1.000000000,0.983739837,0.094374144
AOI-0062,2017-07-12,1,2,2,True,2,1.000000000,1.000000000,4.000000000,0.855072464,0.434988930
AOI-0062,2017-07-15,1,1,1,False,-1,0.000000000,0.000000000,inf,0.825242718,0.500845652
AOI-0062,2017-07-16,1,1,1,True,0,1.000000000,1.000000000,1.000000000,0.978021978,0.120874486
AOI-0062,2017-08-17,1,1,1,True,0,1.000000000,1.000000000,1.000000000,0.862595420,0.429705336
AOI-0062,2017-09-20,1,0,0,True,0,1.000000000,1.000000000,1.000000000,0.985611511,0.085284100
AOI-0062,2018-06-10,1,2,2,True,2,2.000000000,1.000000000,3.000000000,0.711627907,0.748775060
AOI-0062,2018-07-11,1,1,1,True,0,1.000000000,1.000000000,1.000000000,0.977011494,0.125386776
AOI-0062,2018-07-12,1,2,2,True,0,1.000000000,1.000000000,1.000000000,0.739130435,0.598020854
AOI-0062,2018-10-08,1,0,0,True,0,1.000000000,1.000000000,1.000000000,0.974683544,0.135612188
AOI-0062,2018-10-16,1,2,2,True,0,1.000000000,1.000000000,1.000000000,0.766233766,0.565344230
AOI-0062,2019-04-26,1,0,0,True,0,1.000000000,1.000000000,1.000000000,0.714285714,0.623155167
AOI-0062,2019-05-08,1,0,0,True,0,1.000000000,1.000000000,1.000000000,0.985611511,0.085284100
AOI-0062,2019-05-23,1,0,0,True,0,1.000000000,1.000000000,1.000000000,0.913043478,0.355712860
AOI-0062,2019-06-02,1,0,0,True,0,1.000000000,1.000000000,1.000000000,0.777777778,0.556748955
AOI-0062,2019-06-15,1,0,0,True,0,1.000000000,1.000000000,1.000000000,0.986013986,0.083298165
AOI-0062,2019-06-27,1,1,0,True,2,1.000000000,1.000000000,3.000000000,0.633507853,0.684503769
AOI-0062,2019-07-07,1,0,0,True,0,1.000000000,1.000000000,1.000000000,0.955555556,0.201845225
AOI-0062,2019-08-06,1,0,0,True,0,1.000000000,1.000000000,1.000000000,0.702564103,0.634582589
AOI-0062,2019-08-19,1,0,0,True,0,1.000000000,1.000000000,1.000000000,0.979797980,0.112827275
AOI-0062,2019-08-31,1,0,0,False,-1,0.000000000,0.000000000,inf,0.984251969,0.091909786
AOI-0062,2019-09-30,1,0,2,True,0,1.000000000,1.000000000,1.000000000,0.625570776,0.874297010
AOI-0062,2020-04-25,1,0,0,True,0,1.000000000,1.000000000,1.000000000,0.983739837,0.094374144
AOI-0062,2020-05-15,1,0,0,False,-1,0.000000000,0.000000000,inf,0.758241758,0.597801045
AOI-0062,2020-06-25,1,2,2,True,0,1.000000000,1.000000000,1.000000000,0.991031390,0.057423085
AOI-0062,2020-07-24,1,0,0,True,2,1.000000000,1.000000000,3.000000000,0.780645161,0.555196694
AOI-0062,2020-08-08,1,0,0,True,2,2.000000000,1.000000000,3.000000000,0.986754967,0.079610965
AOI-0062,2020-08-12,1,2,2,True,0,1.000000000,1.000000000,1.000000000,0.841860465,0.457555646
AOI-0062,2020-09-12,1,0,0,True,0,1.000000000,1.000000000,1.000000000,0.818181818,0.498265026
AOI-0062,2020-09-22,1,0,0,True,0,1.000000000,1.000000000,1.000000000,0.987096774,0.077896072
AOI-0062,2020-10-09,1,0,0,True,0,1.000000000,1.000000000,1.000000000,0.985611511,0.085284100
AOI-0062,2020-10-28,1,1,1,True,0,1.000000000,1.000000000,1.000000000,0.894736842,0.409458619
AOI-0062,2021-05-15,1,0,0,True,2,2.000000000,1.000000000,3.000000000,0.904761905,0.338998738
AOI-0062,2021-05-20,1,0,0,True,4,1.000000000,1.000000000,11.000000000,0.982608696,0.099759750
AOI-0062,2021-06-09,1,0,0,True,0,1.000000000,1.000000000,1.000000000,0.851428571,0.444443716
AOI-0062,2021-07-09,1,0,0,True,0,1.000000000,1.000000000,1.000000000,0.987421384,0.076258973
AOI-0062,2021-07-16,1,0,0,True,0,1.000000000,1.000000000,1.000000000,0.985611511,0.085284100
AOI-0062,2021-08-13,1,2,2,True,2,1.000000000,1.000000000,3.000000000,0.887179487,0.428697976
AOI-0062,2021-08-18,1,0,0,True,2,1.000000000,1.000000000,4.000000000,0.986394558,0.081409508
AOI-0062,2021-10-02,1,0,0,True,0,1.000000000,1.000000000,1.000000000,0.984732824,0.089580528
AOI-0062,2021-10-19,1,0,0,True,0,1.000000000,1.000000000,1.000000000,0.894736842,0.409458619
AOI-0062,2022-04-25,1,0,0,True,0,1.000000000,1.000000000,1.000000000,0.792349727,0.536096233
AOI-0062,2022-05-22,1,0,0,False,-1,0.000000000,0.000000000,inf,0.913043478,0.355712860
AOI-0062,2022-06-10,1,2,2,True,0,1.000000000,1.000000000,1.000000000,0.773399015,0.558869016
AOI-0062,2022-06-26,1,2,2,True,0,1.000000000,1.000000000,1.000000000,0.874396135,0.439433173
AOI-0062,2022-06-30,1,1,1,True,0,1.000000000,1.000000000,1.000000000,0.984732824,0.089580528
AOI-0062,2022-07-01,1,0,0,False,-1,0.000000000,0.000000000,inf,0.984251969,0.091909786
AOI-0062,2022-07-29,1,0,0,True,0,1.000000000,1.000000000,1.000000000,0.631284916,0.687218230
AOI-0062,2022-07-31,1,0,0,False,-1,0.000000000,0.000000000,inf,0.949579832,0.222467921
AOI-0062,2022-08-15,1,0,0,True,0,1.000000000,1.000000000,1.000000000,0.923664122,0.294543299
AOI-0062,2023-05-06,1,1,1,False,-1,0.000000000,0.000000000,inf,0.980582524,0.109222462
AOI-0062,2023-05-09,1,2,2,True,0,1.000000000,1.000000000,1.000000000,0.990867580,0.058305859
AOI-0062,2023-06-06,1,1,0,True,2,2.000000000,1.000000000,3.000000000,0.556650246,0.713780066
AOI-0062,2023-06-29,1,0,0,True,0,1.000000000,1.000000000,1.000000000,0.936842105,0.264026087
AOI-0062,2023-08-01,1,1,1,True,0,1.000000000,1.000000000,1.000000000,0.914110429,0.315024181
AOI-0062,2023-08-26,1,1,1,True,0,1.000000000,1.000000000,1.000000000,0.815126050,0.512888736
AOI-0062,2023-09-07,1,0,0,True,2,2.000000000,1.000000000,3.000000000,0.985611511,0.085284100
AOI-0062,2023-09-11,1,1,1,True,0,1.000000000,1.000000000,1.000000000,0.843478261,0.467440026
AOI-0062,2023-09-14,1,0,2,True,0,1.000000000,1.000000000,1.000000000,0.525581395,0.717977583
AOI-0062,2023-10-09,1,0,0,True,0,1.000000000,1.000000000,1.000000000,0.984732824,0.089580528
AOI-0062,2024-04-04,1,0,0,True,0,1.000000000,1.000000000,1.000000000,0.986394558,0.081409508
AOI-0062,2024-04-06,1,0,0,True,0,1.000000000,1.000000000,1.000000000,0.615763547,0.757590482
AOI-0062,2024-05-24,1,0,0,True,0,1.000000000,1.000000000,1.000000000,0.700483092,0.817439947
AOI-0062,2024-06-20,1,0,0,False,-1,0.000000000,0.000000000,inf,0.985185185,0.087375267
AOI-0062,2024-07-05,1,0,0,True,0,1.000000000,1.000000000,1.000000000,0.981981982,0.102711110
AOI-0062,2024-07-27,1,2,1,True,0,1.000000000,1.000000000,1.000000000,0.477832512,0.998567745
AOI-0062,2024-08-24,1,0,0,False,-1,0.000000000,0.000000000,inf,0.975903614,0.130281794
AOI-0062,2024-09-21,1,0,0,True,0,1.000000000,1.000000000,1.000000000,0.818181818,0.498265026
AOI-0062,2024-09-28,1,0,0,False,-1,0.000000000,0.000000000,inf,0.717277487,0.621577835
AOI-0062,2025-04-19,1,0,0,True,1,2.000000000,1.000000000,2.000000000,0.801047120,0.523158429
AOI-0062,2025-04-23,1,2,2,True,0,1.000000000,1.000000000,1.000000000,0.668246445,0.864825637
AOI-0062,2025-05-25,1,2,2,True,0,1.000000000,1.000000000,1.000000000,0.838862559,0.462932768
AOI-0062,2025-07-28,1,0,0,True,0,1.000000000,1.000000000,1.000000000,0.739910314,0.595804393
AOI-0062,2025-08-14,1,0,0,True,0,1.000000000,1.000000000,1.000000000,0.717791411,0.624583560
AOI-0062,2025-08-31,1,1,1,True,0,2.000000000,1.000000000,1.000000000,0.756097561,0.591181657
AOI-0062,2025-09-03,1,0,0,False,-1,0.000000000,0.000000000,inf,0.970149254,0.154913925
AOI-0062,2025-09-16,1,0,0,True,0,2.000000000,1.000000000,1.000000000,0.696335079,0.640386746
AOI-0062,2025-10-11,1,1,1,False,-1,0.000000000,0.000000000,inf,0.714285714,0.796311640
AOI-0062,2025-10-18,1,0,0,True,0,2.000000000,1.000000000,1.000000000,0.981981982,0.102711110
AOI-0063,2025-04-28,1,0,0,True,0,2.000000000,1.000000000,1.000000000,0.980582524,0.109222462
AOI-0063,2025-05-14,1,0,0,True,0,2.000000000,1.000000000,1.000000000,0.982608696,0.099759750
AOI-0063,2025-05-28,1,0,0,True,1,1.000000000,1.000000000,2.000000000,0.843478261,0.467440026
AOI-0063,2025-06-26,1,2,2,True,0,1.000000000,1.000000000,1.000000000,0.990697674,0.059218348
AOI-0063,2025-07-10,1,0,0,True,0,1.000000000,1.000000000,1.000000000,0.990521327,0.060162121
AOI-0063,2025-08-09,1,0,0,True,0,2.000000000,1.000000000,1.000000000,0.987421384,0.076258973
AOI-0063,2025-08-14,1,0,0,True,0,1.000000000,1.000000000,1.000000000,0.717791411,0.624583560
AOI-0063,2025-08-27,1,0,0,True,0,1.000000000,1.000000000,1.000000000,0.987421384,0.076258973
AOI-0063,2025-08-29,1,0,0,True,0,2.000000000,1.000000000,1.000000000,0.992031873,0.051963811
AOI-0063,2025-10-16,1,0,0,True,0,2.000000000,1.000000000,1.000000000,0.578475336,0.768375239
AOI-0064,2025-04-18,1,0,0,True,0,2.000000000,1.000000000,1.000000000,0.986394558,0.081409508
AOI-0064,2025-04-29,1,0,0,True,0,2.000000000,1.000000000,1.000000000,0.981981982,0.102711110
AOI-0064,2025-05-28,1,0,0,True,0,1.000000000,1.000000000,1.000000000,0.843478261,0.467440026
AOI-0064,2025-06-07,1,0,0,True,0,2.000000000,1.000000000,1.000000000,0.986394558,0.081409508
AOI-0064,2025-07-12,1,2,2,True,0,2.000000000,1.000000000,1.000000000,0.556485356,0.982705973
AOI-0064,2025-07-15,1,0,0,True,0,1.000000000,1.000000000,1.000000000,0.952755906,0.211605625
AOI-0064,2025-09-15,1,0,0,True,0,2.000000000,1.000000000,1.000000000,0.687203791,0.645879152
AOI-0064,2025-09-21,1,0,0,True,0,2.000000000,1.000000000,1.000000000,0.988023952,0.073197386
AOI-0064,2025-09-26,1,0,0,True,0,2.000000000,1.000000000,1.000000000,0.832512315,0.474104342
AOI-0064,2025-09-30,1,2,2,True,0,1.000000000,1.000000000,1.000000000,0.917808219,0.301725093
AOI-0065,2025-05-25,1,2,2,True,0,2.000000000,1.000000000,1.000000000,0.838862559,0.462932768
AOI-0065,2025-06-10,1,2,0,True,0,2.000000000,1.000000000,1.000000000,0.533039648,0.715890578
AOI-0065,2025-06-25,1,0,0,True,0,1.000000000,1.000000000,1.000000000,0.942857143,0.258640932
AOI-0065,2025-06-28,1,0,1,True,0,1.000000000,1.000000000,1.000000000,0.638554217,0.707068915
AOI-0065,2025-07-05,1,0,0,True,0,1.000000000,1.000000000,1.000000000,0.684210526,0.652775710
AOI-0065,2025-07-27,1,0,0,True,0,1.000000000,1.000000000,1.000000000,0.973333333,0.141440924
AOI-0065,2025-08-02,1,0,0,True,0,2.000000000,1.000000000,1.000000000,0.986394558,0.081409508
AOI-0065,2025-08-19,1,0,0,True,0,1.000000000,1.000000000,1.000000000,0.991189427,0.056568562
AOI-0065,2025-09-05,1,0,0,True,0,2.000000000,1.000000000,1.000000000,0.971830986,0.147843978
AOI-0065,2025-09-23,1,0,0,True,0,2.000000000,1.000000000,1.000000000,0.689839572,0.646243791
AOI-0066,2025-04-11,1,0,0,True,0,1.000000000,1.000000000,1.000000000,0.966101695,0.171538761
AOI-0066,2025-05-28,1,0,0,True,0,1.000000000,1.000000000,1.000000000,0.843478261,0.467440026
AOI-0066,2025-06-03,1,0,0,True,0,1.000000000,1.000000000,1.000000000,0.986754967,0.079610965
AOI-0066,2025-06-25,1,0,0,True,1,1.000000000,1.000000000,2.000000000,0.942857143,0.258640932
AOI-0066,2025-06-26,1,2,2,True,2,1.000000000,1.000000000,4.000000000,0.990697674,0.059218348
AOI-0066,2025-06-30,1,0,0,True,0,1.000000000,1.000000000,1.000000000,0.984732824,0.089580528
AOI-0066,2025-07-14,1,1,1,True,0,1.000000000,1.000000000,1.000000000,0.734265734,0.611307571
AOI-0066,2025-07-30,1,0,0,True,0,1.000000000,1.000000000,1.000000000,0.992395437,0.049949369
AOI-0066,2025-08-09,1,0,0,True,0,1.000000000,1.000000000,1.000000000,0.987421384,0.076258973
AOI-0066,2025-09-14,1,2,2,True,1,1.000000000,1.000000000,2.000000000,0.771689498,0.559610189
AOI-0066,2025-09-25,1,0,0,True,1,1.000000000,1.000000000,2.000000000,0.837837838,0.478031285
AOI-0066,2025-10-08,1,0,0,True,1,1.000000000,1.000000000,2.000000000,0.987421384,0.076258973
AOI-0067,2010-04-24,1,1,1,True,0,1.000000000,1.000000000,1.000000000,0.979797980,0.112827275
AOI-0067,2010-05-02,1,1,1,True,5,2.000000000,1.000000000,21.000000000,0.978947368,0.116700546
AOI-0067,2010-06-28,1,1,1,True,5,1.000000000,1.000000000,21.000000000,0.957446809,0.205470750
AOI-0067,2010-08-29,1,2,2,True,5,1.000000000,1.000000000,21.000000000,0.527638191,0.719447590
AOI-0067,2011-04-19,1,1,1,True,0,1.000000000,1.000000000,1.000000000,0.981981982,0.102711110
AOI-0067,2011-05-25,1,2,2,True,0,1.000000000,1.000000000,1.000000000,0.990697674,0.059218348
AOI-0067,2011-08-13,1,2,2,True,5,2.000000000,1.000000000,21.000000000,0.990521327,0.060162121
AOI-0067,2011-09-02,1,1,1,True,0,1.000000000,1.000000000,1.000000000,0.983193277,0.096986095
AOI-0067,2011-09-26,1,1,1,True,0,1.000000000,1.000000000,1.000000000,0.975903614,0.130281794
AOI-0067,2012-08-28,1,1,2,True,0,1.000000000,1.000000000,1.000000000,0.694581281,0.640602776
AOI-0067,2012-09-04,1,1,1,True,0,1.000000000,1.000000000,1.000000000,0.979797980,0.112827275
AOI-0067,2012-10-22,1,1,1,False,-1,0.000000000,0.000000000,inf,0.948717949,0.237819011
AOI-0067,2013-05-03,1,1,1,True,0,1.000000000,1.000000000,1.000000000,0.966101695,0.171538761
AOI-0067,2013-06-10,1,2,2,True,0,1.000000000,1.000000000,1.000000000,0.687203791,0.645879152
AOI-0067,2013-06-11,1,1,1,True,0,1.000000000,1.000000000,1.000000000,0.981308411,0.105858397
AOI-0067,2013-06-12,1,1,1,True,0,1.000000000,1.000000000,1.000000000,0.963636364,0.181415523
AOI-0067,2013-08-30,1,1,1,False,-1,0.000000000,0.000000000,inf,0.971830986,0.147843978
AOI-0067,2014-04-04,1,1,1,True,0,1.000000000,1.000000000,1.000000000,0.960784314,0.192625738
AOI-0067,2014-05-30,1,1,1,True,0,1.000000000,1.000000000,1.000000000,0.970149254,0.154913925
AOI-0067,2014-06-26,1,2,2,True,0,1.000000000,1.000000000,1.000000000,0.990147783,0.062150380
AOI-0067,2014-08-25,1,1,1,False,-1,0.000000000,0.000000000,inf,0.974683544,0.135612188
AOI-0067,2014-09-26,1,1,1,True,0,1.000000000,1.000000000,1.000000000,0.978021978,0.120874486
AOI-0067,2014-10-29,1,1,1,False,-1,0.000000000,0.000000000,inf,0.963636364,0.181415523
AOI-0067,2015-07-04,1,1,1,True,0,1.000000000,1.000000000,1.000000000,0.970149254,0.154913925
AOI-0067,2015-07-28,1,1,2,True,5,1.000000000,1.000000000,21.000000000,0.735159817,0.601126410
AOI-0067,2015-08-12,1,1,1,True,0,1.000000000,1.000000000,1.000000000,0.982608696,0.099759750
AOI-0067,2015-08-20,1,1,1,True,0,1.000000000,1.000000000,1.000000000,0.975903614,0.130281794
AOI-0067,2016-05-02,1,1,1,False,-1,0.000000000,0.000000000,inf,0.971830986,0.147843978
AOI-0067,2016-05-08,1,2,2,True,0,1.000000000,1.000000000,1.000000000,0.917808219,0.301725093
AOI-0067,2016-05-26,1,1,1,True,0,1.000000000,1.000000000,1.000000000,0.942857143,0.258640932
AOI-0067,2016-06-03,1,1,1,True,0,1.000000000,1.000000000,1.000000000,0.980582524,0.109222462
AOI-0067,2016-07-13,1,1,1,True,0,1.000000000,1.000000000,1.000000000,0.980582524,0.109222462
AOI-0067,2016-07-22,1,1,1,True,0,1.000000000,1.000000000,1.000000000,0.963636364,0.181415523
AOI-0067,2017-04-07,1,2,2,True,0,1.000000000,1.000000000,1.000000000,0.990338164,0.061138862
AOI-0067,2017-06-06,1,1,1,True,0,1.000000000,1.000000000,1.000000000,0.979797980,0.112827275
AOI-0067,2017-07-12,1,2,2,True,5,1.000000000,1.000000000,23.000000000,0.855072464,0.434988930
AOI-0067,2017-07-22,1,1,1,False,-1,0.000000000,0.000000000,inf,0.538461538,0.789212978
AOI-0067,2017-08-01,1,0,0,True,0,1.000000000,1.000000000,1.000000000,0.909909910,0.332032964
AOI-0067,2017-08-09,1,1,0,True,0,1.000000000,1.000000000,1.000000000,0.815950920,0.504375887
AOI-0067,2017-09-19,1,1,1,True,0,1.000000000,1.000000000,1.000000000,0.970149254,0.154913925
AOI-0067,2017-09-25,1,0,0,False,-1,0.000000000,0.000000000,inf,0.570370370,0.720630780
AOI-0067,2018-05-03,1,0,0,True,0,1.000000000,1.000000000,1.000000000,0.985185185,0.087375267
AOI-0067,2018-05-16,1,1,1,True,5,2.000000000,1.000000000,21.000000000,0.981308411,0.105858397
AOI-0067,2018-07-28,1,2,2,True,0,1.000000000,1.000000000,1.000000000,0.917808219,0.301725093
AOI-0067,2018-08-20,1,1,1,True,0,1.000000000,1.000000000,1.000000000,0.983193277,0.096986095
AOI-0067,2018-09-14,1,1,2,True,0,1.000000000,1.000000000,1.000000000,0.797101449,0.527223827
AOI-0067,2018-09-22,1,1,1,True,0,1.000000000,1.000000000,1.000000000,0.970149254,0.154913925
AOI-0067,2019-04-26,1,1,0,True,0,1.000000000,1.000000000,1.000000000,0.714285714,0.623155167
AOI-0067,2019-04-28,1,0,0,True,0,1.000000000,1.000000000,1.000000000,0.983193277,0.096986095
AOI-0067,2019-05-18,1,0,0,True,0,1.000000000,1.000000000,1.000000000,0.768707483,0.571523927
AOI-0067,2019-06-17,1,0,0,True,0,1.000000000,1.000000000,1.000000000,0.980582524,0.109222462
AOI-0067,2019-06-20,1,1,0,True,0,1.000000000,1.000000000,1.000000000,0.854748603,0.438062356
AOI-0067,2019-06-22,1,0,0,True,0,1.000000000,1.000000000,1.000000000,0.975903614,0.130281794
AOI-0067,2019-09-08,1,1,1,True,0,1.000000000,1.000000000,1.000000000,0.983193277,0.096986095
AOI-0067,2019-10-16,1,2,2,True,5,2.000000000,1.000000000,21.000000000,0.767441860,0.691426960
AOI-0067,2019-10-19,1,1,1,True,0,1.000000000,1.000000000,1.000000000,0.960784314,0.192625738
AOI-0067,2020-05-27,1,0,0,True,0,1.000000000,1.000000000,1.000000000,0.777777778,0.556748955
AOI-0067,2020-06-16,1,0,0,True,0,1.000000000,1.000000000,1.000000000,0.945945946,0.234638072
AOI-0067,2020-08-10,1,0,0,True,0,1.000000000,1.000000000,1.000000000,0.985611511,0.085284100
AOI-0067,2020-08-15,1,0,0,True,0,1.000000000,1.000000000,1.000000000,0.820359281,0.497101801
AOI-0067,2020-08-28,1,2,2,True,0,1.000000000,1.000000000,1.000000000,0.936073059,0.254088226
AOI-0067,2020-09-18,1,1,1,True,0,1.000000000,1.000000000,1.000000000,0.980582524,0.109222462
AOI-0067,2020-09-26,1,1,1,True,0,1.000000000,1.000000000,1.000000000,0.807407407,0.521357632
AOI-0067,2020-10-24,1,0,0,True,5,2.000000000,1.000000000,21.000000000,0.963636364,0.181415523
AOI-0067,2021-05-02,1,0,0,True,5,1.000000000,1.000000000,23.000000000,0.985185185,0.087375267
AOI-0067,2021-05-08,1,1,1,True,0,1.000000000,1.000000000,1.000000000,0.983193277,0.096986095
AOI-0067,2021-07-03,1,1,1,True,0,1.000000000,1.000000000,1.000000000,0.748148148,0.597779062
AOI-0067,2021-08-13,1,2,2,True,0,1.000000000,1.000000000,1.000000000,0.887179487,0.428697976
AOI-0067,2021-08-28,1,1,0,True,0,1.000000000,1.000000000,1.000000000,0.810055866,0.511345905
AOI-0067,2021-10-08,1,1,1,True,0,1.000000000,1.000000000,1.000000000,0.970149254,0.154913925
AOI-0067,2021-10-16,1,1,2,True,0,1.000000000,1.000000000,1.000000000,0.739130435,0.736459897
AOI-0067,2022-04-17,1,1,1,True,0,1.000000000,1.000000000,1.000000000,0.669902913,0.678048422
AOI-0067,2022-05-07,1,0,0,True,5,2.000000000,1.000000000,21.000000000,0.966101695,0.171538761
AOI-0067,2022-05-12,1,0,0,True,5,1.000000000,1.000000000,23.000000000,0.981308411,0.105858397
AOI-0067,2022-05-17,1,1,1,True,0,1.000000000,1.000000000,1.000000000,0.957446809,0.205470750
AOI-0067,2022-06-13,1,1,1,True,0,1.000000000,1.000000000,1.000000000,0.726315789,0.631505898
AOI-0067,2022-06-28,1,1,1,True,0,1.000000000,1.000000000,1.000000000,0.925925926,0.315396287
AOI-0067,2022-07-28,1,2,2,True,0,1.000000000,1.000000000,1.000000000,0.623188406,0.911141142
AOI-0067,2022-07-30,1,1,1,True,5,1.000000000,1.000000000,23.000000000,0.980582524,0.109222462
AOI-0067,2023-04-05,1,1,1,True,5,2.000000000,1.000000000,21.000000000,0.966101695,0.171538761
AOI-0067,2023-05-15,1,1,0,True,0,1.000000000,1.000000000,1.000000000,0.725118483,0.611995933
AOI-0067,2023-05-25,1,2,2,True,0,1.000000000,1.000000000,1.000000000,0.781990521,0.547209720
AOI-0067,2023-06-10,1,2,2,True,0,1.000000000,1.000000000,1.000000000,0.991031390,0.057423085
AOI-0067,2023-06-23,1,1,1,True,0,1.000000000,1.000000000,1.000000000,0.879069767,0.388488812
AOI-0067,2023-07-18,1,1,1,True,0,1.000000000,1.000000000,1.000000000,0.523809524,0.761605701
AOI-0067,2023-08-15,1,0,0,True,0,1.000000000,1.000000000,1.000000000,0.985611511,0.085284100
AOI-0067,2023-08-19,1,1,1,True,0,1.000000000,1.000000000,1.000000000,0.970149254,0.154913925
AOI-0067,2023-09-29,1,0,0,True,0,1.000000000,1.000000000,1.000000000,0.661835749,0.665130698
AOI-0067,2023-10-06,1,1,0,True,5,1.000000000,1.000000000,21.000000000,0.559322034,0.757933289
AOI-0067,2024-06-05,1,0,0,True,0,1.000000000,1.000000000,1.000000000,0.973333333,0.141440924
AOI-0067,2024-06-09,1,1,2,True,0,1.000000000,1.000000000,1.000000000,0.860465116,0.424510555
AOI-0067,2024-06-17,1,1,1,True,0,1.000000000,1.000000000,1.000000000,0.768707483,0.571523927
AOI-0067,2024-07-20,1,0,0,True,0,1.000000000,1.000000000,1.000000000,0.984732824,0.089580528
AOI-0067,2024-08-04,1,0,0,True,0,1.000000000,1.000000000,1.000000000,0.810526316,0.526112214
AOI-0067,2024-08-09,1,0,0,True,5,1.000000000,1.000000000,23.000000000,0.983739837,0.094374144
AOI-0067,2024-09-08,1,0,0,True,5,2.000000000,1.000000000,21.000000000,0.984251969,0.091909786
AOI-0067,2024-10-24,1,1,0,True,5,1.000000000,1.000000000,23.000000000,0.488372093,0.787480525
AOI-0067,2025-04-02,1,1,1,True,1,1.000000000,1.000000000,2.000000000,0.587301587,0.745105228
AOI-0067,2025-05-11,1,0,0,True,3,1.000000000,1.000000000,5.000000000,0.948717949,0.237819011
AOI-0067,2025-06-15,1,0,0,True,2,2.000000000,1.000000000,3.000000000,0.973333333,0.141440924
AOI-0067,2025-07-07,1,0,0,True,0,1.000000000,1.000000000,1.000000000,0.985185185,0.087375267
AOI-0067,2025-07-22,1,1,1,True,2,2.000000000,1.000000000,3.000000000,0.734939759,0.627295103
AOI-0067,2025-07-25,1,0,0,True,1,1.000000000,1.000000000,2.000000000,0.986754967,0.079610965
AOI-0067,2025-08-16,1,0,0,True,0,1.000000000,1.000000000,1.000000000,0.985185185,0.087375267
AOI-0067,2025-08-19,1,0,0,True,0,1.000000000,1.000000000,1.000000000,0.991189427,0.056568562
AOI-0067,2025-09-24,1,1,1,True,2,2.000000000,1.000000000,3.000000000,0.737373737,0.618600306
AOI-0067,2025-10-27,1,1,1,True,0,1.000000000,1.000000000,1.000000000,0.973333333,0.141440924
AOI-0068,2010-06-28,1,1,1,True,5,1.000000000,1.000000000,22.000000000,0.957446809,0.205470750
AOI-0068,2010-09-14,1,2,2,True,0,1.000000000,1.000000000,1.000000000,0.990521327,0.060162121
AOI-0068,2010-10-09,1,1,1,False,-1,0.000000000,0.000000000,inf,0.866666667,0.485094091
AOI-0068,2010-10-16,1,2,2,True,0,1.000000000,1.000000000,1.000000000,0.674418605,0.655383417
AOI-0068,2010-10-25,1,1,1,True,0,1.000000000,1.000000000,1.000000000,0.981308411,0.105858397
AOI-0068,2011-06-26,1,2,2,True,0,1.000000000,1.000000000,1.000000000,0.991031390,0.057423085
AOI-0068,2011-07-09,1,1,1,True,0,1.000000000,1.000000000,1.000000000,0.963636364,0.181415523
AOI-0068,2011-08-13,1,2,2,True,5,2.000000000,1.000000000,22.000000000,0.990521327,0.060162121
AOI-0068,2011-08-18,1,1,1,True,5,1.000000000,1.000000000,22.000000000,0.953488372,0.220352331
AOI-0068,2011-08-29,1,2,2,True,0,1.000000000,1.000000000,1.000000000,0.990521327,0.060162121
AOI-0068,2012-04-29,1,1,1,True,0,1.000000000,1.000000000,1.000000000,0.983193277,0.096986095
AOI-0068,2012-05-24,1,2,2,True,0,1.000000000,1.000000000,1.000000000,0.990521327,0.060162121
AOI-0068,2012-09-13,1,1,2,True,0,1.000000000,1.000000000,1.000000000,0.698630137,0.635682805
AOI-0068,2013-05-09,1,2,2,True,0,1.000000000,1.000000000,1.000000000,0.547738693,0.716191478
AOI-0068,2013-05-11,1,1,1,True,0,1.000000000,1.000000000,1.000000000,0.970149254,0.154913925
AOI-0068,2013-07-22,1,1,1,True,0,1.000000000,1.000000000,1.000000000,0.966101695,0.171538761
AOI-0068,2013-08-30,1,1,1,False,-1,0.000000000,0.000000000,inf,0.971830986,0.147843978
AOI-0068,2013-09-30,1,2,2,True,0,1.000000000,1.000000000,1.000000000,0.748837209,0.586770241
AOI-0068,2013-10-16,1,2,2,True,0,1.000000000,1.000000000,1.000000000,0.587939698,0.704738333
AOI-0068,2014-04-07,1,2,2,True,0,1.000000000,1.000000000,1.000000000,0.991031390,0.057423085
AOI-0068,2014-05-25,1,2,2,True,5,1.000000000,1.000000000,24.000000000,0.990147783,0.062150380
AOI-0068,2014-07-01,1,1,1,False,-1,0.000000000,0.000000000,inf,0.963636364,0.181415523
AOI-0068,2014-07-17,1,1,1,True,5,1.000000000,1.000000000,22.000000000,0.963636364,0.181415523
AOI-0068,2014-09-11,1,1,1,True,0,1.000000000,1.000000000,1.000000000,0.966101695,0.171538761
AOI-0068,2014-10-12,1,1,1,True,5,1.000000000,1.000000000,22.000000000,0.978021978,0.120874486
AOI-0068,2015-04-23,1,1,2,True,0,1.000000000,1.000000000,1.000000000,0.730232558,0.606524011
AOI-0068,2015-07-28,1,1,2,True,5,1.000000000,1.000000000,22.000000000,0.735159817,0.601126410
AOI-0068,2015-08-05,1,1,1,True,0,1.000000000,1.000000000,1.000000000,0.970149254,0.154913925
AOI-0068,2015-09-22,1,1,1,True,0,1.000000000,1.000000000,1.000000000,0.966101695,0.171538761
AOI-0068,2015-09-29,1,1,1,True,5,2.000000000,1.000000000,22.000000000,0.980582524,0.109222462
AOI-0068,2015-09-30,1,1,2,True,0,1.000000000,1.000000000,1.000000000,0.719806763,0.617540427
AOI-0068,2016-04-09,1,1,1,True,0,1.000000000,1.000000000,1.000000000,0.968253968,0.162764794
AOI-0068,2016-04-22,1,2,2,True,0,1.000000000,1.000000000,1.000000000,0.952606635,0.206174211
AOI-0068,2016-07-06,1,1,1,True,0,1.000000000,1.000000000,1.000000000,0.968253968,0.162764794
AOI-0068,2016-07-11,1,2,2,True,0,1.000000000,1.000000000,1.000000000,0.920704846,0.294058011
AOI-0068,2016-08-15,1,1,1,True,0,1.000000000,1.000000000,1.000000000,0.968253968,0.162764794
AOI-0068,2016-10-01,1,1,1,True,0,1.000000000,1.000000000,1.000000000,0.968253968,0.162764794
AOI-0068,2017-04-11,1,1,0,True,0,1.000000000,1.000000000,1.000000000,0.777777778,0.586888119
AOI-0068,2017-04-12,1,1,1,True,0,1.000000000,1.000000000,1.000000000,0.966101695,0.171538761
AOI-0068,2017-04-23,1,2,2,True,0,1.000000000,1.000000000,1.000000000,0.990867580,0.058305859
AOI-0068,2017-05-29,1,1,1,True,0,1.000000000,1.000000000,1.000000000,0.981981982,0.102711110
AOI-0068,2017-06-07,1,1,1,True,5,2.000000000,1.000000000,22.000000000,0.957446809,0.205470750
AOI-0068,2017-07-17,1,1,1,True,0,1.000000000,1.000000000,1.000000000,0.894736842,0.409458619
AOI-0068,2017-08-18,1,1,1,True,0,1.000000000,1.000000000,1.000000000,0.966101695,0.171538761
AOI-0068,2017-09-26,1,1,1,True,0,1.000000000,1.000000000,1.000000000,0.981308411,0.105858397
AOI-0068,2018-04-06,1,1,1,True,5,1.000000000,1.000000000,22.000000000,0.978947368,0.116700546
AOI-0068,2018-04-15,1,1,1,True,0,1.000000000,1.000000000,1.000000000,0.968253968,0.162764794
AOI-0068,2018-05-16,1,1,1,True,5,2.000000000,1.000000000,22.000000000,0.981308411,0.105858397
AOI-0068,2018-05-25,1,1,2,True,5,2.000000000,1.000000000,22.000000000,0.767441860,0.565148736
AOI-0068,2018-06-18,1,1,1,True,0,1.000000000,1.000000000,1.000000000,0.747126437,0.612228306
AOI-0068,2018-06-26,1,2,2,True,0,1.000000000,1.000000000,1.000000000,0.725118483,0.611995933
AOI-0068,2019-04-18,1,0,0,True,0,1.000000000,1.000000000,1.000000000,0.968253968,0.162764794
AOI-0068,2019-04-25,1,1,1,True,0,1.000000000,1.000000000,1.000000000,0.755395683,0.588786262
AOI-0068,2019-05-08,1,0,0,True,5,2.000000000,1.000000000,22.000000000,0.985611511,0.085284100
AOI-0068,2019-06-05,1,1,0,True,0,1.000000000,1.000000000,1.000000000,0.737142857,0.603553904
AOI-0068,2019-06-10,1,2,0,True,0,1.000000000,1.000000000,1.000000000,0.735159817,0.601126410
AOI-0068,2019-08-08,1,1,0,True,5,2.000000000,1.000000000,22.000000000,0.491525424,0.767314425
AOI-0068,2019-09-10,1,0,0,True,0,1.000000000,1.000000000,1.000000000,0.985611511,0.085284100
AOI-0068,2019-09-17,1,1,0,True,0,1.000000000,1.000000000,1.000000000,0.491525424,0.767314425
AOI-0068,2019-10-10,1,0,0,True,0,1.000000000,1.000000000,1.000000000,0.877551020,0.398048730
AOI-0068,2019-10-16,1,2,2,True,5,2.000000000,1.000000000,22.000000000,0.767441860,0.691426960
AOI-0068,2020-04-22,1,0,0,True,5,1.000000000,1.000000000,22.000000000,0.620512821,0.690978045
AOI-0068,2020-05-02,1,0,0,True,5,2.000000000,1.000000000,22.000000000,0.948717949,0.237819011
AOI-0068,2020-05-08,1,2,2,True,5,1.000000000,1.000000000,24.000000000,0.990338164,0.061138862
AOI-0068,2020-05-12,1,0,0,True,0,1.000000000,1.000000000,1.000000000,0.642512077,0.677549840
AOI-0068,2020-05-24,1,2,2,True,0,1.000000000,1.000000000,1.000000000,0.899543379,0.344660288
AOI-0068,2020-07-06,1,0,0,True,5,1.000000000,1.000000000,22.000000000,0.772455090,0.563983256
AOI-0068,2020-07-25,1,1,1,True,5,2.000000000,1.000000000,22.000000000,0.966101695,0.171538761
AOI-0068,2020-08-05,1,0,0,True,0,1.000000000,1.000000000,1.000000000,0.985611511,0.085284100
AOI-0068,2020-10-24,1,0,0,True,5,2.000000000,1.000000000,22.000000000,0.963636364,0.181415523
AOI-0068,2021-04-06,1,1,1,True,0,1.000000000,1.000000000,1.000000000,0.981981982,0.102711110
AOI-0068,2021-04-23,1,2,2,True,0,1.000000000,1.000000000,1.000000000,0.735159817,0.751423160
AOI-0068,2021-05-02,1,0,0,True,5,1.000000000,1.000000000,24.000000000,0.985185185,0.087375267
AOI-0068,2021-07-12,1,1,2,True,0,1.000000000,1.000000000,1.000000000,0.632286996,0.866932213
AOI-0068,2021-07-20,1,1,1,True,0,1.000000000,1.000000000,1.000000000,0.970149254,0.154913925
AOI-0068,2021-09-04,1,0,0,True,0,1.000000000,1.000000000,1.000000000,0.754385965,0.585100662
AOI-0068,2021-10-09,1,0,0,False,-1,0.000000000,0.000000000,inf,0.674418605,0.714783355
AOI-0068,2022-05-07,1,0,0,True,5,2.000000000,1.000000000,22.000000000,0.966101695,0.171538761
AOI-0068,2022-06-29,1,1,0,True,0,1.000000000,1.000000000,1.000000000,0.717277487,0.621577835
AOI-0068,2022-07-22,1,1,1,True,0,1.000000000,1.000000000,1.000000000,0.935483871,0.283936267
AOI-0068,2022-07-31,1,0,0,True,0,1.000000000,1.000000000,1.000000000,0.949579832,0.222467921
AOI-0068,2022-08-07,1,1,1,True,0,1.000000000,1.000000000,1.000000000,0.777777778,0.562182809
AOI-0068,2022-08-10,1,0,0,True,0,1.000000000,1.000000000,1.000000000,0.985611511,0.085284100
AOI-0068,2022-08-30,1,0,0,True,0,1.000000000,1.000000000,1.000000000,0.649289100,0.672991185
AOI-0068,2022-09-14,1,2,2,True,0,1.000000000,1.000000000,1.000000000,0.773399015,0.558869016
AOI-0068,2022-09-29,1,0,0,True,0,1.000000000,1.000000000,1.000000000,0.982608696,0.099759750
AOI-0068,2023-04-05,1,1,1,True,5,2.000000000,1.000000000,22.000000000,0.966101695,0.171538761
AOI-0068,2023-04-07,1,0,2,True,0,1.000000000,1.000000000,1.000000000,0.816425121,0.499110844
AOI-0068,2023-05-14,1,1,1,True,0,1.000000000,1.000000000,1.000000000,0.953488372,0.220352331
AOI-0068,2023-06-24,1,1,0,True,0,1.000000000,1.000000000,1.000000000,0.726618705,0.619861451
AOI-0068,2023-07-16,1,0,0,True,0,1.000000000,1.000000000,1.000000000,0.618320611,0.702299795
AOI-0068,2023-07-22,1,1,1,True,0,1.000000000,1.000000000,1.000000000,0.968253968,0.162764794
AOI-0068,2023-09-14,1,0,2,True,0,1.000000000,1.000000000,1.000000000,0.525581395,0.717977583
AOI-0068,2023-09-19,1,0,0,True,0,1.000000000,1.000000000,1.000000000,0.850340136,0.449791850
AOI-0068,2023-09-28,1,1,1,True,0,1.000000000,1.000000000,1.000000000,0.966101695,0.171538761
AOI-0068,2023-10-09,1,0,0,True,0,1.000000000,1.000000000,1.000000000,0.984732824,0.089580528
AOI-0068,2023-10-16,1,2,2,True,0,1.000000000,1.000000000,1.000000000,0.733990148,0.661312463
AOI-0068,2024-04-23,1,1,0,True,0,1.000000000,1.000000000,1.000000000,0.491525424,0.767314425
AOI-0068,2024-07-27,1,1,1,True,0,1.000000000,1.000000000,1.000000000,0.477832512,0.998567745
AOI-0068,2024-08-12,1,1,0,True,0,1.000000000,1.000000000,1.000000000,0.674876847,0.846379687
AOI-0068,2024-08-20,1,1,1,True,0,1.000000000,1.000000000,1.000000000,0.853658537,0.447709041
AOI-0068,2024-08-24,1,0,0,True,0,1.000000000,1.000000000,1.000000000,0.975903614,0.130281794
AOI-0068,2024-09-23,1,0,0,True,5,2.000000000,1.000000000,22.000000000,0.802816901,0.547211371
AOI-0068,2024-10-07,1,1,1,True,0,1.000000000,1.000000000,1.000000000,0.980582524,0.109222462
AOI-0068,2024-10-23,1,0,0,True,0,1.000000000,1.000000000,1.000000000,0.609195402,0.720963050
AOI-0068,2024-10-24,1,1,0,True,5,1.000000000,1.000000000,24.000000000,0.488372093,0.787480525
AOI-0068,2025-04-02,1,1,1,True,0,1.000000000,1.000000000,1.000000000,0.587301587,0.745105228
AOI-0068,2025-04-16,1,0,0,True,0,1.000000000,1.000000000,1.000000000,0.806451613,0.519613528
AOI-0068,2025-06-05,1,0,0,True,1,1.000000000,1.000000000,2.000000000,0.984732824,0.089580528
AOI-0068,2025-06-25,1,0,0,True,0,1.000000000,1.000000000,1.000000000,0.942857143,0.258640932
AOI-0068,2025-07-14,1,1,1,True,0,1.000000000,1.000000000,1.000000000,0.734265734,0.611307571
AOI-0068,2025-07-15,1,0,0,True,0,1.000000000,1.000000000,1.000000000,0.952755906,0.211605625
AOI-0068,2025-07-25,1,0,0,True,0,1.000000000,1.000000000,1.000000000,0.986754967,0.079610965
AOI-0068,2025-08-31,1,1,1,True,0,2.000000000,1.000000000,1.000000000,0.756097561,0.591181657
AOI-0068,2025-09-01,1,1,0,True,1,1.000000000,1.000000000,2.000000000,0.691629956,0.640879796
AOI-0068,2025-09-03,1,0,0,True,0,1.000000000,1.000000000,1.000000000,0.970149254,0.154913925
AOI-0069,2025-05-04,1,1,0,True,0,2.000000000,1.000000000,1.000000000,0.639344262,0.682111711
AOI-0069,2025-05-08,1,0,0,True,0,1.000000000,1.000000000,1.000000000,0.971830986,0.147843978
AOI-0069,2025-05-20,1,1,1,True,0,1.000000000,1.000000000,1.000000000,0.966101695,0.171538761
AOI-0069,2025-06-05,1,0,0,True,0,1.000000000,1.000000000,1.000000000,0.984732824,0.089580528
AOI-0069,2025-06-15,1,0,0,True,0,1.000000000,1.000000000,1.000000000,0.973333333,0.141440924
AOI-0069,2025-07-27,1,0,0,True,1,1.000000000,1.000000000,2.000000000,0.973333333,0.141440924
AOI-0069,2025-07-28,1,2,0,True,0,1.000000000,1.000000000,1.000000000,0.739910314,0.595804393
AOI-0069,2025-09-08,1,0,0,True,5,13.000000000,0.923076923,2.000000000,0.920704846,0.294058011
AOI-0069,2025-10-02,1,1,1,True,0,1.000000000,1.000000000,1.000000000,0.826771654,0.492999622
AOI-0070,2025-04-07,1,2,2,True,0,2.000000000,1.000000000,1.000000000,0.950738916,0.212347715
AOI-0070,2025-04-23,1,2,2,True,0,1.000000000,1.000000000,1.000000000,0.668246445,0.864825637
AOI-0070,2025-05-03,1,1,1,True,0,2.000000000,1.000000000,1.000000000,0.978021978,0.120874486
AOI-0070,2025-05-27,1,1,1,True,0,2.000000000,1.000000000,1.000000000,0.975903614,0.130281794
AOI-0070,2025-06-21,1,1,1,True,0,1.000000000,1.000000000,1.000000000,0.777777778,0.586888119
AOI-0070,2025-06-28,1,1,1,True,0,2.000000000,1.000000000,1.000000000,0.638554217,0.707068915
AOI-0070,2025-07-15,1,0,0,True,0,2.000000000,1.000000000,1.000000000,0.952755906,0.211605625
AOI-0070,2025-08-06,1,0,0,True,0,1.000000000,1.000000000,1.000000000,0.668246445,0.660253900
AOI-0070,2025-08-23,1,1,1,True,0,1.000000000,1.000000000,1.000000000,0.726618705,0.619861451
AOI-0070,2025-09-08,1,1,0,True,0,1.000000000,1.000000000,1.000000000,0.920704846,0.294058011
AOI-0071,2025-04-17,1,1,1,True,0,2.000000000,1.000000000,1.000000000,0.896296296,0.359830351
AOI-0071,2025-06-07,1,0,0,True,0,1.000000000,1.000000000,1.000000000,0.986394558,0.081409508
AOI-0071,2025-06-21,1,1,1,True,1,1.000000000,1.000000000,2.000000000,0.777777778,0.586888119
AOI-0071,2025-07-28,1,2,0,True,0,2.000000000,1.000000000,1.000000000,0.739910314,0.595804393
AOI-0071,2025-08-06,1,0,0,True,0,1.000000000,1.000000000,1.000000000,0.668246445,0.660253900
AOI-0071,2025-09-14,1,2,2,True,0,1.000000000,1.000000000,1.000000000,0.771689498,0.559610189
AOI-0071,2025-10-02,1,1,1,True,0,1.000000000,1.000000000,1.000000000,0.826771654,0.492999622
AOI-0071,2025-10-27,1,1,1,True,0,2.000000000,1.000000000,1.000000000,0.973333333,0.141440924
AOI-0072,2025-04-07,1,2,2,True,0,1.000000000,1.000000000,1.000000000,0.950738916,0.212347715
AOI-0072,2025-04-18,1,0,0,True,1,1.000000000,1.000000000,2.000000000,0.986394558,0.081409508
AOI-0072,2025-06-10,1,2,0,True,0,1.000000000,1.000000000,1.000000000,0.533039648,0.715890578
AOI-0072,2025-06-21,1,1,1,True,2,2.000000000,1.000000000,3.000000000,0.777777778,0.586888119
AOI-0072,2025-06-27,1,0,0,True,1,1.000000000,1.000000000,2.000000000,0.639344262,0.682111711
AOI-0072,2025-07-10,1,0,0,True,0,1.000000000,1.000000000,1.000000000,0.990521327,0.060162121
AOI-0072,2025-09-14,1,2,2,True,1,1.000000000,1.000000000,2.000000000,0.771689498,0.559610189
AOI-0072,2025-09-28,1,0,0,True,1,1.000000000,1.000000000,2.000000000,0.978021978,0.120874486
AOI-0072,2025-10-15,1,0,0,True,0,1.000000000,1.000000000,1.000000000,0.935483871,0.283936267
AOI-0073,2010-08-04,1,1,1,True,0,1.000000000,1.000000000,1.000000000,0.957446809,0.205470750
AOI-0073,2010-08-29,1,2,2,False,-1,0.000000000,0.000000000,11.000000000,0.527638191,0.719447590
AOI-0073,2010-10-16,1,2,2,True,0,1.000000000,1.000000000,1.000000000,0.674418605,0.655383417
AOI-0073,2011-04-01,1,1,1,True,0,1.000000000,1.000000000,1.000000000,0.894736842,0.409458619
AOI-0073,2011-05-09,1,2,2,True,4,4.000000000,1.000000000,11.000000000,0.990521327,0.060162121
AOI-0073,2011-05-25,1,2,2,True,0,1.000000000,1.000000000,1.000000000,0.990697674,0.059218348
AOI-0073,2011-08-13,1,2,2,True,0,1.000000000,1.000000000,1.000000000,0.990521327,0.060162121
AOI-0073,2012-04-11,1,1,1,True,0,1.000000000,1.000000000,1.000000000,0.894736842,0.409458619
AOI-0073,2012-06-09,1,2,2,True,0,1.000000000,1.000000000,1.000000000,0.733990148,0.603780014
AOI-0073,2012-10-04,1,1,1,True,0,1.000000000,1.000000000,1.000000000,0.913043478,0.355712860
AOI-0073,2013-07-03,1,1,1,False,-1,0.000000000,0.000000000,inf,0.866666667,0.485094091
AOI-0073,2013-08-13,1,2,2,True,4,3.000000000,1.000000000,11.000000000,0.829145729,0.479909082
AOI-0073,2013-10-16,1,2,2,True,0,1.000000000,1.000000000,1.000000000,0.587939698,0.704738333
AOI-0073,2014-05-11,1,1,1,True,0,1.000000000,1.000000000,1.000000000,0.948717949,0.237819011
AOI-0073,2014-08-23,1,1,1,True,0,1.000000000,1.000000000,1.000000000,0.953488372,0.220352331
AOI-0073,2014-10-16,1,2,2,True,4,4.000000000,1.000000000,11.000000000,0.990338164,0.061138862
AOI-0073,2015-09-11,1,1,1,True,0,1.000000000,1.000000000,1.000000000,0.957446809,0.205470750
AOI-0073,2015-09-14,1,2,2,True,0,1.000000000,1.000000000,1.000000000,0.990338164,0.061138862
AOI-0073,2015-10-16,1,2,2,True,4,3.000000000,1.000000000,11.000000000,0.714285714,0.623155167
AOI-0073,2015-10-21,1,1,1,True,0,1.000000000,1.000000000,1.000000000,0.894736842,0.409458619
AOI-0073,2016-05-08,1,1,2,True,0,1.000000000,1.000000000,1.000000000,0.917808219,0.301725093
AOI-0073,2016-07-03,1,1,1,True,0,1.000000000,1.000000000,1.000000000,0.957446809,0.205470750
AOI-0073,2017-05-06,1,0,0,True,4,1.000000000,1.000000000,15.000000000,0.668341709,0.661387204
AOI-0073,2017-05-25,1,2,2,True,0,1.000000000,1.000000000,1.000000000,0.991031390,0.057423085
AOI-0073,2017-07-22,1,1,1,True,0,1.000000000,1.000000000,1.000000000,0.538461538,0.789212978
AOI-0073,2017-08-23,1,1,1,False,-1,0.000000000,0.000000000,inf,0.818181818,0.600166073
AOI-0073,2017-09-24,1,1,1,True,4,1.000000000,1.000000000,15.000000000,0.953488372,0.220352331
AOI-0073,2018-04-04,1,1,1,True,4,2.000000000,1.000000000,14.000000000,0.960784314,0.192625738
AOI-0073,2018-04-07,1,2,2,True,0,1.000000000,1.000000000,1.000000000,0.668246445,0.660253900
AOI-0073,2018-06-28,1,0,0,False,-1,0.000000000,0.000000000,inf,0.866666667,0.485094091
AOI-0073,2018-08-29,1,2,2,True,0,1.000000000,1.000000000,1.000000000,0.744075829,0.592350727
AOI-0073,2018-09-30,1,2,2,True,4,4.000000000,1.000000000,11.000000000,0.936073059,0.254088226
AOI-0073,2018-10-01,1,0,1,True,0,1.000000000,1.000000000,1.000000000,0.617021277,0.747675135
AOI-0073,2019-04-06,1,0,0,True,0,1.000000000,1.000000000,1.000000000,0.986754967,0.079610965
AOI-0073,2019-04-23,1,0,0,True,4,2.000000000,1.000000000,11.000000000,0.668246445,0.860468663
AOI-0073,2019-05-06,1,0,0,True,0,1.000000000,1.000000000,1.000000000,0.985185185,0.087375267
AOI-0073,2019-05-21,1,0,0,True,0,1.000000000,1.000000000,1.000000000,0.814207650,0.504717032
AOI-0073,2019-06-02,1,0,0,False,-1,0.000000000,0.000000000,12.000000000,0.777777778,0.556748955
AOI-0073,2019-06-23,1,0,0,True,0,1.000000000,1.000000000,1.000000000,0.894736842,0.409458619
AOI-0073,2019-06-28,1,0,1,True,0,1.000000000,1.000000000,1.000000000,0.886178862,0.383718820
AOI-0073,2019-08-13,1,1,2,True,0,1.000000000,1.000000000,1.000000000,0.637209302,0.894414026
AOI-0073,2019-08-21,1,1,0,True,0,1.000000000,1.000000000,1.000000000,0.782857143,0.549692548
AOI-0073,2019-10-18,1,0,0,True,0,1.000000000,1.000000000,1.000000000,0.970149254,0.154913925
AOI-0073,2020-05-28,1,0,1,True,0,1.000000000,1.000000000,1.000000000,0.909909910,0.332032964
AOI-0073,2020-06-04,1,0,0,True,4,1.000000000,1.000000000,15.000000000,0.852631579,0.456037700
AOI-0073,2020-06-12,1,0,0,True,0,1.000000000,1.000000000,1.000000000,0.894736842,0.409458619
AOI-0073,2020-06-19,1,0,0,True,0,1.000000000,1.000000000,1.000000000,0.818181818,0.600166073
AOI-0073,2020-07-19,1,0,0,True,0,1.000000000,1.000000000,1.000000000,0.986013986,0.083298165
AOI-0073,2020-08-01,1,0,0,True,0,1.000000000,1.000000000,1.000000000,0.894736842,0.409458619
AOI-0073,2020-08-07,1,1,1,True,4,1.000000000,1.000000000,14.000000000,0.611940299,0.731135151
AOI-0073,2020-08-26,1,1,1,False,-1,0.000000000,0.000000000,inf,0.822784810,0.512745141
AOI-0073,2020-09-02,1,0,0,True,0,1.000000000,1.000000000,1.000000000,0.792349727,0.536096233
AOI-0073,2020-09-25,1,0,1,True,0,1.000000000,1.000000000,1.000000000,0.843478261,0.467440026
AOI-0073,2020-10-22,1,0,0,False,-1,0.000000000,0.000000000,inf,0.894736842,0.409458619
AOI-0073,2021-04-10,1,0,0,True,0,1.000000000,1.000000000,1.000000000,0.866666667,0.485094091
AOI-0073,2021-04-25,1,0,0,False,-1,0.000000000,0.000000000,inf,0.818181818,0.600166073
AOI-0073,2021-05-30,1,0,0,True,4,2.000000000,1.000000000,11.000000000,0.935483871,0.283936267
AOI-0073,2021-06-07,1,0,0,True,0,1.000000000,1.000000000,1.000000000,0.894736842,0.409458619
AOI-0073,2021-06-16,1,1,0,True,0,1.000000000,1.000000000,1.000000000,0.748633880,0.590157197
AOI-0073,2021-07-01,1,1,0,True,0,1.000000000,1.000000000,1.000000000,0.726775956,0.613225887
AOI-0073,2021-07-22,1,0,0,True,0,1.000000000,1.000000000,1.000000000,0.894736842,0.409458619
AOI-0073,2021-07-29,1,0,0,True,0,1.000000000,1.000000000,1.000000000,0.818181818,0.498265026
AOI-0073,2021-08-19,1,1,1,False,-1,0.000000000,0.000000000,inf,0.973333333,0.141440924
AOI-0073,2021-08-21,1,0,0,True,0,1.000000000,1.000000000,1.000000000,0.739130435,0.691502198
AOI-0073,2022-05-23,1,0,0,True,0,1.000000000,1.000000000,1.000000000,0.894736842,0.409458619
AOI-0073,2022-06-06,1,0,0,True,4,1.000000000,1.000000000,11.000000000,0.899280576,0.352577827
AOI-0073,2022-06-12,1,1,1,True,4,1.000000000,1.000000000,11.000000000,0.882352941,0.392483338
AOI-0073,2022-06-23,1,1,0,True,0,1.000000000,1.000000000,1.000000000,0.647058824,0.724975116
AOI-0073,2022-07-04,1,0,0,True,0,1.000000000,1.000000000,1.000000000,0.958041958,0.193022418
AOI-0073,2022-07-27,1,0,0,True,0,1.000000000,1.000000000,1.000000000,0.473684211,0.862857801
AOI-0073,2022-08-28,1,0,0,True,0,1.000000000,1.000000000,1.000000000,0.987421384,0.076258973
AOI-0073,2022-08-29,1,2,2,True,4,4.000000000,1.000000000,11.000000000,0.990521327,0.060162121
AOI-0073,2022-09-17,1,0,0,True,0,1.000000000,1.000000000,1.000000000,0.979797980,0.112827275
AOI-0073,2023-04-07,1,2,2,True,0,1.000000000,1.000000000,1.000000000,0.816425121,0.499110844
AOI-0073,2023-04-23,1,2,2,True,0,1.000000000,1.000000000,1.000000000,0.990867580,0.058305859
AOI-0073,2023-05-04,1,1,1,True,0,1.000000000,1.000000000,1.000000000,0.620253165,0.719438059
AOI-0073,2023-05-15,1,0,0,True,0,1.000000000,1.000000000,1.000000000,0.725118483,0.611995933
AOI-0073,2023-06-05,1,1,1,True,0,1.000000000,1.000000000,1.000000000,0.963636364,0.181415523
AOI-0073,2023-06-21,1,1,0,True,0,1.000000000,1.000000000,1.000000000,0.734265734,0.611307571
AOI-0073,2023-06-23,1,1,1,True,0,1.000000000,1.000000000,1.000000000,0.879069767,0.388488812
AOI-0073,2023-09-30,1,0,2,True,0,1.000000000,1.000000000,1.000000000,0.913043478,0.314096510
AOI-0073,2024-04-19,1,0,0,True,0,1.000000000,1.000000000,1.000000000,0.894736842,0.409458619
AOI-0073,2024-04-22,1,0,1,True,0,1.000000000,1.000000000,1.000000000,0.534246575,0.900650113
AOI-0073,2024-04-28,1,1,1,True,0,1.000000000,1.000000000,1.000000000,0.527272727,0.768724554
AOI-0073,2024-07-08,1,0,0,True,4,2.000000000,1.000000000,11.000000000,0.978947368,0.116700546
AOI-0073,2024-07-26,1,0,1,True,0,1.000000000,1.000000000,1.000000000,0.802197802,0.539780759
AOI-0073,2024-07-28,1,0,0,True,0,1.000000000,1.000000000,1.000000000,0.904761905,0.357402793
AOI-0073,2024-08-10,1,1,1,True,0,1.000000000,1.000000000,1.000000000,0.872340426,0.439431766
AOI-0073,2024-08-20,1,0,1,True,0,1.000000000,1.000000000,1.000000000,0.853658537,0.447709041
AOI-0073,2024-09-06,1,0,0,True,0,1.000000000,1.000000000,1.000000000,0.708542714,0.628837152
AOI-0073,2024-10-04,1,0,0,True,0,1.000000000,1.000000000,1.000000000,0.894736842,0.409458619
AOI-0073,2025-04-12,1,0,0,True,0,1.000000000,1.000000000,1.000000000,0.866666667,0.485094091
AOI-0073,2025-04-17,1,0,1,True,0,1.000000000,1.000000000,1.000000000,0.896296296,0.359830351
AOI-0073,2025-05-04,1,0,0,True,0,1.000000000,1.000000000,1.000000000,0.639344262,0.682111711
AOI-0073,2025-06-21,1,0,1,True,0,1.000000000,1.000000000,1.000000000,0.777777778,0.586888119
AOI-0073,2025-07-04,1,1,1,True,0,1.000000000,1.000000000,1.000000000,0.960784314,0.192625738
AOI-0073,2025-08-15,1,0,1,True,1,1.000000000,1.000000000,2.000000000,0.925925926,0.288132272
AOI-0073,2025-08-20,1,0,0,True,0,1.000000000,1.000000000,1.000000000,0.818181818,0.600166073
AOI-0073,2025-10-06,1,0,0,True,0,1.000000000,1.000000000,1.000000000,0.942857143,0.258640932
AOI-0073,2025-10-29,1,0,0,True,3,1.000000000,1.000000000,5.000000000,0.714285714,0.796311640
AOI-0074,2010-04-23,1,2,2,True,0,1.000000000,1.000000000,1.000000000,0.611374408,0.693724571
AOI-0074,2010-05-09,1,2,2,True,0,1.000000000,1.000000000,1.000000000,0.990521327,0.060162121
AOI-0074,2010-06-26,1,2,2,True,4,3.000000000,1.000000000,12.000000000,0.989949749,0.063198621
AOI-0074,2011-05-03,1,1,1,True,0,1.000000000,1.000000000,1.000000000,0.913043478,0.355712860
AOI-0074,2011-05-09,1,2,2,True,4,4.000000000,1.000000000,12.000000000,0.990521327,0.060162121
AOI-0074,2011-06-12,1,1,1,True,0,1.000000000,1.000000000,1.000000000,0.942857143,0.258640932
AOI-0074,2012-05-24,1,2,2,True,4,3.000000000,1.000000000,12.000000000,0.990521327,0.060162121
AOI-0074,2012-06-25,1,2,2,True,0,1.000000000,1.000000000,1.000000000,0.711627907,0.624497062
AOI-0074,2012-08-12,1,2,2,True,0,1.000000000,1.000000000,1.000000000,0.819905213,0.493453353
AOI-0074,2013-05-09,1,2,2,True,0,1.000000000,1.000000000,1.000000000,0.547738693,0.716191478
AOI-0074,2013-07-12,1,1,2,True,5,4.000000000,0.750000000,13.000000000,0.567839196,0.711293868
AOI-0074,2013-08-29,1,2,2,True,0,1.000000000,1.000000000,1.000000000,0.990147783,0.062150380
AOI-0074,2014-06-10,1,2,2,True,0,1.000000000,1.000000000,1.000000000,0.990338164,0.061138862
AOI-0074,2014-08-13,1,2,2,True,4,4.000000000,1.000000000,12.000000000,0.990521327,0.060162121
AOI-0074,2014-08-29,1,2,2,True,0,1.000000000,1.000000000,1.000000000,0.991031390,0.057423085
AOI-0074,2015-04-07,1,2,2,True,0,1.000000000,1.000000000,1.000000000,0.990338164,0.061138862
AOI-0074,2015-07-01,1,1,1,False,-1,0.000000000,0.000000000,inf,0.894736842,0.409458619
AOI-0074,2015-07-28,1,2,2,True,0,1.000000000,1.000000000,1.000000000,0.735159817,0.601126410
AOI-0074,2015-08-13,1,2,2,True,0,1.000000000,1.000000000,1.000000000,0.696969697,0.636099738
AOI-0074,2016-04-22,1,2,2,True,0,1.000000000,1.000000000,1.000000000,0.952606635,0.206174211
AOI-0074,2016-06-09,1,2,2,True,0,1.000000000,1.000000000,1.000000000,0.990338164,0.061138862
AOI-0074,2017-04-25,1,1,1,True,0,1.000000000,1.000000000,1.000000000,0.953488372,0.220352331
AOI-0074,2017-04-29,1,0,1,True,0,1.000000000,1.000000000,1.000000000,0.647058824,0.724975116
AOI-0074,2017-05-03,1,1,1,True,0,1.000000000,1.000000000,1.000000000,0.963636364,0.181415523
AOI-0074,2017-08-19,1,0,1,True,0,1.000000000,1.000000000,1.000000000,0.617021277,0.747675135
AOI-0074,2018-04-28,1,1,0,True,0,1.000000000,1.000000000,1.000000000,0.514563107,0.740314755
AOI-0074,2018-06-28,1,0,0,False,-1,0.000000000,0.000000000,inf,0.866666667,0.485094091
AOI-0074,2018-07-03,1,0,0,True,0,1.000000000,1.000000000,1.000000000,0.894736842,0.409458619
AOI-0074,2018-08-10,1,1,1,True,0,1.000000000,1.000000000,1.000000000,0.953488372,0.220352331
AOI-0074,2018-10-13,1,0,0,True,0,1.000000000,1.000000000,1.000000000,0.987096774,0.077896072
AOI-0074,2019-05-17,1,1,1,True,4,2.000000000,1.000000000,15.000000000,0.957446809,0.205470750
AOI-0074,2019-05-19,1,1,1,False,-1,0.000000000,0.000000000,inf,0.858585859,0.443910775
AOI-0074,2019-05-24,1,0,0,True,0,1.000000000,1.000000000,1.000000000,0.894736842,0.409458619
AOI-0074,2019-06-15,1,0,0,True,0,1.000000000,1.000000000,1.000000000,0.986013986,0.083298165
AOI-0074,2019-06-20,1,0,0,True,0,1.000000000,1.000000000,1.000000000,0.854748603,0.438062356
AOI-0074,2019-07-12,1,2,2,True,0,1.000000000,1.000000000,1.000000000,0.819905213,0.493453353
AOI-0074,2019-07-23,1,0,1,True,0,1.000000000,1.000000000,1.000000000,0.714285714,0.659572204
AOI-0074,2019-07-30,1,0,0,True,4,2.000000000,1.000000000,12.000000000,0.866666667,0.436018864
AOI-0074,2019-10-17,1,1,1,True,0,1.000000000,1.000000000,1.000000000,0.848739496,0.457343669
AOI-0074,2020-04-03,1,0,1,True,0,1.000000000,1.000000000,1.000000000,0.848739496,0.457343669
AOI-0074,2020-05-12,1,1,0,True,0,1.000000000,1.000000000,1.000000000,0.642512077,0.677549840
AOI-0074,2020-06-04,1,0,0,True,4,1.000000000,1.000000000,16.000000000,0.852631579,0.456037700
AOI-0074,2020-06-17,1,0,0,True,0,1.000000000,1.000000000,1.000000000,0.894736842,0.409458619
AOI-0074,2020-06-27,1,0,0,True,0,1.000000000,1.000000000,1.000000000,0.894736842,0.409458619
AOI-0074,2020-07-27,1,0,2,True,0,1.000000000,1.000000000,1.000000000,0.909547739,0.322990305
AOI-0074,2020-07-31,1,1,0,True,0,1.000000000,1.000000000,1.000000000,0.570552147,0.715313994
AOI-0074,2020-08-11,1,0,1,True,0,1.000000000,1.000000000,1.000000000,0.617021277,0.747675135
AOI-0074,2020-08-23,1,0,0,True,0,1.000000000,1.000000000,1.000000000,0.986754967,0.079610965
AOI-0074,2020-10-05,1,0,1,True,0,1.000000000,1.000000000,1.000000000,0.783132530,0.569445434
AOI-0074,2020-10-26,1,1,1,True,4,1.000000000,1.000000000,16.000000000,0.523809524,0.761605701
AOI-0074,2021-04-07,1,2,2,True,0,1.000000000,1.000000000,1.000000000,0.989949749,0.063198621
AOI-0074,2021-05-28,1,0,0,True,0,1.000000000,1.000000000,1.000000000,0.894736842,0.409458619
AOI-0074,2021-06-10,1,2,2,True,0,1.000000000,1.000000000,1.000000000,0.838862559,0.462932768
AOI-0074,2021-06-22,1,0,0,True,0,1.000000000,1.000000000,1.000000000,0.894736842,0.409458619
AOI-0074,2021-07-07,1,0,0,True,0,1.000000000,1.000000000,1.000000000,0.894736842,0.409458619
AOI-0074,2021-07-19,1,0,0,True,0,1.000000000,1.000000000,1.000000000,0.818181818,0.498265026
AOI-0074,2021-08-13,1,2,2,True,0,1.000000000,1.000000000,1.000000000,0.887179487,0.428697976
AOI-0074,2021-08-26,1,0,1,True,0,1.000000000,1.000000000,1.000000000,0.538461538,0.789212978
AOI-0074,2021-09-15,1,1,1,False,-1,0.000000000,0.000000000,inf,0.641025641,0.745196588
AOI-0074,2021-10-30,1,0,1,True,0,1.000000000,1.000000000,1.000000000,0.843478261,0.467440026
AOI-0074,2022-05-25,1,2,2,True,0,1.000000000,1.000000000,1.000000000,0.643835616,0.778553399
AOI-0074,2022-06-06,1,0,0,True,4,1.000000000,1.000000000,12.000000000,0.899280576,0.352577827
AOI-0074,2022-06-12,1,1,1,True,4,1.000000000,1.000000000,12.000000000,0.882352941,0.392483338
AOI-0074,2022-06-29,1,0,0,True,0,1.000000000,1.000000000,1.000000000,0.717277487,0.621577835
AOI-0074,2022-07-02,1,0,0,True,0,1.000000000,1.000000000,1.000000000,0.485714286,0.803083670
AOI-0074,2022-09-30,1,2,2,False,-1,0.000000000,0.000000000,13.000000000,0.739130435,0.598020854
AOI-0074,2022-10-05,1,0,0,True,0,1.000000000,1.000000000,1.000000000,0.894736842,0.409458619
AOI-0074,2022-10-07,1,0,0,True,0,1.000000000,1.000000000,1.000000000,0.986013986,0.083298165
AOI-0074,2022-10-17,1,0,0,True,0,1.000000000,1.000000000,1.000000000,0.693251534,0.646547636
AOI-0074,2023-04-03,1,0,1,True,0,1.000000000,1.000000000,1.000000000,0.904761905,0.357402793
AOI-0074,2023-05-12,1,1,0,True,0,1.000000000,1.000000000,1.000000000,0.732620321,0.606848823
AOI-0074,2023-05-25,1,0,2,True,0,1.000000000,1.000000000,1.000000000,0.781990521,0.547209720
AOI-0074,2023-06-02,1,0,0,True,0,1.000000000,1.000000000,1.000000000,0.894736842,0.409458619
AOI-0074,2023-07-12,1,2,2,True,0,1.000000000,1.000000000,1.000000000,0.990697674,0.059218348
AOI-0074,2023-07-15,1,1,1,True,0,1.000000000,1.000000000,1.000000000,0.974683544,0.135612188
AOI-0074,2023-08-01,1,0,1,True,0,1.000000000,1.000000000,1.000000000,0.914110429,0.315024181
AOI-0074,2023-08-28,1,0,0,True,4,3.000000000,1.000000000,12.000000000,0.760000000,0.578083752
AOI-0074,2023-08-29,1,2,2,True,0,1.000000000,1.000000000,1.000000000,0.990697674,0.059218348
AOI-0074,2024-04-09,1,0,0,True,0,1.000000000,1.000000000,1.000000000,0.985611511,0.085284100
AOI-0074,2024-04-12,1,0,0,True,0,1.000000000,1.000000000,1.000000000,0.894736842,0.409458619
AOI-0074,2024-05-06,1,0,0,False,-1,0.000000000,0.000000000,12.000000000,0.754010695,0.583648956
AOI-0074,2024-05-14,1,0,0,True,0,1.000000000,1.000000000,1.000000000,0.684210526,0.765937337
AOI-0074,2024-05-29,1,0,0,True,0,1.000000000,1.000000000,1.000000000,0.913043478,0.355712860
AOI-0074,2024-06-08,1,0,0,True,0,1.000000000,1.000000000,1.000000000,0.899280576,0.352577827
AOI-0074,2024-07-01,1,0,1,True,0,1.000000000,1.000000000,1.000000000,0.745454545,0.632773251
AOI-0074,2024-07-21,1,1,1,False,-1,0.000000000,0.000000000,inf,0.674418605,0.714783355
AOI-0074,2024-08-15,1,0,0,True,0,1.000000000,1.000000000,1.000000000,0.818181818,0.600166073
AOI-0074,2024-08-30,1,0,1,True,0,1.000000000,1.000000000,1.000000000,0.617021277,0.747675135
AOI-0074,2024-10-01,1,0,0,True,0,1.000000000,1.000000000,1.000000000,0.810055866,0.511345905
AOI-0074,2025-04-29,1,0,0,True,1,1.000000000,1.000000000,2.000000000,0.981981982,0.102711110
AOI-0074,2025-05-01,1,0,0,True,0,2.000000000,1.000000000,1.000000000,0.907949791,0.324276536
AOI-0074,2025-05-22,1,0,0,True,0,1.000000000,1.000000000,1.000000000,0.894736842,0.409458619
AOI-0074,2025-06-02,1,1,1,True,0,2.000000000,1.000000000,1.000000000,0.948717949,0.237819011
AOI-0074,2025-06-06,1,0,1,True,0,2.000000000,1.000000000,1.000000000,0.641025641,0.745196588
AOI-0074,2025-07-13,1,0,0,True,0,2.000000000,1.000000000,1.000000000,0.988304094,0.071763657
AOI-0074,2025-07-18,1,0,0,True,0,1.000000000,1.000000000,1.000000000,0.987421384,0.076258973
AOI-0074,2025-08-29,1,0,0,True,0,2.000000000,1.000000000,1.000000000,0.992031873,0.051963811
AOI-0074,2025-10-29,1,0,0,True,2,1.000000000,1.000000000,4.000000000,0.714285714,0.796311640
AOI-0075,2025-04-17,1,0,1,True,0,2.000000000,1.000000000,1.000000000,0.896296296,0.359830351
AOI-0075,2025-04-22,1,0,0,True,0,1.000000000,1.000000000,1.000000000,0.866666667,0.485094091
AOI-0075,2025-04-29,1,0,0,True,0,1.000000000,1.000000000,1.000000000,0.981981982,0.102711110
AOI-0075,2025-07-16,1,0,1,True,0,1.000000000,1.000000000,1.000000000,0.617021277,0.747675135
AOI-0075,2025-07-21,1,0,1,True,0,2.000000000,1.000000000,1.000000000,0.815126050,0.512888736
AOI-0075,2025-07-28,1,0,0,True,0,2.000000000,1.000000000,1.000000000,0.739910314,0.595804393
AOI-0075,2025-08-07,1,0,0,True,0,2.000000000,1.000000000,1.000000000,0.846153846,0.451806829
AOI-0075,2025-09-06,1,0,0,True,0,1.000000000,1.000000000,1.000000000,0.600000000,0.721688628
AOI-0075,2025-10-04,1,0,1,True,0,1.000000000,1.000000000,1.000000000,0.745454545,0.632773251
AOI-0075,2025-10-06,1,0,0,True,0,1.000000000,1.000000000,1.000000000,0.942857143,0.258640932
AOI-0076,2025-04-07,1,0,2,True,0,1.000000000,1.000000000,1.000000000,0.950738916,0.212347715
AOI-0076,2025-04-22,1,0,0,True,0,1.000000000,1.000000000,1.000000000,0.866666667,0.485094091
AOI-0076,2025-05-09,1,2,2,True,0,1.000000000,1.000000000,1.000000000,0.824267782,0.484632634
AOI-0076,2025-05-12,1,0,0,True,0,1.000000000,1.000000000,1.000000000,0.866666667,0.485094091
AOI-0076,2025-05-14,1,0,0,True,2,1.000000000,1.000000000,3.000000000,0.982608696,0.099759750
AOI-0076,2025-06-08,1,0,0,True,0,2.000000000,1.000000000,1.000000000,0.988304094,0.071763657
AOI-0076,2025-08-17,1,0,0,True,0,2.000000000,1.000000000,1.000000000,0.801047120,0.523158429
AOI-0076,2025-09-30,1,1,2,True,0,1.000000000,1.000000000,1.000000000,0.917808219,0.301725093
AOI-0076,2025-10-16,1,2,0,True,0,2.000000000,1.000000000,1.000000000,0.578475336,0.768375239
AOI-0077,2025-04-17,1,0,1,True,0,2.000000000,1.000000000,1.000000000,0.896296296,0.359830351
AOI-0077,2025-04-21,1,0,0,True,0,2.000000000,1.000000000,1.000000000,0.970149254,0.154913925
AOI-0077,2025-04-23,1,1,2,True,0,2.000000000,1.000000000,1.000000000,0.668246445,0.864825637
AOI-0077,2025-05-12,1,0,0,True,0,1.000000000,1.000000000,1.000000000,0.866666667,0.485094091
AOI-0077,2025-05-31,1,0,0,True,0,1.000000000,1.000000000,1.000000000,0.960784314,0.192625738
AOI-0077,2025-09-14,1,1,2,True,0,2.000000000,1.000000000,1.000000000,0.771689498,0.559610189
AOI-0077,2025-09-30,1,1,2,True,0,1.000000000,1.000000000,1.000000000,0.917808219,0.301725093
AOI-0077,2025-10-01,1,0,0,True,0,1.000000000,1.000000000,1.000000000,0.866666667,0.485094091
AOI-0077,2025-10-14,1,0,0,True,0,2.000000000,1.000000000,1.000000000,0.913043478,0.355712860
AOI-0078,2025-04-12,1,0,0,True,0,1.000000000,1.000000000,1.000000000,0.866666667,0.485094091
AOI-0078,2025-05-09,1,2,2,True,2,2.000000000,1.000000000,3.000000000,0.824267782,0.484632634
AOI-0078,2025-05-14,1,0,0,True,3,1.000000000,1.000000000,5.000000000,0.982608696,0.099759750
AOI-0078,2025-06-21,1,0,1,True,1,1.000000000,1.000000000,2.000000000,0.777777778,0.586888119
AOI-0078,2025-06-26,1,2,2,True,0,1.000000000,1.000000000,1.000000000,0.990697674,0.059218348
AOI-0078,2025-07-30,1,0,0,True,0,1.000000000,1.000000000,1.000000000,0.992395437,0.049949369
AOI-0078,2025-08-22,1,0,0,True,1,1.000000000,1.000000000,2.000000000,0.988304094,0.071763657
AOI-0078,2025-08-27,1,0,0,True,2,1.000000000,1.000000000,3.000000000,0.987421384,0.076258973
AOI-0078,2025-08-29,1,0,0,True,0,1.000000000,1.000000000,1.000000000,0.992031873,0.051963811
AOI-0001,2010-04-24,2,1,1,True,4,2.000000000,1.000000000,12.000000000,0.980582524,0.109222462
AOI-0001,2010-05-18,2,1,1,True,4,4.000000000,1.000000000,9.000000000,0.979797980,0.112827275
AOI-0001,2010-05-25,2,2,2,True,4,3.000000000,1.000000000,9.000000000,0.990697674,0.059218348
AOI-0001,2010-08-30,2,1,1,True,4,3.000000000,1.000000000,9.000000000,0.983193277,0.096986095
AOI-0001,2011-04-18,2,1,1,True,4,1.000000000,1.000000000,13.000000000,0.977011494,0.125386776
AOI-0001,2011-06-05,2,1,1,True,4,3.000000000,1.000000000,12.000000000,0.979797980,0.112827275
AOI-0001,2011-07-15,2,1,1,True,4,2.000000000,1.000000000,13.000000000,0.978021978,0.120874486
AOI-0001,2011-08-17,2,1,1,True,4,2.000000000,1.000000000,9.000000000,0.981308411,0.105858397
AOI-0001,2011-09-02,2,1,1,True,4,3.000000000,1.000000000,12.000000000,0.981981982,0.102711110
AOI-0001,2012-05-06,2,1,1,True,4,2.000000000,1.000000000,12.000000000,0.977011494,0.125386776
AOI-0001,2012-05-08,2,2,2,True,4,3.000000000,1.000000000,9.000000000,0.953488372,0.203233066
AOI-0001,2012-06-25,2,2,2,True,4,3.000000000,1.000000000,9.000000000,0.716894977,0.619236583
AOI-0001,2013-04-23,2,2,2,True,4,4.000000000,1.000000000,9.000000000,0.990338164,0.061138862
AOI-0001,2013-05-02,2,1,1,True,4,2.000000000,1.000000000,13.000000000,0.981308411,0.105858397
AOI-0001,2013-07-20,2,1,1,True,4,2.000000000,1.000000000,12.000000000,0.978947368,0.116700546
AOI-0001,2014-06-10,2,2,2,True,4,2.000000000,1.000000000,13.000000000,0.990697674,0.059218348
AOI-0001,2014-07-24,2,1,1,True,4,2.000000000,1.000000000,9.000000000,0.981308411,0.105858397
AOI-0001,2014-07-31,2,1,1,True,4,3.000000000,1.000000000,12.000000000,0.980582524,0.109222462
AOI-0001,2014-09-30,2,2,2,True,4,2.000000000,1.000000000,12.000000000,0.990867580,0.058305859
AOI-0001,2015-06-10,2,2,2,True,4,3.000000000,1.000000000,9.000000000,0.739130435,0.598020854
AOI-0001,2015-08-03,2,1,1,True,4,2.000000000,1.000000000,12.000000000,0.978021978,0.120874486
AOI-0001,2015-09-14,2,2,2,True,4,4.000000000,1.000000000,9.000000000,0.991031390,0.057423085
AOI-0001,2015-09-30,2,2,2,True,4,3.000000000,1.000000000,12.000000000,0.714285714,0.623155167
AOI-0001,2016-05-24,2,2,2,True,4,3.000000000,1.000000000,12.000000000,0.917808219,0.301725093
AOI-0001,2016-05-25,2,1,1,True,4,2.000000000,1.000000000,12.000000000,0.978021978,0.120874486
AOI-0001,2016-07-11,2,2,2,True,4,3.000000000,1.000000000,9.000000000,0.917808219,0.301725093
AOI-0001,2016-07-12,2,1,1,True,4,3.000000000,1.000000000,12.000000000,0.979797980,0.112827275
AOI-0001,2017-05-06,2,0,0,True,4,3.000000000,1.000000000,9.000000000,0.661538462,0.666584314
AOI-0001,2017-05-28,2,1,1,True,4,1.000000000,1.000000000,13.000000000,0.973333333,0.141440924
AOI-0001,2017-07-15,2,1,1,True,4,2.000000000,1.000000000,13.000000000,0.747572816,0.606137599
AOI-0001,2017-08-16,2,1,1,True,5,1.000000000,1.000000000,27.000000000,0.960784314,0.192625738
AOI-0001,2017-09-25,2,0,0,True,4,2.000000000,1.000000000,9.000000000,0.557251908,0.725140365
AOI-0001,2017-09-30,2,2,2,True,4,1.000000000,1.000000000,9.000000000,0.635467980,0.682076228
AOI-0001,2017-10-11,2,1,1,True,4,2.000000000,1.000000000,12.000000000,0.858585859,0.443910775
AOI-0001,2018-05-11,2,0,0,False,-1,0.000000000,0.000000000,inf,0.974683544,0.135612188
AOI-0001,2018-06-24,2,1,1,False,-1,0.000000000,0.000000000,inf,0.828571429,0.535383243
AOI-0001,2018-07-18,2,1,1,False,-1,0.000000000,0.000000000,inf,0.968253968,0.162764794
AOI-0001,2018-08-27,2,1,1,True,4,1.000000000,1.000000000,16.000000000,0.977011494,0.125386776
AOI-0001,2018-09-21,2,1,1,True,4,3.000000000,1.000000000,12.000000000,0.982608696,0.099759750
AOI-0001,2018-10-08,2,0,0,False,-1,0.000000000,0.000000000,inf,0.975903614,0.130281794
AOI-0001,2018-10-30,2,1,1,True,4,2.000000000,1.000000000,13.000000000,0.974683544,0.135612188
AOI-0001,2019-05-16,2,0,0,True,4,4.000000000,1.000000000,9.000000000,0.986754967,0.079610965
AOI-0001,2019-06-30,2,0,0,True,4,3.000000000,1.000000000,12.000000000,0.732283465,0.616498091
AOI-0001,2019-07-05,2,0,0,True,4,3.000000000,1.000000000,9.000000000,0.986754967,0.079610965
AOI-0001,2019-07-20,2,0,0,True,4,3.000000000,1.000000000,12.000000000,0.987096774,0.077896072
AOI-0001,2019-07-30,2,0,0,False,-1,0.000000000,0.000000000,13.000000000,0.813333333,0.529386149
AOI-0001,2019-08-29,2,0,0,True,4,3.000000000,1.000000000,9.000000000,0.704035874,0.630643682
AOI-0001,2019-09-28,2,0,0,False,-1,0.000000000,0.000000000,inf,0.966101695,0.171538761
AOI-0001,2019-10-26,2,1,1,True,4,4.000000000,1.000000000,9.000000000,0.870503597,0.413212905
AOI-0001,2020-04-10,2,0,0,True,4,3.000000000,1.000000000,9.000000000,0.931972789,0.270620287
AOI-0001,2020-04-22,2,0,0,True,4,1.000000000,1.000000000,9.000000000,0.608040201,0.696502445
AOI-0001,2020-06-06,2,0,0,True,4,2.000000000,1.000000000,12.000000000,0.930069930,0.276191097
AOI-0001,2020-07-24,2,0,0,True,4,4.000000000,0.750000000,9.000000000,0.766871166,0.571399404
AOI-0001,2020-08-09,2,1,1,True,4,2.000000000,1.000000000,9.000000000,0.983193277,0.096986095
AOI-0001,2020-08-13,2,0,0,True,4,2.000000000,1.000000000,12.000000000,0.983193277,0.096986095
AOI-0001,2020-08-28,2,2,2,True,4,3.000000000,1.000000000,9.000000000,0.936073059,0.254088226
AOI-0001,2021-06-14,2,0,0,True,4,2.000000000,1.000000000,13.000000000,0.985611511,0.085284100
AOI-0001,2021-06-26,2,0,0,False,-1,0.000000000,0.000000000,9.000000000,0.570776256,0.708382369
AOI-0001,2021-07-14,2,0,0,True,4,2.000000000,1.000000000,9.000000000,0.986013986,0.083298165
AOI-0001,2021-07-19,2,0,0,True,4,4.000000000,1.000000000,9.000000000,0.818181818,0.498265026
AOI-0001,2021-07-29,2,0,0,True,4,4.000000000,1.000000000,9.000000000,0.810055866,0.511345905
AOI-0001,2021-08-18,2,0,0,True,4,2.000000000,1.000000000,12.000000000,0.986754967,0.079610965
AOI-0001,2021-09-30,2,2,2,True,4,3.000000000,1.000000000,12.000000000,0.630331754,0.852595732
AOI-0001,2021-10-02,2,0,0,True,4,3.000000000,1.000000000,9.000000000,0.983739837,0.094374144
AOI-0001,2022-05-25,2,2,2,False,-1,0.000000000,0.000000000,9.000000000,0.650224215,0.772397051
AOI-0001,2022-05-26,2,1,1,True,5,1.000000000,1.000000000,27.000000000,0.977011494,0.125386776
AOI-0001,2022-06-18,2,1,1,True,5,1.000000000,1.000000000,27.000000000,0.802197802,0.539780759
AOI-0001,2022-06-19,2,0,0,True,4,4.000000000,1.000000000,9.000000000,0.955555556,0.201845225
AOI-0001,2022-07-09,2,0,0,True,4,3.000000000,1.000000000,9.000000000,0.986013986,0.083298165
AOI-0001,2022-08-06,2,1,1,True,4,2.000000000,1.000000000,13.000000000,0.690140845,0.676283176
AOI-0001,2022-10-02,2,0,0,False,-1,0.000000000,0.000000000,13.000000000,0.670886076,0.687202700
AOI-0001,2022-10-22,2,0,0,True,4,3.000000000,1.000000000,12.000000000,0.983739837,0.094374144
AOI-0001,2023-04-27,2,1,1,True,4,3.000000000,1.000000000,12.000000000,0.548387097,0.722272177
AOI-0001,2023-06-10,2,2,2,True,4,3.000000000,1.000000000,9.000000000,0.990521327,0.060162121
AOI-0001,2023-06-24,2,0,0,True,4,2.000000000,1.000000000,12.000000000,0.706293706,0.638483603
AOI-0001,2023-07-14,2,0,0,True,4,4.000000000,1.000000000,9.000000000,0.979797980,0.112827275
AOI-0001,2023-07-24,2,1,1,False,-1,0.000000000,0.000000000,inf,0.523809524,0.761605701
AOI-0001,2023-08-01,2,1,1,True,4,4.000000000,1.000000000,9.000000000,0.894736842,0.359080932
AOI-0001,2023-09-02,2,0,0,True,4,3.000000000,1.000000000,12.000000000,0.977011494,0.125386776
AOI-0001,2023-09-19,2,0,0,True,4,2.000000000,1.000000000,12.000000000,0.880794702,0.390915195
AOI-0001,2024-04-09,2,0,0,True,4,2.000000000,1.000000000,13.000000000,0.985611511,0.085284100
AOI-0001,2024-05-08,2,2,2,True,4,2.000000000,1.000000000,12.000000000,0.893719807,0.395628725
AOI-0001,2024-08-11,2,1,1,True,5,1.000000000,1.000000000,27.000000000,0.723577236,0.626221864
AOI-0001,2024-08-12,2,0,0,True,4,2.000000000,1.000000000,12.000000000,0.682051282,0.839705751
AOI-0001,2024-08-22,2,0,0,True,4,3.000000000,1.000000000,9.000000000,0.909677419,0.326525206
AOI-0001,2024-09-28,2,0,0,True,4,3.000000000,1.000000000,12.000000000,0.714285714,0.623155167
AOI-0001,2025-04-07,2,2,2,True,1,1.000000000,1.000000000,2.000000000,0.939393939,0.244226943
AOI-0001,2025-04-17,2,1,1,True,0,1.000000000,1.000000000,1.000000000,0.848739496,0.457343669
AOI-0001,2025-06-10,2,0,0,True,0,1.000000000,1.000000000,1.000000000,0.516587678,0.719232108
AOI-0001,2025-08-06,2,0,0,True,1,1.000000000,1.000000000,2.000000000,0.668246445,0.660253900
AOI-0001,2025-08-14,2,1,0,True,2,2.000000000,1.000000000,3.000000000,0.717791411,0.624583560
AOI-0001,2025-09-07,2,1,1,True,0,1.000000000,1.000000000,1.000000000,0.981308411,0.105858397
AOI-0001,2025-09-21,2,0,0,True,0,1.000000000,1.000000000,1.000000000,0.987730061,0.074694356
AOI-0002,2025-04-01,2,0,0,True,0,1.000000000,1.000000000,1.000000000,0.983739837,0.094374144
AOI-0002,2025-04-07,2,2,2,True,0,1.000000000,1.000000000,1.000000000,0.939393939,0.244226943
AOI-0002,2025-06-08,2,0,0,True,0,2.000000000,1.000000000,1.000000000,0.989743590,0.064285679
AOI-0002,2025-07-12,2,2,2,True,0,1.000000000,1.000000000,1.000000000,0.600000000,0.939354209
AOI-0002,2025-07-21,2,1,1,True,0,2.000000000,1.000000000,1.000000000,0.788617886,0.550242400
AOI-0002,2025-08-06,2,0,0,True,0,1.000000000,1.000000000,1.000000000,0.668246445,0.660253900
AOI-0002,2025-09-14,2,2,2,True,0,2.000000000,1.000000000,1.000000000,0.771689498,0.559610189
AOI-0003,2025-04-17,2,1,1,True,0,1.000000000,1.000000000,1.000000000,0.848739496,0.457343669
AOI-0003,2025-06-07,2,0,0,True,2,1.000000000,1.000000000,4.000000000,0.987096774,0.077896072
AOI-0003,2025-06-26,2,2,2,True,1,2.000000000,1.000000000,2.000000000,0.991341991,0.055740919
AOI-0003,2025-07-05,2,1,0,True,0,2.000000000,1.000000000,1.000000000,0.765363128,0.571219093
AOI-0003,2025-07-06,2,1,1,True,3,1.000000000,1.000000000,8.000000000,0.931034483,0.282027991
AOI-0003,2025-07-08,2,0,0,True,0,2.000000000,1.000000000,1.000000000,0.811659193,0.504999496
AOI-0003,2025-07-28,2,0,0,True,0,1.000000000,1.000000000,1.000000000,0.638766520,0.677915770
AOI-0003,2025-08-27,2,0,0,True,0,2.000000000,1.000000000,1.000000000,0.987421384,0.076258973
AOI-0003,2025-09-05,2,0,0,True,3,1.000000000,1.000000000,8.000000000,0.973333333,0.141440924
AOI-0003,2025-09-25,2,0,0,True,2,1.000000000,1.000000000,4.000000000,0.846153846,0.468910505
AOI-0003,2025-10-16,2,0,0,True,0,2.000000000,1.000000000,1.000000000,0.558441558,0.710629951
AOI-0004,2025-04-01,2,0,0,True,0,1.000000000,1.000000000,1.000000000,0.983739837,0.094374144
AOI-0004,2025-06-11,2,1,1,True,0,1.000000000,1.000000000,1.000000000,0.807407407,0.521357632
AOI-0004,2025-06-26,2,2,2,True,0,1.000000000,1.000000000,1.000000000,0.991341991,0.055740919
AOI-0004,2025-07-28,2,0,0,True,1,1.000000000,1.000000000,2.000000000,0.638766520,0.677915770
AOI-0004,2025-08-07,2,0,0,True,0,1.000000000,1.000000000,1.000000000,0.851428571,0.444443716
AOI-0004,2025-08-17,2,0,0,True,0,1.000000000,1.000000000,1.000000000,0.796407186,0.532357983
AOI-0004,2025-09-21,2,0,0,True,0,2.000000000,1.000000000,1.000000000,0.987730061,0.074694356
AOI-0005,2025-04-16,2,1,0,True,0,1.000000000,1.000000000,1.000000000,0.754838710,0.586790839
AOI-0005,2025-04-17,2,1,1,True,0,1.000000000,1.000000000,1.000000000,0.848739496,0.457343669
AOI-0005,2025-05-19,2,0,0,True,0,1.000000000,1.000000000,1.000000000,0.542168675,0.745301152
AOI-0005,2025-07-28,2,0,0,True,2,1.000000000,1.000000000,3.000000000,0.638766520,0.677915770
AOI-0005,2025-08-13,2,2,2,True,0,1.000000000,1.000000000,1.000000000,0.765182186,0.565485065
AOI-0005,2025-08-22,2,0,0,True,0,1.000000000,1.000000000,1.000000000,0.987730061,0.074694356
AOI-0005,2025-09-11,2,0,0,True,0,1.000000000,1.000000000,1.000000000,0.983193277,0.096986095
AOI-0005,2025-09-16,2,0,0,True,0,2.000000000,1.000000000,1.000000000,0.702564103,0.634582589
AOI-0006,2025-04-16,2,0,0,True,0,1.000000000,1.000000000,1.000000000,0.754838710,0.586790839
AOI-0006,2025-05-19,2,1,0,True,0,1.000000000,1.000000000,1.000000000,0.542168675,0.745301152
AOI-0006,2025-05-24,2,0,0,True,0,2.000000000,1.000000000,1.000000000,0.987730061,0.074694356
AOI-0006,2025-08-02,2,0,0,True,0,2.000000000,1.000000000,1.000000000,0.986394558,0.081409508
AOI-0006,2025-08-13,2,2,2,True,1,1.000000000,1.000000000,2.000000000,0.765182186,0.565485065
AOI-0006,2025-08-14,2,1,0,True,0,1.000000000,1.000000000,1.000000000,0.717791411,0.624583560
AOI-0006,2025-09-01,2,0,0,True,0,1.000000000,1.000000000,1.000000000,0.744855967,0.588982150
AOI-0006,2025-09-26,2,0,0,True,0,1.000000000,1.000000000,1.000000000,0.801047120,0.523158429
AOI-0007,2025-06-15,2,0,0,True,0,1.000000000,1.000000000,1.000000000,0.975903614,0.130281794
AOI-0007,2025-07-07,2,0,0,True,0,1.000000000,1.000000000,1.000000000,0.983739837,0.094374144
AOI-0007,2025-07-13,2,0,0,True,0,2.000000000,1.000000000,1.000000000,0.988571429,0.070389141
AOI-0007,2025-07-23,2,0,0,True,0,1.000000000,1.000000000,1.000000000,0.780645161,0.555196694
AOI-0007,2025-08-06,2,1,0,True,0,1.000000000,1.000000000,1.000000000,0.668246445,0.660253900
AOI-0007,2025-08-27,2,0,0,True,0,2.000000000,1.000000000,1.000000000,0.987421384,0.076258973
AOI-0007,2025-08-29,2,0,0,True,0,2.000000000,1.000000000,1.000000000,0.992156863,0.051273190
AOI-0007,2025-09-05,2,0,0,True,2,1.000000000,1.000000000,4.000000000,0.973333333,0.141440924
AOI-0007,2025-09-08,2,0,0,True,1,4.000000000,0.750000000,1.000000000,0.929648241,0.272650708
AOI-0007,2025-09-15,2,0,0,True,4,16.000000000,0.687500000,1.000000000,0.634042553,0.679954210
AOI-0007,2025-10-13,2,0,0,True,0,1.000000000,1.000000000,1.000000000,0.977011494,0.125386776
AOI-0008,2025-04-28,2,0,0,True,0,2.000000000,1.000000000,1.000000000,0.980582524,0.109222462
AOI-0008,2025-05-09,2,2,2,True,0,2.000000000,1.000000000,1.000000000,0.847533632,0.447194483
AOI-0008,2025-06-10,2,2,0,True,0,2.000000000,1.000000000,1.000000000,0.516587678,0.719232108
AOI-0008,2025-07-14,2,1,1,True,0,2.000000000,1.000000000,1.000000000,0.706293706,0.638483603
AOI-0008,2025-07-23,2,0,0,True,0,1.000000000,1.000000000,1.000000000,0.780645161,0.555196694
AOI-0008,2025-07-28,2,0,0,True,1,1.000000000,1.000000000,2.000000000,0.638766520,0.677915770
AOI-0008,2025-08-06,2,0,0,True,0,1.000000000,1.000000000,1.000000000,0.668246445,0.660253900
AOI-0008,2025-08-09,2,0,0,True,0,2.000000000,1.000000000,1.000000000,0.986013986,0.083298165
AOI-0008,2025-08-17,2,0,0,True,0,1.000000000,1.000000000,1.000000000,0.796407186,0.532357983
AOI-0008,2025-08-31,2,1,1,True,0,2.000000000,1.000000000,1.000000000,0.739130435,0.612089208
AOI-0009,2025-04-29,2,0,0,True,0,1.000000000,1.000000000,1.000000000,0.979797980,0.112827275
AOI-0009,2025-05-14,2,0,0,True,0,1.000000000,1.000000000,1.000000000,0.981308411,0.105858397
AOI-0009,2025-05-16,2,0,0,True,0,1.000000000,1.000000000,1.000000000,0.984251969,0.091909786
AOI-0009,2025-05-27,2,1,1,True,0,2.000000000,1.000000000,1.000000000,0.977011494,0.125386776
AOI-0009,2025-06-26,2,2,2,True,0,2.000000000,1.000000000,1.000000000,0.991341991,0.055740919
AOI-0009,2025-07-06,2,1,1,True,1,1.000000000,1.000000000,2.000000000,0.931034483,0.282027991
AOI-0009,2025-07-07,2,0,0,True,0,1.000000000,1.000000000,1.000000000,0.983739837,0.094374144
AOI-0009,2025-07-15,2,0,0,True,0,1.000000000,1.000000000,1.000000000,0.947826087,0.228374661
AOI-0009,2025-07-18,2,0,0,True,0,1.000000000,1.000000000,1.000000000,0.987096774,0.077896072
AOI-0009,2025-07-28,2,0,0,True,0,1.000000000,1.000000000,1.000000000,0.638766520,0.677915770
AOI-0009,2025-09-05,2,0,0,True,1,1.000000000,1.000000000,2.000000000,0.973333333,0.141440924
AOI-0010,2010-06-26,2,2,2,True,2,2.000000000,1.000000000,3.000000000,0.990521327,0.060162121
AOI-0010,2010-08-13,2,2,2,True,2,2.000000000,1.000000000,3.000000000,0.916279070,0.305727510
AOI-0010,2010-08-29,2,1,2,True,2,2.000000000,1.000000000,3.000000000,0.535545024,0.717062928
AOI-0010,2011-06-22,2,1,1,True,2,2.000000000,1.000000000,3.000000000,0.982608696,0.099759750
AOI-0010,2011-07-28,2,2,2,True,2,2.000000000,1.000000000,3.000000000,0.990521327,0.060162121
AOI-0010,2011-09-02,2,1,1,True,2,2.000000000,1.000000000,3.000000000,0.981981982,0.102711110
AOI-0010,2012-06-09,2,2,2,True,2,1.000000000,1.000000000,4.000000000,0.739130435,0.598020854
AOI-0010,2012-08-28,2,2,2,True,2,1.000000000,1.000000000,3.000000000,0.661835749,0.665130698
AOI-0010,2012-10-15,2,2,2,True,2,2.000000000,1.000000000,3.000000000,0.739130435,0.598020854
AOI-0010,2013-05-02,2,1,1,True,2,1.000000000,1.000000000,4.000000000,0.981308411,0.105858397
AOI-0010,2013-05-09,2,1,2,True,3,1.000000000,1.000000000,7.000000000,0.579487179,0.708152353
AOI-0010,2013-09-30,2,2,2,False,-1,0.000000000,0.000000000,3.000000000,0.777777778,0.552980074
AOI-0010,2014-04-07,2,2,2,True,2,1.000000000,1.000000000,4.000000000,0.989949749,0.063198621
AOI-0010,2014-06-30,2,1,1,True,2,2.000000000,1.000000000,3.000000000,0.981981982,0.102711110
AOI-0010,2014-08-01,2,1,1,True,2,1.000000000,1.000000000,4.000000000,0.979797980,0.112827275
AOI-0010,2014-10-16,2,2,2,True,2,2.000000000,1.000000000,3.000000000,0.990147783,0.062150380
AOI-0010,2015-06-17,2,1,1,False,-1,0.000000000,0.000000000,inf,0.866666667,0.485094091
AOI-0010,2015-08-13,2,2,2,True,2,2.000000000,1.000000000,3.000000000,0.716894977,0.619236583
AOI-0010,2015-09-05,2,1,1,True,2,1.000000000,1.000000000,3.000000000,0.978947368,0.116700546
AOI-0010,2015-09-30,2,2,2,True,2,2.000000000,1.000000000,3.000000000,0.714285714,0.623155167
AOI-0010,2016-05-24,2,2,2,True,2,2.000000000,1.000000000,3.000000000,0.917808219,0.301725093
AOI-0010,2016-06-09,2,2,2,True,2,1.000000000,1.000000000,4.000000000,0.990147783,0.062150380
AOI-0010,2016-06-19,2,1,1,True,2,1.000000000,1.000000000,3.000000000,0.974683544,0.135612188
AOI-0010,2016-06-27,2,1,1,True,2,1.000000000,1.000000000,4.000000000,0.981981982,0.102711110
AOI-0010,2017-04-13,2,0,0,True,2,2.000000000,1.000000000,3.000000000,0.858267717,0.438505622
AOI-0010,2017-05-01,2,0,0,True,2,1.000000000,1.000000000,4.000000000,0.984251969,0.091909786
AOI-0010,2017-05-05,2,1,1,True,2,2.000000000,1.000000000,3.000000000,0.740458015,0.607016297
AOI-0010,2017-08-06,2,0,0,True,2,1.000000000,1.000000000,3.000000000,0.983739837,0.094374144
AOI-0010,2017-09-05,2,0,0,True,2,2.000000000,1.000000000,3.000000000,0.978021978,0.120874486
AOI-0010,2017-09-18,2,0,0,True,2,1.000000000,1.000000000,3.000000000,0.801169591,0.525159835
AOI-0010,2017-09-20,2,0,0,True,2,2.000000000,1.000000000,3.000000000,0.984732824,0.089580528
AOI-0010,2018-04-14,2,1,1,True,2,2.000000000,1.000000000,3.000000000,0.983739837,0.094374144
AOI-0010,2018-05-24,2,1,1,True,2,1.000000000,1.000000000,4.000000000,0.979797980,0.112827275
AOI-0010,2018-06-02,2,0,0,True,2,2.000000000,1.000000000,3.000000000,0.985611511,0.085284100
AOI-0010,2018-09-13,2,0,0,True,2,1.000000000,1.000000000,4.000000000,0.814207650,0.504717032
AOI-0010,2018-09-21,2,1,1,True,2,2.000000000,1.000000000,3.000000000,0.982608696,0.099759750
AOI-0010,2019-04-01,2,0,0,True,3,1.000000000,1.000000000,7.000000000,0.808695652,0.523482354
AOI-0010,2019-06-22,2,0,0,False,-1,0.000000000,0.000000000,inf,0.974683544,0.135612188
AOI-0010,2019-08-01,2,0,0,True,2,2.000000000,1.000000000,3.000000000,0.985611511,0.085284100
AOI-0010,2019-08-15,2,1,1,True,2,2.000000000,1.000000000,3.000000000,0.981981982,0.102711110
AOI-0010,2019-08-24,2,0,0,True,4,1.000000000,1.000000000,9.000000000,0.754838710,0.586790839
AOI-0010,2019-08-26,2,0,0,True,3,1.000000000,1.000000000,7.000000000,0.985611511,0.085284100
AOI-0010,2019-08-31,2,0,0,True,2,1.000000000,1.000000000,4.000000000,0.985185185,0.087375267
AOI-0010,2019-09-05,2,0,0,False,-1,0.000000000,0.000000000,inf,0.981981982,0.102711110
AOI-0010,2019-09-18,2,0,0,True,2,1.000000000,1.000000000,4.000000000,0.980582524,0.109222462
AOI-0010,2019-10-23,2,0,0,True,2,2.000000000,1.000000000,3.000000000,0.985185185,0.087375267
AOI-0010,2020-04-07,2,0,0,True,2,1.000000000,1.000000000,3.000000000,0.985611511,0.085284100
AOI-0010,2020-04-30,2,0,0,True,2,1.000000000,1.000000000,3.000000000,0.985611511,0.085284100
AOI-0010,2020-05-13,2,1,1,True,2,2.000000000,1.000000000,3.000000000,0.974683544,0.135612188
AOI-0010,2020-06-04,2,0,0,True,5,1.000000000,1.000000000,18.000000000,0.825242718,0.500845652
AOI-0010,2020-07-29,2,0,0,True,2,1.000000000,1.000000000,3.000000000,0.981981982,0.102711110
AOI-0010,2020-08-05,2,0,0,True,2,1.000000000,1.000000000,3.000000000,0.983193277,0.096986095
AOI-0010,2020-08-10,2,0,0,True,2,1.000000000,1.000000000,3.000000000,0.984732824,0.089580528
AOI-0010,2020-08-23,2,0,0,True,2,2.000000000,1.000000000,3.000000000,0.986013986,0.083298165
AOI-0010,2020-08-25,2,0,0,True,2,2.000000000,1.000000000,3.000000000,0.904761905,0.338998738
AOI-0010,2020-10-12,2,0,0,True,2,2.000000000,1.000000000,3.000000000,0.792349727,0.536096233
AOI-0010,2021-05-12,2,0,0,True,2,2.000000000,1.000000000,3.000000000,0.984732824,0.089580528
AOI-0010,2021-05-16,2,1,1,True,2,2.000000000,1.000000000,3.000000000,0.980582524,0.109222462
AOI-0010,2021-07-09,2,0,0,True,2,1.000000000,1.000000000,3.000000000,0.986754967,0.079610965
AOI-0010,2021-07-11,2,0,0,True,2,2.000000000,1.000000000,3.000000000,0.880794702,0.390915195
AOI-0010,2021-08-03,2,0,0,True,2,2.000000000,1.000000000,3.000000000,0.962264151,0.177682872
AOI-0010,2021-08-18,2,0,0,True,2,1.000000000,1.000000000,3.000000000,0.986754967,0.079610965
AOI-0010,2021-09-07,2,0,0,True,2,2.000000000,1.000000000,3.000000000,0.810055866,0.511345905
AOI-0010,2021-09-30,2,2,2,True,2,2.000000000,1.000000000,3.000000000,0.630331754,0.852595732
AOI-0010,2021-10-07,2,0,0,True,2,2.000000000,1.000000000,3.000000000,0.815950920,0.504375887
AOI-0010,2022-04-02,2,0,0,True,2,1.000000000,1.000000000,4.000000000,0.975903614,0.130281794
AOI-0010,2022-04-07,2,0,0,True,2,1.000000000,1.000000000,4.000000000,0.642512077,0.880605149
AOI-0010,2022-04-25,2,0,0,True,3,1.000000000,1.000000000,7.000000000,0.820359281,0.497101801
AOI-0010,2022-05-30,2,0,0,True,2,2.000000000,1.000000000,3.000000000,0.987096774,0.077896072
AOI-0010,2022-08-15,2,0,0,True,2,1.000000000,1.000000000,4.000000000,0.889763780,0.375374762
AOI-0010,2022-09-02,2,0,0,True,2,1.000000000,1.000000000,3.000000000,0.894736842,0.359080932
AOI-0010,2022-09-09,2,0,0,True,2,2.000000000,1.000000000,3.000000000,0.952755906,0.211605625
AOI-0010,2022-09-30,2,2,2,True,2,2.000000000,1.000000000,3.000000000,0.700483092,0.635184019
AOI-0010,2023-06-24,2,0,0,True,2,1.000000000,1.000000000,3.000000000,0.706293706,0.638483603
AOI-0010,2023-07-12,2,2,2,True,2,1.000000000,1.000000000,4.000000000,0.990697674,0.059218348
AOI-0010,2023-08-08,2,0,0,True,2,1.000000000,1.000000000,3.000000000,0.828571429,0.483197564
AOI-0010,2023-09-22,2,0,0,True,2,2.000000000,1.000000000,3.000000000,0.987096774,0.077896072
AOI-0010,2023-09-30,2,2,2,True,2,2.000000000,1.000000000,3.000000000,0.893719807,0.358318799
AOI-0010,2023-10-02,2,0,0,True,2,1.000000000,1.000000000,3.000000000,0.983193277,0.096986095
AOI-0010,2023-10-14,2,0,0,True,2,1.000000000,1.000000000,4.000000000,0.984251969,0.091909786
AOI-0010,2023-10-19,2,0,0,True,2,1.000000000,1.000000000,4.000000000,0.710691824,0.631831023
AOI-0010,2023-10-29,2,0,0,True,3,1.000000000,1.000000000,7.000000000,0.918699187,0.308364480
AOI-0010,2024-04-09,2,0,0,True,2,1.000000000,1.000000000,4.000000000,0.985611511,0.085284100
AOI-0010,2024-04-22,2,1,1,True,2,1.000000000,1.000000000,3.000000000,0.545893720,0.903576437
AOI-0010,2024-05-04,2,0,0,True,2,1.000000000,1.000000000,4.000000000,0.986754967,0.079610965
AOI-0010,2024-05-09,2,0,0,True,3,1.000000000,1.000000000,7.000000000,0.632653061,0.691403850
AOI-0010,2024-05-24,2,0,0,True,2,1.000000000,1.000000000,4.000000000,0.714285714,0.793585103
AOI-0010,2024-06-23,2,0,0,True,2,2.000000000,1.000000000,3.000000000,0.925925926,0.288132272
AOI-0010,2024-06-28,2,0,0,True,4,1.000000000,1.000000000,9.000000000,0.985185185,0.087375267
AOI-0010,2024-08-27,2,0,0,True,2,1.000000000,1.000000000,3.000000000,0.983739837,0.094374144
AOI-0010,2025-04-29,2,0,0,True,0,1.000000000,1.000000000,1.000000000,0.979797980,0.112827275
AOI-0010,2025-05-16,2,0,0,True,1,1.000000000,1.000000000,2.000000000,0.984251969,0.091909786
AOI-0010,2025-07-08,2,0,0,True,0,2.000000000,1.000000000,1.000000000,0.811659193,0.504999496
AOI-0010,2025-07-12,2,2,2,True,0,1.000000000,1.000000000,1.000000000,0.600000000,0.939354209
AOI-0010,2025-07-18,2,0,0,True,0,1.000000000,1.000000000,1.000000000,0.987096774,0.077896072
AOI-0010,2025-08-17,2,0,0,True,0,1.000000000,1.000000000,1.000000000,0.796407186,0.532357983
AOI-0010,2025-09-21,2,0,0,True,0,2.000000000,1.000000000,1.000000000,0.987730061,0.074694356
AOI-0010,2025-09-24,2,1,1,True,0,2.000000000,1.000000000,1.000000000,0.808695652,0.523482354
AOI-0010,2025-10-02,2,1,1,True,0,2.000000000,1.000000000,1.000000000,0.823129252,0.495449242
AOI-0011,2025-05-09,2,2,2,True,0,1.000000000,1.000000000,1.000000000,0.847533632,0.447194483
AOI-0011,2025-05-16,2,0,0,True,2,4.000000000,1.000000000,3.000000000,0.984251969,0.091909786
AOI-0011,2025-06-05,2,0,0,True,1,1.000000000,1.000000000,2.000000000,0.984251969,0.091909786
AOI-0011,2025-06-07,2,0,0,True,1,2.000000000,1.000000000,2.000000000,0.987096774,0.077896072
AOI-0011,2025-07-28,2,0,0,True,0,1.000000000,1.000000000,1.000000000,0.638766520,0.677915770
AOI-0011,2025-07-30,2,0,0,True,1,2.000000000,1.000000000,2.000000000,0.992277992,0.050601985
AOI-0011,2025-08-13,2,2,2,True,0,2.000000000,1.000000000,1.000000000,0.765182186,0.565485065
AOI-0011,2025-08-29,2,0,0,True,0,2.000000000,1.000000000,1.000000000,0.992156863,0.051273190
AOI-0011,2025-09-14,2,2,2,True,0,2.000000000,1.000000000,1.000000000,0.771689498,0.559610189
AOI-0011,2025-09-26,2,0,0,True,0,1.000000000,1.000000000,1.000000000,0.801047120,0.523158429
AOI-0011,2025-10-13,2,0,0,True,0,1.000000000,1.000000000,1.000000000,0.977011494,0.125386776
AOI-0012,2025-04-17,2,1,1,True,0,1.000000000,1.000000000,1.000000000,0.848739496,0.457343669
AOI-0012,2025-04-24,2,0,0,True,0,2.000000000,1.000000000,1.000000000,0.981981982,0.102711110
AOI-0012,2025-05-24,2,0,0,True,1,2.000000000,1.000000000,2.000000000,0.987730061,0.074694356
AOI-0012,2025-05-25,2,2,2,True,0,2.000000000,1.000000000,1.000000000,0.819905213,0.493453353
AOI-0012,2025-06-07,2,0,0,True,0,1.000000000,1.000000000,1.000000000,0.987096774,0.077896072
AOI-0012,2025-07-06,2,1,1,True,0,2.000000000,1.000000000,1.000000000,0.931034483,0.282027991
AOI-0012,2025-07-28,2,0,0,True,0,1.000000000,1.000000000,1.000000000,0.638766520,0.677915770
AOI-0012,2025-08-24,2,0,0,True,0,1.000000000,1.000000000,1.000000000,0.981981982,0.102711110
AOI-0012,2025-09-25,2,0,0,True,0,1.000000000,1.000000000,1.000000000,0.846153846,0.468910505
AOI-0012,2025-09-26,2,0,0,True,0,1.000000000,1.000000000,1.000000000,0.801047120,0.523158429
AOI-0013,2010-04-15,2,1,1,True,2,1.000000000,1.000000000,4.000000000,0.974683544,0.135612188
AOI-0013,2010-05-25,2,2,2,True,0,1.000000000,1.000000000,1.000000000,0.990697674,0.059218348
AOI-0013,2010-08-30,2,1,1,True,0,1.000000000,1.000000000,1.000000000,0.983193277,0.096986095
AOI-0013,2010-10-01,2,1,1,True,0,1.000000000,1.000000000,1.000000000,0.957446809,0.205470750
AOI-0013,2011-04-02,2,1,1,True,2,1.000000000,1.000000000,4.000000000,0.977011494,0.125386776
AOI-0013,2011-05-28,2,1,1,True,2,1.000000000,1.000000000,4.000000000,0.978947368,0.116700546
AOI-0013,2011-06-13,2,1,1,True,2,1.000000000,1.000000000,4.000000000,0.973333333,0.141440924
AOI-0013,2011-07-08,2,1,1,True,0,1.000000000,1.000000000,1.000000000,0.957446809,0.205470750
AOI-0013,2011-07-15,2,1,1,True,0,1.000000000,1.000000000,1.000000000,0.978021978,0.120874486
AOI-0013,2011-08-01,2,1,1,True,2,2.000000000,1.000000000,3.000000000,0.981308411,0.105858397
AOI-0013,2012-06-09,2,2,2,True,0,1.000000000,1.000000000,1.000000000,0.739130435,0.598020854
AOI-0013,2012-07-18,2,1,1,True,2,1.000000000,1.000000000,3.000000000,0.979797980,0.112827275
AOI-0013,2012-07-25,2,1,1,True,0,1.000000000,1.000000000,1.000000000,0.979797980,0.112827275
AOI-0013,2012-09-29,2,2,2,True,0,1.000000000,1.000000000,1.000000000,0.706161137,0.629814033
AOI-0013,2013-06-19,2,1,1,True,2,1.000000000,1.000000000,3.000000000,0.978021978,0.120874486
AOI-0013,2013-07-13,2,1,1,True,2,2.000000000,1.000000000,3.000000000,0.980582524,0.109222462
AOI-0013,2013-07-21,2,1,1,True,2,1.000000000,1.000000000,4.000000000,0.977011494,0.125386776
AOI-0013,2013-07-29,2,1,1,True,0,1.000000000,1.000000000,1.000000000,0.968253968,0.162764794
AOI-0013,2013-10-24,2,1,1,True,2,1.000000000,1.000000000,4.000000000,0.978947368,0.116700546
AOI-0013,2014-04-07,2,2,2,True,0,1.000000000,1.000000000,1.000000000,0.989949749,0.063198621
AOI-0013,2014-04-27,2,1,1,True,0,1.000000000,1.000000000,1.000000000,0.981981982,0.102711110
AOI-0013,2014-06-05,2,1,1,True,0,1.000000000,1.000000000,1.000000000,0.978947368,0.116700546
AOI-0013,2014-08-29,2,2,2,True,0,1.000000000,1.000000000,1.000000000,0.990867580,0.058305859
AOI-0013,2014-09-02,2,1,1,True,0,1.000000000,1.000000000,1.000000000,0.981308411,0.105858397
AOI-0013,2014-10-04,2,1,1,True,0,1.000000000,1.000000000,1.000000000,0.978947368,0.116700546
AOI-0013,2015-04-30,2,1,1,True,0,1.000000000,1.000000000,1.000000000,0.981308411,0.105858397
AOI-0013,2015-05-15,2,1,1,True,0,1.000000000,1.000000000,1.000000000,0.978947368,0.116700546
AOI-0013,2015-06-10,2,2,2,True,0,1.000000000,1.000000000,1.000000000,0.739130435,0.598020854
AOI-0013,2015-07-27,2,1,1,True,2,1.000000000,1.000000000,3.000000000,0.979797980,0.112827275
AOI-0013,2015-08-12,2,1,1,True,2,2.000000000,1.000000000,3.000000000,0.982608696,0.099759750
AOI-0013,2016-04-22,2,2,2,True,2,2.000000000,1.000000000,3.000000000,0.971563981,0.142075028
AOI-0013,2016-06-09,2,2,2,True,0,1.000000000,1.000000000,1.000000000,0.990147783,0.062150380
AOI-0013,2016-06-27,2,1,1,True,0,1.000000000,1.000000000,1.000000000,0.981981982,0.102711110
AOI-0013,2016-07-05,2,1,1,True,0,1.000000000,1.000000000,1.000000000,0.978021978,0.120874486
AOI-0013,2016-07-11,2,2,2,True,0,1.000000000,1.000000000,1.000000000,0.917808219,0.301725093
AOI-0013,2016-08-13,2,1,1,True,2,1.000000000,1.000000000,4.000000000,0.978947368,0.116700546
AOI-0013,2017-04-02,2,1,1,True,2,1.000000000,1.000000000,4.000000000,0.978947368,0.116700546
AOI-0013,2017-04-23,2,2,2,True,0,1.000000000,1.000000000,1.000000000,0.990867580,0.058305859
AOI-0013,2017-05-09,2,2,2,True,0,1.000000000,1.000000000,1.000000000,0.990867580,0.058305859
AOI-0013,2017-07-02,2,0,0,True,0,1.000000000,1.000000000,1.000000000,0.985185185,0.087375267
AOI-0013,2017-07-12,2,2,2,True,0,1.000000000,1.000000000,1.000000000,0.823255814,0.487928887
AOI-0013,2017-07-31,2,1,1,True,4,1.000000000,1.000000000,15.000000000,0.971830986,0.147843978
AOI-0013,2017-08-25,2,1,1,True,0,1.000000000,1.000000000,1.000000000,0.975903614,0.130281794
AOI-0013,2017-09-08,2,0,0,True,0,1.000000000,1.000000000,1.000000000,0.656565657,0.688858011
AOI-0013,2018-05-31,2,0,0,True,0,1.000000000,1.000000000,1.000000000,0.984732824,0.089580528
AOI-0013,2018-06-26,2,2,2,True,0,1.000000000,1.000000000,1.000000000,0.698630137,0.635682805
AOI-0013,2018-07-18,2,1,1,False,-1,0.000000000,0.000000000,inf,0.968253968,0.162764794
AOI-0013,2018-07-26,2,1,1,True,0,1.000000000,1.000000000,1.000000000,0.978947368,0.116700546
AOI-0013,2018-08-19,2,1,1,True,0,1.000000000,1.000000000,1.000000000,0.978947368,0.116700546
AOI-0013,2018-09-13,2,0,0,True,0,1.000000000,1.000000000,1.000000000,0.814207650,0.504717032
AOI-0013,2018-09-20,2,1,1,True,0,1.000000000,1.000000000,1.000000000,0.980582524,0.109222462
AOI-0013,2019-05-28,2,0,0,True,2,1.000000000,1.000000000,3.000000000,0.983739837,0.094374144
AOI-0013,2019-07-05,2,0,0,True,0,1.000000000,1.000000000,1.000000000,0.986754967,0.079610965
AOI-0013,2019-07-07,2,0,0,True,0,1.000000000,1.000000000,1.000000000,0.956834532,0.197325562
AOI-0013,2019-08-06,2,0,0,True,0,1.000000000,1.000000000,1.000000000,0.702564103,0.634582589
AOI-0013,2019-08-07,2,1,1,True,2,2.000000000,1.000000000,3.000000000,0.858267717,0.438505622
AOI-0013,2019-08-09,2,0,0,True,0,1.000000000,1.000000000,1.000000000,0.810055866,0.511345905
AOI-0013,2019-08-11,2,0,0,True,2,1.000000000,1.000000000,3.000000000,0.984732824,0.089580528
AOI-0013,2019-08-26,2,0,0,True,2,1.000000000,1.000000000,4.000000000,0.985611511,0.085284100
AOI-0013,2019-09-03,2,0,0,True,0,1.000000000,1.000000000,1.000000000,0.987421384,0.076258973
AOI-0013,2019-10-16,2,2,2,True,0,1.000000000,1.000000000,1.000000000,0.777777778,0.662017373
AOI-0013,2020-04-10,2,0,0,True,0,1.000000000,1.000000000,1.000000000,0.931972789,0.270620287
AOI-0013,2020-04-25,2,0,0,True,2,1.000000000,1.000000000,3.000000000,0.984251969,0.091909786
AOI-0013,2020-04-26,2,1,1,True,0,1.000000000,1.000000000,1.000000000,0.978021978,0.120874486
AOI-0013,2020-05-08,2,2,2,True,0,1.000000000,1.000000000,1.000000000,0.990521327,0.060162121
AOI-0013,2020-05-27,2,0,0,True,0,1.000000000,1.000000000,1.000000000,0.780645161,0.555196694
AOI-0013,2020-06-09,2,0,0,True,0,1.000000000,1.000000000,1.000000000,0.668246445,0.660253900
AOI-0013,2020-06-25,2,2,2,True,2,2.000000000,1.000000000,3.000000000,0.990697674,0.059218348
AOI-0013,2020-07-07,2,1,1,True,0,1.000000000,1.000000000,1.000000000,0.801801802,0.534542741
AOI-0013,2020-07-23,2,1,1,True,0,1.000000000,1.000000000,1.000000000,0.670329670,0.682124509
AOI-0013,2020-08-09,2,1,1,True,0,1.000000000,1.000000000,1.000000000,0.983193277,0.096986095
AOI-0013,2020-09-07,2,0,0,True,0,1.000000000,1.000000000,1.000000000,0.986394558,0.081409508
AOI-0013,2020-09-24,2,0,0,True,2,2.000000000,1.000000000,3.000000000,0.748633880,0.590157197
AOI-0013,2021-04-30,2,0,0,True,2,2.000000000,1.000000000,3.000000000,0.983193277,0.096986095
AOI-0013,2021-05-15,2,1,0,True,0,1.000000000,1.000000000,1.000000000,0.904761905,0.338998738
AOI-0013,2021-06-14,2,0,0,True,0,1.000000000,1.000000000,1.000000000,0.985611511,0.085284100
AOI-0013,2021-06-19,2,0,0,True,2,2.000000000,1.000000000,3.000000000,0.818181818,0.498265026
AOI-0013,2021-08-23,2,0,0,True,0,1.000000000,1.000000000,1.000000000,0.984251969,0.091909786
AOI-0013,2021-08-25,2,0,0,True,2,1.000000000,1.000000000,3.000000000,0.984251969,0.091909786
AOI-0013,2021-09-14,2,0,0,True,2,2.000000000,1.000000000,3.000000000,0.615763547,0.692456055
AOI-0013,2021-09-27,2,0,0,True,0,1.000000000,1.000000000,1.000000000,0.986013986,0.083298165
AOI-0013,2021-10-06,2,1,1,True,4,2.000000000,1.000000000,12.000000000,0.777777778,0.562182809
AOI-0013,2021-10-30,2,1,1,True,2,1.000000000,1.000000000,4.000000000,0.831775701,0.489153472
AOI-0013,2022-04-07,2,0,0,True,0,1.000000000,1.000000000,1.000000000,0.642512077,0.880605149
AOI-0013,2022-04-23,2,2,2,True,0,1.000000000,1.000000000,1.000000000,0.913043478,0.314096510
AOI-0013,2022-05-26,2,1,1,True,4,1.000000000,1.000000000,15.000000000,0.977011494,0.125386776
AOI-0013,2022-07-28,2,2,2,True,0,1.000000000,1.000000000,1.000000000,0.584541063,0.955419871
AOI-0013,2022-08-10,2,0,0,True,0,1.000000000,1.000000000,1.000000000,0.985611511,0.085284100
AOI-0013,2022-08-15,2,0,0,True,0,1.000000000,1.000000000,1.000000000,0.889763780,0.375374762
AOI-0013,2022-08-25,2,0,0,True,0,1.000000000,1.000000000,1.000000000,0.694581281,0.640602776
AOI-0013,2022-08-31,2,1,1,True,0,1.000000000,1.000000000,1.000000000,0.832061069,0.483656175
AOI-0013,2022-09-16,2,1,1,False,-1,0.000000000,0.000000000,inf,0.935483871,0.283936267
AOI-0013,2022-10-18,2,1,1,True,0,1.000000000,1.000000000,1.000000000,0.982608696,0.099759750
AOI-0013,2023-05-09,2,2,2,True,0,1.000000000,1.000000000,1.000000000,0.990697674,0.059218348
AOI-0013,2023-05-20,2,0,0,True,2,2.000000000,1.000000000,3.000000000,0.756097561,0.591181657
AOI-0013,2023-06-10,2,2,2,True,0,1.000000000,1.000000000,1.000000000,0.990521327,0.060162121
AOI-0013,2023-07-04,2,0,0,True,0,1.000000000,1.000000000,1.000000000,0.984732824,0.089580528
AOI-0013,2023-07-25,2,1,1,True,0,1.000000000,1.000000000,1.000000000,0.983193277,0.096986095
AOI-0013,2023-08-13,2,0,0,True,0,1.000000000,1.000000000,1.000000000,0.687203791,0.816971044
AOI-0013,2023-08-30,2,0,0,True,0,1.000000000,1.000000000,1.000000000,0.986013986,0.083298165
AOI-0013,2023-09-07,2,0,0,True,0,1.000000000,1.000000000,1.000000000,0.986394558,0.081409508
AOI-0013,2023-10-07,2,0,0,True,0,1.000000000,1.000000000,1.000000000,0.801324503,0.527596161
AOI-0013,2023-10-29,2,0,0,True,2,1.000000000,1.000000000,4.000000000,0.918699187,0.308364480
AOI-0013,2024-04-05,2,1,1,True,0,1.000000000,1.000000000,1.000000000,0.963636364,0.181415523
AOI-0013,2024-04-09,2,0,0,True,0,1.000000000,1.000000000,1.000000000,0.985611511,0.085284100
AOI-0013,2024-05-09,2,0,0,True,2,1.000000000,1.000000000,4.000000000,0.632653061,0.691403850
AOI-0013,2024-07-08,2,0,0,True,4,1.000000000,1.000000000,12.000000000,0.974683544,0.135612188
AOI-0013,2024-08-14,2,0,0,True,0,1.000000000,1.000000000,1.000000000,0.886178862,0.383718820
AOI-0013,2024-08-20,2,1,1,True,0,1.000000000,1.000000000,1.000000000,0.832061069,0.483656175
AOI-0013,2024-08-24,2,0,0,True,0,1.000000000,1.000000000,1.000000000,0.977011494,0.125386776
AOI-0013,2024-08-28,2,1,1,True,0,1.000000000,1.000000000,1.000000000,0.517241379,0.720039468
AOI-0013,2024-09-11,2,0,0,True,2,2.000000000,1.000000000,3.000000000,0.982608696,0.099759750
AOI-0013,2024-10-30,2,1,1,True,2,1.000000000,1.000000000,4.000000000,0.756097561,0.591181657
AOI-0013,2025-05-09,2,2,2,True,0,2.000000000,1.000000000,1.000000000,0.847533632,0.447194483
AOI-0013,2025-06-03,2,0,0,True,0,1.000000000,1.000000000,1.000000000,0.985185185,0.087375267
AOI-0013,2025-06-05,2,0,0,True,0,1.000000000,1.000000000,1.000000000,0.984251969,0.091909786
AOI-0013,2025-08-22,2,0,0,True,0,2.000000000,1.000000000,1.000000000,0.987730061,0.074694356
AOI-0013,2025-08-30,2,1,1,True,0,1.000000000,1.000000000,1.000000000,0.853658537,0.447709041
AOI-0013,2025-09-11,2,0,0,True,1,1.000000000,1.000000000,2.000000000,0.983193277,0.096986095
AOI-0013,2025-09-13,2,0,0,True,0,1.000000000,1.000000000,1.000000000,0.983193277,0.096986095
AOI-0013,2025-09-15,2,0,0,True,0,2.000000000,1.000000000,1.000000000,0.634042553,0.679954210
AOI-0013,2025-10-02,2,1,1,True,0,2.000000000,1.000000000,1.000000000,0.823129252,0.495449242
AOI-0013,2025-10-08,2,0,0,True,0,1.000000000,1.000000000,1.000000000,0.988023952,0.073197386
AOI-0013,2025-10-16,2,0,0,True,2,7.000000000,0.857142857,1.000000000,0.558441558,0.710629951
AOI-0014,2010-04-15,2,1,1,True,2,1.000000000,1.000000000,3.000000000,0.974683544,0.135612188
AOI-0014,2010-04-23,2,1,2,True,0,1.000000000,1.000000000,1.000000000,0.607305936,0.694816977
AOI-0014,2010-05-02,2,1,1,True,0,1.000000000,1.000000000,1.000000000,0.978021978,0.120874486
AOI-0014,2010-08-06,2,1,1,True,0,1.000000000,1.000000000,1.000000000,0.981308411,0.105858397
AOI-0014,2011-04-02,2,1,1,True,2,1.000000000,1.000000000,3.000000000,0.977011494,0.125386776
AOI-0014,2011-05-04,2,1,1,True,0,1.000000000,1.000000000,1.000000000,0.913043478,0.355712860
AOI-0014,2011-05-25,2,2,2,True,0,1.000000000,1.000000000,1.000000000,0.990867580,0.058305859
AOI-0014,2011-09-25,2,1,1,True,0,1.000000000,1.000000000,1.000000000,0.980582524,0.109222462
AOI-0014,2012-07-11,2,2,2,True,0,1.000000000,1.000000000,1.000000000,0.990697674,0.059218348
AOI-0014,2012-07-18,2,1,1,True,2,1.000000000,1.000000000,4.000000000,0.979797980,0.112827275
AOI-0014,2012-09-13,2,2,2,True,0,1.000000000,1.000000000,1.000000000,0.711627907,0.624497062
AOI-0014,2013-07-13,2,1,1,True,2,2.000000000,1.000000000,3.000000000,0.980582524,0.109222462
AOI-0014,2013-08-13,2,2,2,True,0,1.000000000,1.000000000,1.000000000,0.823255814,0.487928887
AOI-0014,2013-10-16,2,1,2,True,0,1.000000000,1.000000000,1.000000000,0.608040201,0.696502445
AOI-0014,2013-10-24,2,1,1,True,2,1.000000000,1.000000000,3.000000000,0.978947368,0.116700546
AOI-0014,2014-06-22,2,1,1,True,0,1.000000000,1.000000000,1.000000000,0.978947368,0.116700546
AOI-0014,2014-07-24,2,1,1,True,0,1.000000000,1.000000000,1.000000000,0.981308411,0.105858397
AOI-0014,2014-09-14,2,2,2,True,0,1.000000000,1.000000000,1.000000000,0.989949749,0.063198621
AOI-0014,2014-09-17,2,1,1,True,4,1.000000000,1.000000000,13.000000000,0.963636364,0.181415523
AOI-0014,2014-10-03,2,1,1,True,4,1.000000000,1.000000000,14.000000000,0.963636364,0.181415523
AOI-0014,2014-10-28,2,1,1,True,0,1.000000000,1.000000000,1.000000000,0.978947368,0.116700546
AOI-0014,2015-05-25,2,2,2,True,0,1.000000000,1.000000000,1.000000000,0.730232558,0.606524011
AOI-0014,2015-06-09,2,1,1,True,0,1.000000000,1.000000000,1.000000000,0.983193277,0.096986095
AOI-0014,2015-08-12,2,1,1,True,2,2.000000000,1.000000000,3.000000000,0.982608696,0.099759750
AOI-0014,2015-08-27,2,1,1,True,0,1.000000000,1.000000000,1.000000000,0.978021978,0.120874486
AOI-0014,2015-09-05,2,1,1,True,0,1.000000000,1.000000000,1.000000000,0.978947368,0.116700546
AOI-0014,2015-10-06,2,1,1,True,4,2.000000000,1.000000000,13.000000000,0.974683544,0.135612188
AOI-0014,2016-05-01,2,1,1,False,-1,0.000000000,0.000000000,inf,0.925925926,0.315396287
AOI-0014,2016-05-08,2,2,2,True,0,1.000000000,1.000000000,1.000000000,0.901345291,0.340358957
AOI-0014,2016-05-10,2,1,1,True,2,1.000000000,1.000000000,4.000000000,0.977011494,0.125386776
AOI-0014,2016-05-25,2,1,1,True,0,1.000000000,1.000000000,1.000000000,0.978021978,0.120874486
AOI-0014,2016-07-27,2,2,2,True,0,1.000000000,1.000000000,1.000000000,0.759162304,0.577267121
AOI-0014,2016-10-15,2,2,2,True,0,1.000000000,1.000000000,1.000000000,0.826484018,0.482533258
AOI-0014,2017-04-02,2,1,1,True,2,1.000000000,1.000000000,3.000000000,0.978947368,0.116700546
AOI-0014,2017-04-03,2,1,0,True,0,1.000000000,1.000000000,1.000000000,0.600000000,0.709898090
AOI-0014,2017-06-29,2,1,1,True,0,1.000000000,1.000000000,1.000000000,0.970149254,0.154913925
AOI-0014,2017-08-17,2,1,1,True,0,1.000000000,1.000000000,1.000000000,0.866666667,0.421282355
AOI-0014,2017-09-18,2,0,0,True,0,1.000000000,1.000000000,1.000000000,0.801169591,0.525159835
AOI-0014,2017-09-25,2,0,0,True,0,1.000000000,1.000000000,1.000000000,0.557251908,0.725140365
AOI-0014,2017-10-11,2,1,1,True,0,1.000000000,1.000000000,1.000000000,0.858585859,0.443910775
AOI-0014,2017-10-12,2,1,1,True,0,1.000000000,1.000000000,1.000000000,0.979797980,0.112827275
AOI-0014,2017-10-19,2,1,1,True,0,1.000000000,1.000000000,1.000000000,0.980582524,0.109222462
AOI-0014,2018-04-30,2,1,1,True,0,1.000000000,1.000000000,1.000000000,0.982608696,0.099759750
AOI-0014,2018-05-15,2,1,1,True,0,1.000000000,1.000000000,1.000000000,0.974683544,0.135612188
AOI-0014,2018-05-23,2,1,1,False,-1,0.000000000,0.000000000,inf,0.818181818,0.600166073
AOI-0014,2018-06-10,2,2,2,True,0,1.000000000,1.000000000,1.000000000,0.693023256,0.768973783
AOI-0014,2018-06-16,2,1,1,True,4,2.000000000,1.000000000,13.000000000,0.975903614,0.130281794
AOI-0014,2018-06-20,2,0,0,True,0,1.000000000,1.000000000,1.000000000,0.984251969,0.091909786
AOI-0014,2018-10-07,2,1,1,True,0,1.000000000,1.000000000,1.000000000,0.818181818,0.503779973
AOI-0014,2018-10-16,2,2,2,True,0,1.000000000,1.000000000,1.000000000,0.766233766,0.565344230
AOI-0014,2019-04-07,2,2,2,True,0,1.000000000,1.000000000,1.000000000,0.797356828,0.525268191
AOI-0014,2019-05-19,2,1,1,False,-1,0.000000000,0.000000000,inf,0.825242718,0.500845652
AOI-0014,2019-06-07,2,0,0,True,0,1.000000000,1.000000000,1.000000000,0.971830986,0.147843978
AOI-0014,2019-06-27,2,0,0,True,0,1.000000000,1.000000000,1.000000000,0.655172414,0.670005078
AOI-0014,2019-07-22,2,0,0,True,0,1.000000000,1.000000000,1.000000000,0.913043478,0.323707277
AOI-0014,2019-08-07,2,1,1,True,2,2.000000000,1.000000000,3.000000000,0.858267717,0.438505622
AOI-0014,2019-08-11,2,0,0,True,2,1.000000000,1.000000000,4.000000000,0.984732824,0.089580528
AOI-0014,2019-08-24,2,0,0,True,4,1.000000000,1.000000000,13.000000000,0.754838710,0.586790839
AOI-0014,2019-09-05,2,0,0,False,-1,0.000000000,0.000000000,inf,0.981981982,0.102711110
AOI-0014,2019-09-23,2,0,0,True,0,1.000000000,1.000000000,1.000000000,0.984732824,0.089580528
AOI-0014,2019-10-10,2,0,0,True,2,2.000000000,1.000000000,3.000000000,0.870503597,0.413212905
AOI-0014,2019-10-20,2,0,0,True,0,1.000000000,1.000000000,1.000000000,0.984732824,0.089580528
AOI-0014,2020-04-03,2,1,1,True,0,1.000000000,1.000000000,1.000000000,0.815126050,0.512888736
AOI-0014,2020-04-12,2,0,0,True,0,1.000000000,1.000000000,1.000000000,0.985611511,0.085284100
AOI-0014,2020-04-30,2,0,0,True,0,1.000000000,1.000000000,1.000000000,0.985611511,0.085284100
AOI-0014,2020-07-15,2,1,1,True,0,1.000000000,1.000000000,1.000000000,0.978947368,0.116700546
AOI-0014,2020-07-16,2,0,0,True,0,1.000000000,1.000000000,1.000000000,0.951219512,0.216887283
AOI-0014,2020-08-05,2,0,0,True,0,1.000000000,1.000000000,1.000000000,0.983193277,0.096986095
AOI-0014,2020-08-10,2,0,0,True,0,1.000000000,1.000000000,1.000000000,0.984732824,0.089580528
AOI-0014,2020-08-24,2,1,1,True,0,1.000000000,1.000000000,1.000000000,0.979797980,0.112827275
AOI-0014,2020-08-30,2,0,0,True,0,1.000000000,1.000000000,1.000000000,0.985185185,0.087375267
AOI-0014,2020-09-10,2,1,1,True,0,1.000000000,1.000000000,1.000000000,0.832061069,0.483656175
AOI-0014,2020-09-14,2,0,0,True,0,1.000000000,1.000000000,1.000000000,0.977011494,0.125386776
AOI-0014,2020-09-29,2,2,2,True,0,1.000000000,1.000000000,1.000000000,0.763033175,0.570790373
AOI-0014,2021-04-15,2,0,0,True,0,1.000000000,1.000000000,1.000000000,0.847953216,0.451030292
AOI-0014,2021-06-06,2,0,0,True,0,1.000000000,1.000000000,1.000000000,0.984732824,0.089580528
AOI-0014,2021-06-16,2,0,0,True,0,1.000000000,1.000000000,1.000000000,0.726775956,0.613225887
AOI-0014,2021-06-19,2,0,0,True,2,2.000000000,1.000000000,3.000000000,0.818181818,0.498265026
AOI-0014,2021-07-09,2,0,0,True,0,1.000000000,1.000000000,1.000000000,0.986754967,0.079610965
AOI-0014,2021-08-05,2,0,0,True,0,1.000000000,1.000000000,1.000000000,0.981308411,0.105858397
AOI-0014,2021-08-28,2,0,0,True,0,1.000000000,1.000000000,1.000000000,0.796407186,0.532357983
AOI-0014,2021-10-02,2,0,0,True,0,1.000000000,1.000000000,1.000000000,0.983739837,0.094374144
AOI-0014,2021-10-06,2,1,1,True,4,2.000000000,1.000000000,13.000000000,0.777777778,0.562182809
AOI-0014,2021-10-22,2,0,0,True,0,1.000000000,1.000000000,1.000000000,0.986013986,0.083298165
AOI-0014,2022-04-17,2,1,1,True,2,1.000000000,1.000000000,4.000000000,0.693693694,0.656757526
AOI-0014,2022-04-25,2,0,0,True,2,1.000000000,1.000000000,3.000000000,0.820359281,0.497101801
AOI-0014,2022-06-09,2,0,0,True,0,1.000000000,1.000000000,1.000000000,0.986013986,0.083298165
AOI-0014,2022-06-20,2,1,1,True,0,1.000000000,1.000000000,1.000000000,0.985611511,0.085284100
AOI-0014,2022-06-21,2,0,0,False,-1,0.000000000,0.000000000,inf,0.931034483,0.282027991
AOI-0014,2022-07-09,2,0,0,True,0,1.000000000,1.000000000,1.000000000,0.986013986,0.083298165
AOI-0014,2022-07-30,2,1,1,True,0,1.000000000,1.000000000,1.000000000,0.979797980,0.112827275
AOI-0014,2022-07-31,2,0,0,True,0,1.000000000,1.000000000,1.000000000,0.951219512,0.216887283
AOI-0014,2022-08-08,2,0,0,True,0,1.000000000,1.000000000,1.000000000,0.704918033,0.633850789
AOI-0014,2022-09-01,2,1,1,True,0,1.000000000,1.000000000,1.000000000,0.723577236,0.626221864
AOI-0014,2022-10-07,2,0,0,True,2,2.000000000,1.000000000,3.000000000,0.986754967,0.079610965
AOI-0014,2023-04-04,2,1,1,True,0,1.000000000,1.000000000,1.000000000,0.788617886,0.550242400
AOI-0014,2023-04-07,2,2,2,True,0,1.000000000,1.000000000,1.000000000,0.797101449,0.527223827
AOI-0014,2023-04-23,2,2,2,True,0,1.000000000,1.000000000,1.000000000,0.990867580,0.058305859
AOI-0014,2023-05-20,2,0,0,True,2,2.000000000,1.000000000,3.000000000,0.756097561,0.591181657
AOI-0014,2023-06-19,2,0,0,True,0,1.000000000,1.000000000,1.000000000,0.986013986,0.083298165
AOI-0014,2023-07-17,2,1,1,False,-1,0.000000000,0.000000000,inf,0.714285714,0.659572204
AOI-0014,2023-07-26,2,0,0,True,0,1.000000000,1.000000000,1.000000000,0.955555556,0.201845225
AOI-0014,2023-08-08,2,0,0,True,0,1.000000000,1.000000000,1.000000000,0.828571429,0.483197564
AOI-0014,2023-09-03,2,1,1,True,0,1.000000000,1.000000000,1.000000000,0.968253968,0.162764794
AOI-0014,2023-09-29,2,0,0,True,0,1.000000000,1.000000000,1.000000000,0.638766520,0.677915770
AOI-0014,2023-10-02,2,0,0,True,0,1.000000000,1.000000000,1.000000000,0.983193277,0.096986095
AOI-0014,2023-10-29,2,0,0,True,2,1.000000000,1.000000000,3.000000000,0.918699187,0.308364480
AOI-0014,2024-04-22,2,1,1,True,0,1.000000000,1.000000000,1.000000000,0.545893720,0.903576437
AOI-0014,2024-07-08,2,0,0,True,4,1.000000000,1.000000000,13.000000000,0.974683544,0.135612188
AOI-0014,2024-07-18,2,0,0,True,0,1.000000000,1.000000000,1.000000000,0.987096774,0.077896072
AOI-0014,2024-07-27,2,1,1,True,2,2.000000000,1.000000000,3.000000000,0.468599034,1.015787721
AOI-0014,2024-07-30,2,0,0,True,0,1.000000000,1.000000000,1.000000000,0.982608696,0.099759750
AOI-0014,2024-08-09,2,0,0,True,2,1.000000000,1.000000000,4.000000000,0.983739837,0.094374144
AOI-0014,2024-08-12,2,0,0,True,0,1.000000000,1.000000000,1.000000000,0.682051282,0.839705751
AOI-0014,2024-09-26,2,0,0,True,2,2.000000000,1.000000000,3.000000000,0.986394558,0.081409508
AOI-0014,2024-10-01,2,0,0,True,0,1.000000000,1.000000000,1.000000000,0.814207650,0.504717032
AOI-0014,2024-10-06,2,0,0,True,0,1.000000000,1.000000000,1.000000000,0.987096774,0.077896072
AOI-0014,2025-04-16,2,0,0,True,0,1.000000000,1.000000000,1.000000000,0.754838710,0.586790839
AOI-0014,2025-05-03,2,1,1,True,0,2.000000000,1.000000000,1.000000000,0.977011494,0.125386776
AOI-0014,2025-06-26,2,2,2,True,0,2.000000000,1.000000000,1.000000000,0.991341991,0.055740919
AOI-0014,2025-07-14,2,1,1,True,0,1.000000000,1.000000000,1.000000000,0.706293706,0.638483603
AOI-0014,2025-07-15,2,0,0,True,0,1.000000000,1.000000000,1.000000000,0.947826087,0.228374661
AOI-0014,2025-07-28,2,0,0,True,0,2.000000000,1.000000000,1.000000000,0.638766520,0.677915770
AOI-0014,2025-08-16,2,0,0,True,0,2.000000000,1.000000000,1.000000000,0.985611511,0.085284100
AOI-0014,2025-08-29,2,0,0,True,0,2.000000000,1.000000000,1.000000000,0.992156863,0.051273190
AOI-0014,2025-08-31,2,1,1,True,0,2.000000000,1.000000000,1.000000000,0.739130435,0.612089208
AOI-0014,2025-09-13,2,0,0,True,1,2.000000000,1.000000000,2.000000000,0.983193277,0.096986095
AOI-0014,2025-10-08,2,0,0,True,0,1.000000000,1.000000000,1.000000000,0.988023952,0.073197386
AOI-0015,2025-04-19,2,0,0,True,0,1.000000000,1.000000000,1.000000000,0.816425121,0.499110844
AOI-0015,2025-04-24,2,0,0,True,0,2.000000000,1.000000000,1.000000000,0.981981982,0.102711110
AOI-0015,2025-04-28,2,0,0,True,2,1.000000000,1.000000000,3.000000000,0.980582524,0.109222462
AOI-0015,2025-05-25,2,2,2,True,0,1.000000000,1.000000000,1.000000000,0.819905213,0.493453353
AOI-0015,2025-05-28,2,0,0,True,0,1.000000000,1.000000000,1.000000000,0.878260870,0.401701573
AOI-0015,2025-07-07,2,0,0,True,0,2.000000000,1.000000000,1.000000000,0.983739837,0.094374144
AOI-0015,2025-08-17,2,0,0,True,0,2.000000000,1.000000000,1.000000000,0.796407186,0.532357983
AOI-0015,2025-08-27,2,0,0,True,0,2.000000000,1.000000000,1.000000000,0.987421384,0.076258973
AOI-0015,2025-09-01,2,0,0,True,0,2.000000000,1.000000000,1.000000000,0.744855967,0.588982150
AOI-0015,2025-09-13,2,0,0,True,0,1.000000000,1.000000000,1.000000000,0.983193277,0.096986095
AOI-0015,2025-09-14,2,2,2,True,0,1.000000000,1.000000000,1.000000000,0.771689498,0.559610189
AOI-0016,2025-04-01,2,0,0,True,0,2.000000000,1.000000000,1.000000000,0.983739837,0.094374144
AOI-0016,2025-04-17,2,1,1,True,0,2.000000000,1.000000000,1.000000000,0.848739496,0.457343669
AOI-0016,2025-04-23,2,2,2,True,0,2.000000000,1.000000000,1.000000000,0.714285714,0.796311640
AOI-0016,2025-04-28,2,0,0,True,1,1.000000000,1.000000000,2.000000000,0.980582524,0.109222462
AOI-0016,2025-05-04,2,0,0,True,1,1.000000000,1.000000000,2.000000000,0.681159420,0.651026440
AOI-0016,2025-05-24,2,0,0,True,0,2.000000000,1.000000000,1.000000000,0.987730061,0.074694356
AOI-0016,2025-06-04,2,1,1,True,0,2.000000000,1.000000000,1.000000000,0.730994152,0.610441164
AOI-0016,2025-07-06,2,1,1,True,0,2.000000000,1.000000000,1.000000000,0.931034483,0.282027991
AOI-0016,2025-07-12,2,2,2,True,0,1.000000000,1.000000000,1.000000000,0.600000000,0.939354209
AOI-0016,2025-08-07,2,0,0,True,0,2.000000000,1.000000000,1.000000000,0.851428571,0.444443716
AOI-0016,2025-09-11,2,0,0,True,0,2.000000000,1.000000000,1.000000000,0.983193277,0.096986095
AOI-0017,2010-04-07,2,1,2,True,2,1.000000000,1.000000000,4.000000000,0.674418605,0.655383417
AOI-0017,2010-06-02,2,1,1,True,2,2.000000000,1.000000000,3.000000000,0.978947368,0.116700546
AOI-0017,2010-09-06,2,1,1,True,2,2.000000000,1.000000000,3.000000000,0.979797980,0.112827275
AOI-0017,2010-10-25,2,1,1,True,2,2.000000000,1.000000000,3.000000000,0.981308411,0.105858397
AOI-0017,2011-04-26,2,1,1,True,4,2.000000000,1.000000000,11.000000000,0.978021978,0.120874486
AOI-0017,2011-06-06,2,1,1,True,2,2.000000000,1.000000000,3.000000000,0.983739837,0.094374144
AOI-0017,2011-08-09,2,1,1,True,2,2.000000000,1.000000000,3.000000000,0.983193277,0.096986095
AOI-0017,2011-08-17,2,1,1,True,2,1.000000000,1.000000000,4.000000000,0.981308411,0.105858397
AOI-0017,2011-10-16,2,2,2,True,2,2.000000000,1.000000000,3.000000000,0.990867580,0.058305859
AOI-0017,2012-05-24,2,2,2,True,2,2.000000000,1.000000000,3.000000000,0.990867580,0.058305859
AOI-0017,2012-07-09,2,1,1,True,2,2.000000000,1.000000000,3.000000000,0.979797980,0.112827275
AOI-0017,2012-08-12,2,2,2,True,2,1.000000000,1.000000000,3.000000000,0.819905213,0.493453353
AOI-0017,2012-10-06,2,1,1,True,2,2.000000000,1.000000000,3.000000000,0.975903614,0.130281794
AOI-0017,2013-04-24,2,1,1,True,2,1.000000000,1.000000000,3.000000000,0.971830986,0.147843978
AOI-0017,2013-06-26,2,1,2,True,2,2.000000000,1.000000000,3.000000000,0.607305936,0.694816977
AOI-0017,2013-07-20,2,1,1,True,2,2.000000000,1.000000000,3.000000000,0.978947368,0.116700546
AOI-0017,2013-09-22,2,1,1,True,2,1.000000000,1.000000000,4.000000000,0.913043478,0.355712860
AOI-0017,2014-05-09,2,2,2,True,2,2.000000000,1.000000000,3.000000000,0.990338164,0.061138862
AOI-0017,2014-06-26,2,2,2,True,2,1.000000000,1.000000000,4.000000000,0.990338164,0.061138862
AOI-0017,2014-08-01,2,1,1,True,2,1.000000000,1.000000000,3.000000000,0.979797980,0.112827275
AOI-0017,2014-08-08,2,1,1,True,2,1.000000000,1.000000000,3.000000000,0.979797980,0.112827275
AOI-0017,2014-08-17,2,1,1,True,2,1.000000000,1.000000000,4.000000000,0.980582524,0.109222462
AOI-0017,2014-08-29,2,2,2,True,2,1.000000000,1.000000000,3.000000000,0.990867580,0.058305859
AOI-0017,2015-04-07,2,2,2,True,2,2.000000000,1.000000000,3.000000000,0.990521327,0.060162121
AOI-0017,2015-06-08,2,1,1,True,2,2.000000000,1.000000000,3.000000000,0.980582524,0.109222462
AOI-0017,2015-08-20,2,1,1,True,2,1.000000000,1.000000000,3.000000000,0.977011494,0.125386776
AOI-0017,2015-09-05,2,1,1,True,2,1.000000000,1.000000000,4.000000000,0.978947368,0.116700546
AOI-0017,2015-10-30,2,1,1,True,2,2.000000000,1.000000000,3.000000000,0.980582524,0.109222462
AOI-0017,2016-05-10,2,1,1,True,3,1.000000000,1.000000000,7.000000000,0.977011494,0.125386776
AOI-0017,2016-06-19,2,1,1,True,2,1.000000000,1.000000000,4.000000000,0.974683544,0.135612188
AOI-0017,2016-08-28,2,2,2,True,2,2.000000000,1.000000000,3.000000000,0.763033175,0.570790373
AOI-0017,2016-09-13,2,2,2,True,2,1.000000000,1.000000000,3.000000000,0.748743719,0.588344050
AOI-0017,2016-09-14,2,1,1,True,2,2.000000000,1.000000000,3.000000000,0.977011494,0.125386776
AOI-0017,2017-04-01,2,0,0,True,2,2.000000000,1.000000000,3.000000000,0.980582524,0.109222462
AOI-0017,2017-05-01,2,0,0,True,2,1.000000000,1.000000000,3.000000000,0.984251969,0.091909786
AOI-0017,2017-05-06,2,0,0,True,2,2.000000000,1.000000000,3.000000000,0.661538462,0.666584314
AOI-0017,2017-05-09,2,2,2,True,2,1.000000000,1.000000000,3.000000000,0.990867580,0.058305859
AOI-0017,2017-05-25,2,2,2,True,2,2.000000000,1.000000000,3.000000000,0.990697674,0.059218348
AOI-0017,2017-09-17,2,1,1,True,2,1.000000000,1.000000000,3.000000000,0.756097561,0.591181657
AOI-0017,2017-09-25,2,0,0,True,2,1.000000000,1.000000000,4.000000000,0.557251908,0.725140365
AOI-0017,2017-09-26,2,1,1,True,2,2.000000000,1.000000000,3.000000000,0.981981982,0.102711110
AOI-0017,2017-09-30,2,2,2,True,3,1.000000000,1.000000000,7.000000000,0.635467980,0.682076228
AOI-0017,2017-10-08,2,0,0,True,2,1.000000000,1.000000000,4.000000000,0.982608696,0.099759750
AOI-0017,2018-04-30,2,1,1,True,2,1.000000000,1.000000000,4.000000000,0.982608696,0.099759750
AOI-0017,2018-06-02,2,0,0,True,2,2.000000000,1.000000000,3.000000000,0.985611511,0.085284100
AOI-0017,2018-06-08,2,1,1,True,2,1.000000000,1.000000000,3.000000000,0.977011494,0.125386776
AOI-0017,2018-07-10,2,1,1,True,2,2.000000000,1.000000000,3.000000000,0.979797980,0.112827275
AOI-0017,2018-07-27,2,1,1,True,2,2.000000000,1.000000000,3.000000000,0.980582524,0.109222462
AOI-0017,2018-08-28,2,1,1,True,2,2.000000000,1.000000000,3.000000000,0.979797980,0.112827275
AOI-0017,2018-09-14,2,2,2,True,2,2.000000000,1.000000000,3.000000000,0.797101449,0.527223827
AOI-0017,2018-10-13,2,0,0,True,2,2.000000000,1.000000000,3.000000000,0.986754967,0.079610965
AOI-0017,2019-04-26,2,0,0,True,2,2.000000000,1.000000000,3.000000000,0.714285714,0.623155167
AOI-0017,2019-05-08,2,0,0,True,2,2.000000000,1.000000000,3.000000000,0.986013986,0.083298165
AOI-0017,2019-06-27,2,0,0,True,2,1.000000000,1.000000000,4.000000000,0.655172414,0.670005078
AOI-0017,2019-08-15,2,1,1,True,2,2.000000000,1.000000000,3.000000000,0.981981982,0.102711110
AOI-0017,2019-08-30,2,1,1,True,2,2.000000000,1.000000000,3.000000000,0.980582524,0.109222462
AOI-0017,2019-09-08,2,1,1,True,2,1.000000000,1.000000000,3.000000000,0.982608696,0.099759750
AOI-0017,2019-09-14,2,2,2,True,2,2.000000000,1.000000000,3.000000000,0.753424658,0.581279608
AOI-0017,2019-09-16,2,1,1,True,2,2.000000000,1.000000000,3.000000000,0.843478261,0.467440026
AOI-0017,2019-09-23,2,0,0,True,2,1.000000000,1.000000000,4.000000000,0.984732824,0.089580528
AOI-0017,2019-10-02,2,1,1,True,2,1.000000000,1.000000000,3.000000000,0.714285714,0.636181423
AOI-0017,2019-10-13,2,0,0,True,2,2.000000000,1.000000000,3.000000000,0.987096774,0.077896072
AOI-0017,2020-04-03,2,1,1,True,2,1.000000000,1.000000000,4.000000000,0.815126050,0.512888736
AOI-0017,2020-04-17,2,0,0,True,2,1.000000000,1.000000000,4.000000000,0.717791411,0.624583560
AOI-0017,2020-04-22,2,0,0,True,3,1.000000000,1.000000000,7.000000000,0.608040201,0.696502445
AOI-0017,2020-05-10,2,0,0,True,2,2.000000000,1.000000000,3.000000000,0.970149254,0.154913925
AOI-0017,2020-05-24,2,2,2,True,2,2.000000000,1.000000000,3.000000000,0.897674419,0.349083713
AOI-0017,2020-07-04,2,0,0,True,2,2.000000000,1.000000000,3.000000000,0.986754967,0.079610965
AOI-0017,2020-08-05,2,0,0,True,2,1.000000000,1.000000000,4.000000000,0.983193277,0.096986095
AOI-0017,2020-08-16,2,1,1,True,4,2.000000000,1.000000000,11.000000000,0.831775701,0.489153472
AOI-0017,2020-08-28,2,2,2,True,2,2.000000000,1.000000000,3.000000000,0.936073059,0.254088226
AOI-0017,2020-09-26,2,1,1,True,2,2.000000000,1.000000000,3.000000000,0.826771654,0.492999622
AOI-0017,2020-10-07,2,0,0,True,2,2.000000000,1.000000000,3.000000000,0.986754967,0.079610965
AOI-0017,2021-05-12,2,0,0,True,2,2.000000000,1.000000000,3.000000000,0.984732824,0.089580528
AOI-0017,2021-05-15,2,1,0,True,2,1.000000000,1.000000000,3.000000000,0.904761905,0.338998738
AOI-0017,2021-05-16,2,1,1,True,2,2.000000000,1.000000000,3.000000000,0.980582524,0.109222462
AOI-0017,2021-05-23,2,1,1,True,2,2.000000000,1.000000000,3.000000000,0.979797980,0.112827275
AOI-0017,2021-06-10,2,2,2,True,2,1.000000000,1.000000000,3.000000000,0.844748858,0.452311103
AOI-0017,2021-07-31,2,0,0,True,2,2.000000000,1.000000000,3.000000000,0.985611511,0.085284100
AOI-0017,2021-08-08,2,0,0,True,2,2.000000000,1.000000000,3.000000000,0.981981982,0.102711110
AOI-0017,2021-08-25,2,0,0,True,3,1.000000000,1.000000000,7.000000000,0.984251969,0.091909786
AOI-0017,2021-09-17,2,0,0,True,2,2.000000000,1.000000000,3.000000000,0.984732824,0.089580528
AOI-0017,2021-09-19,2,0,0,True,2,1.000000000,1.000000000,4.000000000,0.978021978,0.120874486
AOI-0017,2022-04-07,2,0,0,True,2,1.000000000,1.000000000,3.000000000,0.642512077,0.880605149
AOI-0017,2022-05-30,2,0,0,True,2,2.000000000,1.000000000,3.000000000,0.987096774,0.077896072
AOI-0017,2022-07-06,2,0,0,True,2,2.000000000,1.000000000,3.000000000,0.985611511,0.085284100
AOI-0017,2022-07-14,2,0,0,True,2,1.000000000,1.000000000,4.000000000,0.795275591,0.540257419
AOI-0017,2022-07-30,2,1,1,True,2,1.000000000,1.000000000,4.000000000,0.979797980,0.112827275
AOI-0017,2022-08-13,2,0,0,True,2,2.000000000,1.000000000,3.000000000,0.581395349,0.705392195
AOI-0017,2022-08-31,2,1,1,True,2,1.000000000,1.000000000,3.000000000,0.832061069,0.483656175
AOI-0017,2022-09-08,2,1,1,True,2,1.000000000,1.000000000,4.000000000,0.985185185,0.087375267
AOI-0017,2022-09-27,2,0,0,True,3,1.000000000,1.000000000,7.000000000,0.974683544,0.135612188
AOI-0017,2023-05-17,2,0,0,True,2,2.000000000,1.000000000,3.000000000,0.921259843,0.301278649
AOI-0017,2023-07-28,2,2,2,True,2,2.000000000,1.000000000,3.000000000,0.990867580,0.058305859
AOI-0017,2023-08-02,2,1,1,True,2,1.000000000,1.000000000,4.000000000,0.767441860,0.617949634
AOI-0017,2023-08-06,2,1,1,True,2,2.000000000,1.000000000,3.000000000,0.843478261,0.467440026
AOI-0017,2023-08-08,2,0,0,True,2,1.000000000,1.000000000,4.000000000,0.828571429,0.483197564
AOI-0017,2023-08-29,2,2,2,True,2,2.000000000,1.000000000,3.000000000,0.990697674,0.059218348
AOI-0017,2023-09-03,2,1,1,True,2,1.000000000,1.000000000,4.000000000,0.968253968,0.162764794
AOI-0017,2023-09-14,2,0,2,True,2,1.000000000,1.000000000,3.000000000,0.515981735,0.718475108
AOI-0017,2023-09-26,2,1,1,True,2,2.000000000,1.000000000,3.000000000,0.821138211,0.502736035
AOI-0017,2023-09-27,2,0,0,True,2,2.000000000,1.000000000,3.000000000,0.836065574,0.470095000
AOI-0017,2023-09-30,2,2,2,True,2,2.000000000,1.000000000,3.000000000,0.893719807,0.358318799
AOI-0017,2024-06-09,2,2,2,True,2,2.000000000,1.000000000,3.000000000,0.857819905,0.429680211
AOI-0017,2024-07-03,2,0,0,True,4,4.000000000,0.750000000,3.000000000,0.787709497,0.542809787
AOI-0017,2024-07-05,2,0,0,True,2,2.000000000,1.000000000,3.000000000,0.981308411,0.105858397
AOI-0017,2024-07-11,2,2,2,True,2,1.000000000,1.000000000,3.000000000,0.823255814,0.587949188
AOI-0017,2024-07-15,2,0,0,True,2,2.000000000,1.000000000,3.000000000,0.984251969,0.091909786
AOI-0017,2024-08-09,2,0,0,True,3,1.000000000,1.000000000,7.000000000,0.983739837,0.094374144
AOI-0017,2024-08-11,2,1,1,True,4,1.000000000,1.000000000,11.000000000,0.723577236,0.626221864
AOI-0017,2024-08-27,2,0,0,True,2,1.000000000,1.000000000,4.000000000,0.983739837,0.094374144
AOI-0017,2024-08-29,2,0,0,True,2,1.000000000,1.000000000,4.000000000,0.931034483,0.282027991
AOI-0017,2024-09-20,2,1,1,True,2,2.000000000,1.000000000,3.000000000,0.748148148,0.597779062
AOI-0017,2025-04-18,2,0,0,True,0,2.000000000,1.000000000,1.000000000,0.987421384,0.076258973
AOI-0017,2025-06-13,2,0,0,True,2,1.000000000,1.000000000,4.000000000,0.640287770,0.688518311
AOI-0017,2025-07-03,2,0,0,True,0,1.000000000,1.000000000,1.000000000,0.957446809,0.205470750
AOI-0017,2025-07-12,2,2,2,True,0,1.000000000,1.000000000,1.000000000,0.600000000,0.939354209
AOI-0017,2025-07-30,2,0,0,True,0,1.000000000,1.000000000,1.000000000,0.992277992,0.050601985
AOI-0017,2025-08-14,2,0,0,False,-1,0.000000000,0.000000000,1.000000000,0.717791411,0.624583560
AOI-0017,2025-09-08,2,0,0,True,0,1.000000000,1.000000000,1.000000000,0.929648241,0.272650708
AOI-0017,2025-09-13,2,0,0,True,0,2.000000000,1.000000000,1.000000000,0.983193277,0.096986095
AOI-0017,2025-10-13,2,0,0,True,0,2.000000000,1.000000000,1.000000000,0.977011494,0.125386776
AOI-0017,2025-10-17,2,1,1,True,1,1.000000000,1.000000000,2.000000000,0.978021978,0.120874486
AOI-0017,2025-10-18,2,0,0,True,0,2.000000000,1.000000000,1.000000000,0.984251969,0.091909786
AOI-0018,2025-04-07,2,2,2,True,0,1.000000000,1.000000000,1.000000000,0.939393939,0.244226943
AOI-0018,2025-04-17,2,1,1,True,0,1.000000000,1.000000000,1.000000000,0.848739496,0.457343669
AOI-0018,2025-05-01,2,0,0,True,0,1.000000000,1.000000000,1.000000000,0.874476987,0.396131176
AOI-0018,2025-05-16,2,0,0,True,0,1.000000000,1.000000000,1.000000000,0.984251969,0.091909786
AOI-0018,2025-06-10,2,2,0,True,0,1.000000000,1.000000000,1.000000000,0.516587678,0.719232108
AOI-0018,2025-07-03,2,0,0,True,1,1.000000000,1.000000000,2.000000000,0.957446809,0.205470750
AOI-0018,2025-07-23,2,0,0,True,0,1.000000000,1.000000000,1.000000000,0.780645161,0.555196694
AOI-0018,2025-07-29,2,1,1,True,0,1.000000000,1.000000000,1.000000000,0.981308411,0.105858397
AOI-0018,2025-07-30,2,0,0,True,1,1.000000000,1.000000000,2.000000000,0.992277992,0.050601985
AOI-0018,2025-08-12,2,0,0,True,0,1.000000000,1.000000000,1.000000000,0.985611511,0.085284100
AOI-0018,2025-10-08,2,0,0,True,0,1.000000000,1.000000000,1.000000000,0.988023952,0.073197386
AOI-0019,2025-05-16,2,0,0,True,0,1.000000000,1.000000000,1.000000000,0.984251969,0.091909786
AOI-0019,2025-05-24,2,0,0,True,0,1.000000000,1.000000000,1.000000000,0.987730061,0.074694356
AOI-0019,2025-07-03,2,0,0,True,0,1.000000000,1.000000000,1.000000000,0.957446809,0.205470750
AOI-0019,2025-07-23,2,0,0,True,1,1.000000000,1.000000000,2.000000000,0.780645161,0.555196694
AOI-0019,2025-08-12,2,0,0,True,1,1.000000000,1.000000000,2.000000000,0.985611511,0.085284100
AOI-0019,2025-08-13,2,2,2,True,0,1.000000000,1.000000000,1.000000000,0.765182186,0.565485065
AOI-0019,2025-09-13,2,0,0,True,0,1.000000000,1.000000000,1.000000000,0.983193277,0.096986095
AOI-0019,2025-09-14,2,2,2,True,0,1.000000000,1.000000000,1.000000000,0.771689498,0.559610189
AOI-0019,2025-09-21,2,0,0,True,0,1.000000000,1.000000000,1.000000000,0.987730061,0.074694356
AOI-0019,2025-09-30,2,2,2,True,0,1.000000000,1.000000000,1.000000000,0.893004115,0.357630903
AOI-0019,2025-10-13,2,0,0,True,2,2.000000000,1.000000000,3.000000000,0.977011494,0.125386776
AOI-0020,2025-05-01,2,0,0,True,0,2.000000000,1.000000000,1.000000000,0.874476987,0.396131176
AOI-0020,2025-05-04,2,0,0,True,0,2.000000000,1.000000000,1.000000000,0.681159420,0.651026440
AOI-0020,2025-05-14,2,0,0,True,1,1.000000000,1.000000000,2.000000000,0.981308411,0.105858397
AOI-0020,2025-06-05,2,0,0,True,0,1.000000000,1.000000000,1.000000000,0.984251969,0.091909786
AOI-0020,2025-07-13,2,0,0,True,0,2.000000000,1.000000000,1.000000000,0.988571429,0.070389141
AOI-0020,2025-07-18,2,0,0,True,0,1.000000000,1.000000000,1.000000000,0.987096774,0.077896072
AOI-0020,2025-07-23,2,0,0,True,0,1.000000000,1.000000000,1.000000000,0.780645161,0.555196694
AOI-0020,2025-08-12,2,0,0,True,0,1.000000000,1.000000000,1.000000000,0.985611511,0.085284100
AOI-0020,2025-08-29,2,0,0,True,0,2.000000000,1.000000000,1.000000000,0.992156863,0.051273190
AOI-0020,2025-09-26,2,0,0,True,0,1.000000000,1.000000000,1.000000000,0.801047120,0.523158429
AOI-0020,2025-10-17,2,1,1,True,0,2.000000000,1.000000000,1.000000000,0.978021978,0.120874486
AOI-0021,2025-04-14,2,0,0,True,0,2.000000000,1.000000000,1.000000000,0.986013986,0.083298165
AOI-0021,2025-04-17,2,1,1,True,0,2.000000000,1.000000000,1.000000000,0.848739496,0.457343669
AOI-0021,2025-05-24,2,0,0,True,0,2.000000000,1.000000000,1.000000000,0.987730061,0.074694356
AOI-0021,2025-05-25,2,2,2,True,0,1.000000000,1.000000000,1.000000000,0.819905213,0.493453353
AOI-0021,2025-06-05,2,0,0,True,0,1.000000000,1.000000000,1.000000000,0.984251969,0.091909786
AOI-0021,2025-07-03,2,0,0,True,0,2.000000000,1.000000000,1.000000000,0.957446809,0.205470750
AOI-0021,2025-07-28,2,0,0,True,0,2.000000000,1.000000000,1.000000000,0.638766520,0.677915770
AOI-0021,2025-08-09,2,0,0,True,0,1.000000000,1.000000000,1.000000000,0.986013986,0.083298165
AOI-0021,2025-09-13,2,0,0,True,0,2.000000000,1.000000000,1.000000000,0.983193277,0.096986095
AOI-0021,2025-09-21,2,0,0,True,0,2.000000000,1.000000000,1.000000000,0.987730061,0.074694356
AOI-0021,2025-09-26,2,0,0,True,0,1.000000000,1.000000000,1.000000000,0.801047120,0.523158429
AOI-0022,2025-04-23,2,2,2,True,0,2.000000000,1.000000000,1.000000000,0.714285714,0.796311640
AOI-0022,2025-05-01,2,0,0,True,0,1.000000000,1.000000000,1.000000000,0.874476987,0.396131176
AOI-0022,2025-05-04,2,0,0,True,0,1.000000000,1.000000000,1.000000000,0.681159420,0.651026440
AOI-0022,2025-06-07,2,0,0,True,0,2.000000000,1.000000000,1.000000000,0.987096774,0.077896072
AOI-0022,2025-08-09,2,0,0,True,0,1.000000000,1.000000000,1.000000000,0.986013986,0.083298165
AOI-0022,2025-08-16,2,0,0,True,0,2.000000000,1.000000000,1.000000000,0.985611511,0.085284100
AOI-0022,2025-08-17,2,0,0,True,0,2.000000000,1.000000000,1.000000000,0.796407186,0.532357983
AOI-0022,2025-09-07,2,1,1,True,0,2.000000000,1.000000000,1.000000000,0.981308411,0.105858397
AOI-0022,2025-09-11,2,0,0,True,0,2.000000000,1.000000000,1.000000000,0.983193277,0.096986095
AOI-0022,2025-10-02,2,1,1,True,0,2.000000000,1.000000000,1.000000000,0.823129252,0.495449242
AOI-0022,2025-10-05,2,0,0,False,-1,0.000000000,0.000000000,inf,0.970149254,0.154913925
AOI-0023,2025-04-14,2,0,0,True,0,2.000000000,1.000000000,1.000000000,0.986013986,0.083298165
AOI-0023,2025-04-29,2,0,0,False,-1,0.000000000,0.000000000,inf,0.979797980,0.112827275
AOI-0023,2025-05-14,2,0,0,True,0,2.000000000,1.000000000,1.000000000,0.981308411,0.105858397
AOI-0023,2025-05-25,2,2,2,True,2,1.000000000,1.000000000,3.000000000,0.819905213,0.493453353
AOI-0023,2025-06-03,2,0,0,True,0,2.000000000,1.000000000,1.000000000,0.985185185,0.087375267
AOI-0023,2025-06-28,2,1,0,True,0,1.000000000,1.000000000,1.000000000,0.493975904,0.750010373
AOI-0023,2025-07-06,2,1,1,True,0,2.000000000,1.000000000,1.000000000,0.931034483,0.282027991
AOI-0023,2025-07-07,2,0,0,True,0,2.000000000,1.000000000,1.000000000,0.983739837,0.094374144
AOI-0023,2025-08-02,2,0,0,True,0,1.000000000,1.000000000,1.000000000,0.986394558,0.081409508
AOI-0023,2025-08-07,2,0,0,True,0,2.000000000,1.000000000,1.000000000,0.851428571,0.444443716
AOI-0023,2025-09-13,2,0,0,True,0,1.000000000,1.000000000,1.000000000,0.983193277,0.096986095
AOI-0024,2025-04-01,2,0,0,True,0,1.000000000,1.000000000,1.000000000,0.983739837,0.094374144
AOI-0024,2025-04-17,2,1,1,True,1,1.000000000,1.000000000,2.000000000,0.848739496,0.457343669
AOI-0024,2025-04-28,2,0,0,True,0,1.000000000,1.000000000,1.000000000,0.980582524,0.109222462
AOI-0024,2025-04-29,2,0,0,False,-1,0.000000000,0.000000000,inf,0.979797980,0.112827275
AOI-0024,2025-05-04,2,0,0,True,2,1.000000000,1.000000000,3.000000000,0.681159420,0.651026440
AOI-0024,2025-05-27,2,1,1,True,0,1.000000000,1.000000000,1.000000000,0.977011494,0.125386776
AOI-0024,2025-06-04,2,1,1,True,0,1.000000000,1.000000000,1.000000000,0.730994152,0.610441164
AOI-0024,2025-07-29,2,1,1,True,0,1.000000000,1.000000000,1.000000000,0.981308411,0.105858397
AOI-0024,2025-08-15,2,1,1,True,0,1.000000000,1.000000000,1.000000000,0.899280576,0.352577827
AOI-0024,2025-09-05,2,0,0,True,0,1.000000000,1.000000000,1.000000000,0.973333333,0.141440924
AOI-0024,2025-09-13,2,0,0,True,1,1.000000000,1.000000000,2.000000000,0.983193277,0.096986095
AOI-0025,2025-04-07,2,2,2,True,1,1.000000000,1.000000000,2.000000000,0.939393939,0.244226943
AOI-0025,2025-05-25,2,2,2,True,0,1.000000000,1.000000000,1.000000000,0.819905213,0.493453353
AOI-0025,2025-06-08,2,0,0,True,0,1.000000000,1.000000000,1.000000000,0.989743590,0.064285679
AOI-0025,2025-06-10,2,2,0,True,0,1.000000000,1.000000000,1.000000000,0.516587678,0.719232108
AOI-0025,2025-08-29,2,0,0,True,0,1.000000000,1.000000000,1.000000000,0.992156863,0.051273190
AOI-0025,2025-10-16,2,0,0,True,2,1.000000000,1.000000000,4.000000000,0.558441558,0.710629951
AOI-0026,2025-04-14,2,0,0,True,0,1.000000000,1.000000000,1.000000000,0.986013986,0.083298165
AOI-0026,2025-04-16,2,1,0,True,1,1.000000000,1.000000000,2.000000000,0.754838710,0.586790839
AOI-0026,2025-04-29,2,0,0,True,1,1.000000000,1.000000000,2.000000000,0.979797980,0.112827275
AOI-0026,2025-07-05,2,1,0,True,0,1.000000000,1.000000000,1.000000000,0.765363128,0.571219093
AOI-0026,2025-07-28,2,0,0,True,0,2.000000000,1.000000000,1.000000000,0.638766520,0.677915770
AOI-0026,2025-08-06,2,1,0,True,0,2.000000000,1.000000000,1.000000000,0.668246445,0.660253900
AOI-0026,2025-08-12,2,0,0,True,0,2.000000000,1.000000000,1.000000000,0.985611511,0.085284100
AOI-0026,2025-10-16,2,0,0,True,2,2.000000000,1.000000000,3.000000000,0.558441558,0.710629951
AOI-0027,2025-04-19,2,0,0,True,0,2.000000000,1.000000000,1.000000000,0.816425121,0.499110844
AOI-0027,2025-05-01,2,0,0,True,0,2.000000000,1.000000000,1.000000000,0.874476987,0.396131176
AOI-0027,2025-05-04,2,0,0,True,0,2.000000000,1.000000000,1.000000000,0.681159420,0.651026440
AOI-0027,2025-05-25,2,2,2,True,0,2.000000000,1.000000000,1.000000000,0.819905213,0.493453353
AOI-0027,2025-09-08,2,0,0,True,1,2.000000000,1.000000000,2.000000000,0.929648241,0.272650708
AOI-0027,2025-10-17,2,1,1,True,0,1.000000000,1.000000000,1.000000000,0.978021978,0.120874486
AOI-0028,2010-06-02,2,1,1,True,4,2.000000000,1.000000000,14.000000000,0.978947368,0.116700546
AOI-0028,2010-07-28,2,1,2,True,4,3.000000000,1.000000000,11.000000000,0.534246575,0.716462038
AOI-0028,2011-07-31,2,1,1,True,4,3.000000000,1.000000000,11.000000000,0.978021978,0.120874486
AOI-0028,2011-08-13,2,2,2,True,4,3.000000000,1.000000000,11.000000000,0.990867580,0.058305859
AOI-0028,2011-09-14,2,2,2,True,4,2.000000000,1.000000000,11.000000000,0.990867580,0.058305859
AOI-0028,2012-05-06,2,1,1,True,4,2.000000000,1.000000000,11.000000000,0.977011494,0.125386776
AOI-0028,2012-05-08,2,2,2,True,4,2.000000000,1.000000000,11.000000000,0.953488372,0.203233066
AOI-0028,2012-08-10,2,1,1,False,-1,0.000000000,0.000000000,inf,0.935483871,0.283936267
AOI-0028,2013-04-23,2,2,2,True,4,3.000000000,1.000000000,11.000000000,0.990338164,0.061138862
AOI-0028,2013-05-09,2,1,2,True,4,1.000000000,1.000000000,11.000000000,0.579487179,0.708152353
AOI-0028,2014-05-09,2,2,2,True,4,2.000000000,1.000000000,14.000000000,0.990338164,0.061138862
AOI-0028,2014-08-13,2,2,2,True,4,2.000000000,1.000000000,11.000000000,0.990147783,0.062150380
AOI-0028,2014-09-17,2,1,1,True,5,1.000000000,1.000000000,27.000000000,0.963636364,0.181415523
AOI-0028,2014-10-16,2,2,2,True,4,3.000000000,1.000000000,11.000000000,0.990147783,0.062150380
AOI-0028,2015-06-16,2,1,1,False,-1,0.000000000,0.000000000,inf,0.948717949,0.237819011
AOI-0028,2015-08-03,2,1,1,True,4,2.000000000,1.000000000,14.000000000,0.978021978,0.120874486
AOI-0028,2015-09-04,2,1,1,True,4,3.000000000,1.000000000,11.000000000,0.978947368,0.116700546
AOI-0028,2015-09-30,2,2,2,True,4,3.000000000,1.000000000,11.000000000,0.714285714,0.623155167
AOI-0028,2016-06-26,2,1,1,True,4,3.000000000,1.000000000,11.000000000,0.980582524,0.109222462
AOI-0028,2016-08-28,2,2,2,True,4,2.000000000,1.000000000,14.000000000,0.763033175,0.570790373
AOI-0028,2016-09-14,2,1,1,True,4,2.000000000,1.000000000,14.000000000,0.977011494,0.125386776
AOI-0028,2017-04-16,2,0,0,True,5,4.000000000,1.000000000,23.000000000,0.978021978,0.120874486
AOI-0028,2017-05-12,2,1,1,True,4,3.000000000,1.000000000,11.000000000,0.979797980,0.112827275
AOI-0028,2017-06-05,2,1,0,True,4,3.000000000,1.000000000,11.000000000,0.709923664,0.637520105
AOI-0028,2017-07-15,2,1,1,True,4,2.000000000,1.000000000,11.000000000,0.747572816,0.606137599
AOI-0028,2017-10-11,2,1,1,True,4,2.000000000,1.000000000,11.000000000,0.858585859,0.443910775
AOI-0028,2018-05-15,2,1,1,True,4,2.000000000,1.000000000,11.000000000,0.974683544,0.135612188
AOI-0028,2018-06-08,2,1,1,True,4,1.000000000,1.000000000,14.000000000,0.977011494,0.125386776
AOI-0028,2018-06-15,2,0,0,True,4,2.000000000,1.000000000,11.000000000,0.983193277,0.096986095
AOI-0028,2018-07-10,2,1,1,True,4,2.000000000,1.000000000,14.000000000,0.979797980,0.112827275
AOI-0028,2018-07-28,2,2,2,True,4,3.000000000,1.000000000,11.000000000,0.914691943,0.309849445
AOI-0028,2019-05-11,2,0,0,True,4,3.000000000,1.000000000,11.000000000,0.669565217,0.674697517
AOI-0028,2019-06-19,2,1,1,True,4,3.000000000,1.000000000,11.000000000,0.770992366,0.571542733
AOI-0028,2019-06-26,2,2,2,True,4,3.000000000,1.000000000,11.000000000,0.735159817,0.601126410
AOI-0028,2019-07-28,2,2,2,True,4,2.000000000,1.000000000,11.000000000,0.781990521,0.674664437
AOI-0028,2019-09-07,2,1,1,True,5,3.000000000,1.000000000,23.000000000,0.963636364,0.181415523
AOI-0028,2019-09-13,2,0,0,True,4,1.000000000,1.000000000,14.000000000,0.986754967,0.079610965
AOI-0028,2019-09-28,2,0,0,True,5,1.000000000,1.000000000,31.000000000,0.966101695,0.171538761
AOI-0028,2019-10-13,2,0,0,True,4,2.000000000,1.000000000,14.000000000,0.987096774,0.077896072
AOI-0028,2020-04-02,2,0,0,True,4,3.000000000,1.000000000,11.000000000,0.675977654,0.658086486
AOI-0028,2020-06-25,2,2,2,True,4,1.000000000,1.000000000,11.000000000,0.990697674,0.059218348
AOI-0028,2020-06-29,2,0,0,True,4,3.000000000,1.000000000,11.000000000,0.985185185,0.087375267
AOI-0028,2020-07-15,2,1,1,True,4,2.000000000,1.000000000,11.000000000,0.978947368,0.116700546
AOI-0028,2020-07-23,2,1,1,True,4,2.000000000,1.000000000,11.000000000,0.670329670,0.682124509
AOI-0028,2020-07-24,2,0,0,True,4,3.000000000,1.000000000,11.000000000,0.766871166,0.571399404
AOI-0028,2020-10-15,2,2,2,True,4,3.000000000,1.000000000,11.000000000,0.913043478,0.314096510
AOI-0028,2021-05-07,2,1,1,True,5,1.000000000,1.000000000,31.000000000,0.552238806,0.753117368
AOI-0028,2021-07-09,2,0,0,True,4,2.000000000,1.000000000,11.000000000,0.986754967,0.079610965
AOI-0028,2021-07-14,2,0,0,True,4,1.000000000,1.000000000,14.000000000,0.986013986,0.083298165
AOI-0028,2021-07-29,2,0,0,True,4,3.000000000,1.000000000,11.000000000,0.810055866,0.511345905
AOI-0028,2021-09-14,2,0,0,True,4,1.000000000,1.000000000,11.000000000,0.615763547,0.692456055
AOI-0028,2021-10-02,2,0,0,True,4,2.000000000,1.000000000,11.000000000,0.983739837,0.094374144
AOI-0028,2021-10-07,2,0,0,True,4,3.000000000,1.000000000,11.000000000,0.815950920,0.504375887
AOI-0028,2022-05-15,2,0,0,False,-1,0.000000000,0.000000000,23.000000000,0.690140845,0.676283176
AOI-0028,2022-06-03,2,1,1,True,4,2.000000000,1.000000000,14.000000000,0.801526718,0.530634481
AOI-0028,2022-07-09,2,0,0,True,4,2.000000000,1.000000000,11.000000000,0.986013986,0.083298165
AOI-0028,2022-08-14,2,1,1,True,4,1.000000000,1.000000000,14.000000000,0.974683544,0.135612188
AOI-0028,2022-08-22,2,1,1,True,4,2.000000000,1.000000000,11.000000000,0.740458015,0.607016297
AOI-0028,2022-09-30,2,2,2,True,4,3.000000000,1.000000000,11.000000000,0.700483092,0.635184019
AOI-0028,2022-10-17,2,0,0,True,4,3.000000000,1.000000000,11.000000000,0.693251534,0.646547636
AOI-0028,2022-10-22,2,0,0,True,4,3.000000000,1.000000000,11.000000000,0.983739837,0.094374144
AOI-0028,2023-05-15,2,0,0,True,4,3.000000000,1.000000000,11.000000000,0.730232558,0.606524011
AOI-0028,2023-07-12,2,2,2,True,4,2.000000000,1.000000000,11.000000000,0.990697674,0.059218348
AOI-0028,2023-08-01,2,1,1,True,4,3.000000000,1.000000000,11.000000000,0.894736842,0.359080932
AOI-0028,2023-08-28,2,0,0,True,4,3.000000000,1.000000000,11.000000000,0.775401070,0.557938310
AOI-0028,2023-10-04,2,0,0,True,4,3.000000000,1.000000000,11.000000000,0.655172414,0.670005078
AOI-0028,2023-10-17,2,0,0,True,4,1.000000000,1.000000000,14.000000000,0.979797980,0.112827275
AOI-0028,2023-10-21,2,1,1,True,4,2.000000000,1.000000000,14.000000000,0.980582524,0.109222462
AOI-0028,2024-04-04,2,0,0,True,4,1.000000000,1.000000000,15.000000000,0.986013986,0.083298165
AOI-0028,2024-04-22,2,1,1,True,4,2.000000000,1.000000000,11.000000000,0.545893720,0.903576437
AOI-0028,2024-05-04,2,0,0,True,4,2.000000000,1.000000000,11.000000000,0.986754967,0.079610965
AOI-0028,2024-06-09,2,2,2,True,4,2.000000000,1.000000000,14.000000000,0.857819905,0.429680211
AOI-0028,2024-07-26,2,1,1,True,4,2.000000000,1.000000000,11.000000000,0.768421053,0.583997835
AOI-0028,2024-08-28,2,1,1,True,4,2.000000000,1.000000000,11.000000000,0.517241379,0.720039468
AOI-0028,2024-09-13,2,0,0,True,4,3.000000000,1.000000000,11.000000000,0.642512077,0.677549840
AOI-0028,2025-04-24,2,0,0,True,4,4.000000000,1.000000000,10.000000000,0.981981982,0.102711110
AOI-0028,2025-05-09,2,2,2,True,4,8.000000000,0.875000000,1.000000000,0.847533632,0.447194483
AOI-0028,2025-06-10,2,2,0,True,0,1.000000000,1.000000000,1.000000000,0.516587678,0.719232108
AOI-0028,2025-08-07,2,0,0,True,0,2.000000000,1.000000000,1.000000000,0.851428571,0.444443716
AOI-0028,2025-08-17,2,0,0,True,0,1.000000000,1.000000000,1.000000000,0.796407186,0.532357983
AOI-0028,2025-08-19,2,0,0,True,1,1.000000000,1.000000000,2.000000000,0.991341991,0.055740919
AOI-0028,2025-09-23,2,1,0,True,0,2.000000000,1.000000000,1.000000000,0.662100457,0.663820899
AOI-0028,2025-10-17,2,1,1,True,0,1.000000000,1.000000000,1.000000000,0.978021978,0.120874486
AOI-0029,2025-04-21,2,0,0,True,0,1.000000000,1.000000000,1.000000000,0.971830986,0.147843978
AOI-0029,2025-04-29,2,0,0,True,0,2.000000000,1.000000000,1.000000000,0.979797980,0.112827275
AOI-0029,2025-05-21,2,0,0,True,0,2.000000000,1.000000000,1.000000000,0.677419355,0.733664869
AOI-0029,2025-05-24,2,0,0,True,0,1.000000000,1.000000000,1.000000000,0.987730061,0.074694356
AOI-0029,2025-05-25,2,2,2,True,0,2.000000000,1.000000000,1.000000000,0.819905213,0.493453353
AOI-0029,2025-06-27,2,1,0,True,0,1.000000000,1.000000000,1.000000000,0.708542714,0.628837152
AOI-0029,2025-07-23,2,0,0,True,0,1.000000000,1.000000000,1.000000000,0.780645161,0.555196694
AOI-0029,2025-09-07,2,1,1,True,0,2.000000000,1.000000000,1.000000000,0.981308411,0.105858397
AOI-0030,2025-04-07,2,2,2,True,0,1.000000000,1.000000000,1.000000000,0.939393939,0.244226943
AOI-0030,2025-05-09,2,0,2,True,0,1.000000000,1.000000000,1.000000000,0.847533632,0.447194483
AOI-0030,2025-06-13,2,0,0,True,1,1.000000000,1.000000000,2.000000000,0.640287770,0.688518311
AOI-0030,2025-07-13,2,0,0,True,0,1.000000000,1.000000000,1.000000000,0.988571429,0.070389141
AOI-0030,2025-07-21,2,1,1,True,0,1.000000000,1.000000000,1.000000000,0.788617886,0.550242400
AOI-0030,2025-08-12,2,0,0,True,0,1.000000000,1.000000000,1.000000000,0.985611511,0.085284100
AOI-0030,2025-09-21,2,0,0,True,0,1.000000000,1.000000000,1.000000000,0.987730061,0.074694356
AOI-0030,2025-10-28,2,0,0,True,0,1.000000000,1.000000000,1.000000000,0.963636364,0.181415523
AOI-0031,2010-06-10,2,2,2,False,-1,0.000000000,0.000000000,inf,0.554502370,0.713440583
AOI-0031,2010-06-26,2,2,2,True,0,1.000000000,1.000000000,1.000000000,0.990521327,0.060162121
AOI-0031,2010-07-06,2,1,1,True,0,1.000000000,1.000000000,1.000000000,0.866666667,0.485094091
AOI-0031,2010-08-23,2,1,1,True,0,1.000000000,1.000000000,1.000000000,0.970149254,0.154913925
AOI-0031,2010-08-29,2,2,2,True,0,1.000000000,1.000000000,1.000000000,0.535545024,0.717062928
AOI-0031,2010-09-30,2,2,2,False,-1,0.000000000,0.000000000,inf,0.989949749,0.063198621
AOI-0031,2011-07-12,2,2,2,False,-1,0.000000000,0.000000000,inf,0.990867580,0.058305859
AOI-0031,2011-09-20,2,1,1,True,0,1.000000000,1.000000000,1.000000000,0.935483871,0.283936267
AOI-0031,2011-09-30,2,2,2,True,0,1.000000000,1.000000000,1.000000000,0.990697674,0.059218348
AOI-0031,2011-10-16,2,2,2,True,0,1.000000000,1.000000000,1.000000000,0.990867580,0.058305859
AOI-0031,2012-04-22,2,2,2,True,0,1.000000000,1.000000000,1.000000000,0.832512315,0.474104342
AOI-0031,2012-08-21,2,1,1,True,0,1.000000000,1.000000000,1.000000000,0.894736842,0.409458619
AOI-0031,2012-09-06,2,1,1,True,0,1.000000000,1.000000000,1.000000000,0.935483871,0.283936267
AOI-0031,2013-04-17,2,1,1,False,-1,0.000000000,0.000000000,inf,0.948717949,0.237819011
AOI-0031,2013-04-23,2,2,2,False,-1,0.000000000,0.000000000,inf,0.990338164,0.061138862
AOI-0031,2013-05-04,2,1,1,True,0,1.000000000,1.000000000,1.000000000,0.935483871,0.283936267
AOI-0031,2013-05-19,2,1,1,False,-1,0.000000000,0.000000000,inf,0.942857143,0.258640932
AOI-0031,2013-06-13,2,1,1,False,-1,0.000000000,0.000000000,inf,0.866666667,0.485094091
AOI-0031,2013-08-29,2,2,2,False,-1,0.000000000,0.000000000,inf,0.990147783,0.062150380
AOI-0031,2014-07-10,2,1,1,True,0,1.000000000,1.000000000,1.000000000,0.935483871,0.283936267
AOI-0031,2014-08-10,2,1,1,False,-1,0.000000000,0.000000000,inf,0.968253968,0.162764794
AOI-0031,2014-09-14,2,2,2,True,0,1.000000000,1.000000000,1.000000000,0.989949749,0.063198621
AOI-0031,2014-10-06,2,1,1,True,0,1.000000000,1.000000000,1.000000000,0.935483871,0.283936267
AOI-0031,2014-10-29,2,1,1,True,0,1.000000000,1.000000000,1.000000000,0.966101695,0.171538761
AOI-0031,2015-05-02,2,1,1,True,0,1.000000000,1.000000000,1.000000000,0.913043478,0.355712860
AOI-0031,2015-06-19,2,1,1,True,0,1.000000000,1.000000000,1.000000000,0.935483871,0.283936267
AOI-0031,2015-07-05,2,1,1,True,0,1.000000000,1.000000000,1.000000000,0.935483871,0.283936267
AOI-0031,2015-07-13,2,1,1,False,-1,0.000000000,0.000000000,inf,0.913043478,0.355712860
AOI-0031,2015-08-21,2,1,1,True,0,1.000000000,1.000000000,1.000000000,0.966101695,0.171538761
AOI-0031,2015-09-15,2,1,1,False,-1,0.000000000,0.000000000,inf,0.818181818,0.600166073
AOI-0031,2016-04-10,2,1,1,False,-1,0.000000000,0.000000000,inf,0.925925926,0.315396287
AOI-0031,2016-06-28,2,1,1,False,-1,0.000000000,0.000000000,inf,0.957446809,0.205470750
AOI-0031,2016-07-07,2,1,1,False,-1,0.000000000,0.000000000,inf,0.714285714,0.796311640
AOI-0031,2016-07-22,2,1,1,True,0,1.000000000,1.000000000,1.000000000,0.963636364,0.181415523
AOI-0031,2016-08-31,2,1,1,False,-1,0.000000000,0.000000000,inf,0.935483871,0.283936267
AOI-0031,2016-09-17,2,1,1,False,-1,0.000000000,0.000000000,inf,0.894736842,0.409458619
AOI-0031,2017-04-07,2,2,2,True,0,1.000000000,1.000000000,1.000000000,0.990521327,0.060162121
AOI-0031,2017-04-12,2,1,1,True,0,1.000000000,1.000000000,1.000000000,0.966101695,0.171538761
AOI-0031,2017-04-23,2,2,2,True,0,1.000000000,1.000000000,1.000000000,0.990867580,0.058305859
AOI-0031,2017-04-29,2,1,1,True,0,1.000000000,1.000000000,1.000000000,0.568627451,0.763461902
AOI-0031,2017-07-24,2,0,1,True,0,1.000000000,1.000000000,1.000000000,0.784172662,0.553117831
AOI-0031,2017-08-10,2,1,1,True,0,1.000000000,1.000000000,1.000000000,0.968253968,0.162764794
AOI-0031,2017-08-19,2,1,1,False,-1,0.000000000,0.000000000,inf,0.641025641,0.745196588
AOI-0031,2017-09-10,2,0,0,True,0,1.000000000,1.000000000,1.000000000,0.984732824,0.089580528
AOI-0031,2017-09-30,2,2,2,True,0,1.000000000,1.000000000,1.000000000,0.635467980,0.682076228
AOI-0031,2018-04-08,2,1,1,True,0,1.000000000,1.000000000,1.000000000,0.935483871,0.283936267
AOI-0031,2018-05-01,2,1,0,True,0,1.000000000,1.000000000,1.000000000,0.704035874,0.630643682
AOI-0031,2018-05-17,2,1,1,True,0,1.000000000,1.000000000,1.000000000,0.968253968,0.162764794
AOI-0031,2018-05-25,2,2,2,False,-1,0.000000000,0.000000000,inf,0.781990521,0.547209720
AOI-0031,2018-07-20,2,1,1,False,-1,0.000000000,0.000000000,inf,0.960784314,0.192625738
AOI-0031,2018-08-22,2,1,1,False,-1,0.000000000,0.000000000,inf,0.925925926,0.315396287
AOI-0031,2018-10-01,2,0,0,False,-1,0.000000000,0.000000000,inf,0.488372093,0.787480525
AOI-0031,2019-05-09,2,2,2,True,0,1.000000000,1.000000000,1.000000000,0.991189427,0.056568562
AOI-0031,2019-05-15,2,0,0,True,0,1.000000000,1.000000000,1.000000000,0.935483871,0.283936267
AOI-0031,2019-05-21,2,1,0,True,0,1.000000000,1.000000000,1.000000000,0.839572193,0.463824283
AOI-0031,2019-06-02,2,0,0,True,0,1.000000000,1.000000000,1.000000000,0.765363128,0.571219093
AOI-0031,2019-06-21,2,1,1,False,-1,0.000000000,0.000000000,inf,0.963636364,0.181415523
AOI-0031,2019-07-12,2,2,2,True,0,1.000000000,1.000000000,1.000000000,0.819905213,0.493453353
AOI-0031,2019-07-15,2,1,1,True,0,1.000000000,1.000000000,1.000000000,0.656565657,0.688858011
AOI-0031,2019-07-24,2,1,0,True,0,1.000000000,1.000000000,1.000000000,0.600000000,0.853236151
AOI-0031,2019-08-21,2,0,0,True,0,1.000000000,1.000000000,1.000000000,0.777777778,0.556748955
AOI-0031,2019-08-23,2,1,1,False,-1,0.000000000,0.000000000,inf,0.853658537,0.447709041
AOI-0031,2019-08-28,2,0,0,True,0,1.000000000,1.000000000,1.000000000,0.935483871,0.283936267
AOI-0031,2019-10-11,2,1,1,False,-1,0.000000000,0.000000000,inf,0.963636364,0.181415523
AOI-0031,2020-04-21,2,1,1,True,0,1.000000000,1.000000000,1.000000000,0.925925926,0.315396287
AOI-0031,2020-05-19,2,0,1,True,0,1.000000000,1.000000000,1.000000000,0.577464789,0.742848415
AOI-0031,2020-06-26,2,0,0,False,-1,0.000000000,0.000000000,inf,0.984732824,0.089580528
AOI-0031,2020-07-02,2,1,1,True,0,1.000000000,1.000000000,1.000000000,0.617021277,0.747675135
AOI-0031,2020-07-26,2,0,0,False,-1,0.000000000,0.000000000,inf,0.981981982,0.102711110
AOI-0031,2020-08-12,2,0,2,True,0,1.000000000,1.000000000,1.000000000,0.857819905,0.429680211
AOI-0031,2020-08-30,2,0,0,False,-1,0.000000000,0.000000000,inf,0.985185185,0.087375267
AOI-0031,2020-09-14,2,0,0,True,0,1.000000000,1.000000000,1.000000000,0.977011494,0.125386776
AOI-0031,2020-09-26,2,0,1,True,0,1.000000000,1.000000000,1.000000000,0.826771654,0.492999622
AOI-0031,2020-09-29,2,2,2,False,-1,0.000000000,0.000000000,inf,0.763033175,0.570790373
AOI-0031,2020-10-09,2,0,0,True,0,1.000000000,1.000000000,1.000000000,0.986013986,0.083298165
AOI-0031,2020-10-11,2,1,1,False,-1,0.000000000,0.000000000,inf,0.777777778,0.586888119
AOI-0031,2020-10-15,2,2,2,True,0,1.000000000,1.000000000,1.000000000,0.913043478,0.314096510
AOI-0031,2021-05-29,2,0,0,True,0,1.000000000,1.000000000,1.000000000,0.935483871,0.283936267
AOI-0031,2021-07-05,2,1,1,False,-1,0.000000000,0.000000000,inf,0.714285714,0.796311640
AOI-0031,2021-07-08,2,0,0,True,0,1.000000000,1.000000000,1.000000000,0.935483871,0.283936267
AOI-0031,2021-07-12,2,1,2,True,0,1.000000000,1.000000000,1.000000000,0.632286996,0.845400722
AOI-0031,2021-07-13,2,0,0,True,0,1.000000000,1.000000000,1.000000000,0.935483871,0.283936267
AOI-0031,2021-07-18,2,1,1,False,-1,0.000000000,0.000000000,inf,0.823129252,0.495449242
AOI-0031,2021-08-02,2,0,1,True,0,1.000000000,1.000000000,1.000000000,0.638554217,0.707068915
AOI-0031,2021-09-06,2,1,1,False,-1,0.000000000,0.000000000,inf,0.559322034,0.757933289
AOI-0031,2021-10-06,2,0,1,True,0,1.000000000,1.000000000,1.000000000,0.777777778,0.562182809
AOI-0031,2021-10-11,2,0,0,True,0,1.000000000,1.000000000,1.000000000,0.935483871,0.283936267
AOI-0031,2022-05-04,2,0,0,True,0,1.000000000,1.000000000,1.000000000,0.617021277,0.747675135
AOI-0031,2022-05-29,2,0,0,False,-1,0.000000000,0.000000000,inf,0.925925926,0.315396287
AOI-0031,2022-06-14,2,1,0,True,0,1.000000000,1.000000000,1.000000000,0.491525424,0.767314425
AOI-0031,2022-07-02,2,1,0,True,0,1.000000000,1.000000000,1.000000000,0.600000000,0.775939123
AOI-0031,2022-07-06,2,0,0,True,0,1.000000000,1.000000000,1.000000000,0.985611511,0.085284100
AOI-0031,2022-07-15,2,1,1,False,-1,0.000000000,0.000000000,inf,0.968253968,0.162764794
AOI-0031,2022-07-24,2,1,0,True,0,1.000000000,1.000000000,1.000000000,0.691428571,0.646408103
AOI-0031,2022-09-14,2,2,2,True,0,1.000000000,1.000000000,1.000000000,0.763033175,0.570790373
AOI-0031,2022-09-18,2,1,1,True,0,1.000000000,1.000000000,1.000000000,0.980582524,0.109222462
AOI-0031,2022-10-26,2,1,1,False,-1,0.000000000,0.000000000,inf,0.818181818,0.600166073
AOI-0031,2023-04-03,2,1,1,False,-1,0.000000000,0.000000000,inf,0.818181818,0.533245308
AOI-0031,2023-05-02,2,0,0,True,0,1.000000000,1.000000000,1.000000000,0.935483871,0.283936267
AOI-0031,2023-06-03,2,0,0,False,-1,0.000000000,0.000000000,inf,0.581395349,0.769653081
AOI-0031,2023-06-06,2,0,0,False,-1,0.000000000,0.000000000,inf,0.576354680,0.708281313
AOI-0031,2023-07-06,2,0,0,True,0,1.000000000,1.000000000,1.000000000,0.985185185,0.087375267
AOI-0031,2023-08-29,2,2,2,True,0,1.000000000,1.000000000,1.000000000,0.990697674,0.059218348
AOI-0031,2023-09-01,2,1,1,False,-1,0.000000000,0.000000000,inf,0.653333333,0.701873577
AOI-0031,2023-09-14,2,2,2,True,0,1.000000000,1.000000000,1.000000000,0.515981735,0.718475108
AOI-0031,2023-09-28,2,1,1,False,-1,0.000000000,0.000000000,inf,0.968253968,0.162764794
AOI-0031,2023-10-04,2,0,0,True,0,1.000000000,1.000000000,1.000000000,0.655172414,0.670005078
AOI-0031,2023-10-22,2,1,0,True,0,1.000000000,1.000000000,1.000000000,0.514563107,0.740314755
AOI-0031,2024-05-18,2,1,1,False,-1,0.000000000,0.000000000,inf,0.629629630,0.779553605
AOI-0031,2024-06-20,2,0,0,True,0,1.000000000,1.000000000,1.000000000,0.985185185,0.087375267
AOI-0031,2024-06-25,2,2,2,False,-1,0.000000000,0.000000000,inf,0.497716895,0.875609512
AOI-0031,2024-07-05,2,0,0,False,-1,0.000000000,0.000000000,inf,0.981308411,0.105858397
AOI-0031,2024-07-11,2,2,2,True,0,1.000000000,1.000000000,1.000000000,0.823255814,0.587949188
AOI-0031,2024-07-12,2,1,1,False,-1,0.000000000,0.000000000,inf,0.587301587,0.745105228
AOI-0031,2024-07-21,2,1,1,True,0,1.000000000,1.000000000,1.000000000,0.617021277,0.747675135
AOI-0031,2024-07-25,2,0,0,False,-1,0.000000000,0.000000000,inf,0.684210526,0.652775710
AOI-0031,2024-08-28,2,2,1,True,0,1.000000000,1.000000000,1.000000000,0.517241379,0.720039468
AOI-0031,2024-10-05,2,1,1,False,-1,0.000000000,0.000000000,inf,0.559322034,0.757933289
AOI-0031,2024-10-08,2,0,0,True,0,1.000000000,1.000000000,1.000000000,0.977011494,0.125386776
AOI-0031,2024-10-25,2,0,0,True,0,1.000000000,1.000000000,1.000000000,0.806451613,0.578532844
AOI-0031,2025-05-09,2,2,2,True,0,1.000000000,1.000000000,1.000000000,0.847533632,0.447194483
AOI-0031,2025-05-15,2,0,0,True,0,1.000000000,1.000000000,1.000000000,0.948717949,0.237819011
AOI-0031,2025-05-16,2,0,0,True,0,1.000000000,1.000000000,1.000000000,0.984251969,0.091909786
AOI-0031,2025-05-20,2,1,1,True,0,1.000000000,1.000000000,1.000000000,0.968253968,0.162764794
AOI-0031,2025-06-05,2,0,0,True,0,1.000000000,1.000000000,1.000000000,0.984251969,0.091909786
AOI-0031,2025-06-15,2,0,0,True,0,1.000000000,1.000000000,1.000000000,0.975903614,0.130281794
AOI-0031,2025-06-17,2,0,0,True,0,1.000000000,1.000000000,1.000000000,0.960784314,0.192625738
AOI-0031,2025-06-22,2,0,0,True,2,2.000000000,1.000000000,3.000000000,0.818181818,0.600166073
AOI-0031,2025-06-25,2,0,0,True,0,1.000000000,1.000000000,1.000000000,0.942857143,0.258640932
AOI-0031,2025-06-30,2,0,0,True,2,1.000000000,1.000000000,4.000000000,0.985611511,0.085284100
AOI-0031,2025-09-02,2,1,1,True,1,1.000000000,1.000000000,2.000000000,0.942857143,0.258640932
AOI-0032,2010-05-25,2,2,2,True,0,1.000000000,1.000000000,1.000000000,0.990697674,0.059218348
AOI-0032,2010-06-13,2,1,1,True,0,1.000000000,1.000000000,1.000000000,0.935483871,0.283936267
AOI-0032,2010-07-28,2,2,2,True,0,1.000000000,1.000000000,1.000000000,0.534246575,0.716462038
AOI-0032,2010-08-13,2,2,2,True,0,1.000000000,1.000000000,1.000000000,0.916279070,0.305727510
AOI-0032,2010-09-01,2,1,1,True,0,1.000000000,1.000000000,1.000000000,0.935483871,0.283936267
AOI-0032,2011-07-17,2,1,1,True,0,1.000000000,1.000000000,1.000000000,0.942857143,0.258640932
AOI-0032,2011-09-12,2,1,1,True,0,1.000000000,1.000000000,1.000000000,0.913043478,0.355712860
AOI-0032,2011-09-14,2,2,2,True,0,1.000000000,1.000000000,1.000000000,0.990867580,0.058305859
AOI-0032,2011-09-19,2,1,1,False,-1,0.000000000,0.000000000,inf,0.966101695,0.171538761
AOI-0032,2012-07-11,2,2,2,True,0,1.000000000,1.000000000,1.000000000,0.990697674,0.059218348
AOI-0032,2012-07-20,2,1,1,True,0,1.000000000,1.000000000,1.000000000,0.935483871,0.283936267
AOI-0032,2012-07-27,2,1,2,True,0,1.000000000,1.000000000,1.000000000,0.725118483,0.611995933
AOI-0032,2013-04-17,2,1,1,False,-1,0.000000000,0.000000000,inf,0.948717949,0.237819011
AOI-0032,2013-04-23,2,2,2,False,-1,0.000000000,0.000000000,inf,0.990338164,0.061138862
AOI-0032,2013-05-11,2,1,1,True,0,1.000000000,1.000000000,1.000000000,0.968253968,0.162764794
AOI-0032,2013-06-05,2,1,1,True,0,1.000000000,1.000000000,1.000000000,0.866666667,0.485094091
AOI-0032,2013-07-06,2,1,1,True,0,1.000000000,1.000000000,1.000000000,0.968253968,0.162764794
AOI-0032,2014-05-30,2,1,1,True,0,1.000000000,1.000000000,1.000000000,0.970149254,0.154913925
AOI-0032,2014-08-10,2,1,1,False,-1,0.000000000,0.000000000,inf,0.968253968,0.162764794
AOI-0032,2014-08-13,2,2,2,False,-1,0.000000000,0.000000000,inf,0.990147783,0.062150380
AOI-0032,2014-09-27,2,1,1,True,0,1.000000000,1.000000000,1.000000000,0.966101695,0.171538761
AOI-0032,2014-10-05,2,1,1,True,0,1.000000000,1.000000000,1.000000000,0.968253968,0.162764794
AOI-0032,2014-10-16,2,2,2,True,0,1.000000000,1.000000000,1.000000000,0.990147783,0.062150380
AOI-0032,2015-05-09,2,2,2,True,0,1.000000000,1.000000000,1.000000000,0.990521327,0.060162121
AOI-0032,2015-05-25,2,1,2,True,0,1.000000000,1.000000000,1.000000000,0.730232558,0.606524011
AOI-0032,2015-07-28,2,1,2,True,0,1.000000000,1.000000000,1.000000000,0.721973094,0.614035411
AOI-0032,2015-08-05,2,1,1,True,0,1.000000000,1.000000000,1.000000000,0.968253968,0.162764794
AOI-0032,2015-08-30,2,1,1,True,0,1.000000000,1.000000000,1.000000000,0.894736842,0.409458619
AOI-0032,2015-10-09,2,1,1,True,0,1.000000000,1.000000000,1.000000000,0.935483871,0.283936267
AOI-0032,2016-04-17,2,1,1,False,-1,0.000000000,0.000000000,inf,0.963636364,0.181415523
AOI-0032,2016-05-24,2,2,2,False,-1,0.000000000,0.000000000,inf,0.917808219,0.301725093
AOI-0032,2016-06-25,2,2,2,False,-1,0.000000000,0.000000000,inf,0.812807882,0.504905654
AOI-0032,2016-08-24,2,1,1,True,0,1.000000000,1.000000000,1.000000000,0.935483871,0.283936267
AOI-0032,2016-09-17,2,1,1,False,-1,0.000000000,0.000000000,inf,0.894736842,0.409458619
AOI-0032,2017-04-13,2,0,0,True,0,1.000000000,1.000000000,1.000000000,0.858267717,0.438505622
AOI-0032,2017-06-08,2,1,1,True,0,1.000000000,1.000000000,1.000000000,0.935483871,0.283936267
AOI-0032,2017-07-04,2,0,0,True,0,1.000000000,1.000000000,1.000000000,0.866666667,0.485094091
AOI-0032,2017-07-12,2,2,2,True,0,1.000000000,1.000000000,1.000000000,0.823255814,0.487928887
AOI-0032,2017-07-26,2,1,1,True,0,1.000000000,1.000000000,1.000000000,0.935483871,0.283936267
AOI-0032,2017-09-17,2,0,1,True,0,1.000000000,1.000000000,1.000000000,0.756097561,0.591181657
AOI-0032,2017-09-20,2,0,0,True,0,1.000000000,1.000000000,1.000000000,0.984732824,0.089580528
AOI-0032,2018-05-18,2,1,1,False,-1,0.000000000,0.000000000,inf,0.925925926,0.315396287
AOI-0032,2018-05-25,2,2,2,False,-1,0.000000000,0.000000000,inf,0.781990521,0.547209720
AOI-0032,2018-07-20,2,1,1,False,-1,0.000000000,0.000000000,inf,0.960784314,0.192625738
AOI-0032,2018-08-22,2,1,1,False,-1,0.000000000,0.000000000,inf,0.925925926,0.315396287
AOI-0032,2018-08-30,2,1,1,True,0,1.000000000,1.000000000,1.000000000,0.925925926,0.315396287
AOI-0032,2018-10-01,2,0,0,False,-1,0.000000000,0.000000000,inf,0.488372093,0.787480525
AOI-0032,2019-04-10,2,1,1,False,-1,0.000000000,0.000000000,inf,0.559322034,0.757933289
AOI-0032,2019-05-29,2,1,1,True,0,1.000000000,1.000000000,1.000000000,0.568627451,0.763461902
AOI-0032,2019-06-17,2,0,0,True,0,1.000000000,1.000000000,1.000000000,0.980582524,0.109222462
AOI-0032,2019-06-26,2,2,2,True,0,1.000000000,1.000000000,1.000000000,0.735159817,0.601126410
AOI-0032,2019-07-04,2,0,1,True,0,1.000000000,1.000000000,1.000000000,0.523809524,0.761605701
AOI-0032,2019-08-11,2,0,0,True,0,1.000000000,1.000000000,1.000000000,0.984732824,0.089580528
AOI-0032,2019-08-23,2,1,1,False,-1,0.000000000,0.000000000,inf,0.853658537,0.447709041
AOI-0032,2019-09-05,2,0,0,True,0,1.000000000,1.000000000,1.000000000,0.981981982,0.102711110
AOI-0032,2019-09-30,2,2,2,True,0,1.000000000,1.000000000,1.000000000,0.614349776,0.881129033
AOI-0032,2019-10-07,2,1,1,False,-1,0.000000000,0.000000000,inf,0.714285714,0.796311640
AOI-0032,2019-10-10,2,0,0,False,-1,0.000000000,0.000000000,inf,0.870503597,0.413212905
AOI-0032,2019-10-16,2,2,2,True,0,1.000000000,1.000000000,1.000000000,0.777777778,0.662017373
AOI-0032,2020-05-04,2,0,1,True,0,1.000000000,1.000000000,1.000000000,0.763779528,0.581206425
AOI-0032,2020-06-07,2,1,1,True,0,1.000000000,1.000000000,1.000000000,0.747126437,0.612228306
AOI-0032,2020-06-15,2,1,1,False,-1,0.000000000,0.000000000,inf,0.866666667,0.485094091
AOI-0032,2020-06-28,2,0,1,True,0,1.000000000,1.000000000,1.000000000,0.600000000,0.731469565
AOI-0032,2020-07-03,2,0,0,True,0,1.000000000,1.000000000,1.000000000,0.935483871,0.283936267
AOI-0032,2020-07-26,2,0,0,False,-1,0.000000000,0.000000000,inf,0.981981982,0.102711110
AOI-0032,2020-07-31,2,0,0,True,0,1.000000000,1.000000000,1.000000000,0.567251462,0.715052421
AOI-0032,2020-08-20,2,0,0,True,0,1.000000000,1.000000000,1.000000000,0.985611511,0.085284100
AOI-0032,2020-08-26,2,1,1,True,0,1.000000000,1.000000000,1.000000000,0.772151899,0.585549972
AOI-0032,2020-08-28,2,2,2,True,0,1.000000000,1.000000000,1.000000000,0.936073059,0.254088226
AOI-0032,2020-08-30,2,0,0,False,-1,0.000000000,0.000000000,inf,0.985185185,0.087375267
AOI-0032,2020-09-19,2,0,0,True,0,1.000000000,1.000000000,1.000000000,0.788617886,0.550242400
AOI-0032,2020-09-20,2,1,1,True,0,1.000000000,1.000000000,1.000000000,0.617021277,0.747675135
AOI-0032,2021-04-15,2,1,0,True,0,1.000000000,1.000000000,1.000000000,0.847953216,0.451030292
AOI-0032,2021-05-14,2,0,1,True,0,1.000000000,1.000000000,1.000000000,0.552238806,0.753117368
AOI-0032,2021-07-28,2,0,2,True,0,1.000000000,1.000000000,1.000000000,0.694581281,0.826449954
AOI-0032,2021-08-10,2,0,0,True,0,1.000000000,1.000000000,1.000000000,0.866666667,0.485094091
AOI-0032,2021-08-13,2,1,2,True,0,1.000000000,1.000000000,1.000000000,0.876777251,0.458708793
AOI-0032,2021-08-29,2,1,2,True,0,1.000000000,1.000000000,1.000000000,0.711627907,0.624497062
AOI-0032,2021-08-30,2,0,0,False,-1,0.000000000,0.000000000,inf,0.984251969,0.091909786
AOI-0032,2021-09-19,2,0,0,True,0,1.000000000,1.000000000,1.000000000,0.978021978,0.120874486
AOI-0032,2021-10-01,2,0,0,True,0,1.000000000,1.000000000,1.000000000,0.935483871,0.283936267
AOI-0032,2022-04-11,2,1,1,True,0,1.000000000,1.000000000,1.000000000,0.935483871,0.283936267
AOI-0032,2022-05-28,2,1,1,True,0,1.000000000,1.000000000,1.000000000,0.968253968,0.162764794
AOI-0032,2022-06-26,2,2,2,True,0,1.000000000,1.000000000,1.000000000,0.899543379,0.379925835
AOI-0032,2022-06-29,2,1,0,True,0,1.000000000,1.000000000,1.000000000,0.728643216,0.609627116
AOI-0032,2022-07-08,2,0,0,False,-1,0.000000000,0.000000000,inf,0.925925926,0.315396287
AOI-0032,2022-07-15,2,1,1,False,-1,0.000000000,0.000000000,inf,0.968253968,0.162764794
AOI-0032,2022-08-13,2,2,0,True,0,1.000000000,1.000000000,1.000000000,0.581395349,0.705392195
AOI-0032,2022-08-17,2,0,0,True,0,1.000000000,1.000000000,1.000000000,0.935483871,0.283936267
AOI-0032,2022-09-09,2,0,0,False,-1,0.000000000,0.000000000,inf,0.952755906,0.211605625
AOI-0032,2023-04-03,2,1,1,False,-1,0.000000000,0.000000000,inf,0.818181818,0.533245308
AOI-0032,2023-05-17,2,0,0,False,-1,0.000000000,0.000000000,inf,0.921259843,0.301278649
AOI-0032,2023-05-31,2,1,1,True,0,1.000000000,1.000000000,1.000000000,0.968253968,0.162764794
AOI-0032,2023-06-03,2,0,0,False,-1,0.000000000,0.000000000,inf,0.581395349,0.769653081
AOI-0032,2023-07-23,2,0,0,True,0,1.000000000,1.000000000,1.000000000,0.641025641,0.745196588
AOI-0032,2023-08-18,2,1,0,True,0,1.000000000,1.000000000,1.000000000,0.711627907,0.624497062
AOI-0032,2023-08-22,2,0,0,True,0,1.000000000,1.000000000,1.000000000,0.935483871,0.283936267
AOI-0032,2023-09-28,2,1,1,False,-1,0.000000000,0.000000000,inf,0.968253968,0.162764794
AOI-0032,2023-10-11,2,0,1,True,0,1.000000000,1.000000000,1.000000000,0.801324503,0.527596161
AOI-0032,2023-10-21,2,1,1,False,-1,0.000000000,0.000000000,inf,0.980582524,0.109222462
AOI-0032,2023-10-29,2,0,0,True,0,1.000000000,1.000000000,1.000000000,0.918699187,0.308364480
AOI-0032,2024-04-11,2,0,0,True,0,1.000000000,1.000000000,1.000000000,0.985611511,0.085284100
AOI-0032,2024-05-02,2,1,1,True,0,1.000000000,1.000000000,1.000000000,0.935483871,0.283936267
AOI-0032,2024-05-09,2,1,0,True,0,1.000000000,1.000000000,1.000000000,0.632653061,0.691403850
AOI-0032,2024-05-18,2,1,1,False,-1,0.000000000,0.000000000,inf,0.629629630,0.779553605
AOI-0032,2024-06-07,2,0,1,True,0,1.000000000,1.000000000,1.000000000,0.627118644,0.729419919
AOI-0032,2024-06-25,2,2,2,False,-1,0.000000000,0.000000000,inf,0.497716895,0.875609512
AOI-0032,2024-06-26,2,1,1,True,0,1.000000000,1.000000000,1.000000000,0.957446809,0.205470750
AOI-0032,2024-07-05,2,0,0,False,-1,0.000000000,0.000000000,inf,0.981308411,0.105858397
AOI-0032,2024-08-26,2,1,1,False,-1,0.000000000,0.000000000,inf,0.706666667,0.659348879
AOI-0032,2024-09-25,2,0,0,True,0,1.000000000,1.000000000,1.000000000,0.935483871,0.283936267
AOI-0032,2024-10-30,2,0,1,True,0,1.000000000,1.000000000,1.000000000,0.756097561,0.591181657
AOI-0032,2025-04-05,2,0,0,True,0,2.000000000,1.000000000,1.000000000,0.957446809,0.205470750
AOI-0032,2025-05-08,2,0,0,True,0,1.000000000,1.000000000,1.000000000,0.968253968,0.162764794
AOI-0032,2025-05-25,2,2,2,True,0,2.000000000,1.000000000,1.000000000,0.819905213,0.493453353
AOI-0032,2025-06-22,2,0,0,True,1,1.000000000,1.000000000,2.000000000,0.818181818,0.600166073
AOI-0032,2025-07-02,2,0,0,True,0,2.000000000,1.000000000,1.000000000,0.935483871,0.283936267
AOI-0032,2025-07-08,2,1,0,True,0,2.000000000,1.000000000,1.000000000,0.811659193,0.504999496
AOI-0032,2025-09-01,2,1,0,True,0,2.000000000,1.000000000,1.000000000,0.744855967,0.588982150
AOI-0032,2025-09-02,2,1,1,True,0,1.000000000,1.000000000,1.000000000,0.942857143,0.258640932
AOI-0032,2025-09-25,2,0,0,True,0,2.000000000,1.000000000,1.000000000,0.846153846,0.468910505
AOI-0032,2025-10-05,2,0,0,True,0,2.000000000,1.000000000,1.000000000,0.970149254,0.154913925
AOI-0032,2025-10-22,2,0,0,True,0,1.000000000,1.000000000,1.000000000,0.894736842,0.409458619
AOI-0033,2025-04-18,2,0,0,True,0,2.000000000,1.000000000,1.000000000,0.987421384,0.076258973
AOI-0033,2025-04-19,2,1,0,True,0,2.000000000,1.000000000,1.000000000,0.816425121,0.499110844
AOI-0033,2025-04-23,2,0,2,True,0,2.000000000,1.000000000,1.000000000,0.714285714,0.796311640
AOI-0033,2025-05-04,2,1,0,True,0,2.000000000,1.000000000,1.000000000,0.681159420,0.651026440
AOI-0033,2025-05-08,2,0,0,True,0,1.000000000,1.000000000,1.000000000,0.968253968,0.162764794
AOI-0033,2025-06-13,2,1,0,True,0,2.000000000,1.000000000,1.000000000,0.640287770,0.688518311
AOI-0033,2025-06-30,2,0,0,True,1,1.000000000,1.000000000,2.000000000,0.985611511,0.085284100
AOI-0033,2025-07-22,2,0,1,True,1,1.000000000,1.000000000,2.000000000,0.670329670,0.682124509
AOI-0033,2025-08-01,2,0,0,True,0,2.000000000,1.000000000,1.000000000,0.641025641,0.745196588
AOI-0033,2025-08-29,2,0,0,True,0,2.000000000,1.000000000,1.000000000,0.992156863,0.051273190
AOI-0033,2025-10-27,2,1,1,True,0,2.000000000,1.000000000,1.000000000,0.977011494,0.125386776
AOI-0034,2025-04-07,2,2,2,True,0,1.000000000,1.000000000,1.000000000,0.939393939,0.244226943
AOI-0034,2025-05-25,2,2,2,True,0,2.000000000,1.000000000,1.000000000,0.819905213,0.493453353
AOI-0034,2025-05-28,2,0,0,True,0,2.000000000,1.000000000,1.000000000,0.878260870,0.401701573
AOI-0034,2025-06-30,2,0,0,True,0,1.000000000,1.000000000,1.000000000,0.985611511,0.085284100
AOI-0034,2025-07-23,2,1,0,True,0,2.000000000,1.000000000,1.000000000,0.780645161,0.555196694
AOI-0034,2025-07-30,2,0,0,True,0,1.000000000,1.000000000,1.000000000,0.992277992,0.050601985
AOI-0034,2025-09-01,2,1,0,True,0,1.000000000,1.000000000,1.000000000,0.744855967,0.588982150
AOI-0034,2025-09-08,2,0,0,True,0,1.000000000,1.000000000,1.000000000,0.929648241,0.272650708
AOI-0034,2025-09-25,2,0,0,True,0,2.000000000,1.000000000,1.000000000,0.846153846,0.468910505
AOI-0034,2025-10-04,2,1,1,True,0,2.000000000,1.000000000,1.000000000,0.762711864,0.608992466
AOI-0035,2025-04-07,2,2,2,True,0,1.000000000,1.000000000,1.000000000,0.939393939,0.244226943
AOI-0035,2025-04-16,2,0,0,True,0,2.000000000,1.000000000,1.000000000,0.754838710,0.586790839
AOI-0035,2025-04-25,2,0,0,True,0,1.000000000,1.000000000,1.000000000,0.627118644,0.729419919
AOI-0035,2025-06-17,2,0,0,True,0,2.000000000,1.000000000,1.000000000,0.960784314,0.192625738
AOI-0035,2025-06-21,2,1,1,True,0,1.000000000,1.000000000,1.000000000,0.772151899,0.585549972
AOI-0035,2025-07-02,2,0,0,True,0,1.000000000,1.000000000,1.000000000,0.935483871,0.283936267
AOI-0035,2025-08-14,2,0,0,True,0,1.000000000,1.000000000,1.000000000,0.717791411,0.624583560
AOI-0035,2025-09-01,2,1,0,True,0,1.000000000,1.000000000,1.000000000,0.744855967,0.588982150
AOI-0035,2025-09-05,2,0,0,True,0,1.000000000,1.000000000,1.000000000,0.973333333,0.141440924
AOI-0035,2025-09-08,2,0,0,True,0,1.000000000,1.000000000,1.000000000,0.929648241,0.272650708
AOI-0035,2025-09-14,2,2,2,True,0,2.000000000,1.000000000,1.000000000,0.771689498,0.559610189
AOI-0036,2025-04-23,2,0,2,True,0,1.000000000,1.000000000,1.000000000,0.714285714,0.796311640
AOI-0036,2025-05-15,2,0,0,True,0,1.000000000,1.000000000,1.000000000,0.948717949,0.237819011
AOI-0036,2025-06-06,2,1,1,True,0,1.000000000,1.000000000,1.000000000,0.674418605,0.714783355
AOI-0036,2025-06-10,2,0,0,True,2,1.000000000,1.000000000,4.000000000,0.516587678,0.719232108
AOI-0036,2025-06-22,2,0,0,True,0,1.000000000,1.000000000,1.000000000,0.818181818,0.600166073
AOI-0036,2025-07-12,2,0,2,True,0,1.000000000,1.000000000,1.000000000,0.600000000,0.939354209
AOI-0036,2025-07-15,2,0,0,True,0,1.000000000,1.000000000,1.000000000,0.947826087,0.228374661
AOI-0036,2025-09-02,2,1,1,True,0,1.000000000,1.000000000,1.000000000,0.942857143,0.258640932
AOI-0036,2025-09-17,2,1,1,True,0,1.000000000,1.000000000,1.000000000,0.970149254,0.154913925
AOI-0036,2025-09-25,2,0,0,True,0,1.000000000,1.000000000,1.000000000,0.846153846,0.468910505
AOI-0036,2025-10-08,2,0,0,True,0,1.000000000,1.000000000,1.000000000,0.988023952,0.073197386
AOI-0036,2025-10-16,2,2,0,True,0,1.000000000,1.000000000,1.000000000,0.558441558,0.710629951
AOI-0037,2025-05-04,2,1,0,True,0,1.000000000,1.000000000,1.000000000,0.681159420,0.651026440
AOI-0037,2025-05-09,2,2,2,True,0,1.000000000,1.000000000,1.000000000,0.847533632,0.447194483
AOI-0037,2025-05-25,2,2,2,True,0,1.000000000,1.000000000,1.000000000,0.819905213,0.493453353
AOI-0037,2025-06-10,2,0,0,True,1,1.000000000,1.000000000,2.000000000,0.516587678,0.719232108
AOI-0037,2025-07-15,2,1,0,True,1,1.000000000,1.000000000,2.000000000,0.947826087,0.228374661
AOI-0037,2025-07-31,2,1,1,True,2,1.000000000,1.000000000,4.000000000,0.627118644,0.729419919
AOI-0037,2025-08-13,2,2,2,True,0,1.000000000,1.000000000,1.000000000,0.765182186,0.565485065
AOI-0037,2025-08-14,2,0,0,True,1,1.000000000,1.000000000,2.000000000,0.717791411,0.624583560
AOI-0037,2025-08-25,2,1,1,True,0,1.000000000,1.000000000,1.000000000,0.957446809,0.205470750
AOI-0037,2025-09-28,2,0,0,True,0,1.000000000,1.000000000,1.000000000,0.974683544,0.135612188
AOI-0038,2025-04-19,2,1,0,True,0,2.000000000,1.000000000,1.000000000,0.816425121,0.499110844
AOI-0038,2025-06-04,2,0,1,True,0,2.000000000,1.000000000,1.000000000,0.730994152,0.610441164
AOI-0038,2025-06-10,2,0,0,True,0,1.000000000,1.000000000,1.000000000,0.516587678,0.719232108
AOI-0038,2025-07-31,2,1,1,True,2,1.000000000,1.000000000,3.000000000,0.627118644,0.729419919
AOI-0038,2025-08-16,2,0,0,True,2,2.000000000,1.000000000,3.000000000,0.985611511,0.085284100
AOI-0038,2025-08-17,2,1,0,True,0,2.000000000,1.000000000,1.000000000,0.796407186,0.532357983
AOI-0038,2025-08-31,2,0,1,True,0,2.000000000,1.000000000,1.000000000,0.739130435,0.612089208
AOI-0038,2025-09-03,2,0,0,True,0,1.000000000,1.000000000,1.000000000,0.970149254,0.154913925
AOI-0038,2025-09-08,2,0,0,True,0,1.000000000,1.000000000,1.000000000,0.929648241,0.272650708
AOI-0038,2025-09-23,2,0,0,True,0,1.000000000,1.000000000,1.000000000,0.662100457,0.663820899
AOI-0038,2025-10-03,2,0,0,True,0,1.000000000,1.000000000,1.000000000,0.885057471,0.394091582
AOI-0039,2025-05-16,2,0,0,True,0,2.000000000,1.000000000,1.000000000,0.984251969,0.091909786
AOI-0039,2025-05-20,2,1,1,True,0,2.000000000,1.000000000,1.000000000,0.968253968,0.162764794
AOI-0039,2025-05-23,2,0,0,True,0,2.000000000,1.000000000,1.000000000,0.953488372,0.220352331
AOI-0039,2025-06-27,2,0,0,True,0,2.000000000,1.000000000,1.000000000,0.708542714,0.628837152
AOI-0039,2025-06-29,2,1,1,True,0,2.000000000,1.000000000,1.000000000,0.925925926,0.315396287
AOI-0039,2025-07-05,2,0,0,True,0,2.000000000,1.000000000,1.000000000,0.765363128,0.571219093
AOI-0039,2025-07-12,2,0,2,True,0,2.000000000,1.000000000,1.000000000,0.600000000,0.939354209
AOI-0039,2025-07-25,2,0,0,True,0,2.000000000,1.000000000,1.000000000,0.987421384,0.076258973
AOI-0039,2025-08-16,2,0,0,True,1,1.000000000,1.000000000,2.000000000,0.985611511,0.085284100
AOI-0039,2025-09-13,2,0,0,True,0,1.000000000,1.000000000,1.000000000,0.983193277,0.096986095
AOI-0039,2025-10-03,2,0,0,True,1,1.000000000,1.000000000,2.000000000,0.885057471,0.394091582
AOI-0040,2025-05-04,2,1,0,True,0,1.000000000,1.000000000,1.000000000,0.681159420,0.651026440
AOI-0040,2025-06-05,2,0,0,True,0,1.000000000,1.000000000,1.000000000,0.984251969,0.091909786
AOI-0040,2025-06-10,2,0,0,True,0,2.000000000,1.000000000,1.000000000,0.516587678,0.719232108
AOI-0040,2025-07-23,2,1,0,True,0,1.000000000,1.000000000,1.000000000,0.780645161,0.555196694
AOI-0040,2025-07-24,2,1,1,True,0,1.000000000,1.000000000,1.000000000,0.935483871,0.283936267
AOI-0040,2025-08-04,2,0,0,True,0,1.000000000,1.000000000,1.000000000,0.948717949,0.237819011
AOI-0040,2025-08-16,2,0,0,True,0,1.000000000,1.000000000,1.000000000,0.985611511,0.085284100
AOI-0040,2025-08-23,2,0,1,True,0,2.000000000,1.000000000,1.000000000,0.766871166,0.571399404
AOI-0040,2025-08-24,2,0,0,True,0,1.000000000,1.000000000,1.000000000,0.981981982,0.102711110
AOI-0040,2025-09-23,2,0,0,True,0,2.000000000,1.000000000,1.000000000,0.662100457,0.663820899
AOI-0040,2025-10-03,2,0,0,True,1,1.000000000,1.000000000,2.000000000,0.885057471,0.394091582
AOI-0041,2025-05-01,2,0,0,True,0,2.000000000,1.000000000,1.000000000,0.874476987,0.396131176
AOI-0041,2025-05-08,2,0,0,True,0,2.000000000,1.000000000,1.000000000,0.968253968,0.162764794
AOI-0041,2025-06-05,2,0,0,True,0,1.000000000,1.000000000,1.000000000,0.984251969,0.091909786
AOI-0041,2025-06-07,2,0,0,True,0,1.000000000,1.000000000,1.000000000,0.987096774,0.077896072
AOI-0041,2025-06-14,2,1,1,True,0,2.000000000,1.000000000,1.000000000,0.894736842,0.409458619
AOI-0041,2025-06-29,2,1,1,True,0,2.000000000,1.000000000,1.000000000,0.925925926,0.315396287
AOI-0041,2025-07-02,2,0,0,True,0,2.000000000,1.000000000,1.000000000,0.935483871,0.283936267
AOI-0041,2025-07-16,2,1,1,True,0,1.000000000,1.000000000,1.000000000,0.600000000,0.746974627
AOI-0041,2025-08-01,2,0,0,False,-1,0.000000000,0.000000000,1.000000000,0.641025641,0.745196588
AOI-0041,2025-09-08,2,0,0,True,0,2.000000000,1.000000000,1.000000000,0.929648241,0.272650708
AOI-0041,2025-10-03,2,0,0,True,0,1.000000000,1.000000000,1.000000000,0.885057471,0.394091582
AOI-0041,2025-10-23,2,0,0,True,0,2.000000000,1.000000000,1.000000000,0.957446809,0.205470750
AOI-0042,2025-04-23,2,2,2,True,0,1.000000000,1.000000000,1.000000000,0.714285714,0.796311640
AOI-0042,2025-05-09,2,2,2,True,0,2.000000000,1.000000000,1.000000000,0.847533632,0.447194483
AOI-0042,2025-05-15,2,0,0,True,0,1.000000000,1.000000000,1.000000000,0.948717949,0.237819011
AOI-0042,2025-05-26,2,0,0,True,0,1.000000000,1.000000000,1.000000000,0.677419355,0.733664869
AOI-0042,2025-07-05,2,0,0,True,0,2.000000000,1.000000000,1.000000000,0.765363128,0.571219093
AOI-0042,2025-07-12,2,2,2,True,5,13.000000000,0.692307692,1.000000000,0.600000000,0.939354209
AOI-0042,2025-08-23,2,1,1,True,5,14.000000000,0.714285714,1.000000000,0.766871166,0.571399404
AOI-0042,2025-08-31,2,0,1,True,0,1.000000000,1.000000000,1.000000000,0.739130435,0.612089208
AOI-0042,2025-09-09,2,1,1,True,0,1.000000000,1.000000000,1.000000000,0.913043478,0.355712860
AOI-0042,2025-09-13,2,0,0,True,0,2.000000000,1.000000000,1.000000000,0.983193277,0.096986095
AOI-0042,2025-10-05,2,0,0,True,0,1.000000000,1.000000000,1.000000000,0.970149254,0.154913925
AOI-0043,2025-05-01,2,0,0,True,0,2.000000000,1.000000000,1.000000000,0.874476987,0.396131176
AOI-0043,2025-05-06,2,0,0,True,0,2.000000000,1.000000000,1.000000000,0.987730061,0.074694356
AOI-0043,2025-06-26,2,2,2,True,0,2.000000000,1.000000000,1.000000000,0.991341991,0.055740919
AOI-0043,2025-06-28,2,1,0,True,1,1.000000000,1.000000000,2.000000000,0.493975904,0.750010373
AOI-0043,2025-07-03,2,0,0,True,2,1.000000000,1.000000000,4.000000000,0.957446809,0.205470750
AOI-0043,2025-07-08,2,1,0,True,0,1.000000000,1.000000000,1.000000000,0.811659193,0.504999496
AOI-0043,2025-07-15,2,0,0,True,0,2.000000000,1.000000000,1.000000000,0.947826087,0.228374661
AOI-0043,2025-08-02,2,0,0,False,-1,0.000000000,0.000000000,inf,0.986394558,0.081409508
AOI-0043,2025-08-22,2,0,0,True,2,1.000000000,1.000000000,4.000000000,0.987730061,0.074694356
AOI-0043,2025-08-24,2,0,0,True,0,1.000000000,1.000000000,1.000000000,0.981981982,0.102711110
AOI-0043,2025-09-06,2,0,0,False,-1,0.000000000,0.000000000,inf,0.609195402,0.720963050
AOI-0043,2025-09-15,2,0,0,True,0,1.000000000,1.000000000,1.000000000,0.634042553,0.679954210
AOI-0044,2010-05-25,2,2,2,True,5,2.000000000,1.000000000,23.000000000,0.990697674,0.059218348
AOI-0044,2010-06-19,2,1,1,True,5,2.000000000,1.000000000,23.000000000,0.978021978,0.120874486
AOI-0044,2010-07-05,2,1,1,True,5,1.000000000,1.000000000,23.000000000,0.970149254,0.154913925
AOI-0044,2010-10-26,2,1,1,True,1,1.000000000,1.000000000,2.000000000,0.968253968,0.162764794
AOI-0044,2011-05-09,2,2,2,True,1,1.000000000,1.000000000,2.000000000,0.990867580,0.058305859
AOI-0044,2011-06-15,2,1,1,True,5,1.000000000,1.000000000,23.000000000,0.942857143,0.258640932
AOI-0044,2011-06-23,2,1,1,True,1,1.000000000,1.000000000,2.000000000,0.942857143,0.258640932
AOI-0044,2011-07-01,2,1,1,True,1,1.000000000,1.000000000,2.000000000,0.971830986,0.147843978
AOI-0044,2011-09-10,2,1,1,True,1,1.000000000,1.000000000,2.000000000,0.974683544,0.135612188
AOI-0044,2011-09-30,2,2,2,True,1,1.000000000,1.000000000,2.000000000,0.990697674,0.059218348
AOI-0044,2012-04-22,2,1,2,True,5,1.000000000,1.000000000,24.000000000,0.832512315,0.474104342
AOI-0044,2012-09-13,2,1,2,True,5,2.000000000,1.000000000,23.000000000,0.711627907,0.624497062
AOI-0044,2012-09-29,2,1,2,True,1,1.000000000,1.000000000,2.000000000,0.706161137,0.629814033
AOI-0044,2013-04-07,2,2,2,True,1,1.000000000,1.000000000,2.000000000,0.936073059,0.254088226
AOI-0044,2013-05-25,2,2,2,True,1,1.000000000,1.000000000,2.000000000,0.841860465,0.457555646
AOI-0044,2013-07-13,2,1,1,True,1,1.000000000,1.000000000,2.000000000,0.980582524,0.109222462
AOI-0044,2013-07-21,2,1,1,True,5,1.000000000,1.000000000,24.000000000,0.977011494,0.125386776
AOI-0044,2013-08-06,2,1,1,True,1,1.000000000,1.000000000,2.000000000,0.982608696,0.099759750
AOI-0044,2014-05-09,2,2,2,True,5,2.000000000,1.000000000,23.000000000,0.990338164,0.061138862
AOI-0044,2014-08-13,2,2,2,True,1,1.000000000,1.000000000,2.000000000,0.990147783,0.062150380
AOI-0044,2014-08-17,2,1,1,True,1,1.000000000,1.000000000,2.000000000,0.980582524,0.109222462
AOI-0044,2014-08-26,2,1,1,True,1,1.000000000,1.000000000,2.000000000,0.968253968,0.162764794
AOI-0044,2014-09-02,2,1,1,True,1,1.000000000,1.000000000,2.000000000,0.981308411,0.105858397
AOI-0044,2014-10-13,2,1,1,False,-1,0.000000000,0.000000000,inf,0.894736842,0.409458619
AOI-0044,2015-04-07,2,2,2,True,1,1.000000000,1.000000000,2.000000000,0.990521327,0.060162121
AOI-0044,2015-04-14,2,1,1,True,1,1.000000000,1.000000000,2.000000000,0.980582524,0.109222462
AOI-0044,2015-04-15,2,1,1,False,-1,0.000000000,0.000000000,inf,0.925925926,0.315396287
AOI-0044,2015-08-13,2,1,2,True,5,2.000000000,1.000000000,23.000000000,0.716894977,0.619236583
AOI-0044,2015-08-20,2,1,1,True,1,1.000000000,1.000000000,2.000000000,0.977011494,0.125386776
AOI-0044,2016-04-17,2,1,1,True,5,2.000000000,1.000000000,23.000000000,0.963636364,0.181415523
AOI-0044,2016-06-19,2,1,1,True,1,1.000000000,1.000000000,2.000000000,0.974683544,0.135612188
AOI-0044,2016-07-05,2,1,1,True,5,1.000000000,1.000000000,23.000000000,0.978021978,0.120874486
AOI-0044,2016-07-11,2,2,2,True,1,1.000000000,1.000000000,2.000000000,0.917808219,0.301725093
AOI-0044,2016-08-30,2,1,1,True,1,1.000000000,1.000000000,2.000000000,0.981981982,0.102711110
AOI-0044,2016-10-17,2,1,1,False,-1,0.000000000,0.000000000,inf,0.980582524,0.109222462
AOI-0044,2017-04-07,2,2,2,True,1,1.000000000,1.000000000,2.000000000,0.990521327,0.060162121
AOI-0044,2017-05-05,2,1,1,True,1,1.000000000,1.000000000,2.000000000,0.740458015,0.607016297
AOI-0044,2017-05-30,2,1,1,True,1,1.000000000,1.000000000,2.000000000,0.968253968,0.162764794
AOI-0044,2017-06-06,2,1,1,True,1,1.000000000,1.000000000,2.000000000,0.981308411,0.105858397
AOI-0044,2017-06-10,2,2,2,True,5,1.000000000,1.000000000,23.000000000,0.990697674,0.059218348
AOI-0044,2017-07-27,2,0,0,True,1,1.000000000,1.000000000,2.000000000,0.985611511,0.085284100
AOI-0044,2017-08-29,2,2,0,True,5,1.000000000,1.000000000,24.000000000,0.526570048,0.718690368
AOI-0044,2017-09-26,2,1,1,True,1,1.000000000,1.000000000,2.000000000,0.981981982,0.102711110
AOI-0044,2018-04-28,2,0,0,True,1,1.000000000,1.000000000,2.000000000,0.514563107,0.740314755
AOI-0044,2018-04-30,2,1,1,True,1,1.000000000,1.000000000,2.000000000,0.982608696,0.099759750
AOI-0044,2018-05-09,2,2,2,True,5,1.000000000,1.000000000,23.000000000,0.990697674,0.059218348
AOI-0044,2018-06-25,2,1,1,False,-1,0.000000000,0.000000000,inf,0.971830986,0.147843978
AOI-0044,2018-07-28,2,2,2,True,1,1.000000000,1.000000000,2.000000000,0.914691943,0.309849445
AOI-0044,2018-08-20,2,1,1,True,5,1.000000000,1.000000000,24.000000000,0.983193277,0.096986095
AOI-0044,2018-09-22,2,1,1,True,1,1.000000000,1.000000000,2.000000000,0.970149254,0.154913925
AOI-0044,2019-04-10,2,1,1,True,5,2.000000000,1.000000000,23.000000000,0.559322034,0.757933289
AOI-0044,2019-05-03,2,1,1,False,-1,0.000000000,0.000000000,inf,0.818181818,0.600166073
AOI-0044,2019-05-04,2,1,1,True,1,1.000000000,1.000000000,2.000000000,0.783132530,0.569445434
AOI-0044,2019-05-27,2,1,1,True,5,2.000000000,1.000000000,23.000000000,0.975903614,0.130281794
AOI-0044,2019-06-13,2,1,1,True,1,1.000000000,1.000000000,2.000000000,0.731343284,0.639560956
AOI-0044,2019-07-02,2,0,0,False,-1,0.000000000,0.000000000,inf,0.983739837,0.094374144
AOI-0044,2019-07-17,2,0,0,True,1,1.000000000,1.000000000,2.000000000,0.985185185,0.087375267
AOI-0044,2019-07-22,2,0,0,True,1,1.000000000,1.000000000,2.000000000,0.913043478,0.323707277
AOI-0044,2019-09-01,2,1,1,False,-1,0.000000000,0.000000000,inf,0.706666667,0.659348879
AOI-0044,2019-10-26,2,1,1,True,1,1.000000000,1.000000000,2.000000000,0.870503597,0.413212905
AOI-0044,2020-05-27,2,0,0,True,1,1.000000000,1.000000000,2.000000000,0.780645161,0.555196694
AOI-0044,2020-06-25,2,2,2,True,1,1.000000000,1.000000000,2.000000000,0.990697674,0.059218348
AOI-0044,2020-07-26,2,0,0,True,1,1.000000000,1.000000000,2.000000000,0.981981982,0.102711110
AOI-0044,2020-08-02,2,0,0,False,-1,0.000000000,0.000000000,inf,0.600000000,0.746974627
AOI-0044,2020-08-05,2,0,0,True,5,1.000000000,1.000000000,23.000000000,0.983193277,0.096986095
AOI-0044,2020-09-24,2,0,0,True,1,1.000000000,1.000000000,2.000000000,0.748633880,0.590157197
AOI-0044,2020-10-09,2,0,0,True,1,1.000000000,1.000000000,2.000000000,0.986013986,0.083298165
AOI-0044,2020-10-20,2,1,1,True,5,1.000000000,1.000000000,23.000000000,0.825242718,0.500845652
AOI-0044,2020-10-24,2,0,0,True,1,1.000000000,1.000000000,2.000000000,0.966101695,0.171538761
AOI-0044,2021-04-06,2,1,1,True,1,1.000000000,1.000000000,2.000000000,0.982608696,0.099759750
AOI-0044,2021-04-15,2,1,0,True,1,1.000000000,1.000000000,2.000000000,0.847953216,0.451030292
AOI-0044,2021-06-26,2,0,0,True,5,2.000000000,1.000000000,23.000000000,0.570776256,0.708382369
AOI-0044,2021-08-20,2,0,0,True,5,1.000000000,1.000000000,24.000000000,0.980582524,0.109222462
AOI-0044,2021-09-14,2,0,0,True,5,2.000000000,1.000000000,23.000000000,0.615763547,0.692456055
AOI-0044,2021-10-08,2,1,1,True,1,1.000000000,1.000000000,2.000000000,0.971830986,0.147843978
AOI-0044,2022-04-12,2,0,0,True,1,1.000000000,1.000000000,2.000000000,0.970149254,0.154913925
AOI-0044,2022-04-25,2,1,0,True,5,2.000000000,1.000000000,23.000000000,0.820359281,0.497101801
AOI-0044,2022-05-03,2,1,0,True,5,2.000000000,1.000000000,23.000000000,0.488372093,0.787480525
AOI-0044,2022-05-07,2,0,0,True,1,1.000000000,1.000000000,2.000000000,0.966101695,0.171538761
AOI-0044,2022-06-04,2,1,0,True,1,1.000000000,1.000000000,2.000000000,0.684210526,0.669805822
AOI-0044,2022-07-12,2,1,1,True,1,1.000000000,1.000000000,2.000000000,0.556650246,0.901565636
AOI-0044,2022-07-28,2,2,2,True,1,1.000000000,1.000000000,2.000000000,0.584541063,0.955419871
AOI-0044,2022-07-30,2,1,1,True,5,1.000000000,1.000000000,23.000000000,0.979797980,0.112827275
AOI-0044,2022-10-17,2,1,0,True,1,1.000000000,1.000000000,2.000000000,0.693251534,0.646547636
AOI-0044,2023-04-03,2,1,1,True,5,1.000000000,1.000000000,23.000000000,0.818181818,0.533245308
AOI-0044,2023-05-06,2,1,1,True,5,2.000000000,1.000000000,23.000000000,0.980582524,0.109222462
AOI-0044,2023-06-10,2,2,2,True,1,1.000000000,1.000000000,2.000000000,0.990521327,0.060162121
AOI-0044,2023-06-16,2,0,0,True,1,1.000000000,1.000000000,2.000000000,0.983193277,0.096986095
AOI-0044,2023-07-12,2,2,2,True,1,1.000000000,1.000000000,2.000000000,0.990697674,0.059218348
AOI-0044,2023-07-26,2,0,0,True,1,1.000000000,1.000000000,2.000000000,0.955555556,0.201845225
AOI-0044,2023-07-28,2,2,2,True,1,1.000000000,1.000000000,2.000000000,0.990867580,0.058305859
AOI-0044,2023-08-23,2,1,0,True,1,1.000000000,1.000000000,2.000000000,0.827814570,0.487404918
AOI-0044,2023-09-19,2,0,0,True,1,1.000000000,1.000000000,2.000000000,0.880794702,0.390915195
AOI-0044,2023-09-27,2,1,0,True,1,1.000000000,1.000000000,2.000000000,0.836065574,0.470095000
AOI-0044,2024-04-07,2,1,1,True,1,1.000000000,1.000000000,2.000000000,0.734939759,0.627295103
AOI-0044,2024-05-24,2,1,0,True,1,1.000000000,1.000000000,2.000000000,0.714285714,0.793585103
AOI-0044,2024-06-17,2,1,1,True,1,1.000000000,1.000000000,2.000000000,0.768707483,0.571523927
AOI-0044,2024-06-18,2,1,0,True,1,1.000000000,1.000000000,2.000000000,0.710691824,0.631831023
AOI-0044,2024-06-25,2,2,2,True,1,1.000000000,1.000000000,2.000000000,0.497716895,0.875609512
AOI-0044,2024-07-25,2,0,0,True,5,2.000000000,1.000000000,23.000000000,0.684210526,0.652775710
AOI-0044,2024-09-13,2,0,0,True,5,1.000000000,1.000000000,24.000000000,0.642512077,0.677549840
AOI-0044,2024-09-29,2,1,1,False,-1,0.000000000,0.000000000,inf,0.465968586,0.931442954
AOI-0044,2024-10-08,2,0,0,True,1,1.000000000,1.000000000,2.000000000,0.977011494,0.125386776
AOI-0044,2025-04-25,2,1,0,True,0,2.000000000,1.000000000,1.000000000,0.627118644,0.729419919
AOI-0044,2025-05-28,2,1,0,True,0,1.000000000,1.000000000,1.000000000,0.878260870,0.401701573
AOI-0044,2025-06-17,2,0,0,True,1,1.000000000,1.000000000,2.000000000,0.960784314,0.192625738
AOI-0044,2025-06-25,2,0,0,True,2,1.000000000,1.000000000,4.000000000,0.942857143,0.258640932
AOI-0044,2025-06-28,2,1,0,True,0,1.000000000,1.000000000,1.000000000,0.493975904,0.750010373
AOI-0044,2025-07-23,2,0,0,True,0,1.000000000,1.000000000,1.000000000,0.780645161,0.555196694
AOI-0044,2025-07-25,2,0,0,True,0,2.000000000,1.000000000,1.000000000,0.987421384,0.076258973
AOI-0044,2025-07-30,2,0,0,True,0,2.000000000,1.000000000,1.000000000,0.992277992,0.050601985
AOI-0044,2025-08-19,2,0,0,True,0,1.000000000,1.000000000,1.000000000,0.991341991,0.055740919
AOI-0044,2025-09-03,2,0,0,True,0,2.000000000,1.000000000,1.000000000,0.970149254,0.154913925
AOI-0044,2025-09-30,2,2,2,True,0,1.000000000,1.000000000,1.000000000,0.893004115,0.357630903
AOI-0045,2025-06-26,2,2,2,True,0,2.000000000,1.000000000,1.000000000,0.991341991,0.055740919
AOI-0045,2025-07-14,2,1,1,True,0,2.000000000,1.000000000,1.000000000,0.706293706,0.638483603
AOI-0045,2025-07-22,2,1,1,True,0,1.000000000,1.000000000,1.000000000,0.670329670,0.682124509
AOI-0045,2025-08-07,2,1,0,True,0,1.000000000,1.000000000,1.000000000,0.851428571,0.444443716
AOI-0045,2025-08-19,2,0,0,True,0,1.000000000,1.000000000,1.000000000,0.991341991,0.055740919
AOI-0045,2025-09-08,2,0,0,True,0,2.000000000,1.000000000,1.000000000,0.929648241,0.272650708
AOI-0045,2025-09-17,2,1,1,True,0,2.000000000,1.000000000,1.000000000,0.970149254,0.154913925
AOI-0045,2025-09-25,2,1,0,True,0,2.000000000,1.000000000,1.000000000,0.846153846,0.468910505
AOI-0045,2025-10-03,2,0,0,True,0,1.000000000,1.000000000,1.000000000,0.885057471,0.394091582
AOI-0045,2025-10-16,2,2,0,True,0,1.000000000,1.000000000,1.000000000,0.558441558,0.710629951
AOI-0046,2010-04-16,2,1,1,False,-1,0.000000000,0.000000000,inf,0.966101695,0.171538761
AOI-0046,2010-05-25,2,2,2,True,5,2.000000000,1.000000000,21.000000000,0.990697674,0.059218348
AOI-0046,2010-06-04,2,1,1,True,1,1.000000000,1.000000000,2.000000000,0.963636364,0.181415523
AOI-0046,2010-06-19,2,1,1,True,5,2.000000000,1.000000000,21.000000000,0.978021978,0.120874486
AOI-0046,2010-07-05,2,1,1,True,5,1.000000000,1.000000000,21.000000000,0.970149254,0.154913925
AOI-0046,2011-04-07,2,2,2,True,1,1.000000000,1.000000000,2.000000000,0.990697674,0.059218348
AOI-0046,2011-08-10,2,1,1,True,1,1.000000000,1.000000000,2.000000000,0.970149254,0.154913925
AOI-0046,2011-08-13,2,2,2,True,1,1.000000000,1.000000000,2.000000000,0.990867580,0.058305859
AOI-0046,2011-09-11,2,1,1,True,1,1.000000000,1.000000000,2.000000000,0.953488372,0.220352331
AOI-0046,2011-09-18,2,1,1,True,1,1.000000000,1.000000000,2.000000000,0.982608696,0.099759750
AOI-0046,2011-09-27,2,1,1,True,1,1.000000000,1.000000000,2.000000000,0.963636364,0.181415523
AOI-0046,2012-09-13,2,1,2,True,5,2.000000000,1.000000000,21.000000000,0.711627907,0.624497062
AOI-0046,2012-10-06,2,1,1,True,1,1.000000000,1.000000000,2.000000000,0.975903614,0.130281794
AOI-0046,2012-10-15,2,2,2,True,1,1.000000000,1.000000000,2.000000000,0.739130435,0.598020854
AOI-0046,2013-07-12,2,2,2,True,1,1.000000000,1.000000000,2.000000000,0.556650246,0.713780066
AOI-0046,2013-08-22,2,1,1,True,1,1.000000000,1.000000000,2.000000000,0.978021978,0.120874486
AOI-0046,2013-08-29,2,2,2,True,1,1.000000000,1.000000000,2.000000000,0.990147783,0.062150380
AOI-0046,2013-09-30,2,2,2,True,1,1.000000000,1.000000000,2.000000000,0.777777778,0.552980074
AOI-0046,2013-10-16,2,2,2,True,1,1.000000000,1.000000000,2.000000000,0.608040201,0.696502445
AOI-0046,2014-04-23,2,2,2,True,1,1.000000000,1.000000000,2.000000000,0.990867580,0.058305859
AOI-0046,2014-05-09,2,2,2,True,5,2.000000000,1.000000000,21.000000000,0.990338164,0.061138862
AOI-0046,2014-06-07,2,1,1,True,1,1.000000000,1.000000000,2.000000000,0.968253968,0.162764794
AOI-0046,2014-07-24,2,1,1,True,1,1.000000000,1.000000000,2.000000000,0.981308411,0.105858397
AOI-0046,2014-10-13,2,1,1,False,-1,0.000000000,0.000000000,inf,0.894736842,0.409458619
AOI-0046,2014-10-16,2,2,2,True,1,1.000000000,1.000000000,2.000000000,0.990147783,0.062150380
AOI-0046,2015-06-10,2,1,2,True,1,1.000000000,1.000000000,2.000000000,0.739130435,0.598020854
AOI-0046,2015-08-13,2,1,2,True,5,2.000000000,1.000000000,21.000000000,0.716894977,0.619236583
AOI-0046,2015-09-05,2,1,1,True,1,1.000000000,1.000000000,2.000000000,0.978947368,0.116700546
AOI-0046,2015-09-30,2,1,2,True,1,1.000000000,1.000000000,2.000000000,0.714285714,0.623155167
AOI-0046,2015-10-07,2,1,1,True,1,1.000000000,1.000000000,2.000000000,0.974683544,0.135612188
AOI-0046,2016-04-17,2,1,1,True,5,2.000000000,1.000000000,21.000000000,0.963636364,0.181415523
AOI-0046,2016-06-28,2,1,1,True,5,1.000000000,1.000000000,22.000000000,0.957446809,0.205470750
AOI-0046,2016-07-05,2,1,1,True,5,1.000000000,1.000000000,21.000000000,0.978021978,0.120874486
AOI-0046,2016-07-14,2,1,1,True,1,1.000000000,1.000000000,2.000000000,0.966101695,0.171538761
AOI-0046,2016-07-27,2,2,2,True,5,1.000000000,1.000000000,22.000000000,0.759162304,0.577267121
AOI-0046,2016-10-26,2,1,1,True,5,1.000000000,1.000000000,21.000000000,0.968253968,0.162764794
AOI-0046,2017-04-08,2,0,0,True,1,1.000000000,1.000000000,2.000000000,0.942857143,0.258640932
AOI-0046,2017-04-27,2,1,1,True,1,1.000000000,1.000000000,2.000000000,0.981981982,0.102711110
AOI-0046,2017-06-10,2,2,2,True,5,1.000000000,1.000000000,21.000000000,0.990697674,0.059218348
AOI-0046,2017-06-30,2,1,0,True,5,2.000000000,1.000000000,21.000000000,0.788617886,0.550242400
AOI-0046,2017-08-01,2,0,0,True,1,1.000000000,1.000000000,2.000000000,0.909909910,0.332032964
AOI-0046,2017-08-29,2,2,0,True,5,1.000000000,1.000000000,22.000000000,0.526570048,0.718690368
AOI-0046,2017-09-20,2,0,0,True,1,1.000000000,1.000000000,2.000000000,0.984732824,0.089580528
AOI-0046,2017-10-05,2,1,0,True,1,1.000000000,1.000000000,2.000000000,0.532710280,0.736818396
AOI-0046,2018-04-06,2,1,1,True,5,1.000000000,1.000000000,22.000000000,0.980582524,0.109222462
AOI-0046,2018-05-16,2,1,1,True,1,1.000000000,1.000000000,2.000000000,0.981308411,0.105858397
AOI-0046,2018-06-07,2,0,1,True,1,1.000000000,1.000000000,2.000000000,0.590361446,0.731082245
AOI-0046,2018-08-13,2,2,2,True,1,1.000000000,1.000000000,2.000000000,0.990867580,0.058305859
AOI-0046,2018-08-28,2,1,1,True,1,1.000000000,1.000000000,2.000000000,0.979797980,0.112827275
AOI-0046,2018-10-07,2,1,1,True,1,1.000000000,1.000000000,2.000000000,0.818181818,0.503779973
AOI-0046,2019-04-09,2,1,1,True,1,1.000000000,1.000000000,2.000000000,0.963636364,0.181415523
AOI-0046,2019-04-10,2,1,1,True,5,2.000000000,1.000000000,21.000000000,0.559322034,0.757933289
AOI-0046,2019-05-27,2,1,1,True,5,2.000000000,1.000000000,21.000000000,0.975903614,0.130281794
AOI-0046,2019-06-05,2,1,0,True,1,1.000000000,1.000000000,2.000000000,0.726775956,0.613225887
AOI-0046,2019-07-02,2,0,0,False,-1,0.000000000,0.000000000,inf,0.983739837,0.094374144
AOI-0046,2019-07-12,2,2,2,True,1,1.000000000,1.000000000,2.000000000,0.819905213,0.493453353
AOI-0046,2019-08-13,2,2,2,True,5,2.000000000,1.000000000,21.000000000,0.611374408,0.930058397
AOI-0046,2019-08-24,2,1,0,True,1,1.000000000,1.000000000,2.000000000,0.754838710,0.586790839
AOI-0046,2019-10-11,2,1,1,True,1,1.000000000,1.000000000,2.000000000,0.963636364,0.181415523
AOI-0046,2019-10-16,2,2,2,True,1,1.000000000,1.000000000,2.000000000,0.777777778,0.662017373
AOI-0046,2020-04-02,2,0,0,True,1,1.000000000,1.000000000,2.000000000,0.675977654,0.658086486
AOI-0046,2020-04-03,2,1,1,True,1,1.000000000,1.000000000,2.000000000,0.815126050,0.512888736
AOI-0046,2020-05-12,2,0,0,True,1,1.000000000,1.000000000,2.000000000,0.643835616,0.675609803
AOI-0046,2020-05-30,2,1,0,True,1,1.000000000,1.000000000,2.000000000,0.726775956,0.613225887
AOI-0046,2020-08-05,2,0,0,True,5,1.000000000,1.000000000,21.000000000,0.983193277,0.096986095
AOI-0046,2020-08-26,2,1,1,True,1,1.000000000,1.000000000,2.000000000,0.772151899,0.585549972
AOI-0046,2020-09-11,2,1,0,True,1,1.000000000,1.000000000,2.000000000,0.492537313,0.760371738
AOI-0046,2020-10-05,2,1,1,True,1,1.000000000,1.000000000,2.000000000,0.734939759,0.627295103
AOI-0046,2020-10-20,2,1,1,True,5,1.000000000,1.000000000,21.000000000,0.825242718,0.500845652
AOI-0046,2021-04-07,2,2,2,True,1,1.000000000,1.000000000,2.000000000,0.989528796,0.065413816
AOI-0046,2021-06-26,2,0,0,True,5,2.000000000,1.000000000,21.000000000,0.570776256,0.708382369
AOI-0046,2021-07-01,2,0,0,True,1,1.000000000,1.000000000,2.000000000,0.711229947,0.627675967
AOI-0046,2021-07-21,2,0,0,True,5,2.000000000,1.000000000,21.000000000,0.985185185,0.087375267
AOI-0046,2021-08-30,2,0,0,True,1,1.000000000,1.000000000,2.000000000,0.984251969,0.091909786
AOI-0046,2021-09-14,2,0,0,True,5,2.000000000,1.000000000,21.000000000,0.615763547,0.692456055
AOI-0046,2022-04-25,2,1,0,True,5,2.000000000,1.000000000,21.000000000,0.820359281,0.497101801
AOI-0046,2022-05-10,2,1,0,True,1,1.000000000,1.000000000,2.000000000,0.820359281,0.497101801
AOI-0046,2022-05-12,2,0,0,True,1,1.000000000,1.000000000,2.000000000,0.982608696,0.099759750
AOI-0046,2022-05-27,2,0,0,True,5,1.000000000,1.000000000,21.000000000,0.578231293,0.715679781
AOI-0046,2022-06-21,2,0,0,True,1,1.000000000,1.000000000,2.000000000,0.931034483,0.282027991
AOI-0046,2022-07-01,2,0,0,True,1,1.000000000,1.000000000,2.000000000,0.984732824,0.089580528
AOI-0046,2022-08-29,2,2,2,True,1,1.000000000,1.000000000,2.000000000,0.990697674,0.059218348
AOI-0046,2022-09-01,2,1,1,True,1,1.000000000,1.000000000,2.000000000,0.723577236,0.626221864
AOI-0046,2023-04-05,2,1,1,True,1,1.000000000,1.000000000,2.000000000,0.968253968,0.162764794
AOI-0046,2023-05-02,2,0,0,True,1,1.000000000,1.000000000,2.000000000,0.935483871,0.283936267
AOI-0046,2023-05-09,2,2,2,True,1,1.000000000,1.000000000,2.000000000,0.990697674,0.059218348
AOI-0046,2023-05-15,2,1,0,True,1,1.000000000,1.000000000,2.000000000,0.730232558,0.606524011
AOI-0046,2023-06-23,2,1,1,True,1,1.000000000,1.000000000,2.000000000,0.879069767,0.388488812
AOI-0046,2023-07-06,2,0,0,True,1,1.000000000,1.000000000,2.000000000,0.985185185,0.087375267
AOI-0046,2023-07-18,2,1,1,True,1,1.000000000,1.000000000,2.000000000,0.552238806,0.753117368
AOI-0046,2023-08-11,2,1,1,True,1,1.000000000,1.000000000,2.000000000,0.866666667,0.436018864
AOI-0046,2023-08-15,2,0,0,True,1,1.000000000,1.000000000,2.000000000,0.986013986,0.083298165
AOI-0046,2024-04-23,2,1,0,True,1,1.000000000,1.000000000,2.000000000,0.492537313,0.760371738
AOI-0046,2024-07-25,2,0,0,True,5,2.000000000,1.000000000,21.000000000,0.684210526,0.652775710
AOI-0046,2024-07-27,2,1,1,True,1,1.000000000,1.000000000,2.000000000,0.468599034,1.015787721
AOI-0046,2024-08-12,2,1,0,True,1,1.000000000,1.000000000,2.000000000,0.682051282,0.839705751
AOI-0046,2024-08-14,2,0,0,True,1,1.000000000,1.000000000,2.000000000,0.886178862,0.383718820
AOI-0046,2024-08-24,2,0,0,True,1,1.000000000,1.000000000,2.000000000,0.977011494,0.125386776
AOI-0046,2024-09-06,2,1,0,True,5,1.000000000,1.000000000,22.000000000,0.714285714,0.623155167
AOI-0046,2024-09-29,2,1,1,False,-1,0.000000000,0.000000000,inf,0.465968586,0.931442954
AOI-0046,2025-04-16,2,0,0,True,0,2.000000000,1.000000000,1.000000000,0.754838710,0.586790839
AOI-0046,2025-05-31,2,0,0,True,0,2.000000000,1.000000000,1.000000000,0.953488372,0.220352331
AOI-0046,2025-06-10,2,0,0,True,0,2.000000000,1.000000000,1.000000000,0.516587678,0.719232108
AOI-0046,2025-06-13,2,1,0,True,0,1.000000000,1.000000000,1.000000000,0.640287770,0.688518311
AOI-0046,2025-06-28,2,1,0,True,5,8.000000000,0.875000000,1.000000000,0.493975904,0.750010373
AOI-0046,2025-07-07,2,0,0,True,0,2.000000000,1.000000000,1.000000000,0.983739837,0.094374144
AOI-0046,2025-07-27,2,0,0,True,0,2.000000000,1.000000000,1.000000000,0.973333333,0.141440924
AOI-0046,2025-09-13,2,0,0,True,0,2.000000000,1.000000000,1.000000000,0.983193277,0.096986095
AOI-0046,2025-10-08,2,0,0,True,0,1.000000000,1.000000000,1.000000000,0.988023952,0.073197386
AOI-0046,2025-10-16,2,2,0,True,1,2.000000000,1.000000000,2.000000000,0.558441558,0.710629951
AOI-0046,2025-10-23,2,0,0,True,0,1.000000000,1.000000000,1.000000000,0.957446809,0.205470750
AOI-0047,2025-05-06,2,0,0,True,0,1.000000000,1.000000000,1.000000000,0.987730061,0.074694356
AOI-0047,2025-05-09,2,2,2,True,0,1.000000000,1.000000000,1.000000000,0.847533632,0.447194483
AOI-0047,2025-06-26,2,2,2,True,0,2.000000000,1.000000000,1.000000000,0.991341991,0.055740919
AOI-0047,2025-07-14,2,1,1,True,0,2.000000000,1.000000000,1.000000000,0.706293706,0.638483603
AOI-0047,2025-08-06,2,0,0,True,0,2.000000000,1.000000000,1.000000000,0.668246445,0.660253900
AOI-0047,2025-09-06,2,0,0,False,-1,0.000000000,0.000000000,inf,0.609195402,0.720963050
AOI-0047,2025-09-14,2,2,2,True,0,1.000000000,1.000000000,1.000000000,0.771689498,0.559610189
AOI-0047,2025-09-16,2,1,0,True,0,2.000000000,1.000000000,1.000000000,0.702564103,0.634582589
AOI-0047,2025-09-21,2,0,0,True,2,1.000000000,1.000000000,4.000000000,0.987730061,0.074694356
AOI-0047,2025-09-23,2,0,0,True,0,2.000000000,1.000000000,1.000000000,0.662100457,0.663820899
AOI-0047,2025-10-08,2,0,0,True,0,1.000000000,1.000000000,1.000000000,0.988023952,0.073197386
AOI-0047,2025-10-18,2,0,0,True,0,2.000000000,1.000000000,1.000000000,0.984251969,0.091909786
AOI-0048,2025-05-03,2,1,1,True,0,1.000000000,1.000000000,1.000000000,0.977011494,0.125386776
AOI-0048,2025-06-05,2,0,0,True,0,1.000000000,1.000000000,1.000000000,0.984251969,0.091909786
AOI-0048,2025-06-21,2,1,1,True,1,1.000000000,1.000000000,2.000000000,0.772151899,0.585549972
AOI-0048,2025-07-10,2,0,0,True,0,1.000000000,1.000000000,1.000000000,0.990867580,0.058305859
AOI-0048,2025-07-15,2,0,0,True,0,1.000000000,1.000000000,1.000000000,0.947826087,0.228374661
AOI-0048,2025-07-28,2,0,0,True,0,1.000000000,1.000000000,1.000000000,0.638766520,0.677915770
AOI-0048,2025-08-16,2,0,0,True,0,1.000000000,1.000000000,1.000000000,0.985611511,0.085284100
AOI-0048,2025-08-19,2,0,0,True,0,1.000000000,1.000000000,1.000000000,0.991341991,0.055740919
AOI-0048,2025-09-01,2,0,0,True,0,1.000000000,1.000000000,1.000000000,0.744855967,0.588982150
AOI-0048,2025-09-14,2,2,2,True,1,1.000000000,1.000000000,2.000000000,0.771689498,0.559610189
AOI-0048,2025-09-28,2,0,0,True,0,1.000000000,1.000000000,1.000000000,0.974683544,0.135612188
AOI-0049,2025-04-14,2,0,0,True,1,1.000000000,1.000000000,2.000000000,0.986013986,0.083298165
AOI-0049,2025-05-25,2,1,2,True,1,1.000000000,1.000000000,2.000000000,0.819905213,0.493453353
AOI-0049,2025-06-19,2,1,1,True,0,1.000000000,1.000000000,1.000000000,0.942857143,0.258640932
AOI-0049,2025-07-18,2,0,0,True,0,1.000000000,1.000000000,1.000000000,0.987096774,0.077896072
AOI-0049,2025-08-07,2,0,0,True,1,1.000000000,1.000000000,2.000000000,0.851428571,0.444443716
AOI-0049,2025-08-09,2,0,0,True,2,1.000000000,1.000000000,3.000000000,0.986013986,0.083298165
AOI-0049,2025-08-22,2,0,0,True,0,1.000000000,1.000000000,1.000000000,0.987730061,0.074694356
AOI-0049,2025-09-08,2,0,0,True,0,1.000000000,1.000000000,1.000000000,0.929648241,0.272650708
AOI-0050,2025-08-19,2,0,0,True,0,2.000000000,1.000000000,1.000000000,0.991341991,0.055740919
AOI-0050,2025-08-21,2,1,1,True,0,2.000000000,1.000000000,1.000000000,0.957446809,0.205470750
AOI-0050,2025-08-30,2,1,1,True,0,1.000000000,1.000000000,1.000000000,0.853658537,0.447709041
AOI-0050,2025-09-06,2,1,0,True,2,2.000000000,1.000000000,3.000000000,0.609195402,0.720963050
AOI-0050,2025-09-16,2,0,0,True,0,1.000000000,1.000000000,1.000000000,0.702564103,0.634582589
AOI-0050,2025-09-23,2,1,0,True,0,2.000000000,1.000000000,1.000000000,0.662100457,0.663820899
AOI-0050,2025-09-26,2,0,0,True,0,1.000000000,1.000000000,1.000000000,0.801047120,0.523158429
AOI-0050,2025-10-16,2,2,0,True,0,1.000000000,1.000000000,1.000000000,0.558441558,0.710629951
AOI-0051,2010-04-06,2,1,1,True,3,2.000000000,1.000000000,7.000000000,0.963636364,0.181415523
AOI-0051,2010-04-15,2,1,1,True,3,2.000000000,1.000000000,7.000000000,0.974683544,0.135612188
AOI-0051,2010-07-11,2,1,1,False,-1,0.000000000,0.000000000,inf,0.714285714,0.796311640
AOI-0051,2010-08-13,2,1,2,True,3,1.000000000,1.000000000,8.000000000,0.916279070,0.305727510
AOI-0051,2011-04-02,2,1,1,True,5,1.000000000,1.000000000,23.000000000,0.977011494,0.125386776
AOI-0051,2011-04-07,2,2,2,True,3,2.000000000,1.000000000,7.000000000,0.990697674,0.059218348
AOI-0051,2011-07-15,2,1,1,True,3,1.000000000,1.000000000,8.000000000,0.978021978,0.120874486
AOI-0051,2011-09-16,2,1,1,True,3,2.000000000,1.000000000,7.000000000,0.942857143,0.258640932
AOI-0051,2011-09-17,2,1,1,True,3,2.000000000,1.000000000,7.000000000,0.973333333,0.141440924
AOI-0051,2012-05-13,2,1,1,True,3,2.000000000,1.000000000,7.000000000,0.948717949,0.237819011
AOI-0051,2012-09-13,2,2,2,True,3,2.000000000,1.000000000,7.000000000,0.711627907,0.624497062
AOI-0051,2012-10-15,2,2,2,True,3,1.000000000,1.000000000,8.000000000,0.739130435,0.598020854
AOI-0051,2013-04-15,2,1,1,True,3,2.000000000,1.000000000,7.000000000,0.978947368,0.116700546
AOI-0051,2013-05-09,2,2,2,True,4,1.000000000,1.000000000,11.000000000,0.579487179,0.708152353
AOI-0051,2013-06-01,2,1,1,True,3,1.000000000,1.000000000,8.000000000,0.942857143,0.258640932
AOI-0051,2013-09-30,2,2,2,True,3,1.000000000,1.000000000,8.000000000,0.777777778,0.552980074
AOI-0051,2014-04-07,2,2,2,True,3,2.000000000,1.000000000,7.000000000,0.989949749,0.063198621
AOI-0051,2014-04-09,2,1,1,False,-1,0.000000000,0.000000000,inf,0.714285714,0.796311640
AOI-0051,2014-08-07,2,1,1,True,3,2.000000000,1.000000000,7.000000000,0.963636364,0.181415523
AOI-0051,2014-08-16,2,1,1,True,3,2.000000000,1.000000000,7.000000000,0.980582524,0.109222462
AOI-0051,2014-09-14,2,2,2,True,3,1.000000000,1.000000000,8.000000000,0.989949749,0.063198621
AOI-0051,2015-04-12,2,1,1,True,3,1.000000000,1.000000000,7.000000000,0.957446809,0.205470750
AOI-0051,2015-05-09,2,2,2,True,3,1.000000000,1.000000000,8.000000000,0.990521327,0.060162121
AOI-0051,2015-07-02,2,1,1,True,3,2.000000000,1.000000000,7.000000000,0.978021978,0.120874486
AOI-0051,2015-07-25,2,1,1,True,3,2.000000000,1.000000000,7.000000000,0.960784314,0.192625738
AOI-0051,2015-09-27,2,1,1,True,5,2.000000000,1.000000000,22.000000000,0.953488372,0.220352331
AOI-0051,2016-04-22,2,2,2,True,3,2.000000000,1.000000000,7.000000000,0.971563981,0.142075028
AOI-0051,2016-06-10,2,1,1,True,3,2.000000000,1.000000000,7.000000000,0.957446809,0.205470750
AOI-0051,2016-07-20,2,1,1,True,3,2.000000000,1.000000000,7.000000000,0.948717949,0.237819011
AOI-0051,2016-08-20,2,1,1,True,3,1.000000000,1.000000000,7.000000000,0.957446809,0.205470750
AOI-0051,2017-04-07,2,2,2,True,3,2.000000000,1.000000000,7.000000000,0.990521327,0.060162121
AOI-0051,2017-05-11,2,1,1,True,3,2.000000000,1.000000000,7.000000000,0.935483871,0.283936267
AOI-0051,2017-05-25,2,2,2,True,3,2.000000000,1.000000000,7.000000000,0.990697674,0.059218348
AOI-0051,2017-06-12,2,1,1,True,3,2.000000000,1.000000000,7.000000000,0.953488372,0.220352331
AOI-0051,2017-08-04,2,0,0,True,3,2.000000000,1.000000000,7.000000000,0.982608696,0.099759750
AOI-0051,2017-08-13,2,2,2,True,3,1.000000000,1.000000000,7.000000000,0.855072464,0.434988930
AOI-0051,2017-09-01,2,1,1,True,3,1.000000000,1.000000000,8.000000000,0.979797980,0.112827275
AOI-0051,2017-10-08,2,0,0,True,3,2.000000000,1.000000000,7.000000000,0.982608696,0.099759750
AOI-0051,2018-05-09,2,2,2,True,3,2.000000000,1.000000000,7.000000000,0.990697674,0.059218348
AOI-0051,2018-05-15,2,1,1,True,3,1.000000000,1.000000000,8.000000000,0.974683544,0.135612188
AOI-0051,2018-06-07,2,1,1,True,3,2.000000000,1.000000000,7.000000000,0.590361446,0.731082245
AOI-0051,2018-07-01,2,1,1,True,3,2.000000000,1.000000000,7.000000000,0.963636364,0.181415523
AOI-0051,2018-08-27,2,1,1,True,3,1.000000000,1.000000000,7.000000000,0.977011494,0.125386776
AOI-0051,2018-09-13,2,0,0,True,3,1.000000000,1.000000000,8.000000000,0.814207650,0.504717032
AOI-0051,2018-10-30,2,1,1,True,3,1.000000000,1.000000000,7.000000000,0.974683544,0.135612188
AOI-0051,2019-05-16,2,0,0,True,3,2.000000000,1.000000000,7.000000000,0.986754967,0.079610965
AOI-0051,2019-06-10,2,0,0,True,3,1.000000000,1.000000000,7.000000000,0.686098655,0.645690378
AOI-0051,2019-06-11,2,1,1,True,3,2.000000000,1.000000000,7.000000000,0.979797980,0.112827275
AOI-0051,2019-06-20,2,0,0,True,3,2.000000000,1.000000000,7.000000000,0.814207650,0.504717032
AOI-0051,2019-07-28,2,2,2,True,4,2.000000000,1.000000000,10.000000000,0.781990521,0.674664437
AOI-0051,2019-09-18,2,0,0,True,3,1.000000000,1.000000000,8.000000000,0.980582524,0.109222462
AOI-0051,2019-09-28,2,0,0,True,3,1.000000000,1.000000000,8.000000000,0.966101695,0.171538761
AOI-0051,2020-04-09,2,1,1,True,5,1.000000000,1.000000000,22.000000000,0.546666667,0.748938723
AOI-0051,2020-04-30,2,0,0,True,3,2.000000000,1.000000000,7.000000000,0.985611511,0.085284100
AOI-0051,2020-05-11,2,1,1,True,3,2.000000000,1.000000000,7.000000000,0.957446809,0.205470750
AOI-0051,2020-05-24,2,2,2,True,3,2.000000000,1.000000000,7.000000000,0.897674419,0.349083713
AOI-0051,2020-07-19,2,0,0,True,3,2.000000000,1.000000000,7.000000000,0.986754967,0.079610965
AOI-0051,2020-07-22,2,0,0,True,3,1.000000000,1.000000000,8.000000000,0.538461538,0.789212978
AOI-0051,2020-09-01,2,1,1,True,3,1.000000000,1.000000000,8.000000000,0.748148148,0.597779062
AOI-0051,2020-09-09,2,1,0,True,3,2.000000000,1.000000000,7.000000000,0.645714286,0.679310950
AOI-0051,2020-09-17,2,0,0,True,3,2.000000000,1.000000000,7.000000000,0.986754967,0.079610965
AOI-0051,2021-05-07,2,1,1,True,3,1.000000000,1.000000000,8.000000000,0.552238806,0.753117368
AOI-0051,2021-05-14,2,1,1,True,3,2.000000000,1.000000000,7.000000000,0.552238806,0.753117368
AOI-0051,2021-05-31,2,1,1,True,3,1.000000000,1.000000000,8.000000000,0.978947368,0.116700546
AOI-0051,2021-07-17,2,1,1,True,3,2.000000000,1.000000000,7.000000000,0.647058824,0.724975116
AOI-0051,2021-07-26,2,1,0,True,3,1.000000000,1.000000000,8.000000000,0.708542714,0.628837152
AOI-0051,2021-07-29,2,0,0,True,3,1.000000000,1.000000000,7.000000000,0.810055866,0.511345905
AOI-0051,2021-08-13,2,2,2,True,3,1.000000000,1.000000000,8.000000000,0.876777251,0.458708793
AOI-0051,2021-10-06,2,1,1,True,3,2.000000000,1.000000000,7.000000000,0.777777778,0.562182809
AOI-0051,2022-05-10,2,0,0,True,3,2.000000000,1.000000000,7.000000000,0.820359281,0.497101801
AOI-0051,2022-06-29,2,0,0,True,3,2.000000000,1.000000000,7.000000000,0.728643216,0.609627116
AOI-0051,2022-08-08,2,0,0,True,3,2.000000000,1.000000000,7.000000000,0.704918033,0.633850789
AOI-0051,2022-08-14,2,1,1,False,-1,0.000000000,0.000000000,inf,0.974683544,0.135612188
AOI-0051,2022-08-23,2,0,0,True,3,2.000000000,1.000000000,7.000000000,0.828571429,0.483197564
AOI-0051,2022-09-15,2,1,1,False,-1,0.000000000,0.000000000,inf,0.963636364,0.181415523
AOI-0051,2022-10-17,2,0,0,True,5,2.000000000,1.000000000,22.000000000,0.693251534,0.646547636
AOI-0051,2023-04-02,2,1,0,True,3,2.000000000,1.000000000,7.000000000,0.648854962,0.684928859
AOI-0051,2023-05-20,2,0,0,True,3,1.000000000,1.000000000,8.000000000,0.756097561,0.591181657
AOI-0051,2023-06-05,2,1,1,True,3,2.000000000,1.000000000,7.000000000,0.960784314,0.192625738
AOI-0051,2023-06-22,2,1,1,True,3,2.000000000,1.000000000,7.000000000,0.815126050,0.512888736
AOI-0051,2023-06-23,2,1,1,True,3,2.000000000,1.000000000,7.000000000,0.879069767,0.388488812
AOI-0051,2023-06-29,2,0,0,True,3,2.000000000,1.000000000,7.000000000,0.979797980,0.112827275
AOI-0051,2023-08-29,2,2,2,True,3,2.000000000,1.000000000,7.000000000,0.990697674,0.059218348
AOI-0051,2023-09-17,2,0,0,True,3,1.000000000,1.000000000,8.000000000,0.987096774,0.077896072
AOI-0051,2023-09-26,2,1,1,True,3,1.000000000,1.000000000,8.000000000,0.821138211,0.502736035
AOI-0051,2024-04-06,2,2,0,True,3,1.000000000,1.000000000,7.000000000,0.649289100,0.734616782
AOI-0051,2024-05-06,2,1,0,True,3,2.000000000,1.000000000,7.000000000,0.759162304,0.577267121
AOI-0051,2024-05-07,2,1,1,True,3,2.000000000,1.000000000,7.000000000,0.843478261,0.467440026
AOI-0051,2024-05-23,2,1,1,True,3,1.000000000,1.000000000,8.000000000,0.714285714,0.636181423
AOI-0051,2024-06-18,2,0,0,True,4,2.000000000,1.000000000,10.000000000,0.710691824,0.631831023
AOI-0051,2024-08-26,2,1,1,True,3,2.000000000,1.000000000,7.000000000,0.706666667,0.659348879
AOI-0051,2024-09-06,2,0,0,True,3,2.000000000,1.000000000,7.000000000,0.714285714,0.623155167
AOI-0051,2024-09-29,2,2,1,True,3,2.000000000,1.000000000,7.000000000,0.465968586,0.931442954
AOI-0051,2024-10-11,2,0,0,True,3,1.000000000,1.000000000,8.000000000,0.983193277,0.096986095
AOI-0051,2025-04-15,2,1,1,True,0,1.000000000,1.000000000,1.000000000,0.866666667,0.485094091
AOI-0051,2025-04-23,2,2,2,True,0,1.000000000,1.000000000,1.000000000,0.714285714,0.796311640
AOI-0051,2025-04-29,2,0,0,True,0,1.000000000,1.000000000,1.000000000,0.979797980,0.112827275
AOI-0051,2025-06-08,2,0,0,True,0,1.000000000,1.000000000,1.000000000,0.989743590,0.064285679
AOI-0051,2025-08-22,2,0,0,True,0,1.000000000,1.000000000,1.000000000,0.987730061,0.074694356
AOI-0051,2025-08-27,2,0,0,True,0,1.000000000,1.000000000,1.000000000,0.987421384,0.076258973
AOI-0051,2025-08-30,2,1,1,True,0,1.000000000,1.000000000,1.000000000,0.853658537,0.447709041
AOI-0051,2025-09-06,2,1,0,True,1,1.000000000,1.000000000,2.000000000,0.609195402,0.720963050
AOI-0051,2025-10-28,2,0,0,True,0,1.000000000,1.000000000,1.000000000,0.963636364,0.181415523
AOI-0052,2025-04-23,2,2,2,True,4,10.000000000,0.700000000,2.000000000,0.714285714,0.796311640
AOI-0052,2025-04-29,2,0,0,True,0,1.000000000,1.000000000,1.000000000,0.979797980,0.112827275
AOI-0052,2025-05-24,2,0,0,True,0,2.000000000,1.000000000,1.000000000,0.987730061,0.074694356
AOI-0052,2025-06-03,2,0,0,True,0,1.000000000,1.000000000,1.000000000,0.985185185,0.087375267
AOI-0052,2025-06-26,2,2,2,True,0,1.000000000,1.000000000,1.000000000,0.991341991,0.055740919
AOI-0052,2025-07-21,2,1,1,True,0,2.000000000,1.000000000,1.000000000,0.788617886,0.550242400
AOI-0052,2025-07-23,2,0,0,True,0,1.000000000,1.000000000,1.000000000,0.780645161,0.555196694
AOI-0052,2025-07-29,2,1,1,True,0,2.000000000,1.000000000,1.000000000,0.981308411,0.105858397
AOI-0052,2025-09-23,2,1,0,True,0,2.000000000,1.000000000,1.000000000,0.662100457,0.663820899
AOI-0053,2025-06-02,2,1,1,True,0,2.000000000,1.000000000,1.000000000,0.948717949,0.237819011
AOI-0053,2025-06-03,2,0,0,True,1,2.000000000,1.000000000,2.000000000,0.985185185,0.087375267
AOI-0053,2025-06-11,2,1,1,True,0,1.000000000,1.000000000,1.000000000,0.807407407,0.521357632
AOI-0053,2025-06-19,2,1,1,True,0,1.000000000,1.000000000,1.000000000,0.942857143,0.258640932
AOI-0053,2025-07-12,2,1,2,True,0,2.000000000,1.000000000,1.000000000,0.600000000,0.939354209
AOI-0053,2025-07-30,2,0,0,True,0,2.000000000,1.000000000,1.000000000,0.992277992,0.050601985
AOI-0053,2025-08-21,2,1,1,True,0,2.000000000,1.000000000,1.000000000,0.957446809,0.205470750
AOI-0054,2025-04-01,2,0,0,True,0,1.000000000,1.000000000,1.000000000,0.983739837,0.094374144
AOI-0054,2025-04-24,2,0,0,True,0,2.000000000,1.000000000,1.000000000,0.981981982,0.102711110
AOI-0054,2025-05-09,2,0,2,True,0,1.000000000,1.000000000,1.000000000,0.847533632,0.447194483
AOI-0054,2025-06-27,2,1,0,True,0,2.000000000,1.000000000,1.000000000,0.708542714,0.628837152
AOI-0054,2025-08-09,2,0,0,True,1,1.000000000,1.000000000,2.000000000,0.986013986,0.083298165
AOI-0054,2025-08-17,2,0,0,True,0,1.000000000,1.000000000,1.000000000,0.796407186,0.532357983
AOI-0054,2025-10-08,2,0,0,True,0,2.000000000,1.000000000,1.000000000,0.988023952,0.073197386
AOI-0054,2025-10-28,2,0,0,True,1,2.000000000,1.000000000,2.000000000,0.963636364,0.181415523
AOI-0055,2025-04-14,2,0,0,True,0,2.000000000,1.000000000,1.000000000,0.986013986,0.083298165
AOI-0055,2025-05-14,2,0,0,True,1,2.000000000,1.000000000,2.000000000,0.981308411,0.105858397
AOI-0055,2025-07-12,2,1,2,True,0,2.000000000,1.000000000,1.000000000,0.600000000,0.939354209
AOI-0055,2025-07-13,2,0,0,True,0,2.000000000,1.000000000,1.000000000,0.988571429,0.070389141
AOI-0055,2025-08-02,2,0,0,True,0,2.000000000,1.000000000,1.000000000,0.986394558,0.081409508
AOI-0055,2025-08-06,2,1,0,True,0,2.000000000,1.000000000,1.000000000,0.668246445,0.660253900
AOI-0055,2025-08-09,2,0,0,True,2,1.000000000,1.000000000,3.000000000,0.986013986,0.083298165
AOI-0055,2025-08-21,2,1,1,True,0,2.000000000,1.000000000,1.000000000,0.957446809,0.205470750
AOI-0056,2025-04-11,2,0,0,True,0,1.000000000,1.000000000,1.000000000,0.966101695,0.171538761
AOI-0056,2025-06-13,2,0,0,True,0,1.000000000,1.000000000,1.000000000,0.640287770,0.688518311
AOI-0056,2025-06-27,2,1,0,True,0,1.000000000,1.000000000,1.000000000,0.708542714,0.628837152
AOI-0056,2025-07-05,2,1,0,True,1,1.000000000,1.000000000,2.000000000,0.765363128,0.571219093
AOI-0056,2025-08-07,2,0,0,True,0,1.000000000,1.000000000,1.000000000,0.851428571,0.444443716
AOI-0056,2025-08-27,2,0,0,True,0,1.000000000,1.000000000,1.000000000,0.987421384,0.076258973
AOI-0056,2025-10-08,2,0,0,True,0,2.000000000,1.000000000,1.000000000,0.988023952,0.073197386
AOI-0056,2025-10-17,2,1,1,True,0,1.000000000,1.000000000,1.000000000,0.978021978,0.120874486
AOI-0057,2025-04-14,2,0,0,True,0,1.000000000,1.000000000,1.000000000,0.986013986,0.083298165
AOI-0057,2025-05-17,2,1,1,True,0,2.000000000,1.000000000,1.000000000,0.913043478,0.355712860
AOI-0057,2025-07-05,2,1,0,True,0,1.000000000,1.000000000,1.000000000,0.765363128,0.571219093
AOI-0057,2025-07-23,2,0,0,True,0,1.000000000,1.000000000,1.000000000,0.780645161,0.555196694
AOI-0057,2025-08-09,2,0,0,True,2,2.000000000,1.000000000,3.000000000,0.986013986,0.083298165
AOI-0057,2025-08-13,2,1,2,True,0,2.000000000,1.000000000,1.000000000,0.765182186,0.565485065
AOI-0057,2025-08-19,2,0,0,True,0,2.000000000,1.000000000,1.000000000,0.991341991,0.055740919
AOI-0057,2025-09-26,2,0,0,True,0,2.000000000,1.000000000,1.000000000,0.801047120,0.523158429
AOI-0058,2010-06-02,2,1,1,True,0,1.000000000,1.000000000,1.000000000,0.978947368,0.116700546
AOI-0058,2010-07-27,2,1,1,True,3,1.000000000,1.000000000,7.000000000,0.935483871,0.283936267
AOI-0058,2010-08-05,2,1,1,True,0,1.000000000,1.000000000,1.000000000,0.980582524,0.109222462
AOI-0058,2010-09-30,2,2,2,True,0,1.000000000,1.000000000,1.000000000,0.989949749,0.063198621
AOI-0058,2011-06-20,2,1,1,True,0,1.000000000,1.000000000,1.000000000,0.942857143,0.258640932
AOI-0058,2011-07-06,2,1,1,True,0,1.000000000,1.000000000,1.000000000,0.960784314,0.192625738
AOI-0058,2011-08-07,2,1,1,True,0,1.000000000,1.000000000,1.000000000,0.953488372,0.220352331
AOI-0058,2011-09-24,2,1,1,True,0,1.000000000,1.000000000,1.000000000,0.960784314,0.192625738
AOI-0058,2012-07-25,2,1,1,True,0,1.000000000,1.000000000,1.000000000,0.979797980,0.112827275
AOI-0058,2012-08-26,2,1,1,True,5,1.000000000,1.000000000,30.000000000,0.978947368,0.116700546
AOI-0058,2012-10-15,2,2,2,True,0,1.000000000,1.000000000,1.000000000,0.739130435,0.598020854
AOI-0058,2013-05-25,2,1,2,True,0,1.000000000,1.000000000,1.000000000,0.841860465,0.457555646
AOI-0058,2013-08-21,2,1,1,True,3,1.000000000,1.000000000,7.000000000,0.978947368,0.116700546
AOI-0058,2013-08-29,2,2,2,True,0,1.000000000,1.000000000,1.000000000,0.990147783,0.062150380
AOI-0058,2013-09-30,2,2,2,True,0,1.000000000,1.000000000,1.000000000,0.777777778,0.552980074
AOI-0058,2014-05-09,2,2,2,True,2,1.000000000,1.000000000,4.000000000,0.990338164,0.061138862
AOI-0058,2014-05-19,2,1,1,True,0,1.000000000,1.000000000,1.000000000,0.953488372,0.220352331
AOI-0058,2014-07-28,2,2,2,True,2,1.000000000,1.000000000,4.000000000,0.989949749,0.063198621
AOI-0058,2014-07-30,2,1,1,True,0,1.000000000,1.000000000,1.000000000,0.960784314,0.192625738
AOI-0058,2014-10-11,2,1,1,True,0,1.000000000,1.000000000,1.000000000,0.979797980,0.112827275
AOI-0058,2015-05-22,2,1,1,True,3,1.000000000,1.000000000,7.000000000,0.957446809,0.205470750
AOI-0058,2015-07-18,2,1,1,True,0,1.000000000,1.000000000,1.000000000,0.925925926,0.315396287
AOI-0058,2015-07-26,2,1,1,True,0,1.000000000,1.000000000,1.000000000,0.980582524,0.109222462
AOI-0058,2015-09-19,2,1,1,True,0,1.000000000,1.000000000,1.000000000,0.963636364,0.181415523
AOI-0058,2015-09-28,2,1,1,True,0,1.000000000,1.000000000,1.000000000,0.978947368,0.116700546
AOI-0058,2015-10-05,2,1,1,True,0,1.000000000,1.000000000,1.000000000,0.960784314,0.192625738
AOI-0058,2016-05-25,2,1,1,True,3,1.000000000,1.000000000,7.000000000,0.978021978,0.120874486
AOI-0058,2016-06-25,2,1,2,True,0,1.000000000,1.000000000,1.000000000,0.812807882,0.504905654
AOI-0058,2016-08-12,2,1,2,True,0,1.000000000,1.000000000,1.000000000,0.771689498,0.559610189
AOI-0058,2016-09-13,2,2,2,True,2,1.000000000,1.000000000,3.000000000,0.748743719,0.588344050
AOI-0058,2017-05-19,2,1,1,True,0,1.000000000,1.000000000,1.000000000,0.942857143,0.258640932
AOI-0058,2017-06-05,2,0,0,True,0,1.000000000,1.000000000,1.000000000,0.709923664,0.637520105
AOI-0058,2017-06-20,2,1,1,True,0,1.000000000,1.000000000,1.000000000,0.960784314,0.192625738
AOI-0058,2017-06-28,2,1,1,True,0,1.000000000,1.000000000,1.000000000,0.960784314,0.192625738
AOI-0058,2017-07-28,2,2,2,True,3,1.000000000,1.000000000,7.000000000,0.990697674,0.059218348
AOI-0058,2017-08-08,2,1,1,True,3,1.000000000,1.000000000,7.000000000,0.939393939,0.255938614
AOI-0058,2017-09-01,2,1,1,True,0,1.000000000,1.000000000,1.000000000,0.979797980,0.112827275
AOI-0058,2017-09-14,2,2,2,True,2,2.000000000,1.000000000,3.000000000,0.990697674,0.059218348
AOI-0058,2018-04-05,2,1,1,True,0,1.000000000,1.000000000,1.000000000,0.973333333,0.141440924
AOI-0058,2018-04-23,2,2,2,True,0,1.000000000,1.000000000,1.000000000,0.953488372,0.203233066
AOI-0058,2018-06-10,2,2,2,True,0,1.000000000,1.000000000,1.000000000,0.693023256,0.768973783
AOI-0058,2018-07-18,2,1,1,False,-1,0.000000000,0.000000000,inf,0.968253968,0.162764794
AOI-0058,2018-07-28,2,2,2,True,0,1.000000000,1.000000000,1.000000000,0.914691943,0.309849445
AOI-0058,2018-08-26,2,1,1,True,0,1.000000000,1.000000000,1.000000000,0.963636364,0.181415523
AOI-0058,2018-09-13,2,0,0,True,0,1.000000000,1.000000000,1.000000000,0.814207650,0.504717032
AOI-0058,2018-10-05,2,1,1,True,0,1.000000000,1.000000000,1.000000000,0.894736842,0.409458619
AOI-0058,2019-04-11,2,0,0,True,2,1.000000000,1.000000000,3.000000000,0.968253968,0.162764794
AOI-0058,2019-04-24,2,1,1,True,0,1.000000000,1.000000000,1.000000000,0.531914894,0.777661074
AOI-0058,2019-05-31,2,0,0,True,0,1.000000000,1.000000000,1.000000000,0.986754967,0.079610965
AOI-0058,2019-06-05,2,0,0,True,2,1.000000000,1.000000000,3.000000000,0.726775956,0.613225887
AOI-0058,2019-07-05,2,0,0,True,0,1.000000000,1.000000000,1.000000000,0.986754967,0.079610965
AOI-0058,2019-07-28,2,2,2,True,2,2.000000000,1.000000000,3.000000000,0.781990521,0.674664437
AOI-0058,2019-08-14,2,0,0,True,0,1.000000000,1.000000000,1.000000000,0.987421384,0.076258973
AOI-0058,2019-09-18,2,0,0,True,0,1.000000000,1.000000000,1.000000000,0.980582524,0.109222462
AOI-0058,2020-04-02,2,1,0,True,0,1.000000000,1.000000000,1.000000000,0.675977654,0.658086486
AOI-0058,2020-04-09,2,1,1,True,4,1.000000000,1.000000000,15.000000000,0.546666667,0.748938723
AOI-0058,2020-05-27,2,1,0,True,0,1.000000000,1.000000000,1.000000000,0.780645161,0.555196694
AOI-0058,2020-06-28,2,1,1,True,0,1.000000000,1.000000000,1.000000000,0.600000000,0.731469565
AOI-0058,2020-07-07,2,1,1,True,0,1.000000000,1.000000000,1.000000000,0.801801802,0.534542741
AOI-0058,2020-07-31,2,1,0,True,0,1.000000000,1.000000000,1.000000000,0.567251462,0.715052421
AOI-0058,2020-08-16,2,1,1,True,0,1.000000000,1.000000000,1.000000000,0.831775701,0.489153472
AOI-0058,2020-09-01,2,1,1,True,0,1.000000000,1.000000000,1.000000000,0.748148148,0.597779062
AOI-0058,2020-09-12,2,0,0,True,0,1.000000000,1.000000000,1.000000000,0.814207650,0.504717032
AOI-0058,2021-04-07,2,2,2,True,0,1.000000000,1.000000000,1.000000000,0.989528796,0.065413816
AOI-0058,2021-05-07,2,1,1,True,0,1.000000000,1.000000000,1.000000000,0.552238806,0.753117368
AOI-0058,2021-06-23,2,0,0,False,-1,0.000000000,0.000000000,inf,0.523809524,0.761605701
AOI-0058,2021-07-19,2,0,0,True,0,1.000000000,1.000000000,1.000000000,0.818181818,0.498265026
AOI-0058,2021-07-26,2,1,0,True,0,1.000000000,1.000000000,1.000000000,0.708542714,0.628837152
AOI-0058,2021-08-08,2,0,0,True,2,2.000000000,1.000000000,3.000000000,0.981981982,0.102711110
AOI-0058,2021-10-16,2,2,2,True,2,1.000000000,1.000000000,3.000000000,0.716894977,0.777099048
AOI-0058,2021-10-27,2,0,0,True,0,1.000000000,1.000000000,1.000000000,0.986394558,0.081409508
AOI-0058,2022-04-07,2,0,0,True,2,1.000000000,1.000000000,4.000000000,0.642512077,0.880605149
AOI-0058,2022-07-20,2,1,1,True,3,1.000000000,1.000000000,7.000000000,0.942857143,0.258640932
AOI-0058,2022-08-03,2,0,0,True,2,1.000000000,1.000000000,3.000000000,0.894736842,0.370715018
AOI-0058,2022-08-14,2,1,1,False,-1,0.000000000,0.000000000,inf,0.974683544,0.135612188
AOI-0058,2022-08-30,2,0,0,True,2,2.000000000,1.000000000,3.000000000,0.655813953,0.668411592
AOI-0058,2022-09-06,2,1,1,True,0,1.000000000,1.000000000,1.000000000,0.714285714,0.659572204
AOI-0058,2022-10-12,2,0,0,True,0,1.000000000,1.000000000,1.000000000,0.986754967,0.079610965
AOI-0058,2023-04-07,2,2,2,True,0,1.000000000,1.000000000,1.000000000,0.797101449,0.527223827
AOI-0058,2023-05-25,2,2,2,True,2,2.000000000,1.000000000,3.000000000,0.771689498,0.559610189
AOI-0058,2023-05-28,2,1,1,True,0,1.000000000,1.000000000,1.000000000,0.925925926,0.315396287
AOI-0058,2023-06-10,2,2,2,True,0,1.000000000,1.000000000,1.000000000,0.990521327,0.060162121
AOI-0058,2023-06-21,2,1,0,True,0,1.000000000,1.000000000,1.000000000,0.734265734,0.611307571
AOI-0058,2023-07-15,2,1,1,True,0,1.000000000,1.000000000,1.000000000,0.973333333,0.141440924
AOI-0058,2023-08-28,2,0,0,True,0,1.000000000,1.000000000,1.000000000,0.775401070,0.557938310
AOI-0058,2023-09-07,2,0,0,True,0,1.000000000,1.000000000,1.000000000,0.986394558,0.081409508
AOI-0058,2023-09-17,2,0,0,True,0,1.000000000,1.000000000,1.000000000,0.987096774,0.077896072
AOI-0058,2023-09-26,2,1,1,True,0,1.000000000,1.000000000,1.000000000,0.821138211,0.502736035
AOI-0058,2024-04-22,2,1,1,True,2,1.000000000,1.000000000,3.000000000,0.545893720,0.903576437
AOI-0058,2024-05-23,2,1,1,True,0,1.000000000,1.000000000,1.000000000,0.714285714,0.636181423
AOI-0058,2024-06-18,2,0,0,True,2,2.000000000,1.000000000,3.000000000,0.710691824,0.631831023
AOI-0058,2024-07-02,2,1,1,True,0,1.000000000,1.000000000,1.000000000,0.763779528,0.581206425
AOI-0058,2024-08-10,2,1,1,True,0,1.000000000,1.000000000,1.000000000,0.803921569,0.558659438
AOI-0058,2024-09-26,2,0,0,True,0,1.000000000,1.000000000,1.000000000,0.986394558,0.081409508
AOI-0058,2024-10-06,2,0,0,True,0,1.000000000,1.000000000,1.000000000,0.987096774,0.077896072
AOI-0058,2024-10-11,2,0,0,True,0,1.000000000,1.000000000,1.000000000,0.983193277,0.096986095
AOI-0058,2025-04-11,2,0,0,True,0,2.000000000,1.000000000,1.000000000,0.966101695,0.171538761
AOI-0058,2025-04-14,2,0,0,True,0,1.000000000,1.000000000,1.000000000,0.986013986,0.083298165
AOI-0058,2025-04-23,2,2,2,True,0,1.000000000,1.000000000,1.000000000,0.714285714,0.796311640
AOI-0058,2025-05-14,2,0,0,True,0,1.000000000,1.000000000,1.000000000,0.981308411,0.105858397
AOI-0058,2025-06-11,2,1,1,True,0,2.000000000,1.000000000,1.000000000,0.807407407,0.521357632
AOI-0058,2025-07-04,2,1,1,True,0,2.000000000,1.000000000,1.000000000,0.966101695,0.171538761
AOI-0058,2025-09-23,2,1,0,True,0,2.000000000,1.000000000,1.000000000,0.662100457,0.663820899
AOI-0058,2025-10-08,2,0,0,True,0,1.000000000,1.000000000,1.000000000,0.988023952,0.073197386
AOI-0059,2010-07-27,2,1,1,True,3,1.000000000,1.000000000,8.000000000,0.935483871,0.283936267
AOI-0059,2010-09-06,2,1,1,True,0,1.000000000,1.000000000,1.000000000,0.979797980,0.112827275
AOI-0059,2010-09-14,2,2,2,True,0,1.000000000,1.000000000,1.000000000,0.990697674,0.059218348
AOI-0059,2010-10-16,2,1,2,True,0,1.000000000,1.000000000,1.000000000,0.680365297,0.650526760
AOI-0059,2011-04-02,2,1,1,True,5,1.000000000,1.000000000,31.000000000,0.977011494,0.125386776
AOI-0059,2011-05-09,2,2,2,True,0,1.000000000,1.000000000,1.000000000,0.990867580,0.058305859
AOI-0059,2011-06-13,2,1,1,True,0,1.000000000,1.000000000,1.000000000,0.973333333,0.141440924
AOI-0059,2011-08-13,2,2,2,True,0,1.000000000,1.000000000,1.000000000,0.990867580,0.058305859
AOI-0059,2012-04-22,2,2,2,True,1,1.000000000,1.000000000,2.000000000,0.832512315,0.474104342
AOI-0059,2012-06-09,2,2,2,True,1,1.000000000,1.000000000,2.000000000,0.739130435,0.598020854
AOI-0059,2012-09-18,2,1,1,True,0,1.000000000,1.000000000,1.000000000,0.942857143,0.258640932
AOI-0059,2013-04-08,2,1,1,True,0,1.000000000,1.000000000,1.000000000,0.866666667,0.485094091
AOI-0059,2013-07-11,2,1,1,True,3,1.000000000,1.000000000,8.000000000,0.957446809,0.205470750
AOI-0059,2013-08-12,2,1,1,True,0,1.000000000,1.000000000,1.000000000,0.963636364,0.181415523
AOI-0059,2013-08-20,2,1,1,True,0,1.000000000,1.000000000,1.000000000,0.935483871,0.283936267
AOI-0059,2014-04-25,2,1,1,True,3,1.000000000,1.000000000,8.000000000,0.935483871,0.283936267
AOI-0059,2014-06-26,2,2,2,True,0,1.000000000,1.000000000,1.000000000,0.990338164,0.061138862
AOI-0059,2014-07-12,2,2,2,True,0,1.000000000,1.000000000,1.000000000,0.990697674,0.059218348
AOI-0059,2014-07-28,2,2,2,True,2,1.000000000,1.000000000,3.000000000,0.989949749,0.063198621
AOI-0059,2014-08-15,2,1,1,True,0,1.000000000,1.000000000,1.000000000,0.963636364,0.181415523
AOI-0059,2014-08-24,2,1,1,True,0,1.000000000,1.000000000,1.000000000,0.979797980,0.112827275
AOI-0059,2015-04-12,2,1,1,True,0,1.000000000,1.000000000,1.000000000,0.957446809,0.205470750
AOI-0059,2015-06-26,2,2,2,True,0,1.000000000,1.000000000,1.000000000,0.897674419,0.349083713
AOI-0059,2015-07-28,2,2,2,True,0,1.000000000,1.000000000,1.000000000,0.721973094,0.614035411
AOI-0059,2015-08-03,2,1,1,True,0,1.000000000,1.000000000,1.000000000,0.978021978,0.120874486
AOI-0059,2015-08-27,2,1,1,True,0,1.000000000,1.000000000,1.000000000,0.978021978,0.120874486
AOI-0059,2016-07-03,2,1,1,True,0,1.000000000,1.000000000,1.000000000,0.957446809,0.205470750
AOI-0059,2016-07-28,2,1,1,True,3,1.000000000,1.000000000,8.000000000,0.978947368,0.116700546
AOI-0059,2016-08-20,2,1,1,True,0,1.000000000,1.000000000,1.000000000,0.957446809,0.205470750
AOI-0059,2016-08-29,2,1,1,True,0,1.000000000,1.000000000,1.000000000,0.979797980,0.112827275
AOI-0059,2016-09-13,2,2,2,True,1,1.000000000,1.000000000,2.000000000,0.748743719,0.588344050
AOI-0059,2017-04-17,2,1,1,True,0,1.000000000,1.000000000,1.000000000,0.935483871,0.283936267
AOI-0059,2017-05-03,2,1,1,True,0,1.000000000,1.000000000,1.000000000,0.960784314,0.192625738
AOI-0059,2017-08-08,2,1,1,True,3,1.000000000,1.000000000,8.000000000,0.939393939,0.255938614
AOI-0059,2017-08-14,2,0,0,True,0,1.000000000,1.000000000,1.000000000,0.987730061,0.074694356
AOI-0059,2017-09-08,2,1,0,True,0,1.000000000,1.000000000,1.000000000,0.656565657,0.688858011
AOI-0059,2017-09-14,2,2,2,True,1,1.000000000,1.000000000,2.000000000,0.990697674,0.059218348
AOI-0059,2017-10-18,2,1,1,True,0,1.000000000,1.000000000,1.000000000,0.600000000,0.746974627
AOI-0059,2018-04-04,2,1,1,True,0,1.000000000,1.000000000,1.000000000,0.960784314,0.192625738
AOI-0059,2018-04-28,2,1,0,True,0,1.000000000,1.000000000,1.000000000,0.514563107,0.740314755
AOI-0059,2018-05-25,2,2,2,True,0,1.000000000,1.000000000,1.000000000,0.781990521,0.547209720
AOI-0059,2018-06-08,2,1,1,True,0,1.000000000,1.000000000,1.000000000,0.977011494,0.125386776
AOI-0059,2018-08-19,2,1,1,True,0,1.000000000,1.000000000,1.000000000,0.978947368,0.116700546
AOI-0059,2018-08-27,2,1,1,True,0,1.000000000,1.000000000,1.000000000,0.977011494,0.125386776
AOI-0059,2018-10-30,2,1,1,True,0,1.000000000,1.000000000,1.000000000,0.974683544,0.135612188
AOI-0059,2019-06-25,2,0,0,True,2,1.000000000,1.000000000,3.000000000,0.985611511,0.085284100
AOI-0059,2019-07-12,2,1,2,True,0,1.000000000,1.000000000,1.000000000,0.819905213,0.493453353
AOI-0059,2019-07-28,2,2,2,True,1,1.000000000,1.000000000,2.000000000,0.781990521,0.674664437
AOI-0059,2019-08-09,2,0,0,True,0,1.000000000,1.000000000,1.000000000,0.810055866,0.511345905
AOI-0059,2019-08-22,2,1,1,True,0,1.000000000,1.000000000,1.000000000,0.843478261,0.467440026
AOI-0059,2019-09-15,2,1,0,True,0,1.000000000,1.000000000,1.000000000,0.628742515,0.690274396
AOI-0059,2019-10-09,2,1,1,True,0,1.000000000,1.000000000,1.000000000,0.980582524,0.109222462
AOI-0059,2020-04-06,2,2,2,True,0,1.000000000,1.000000000,1.000000000,0.990697674,0.059218348
AOI-0059,2020-04-22,2,2,0,True,0,1.000000000,1.000000000,1.000000000,0.608040201,0.696502445
AOI-0059,2020-06-14,2,0,0,True,0,1.000000000,1.000000000,1.000000000,0.594405594,0.710541979
AOI-0059,2020-06-29,2,0,0,True,1,1.000000000,1.000000000,2.000000000,0.985185185,0.087375267
AOI-0059,2020-08-08,2,0,0,True,0,1.000000000,1.000000000,1.000000000,0.986754967,0.079610965
AOI-0059,2020-08-23,2,0,0,True,3,1.000000000,1.000000000,8.000000000,0.986013986,0.083298165
AOI-0059,2020-08-24,2,1,1,True,0,1.000000000,1.000000000,1.000000000,0.979797980,0.112827275
AOI-0059,2020-08-31,2,1,1,True,0,1.000000000,1.000000000,1.000000000,0.617021277,0.747675135
AOI-0059,2020-09-02,2,0,0,True,0,1.000000000,1.000000000,1.000000000,0.792349727,0.536096233
AOI-0059,2020-09-24,2,0,0,True,1,1.000000000,1.000000000,2.000000000,0.748633880,0.590157197
AOI-0059,2021-05-09,2,2,2,True,3,1.000000000,1.000000000,8.000000000,0.990521327,0.060162121
AOI-0059,2021-07-14,2,0,0,True,1,1.000000000,1.000000000,2.000000000,0.986013986,0.083298165
AOI-0059,2021-07-18,2,1,1,True,0,1.000000000,1.000000000,1.000000000,0.823129252,0.495449242
AOI-0059,2021-07-24,2,0,0,True,0,1.000000000,1.000000000,1.000000000,0.986394558,0.081409508
AOI-0059,2021-09-03,2,1,1,False,-1,0.000000000,0.000000000,inf,0.818181818,0.600166073
AOI-0059,2021-10-02,2,0,0,True,0,1.000000000,1.000000000,1.000000000,0.983739837,0.094374144
AOI-0059,2021-10-30,2,1,1,True,0,1.000000000,1.000000000,1.000000000,0.831775701,0.489153472
AOI-0059,2022-04-07,2,0,0,True,2,1.000000000,1.000000000,3.000000000,0.642512077,0.880605149
AOI-0059,2022-04-25,2,0,0,True,0,1.000000000,1.000000000,1.000000000,0.820359281,0.497101801
AOI-0059,2022-06-24,2,0,0,False,-1,0.000000000,0.000000000,inf,0.970149254,0.154913925
AOI-0059,2022-07-05,2,1,1,True,0,1.000000000,1.000000000,1.000000000,0.982608696,0.099759750
AOI-0059,2022-07-13,2,1,1,True,3,1.000000000,1.000000000,8.000000000,0.966101695,0.171538761
AOI-0059,2022-07-19,2,0,0,True,0,1.000000000,1.000000000,1.000000000,0.956834532,0.197325562
AOI-0059,2022-08-03,2,0,0,True,1,1.000000000,1.000000000,2.000000000,0.894736842,0.370715018
AOI-0059,2022-08-30,2,0,0,True,1,1.000000000,1.000000000,2.000000000,0.655813953,0.668411592
AOI-0059,2023-04-18,2,1,1,True,0,1.000000000,1.000000000,1.000000000,0.935483871,0.283936267
AOI-0059,2023-07-04,2,0,0,True,0,1.000000000,1.000000000,1.000000000,0.984732824,0.089580528
AOI-0059,2023-07-28,2,2,2,True,0,1.000000000,1.000000000,1.000000000,0.990867580,0.058305859
AOI-0059,2023-08-08,2,0,0,True,0,1.000000000,1.000000000,1.000000000,0.828571429,0.483197564
AOI-0059,2023-09-12,2,0,0,True,0,1.000000000,1.000000000,1.000000000,0.814207650,0.504717032
AOI-0059,2023-09-25,2,1,1,True,0,1.000000000,1.000000000,1.000000000,0.647058824,0.724975116
AOI-0059,2023-10-02,2,0,0,True,0,1.000000000,1.000000000,1.000000000,0.983193277,0.096986095
AOI-0059,2023-10-07,2,0,0,True,0,1.000000000,1.000000000,1.000000000,0.801324503,0.527596161
AOI-0059,2023-10-11,2,1,1,True,1,1.000000000,1.000000000,2.000000000,0.801324503,0.527596161
AOI-0059,2023-10-20,2,1,1,True,0,1.000000000,1.000000000,1.000000000,0.925925926,0.315396287
AOI-0059,2024-04-06,2,2,0,True,0,1.000000000,1.000000000,1.000000000,0.649289100,0.734616782
AOI-0059,2024-05-09,2,0,0,True,5,1.000000000,1.000000000,31.000000000,0.632653061,0.691403850
AOI-0059,2024-05-30,2,1,1,True,0,1.000000000,1.000000000,1.000000000,0.957446809,0.205470750
AOI-0059,2024-06-07,2,1,1,True,0,1.000000000,1.000000000,1.000000000,0.627118644,0.729419919
AOI-0059,2024-06-18,2,0,0,True,1,1.000000000,1.000000000,2.000000000,0.710691824,0.631831023
AOI-0059,2024-07-10,2,1,0,True,0,1.000000000,1.000000000,1.000000000,0.650349650,0.681509333
AOI-0059,2024-08-18,2,1,1,True,3,1.000000000,1.000000000,8.000000000,0.960784314,0.192625738
AOI-0059,2024-09-03,2,1,0,True,0,1.000000000,1.000000000,1.000000000,0.708737864,0.645844345
AOI-0059,2024-09-16,2,0,0,True,0,1.000000000,1.000000000,1.000000000,0.986013986,0.083298165
AOI-0059,2025-04-29,2,0,0,True,0,1.000000000,1.000000000,1.000000000,0.979797980,0.112827275
AOI-0059,2025-05-24,2,0,0,True,0,2.000000000,1.000000000,1.000000000,0.987730061,0.074694356
AOI-0059,2025-06-03,2,0,0,True,0,1.000000000,1.000000000,1.000000000,0.985185185,0.087375267
AOI-0059,2025-06-08,2,0,0,True,0,2.000000000,1.000000000,1.000000000,0.989743590,0.064285679
AOI-0059,2025-08-09,2,0,0,True,0,1.000000000,1.000000000,1.000000000,0.986013986,0.083298165
AOI-0059,2025-08-22,2,0,0,True,0,2.000000000,1.000000000,1.000000000,0.987730061,0.074694356
AOI-0059,2025-08-30,2,1,1,True,0,1.000000000,1.000000000,1.000000000,0.853658537,0.447709041
AOI-0059,2025-09-26,2,0,0,True,0,2.000000000,1.000000000,1.000000000,0.801047120,0.523158429
AOI-0060,2025-04-24,2,0,0,True,0,2.000000000,1.000000000,1.000000000,0.981981982,0.102711110
AOI-0060,2025-05-25,2,2,2,True,2,7.000000000,0.714285714,1.000000000,0.819905213,0.493453353
AOI-0060,2025-06-27,2,0,0,False,-1,0.000000000,0.000000000,1.000000000,0.708542714,0.628837152
AOI-0060,2025-07-23,2,0,0,True,0,2.000000000,1.000000000,1.000000000,0.780645161,0.555196694
AOI-0060,2025-07-28,2,0,0,True,0,1.000000000,1.000000000,1.000000000,0.638766520,0.677915770
AOI-0060,2025-08-07,2,0,0,True,0,2.000000000,1.000000000,1.000000000,0.851428571,0.444443716
AOI-0060,2025-08-13,2,1,2,True,4,19.000000000,0.684210526,1.000000000,0.765182186,0.565485065
AOI-0060,2025-08-17,2,0,0,True,0,2.000000000,1.000000000,1.000000000,0.796407186,0.532357983
AOI-0061,2010-04-07,2,2,2,True,0,1.000000000,1.000000000,1.000000000,0.674418605,0.655383417
AOI-0061,2010-05-02,2,1,1,False,-1,0.000000000,0.000000000,inf,0.978021978,0.120874486
AOI-0061,2010-07-28,2,2,2,True,0,1.000000000,1.000000000,1.000000000,0.534246575,0.716462038
AOI-0061,2011-05-25,2,2,2,True,0,1.000000000,1.000000000,1.000000000,0.990867580,0.058305859
AOI-0061,2011-08-01,2,1,1,True,0,1.000000000,1.000000000,1.000000000,0.981308411,0.105858397
AOI-0061,2011-10-28,2,1,1,True,0,1.000000000,1.000000000,1.000000000,0.894736842,0.409458619
AOI-0061,2012-05-31,2,1,1,False,-1,0.000000000,0.000000000,inf,0.966101695,0.171538761
AOI-0061,2012-06-25,2,2,2,True,0,1.000000000,1.000000000,1.000000000,0.716894977,0.619236583
AOI-0061,2012-09-29,2,2,2,True,0,1.000000000,1.000000000,1.000000000,0.706161137,0.629814033
AOI-0061,2013-05-02,2,1,1,True,0,1.000000000,1.000000000,1.000000000,0.981308411,0.105858397
AOI-0061,2013-05-09,2,2,2,True,0,1.000000000,1.000000000,1.000000000,0.579487179,0.708152353
AOI-0061,2013-07-13,2,1,1,True,0,1.000000000,1.000000000,1.000000000,0.980582524,0.109222462
AOI-0061,2013-08-22,2,1,1,True,0,1.000000000,1.000000000,1.000000000,0.978021978,0.120874486
AOI-0061,2014-05-09,2,2,2,True,0,1.000000000,1.000000000,1.000000000,0.990338164,0.061138862
AOI-0061,2014-08-25,2,1,1,True,0,1.000000000,1.000000000,1.000000000,0.974683544,0.135612188
AOI-0061,2014-09-14,2,2,2,True,0,1.000000000,1.000000000,1.000000000,0.989949749,0.063198621
AOI-0061,2014-10-04,2,1,1,False,-1,0.000000000,0.000000000,inf,0.978947368,0.116700546
AOI-0061,2015-06-10,2,2,2,True,1,1.000000000,1.000000000,2.000000000,0.739130435,0.598020854
AOI-0061,2015-07-11,2,1,1,True,0,1.000000000,1.000000000,1.000000000,0.975903614,0.130281794
AOI-0061,2015-07-27,2,1,1,True,0,1.000000000,1.000000000,1.000000000,0.979797980,0.112827275
AOI-0061,2015-08-28,2,1,1,True,0,1.000000000,1.000000000,1.000000000,0.978947368,0.116700546
AOI-0061,2016-05-18,2,1,1,True,0,1.000000000,1.000000000,1.000000000,0.979797980,0.112827275
AOI-0061,2016-06-03,2,1,1,True,0,1.000000000,1.000000000,1.000000000,0.981308411,0.105858397
AOI-0061,2016-08-28,2,2,2,True,0,1.000000000,1.000000000,1.000000000,0.763033175,0.570790373
AOI-0061,2016-10-09,2,1,1,True,0,1.000000000,1.000000000,1.000000000,0.973333333,0.141440924
AOI-0061,2017-04-26,2,0,0,True,0,1.000000000,1.000000000,1.000000000,0.984732824,0.089580528
AOI-0061,2017-05-01,2,0,0,True,0,1.000000000,1.000000000,1.000000000,0.984251969,0.091909786
AOI-0061,2017-05-05,2,1,1,True,0,1.000000000,1.000000000,1.000000000,0.740458015,0.607016297
AOI-0061,2017-06-30,2,0,0,True,0,1.000000000,1.000000000,1.000000000,0.788617886,0.550242400
AOI-0061,2017-07-28,2,2,2,True,4,3.000000000,1.000000000,10.000000000,0.990697674,0.059218348
AOI-0061,2017-09-10,2,0,0,False,-1,0.000000000,0.000000000,inf,0.984732824,0.089580528
AOI-0061,2017-09-13,2,0,0,True,0,1.000000000,1.000000000,1.000000000,0.985185185,0.087375267
AOI-0061,2018-05-01,2,0,0,True,0,1.000000000,1.000000000,1.000000000,0.704035874,0.630643682
AOI-0061,2018-05-31,2,0,0,True,2,1.000000000,1.000000000,3.000000000,0.984732824,0.089580528
AOI-0061,2018-07-27,2,1,1,False,-1,0.000000000,0.000000000,inf,0.980582524,0.109222462
AOI-0061,2018-09-05,2,0,1,True,0,1.000000000,1.000000000,1.000000000,0.723577236,0.626221864
AOI-0061,2018-10-07,2,1,1,True,0,1.000000000,1.000000000,1.000000000,0.818181818,0.503779973
AOI-0061,2018-10-13,2,0,0,True,1,1.000000000,1.000000000,2.000000000,0.986754967,0.079610965
AOI-0061,2019-04-07,2,2,2,True,0,1.000000000,1.000000000,1.000000000,0.797356828,0.525268191
AOI-0061,2019-04-26,2,0,0,True,0,1.000000000,1.000000000,1.000000000,0.714285714,0.623155167
AOI-0061,2019-05-16,2,0,0,True,0,1.000000000,1.000000000,1.000000000,0.986754967,0.079610965
AOI-0061,2019-05-27,2,1,1,True,0,1.000000000,1.000000000,1.000000000,0.975903614,0.130281794
AOI-0061,2019-05-28,2,0,0,True,0,1.000000000,1.000000000,1.000000000,0.983739837,0.094374144
AOI-0061,2019-06-25,2,0,0,True,0,1.000000000,1.000000000,1.000000000,0.985611511,0.085284100
AOI-0061,2019-07-30,2,0,0,True,0,1.000000000,1.000000000,1.000000000,0.813333333,0.529386149
AOI-0061,2019-08-01,2,0,0,True,0,1.000000000,1.000000000,1.000000000,0.985611511,0.085284100
AOI-0061,2019-08-16,2,0,0,False,-1,0.000000000,0.000000000,inf,0.873417722,0.420987473
AOI-0061,2019-09-16,2,1,1,True,0,1.000000000,1.000000000,1.000000000,0.843478261,0.467440026
AOI-0061,2019-10-23,2,0,0,True,1,1.000000000,1.000000000,2.000000000,0.985185185,0.087375267
AOI-0061,2020-04-30,2,0,0,True,1,1.000000000,1.000000000,2.000000000,0.985611511,0.085284100
AOI-0061,2020-05-27,2,1,0,True,1,1.000000000,1.000000000,2.000000000,0.780645161,0.555196694
AOI-0061,2020-06-06,2,0,0,True,0,1.000000000,1.000000000,1.000000000,0.930069930,0.276191097
AOI-0061,2020-08-09,2,1,1,True,0,1.000000000,1.000000000,1.000000000,0.983193277,0.096986095
AOI-0061,2020-08-12,2,2,2,True,1,1.000000000,1.000000000,2.000000000,0.857819905,0.429680211
AOI-0061,2020-08-25,2,0,0,False,-1,0.000000000,0.000000000,inf,0.904761905,0.338998738
AOI-0061,2020-09-12,2,0,0,True,0,1.000000000,1.000000000,1.000000000,0.814207650,0.504717032
AOI-0061,2020-09-19,2,0,0,True,0,1.000000000,1.000000000,1.000000000,0.788617886,0.550242400
AOI-0061,2020-10-07,2,0,0,True,1,1.000000000,1.000000000,2.000000000,0.986754967,0.079610965
AOI-0061,2020-10-24,2,0,0,True,0,1.000000000,1.000000000,1.000000000,0.966101695,0.171538761
AOI-0061,2021-05-09,2,2,2,True,4,2.000000000,1.000000000,10.000000000,0.990521327,0.060162121
AOI-0061,2021-05-12,2,0,0,False,-1,0.000000000,0.000000000,inf,0.984732824,0.089580528
AOI-0061,2021-05-30,2,0,0,True,0,1.000000000,1.000000000,1.000000000,0.935483871,0.283936267
AOI-0061,2021-06-06,2,0,0,False,-1,0.000000000,0.000000000,inf,0.984732824,0.089580528
AOI-0061,2021-07-28,2,2,2,True,2,1.000000000,1.000000000,3.000000000,0.694581281,0.826449954
AOI-0061,2021-08-30,2,0,0,True,0,1.000000000,1.000000000,1.000000000,0.984251969,0.091909786
AOI-0061,2021-09-05,2,1,1,True,0,1.000000000,1.000000000,1.000000000,0.568627451,0.763461902
AOI-0061,2021-09-14,2,0,0,True,0,1.000000000,1.000000000,1.000000000,0.615763547,0.692456055
AOI-0061,2021-10-02,2,0,0,True,0,1.000000000,1.000000000,1.000000000,0.983739837,0.094374144
AOI-0061,2021-10-23,2,1,1,True,0,1.000000000,1.000000000,1.000000000,0.894736842,0.409458619
AOI-0061,2022-04-07,2,0,0,True,0,1.000000000,1.000000000,1.000000000,0.642512077,0.880605149
AOI-0061,2022-04-23,2,2,2,True,0,1.000000000,1.000000000,1.000000000,0.913043478,0.314096510
AOI-0061,2022-06-11,2,0,0,True,0,1.000000000,1.000000000,1.000000000,0.696335079,0.640386746
AOI-0061,2022-06-16,2,0,0,True,0,1.000000000,1.000000000,1.000000000,0.982608696,0.099759750
AOI-0061,2022-06-30,2,1,1,True,0,1.000000000,1.000000000,1.000000000,0.986013986,0.083298165
AOI-0061,2022-07-01,2,0,0,True,0,1.000000000,1.000000000,1.000000000,0.984732824,0.089580528
AOI-0061,2022-07-12,2,1,1,True,0,1.000000000,1.000000000,1.000000000,0.556650246,0.901565636
AOI-0061,2022-08-05,2,0,1,True,0,1.000000000,1.000000000,1.000000000,0.513513514,0.737643772
AOI-0061,2022-08-15,2,1,0,True,0,1.000000000,1.000000000,1.000000000,0.889763780,0.375374762
AOI-0061,2023-05-15,2,0,0,True,0,1.000000000,1.000000000,1.000000000,0.730232558,0.606524011
AOI-0061,2023-06-16,2,0,0,True,0,1.000000000,1.000000000,1.000000000,0.983193277,0.096986095
AOI-0061,2023-07-14,2,0,0,True,4,1.000000000,1.000000000,12.000000000,0.979797980,0.112827275
AOI-0061,2023-08-13,2,0,0,True,1,1.000000000,1.000000000,2.000000000,0.687203791,0.816971044
AOI-0061,2023-08-23,2,0,0,True,0,1.000000000,1.000000000,1.000000000,0.827814570,0.487404918
AOI-0061,2023-08-25,2,1,0,True,4,1.000000000,1.000000000,10.000000000,0.726618705,0.619861451
AOI-0061,2023-08-26,2,1,1,True,0,1.000000000,1.000000000,1.000000000,0.821138211,0.502736035
AOI-0061,2023-09-12,2,0,0,True,0,1.000000000,1.000000000,1.000000000,0.814207650,0.504717032
AOI-0061,2023-09-30,2,2,2,True,0,1.000000000,1.000000000,1.000000000,0.893719807,0.358318799
AOI-0061,2023-10-19,2,0,0,True,0,1.000000000,1.000000000,1.000000000,0.710691824,0.631831023
AOI-0061,2024-04-04,2,0,0,True,0,1.000000000,1.000000000,1.000000000,0.986013986,0.083298165
AOI-0061,2024-04-11,2,0,0,True,0,1.000000000,1.000000000,1.000000000,0.985611511,0.085284100
AOI-0061,2024-04-14,2,0,0,True,0,1.000000000,1.000000000,1.000000000,0.721854305,0.622489281
AOI-0061,2024-05-21,2,0,0,True,0,1.000000000,1.000000000,1.000000000,0.983739837,0.094374144
AOI-0061,2024-06-03,2,0,0,True,1,1.000000000,1.000000000,2.000000000,0.806451613,0.519613528
AOI-0061,2024-07-08,2,0,0,False,-1,0.000000000,0.000000000,inf,0.974683544,0.135612188
AOI-0061,2024-07-18,2,0,0,True,0,1.000000000,1.000000000,1.000000000,0.987096774,0.077896072
AOI-0061,2024-08-02,2,0,0,True,0,1.000000000,1.000000000,1.000000000,0.948717949,0.237819011
AOI-0061,2024-08-29,2,0,0,True,0,1.000000000,1.000000000,1.000000000,0.931034483,0.282027991
AOI-0061,2025-04-14,2,0,0,True,0,1.000000000,1.000000000,1.000000000,0.986013986,0.083298165
AOI-0061,2025-06-04,2,1,1,True,0,1.000000000,1.000000000,1.000000000,0.730994152,0.610441164
AOI-0061,2025-06-05,2,0,0,True,0,1.000000000,1.000000000,1.000000000,0.984251969,0.091909786
AOI-0061,2025-06-25,2,0,0,True,2,2.000000000,1.000000000,3.000000000,0.942857143,0.258640932
AOI-0061,2025-06-30,2,0,0,True,0,1.000000000,1.000000000,1.000000000,0.985611511,0.085284100
AOI-0061,2025-07-06,2,1,1,True,2,2.000000000,1.000000000,3.000000000,0.931034483,0.282027991
AOI-0061,2025-07-15,2,0,0,True,2,1.000000000,1.000000000,3.000000000,0.947826087,0.228374661
AOI-0061,2025-08-12,2,0,0,True,0,2.000000000,1.000000000,1.000000000,0.985611511,0.085284100
AOI-0061,2025-08-31,2,1,1,True,0,1.000000000,1.000000000,1.000000000,0.739130435,0.612089208
AOI-0061,2025-09-05,2,0,0,True,0,1.000000000,1.000000000,1.000000000,0.973333333,0.141440924
AOI-0061,2025-09-15,2,1,0,True,4,14.000000000,0.714285714,1.000000000,0.634042553,0.679954210
AOI-0062,2010-07-12,2,2,2,True,0,1.000000000,1.000000000,1.000000000,0.516587678,0.719232108
AOI-0062,2010-09-14,2,2,2,True,0,1.000000000,1.000000000,1.000000000,0.990697674,0.059218348
AOI-0062,2010-10-01,2,1,1,True,0,1.000000000,1.000000000,1.000000000,0.957446809,0.205470750
AOI-0062,2011-04-07,2,2,2,True,0,1.000000000,1.000000000,1.000000000,0.990697674,0.059218348
AOI-0062,2011-04-23,2,2,2,True,0,1.000000000,1.000000000,1.000000000,0.990867580,0.058305859
AOI-0062,2011-06-06,2,1,1,True,0,1.000000000,1.000000000,1.000000000,0.983739837,0.094374144
AOI-0062,2012-07-27,2,2,2,True,0,1.000000000,1.000000000,1.000000000,0.725118483,0.611995933
AOI-0062,2012-10-22,2,1,1,False,-1,0.000000000,0.000000000,inf,0.948717949,0.237819011
AOI-0062,2013-06-11,2,1,1,True,0,1.000000000,1.000000000,1.000000000,0.981308411,0.105858397
AOI-0062,2013-06-27,2,1,1,True,0,1.000000000,1.000000000,1.000000000,0.981308411,0.105858397
AOI-0062,2013-08-06,2,1,1,True,0,1.000000000,1.000000000,1.000000000,0.982608696,0.099759750
AOI-0062,2014-04-07,2,2,2,True,0,1.000000000,1.000000000,1.000000000,0.989949749,0.063198621
AOI-0062,2014-07-16,2,1,1,True,0,1.000000000,1.000000000,1.000000000,0.981981982,0.102711110
AOI-0062,2014-08-01,2,1,1,True,0,1.000000000,1.000000000,1.000000000,0.979797980,0.112827275
AOI-0062,2014-09-18,2,1,1,True,0,1.000000000,1.000000000,1.000000000,0.981308411,0.105858397
AOI-0062,2015-05-08,2,1,1,False,-1,0.000000000,0.000000000,inf,0.968253968,0.162764794
AOI-0062,2015-06-10,2,2,2,True,2,2.000000000,1.000000000,3.000000000,0.739130435,0.598020854
AOI-0062,2015-07-19,2,1,1,True,0,1.000000000,1.000000000,1.000000000,0.979797980,0.112827275
AOI-0062,2015-10-07,2,1,1,True,0,1.000000000,1.000000000,1.000000000,0.974683544,0.135612188
AOI-0062,2016-04-22,2,2,2,True,2,2.000000000,1.000000000,3.000000000,0.971563981,0.142075028
AOI-0062,2016-06-09,2,2,2,True,0,1.000000000,1.000000000,1.000000000,0.990147783,0.062150380
AOI-0062,2016-08-06,2,1,1,False,-1,0.000000000,0.000000000,inf,0.973333333,0.141440924
AOI-0062,2016-09-15,2,1,1,True,0,1.000000000,1.000000000,1.000000000,0.981981982,0.102711110
AOI-0062,2017-04-27,2,1,1,True,0,1.000000000,1.000000000,1.000000000,0.981981982,0.102711110
AOI-0062,2017-05-26,2,0,0,True,0,1.000000000,1.000000000,1.000000000,0.894736842,0.409458619
AOI-0062,2017-06-05,2,0,0,True,0,1.000000000,1.000000000,1.000000000,0.709923664,0.637520105
AOI-0062,2017-08-11,2,0,0,False,-1,0.000000000,0.000000000,inf,0.984732824,0.089580528
AOI-0062,2017-09-10,2,0,0,False,-1,0.000000000,0.000000000,inf,0.984732824,0.089580528
AOI-0062,2017-09-30,2,0,2,True,0,1.000000000,1.000000000,1.000000000,0.635467980,0.682076228
AOI-0062,2017-10-04,2,1,1,True,0,1.000000000,1.000000000,1.000000000,0.984251969,0.091909786
AOI-0062,2018-05-31,2,0,0,True,2,1.000000000,1.000000000,4.000000000,0.984732824,0.089580528
AOI-0062,2018-06-20,2,0,0,True,0,1.000000000,1.000000000,1.000000000,0.984251969,0.091909786
AOI-0062,2018-07-27,2,1,1,False,-1,0.000000000,0.000000000,inf,0.980582524,0.109222462
AOI-0062,2018-08-13,2,2,2,True,0,1.000000000,1.000000000,1.000000000,0.990867580,0.058305859
AOI-0062,2018-10-13,2,0,0,True,2,2.000000000,1.000000000,3.000000000,0.986754967,0.079610965
AOI-0062,2019-04-25,2,1,1,True,0,1.000000000,1.000000000,1.000000000,0.762237762,0.580035758
AOI-0062,2019-05-25,2,2,2,True,2,1.000000000,1.000000000,3.000000000,0.841860465,0.457555646
AOI-0062,2019-06-26,2,2,2,True,0,1.000000000,1.000000000,1.000000000,0.735159817,0.601126410
AOI-0062,2019-06-28,2,1,1,True,0,1.000000000,1.000000000,1.000000000,0.882352941,0.392483338
AOI-0062,2019-07-02,2,0,0,True,0,1.000000000,1.000000000,1.000000000,0.983739837,0.094374144
AOI-0062,2019-07-07,2,0,0,True,0,1.000000000,1.000000000,1.000000000,0.956834532,0.197325562
AOI-0062,2019-08-13,2,2,2,True,0,1.000000000,1.000000000,1.000000000,0.611374408,0.930058397
AOI-0062,2019-08-21,2,1,0,True,2,1.000000000,1.000000000,4.000000000,0.777777778,0.556748955
AOI-0062,2019-09-15,2,0,0,True,0,1.000000000,1.000000000,1.000000000,0.628742515,0.690274396
AOI-0062,2019-10-10,2,0,0,True,0,1.000000000,1.000000000,1.000000000,0.870503597,0.413212905
AOI-0062,2019-10-20,2,0,0,False,-1,0.000000000,0.000000000,inf,0.984732824,0.089580528
AOI-0062,2020-05-13,2,1,1,True,0,1.000000000,1.000000000,1.000000000,0.974683544,0.135612188
AOI-0062,2020-07-24,2,0,0,True,2,2.000000000,1.000000000,3.000000000,0.766871166,0.571399404
AOI-0062,2020-07-27,2,2,2,True,2,2.000000000,1.000000000,3.000000000,0.911330049,0.318474676
AOI-0062,2020-08-10,2,0,0,True,0,1.000000000,1.000000000,1.000000000,0.984732824,0.089580528
AOI-0062,2020-08-12,2,2,2,True,2,1.000000000,1.000000000,3.000000000,0.857819905,0.429680211
AOI-0062,2020-08-30,2,0,0,True,0,1.000000000,1.000000000,1.000000000,0.985185185,0.087375267
AOI-0062,2020-09-04,2,0,0,True,0,1.000000000,1.000000000,1.000000000,0.984251969,0.091909786
AOI-0062,2020-09-17,2,0,0,True,0,1.000000000,1.000000000,1.000000000,0.986754967,0.079610965
AOI-0062,2020-09-26,2,1,1,True,0,1.000000000,1.000000000,1.000000000,0.826771654,0.492999622
AOI-0062,2020-10-27,2,0,0,True,0,1.000000000,1.000000000,1.000000000,0.984732824,0.089580528
AOI-0062,2021-04-07,2,2,2,True,0,1.000000000,1.000000000,1.000000000,0.989528796,0.065413816
AOI-0062,2021-04-20,2,0,0,True,0,1.000000000,1.000000000,1.000000000,0.894736842,0.409458619
AOI-0062,2021-04-22,2,1,0,True,0,1.000000000,1.000000000,1.000000000,0.726618705,0.619861451
AOI-0062,2021-05-02,2,0,0,False,-1,0.000000000,0.000000000,inf,0.985611511,0.085284100
AOI-0062,2021-05-09,2,2,2,True,4,2.000000000,1.000000000,11.000000000,0.990521327,0.060162121
AOI-0062,2021-07-24,2,0,0,True,2,1.000000000,1.000000000,4.000000000,0.986394558,0.081409508
AOI-0062,2021-07-28,2,2,2,True,2,1.000000000,1.000000000,4.000000000,0.694581281,0.826449954
AOI-0062,2021-08-05,2,0,0,True,0,1.000000000,1.000000000,1.000000000,0.981308411,0.105858397
AOI-0062,2021-08-28,2,0,0,False,-1,0.000000000,0.000000000,inf,0.796407186,0.532357983
AOI-0062,2022-04-09,2,1,1,False,-1,0.000000000,0.000000000,inf,0.913043478,0.355712860
AOI-0062,2022-05-15,2,0,0,True,0,1.000000000,1.000000000,1.000000000,0.690140845,0.676283176
AOI-0062,2022-06-04,2,0,0,True,0,1.000000000,1.000000000,1.000000000,0.684210526,0.669805822
AOI-0062,2022-06-21,2,0,0,False,-1,0.000000000,0.000000000,inf,0.931034483,0.282027991
AOI-0062,2022-06-26,2,2,2,True,0,1.000000000,1.000000000,1.000000000,0.899543379,0.379925835
AOI-0062,2022-07-22,2,1,1,False,-1,0.000000000,0.000000000,inf,0.913043478,0.355712860
AOI-0062,2022-07-31,2,0,0,True,0,1.000000000,1.000000000,1.000000000,0.951219512,0.216887283
AOI-0062,2022-08-08,2,0,0,True,0,1.000000000,1.000000000,1.000000000,0.704918033,0.633850789
AOI-0062,2022-08-10,2,0,0,True,0,1.000000000,1.000000000,1.000000000,0.985611511,0.085284100
AOI-0062,2023-04-17,2,0,0,True,0,1.000000000,1.000000000,1.000000000,0.979797980,0.112827275
AOI-0062,2023-04-23,2,2,2,True,0,1.000000000,1.000000000,1.000000000,0.990867580,0.058305859
AOI-0062,2023-05-06,2,1,1,False,-1,0.000000000,0.000000000,inf,0.980582524,0.109222462
AOI-0062,2023-06-06,2,1,0,True,2,2.000000000,1.000000000,3.000000000,0.576354680,0.708281313
AOI-0062,2023-06-11,2,0,0,True,0,1.000000000,1.000000000,1.000000000,0.925925926,0.315396287
AOI-0062,2023-07-06,2,0,0,True,0,1.000000000,1.000000000,1.000000000,0.985185185,0.087375267
AOI-0062,2023-08-13,2,0,0,True,2,2.000000000,1.000000000,3.000000000,0.687203791,0.816971044
AOI-0062,2023-10-09,2,0,0,True,0,1.000000000,1.000000000,1.000000000,0.985185185,0.087375267
AOI-0062,2023-10-13,2,1,1,True,0,1.000000000,1.000000000,1.000000000,0.963636364,0.181415523
AOI-0062,2023-10-22,2,0,0,True,0,1.000000000,1.000000000,1.000000000,0.514563107,0.740314755
AOI-0062,2024-05-24,2,0,0,True,0,1.000000000,1.000000000,1.000000000,0.714285714,0.793585103
AOI-0062,2024-06-13,2,0,0,True,0,1.000000000,1.000000000,1.000000000,0.975903614,0.130281794
AOI-0062,2024-07-05,2,0,0,True,0,1.000000000,1.000000000,1.000000000,0.981308411,0.105858397
AOI-0062,2024-07-08,2,0,0,False,-1,0.000000000,0.000000000,inf,0.974683544,0.135612188
AOI-0062,2024-07-15,2,0,0,False,-1,0.000000000,0.000000000,inf,0.984251969,0.091909786
AOI-0062,2024-07-25,2,0,0,True,0,1.000000000,1.000000000,1.000000000,0.684210526,0.652775710
AOI-0062,2024-08-19,2,0,0,True,0,1.000000000,1.000000000,1.000000000,0.661835749,0.665130698
AOI-0062,2024-09-11,2,0,0,True,0,1.000000000,1.000000000,1.000000000,0.982608696,0.099759750
AOI-0062,2024-10-03,2,0,0,True,0,1.000000000,1.000000000,1.000000000,0.963636364,0.181415523
AOI-0062,2025-04-18,2,0,0,True,0,2.000000000,1.000000000,1.000000000,0.987421384,0.076258973
AOI-0062,2025-04-19,2,0,0,True,1,2.000000000,1.000000000,2.000000000,0.816425121,0.499110844
AOI-0062,2025-05-16,2,0,0,True,2,1.000000000,1.000000000,4.000000000,0.984251969,0.091909786
AOI-0062,2025-06-25,2,0,0,True,1,1.000000000,1.000000000,2.000000000,0.942857143,0.258640932
AOI-0062,2025-07-18,2,0,0,True,0,2.000000000,1.000000000,1.000000000,0.987096774,0.077896072
AOI-0062,2025-07-27,2,0,0,True,0,1.000000000,1.000000000,1.000000000,0.973333333,0.141440924
AOI-0062,2025-08-16,2,0,0,True,0,1.000000000,1.000000000,1.000000000,0.985611511,0.085284100
AOI-0062,2025-08-22,2,0,0,True,0,2.000000000,1.000000000,1.000000000,0.987730061,0.074694356
AOI-0062,2025-08-23,2,1,1,True,0,1.000000000,1.000000000,1.000000000,0.766871166,0.571399404
AOI-0062,2025-09-23,2,0,0,True,0,2.000000000,1.000000000,1.000000000,0.662100457,0.663820899
AOI-0063,2025-04-16,2,0,0,True,0,2.000000000,1.000000000,1.000000000,0.754838710,0.586790839
AOI-0063,2025-04-28,2,0,0,True,0,1.000000000,1.000000000,1.000000000,0.980582524,0.109222462
AOI-0063,2025-05-09,2,2,2,True,0,2.000000000,1.000000000,1.000000000,0.847533632,0.447194483
AOI-0063,2025-07-10,2,0,0,True,0,1.000000000,1.000000000,1.000000000,0.990867580,0.058305859
AOI-0063,2025-07-15,2,0,0,True,0,1.000000000,1.000000000,1.000000000,0.947826087,0.228374661
AOI-0063,2025-07-23,2,0,0,True,0,2.000000000,1.000000000,1.000000000,0.780645161,0.555196694
AOI-0063,2025-07-27,2,0,0,True,0,1.000000000,1.000000000,1.000000000,0.973333333,0.141440924
AOI-0063,2025-08-02,2,0,0,True,0,1.000000000,1.000000000,1.000000000,0.986394558,0.081409508
AOI-0063,2025-08-17,2,0,0,True,1,1.000000000,1.000000000,2.000000000,0.796407186,0.532357983
AOI-0063,2025-10-16,2,0,0,True,0,2.000000000,1.000000000,1.000000000,0.558441558,0.710629951
AOI-0064,2025-04-01,2,0,0,True,0,2.000000000,1.000000000,1.000000000,0.983739837,0.094374144
AOI-0064,2025-04-28,2,0,0,True,0,1.000000000,1.000000000,1.000000000,0.980582524,0.109222462
AOI-0064,2025-04-29,2,0,0,True,0,2.000000000,1.000000000,1.000000000,0.979797980,0.112827275
AOI-0064,2025-05-16,2,0,0,True,1,1.000000000,1.000000000,2.000000000,0.984251969,0.091909786
AOI-0064,2025-07-12,2,2,2,True,0,1.000000000,1.000000000,1.000000000,0.600000000,0.939354209
AOI-0064,2025-08-04,2,0,0,True,0,2.000000000,1.000000000,1.000000000,0.948717949,0.237819011
AOI-0064,2025-08-09,2,0,0,True,0,1.000000000,1.000000000,1.000000000,0.986013986,0.083298165
AOI-0064,2025-08-17,2,0,0,True,2,1.000000000,1.000000000,3.000000000,0.796407186,0.532357983
AOI-0064,2025-09-15,2,0,0,True,0,2.000000000,1.000000000,1.000000000,0.634042553,0.679954210
AOI-0064,2025-09-24,2,1,1,True,0,2.000000000,1.000000000,1.000000000,0.808695652,0.523482354
AOI-0065,2025-05-24,2,0,0,True,0,2.000000000,1.000000000,1.000000000,0.987730061,0.074694356
AOI-0065,2025-06-03,2,0,0,True,0,1.000000000,1.000000000,1.000000000,0.985185185,0.087375267
AOI-0065,2025-06-10,2,2,0,True,0,2.000000000,1.000000000,1.000000000,0.516587678,0.719232108
AOI-0065,2025-07-10,2,0,0,True,2,1.000000000,1.000000000,3.000000000,0.990867580,0.058305859
AOI-0065,2025-07-12,2,2,2,True,1,1.000000000,1.000000000,2.000000000,0.600000000,0.939354209
AOI-0065,2025-07-14,2,1,1,True,0,2.000000000,1.000000000,1.000000000,0.706293706,0.638483603
AOI-0065,2025-07-30,2,0,0,True,0,2.000000000,1.000000000,1.000000000,0.992277992,0.050601985
AOI-0065,2025-08-09,2,0,0,True,0,1.000000000,1.000000000,1.000000000,0.986013986,0.083298165
AOI-0065,2025-09-01,2,0,0,True,0,1.000000000,1.000000000,1.000000000,0.744855967,0.588982150
AOI-0065,2025-09-06,2,0,0,True,0,2.000000000,1.000000000,1.000000000,0.609195402,0.720963050
AOI-0066,2025-05-14,2,0,0,True,0,1.000000000,1.000000000,1.000000000,0.981308411,0.105858397
AOI-0066,2025-07-07,2,0,0,True,0,1.000000000,1.000000000,1.000000000,0.983739837,0.094374144
AOI-0066,2025-07-10,2,0,0,True,2,1.000000000,1.000000000,4.000000000,0.990867580,0.058305859
AOI-0066,2025-07-12,2,2,2,True,2,2.000000000,1.000000000,3.000000000,0.600000000,0.939354209
AOI-0066,2025-07-17,2,0,0,True,0,1.000000000,1.000000000,1.000000000,0.983193277,0.096986095
AOI-0066,2025-07-18,2,0,0,True,1,1.000000000,1.000000000,2.000000000,0.987096774,0.077896072
AOI-0066,2025-07-22,2,1,1,True,0,1.000000000,1.000000000,1.000000000,0.670329670,0.682124509
AOI-0066,2025-07-28,2,0,0,True,0,1.000000000,1.000000000,1.000000000,0.638766520,0.677915770
AOI-0066,2025-08-17,2,0,0,True,3,5.000000000,1.000000000,5.000000000,0.796407186,0.532357983
AOI-0066,2025-08-19,2,0,0,True,0,1.000000000,1.000000000,1.000000000,0.991341991,0.055740919
AOI-0066,2025-09-16,2,0,0,True,0,1.000000000,1.000000000,1.000000000,0.702564103,0.634582589
AOI-0066,2025-09-25,2,0,0,True,1,1.000000000,1.000000000,2.000000000,0.846153846,0.468910505
AOI-0067,2010-04-07,2,2,2,True,0,1.000000000,1.000000000,1.000000000,0.674418605,0.655383417
AOI-0067,2010-07-12,2,2,2,True,0,1.000000000,1.000000000,1.000000000,0.516587678,0.719232108
AOI-0067,2010-08-22,2,1,1,True,0,1.000000000,1.000000000,1.000000000,0.983739837,0.094374144
AOI-0067,2010-09-07,2,1,1,True,0,1.000000000,1.000000000,1.000000000,0.913043478,0.355712860
AOI-0067,2011-05-25,2,2,2,True,0,1.000000000,1.000000000,1.000000000,0.990867580,0.058305859
AOI-0067,2011-06-22,2,1,1,True,0,1.000000000,1.000000000,1.000000000,0.982608696,0.099759750
AOI-0067,2011-07-16,2,1,1,True,5,1.000000000,1.000000000,21.000000000,0.970149254,0.154913925
AOI-0067,2011-07-24,2,1,1,True,0,1.000000000,1.000000000,1.000000000,0.948717949,0.237819011
AOI-0067,2011-08-26,2,1,1,True,0,1.000000000,1.000000000,1.000000000,0.970149254,0.154913925
AOI-0067,2012-04-22,2,1,2,True,0,1.000000000,1.000000000,1.000000000,0.832512315,0.474104342
AOI-0067,2012-07-11,2,2,2,True,0,1.000000000,1.000000000,1.000000000,0.990697674,0.059218348
AOI-0067,2012-09-04,2,1,1,True,5,2.000000000,1.000000000,21.000000000,0.978947368,0.116700546
AOI-0067,2013-04-17,2,1,1,True,5,2.000000000,1.000000000,21.000000000,0.948717949,0.237819011
AOI-0067,2013-06-04,2,1,1,True,0,1.000000000,1.000000000,1.000000000,0.925925926,0.315396287
AOI-0067,2013-06-19,2,1,1,True,5,2.000000000,1.000000000,21.000000000,0.978021978,0.120874486
AOI-0067,2013-07-22,2,1,1,True,0,1.000000000,1.000000000,1.000000000,0.968253968,0.162764794
AOI-0067,2013-07-29,2,1,1,True,0,1.000000000,1.000000000,1.000000000,0.968253968,0.162764794
AOI-0067,2014-04-07,2,2,2,True,5,1.000000000,1.000000000,21.000000000,0.989949749,0.063198621
AOI-0067,2014-04-27,2,1,1,True,5,2.000000000,1.000000000,21.000000000,0.981981982,0.102711110
AOI-0067,2014-09-18,2,1,1,True,0,1.000000000,1.000000000,1.000000000,0.981308411,0.105858397
AOI-0067,2014-09-26,2,1,1,True,0,1.000000000,1.000000000,1.000000000,0.978021978,0.120874486
AOI-0067,2014-09-30,2,2,2,True,0,1.000000000,1.000000000,1.000000000,0.990867580,0.058305859
AOI-0067,2014-10-16,2,2,2,True,5,1.000000000,1.000000000,23.000000000,0.990147783,0.062150380
AOI-0067,2015-04-14,2,1,1,True,0,1.000000000,1.000000000,1.000000000,0.980582524,0.109222462
AOI-0067,2015-09-05,2,1,1,True,0,1.000000000,1.000000000,1.000000000,0.978947368,0.116700546
AOI-0067,2015-09-30,2,1,2,True,0,1.000000000,1.000000000,1.000000000,0.714285714,0.623155167
AOI-0067,2015-10-16,2,1,2,True,0,1.000000000,1.000000000,1.000000000,0.739130435,0.598020854
AOI-0067,2016-06-20,2,1,1,True,0,1.000000000,1.000000000,1.000000000,0.960784314,0.192625738
AOI-0067,2016-07-22,2,1,1,True,0,1.000000000,1.000000000,1.000000000,0.963636364,0.181415523
AOI-0067,2016-07-30,2,1,1,True,0,1.000000000,1.000000000,1.000000000,0.960784314,0.192625738
AOI-0067,2016-08-06,2,1,1,True,0,1.000000000,1.000000000,1.000000000,0.973333333,0.141440924
AOI-0067,2016-09-13,2,2,2,True,5,1.000000000,1.000000000,21.000000000,0.748743719,0.588344050
AOI-0067,2016-10-15,2,2,2,True,0,1.000000000,1.000000000,1.000000000,0.826484018,0.482533258
AOI-0067,2017-04-03,2,0,0,True,0,1.000000000,1.000000000,1.000000000,0.600000000,0.709898090
AOI-0067,2017-04-27,2,1,1,True,5,1.000000000,1.000000000,23.000000000,0.981981982,0.102711110
AOI-0067,2017-05-29,2,1,1,True,0,1.000000000,1.000000000,1.000000000,0.982608696,0.099759750
AOI-0067,2017-07-24,2,1,1,True,0,1.000000000,1.000000000,1.000000000,0.784172662,0.553117831
AOI-0067,2017-07-28,2,2,2,True,0,1.000000000,1.000000000,1.000000000,0.990697674,0.059218348
AOI-0067,2017-08-09,2,1,0,True,0,1.000000000,1.000000000,1.000000000,0.820359281,0.497101801
AOI-0067,2017-08-18,2,1,1,True,0,1.000000000,1.000000000,1.000000000,0.968253968,0.162764794
AOI-0067,2017-08-25,2,1,1,True,0,1.000000000,1.000000000,1.000000000,0.975903614,0.130281794
AOI-0067,2018-05-16,2,1,1,True,0,1.000000000,1.000000000,1.000000000,0.981308411,0.105858397
AOI-0067,2018-05-17,2,1,1,True,0,1.000000000,1.000000000,1.000000000,0.968253968,0.162764794
AOI-0067,2018-06-26,2,1,2,True,0,1.000000000,1.000000000,1.000000000,0.698630137,0.635682805
AOI-0067,2018-07-02,2,0,0,True,0,1.000000000,1.000000000,1.000000000,0.700483092,0.635184019
AOI-0067,2018-08-20,2,1,1,True,0,1.000000000,1.000000000,1.000000000,0.983193277,0.096986095
AOI-0067,2018-09-13,2,1,0,True,0,1.000000000,1.000000000,1.000000000,0.814207650,0.504717032
AOI-0067,2019-04-01,2,1,0,True,5,1.000000000,1.000000000,23.000000000,0.808695652,0.523482354
AOI-0067,2019-04-09,2,1,1,True,0,1.000000000,1.000000000,1.000000000,0.963636364,0.181415523
AOI-0067,2019-06-22,2,0,0,True,0,1.000000000,1.000000000,1.000000000,0.974683544,0.135612188
AOI-0067,2019-06-28,2,1,1,True,5,2.000000000,1.000000000,21.000000000,0.882352941,0.392483338
AOI-0067,2019-08-06,2,0,0,True,0,1.000000000,1.000000000,1.000000000,0.702564103,0.634582589
AOI-0067,2019-08-23,2,1,1,True,0,1.000000000,1.000000000,1.000000000,0.853658537,0.447709041
AOI-0067,2019-09-01,2,1,1,False,-1,0.000000000,0.000000000,inf,0.706666667,0.659348879
AOI-0067,2019-09-09,2,1,1,True,0,1.000000000,1.000000000,1.000000000,0.970149254,0.154913925
AOI-0067,2019-10-16,2,2,2,True,0,1.000000000,1.000000000,1.000000000,0.777777778,0.662017373
AOI-0067,2020-04-06,2,2,2,True,5,2.000000000,1.000000000,21.000000000,0.990697674,0.059218348
AOI-0067,2020-05-05,2,1,1,True,0,1.000000000,1.000000000,1.000000000,0.894736842,0.409458619
AOI-0067,2020-05-27,2,0,0,True,0,1.000000000,1.000000000,1.000000000,0.780645161,0.555196694
AOI-0067,2020-06-09,2,2,0,True,0,1.000000000,1.000000000,1.000000000,0.668246445,0.660253900
AOI-0067,2020-07-08,2,1,1,True,0,1.000000000,1.000000000,1.000000000,0.521126761,0.755796605
AOI-0067,2020-08-17,2,1,1,True,0,1.000000000,1.000000000,1.000000000,0.770992366,0.571542733
AOI-0067,2020-09-09,2,0,0,True,0,1.000000000,1.000000000,1.000000000,0.645714286,0.679310950
AOI-0067,2020-10-24,2,0,0,True,0,1.000000000,1.000000000,1.000000000,0.966101695,0.171538761
AOI-0067,2021-05-25,2,2,2,True,0,1.000000000,1.000000000,1.000000000,0.630331754,0.684135614
AOI-0067,2021-06-11,2,0,0,True,5,2.000000000,1.000000000,21.000000000,0.984732824,0.089580528
AOI-0067,2021-07-31,2,0,0,True,5,2.000000000,1.000000000,21.000000000,0.985611511,0.085284100
AOI-0067,2021-08-20,2,0,0,True,0,1.000000000,1.000000000,1.000000000,0.980582524,0.109222462
AOI-0067,2021-08-28,2,1,0,True,0,1.000000000,1.000000000,1.000000000,0.796407186,0.532357983
AOI-0067,2021-09-19,2,0,0,False,-1,0.000000000,0.000000000,inf,0.978021978,0.120874486
AOI-0067,2021-10-07,2,1,0,True,0,1.000000000,1.000000000,1.000000000,0.815950920,0.504375887
AOI-0067,2022-06-06,2,0,0,True,0,1.000000000,1.000000000,1.000000000,0.854304636,0.442109166
AOI-0067,2022-07-12,2,1,1,True,0,1.000000000,1.000000000,1.000000000,0.556650246,0.901565636
AOI-0067,2022-07-22,2,1,1,False,-1,0.000000000,0.000000000,inf,0.913043478,0.355712860
AOI-0067,2022-07-24,2,1,0,True,0,1.000000000,1.000000000,1.000000000,0.691428571,0.646408103
AOI-0067,2022-07-28,2,2,2,True,0,1.000000000,1.000000000,1.000000000,0.584541063,0.955419871
AOI-0067,2022-07-29,2,1,0,True,0,1.000000000,1.000000000,1.000000000,0.647058824,0.676959801
AOI-0067,2022-08-16,2,1,1,True,0,1.000000000,1.000000000,1.000000000,0.942857143,0.258640932
AOI-0067,2022-09-30,2,2,2,True,0,1.000000000,1.000000000,1.000000000,0.700483092,0.635184019
AOI-0067,2023-04-27,2,0,1,True,0,1.000000000,1.000000000,1.000000000,0.548387097,0.722272177
AOI-0067,2023-05-15,2,1,0,True,0,1.000000000,1.000000000,1.000000000,0.730232558,0.606524011
AOI-0067,2023-05-17,2,0,0,True,0,1.000000000,1.000000000,1.000000000,0.921259843,0.301278649
AOI-0067,2023-06-26,2,0,0,True,0,1.000000000,1.000000000,1.000000000,0.621145374,0.687502875
AOI-0067,2023-08-18,2,1,0,True,0,1.000000000,1.000000000,1.000000000,0.711627907,0.624497062
AOI-0067,2023-08-23,2,1,0,True,0,1.000000000,1.000000000,1.000000000,0.827814570,0.487404918
AOI-0067,2023-08-25,2,0,0,True,0,1.000000000,1.000000000,1.000000000,0.726618705,0.619861451
AOI-0067,2023-10-16,2,2,2,True,0,1.000000000,1.000000000,1.000000000,0.711627907,0.720138053
AOI-0067,2023-10-22,2,1,0,True,0,1.000000000,1.000000000,1.000000000,0.514563107,0.740314755
AOI-0067,2023-10-29,2,0,0,True,5,1.000000000,1.000000000,23.000000000,0.918699187,0.308364480
AOI-0067,2024-06-02,2,1,1,True,0,1.000000000,1.000000000,1.000000000,0.523809524,0.761605701
AOI-0067,2024-06-26,2,1,1,True,0,1.000000000,1.000000000,1.000000000,0.957446809,0.205470750
AOI-0067,2024-07-15,2,0,0,True,5,2.000000000,1.000000000,21.000000000,0.984251969,0.091909786
AOI-0067,2024-08-12,2,1,0,True,0,1.000000000,1.000000000,1.000000000,0.682051282,0.839705751
AOI-0067,2024-08-13,2,1,1,True,0,1.000000000,1.000000000,1.000000000,0.968253968,0.162764794
AOI-0067,2024-09-05,2,1,1,True,0,1.000000000,1.000000000,1.000000000,0.948717949,0.237819011
AOI-0067,2024-09-13,2,0,0,True,0,1.000000000,1.000000000,1.000000000,0.642512077,0.677549840
AOI-0067,2024-09-29,2,1,1,False,-1,0.000000000,0.000000000,inf,0.465968586,0.931442954
AOI-0067,2025-04-02,2,1,1,True,0,1.000000000,1.000000000,1.000000000,0.611940299,0.731135151
AOI-0067,2025-04-07,2,2,2,True,0,1.000000000,1.000000000,1.000000000,0.939393939,0.244226943
AOI-0067,2025-05-03,2,1,1,True,0,1.000000000,1.000000000,1.000000000,0.977011494,0.125386776
AOI-0067,2025-05-31,2,0,0,True,1,1.000000000,1.000000000,2.000000000,0.953488372,0.220352331
AOI-0067,2025-06-10,2,2,0,True,2,1.000000000,1.000000000,4.000000000,0.516587678,0.719232108
AOI-0067,2025-06-28,2,1,0,True,0,1.000000000,1.000000000,1.000000000,0.493975904,0.750010373
AOI-0067,2025-07-12,2,2,2,True,0,1.000000000,1.000000000,1.000000000,0.600000000,0.939354209
AOI-0067,2025-07-30,2,0,0,True,0,1.000000000,1.000000000,1.000000000,0.992277992,0.050601985
AOI-0067,2025-09-25,2,0,0,True,2,1.000000000,1.000000000,4.000000000,0.846153846,0.468910505
AOI-0067,2025-09-28,2,0,0,True,0,1.000000000,1.000000000,1.000000000,0.974683544,0.135612188
AOI-0068,2010-06-04,2,1,1,True,0,1.000000000,1.000000000,1.000000000,0.963636364,0.181415523
AOI-0068,2010-07-05,2,1,1,True,0,1.000000000,1.000000000,1.000000000,0.970149254,0.154913925
AOI-0068,2010-07-29,2,1,1,True,0,1.000000000,1.000000000,1.000000000,0.982608696,0.099759750
AOI-0068,2010-08-06,2,1,1,True,5,1.000000000,1.000000000,22.000000000,0.981308411,0.105858397
AOI-0068,2010-10-25,2,1,1,True,0,1.000000000,1.000000000,1.000000000,0.981308411,0.105858397
AOI-0068,2011-04-28,2,1,1,True,0,1.000000000,1.000000000,1.000000000,0.970149254,0.154913925
AOI-0068,2011-06-10,2,2,2,True,0,1.000000000,1.000000000,1.000000000,0.991189427,0.056568562
AOI-0068,2011-09-02,2,1,1,True,0,1.000000000,1.000000000,1.000000000,0.981981982,0.102711110
AOI-0068,2011-09-19,2,1,1,True,5,2.000000000,1.000000000,22.000000000,0.966101695,0.171538761
AOI-0068,2011-09-26,2,1,1,True,0,1.000000000,1.000000000,1.000000000,0.977011494,0.125386776
AOI-0068,2012-07-18,2,1,1,True,0,1.000000000,1.000000000,1.000000000,0.979797980,0.112827275
AOI-0068,2012-09-04,2,1,1,True,5,2.000000000,1.000000000,22.000000000,0.978947368,0.116700546
AOI-0068,2012-09-20,2,1,1,True,0,1.000000000,1.000000000,1.000000000,0.980582524,0.109222462
AOI-0068,2013-04-17,2,1,1,True,5,2.000000000,1.000000000,22.000000000,0.948717949,0.237819011
AOI-0068,2013-05-11,2,1,1,True,0,1.000000000,1.000000000,1.000000000,0.968253968,0.162764794
AOI-0068,2013-07-05,2,1,1,True,0,1.000000000,1.000000000,1.000000000,0.942857143,0.258640932
AOI-0068,2013-07-12,2,2,2,True,0,1.000000000,1.000000000,1.000000000,0.556650246,0.713780066
AOI-0068,2013-08-22,2,1,1,True,5,1.000000000,1.000000000,24.000000000,0.978021978,0.120874486
AOI-0068,2013-10-16,2,2,2,True,0,1.000000000,1.000000000,1.000000000,0.608040201,0.696502445
AOI-0068,2014-04-07,2,2,2,True,5,1.000000000,1.000000000,22.000000000,0.989949749,0.063198621
AOI-0068,2014-05-25,2,2,2,True,5,1.000000000,1.000000000,24.000000000,0.990867580,0.058305859
AOI-0068,2014-06-22,2,1,1,True,0,1.000000000,1.000000000,1.000000000,0.978947368,0.116700546
AOI-0068,2014-07-12,2,2,2,True,0,1.000000000,1.000000000,1.000000000,0.990697674,0.059218348
AOI-0068,2014-08-13,2,2,2,True,0,1.000000000,1.000000000,1.000000000,0.990147783,0.062150380
AOI-0068,2014-09-19,2,1,1,True,0,1.000000000,1.000000000,1.000000000,0.953488372,0.220352331
AOI-0068,2015-05-24,2,1,1,True,0,1.000000000,1.000000000,1.000000000,0.982608696,0.099759750
AOI-0068,2015-05-25,2,1,2,True,0,1.000000000,1.000000000,1.000000000,0.730232558,0.606524011
AOI-0068,2015-06-26,2,2,2,True,0,1.000000000,1.000000000,1.000000000,0.897674419,0.349083713
AOI-0068,2015-08-05,2,1,1,True,0,1.000000000,1.000000000,1.000000000,0.968253968,0.162764794
AOI-0068,2015-08-21,2,1,1,True,0,1.000000000,1.000000000,1.000000000,0.966101695,0.171538761
AOI-0068,2015-08-29,2,1,2,True,5,1.000000000,1.000000000,22.000000000,0.730232558,0.606524011
AOI-0068,2016-07-05,2,1,1,True,0,1.000000000,1.000000000,1.000000000,0.978021978,0.120874486
AOI-0068,2016-08-23,2,1,1,True,0,1.000000000,1.000000000,1.000000000,0.968253968,0.162764794
AOI-0068,2016-08-31,2,1,1,False,-1,0.000000000,0.000000000,inf,0.935483871,0.283936267
AOI-0068,2016-09-08,2,1,1,True,0,1.000000000,1.000000000,1.000000000,0.970149254,0.154913925
AOI-0068,2016-10-25,2,1,1,True,5,1.000000000,1.000000000,24.000000000,0.980582524,0.109222462
AOI-0068,2016-10-26,2,1,1,True,0,1.000000000,1.000000000,1.000000000,0.968253968,0.162764794
AOI-0068,2017-04-12,2,1,1,True,0,1.000000000,1.000000000,1.000000000,0.966101695,0.171538761
AOI-0068,2017-04-27,2,1,1,True,5,1.000000000,1.000000000,24.000000000,0.981981982,0.102711110
AOI-0068,2017-05-09,2,2,2,True,0,1.000000000,1.000000000,1.000000000,0.990867580,0.058305859
AOI-0068,2017-05-25,2,2,2,True,0,1.000000000,1.000000000,1.000000000,0.990697674,0.059218348
AOI-0068,2017-06-15,2,1,1,True,0,1.000000000,1.000000000,1.000000000,0.963636364,0.181415523
AOI-0068,2017-08-01,2,0,0,True,0,1.000000000,1.000000000,1.000000000,0.909909910,0.332032964
AOI-0068,2017-08-17,2,1,1,True,0,1.000000000,1.000000000,1.000000000,0.866666667,0.421282355
AOI-0068,2017-09-18,2,1,0,True,0,1.000000000,1.000000000,1.000000000,0.801169591,0.525159835
AOI-0068,2018-04-30,2,1,1,True,0,1.000000000,1.000000000,1.000000000,0.982608696,0.099759750
AOI-0068,2018-05-24,2,1,1,True,0,1.000000000,1.000000000,1.000000000,0.979797980,0.112827275
AOI-0068,2018-07-20,2,1,1,True,0,1.000000000,1.000000000,1.000000000,0.960784314,0.192625738
AOI-0068,2018-08-05,2,1,1,True,0,1.000000000,1.000000000,1.000000000,0.970149254,0.154913925
AOI-0068,2018-09-14,2,1,2,True,0,1.000000000,1.000000000,1.000000000,0.797101449,0.527223827
AOI-0068,2018-10-15,2,1,1,True,0,1.000000000,1.000000000,1.000000000,0.981308411,0.105858397
AOI-0068,2019-04-01,2,1,0,True,5,1.000000000,1.000000000,24.000000000,0.808695652,0.523482354
AOI-0068,2019-04-13,2,0,0,True,0,1.000000000,1.000000000,1.000000000,0.942857143,0.258640932
AOI-0068,2019-04-26,2,1,0,True,0,1.000000000,1.000000000,1.000000000,0.714285714,0.623155167
AOI-0068,2019-05-18,2,0,0,True,0,1.000000000,1.000000000,1.000000000,0.774834437,0.563246063
AOI-0068,2019-07-07,2,0,0,True,0,1.000000000,1.000000000,1.000000000,0.956834532,0.197325562
AOI-0068,2019-07-14,2,1,1,True,5,2.000000000,1.000000000,22.000000000,0.795275591,0.540257419
AOI-0068,2019-07-22,2,0,0,True,0,1.000000000,1.000000000,1.000000000,0.913043478,0.323707277
AOI-0068,2019-09-08,2,1,1,True,0,1.000000000,1.000000000,1.000000000,0.982608696,0.099759750
AOI-0068,2019-09-14,2,2,2,True,0,1.000000000,1.000000000,1.000000000,0.753424658,0.581279608
AOI-0068,2019-09-16,2,1,1,True,5,1.000000000,1.000000000,22.000000000,0.843478261,0.467440026
AOI-0068,2020-04-22,2,0,0,True,5,1.000000000,1.000000000,22.000000000,0.608040201,0.696502445
AOI-0068,2020-04-27,2,0,0,False,-1,0.000000000,0.000000000,inf,0.925925926,0.315396287
AOI-0068,2020-05-24,2,2,2,True,0,1.000000000,1.000000000,1.000000000,0.897674419,0.349083713
AOI-0068,2020-07-01,2,0,0,True,0,1.000000000,1.000000000,1.000000000,0.986394558,0.081409508
AOI-0068,2020-08-05,2,0,0,True,0,1.000000000,1.000000000,1.000000000,0.983193277,0.096986095
AOI-0068,2020-08-10,2,0,0,True,0,1.000000000,1.000000000,1.000000000,0.984732824,0.089580528
AOI-0068,2020-09-10,2,1,1,True,0,1.000000000,1.000000000,1.000000000,0.832061069,0.483656175
AOI-0068,2020-09-26,2,1,1,True,0,1.000000000,1.000000000,1.000000000,0.826771654,0.492999622
AOI-0068,2020-09-29,2,0,2,True,0,1.000000000,1.000000000,1.000000000,0.763033175,0.570790373
AOI-0068,2021-05-08,2,1,1,True,0,1.000000000,1.000000000,1.000000000,0.983739837,0.094374144
AOI-0068,2021-06-09,2,1,0,True,5,2.000000000,1.000000000,22.000000000,0.877094972,0.395399422
AOI-0068,2021-07-03,2,1,1,True,0,1.000000000,1.000000000,1.000000000,0.748148148,0.597779062
AOI-0068,2021-07-11,2,0,0,True,0,1.000000000,1.000000000,1.000000000,0.880794702,0.390915195
AOI-0068,2021-09-06,2,1,1,True,0,1.000000000,1.000000000,1.000000000,0.559322034,0.757933289
AOI-0068,2021-09-13,2,1,1,False,-1,0.000000000,0.000000000,inf,0.978947368,0.116700546
AOI-0068,2021-09-19,2,0,0,False,-1,0.000000000,0.000000000,inf,0.978021978,0.120874486
AOI-0068,2022-05-07,2,0,0,True,0,1.000000000,1.000000000,1.000000000,0.966101695,0.171538761
AOI-0068,2022-05-11,2,1,1,True,5,1.000000000,1.000000000,24.000000000,0.968253968,0.162764794
AOI-0068,2022-05-28,2,1,1,True,0,1.000000000,1.000000000,1.000000000,0.968253968,0.162764794
AOI-0068,2022-07-22,2,1,1,False,-1,0.000000000,0.000000000,inf,0.913043478,0.355712860
AOI-0068,2022-07-31,2,0,0,True,0,1.000000000,1.000000000,1.000000000,0.951219512,0.216887283
AOI-0068,2022-08-23,2,1,0,True,5,2.000000000,1.000000000,22.000000000,0.828571429,0.483197564
AOI-0068,2022-08-24,2,1,1,False,-1,0.000000000,0.000000000,inf,0.960784314,0.192625738
AOI-0068,2022-09-29,2,0,0,True,0,1.000000000,1.000000000,1.000000000,0.983739837,0.094374144
AOI-0068,2022-10-09,2,0,0,True,5,1.000000000,1.000000000,24.000000000,0.948717949,0.237819011
AOI-0068,2023-04-22,2,0,0,False,-1,0.000000000,0.000000000,inf,0.714285714,0.796311640
AOI-0068,2023-04-29,2,1,1,True,5,1.000000000,1.000000000,24.000000000,0.894736842,0.409458619
AOI-0068,2023-05-25,2,2,2,True,0,1.000000000,1.000000000,1.000000000,0.771689498,0.559610189
AOI-0068,2023-06-03,2,1,0,True,0,1.000000000,1.000000000,1.000000000,0.581395349,0.769653081
AOI-0068,2023-06-08,2,1,1,True,0,1.000000000,1.000000000,1.000000000,0.669902913,0.678048422
AOI-0068,2023-06-10,2,2,2,True,0,1.000000000,1.000000000,1.000000000,0.990521327,0.060162121
AOI-0068,2023-07-16,2,0,0,True,0,1.000000000,1.000000000,1.000000000,0.600000000,0.709898090
AOI-0068,2023-08-19,2,1,1,True,0,1.000000000,1.000000000,1.000000000,0.970149254,0.154913925
AOI-0068,2023-09-11,2,1,1,True,0,1.000000000,1.000000000,1.000000000,0.853658537,0.447709041
AOI-0068,2023-10-19,2,0,0,True,5,1.000000000,1.000000000,24.000000000,0.710691824,0.631831023
AOI-0068,2023-10-29,2,0,0,True,5,1.000000000,1.000000000,24.000000000,0.918699187,0.308364480
AOI-0068,2024-04-06,2,0,0,True,0,1.000000000,1.000000000,1.000000000,0.649289100,0.734616782
AOI-0068,2024-04-07,2,1,1,True,0,1.000000000,1.000000000,1.000000000,0.734939759,0.627295103
AOI-0068,2024-05-11,2,0,0,True,0,1.000000000,1.000000000,1.000000000,0.957446809,0.205470750
AOI-0068,2024-05-21,2,0,0,True,0,1.000000000,1.000000000,1.000000000,0.983739837,0.094374144
AOI-0068,2024-05-24,2,1,0,True,5,1.000000000,1.000000000,22.000000000,0.714285714,0.793585103
AOI-0068,2024-06-09,2,1,2,True,0,1.000000000,1.000000000,1.000000000,0.857819905,0.429680211
AOI-0068,2024-06-18,2,1,0,True,0,1.000000000,1.000000000,1.000000000,0.710691824,0.631831023
AOI-0068,2024-07-11,2,1,2,True,0,1.000000000,1.000000000,1.000000000,0.823255814,0.587949188
AOI-0068,2024-07-15,2,0,0,True,5,2.000000000,1.000000000,22.000000000,0.984251969,0.091909786
AOI-0068,2025-04-17,2,1,1,True,0,1.000000000,1.000000000,1.000000000,0.848739496,0.457343669
AOI-0068,2025-04-18,2,0,0,True,0,2.000000000,1.000000000,1.000000000,0.987421384,0.076258973
AOI-0068,2025-04-26,2,0,0,True,5,5.000000000,1.000000000,20.000000000,0.777777778,0.629830912
AOI-0068,2025-04-28,2,0,0,True,0,1.000000000,1.000000000,1.000000000,0.980582524,0.109222462
AOI-0068,2025-06-25,2,0,0,True,0,1.000000000,1.000000000,1.000000000,0.942857143,0.258640932
AOI-0068,2025-07-17,2,0,0,True,0,2.000000000,1.000000000,1.000000000,0.983193277,0.096986095
AOI-0068,2025-08-31,2,1,1,True,0,2.000000000,1.000000000,1.000000000,0.739130435,0.612089208
AOI-0068,2025-09-03,2,0,0,True,0,1.000000000,1.000000000,1.000000000,0.970149254,0.154913925
AOI-0068,2025-09-13,2,0,0,True,0,2.000000000,1.000000000,1.000000000,0.983193277,0.096986095
AOI-0068,2025-09-25,2,0,0,True,2,2.000000000,1.000000000,3.000000000,0.846153846,0.468910505
AOI-0069,2025-05-04,2,1,0,True,0,2.000000000,1.000000000,1.000000000,0.681159420,0.651026440
AOI-0069,2025-05-08,2,0,0,True,0,1.000000000,1.000000000,1.000000000,0.968253968,0.162764794
AOI-0069,2025-05-27,2,1,1,True,0,2.000000000,1.000000000,1.000000000,0.977011494,0.125386776
AOI-0069,2025-07-10,2,0,0,True,0,2.000000000,1.000000000,1.000000000,0.990867580,0.058305859
AOI-0069,2025-08-06,2,0,0,True,0,1.000000000,1.000000000,1.000000000,0.668246445,0.660253900
AOI-0069,2025-08-16,2,0,0,True,0,2.000000000,1.000000000,1.000000000,0.985611511,0.085284100
AOI-0069,2025-09-08,2,0,0,True,0,1.000000000,1.000000000,1.000000000,0.929648241,0.272650708
AOI-0069,2025-10-08,2,0,0,True,0,2.000000000,1.000000000,1.000000000,0.988023952,0.073197386
AOI-0069,2025-10-13,2,0,0,True,0,1.000000000,1.000000000,1.000000000,0.977011494,0.125386776
AOI-0070,2025-04-07,2,2,2,True,0,2.000000000,1.000000000,1.000000000,0.939393939,0.244226943
AOI-0070,2025-07-07,2,0,0,True,0,1.000000000,1.000000000,1.000000000,0.983739837,0.094374144
AOI-0070,2025-07-14,2,1,1,True,0,2.000000000,1.000000000,1.000000000,0.706293706,0.638483603
AOI-0070,2025-07-15,2,0,0,True,0,1.000000000,1.000000000,1.000000000,0.947826087,0.228374661
AOI-0070,2025-08-06,2,0,0,True,0,1.000000000,1.000000000,1.000000000,0.668246445,0.660253900
AOI-0070,2025-08-14,2,0,0,True,1,1.000000000,1.000000000,2.000000000,0.717791411,0.624583560
AOI-0070,2025-08-29,2,0,0,True,0,1.000000000,1.000000000,1.000000000,0.992156863,0.051273190
AOI-0070,2025-09-14,2,2,2,True,0,1.000000000,1.000000000,1.000000000,0.771689498,0.559610189
AOI-0070,2025-09-17,2,1,1,True,0,2.000000000,1.000000000,1.000000000,0.970149254,0.154913925
AOI-0070,2025-09-23,2,0,0,True,0,2.000000000,1.000000000,1.000000000,0.662100457,0.663820899
AOI-0071,2025-06-15,2,0,0,True,0,1.000000000,1.000000000,1.000000000,0.975903614,0.130281794
AOI-0071,2025-06-21,2,1,1,True,0,2.000000000,1.000000000,1.000000000,0.772151899,0.585549972
AOI-0071,2025-07-10,2,0,0,True,0,2.000000000,1.000000000,1.000000000,0.990867580,0.058305859
AOI-0071,2025-07-15,2,0,0,True,0,1.000000000,1.000000000,1.000000000,0.947826087,0.228374661
AOI-0071,2025-07-22,2,1,1,True,0,2.000000000,1.000000000,1.000000000,0.670329670,0.682124509
AOI-0071,2025-09-08,2,0,0,True,0,2.000000000,1.000000000,1.000000000,0.929648241,0.272650708
AOI-0071,2025-10-03,2,0,0,True,0,1.000000000,1.000000000,1.000000000,0.885057471,0.394091582
AOI-0071,2025-10-15,2,0,0,True,0,2.000000000,1.000000000,1.000000000,0.935483871,0.283936267
AOI-0072,2025-04-16,2,0,0,True,1,1.000000000,1.000000000,2.000000000,0.754838710,0.586790839
AOI-0072,2025-04-17,2,1,1,True,0,1.000000000,1.000000000,1.000000000,0.848739496,0.457343669
AOI-0072,2025-04-23,2,2,2,True,0,1.000000000,1.000000000,1.000000000,0.714285714,0.796311640
AOI-0072,2025-05-01,2,0,0,True,0,1.000000000,1.000000000,1.000000000,0.874476987,0.396131176
AOI-0072,2025-05-11,2,0,0,True,3,1.000000000,1.000000000,5.000000000,0.942857143,0.258640932
AOI-0072,2025-06-25,2,0,0,True,3,1.000000000,1.000000000,5.000000000,0.942857143,0.258640932
AOI-0072,2025-08-15,2,1,1,True,0,1.000000000,1.000000000,1.000000000,0.899280576,0.352577827
AOI-0072,2025-08-26,2,0,0,True,1,1.000000000,1.000000000,2.000000000,0.894736842,0.409458619
AOI-0072,2025-09-28,2,0,0,True,1,1.000000000,1.000000000,2.000000000,0.974683544,0.135612188
AOI-0073,2010-04-23,2,2,2,True,0,1.000000000,1.000000000,1.000000000,0.607305936,0.694816977
AOI-0073,2010-07-03,2,1,1,True,0,1.000000000,1.000000000,1.000000000,0.935483871,0.283936267
AOI-0073,2010-09-30,2,2,2,True,0,1.000000000,1.000000000,1.000000000,0.989949749,0.063198621
AOI-0073,2011-04-23,2,2,2,True,0,1.000000000,1.000000000,1.000000000,0.990867580,0.058305859
AOI-0073,2011-07-12,2,2,2,True,0,1.000000000,1.000000000,1.000000000,0.990867580,0.058305859
AOI-0073,2011-08-07,2,1,1,True,4,1.000000000,1.000000000,14.000000000,0.953488372,0.220352331
AOI-0073,2011-09-30,2,2,2,True,0,1.000000000,1.000000000,1.000000000,0.990697674,0.059218348
AOI-0073,2012-05-06,2,1,1,True,4,2.000000000,1.000000000,14.000000000,0.977011494,0.125386776
AOI-0073,2012-07-27,2,2,2,True,0,1.000000000,1.000000000,1.000000000,0.725118483,0.611995933
AOI-0073,2012-10-04,2,1,1,True,0,1.000000000,1.000000000,1.000000000,0.913043478,0.355712860
AOI-0073,2013-04-23,2,2,2,True,0,1.000000000,1.000000000,1.000000000,0.990338164,0.061138862
AOI-0073,2013-07-03,2,1,1,False,-1,0.000000000,0.000000000,inf,0.866666667,0.485094091
AOI-0073,2013-10-16,2,2,2,True,0,1.000000000,1.000000000,1.000000000,0.608040201,0.696502445
AOI-0073,2014-04-07,2,2,2,True,0,1.000000000,1.000000000,1.000000000,0.989949749,0.063198621
AOI-0073,2014-04-23,2,2,2,True,4,4.000000000,1.000000000,11.000000000,0.990867580,0.058305859
AOI-0073,2014-06-28,2,1,1,True,4,1.000000000,1.000000000,15.000000000,0.942857143,0.258640932
AOI-0073,2015-05-25,2,2,2,True,0,1.000000000,1.000000000,1.000000000,0.730232558,0.606524011
AOI-0073,2015-06-07,2,1,1,True,0,1.000000000,1.000000000,1.000000000,0.957446809,0.205470750
AOI-0073,2015-08-13,2,2,2,True,0,1.000000000,1.000000000,1.000000000,0.716894977,0.619236583
AOI-0073,2015-10-29,2,1,1,True,4,2.000000000,1.000000000,14.000000000,0.953488372,0.220352331
AOI-0073,2016-06-25,2,1,2,True,0,1.000000000,1.000000000,1.000000000,0.812807882,0.504905654
AOI-0073,2016-08-28,2,1,2,True,0,1.000000000,1.000000000,1.000000000,0.763033175,0.570790373
AOI-0073,2017-04-07,2,2,2,True,0,1.000000000,1.000000000,1.000000000,0.990521327,0.060162121
AOI-0073,2017-05-03,2,1,1,True,0,1.000000000,1.000000000,1.000000000,0.960784314,0.192625738
AOI-0073,2017-08-19,2,1,1,False,-1,0.000000000,0.000000000,inf,0.641025641,0.745196588
AOI-0073,2017-09-30,2,2,2,True,0,1.000000000,1.000000000,1.000000000,0.635467980,0.682076228
AOI-0073,2017-10-10,2,1,1,True,0,1.000000000,1.000000000,1.000000000,0.963636364,0.181415523
AOI-0073,2018-05-06,2,1,1,True,5,1.000000000,1.000000000,22.000000000,0.925925926,0.315396287
AOI-0073,2018-05-26,2,1,1,False,-1,0.000000000,0.000000000,inf,0.641025641,0.745196588
AOI-0073,2018-06-28,2,0,0,True,0,1.000000000,1.000000000,1.000000000,0.894736842,0.409458619
AOI-0073,2018-07-09,2,1,1,True,0,1.000000000,1.000000000,1.000000000,0.731343284,0.639560956
AOI-0073,2018-08-10,2,1,1,True,0,1.000000000,1.000000000,1.000000000,0.953488372,0.220352331
AOI-0073,2018-08-18,2,1,1,True,4,2.000000000,1.000000000,14.000000000,0.957446809,0.205470750
AOI-0073,2019-05-14,2,0,0,False,-1,0.000000000,0.000000000,inf,0.866666667,0.485094091
AOI-0073,2019-06-18,2,0,1,True,0,1.000000000,1.000000000,1.000000000,0.647058824,0.724975116
AOI-0073,2019-06-20,2,0,0,True,4,4.000000000,1.000000000,11.000000000,0.814207650,0.504717032
AOI-0073,2019-06-28,2,0,1,True,0,1.000000000,1.000000000,1.000000000,0.882352941,0.392483338
AOI-0073,2019-07-20,2,0,0,True,0,1.000000000,1.000000000,1.000000000,0.987096774,0.077896072
AOI-0073,2019-07-23,2,0,1,True,0,1.000000000,1.000000000,1.000000000,0.714285714,0.659572204
AOI-0073,2019-08-13,2,1,2,True,0,1.000000000,1.000000000,1.000000000,0.611374408,0.930058397
AOI-0073,2019-08-22,2,0,1,True,0,1.000000000,1.000000000,1.000000000,0.843478261,0.467440026
AOI-0073,2019-09-21,2,0,0,False,-1,0.000000000,0.000000000,inf,0.818181818,0.600166073
AOI-0073,2019-09-23,2,0,0,True,0,1.000000000,1.000000000,1.000000000,0.984732824,0.089580528
AOI-0073,2020-04-06,2,2,2,True,0,1.000000000,1.000000000,1.000000000,0.990697674,0.059218348
AOI-0073,2020-04-18,2,0,1,True,0,1.000000000,1.000000000,1.000000000,0.802816901,0.547211371
AOI-0073,2020-06-17,2,0,0,True,0,1.000000000,1.000000000,1.000000000,0.894736842,0.409458619
AOI-0073,2020-07-02,2,0,1,True,0,1.000000000,1.000000000,1.000000000,0.617021277,0.747675135
AOI-0073,2020-07-27,2,0,2,True,0,1.000000000,1.000000000,1.000000000,0.911330049,0.318474676
AOI-0073,2020-08-23,2,0,0,True,0,1.000000000,1.000000000,1.000000000,0.986013986,0.083298165
AOI-0073,2020-08-31,2,0,1,True,0,1.000000000,1.000000000,1.000000000,0.617021277,0.747675135
AOI-0073,2020-09-02,2,0,0,True,0,1.000000000,1.000000000,1.000000000,0.792349727,0.536096233
AOI-0073,2020-09-16,2,1,1,True,4,2.000000000,1.000000000,14.000000000,0.569620253,0.740529352
AOI-0073,2020-09-17,2,0,0,True,4,3.000000000,1.000000000,12.000000000,0.986754967,0.079610965
AOI-0073,2020-10-17,2,0,0,True,0,1.000000000,1.000000000,1.000000000,0.987421384,0.076258973
AOI-0073,2021-04-12,2,0,0,False,-1,0.000000000,0.000000000,inf,0.600000000,0.775939123
AOI-0073,2021-04-29,2,1,1,True,0,1.000000000,1.000000000,1.000000000,0.853658537,0.447709041
AOI-0073,2021-05-09,2,2,2,True,0,1.000000000,1.000000000,1.000000000,0.990521327,0.060162121
AOI-0073,2021-07-07,2,0,0,True,0,1.000000000,1.000000000,1.000000000,0.894736842,0.409458619
AOI-0073,2021-07-12,2,0,2,True,0,1.000000000,1.000000000,1.000000000,0.632286996,0.845400722
AOI-0073,2021-08-13,2,2,2,True,0,1.000000000,1.000000000,1.000000000,0.876777251,0.458708793
AOI-0073,2021-08-28,2,0,0,False,-1,0.000000000,0.000000000,inf,0.796407186,0.532357983
AOI-0073,2021-08-31,2,0,0,True,0,1.000000000,1.000000000,1.000000000,0.894736842,0.409458619
AOI-0073,2021-09-03,2,1,1,False,-1,0.000000000,0.000000000,inf,0.818181818,0.600166073
AOI-0073,2021-09-30,2,0,2,True,0,1.000000000,1.000000000,1.000000000,0.630331754,0.852595732
AOI-0073,2022-06-17,2,0,0,True,0,1.000000000,1.000000000,1.000000000,0.866666667,0.485094091
AOI-0073,2022-06-18,2,1,1,True,0,1.000000000,1.000000000,1.000000000,0.802197802,0.539780759
AOI-0073,2022-06-19,2,0,0,True,0,1.000000000,1.000000000,1.000000000,0.955555556,0.201845225
AOI-0073,2022-06-26,2,1,2,True,0,1.000000000,1.000000000,1.000000000,0.899543379,0.379925835
AOI-0073,2022-07-27,2,0,0,True,0,1.000000000,1.000000000,1.000000000,0.473684211,0.862857801
AOI-0073,2022-08-13,2,2,0,True,0,1.000000000,1.000000000,1.000000000,0.581395349,0.705392195
AOI-0073,2022-09-17,2,0,0,True,0,1.000000000,1.000000000,1.000000000,0.980582524,0.109222462
AOI-0073,2022-09-20,2,0,0,True,0,1.000000000,1.000000000,1.000000000,0.894736842,0.409458619
AOI-0073,2022-10-05,2,0,0,True,0,1.000000000,1.000000000,1.000000000,0.894736842,0.409458619
AOI-0073,2023-04-26,2,1,1,True,0,1.000000000,1.000000000,1.000000000,0.963636364,0.181415523
AOI-0073,2023-06-06,2,1,0,True,0,1.000000000,1.000000000,1.000000000,0.576354680,0.708281313
AOI-0073,2023-06-10,2,2,2,True,0,1.000000000,1.000000000,1.000000000,0.990521327,0.060162121
AOI-0073,2023-06-19,2,0,0,True,4,2.000000000,1.000000000,14.000000000,0.986013986,0.083298165
AOI-0073,2023-09-05,2,0,0,True,0,1.000000000,1.000000000,1.000000000,0.548387097,0.804665640
AOI-0073,2023-09-22,2,0,0,True,0,1.000000000,1.000000000,1.000000000,0.987096774,0.077896072
AOI-0073,2023-09-25,2,0,1,True,0,1.000000000,1.000000000,1.000000000,0.647058824,0.724975116
AOI-0073,2023-10-12,2,0,0,True,0,1.000000000,1.000000000,1.000000000,0.986394558,0.081409508
AOI-0073,2024-04-12,2,0,0,True,0,1.000000000,1.000000000,1.000000000,0.894736842,0.409458619
AOI-0073,2024-05-08,2,2,2,True,5,4.000000000,0.750000000,11.000000000,0.893719807,0.395628725
AOI-0073,2024-05-09,2,0,0,False,-1,0.000000000,0.000000000,inf,0.632653061,0.691403850
AOI-0073,2024-05-12,2,0,0,True,0,1.000000000,1.000000000,1.000000000,0.894736842,0.409458619
AOI-0073,2024-06-15,2,1,0,True,0,1.000000000,1.000000000,1.000000000,0.837837838,0.478031285
AOI-0073,2024-07-01,2,1,1,True,4,2.000000000,1.000000000,14.000000000,0.803921569,0.558659438
AOI-0073,2024-07-08,2,0,0,False,-1,0.000000000,0.000000000,inf,0.974683544,0.135612188
AOI-0073,2024-07-16,2,0,0,True,0,1.000000000,1.000000000,1.000000000,0.894736842,0.409458619
AOI-0073,2024-09-09,2,0,0,False,-1,0.000000000,0.000000000,inf,0.866666667,0.485094091
AOI-0073,2024-10-24,2,0,1,True,0,1.000000000,1.000000000,1.000000000,0.617021277,0.747675135
AOI-0073,2025-04-17,2,0,1,True,0,1.000000000,1.000000000,1.000000000,0.848739496,0.457343669
AOI-0073,2025-04-21,2,0,0,True,0,1.000000000,1.000000000,1.000000000,0.971830986,0.147843978
AOI-0073,2025-04-24,2,0,0,True,0,1.000000000,1.000000000,1.000000000,0.981981982,0.102711110
AOI-0073,2025-05-01,2,0,0,True,0,1.000000000,1.000000000,1.000000000,0.874476987,0.396131176
AOI-0073,2025-06-06,2,0,1,True,0,1.000000000,1.000000000,1.000000000,0.674418605,0.714783355
AOI-0073,2025-06-13,2,0,0,True,2,1.000000000,1.000000000,4.000000000,0.640287770,0.688518311
AOI-0073,2025-07-11,2,0,0,True,0,1.000000000,1.000000000,1.000000000,0.894736842,0.409458619
AOI-0073,2025-10-14,2,0,0,True,0,1.000000000,1.000000000,1.000000000,0.913043478,0.355712860
AOI-0073,2025-10-26,2,0,0,True,1,1.000000000,1.000000000,2.000000000,0.894736842,0.409458619
AOI-0074,2010-05-09,2,2,2,True,0,1.000000000,1.000000000,1.000000000,0.990867580,0.058305859
AOI-0074,2010-06-10,2,2,2,True,0,1.000000000,1.000000000,1.000000000,0.554502370,0.713440583
AOI-0074,2010-10-16,2,2,2,True,0,1.000000000,1.000000000,1.000000000,0.680365297,0.650526760
AOI-0074,2011-04-01,2,1,1,True,0,1.000000000,1.000000000,1.000000000,0.894736842,0.409458619
AOI-0074,2011-07-28,2,2,2,True,0,1.000000000,1.000000000,1.000000000,0.990521327,0.060162121
AOI-0074,2011-08-31,2,1,1,True,0,1.000000000,1.000000000,1.000000000,0.963636364,0.181415523
AOI-0074,2012-04-11,2,1,1,True,0,1.000000000,1.000000000,1.000000000,0.894736842,0.409458619
AOI-0074,2012-05-06,2,1,1,True,4,2.000000000,1.000000000,15.000000000,0.977011494,0.125386776
AOI-0074,2012-08-28,2,2,2,True,0,1.000000000,1.000000000,1.000000000,0.661835749,0.665130698
AOI-0074,2013-04-14,2,1,1,True,0,1.000000000,1.000000000,1.000000000,0.960784314,0.192625738
AOI-0074,2013-09-14,2,2,2,True,0,1.000000000,1.000000000,1.000000000,0.989949749,0.063198621
AOI-0074,2013-10-23,2,1,1,True,0,1.000000000,1.000000000,1.000000000,0.894736842,0.409458619
AOI-0074,2014-04-23,2,2,2,True,4,4.000000000,1.000000000,12.000000000,0.990867580,0.058305859
AOI-0074,2014-05-19,2,1,1,True,0,1.000000000,1.000000000,1.000000000,0.953488372,0.220352331
AOI-0074,2014-06-26,2,2,2,True,0,1.000000000,1.000000000,1.000000000,0.990338164,0.061138862
AOI-0074,2015-04-07,2,2,2,True,0,1.000000000,1.000000000,1.000000000,0.990521327,0.060162121
AOI-0074,2015-08-26,2,1,1,True,4,2.000000000,1.000000000,15.000000000,0.960784314,0.192625738
AOI-0074,2015-09-11,2,1,1,True,0,1.000000000,1.000000000,1.000000000,0.960784314,0.192625738
AOI-0074,2015-09-30,2,2,2,True,0,1.000000000,1.000000000,1.000000000,0.714285714,0.623155167
AOI-0074,2016-07-27,2,1,2,True,0,1.000000000,1.000000000,1.000000000,0.759162304,0.577267121
AOI-0074,2016-10-15,2,2,2,True,0,1.000000000,1.000000000,1.000000000,0.826484018,0.482533258
AOI-0074,2017-05-25,2,2,2,True,0,1.000000000,1.000000000,1.000000000,0.990697674,0.059218348
AOI-0074,2017-06-12,2,1,1,True,4,2.000000000,1.000000000,15.000000000,0.953488372,0.220352331
AOI-0074,2017-06-30,2,0,0,True,0,1.000000000,1.000000000,1.000000000,0.788617886,0.550242400
AOI-0074,2017-08-19,2,1,1,False,-1,0.000000000,0.000000000,inf,0.641025641,0.745196588
AOI-0074,2018-04-12,2,1,1,True,0,1.000000000,1.000000000,1.000000000,0.957446809,0.205470750
AOI-0074,2018-05-04,2,0,0,True,0,1.000000000,1.000000000,1.000000000,0.894736842,0.409458619
AOI-0074,2018-05-25,2,2,2,True,0,1.000000000,1.000000000,1.000000000,0.781990521,0.547209720
AOI-0074,2018-06-26,2,2,2,True,0,1.000000000,1.000000000,1.000000000,0.698630137,0.635682805
AOI-0074,2018-07-28,2,2,2,True,0,1.000000000,1.000000000,1.000000000,0.914691943,0.309849445
AOI-0074,2019-04-01,2,0,0,True,0,1.000000000,1.000000000,1.000000000,0.808695652,0.523482354
AOI-0074,2019-05-17,2,1,1,True,4,2.000000000,1.000000000,15.000000000,0.957446809,0.205470750
AOI-0074,2019-06-10,2,0,0,True,0,1.000000000,1.000000000,1.000000000,0.686098655,0.645690378
AOI-0074,2019-06-20,2,0,0,True,4,4.000000000,1.000000000,12.000000000,0.814207650,0.504717032
AOI-0074,2019-08-12,2,0,0,False,-1,0.000000000,0.000000000,inf,0.866666667,0.485094091
AOI-0074,2019-08-21,2,1,0,True,0,1.000000000,1.000000000,1.000000000,0.777777778,0.556748955
AOI-0074,2019-09-28,2,0,0,True,4,1.000000000,1.000000000,15.000000000,0.966101695,0.171538761
AOI-0074,2019-10-16,2,2,2,False,-1,0.000000000,0.000000000,12.000000000,0.777777778,0.662017373
AOI-0074,2019-10-21,2,0,0,True,0,1.000000000,1.000000000,1.000000000,0.894736842,0.409458619
AOI-0074,2020-04-23,2,0,0,True,0,1.000000000,1.000000000,1.000000000,0.894736842,0.409458619
AOI-0074,2020-04-30,2,0,0,True,0,1.000000000,1.000000000,1.000000000,0.985611511,0.085284100
AOI-0074,2020-05-11,2,1,1,True,0,1.000000000,1.000000000,1.000000000,0.957446809,0.205470750
AOI-0074,2020-05-28,2,0,1,True,0,1.000000000,1.000000000,1.000000000,0.913043478,0.323707277
AOI-0074,2020-06-25,2,2,2,True,0,1.000000000,1.000000000,1.000000000,0.990697674,0.059218348
AOI-0074,2020-06-28,2,1,1,True,0,1.000000000,1.000000000,1.000000000,0.600000000,0.731469565
AOI-0074,2020-07-04,2,0,0,True,4,4.000000000,1.000000000,12.000000000,0.986754967,0.079610965
AOI-0074,2020-09-01,2,1,1,True,4,1.000000000,1.000000000,15.000000000,0.748148148,0.597779062
AOI-0074,2020-09-16,2,1,1,True,4,2.000000000,1.000000000,15.000000000,0.569620253,0.740529352
AOI-0074,2020-09-17,2,0,0,True,4,3.000000000,1.000000000,13.000000000,0.986754967,0.079610965
AOI-0074,2020-10-15,2,0,2,True,0,1.000000000,1.000000000,1.000000000,0.913043478,0.314096510
AOI-0074,2021-04-12,2,0,0,False,-1,0.000000000,0.000000000,inf,0.600000000,0.775939123
AOI-0074,2021-05-25,2,0,2,True,0,1.000000000,1.000000000,1.000000000,0.630331754,0.684135614
AOI-0074,2021-07-02,2,0,1,True,0,1.000000000,1.000000000,1.000000000,0.843478261,0.467440026
AOI-0074,2021-07-27,2,0,0,True,0,1.000000000,1.000000000,1.000000000,0.894736842,0.409458619
AOI-0074,2021-07-28,2,2,2,True,0,1.000000000,1.000000000,1.000000000,0.694581281,0.826449954
AOI-0074,2021-08-28,2,0,0,False,-1,0.000000000,0.000000000,inf,0.796407186,0.532357983
AOI-0074,2021-09-14,2,2,0,True,5,4.000000000,0.750000000,12.000000000,0.615763547,0.692456055
AOI-0074,2021-10-21,2,1,1,True,0,1.000000000,1.000000000,1.000000000,0.590361446,0.731082245
AOI-0074,2021-10-25,2,0,0,True,0,1.000000000,1.000000000,1.000000000,0.629629630,0.779553605
AOI-0074,2021-10-30,2,0,1,True,0,1.000000000,1.000000000,1.000000000,0.831775701,0.489153472
AOI-0074,2022-04-08,2,0,1,True,0,1.000000000,1.000000000,1.000000000,0.647058824,0.724975116
AOI-0074,2022-06-23,2,1,0,True,0,1.000000000,1.000000000,1.000000000,0.647058824,0.724975116
AOI-0074,2022-07-17,2,0,1,True,0,1.000000000,1.000000000,1.000000000,0.862595420,0.429705336
AOI-0074,2022-07-19,2,0,0,True,0,1.000000000,1.000000000,1.000000000,0.956834532,0.197325562
AOI-0074,2022-07-24,2,0,0,True,0,1.000000000,1.000000000,1.000000000,0.691428571,0.646408103
AOI-0074,2022-07-28,2,1,2,True,0,1.000000000,1.000000000,1.000000000,0.584541063,0.955419871
AOI-0074,2022-08-23,2,0,0,True,0,1.000000000,1.000000000,1.000000000,0.828571429,0.483197564
AOI-0074,2022-10-07,2,0,0,True,0,1.000000000,1.000000000,1.000000000,0.986754967,0.079610965
AOI-0074,2022-10-08,2,1,1,True,0,1.000000000,1.000000000,1.000000000,0.960784314,0.192625738
AOI-0074,2023-04-02,2,0,0,False,-1,0.000000000,0.000000000,12.000000000,0.648854962,0.684928859
AOI-0074,2023-04-07,2,2,2,True,0,1.000000000,1.000000000,1.000000000,0.797101449,0.527223827
AOI-0074,2023-06-04,2,0,0,False,-1,0.000000000,0.000000000,inf,0.894736842,0.409458619
AOI-0074,2023-06-05,2,1,1,True,0,1.000000000,1.000000000,1.000000000,0.960784314,0.192625738
AOI-0074,2023-07-07,2,0,1,True,0,1.000000000,1.000000000,1.000000000,0.672727273,0.702449738
AOI-0074,2023-07-15,2,1,1,True,0,1.000000000,1.000000000,1.000000000,0.973333333,0.141440924
AOI-0074,2023-09-07,2,0,0,True,4,3.000000000,1.000000000,12.000000000,0.986394558,0.081409508
AOI-0074,2023-10-03,2,1,1,False,-1,0.000000000,0.000000000,inf,0.894736842,0.409458619
AOI-0074,2023-10-16,2,2,2,True,0,1.000000000,1.000000000,1.000000000,0.711627907,0.720138053
AOI-0074,2024-04-09,2,0,0,True,0,1.000000000,1.000000000,1.000000000,0.985611511,0.085284100
AOI-0074,2024-04-20,2,1,1,False,-1,0.000000000,0.000000000,inf,0.866666667,0.485094091
AOI-0074,2024-04-22,2,0,1,True,0,1.000000000,1.000000000,1.000000000,0.545893720,0.903576437
AOI-0074,2024-05-30,2,1,1,True,0,1.000000000,1.000000000,1.000000000,0.957446809,0.205470750
AOI-0074,2024-06-11,2,0,0,True,0,1.000000000,1.000000000,1.000000000,0.739130435,0.691502198
AOI-0074,2024-06-16,2,0,1,True,0,1.000000000,1.000000000,1.000000000,0.538461538,0.789212978
AOI-0074,2024-07-01,2,1,1,True,4,2.000000000,1.000000000,15.000000000,0.803921569,0.558659438
AOI-0074,2024-07-03,2,0,0,True,4,4.000000000,1.000000000,12.000000000,0.787709497,0.542809787
AOI-0074,2024-08-02,2,0,0,True,0,1.000000000,1.000000000,1.000000000,0.948717949,0.237819011
AOI-0074,2024-08-15,2,0,0,True,0,1.000000000,1.000000000,1.000000000,0.818181818,0.600166073
AOI-0074,2024-09-16,2,0,0,True,0,1.000000000,1.000000000,1.000000000,0.986013986,0.083298165
AOI-0074,2025-04-22,2,0,0,True,0,1.000000000,1.000000000,1.000000000,0.894736842,0.409458619
AOI-0074,2025-05-31,2,0,0,True,0,1.000000000,1.000000000,1.000000000,0.953488372,0.220352331
AOI-0074,2025-06-02,2,1,1,True,0,2.000000000,1.000000000,1.000000000,0.948717949,0.237819011
AOI-0074,2025-06-03,2,0,0,True,2,1.000000000,1.000000000,3.000000000,0.985185185,0.087375267
AOI-0074,2025-06-30,2,0,0,True,1,1.000000000,1.000000000,2.000000000,0.985611511,0.085284100
AOI-0074,2025-09-11,2,0,0,True,0,2.000000000,1.000000000,1.000000000,0.983193277,0.096986095
AOI-0074,2025-09-21,2,0,0,True,0,1.000000000,1.000000000,1.000000000,0.987730061,0.074694356
AOI-0074,2025-10-04,2,0,1,True,0,2.000000000,1.000000000,1.000000000,0.762711864,0.608992466
AOI-0074,2025-10-16,2,2,0,True,0,2.000000000,1.000000000,1.000000000,0.558441558,0.710629951
AOI-0075,2025-05-02,2,0,0,True,0,2.000000000,1.000000000,1.000000000,0.894736842,0.409458619
AOI-0075,2025-05-11,2,0,0,True,0,1.000000000,1.000000000,1.000000000,0.942857143,0.258640932
AOI-0075,2025-05-12,2,0,0,True,1,2.000000000,1.000000000,2.000000000,0.866666667,0.485094091
AOI-0075,2025-05-21,2,0,0,True,0,1.000000000,1.000000000,1.000000000,0.677419355,0.733664869
AOI-0075,2025-06-03,2,0,0,True,1,1.000000000,1.000000000,2.000000000,0.985185185,0.087375267
AOI-0075,2025-07-06,2,0,1,True,0,1.000000000,1.000000000,1.000000000,0.931034483,0.282027991
AOI-0075,2025-08-19,2,0,0,True,0,1.000000000,1.000000000,1.000000000,0.991341991,0.055740919
AOI-0075,2025-08-22,2,0,0,True,0,2.000000000,1.000000000,1.000000000,0.987730061,0.074694356
AOI-0075,2025-09-14,2,1,2,True,0,2.000000000,1.000000000,1.000000000,0.771689498,0.559610189
AOI-0075,2025-10-06,2,0,0,True,0,1.000000000,1.000000000,1.000000000,0.942857143,0.258640932
AOI-0076,2025-04-21,2,0,0,True,0,2.000000000,1.000000000,1.000000000,0.971830986,0.147843978
AOI-0076,2025-04-23,2,1,2,True,0,2.000000000,1.000000000,1.000000000,0.714285714,0.796311640
AOI-0076,2025-04-29,2,0,0,True,0,2.000000000,1.000000000,1.000000000,0.979797980,0.112827275
AOI-0076,2025-05-09,2,2,2,True,0,1.000000000,1.000000000,1.000000000,0.847533632,0.447194483
AOI-0076,2025-05-12,2,0,0,True,0,1.000000000,1.000000000,1.000000000,0.866666667,0.485094091
AOI-0076,2025-05-14,2,0,0,True,2,1.000000000,1.000000000,3.000000000,0.981308411,0.105858397
AOI-0076,2025-06-01,2,0,0,True,0,2.000000000,1.000000000,1.000000000,0.866666667,0.485094091
AOI-0076,2025-06-03,2,0,0,True,0,1.000000000,1.000000000,1.000000000,0.985185185,0.087375267
AOI-0076,2025-06-21,2,0,1,True,0,1.000000000,1.000000000,1.000000000,0.772151899,0.585549972
AOI-0077,2025-05-01,2,0,0,True,0,1.000000000,1.000000000,1.000000000,0.874476987,0.396131176
AOI-0077,2025-05-24,2,0,0,True,0,2.000000000,1.000000000,1.000000000,0.987730061,0.074694356
AOI-0077,2025-06-10,2,2,0,True,0,1.000000000,1.000000000,1.000000000,0.516587678,0.719232108
AOI-0077,2025-07-06,2,0,1,True,0,1.000000000,1.000000000,1.000000000,0.931034483,0.282027991
AOI-0077,2025-07-08,2,0,0,True,0,2.000000000,1.000000000,1.000000000,0.811659193,0.504999496
AOI-0077,2025-08-07,2,0,0,True,0,1.000000000,1.000000000,1.000000000,0.851428571,0.444443716
AOI-0077,2025-08-13,2,1,2,True,0,2.000000000,1.000000000,1.000000000,0.765182186,0.565485065
AOI-0077,2025-09-24,2,0,1,True,0,2.000000000,1.000000000,1.000000000,0.808695652,0.523482354
AOI-0077,2025-10-01,2,0,0,True,0,1.000000000,1.000000000,1.000000000,0.866666667,0.485094091
AOI-0078,2025-04-17,2,0,1,True,0,1.000000000,1.000000000,1.000000000,0.848739496,0.457343669
AOI-0078,2025-05-14,2,0,0,True,3,1.000000000,1.000000000,5.000000000,0.981308411,0.105858397
AOI-0078,2025-07-06,2,0,1,True,1,1.000000000,1.000000000,2.000000000,0.931034483,0.282027991
AOI-0078,2025-07-12,2,1,2,True,1,1.000000000,1.000000000,2.000000000,0.600000000,0.939354209
AOI-0078,2025-07-30,2,0,0,True,0,1.000000000,1.000000000,1.000000000,0.992277992,0.050601985
AOI-0078,2025-08-02,2,0,0,True,0,1.000000000,1.000000000,1.000000000,0.986394558,0.081409508
AOI-0078,2025-08-17,2,0,0,True,0,1.000000000,1.000000000,1.000000000,0.796407186,0.532357983
AOI-0078,2025-09-21,2,0,0,True,0,1.000000000,1.000000000,1.000000000,0.987730061,0.074694356
AOI-0078,2025-10-06,2,0,0,True,0,1.000000000,1.000000000,1.000000000,0.942857143,0.258640932
AOI-0001,2010-04-24,70404,1,1,True,4,1.000000000,1.000000000,12.000000000,0.979797980,0.112827275
AOI-0001,2010-06-02,70404,1,1,True,4,3.000000000,1.000000000,12.000000000,0.980582524,0.109222462
AOI-0001,2010-07-12,70404,1,2,True,4,4.000000000,0.750000000,9.000000000,0.545893720,0.715682192
AOI-0001,2010-09-23,70404,1,1,True,4,1.000000000,1.000000000,12.000000000,0.977011494,0.125386776
AOI-0001,2011-07-08,70404,1,1,True,4,2.000000000,1.000000000,9.000000000,0.953488372,0.220352331
AOI-0001,2011-07-15,70404,1,1,True,4,2.000000000,1.000000000,12.000000000,0.978947368,0.116700546
AOI-0001,2011-08-17,70404,1,1,True,4,3.000000000,1.000000000,9.000000000,0.981981982,0.102711110
AOI-0001,2011-09-17,70404,1,1,True,4,1.000000000,1.000000000,12.000000000,0.971830986,0.147843978
AOI-0001,2011-10-16,70404,2,2,True,4,2.000000000,1.000000000,9.000000000,0.990338164,0.061138862
AOI-0001,2012-04-04,70404,1,1,True,4,2.000000000,1.000000000,13.000000000,0.978947368,0.116700546
AOI-0001,2012-05-31,70404,1,1,True,4,3.000000000,1.000000000,12.000000000,0.966101695,0.171538761
AOI-0001,2012-08-28,70404,2,2,True,4,2.000000000,1.000000000,9.000000000,0.681159420,0.651026440
AOI-0001,2013-09-14,70404,2,2,True,4,2.000000000,1.000000000,9.000000000,0.989304813,0.066585474
AOI-0001,2013-10-16,70404,1,2,True,5,4.000000000,0.750000000,9.000000000,0.628140704,0.686557305
AOI-0001,2013-10-24,70404,1,1,True,4,3.000000000,1.000000000,12.000000000,0.979797980,0.112827275
AOI-0001,2014-04-27,70404,1,1,True,4,4.000000000,1.000000000,9.000000000,0.981981982,0.102711110
AOI-0001,2014-07-07,70404,1,1,False,-1,0.000000000,0.000000000,inf,0.948717949,0.237819011
AOI-0001,2014-07-23,70404,1,1,True,4,3.000000000,1.000000000,12.000000000,0.980582524,0.109222462
AOI-0001,2014-09-30,70404,2,2,True,4,2.000000000,1.000000000,12.000000000,0.990697674,0.059218348
AOI-0001,2015-04-14,70404,1,1,True,4,2.000000000,1.000000000,12.000000000,0.980582524,0.109222462
AOI-0001,2015-05-09,70404,2,2,True,4,3.000000000,1.000000000,9.000000000,0.990338164,0.061138862
AOI-0001,2015-09-04,70404,1,1,True,4,2.000000000,1.000000000,12.000000000,0.977011494,0.125386776
AOI-0001,2015-09-29,70404,1,1,True,4,3.000000000,1.000000000,9.000000000,0.979797980,0.112827275
AOI-0001,2016-04-23,70404,1,1,True,4,3.000000000,1.000000000,12.000000000,0.979797980,0.112827275
AOI-0001,2016-06-18,70404,1,1,True,4,1.000000000,1.000000000,12.000000000,0.974683544,0.135612188
AOI-0001,2016-09-06,70404,1,1,True,4,3.000000000,1.000000000,12.000000000,0.978947368,0.116700546
AOI-0001,2016-09-13,70404,2,2,True,4,2.000000000,1.000000000,13.000000000,0.728643216,0.609627116
AOI-0001,2017-04-11,70404,0,0,True,4,2.000000000,1.000000000,13.000000000,0.777777778,0.586888119
AOI-0001,2017-04-26,70404,0,0,True,4,3.000000000,1.000000000,9.000000000,0.984251969,0.091909786
AOI-0001,2017-05-29,70404,1,1,True,4,2.000000000,1.000000000,9.000000000,0.982608696,0.099759750
AOI-0001,2017-06-05,70404,1,0,True,4,3.000000000,1.000000000,12.000000000,0.726618705,0.619861451
AOI-0001,2017-06-26,70404,2,2,True,4,3.000000000,1.000000000,12.000000000,0.990697674,0.059218348
AOI-0001,2017-07-28,70404,2,2,True,4,3.000000000,1.000000000,9.000000000,0.990147783,0.062150380
AOI-0001,2017-10-19,70404,1,1,True,4,2.000000000,1.000000000,12.000000000,0.979797980,0.112827275
AOI-0001,2018-04-07,70404,2,2,True,4,3.000000000,1.000000000,9.000000000,0.694581281,0.640602776
AOI-0001,2018-05-25,70404,2,2,True,4,2.000000000,1.000000000,9.000000000,0.777777778,0.552980074
AOI-0001,2018-06-01,70404,1,1,True,4,4.000000000,1.000000000,9.000000000,0.981981982,0.102711110
AOI-0001,2018-06-20,70404,0,0,True,4,2.000000000,1.000000000,9.000000000,0.983739837,0.094374144
AOI-0001,2018-07-10,70404,1,1,True,4,3.000000000,1.000000000,12.000000000,0.979797980,0.112827275
AOI-0001,2018-10-06,70404,1,1,True,4,1.000000000,1.000000000,16.000000000,0.978021978,0.120874486
AOI-0001,2018-10-30,70404,1,1,True,4,2.000000000,1.000000000,13.000000000,0.977011494,0.125386776
AOI-0001,2019-04-21,70404,0,0,True,4,3.000000000,1.000000000,9.000000000,0.986754967,0.079610965
AOI-0001,2019-07-30,70404,0,0,False,-1,0.000000000,0.000000000,13.000000000,0.822784810,0.512745141
AOI-0001,2019-08-07,70404,1,1,True,4,4.000000000,1.000000000,9.000000000,0.853658537,0.447709041
AOI-0001,2019-08-24,70404,0,0,True,4,2.000000000,1.000000000,9.000000000,0.729032258,0.614707193
AOI-0001,2019-08-29,70404,0,0,True,4,2.000000000,1.000000000,9.000000000,0.714285714,0.623155167
AOI-0001,2019-09-13,70404,0,0,True,4,2.000000000,1.000000000,9.000000000,0.986394558,0.081409508
AOI-0001,2019-10-16,70404,2,2,True,4,2.000000000,1.000000000,9.000000000,0.763033175,0.699462498
AOI-0001,2019-10-23,70404,0,0,True,4,4.000000000,1.000000000,9.000000000,0.985611511,0.085284100
AOI-0001,2020-05-15,70404,0,0,True,4,1.000000000,1.000000000,9.000000000,0.768421053,0.583997835
AOI-0001,2020-06-14,70404,1,0,True,4,1.000000000,1.000000000,9.000000000,0.611510791,0.703892435
AOI-0001,2020-07-04,70404,0,0,True,4,3.000000000,1.000000000,12.000000000,0.986394558,0.081409508
AOI-0001,2020-07-24,70404,0,0,True,4,4.000000000,0.750000000,9.000000000,0.791411043,0.539759098
AOI-0001,2020-08-03,70404,0,0,True,4,4.000000000,1.000000000,9.000000000,0.832402235,0.476550171
AOI-0001,2020-08-16,70404,1,1,True,4,1.000000000,1.000000000,16.000000000,0.831775701,0.489153472
AOI-0001,2020-09-27,70404,0,0,True,4,3.000000000,1.000000000,12.000000000,0.711627907,0.624497062
AOI-0001,2021-04-29,70404,1,1,True,4,2.000000000,1.000000000,12.000000000,0.848739496,0.457343669
AOI-0001,2021-05-08,70404,1,1,True,4,3.000000000,1.000000000,9.000000000,0.983193277,0.096986095
AOI-0001,2021-06-19,70404,0,0,True,4,3.000000000,1.000000000,9.000000000,0.824561404,0.490045290
AOI-0001,2021-07-14,70404,0,0,True,4,2.000000000,1.000000000,9.000000000,0.986394558,0.081409508
AOI-0001,2021-07-26,70404,0,0,True,4,4.000000000,1.000000000,9.000000000,0.708542714,0.628837152
AOI-0001,2021-08-28,70404,0,0,True,4,4.000000000,1.000000000,9.000000000,0.828571429,0.483197564
AOI-0001,2021-09-07,70404,0,0,True,4,3.000000000,1.000000000,9.000000000,0.805714286,0.518158008
AOI-0001,2021-09-27,70404,0,0,True,4,2.000000000,1.000000000,9.000000000,0.985611511,0.085284100
AOI-0001,2022-04-23,70404,2,2,True,4,2.000000000,1.000000000,9.000000000,0.911330049,0.318474676
AOI-0001,2022-06-30,70404,1,1,True,4,2.000000000,1.000000000,9.000000000,0.985185185,0.087375267
AOI-0001,2022-07-05,70404,1,1,True,4,2.000000000,1.000000000,13.000000000,0.981308411,0.105858397
AOI-0001,2022-07-17,70404,1,1,True,4,1.000000000,1.000000000,16.000000000,0.848739496,0.457343669
AOI-0001,2022-07-19,70404,0,0,True,4,3.000000000,1.000000000,9.000000000,0.955555556,0.201845225
AOI-0001,2022-07-28,70404,2,2,True,4,2.000000000,1.000000000,12.000000000,0.579487179,0.953656615
AOI-0001,2022-08-22,70404,1,1,True,4,2.000000000,1.000000000,12.000000000,0.732283465,0.616498091
AOI-0001,2022-08-29,70404,2,2,True,4,3.000000000,1.000000000,9.000000000,0.990521327,0.060162121
AOI-0001,2023-04-07,70404,2,2,True,4,3.000000000,1.000000000,12.000000000,0.816425121,0.499110844
AOI-0001,2023-05-09,70404,2,2,True,4,4.000000000,1.000000000,9.000000000,0.990867580,0.058305859
AOI-0001,2023-07-14,70404,0,0,True,4,4.000000000,1.000000000,9.000000000,0.979797980,0.112827275
AOI-0001,2023-08-18,70404,0,0,True,4,4.000000000,0.750000000,9.000000000,0.693023256,0.640762809
AOI-0001,2023-09-19,70404,0,0,True,4,1.000000000,1.000000000,13.000000000,0.877551020,0.398048730
AOI-0001,2023-09-24,70404,0,0,True,4,3.000000000,1.000000000,9.000000000,0.689839572,0.646243791
AOI-0001,2023-09-30,70404,2,2,True,4,3.000000000,1.000000000,9.000000000,0.911330049,0.318474676
AOI-0001,2023-10-26,70404,1,1,False,-1,0.000000000,0.000000000,inf,0.866666667,0.485094091
AOI-0001,2024-04-04,70404,0,0,True,4,1.000000000,1.000000000,12.000000000,0.986013986,0.083298165
AOI-0001,2024-04-09,70404,0,0,True,4,2.000000000,1.000000000,9.000000000,0.986013986,0.083298165
AOI-0001,2024-05-31,70404,1,1,True,4,1.000000000,1.000000000,12.000000000,0.935483871,0.283936267
AOI-0001,2024-08-28,70404,1,1,True,4,3.000000000,1.000000000,9.000000000,0.517948718,0.720902507
AOI-0001,2024-10-15,70404,2,2,True,4,3.000000000,1.000000000,12.000000000,0.990338164,0.061138862
AOI-0001,2024-10-26,70404,0,0,True,4,4.000000000,1.000000000,9.000000000,0.985185185,0.087375267
AOI-0001,2025-05-09,70404,2,2,True,0,1.000000000,1.000000000,1.000000000,0.832599119,0.472112358
AOI-0001,2025-06-26,70404,2,2,True,1,1.000000000,1.000000000,2.000000000,0.990338164,0.061138862
AOI-0001,2025-07-30,70404,0,0,True,0,1.000000000,1.000000000,1.000000000,0.992156863,0.051273190
AOI-0001,2025-08-12,70404,0,0,True,0,1.000000000,1.000000000,1.000000000,0.985611511,0.085284100
AOI-0001,2025-09-16,70404,0,0,True,1,1.000000000,1.000000000,2.000000000,0.754385965,0.585100662
AOI-0001,2025-09-21,70404,0,0,True,0,1.000000000,1.000000000,1.000000000,0.988023952,0.073197386
AOI-0001,2025-10-16,70404,0,0,True,0,1.000000000,1.000000000,1.000000000,0.534246575,0.781909607
AOI-0002,2025-04-07,70404,2,2,True,0,2.000000000,1.000000000,1.000000000,0.973568282,0.134019856
AOI-0002,2025-06-10,70404,0,0,True,0,1.000000000,1.000000000,1.000000000,0.534246575,0.716462038
AOI-0002,2025-07-18,70404,0,0,True,0,2.000000000,1.000000000,1.000000000,0.986754967,0.079610965
AOI-0002,2025-09-07,70404,1,1,True,0,1.000000000,1.000000000,1.000000000,0.979797980,0.112827275
AOI-0002,2025-09-08,70404,0,0,True,0,2.000000000,1.000000000,1.000000000,0.931034483,0.268700917
AOI-0002,2025-09-16,70404,0,0,True,0,1.000000000,1.000000000,1.000000000,0.754385965,0.585100662
AOI-0002,2025-10-17,70404,1,1,True,0,2.000000000,1.000000000,1.000000000,0.979797980,0.112827275
AOI-0003,2025-05-01,70404,0,0,True,0,1.000000000,1.000000000,1.000000000,0.889361702,0.365884432
AOI-0003,2025-06-08,70404,0,0,True,0,2.000000000,1.000000000,1.000000000,0.988023952,0.073197386
AOI-0003,2025-06-10,70404,0,0,True,0,1.000000000,1.000000000,1.000000000,0.534246575,0.716462038
AOI-0003,2025-07-06,70404,1,1,True,3,2.000000000,1.000000000,6.000000000,0.869158879,0.421650381
AOI-0003,2025-07-08,70404,0,0,True,0,2.000000000,1.000000000,1.000000000,0.863874346,0.420059298
AOI-0003,2025-07-23,70404,0,0,True,0,1.000000000,1.000000000,1.000000000,0.766871166,0.571399404
AOI-0003,2025-08-06,70404,1,0,True,0,2.000000000,1.000000000,1.000000000,0.637209302,0.679891962
AOI-0003,2025-08-12,70404,0,0,True,0,2.000000000,1.000000000,1.000000000,0.985611511,0.085284100
AOI-0003,2025-08-19,70404,0,0,True,0,1.000000000,1.000000000,1.000000000,0.990867580,0.058305859
AOI-0003,2025-09-07,70404,1,1,True,1,2.000000000,1.000000000,2.000000000,0.979797980,0.112827275
AOI-0003,2025-10-02,70404,1,1,True,3,4.000000000,1.000000000,5.000000000,0.832061069,0.483656175
AOI-0004,2025-04-07,70404,2,2,True,0,2.000000000,1.000000000,1.000000000,0.973568282,0.134019856
AOI-0004,2025-05-01,70404,0,0,True,1,2.000000000,1.000000000,2.000000000,0.889361702,0.365884432
AOI-0004,2025-06-26,70404,2,2,True,0,2.000000000,1.000000000,1.000000000,0.990338164,0.061138862
AOI-0004,2025-07-21,70404,1,1,True,0,1.000000000,1.000000000,1.000000000,0.801526718,0.530634481
AOI-0004,2025-08-27,70404,0,0,True,0,2.000000000,1.000000000,1.000000000,0.986754967,0.079610965
AOI-0004,2025-09-07,70404,1,1,True,0,1.000000000,1.000000000,1.000000000,0.979797980,0.112827275
AOI-0004,2025-10-28,70404,0,0,True,0,2.000000000,1.000000000,1.000000000,0.966101695,0.171538761
AOI-0005,2025-05-04,70404,0,0,True,1,2.000000000,1.000000000,2.000000000,0.681159420,0.651026440
AOI-0005,2025-05-19,70404,0,0,True,0,2.000000000,1.000000000,1.000000000,0.518987342,0.750961555
AOI-0005,2025-05-24,70404,0,0,True,0,1.000000000,1.000000000,1.000000000,0.986013986,0.083298165
AOI-0005,2025-07-03,70404,0,0,True,0,1.000000000,1.000000000,1.000000000,0.963636364,0.181415523
AOI-0005,2025-07-05,70404,1,0,True,0,2.000000000,1.000000000,1.000000000,0.737142857,0.603553904
AOI-0005,2025-08-07,70404,0,0,True,0,2.000000000,1.000000000,1.000000000,0.842931937,0.457730591
AOI-0005,2025-09-23,70404,1,0,True,0,1.000000000,1.000000000,1.000000000,0.638766520,0.677915770
AOI-0005,2025-10-16,70404,0,0,True,0,2.000000000,1.000000000,1.000000000,0.534246575,0.781909607
AOI-0006,2025-05-04,70404,0,0,True,0,1.000000000,1.000000000,1.000000000,0.681159420,0.651026440
AOI-0006,2025-07-03,70404,0,0,True,1,1.000000000,1.000000000,2.000000000,0.963636364,0.181415523
AOI-0006,2025-07-12,70404,2,2,True,0,2.000000000,1.000000000,1.000000000,0.603524229,0.944804484
AOI-0006,2025-07-23,70404,0,0,True,0,2.000000000,1.000000000,1.000000000,0.766871166,0.571399404
AOI-0006,2025-07-30,70404,0,0,True,0,2.000000000,1.000000000,1.000000000,0.992156863,0.051273190
AOI-0006,2025-08-14,70404,1,0,True,0,1.000000000,1.000000000,1.000000000,0.668874172,0.667436348
AOI-0006,2025-08-27,70404,0,0,True,0,2.000000000,1.000000000,1.000000000,0.986754967,0.079610965
AOI-0006,2025-09-15,70404,0,0,True,4,15.000000000,0.733333333,1.000000000,0.642512077,0.677549840
AOI-0007,2025-04-17,70404,1,1,True,0,1.000000000,1.000000000,1.000000000,0.823129252,0.495449242
AOI-0007,2025-05-24,70404,0,0,True,0,2.000000000,1.000000000,1.000000000,0.986013986,0.083298165
AOI-0007,2025-06-03,70404,0,0,True,0,2.000000000,1.000000000,1.000000000,0.986394558,0.081409508
AOI-0007,2025-06-04,70404,1,1,True,0,1.000000000,1.000000000,1.000000000,0.777777778,0.562182809
AOI-0007,2025-06-07,70404,0,0,True,0,1.000000000,1.000000000,1.000000000,0.986754967,0.079610965
AOI-0007,2025-06-30,70404,0,0,True,0,1.000000000,1.000000000,1.000000000,0.984732824,0.089580528
AOI-0007,2025-07-25,70404,0,0,True,0,1.000000000,1.000000000,1.000000000,0.985185185,0.087375267
AOI-0007,2025-08-29,70404,0,0,True,0,2.000000000,1.000000000,1.000000000,0.992277992,0.050601985
AOI-0007,2025-09-16,70404,0,0,True,2,5.000000000,0.800000000,1.000000000,0.754385965,0.585100662
AOI-0007,2025-09-21,70404,0,0,True,0,1.000000000,1.000000000,1.000000000,0.988023952,0.073197386
AOI-0007,2025-10-02,70404,1,1,True,0,1.000000000,1.000000000,1.000000000,0.832061069,0.483656175
AOI-0008,2025-06-05,70404,0,0,True,0,2.000000000,1.000000000,1.000000000,0.985185185,0.087375267
AOI-0008,2025-06-15,70404,0,0,True,0,1.000000000,1.000000000,1.000000000,0.974683544,0.135612188
AOI-0008,2025-06-26,70404,2,2,True,1,2.000000000,1.000000000,2.000000000,0.990338164,0.061138862
AOI-0008,2025-07-28,70404,0,0,True,0,1.000000000,1.000000000,1.000000000,0.679653680,0.650062167
AOI-0008,2025-08-17,70404,0,0,True,0,1.000000000,1.000000000,1.000000000,0.782857143,0.549692548
AOI-0008,2025-08-19,70404,0,0,True,0,2.000000000,1.000000000,1.000000000,0.990867580,0.058305859
AOI-0008,2025-08-22,70404,0,0,True,0,1.000000000,1.000000000,1.000000000,0.988571429,0.070389141
AOI-0008,2025-09-11,70404,0,0,True,2,2.000000000,1.000000000,3.000000000,0.983193277,0.096986095
AOI-0008,2025-09-21,70404,0,0,True,0,1.000000000,1.000000000,1.000000000,0.988023952,0.073197386
AOI-0008,2025-09-26,70404,0,0,True,0,1.000000000,1.000000000,1.000000000,0.838862559,0.462932768
AOI-0009,2025-04-14,70404,0,0,True,0,2.000000000,1.000000000,1.000000000,0.986754967,0.079610965
AOI-0009,2025-04-16,70404,0,0,True,0,1.000000000,1.000000000,1.000000000,0.693251534,0.646547636
AOI-0009,2025-05-06,70404,0,0,True,0,2.000000000,1.000000000,1.000000000,0.986754967,0.079610965
AOI-0009,2025-06-13,70404,0,0,True,1,2.000000000,1.000000000,2.000000000,0.659863946,0.674472318
AOI-0009,2025-06-15,70404,0,0,True,1,2.000000000,1.000000000,2.000000000,0.974683544,0.135612188
AOI-0009,2025-06-26,70404,2,2,True,0,1.000000000,1.000000000,1.000000000,0.990338164,0.061138862
AOI-0009,2025-06-27,70404,0,0,True,1,2.000000000,1.000000000,2.000000000,0.661538462,0.666584314
AOI-0009,2025-08-02,70404,0,0,True,0,1.000000000,1.000000000,1.000000000,0.985611511,0.085284100
AOI-0009,2025-08-16,70404,0,0,True,0,1.000000000,1.000000000,1.000000000,0.984251969,0.091909786
AOI-0009,2025-09-15,70404,0,0,True,0,2.000000000,1.000000000,1.000000000,0.642512077,0.677549840
AOI-0009,2025-09-24,70404,1,1,True,0,2.000000000,1.000000000,1.000000000,0.781512605,0.560605439
AOI-0010,2010-05-09,70404,2,2,True,2,1.000000000,1.000000000,4.000000000,0.990521327,0.060162121
AOI-0010,2010-08-13,70404,2,2,True,2,2.000000000,1.000000000,3.000000000,0.932367150,0.264875566
AOI-0010,2010-09-23,70404,1,1,True,2,1.000000000,1.000000000,3.000000000,0.977011494,0.125386776
AOI-0010,2011-04-19,70404,1,1,True,2,1.000000000,1.000000000,3.000000000,0.981981982,0.102711110
AOI-0010,2011-06-10,70404,2,2,True,2,1.000000000,1.000000000,4.000000000,0.990147783,0.062150380
AOI-0010,2011-06-26,70404,2,2,True,2,2.000000000,1.000000000,3.000000000,0.990867580,0.058305859
AOI-0010,2012-04-22,70404,2,2,True,2,2.000000000,1.000000000,3.000000000,0.832512315,0.474104342
AOI-0010,2012-05-24,70404,2,2,True,2,2.000000000,1.000000000,3.000000000,0.990521327,0.060162121
AOI-0010,2012-07-18,70404,1,1,True,2,2.000000000,1.000000000,3.000000000,0.980582524,0.109222462
AOI-0010,2013-04-24,70404,1,1,True,2,1.000000000,1.000000000,4.000000000,0.971830986,0.147843978
AOI-0010,2013-07-29,70404,1,1,True,2,2.000000000,1.000000000,3.000000000,0.970149254,0.154913925
AOI-0010,2013-10-25,70404,1,1,True,2,1.000000000,1.000000000,4.000000000,0.980582524,0.109222462
AOI-0010,2014-06-26,70404,2,2,True,2,1.000000000,1.000000000,3.000000000,0.990147783,0.062150380
AOI-0010,2014-08-13,70404,2,2,True,3,1.000000000,1.000000000,7.000000000,0.989743590,0.064285679
AOI-0010,2014-09-14,70404,2,2,True,2,2.000000000,1.000000000,3.000000000,0.990147783,0.062150380
AOI-0010,2014-09-26,70404,1,1,True,2,1.000000000,1.000000000,4.000000000,0.974683544,0.135612188
AOI-0010,2015-04-30,70404,1,1,True,2,2.000000000,1.000000000,3.000000000,0.981308411,0.105858397
AOI-0010,2015-08-04,70404,1,1,True,2,1.000000000,1.000000000,3.000000000,0.979797980,0.112827275
AOI-0010,2015-09-21,70404,1,1,True,2,2.000000000,1.000000000,3.000000000,0.973333333,0.141440924
AOI-0010,2015-09-30,70404,2,2,True,2,2.000000000,1.000000000,3.000000000,0.687203791,0.645879152
AOI-0010,2016-05-08,70404,2,2,True,2,2.000000000,1.000000000,3.000000000,0.895734597,0.353634640
AOI-0010,2016-05-18,70404,1,1,True,2,2.000000000,1.000000000,3.000000000,0.978947368,0.116700546
AOI-0010,2016-06-27,70404,1,1,True,2,2.000000000,1.000000000,3.000000000,0.980582524,0.109222462
AOI-0010,2016-08-28,70404,2,2,True,2,1.000000000,1.000000000,3.000000000,0.767441860,0.565148736
AOI-0010,2017-05-01,70404,0,0,True,2,1.000000000,1.000000000,4.000000000,0.984251969,0.091909786
AOI-0010,2017-06-22,70404,1,1,True,2,1.000000000,1.000000000,4.000000000,0.966101695,0.171538761
AOI-0010,2017-06-26,70404,2,2,True,2,2.000000000,1.000000000,3.000000000,0.990697674,0.059218348
AOI-0010,2017-06-30,70404,0,0,True,2,1.000000000,1.000000000,4.000000000,0.770992366,0.571542733
AOI-0010,2017-08-09,70404,0,0,True,2,2.000000000,1.000000000,3.000000000,0.796407186,0.532357983
AOI-0010,2017-08-26,70404,0,0,True,2,2.000000000,1.000000000,3.000000000,0.773913043,0.571362280
AOI-0010,2017-10-05,70404,0,0,True,2,2.000000000,1.000000000,3.000000000,0.495327103,0.739642453
AOI-0010,2018-04-06,70404,1,1,True,2,2.000000000,1.000000000,3.000000000,0.979797980,0.112827275
AOI-0010,2018-04-11,70404,0,0,True,2,2.000000000,1.000000000,3.000000000,0.987096774,0.077896072
AOI-0010,2018-05-09,70404,2,2,True,2,1.000000000,1.000000000,4.000000000,0.990521327,0.060162121
AOI-0010,2018-09-05,70404,1,1,True,2,2.000000000,1.000000000,3.000000000,0.714285714,0.636181423
AOI-0010,2018-09-21,70404,1,1,True,2,2.000000000,1.000000000,3.000000000,0.983193277,0.096986095
AOI-0010,2019-04-07,70404,2,2,True,2,2.000000000,1.000000000,3.000000000,0.797356828,0.525268191
AOI-0010,2019-04-26,70404,0,0,True,2,2.000000000,1.000000000,3.000000000,0.706161137,0.629814033
AOI-0010,2019-05-18,70404,0,0,True,2,1.000000000,1.000000000,4.000000000,0.768707483,0.571523927
AOI-0010,2019-05-31,70404,0,0,True,2,2.000000000,1.000000000,3.000000000,0.986754967,0.079610965
AOI-0010,2019-06-02,70404,0,0,True,2,1.000000000,1.000000000,4.000000000,0.760000000,0.578083752
AOI-0010,2019-06-10,70404,0,0,True,2,1.000000000,1.000000000,3.000000000,0.711627907,0.624497062
AOI-0010,2019-06-17,70404,0,0,True,2,1.000000000,1.000000000,4.000000000,0.979797980,0.112827275
AOI-0010,2019-07-06,70404,1,1,True,2,1.000000000,1.000000000,3.000000000,0.982608696,0.099759750
AOI-0010,2019-09-25,70404,0,0,True,2,2.000000000,1.000000000,3.000000000,0.982608696,0.099759750
AOI-0010,2019-09-30,70404,2,2,True,4,4.000000000,0.750000000,3.000000000,0.607305936,0.888219776
AOI-0010,2020-04-06,70404,2,2,True,2,1.000000000,1.000000000,3.000000000,0.990867580,0.058305859
AOI-0010,2020-04-10,70404,0,0,True,2,1.000000000,1.000000000,4.000000000,0.930069930,0.276191097
AOI-0010,2020-06-29,70404,0,0,True,2,2.000000000,1.000000000,3.000000000,0.984251969,0.091909786
AOI-0010,2020-07-04,70404,0,0,True,2,2.000000000,1.000000000,3.000000000,0.986394558,0.081409508
AOI-0010,2020-07-27,70404,2,2,True,2,1.000000000,1.000000000,3.000000000,0.887179487,0.373233317
AOI-0010,2020-08-15,70404,0,0,True,2,1.000000000,1.000000000,4.000000000,0.815950920,0.504375887
AOI-0010,2020-08-18,70404,0,0,True,2,2.000000000,1.000000000,3.000000000,0.687203791,0.645879152
AOI-0010,2020-09-04,70404,0,0,True,2,2.000000000,1.000000000,3.000000000,0.983193277,0.096986095
AOI-0010,2020-09-10,70404,1,1,True,2,2.000000000,1.000000000,3.000000000,0.832061069,0.483656175
AOI-0010,2020-09-24,70404,0,0,True,2,1.000000000,1.000000000,3.000000000,0.732620321,0.606848823
AOI-0010,2021-04-23,70404,2,2,True,2,1.000000000,1.000000000,4.000000000,0.748837209,0.731448151
AOI-0010,2021-05-02,70404,0,0,True,2,2.000000000,1.000000000,3.000000000,0.985611511,0.085284100
AOI-0010,2021-05-16,70404,1,1,True,2,2.000000000,1.000000000,3.000000000,0.981308411,0.105858397
AOI-0010,2021-07-01,70404,0,0,True,2,2.000000000,1.000000000,3.000000000,0.698324022,0.640097043
AOI-0010,2021-07-03,70404,1,1,True,2,1.000000000,1.000000000,4.000000000,0.732283465,0.616498091
AOI-0010,2021-07-09,70404,0,0,True,2,1.000000000,1.000000000,3.000000000,0.986754967,0.079610965
AOI-0010,2021-07-11,70404,0,0,True,2,2.000000000,1.000000000,3.000000000,0.880794702,0.390915195
AOI-0010,2021-07-16,70404,0,0,True,3,1.000000000,1.000000000,7.000000000,0.984251969,0.091909786
AOI-0010,2021-08-13,70404,2,2,True,2,1.000000000,1.000000000,3.000000000,0.881278539,0.446661274
AOI-0010,2022-04-27,70404,0,0,True,2,1.000000000,1.000000000,4.000000000,0.980582524,0.109222462
AOI-0010,2022-05-07,70404,0,0,True,2,1.000000000,1.000000000,4.000000000,0.963636364,0.181415523
AOI-0010,2022-05-12,70404,0,0,False,-1,0.000000000,0.000000000,inf,0.981308411,0.105858397
AOI-0010,2022-05-20,70404,0,0,True,2,1.000000000,1.000000000,3.000000000,0.906542056,0.340847656
AOI-0010,2022-06-09,70404,0,0,True,2,2.000000000,1.000000000,3.000000000,0.983739837,0.094374144
AOI-0010,2022-08-08,70404,0,0,True,2,2.000000000,1.000000000,3.000000000,0.732620321,0.606848823
AOI-0010,2022-08-25,70404,0,0,True,2,1.000000000,1.000000000,4.000000000,0.717277487,0.621577835
AOI-0010,2022-08-30,70404,0,0,True,2,2.000000000,1.000000000,3.000000000,0.630331754,0.684135614
AOI-0010,2023-04-07,70404,2,2,True,2,2.000000000,1.000000000,3.000000000,0.816425121,0.499110844
AOI-0010,2023-04-10,70404,0,0,True,2,1.000000000,1.000000000,4.000000000,0.879518072,0.407050723
AOI-0010,2023-05-15,70404,0,0,True,2,1.000000000,1.000000000,4.000000000,0.693023256,0.640762809
AOI-0010,2023-05-25,70404,2,2,True,2,2.000000000,1.000000000,3.000000000,0.771689498,0.559610189
AOI-0010,2023-06-06,70404,0,0,True,2,2.000000000,1.000000000,3.000000000,0.573459716,0.708354376
AOI-0010,2023-08-01,70404,1,1,True,3,1.000000000,1.000000000,7.000000000,0.889570552,0.371105909
AOI-0010,2023-08-15,70404,0,0,True,2,1.000000000,1.000000000,3.000000000,0.983193277,0.096986095
AOI-0010,2023-09-07,70404,0,0,True,2,2.000000000,1.000000000,3.000000000,0.987096774,0.077896072
AOI-0010,2023-09-11,70404,1,1,True,2,1.000000000,1.000000000,4.000000000,0.878260870,0.401701573
AOI-0010,2024-06-08,70404,1,0,True,2,1.000000000,1.000000000,3.000000000,0.902097902,0.345640841
AOI-0010,2024-06-17,70404,1,1,True,2,1.000000000,1.000000000,3.000000000,0.762237762,0.580035758
AOI-0010,2024-06-28,70404,0,0,True,4,1.000000000,1.000000000,9.000000000,0.985185185,0.087375267
AOI-0010,2024-07-18,70404,0,0,True,2,2.000000000,1.000000000,3.000000000,0.987421384,0.076258973
AOI-0010,2024-09-08,70404,0,0,True,2,1.000000000,1.000000000,3.000000000,0.983193277,0.096986095
AOI-0010,2024-09-13,70404,0,0,True,2,1.000000000,1.000000000,3.000000000,0.642512077,0.677549840
AOI-0010,2024-09-26,70404,0,0,True,2,1.000000000,1.000000000,4.000000000,0.986013986,0.083298165
AOI-0010,2024-09-29,70404,1,1,True,2,1.000000000,1.000000000,3.000000000,0.487437186,0.923772420
AOI-0010,2025-05-01,70404,0,0,True,0,2.000000000,1.000000000,1.000000000,0.889361702,0.365884432
AOI-0010,2025-06-10,70404,2,0,True,0,2.000000000,1.000000000,1.000000000,0.534246575,0.716462038
AOI-0010,2025-06-15,70404,0,0,True,0,1.000000000,1.000000000,1.000000000,0.974683544,0.135612188
AOI-0010,2025-07-15,70404,0,0,True,0,2.000000000,1.000000000,1.000000000,0.952755906,0.211605625
AOI-0010,2025-08-07,70404,0,0,True,0,2.000000000,1.000000000,1.000000000,0.842931937,0.457730591
AOI-0010,2025-08-17,70404,0,0,True,0,1.000000000,1.000000000,1.000000000,0.782857143,0.549692548
AOI-0010,2025-08-19,70404,0,0,True,0,1.000000000,1.000000000,1.000000000,0.990867580,0.058305859
AOI-0010,2025-08-23,70404,1,1,True,0,2.000000000,1.000000000,1.000000000,0.697841727,0.646679547
AOI-0010,2025-09-13,70404,0,0,True,0,2.000000000,1.000000000,1.000000000,0.986013986,0.083298165
AOI-0011,2025-04-01,70404,0,0,True,0,1.000000000,1.000000000,1.000000000,0.983739837,0.094374144
AOI-0011,2025-04-24,70404,0,0,True,0,2.000000000,1.000000000,1.000000000,0.982608696,0.099759750
AOI-0011,2025-05-09,70404,2,2,True,0,1.000000000,1.000000000,1.000000000,0.832599119,0.472112358
AOI-0011,2025-07-25,70404,0,0,True,0,1.000000000,1.000000000,1.000000000,0.985185185,0.087375267
AOI-0011,2025-08-02,70404,0,0,True,0,2.000000000,1.000000000,1.000000000,0.985611511,0.085284100
AOI-0011,2025-09-05,70404,0,0,True,1,1.000000000,1.000000000,2.000000000,0.977011494,0.125386776
AOI-0011,2025-09-15,70404,0,0,True,0,2.000000000,1.000000000,1.000000000,0.642512077,0.677549840
AOI-0011,2025-09-16,70404,1,0,True,0,1.000000000,1.000000000,1.000000000,0.754385965,0.585100662
AOI-0011,2025-09-23,70404,0,0,True,0,2.000000000,1.000000000,1.000000000,0.638766520,0.677915770
AOI-0011,2025-10-13,70404,0,0,True,0,1.000000000,1.000000000,1.000000000,0.979797980,0.112827275
AOI-0011,2025-10-18,70404,0,0,True,0,2.000000000,1.000000000,1.000000000,0.982608696,0.099759750
AOI-0012,2025-05-24,70404,0,0,True,1,2.000000000,1.000000000,2.000000000,0.986013986,0.083298165
AOI-0012,2025-06-07,70404,0,0,True,0,2.000000000,1.000000000,1.000000000,0.986754967,0.079610965
AOI-0012,2025-06-28,70404,0,1,True,0,1.000000000,1.000000000,1.000000000,0.609195402,0.720963050
AOI-0012,2025-07-13,70404,0,0,True,0,2.000000000,1.000000000,1.000000000,0.988023952,0.073197386
AOI-0012,2025-08-17,70404,0,0,True,0,2.000000000,1.000000000,1.000000000,0.782857143,0.549692548
AOI-0012,2025-08-23,70404,1,1,True,0,1.000000000,1.000000000,1.000000000,0.697841727,0.646679547
AOI-0012,2025-08-24,70404,0,0,True,0,1.000000000,1.000000000,1.000000000,0.980582524,0.109222462
AOI-0012,2025-09-08,70404,0,0,True,0,2.000000000,1.000000000,1.000000000,0.931034483,0.268700917
AOI-0012,2025-09-30,70404,2,2,True,1,1.000000000,1.000000000,2.000000000,0.874396135,0.398419961
AOI-0012,2025-10-03,70404,0,0,True,0,1.000000000,1.000000000,1.000000000,0.931034483,0.282027991
AOI-0013,2010-04-23,70404,1,2,True,0,1.000000000,1.000000000,1.000000000,0.607305936,0.694816977
AOI-0013,2010-05-09,70404,2,2,True,0,1.000000000,1.000000000,1.000000000,0.990521327,0.060162121
AOI-0013,2010-06-11,70404,1,1,True,0,1.000000000,1.000000000,1.000000000,0.981308411,0.105858397
AOI-0013,2010-08-22,70404,1,1,True,0,1.000000000,1.000000000,1.000000000,0.983739837,0.094374144
AOI-0013,2011-05-09,70404,2,2,True,2,2.000000000,1.000000000,3.000000000,0.991031390,0.057423085
AOI-0013,2011-06-10,70404,2,2,True,0,1.000000000,1.000000000,1.000000000,0.990147783,0.062150380
AOI-0013,2011-06-22,70404,1,1,True,0,1.000000000,1.000000000,1.000000000,0.982608696,0.099759750
AOI-0013,2011-07-08,70404,1,1,True,0,1.000000000,1.000000000,1.000000000,0.953488372,0.220352331
AOI-0013,2011-08-16,70404,1,1,True,2,1.000000000,1.000000000,4.000000000,0.953488372,0.220352331
AOI-0013,2011-09-14,70404,2,2,True,2,2.000000000,1.000000000,3.000000000,0.990697674,0.059218348
AOI-0013,2012-04-04,70404,1,1,True,0,1.000000000,1.000000000,1.000000000,0.978947368,0.116700546
AOI-0013,2012-07-11,70404,2,2,True,0,1.000000000,1.000000000,1.000000000,0.990521327,0.060162121
AOI-0013,2012-08-26,70404,1,1,True,0,1.000000000,1.000000000,1.000000000,0.978021978,0.120874486
AOI-0013,2012-09-27,70404,1,1,True,2,1.000000000,1.000000000,4.000000000,0.963636364,0.181415523
AOI-0013,2013-05-01,70404,1,1,True,0,1.000000000,1.000000000,1.000000000,0.978947368,0.116700546
AOI-0013,2013-07-13,70404,1,1,True,0,1.000000000,1.000000000,1.000000000,0.981981982,0.102711110
AOI-0013,2013-08-13,70404,2,2,True,0,1.000000000,1.000000000,1.000000000,0.812807882,0.504905654
AOI-0013,2013-09-30,70404,1,2,True,0,1.000000000,1.000000000,1.000000000,0.748837209,0.586770241
AOI-0013,2013-10-25,70404,1,1,True,0,1.000000000,1.000000000,1.000000000,0.980582524,0.109222462
AOI-0013,2014-05-04,70404,1,1,True,0,1.000000000,1.000000000,1.000000000,0.979797980,0.112827275
AOI-0013,2014-05-09,70404,2,2,True,0,1.000000000,1.000000000,1.000000000,0.990867580,0.058305859
AOI-0013,2014-08-17,70404,1,1,True,2,1.000000000,1.000000000,3.000000000,0.978947368,0.116700546
AOI-0013,2014-09-26,70404,1,1,True,0,1.000000000,1.000000000,1.000000000,0.974683544,0.135612188
AOI-0013,2014-10-27,70404,1,1,True,2,1.000000000,1.000000000,4.000000000,0.978947368,0.116700546
AOI-0013,2014-10-28,70404,1,1,True,0,1.000000000,1.000000000,1.000000000,0.978947368,0.116700546
AOI-0013,2015-04-06,70404,1,1,True,2,1.000000000,1.000000000,3.000000000,0.971830986,0.147843978
AOI-0013,2015-05-25,70404,2,2,True,0,1.000000000,1.000000000,1.000000000,0.739910314,0.595804393
AOI-0013,2015-08-27,70404,1,1,True,2,1.000000000,1.000000000,4.000000000,0.975903614,0.130281794
AOI-0013,2015-09-14,70404,2,2,True,0,1.000000000,1.000000000,1.000000000,0.990697674,0.059218348
AOI-0013,2015-09-29,70404,1,1,True,0,1.000000000,1.000000000,1.000000000,0.979797980,0.112827275
AOI-0013,2016-04-08,70404,1,1,True,0,1.000000000,1.000000000,1.000000000,0.981308411,0.105858397
AOI-0013,2016-06-25,70404,2,2,True,0,1.000000000,1.000000000,1.000000000,0.809045226,0.510842184
AOI-0013,2016-07-04,70404,1,1,True,0,1.000000000,1.000000000,1.000000000,0.974683544,0.135612188
AOI-0013,2016-08-22,70404,1,1,True,2,1.000000000,1.000000000,4.000000000,0.975903614,0.130281794
AOI-0013,2016-10-08,70404,1,1,True,0,1.000000000,1.000000000,1.000000000,0.948717949,0.237819011
AOI-0013,2016-10-15,70404,2,2,True,0,1.000000000,1.000000000,1.000000000,0.832599119,0.472112358
AOI-0013,2017-05-25,70404,2,2,True,2,2.000000000,1.000000000,3.000000000,0.990697674,0.059218348
AOI-0013,2017-06-21,70404,1,1,True,2,1.000000000,1.000000000,4.000000000,0.978947368,0.116700546
AOI-0013,2017-06-29,70404,1,1,True,0,1.000000000,1.000000000,1.000000000,0.970149254,0.154913925
AOI-0013,2017-08-06,70404,0,0,True,2,1.000000000,1.000000000,3.000000000,0.983193277,0.096986095
AOI-0013,2017-08-11,70404,0,0,True,2,1.000000000,1.000000000,3.000000000,0.983193277,0.096986095
AOI-0013,2017-08-29,70404,0,0,True,0,1.000000000,1.000000000,1.000000000,0.497630332,0.719954467
AOI-0013,2017-09-05,70404,0,0,True,0,1.000000000,1.000000000,1.000000000,0.975903614,0.130281794
AOI-0013,2017-09-25,70404,0,0,True,0,1.000000000,1.000000000,1.000000000,0.574803150,0.721124011
AOI-0013,2018-04-05,70404,1,1,True,0,1.000000000,1.000000000,1.000000000,0.973333333,0.141440924
AOI-0013,2018-05-09,70404,2,2,True,0,1.000000000,1.000000000,1.000000000,0.990521327,0.060162121
AOI-0013,2018-06-09,70404,1,1,True,0,1.000000000,1.000000000,1.000000000,0.981981982,0.102711110
AOI-0013,2018-06-10,70404,2,2,True,0,1.000000000,1.000000000,1.000000000,0.687203791,0.776520666
AOI-0013,2018-06-20,70404,0,0,True,0,1.000000000,1.000000000,1.000000000,0.983739837,0.094374144
AOI-0013,2018-06-25,70404,1,1,True,2,1.000000000,1.000000000,4.000000000,0.970149254,0.154913925
AOI-0013,2018-10-07,70404,1,1,True,0,1.000000000,1.000000000,1.000000000,0.807407407,0.521357632
AOI-0013,2019-04-06,70404,0,0,True,0,1.000000000,1.000000000,1.000000000,0.986754967,0.079610965
AOI-0013,2019-05-16,70404,0,0,True,0,1.000000000,1.000000000,1.000000000,0.986754967,0.079610965
AOI-0013,2019-05-18,70404,0,0,True,0,1.000000000,1.000000000,1.000000000,0.768707483,0.571523927
AOI-0013,2019-06-07,70404,0,0,True,0,1.000000000,1.000000000,1.000000000,0.971830986,0.147843978
AOI-0013,2019-06-17,70404,0,0,True,0,1.000000000,1.000000000,1.000000000,0.979797980,0.112827275
AOI-0013,2019-08-13,70404,2,2,True,2,1.000000000,1.000000000,4.000000000,0.623188406,0.919190476
AOI-0013,2019-08-21,70404,0,0,True,0,1.000000000,1.000000000,1.000000000,0.766871166,0.571399404
AOI-0013,2019-08-26,70404,0,0,True,2,2.000000000,1.000000000,3.000000000,0.985185185,0.087375267
AOI-0013,2019-09-10,70404,0,0,True,0,1.000000000,1.000000000,1.000000000,0.985611511,0.085284100
AOI-0013,2019-10-26,70404,1,1,True,0,1.000000000,1.000000000,1.000000000,0.874125874,0.405475092
AOI-0013,2020-04-10,70404,0,0,True,0,1.000000000,1.000000000,1.000000000,0.930069930,0.276191097
AOI-0013,2020-05-04,70404,1,1,True,0,1.000000000,1.000000000,1.000000000,0.756097561,0.591181657
AOI-0013,2020-05-28,70404,1,1,True,0,1.000000000,1.000000000,1.000000000,0.873873874,0.411410322
AOI-0013,2020-05-30,70404,0,0,True,0,1.000000000,1.000000000,1.000000000,0.720670391,0.619704271
AOI-0013,2020-06-11,70404,0,0,True,0,1.000000000,1.000000000,1.000000000,0.981981982,0.102711110
AOI-0013,2020-07-23,70404,1,1,True,0,1.000000000,1.000000000,1.000000000,0.684210526,0.669805822
AOI-0013,2020-07-26,70404,0,0,False,-1,0.000000000,0.000000000,inf,0.981981982,0.102711110
AOI-0013,2020-07-31,70404,1,0,True,0,1.000000000,1.000000000,1.000000000,0.556886228,0.718381285
AOI-0013,2020-09-12,70404,0,0,True,0,1.000000000,1.000000000,1.000000000,0.805714286,0.518158008
AOI-0013,2020-09-25,70404,1,1,True,2,1.000000000,1.000000000,4.000000000,0.801801802,0.534542741
AOI-0013,2020-09-26,70404,1,1,True,0,1.000000000,1.000000000,1.000000000,0.812949640,0.512411206
AOI-0013,2020-10-15,70404,2,2,True,0,1.000000000,1.000000000,1.000000000,0.897674419,0.349083713
AOI-0013,2021-04-02,70404,0,0,True,0,1.000000000,1.000000000,1.000000000,0.979797980,0.112827275
AOI-0013,2021-05-15,70404,1,0,True,0,1.000000000,1.000000000,1.000000000,0.907284768,0.332632628
AOI-0013,2021-06-06,70404,0,0,True,0,1.000000000,1.000000000,1.000000000,0.984251969,0.091909786
AOI-0013,2021-07-02,70404,1,1,True,0,1.000000000,1.000000000,1.000000000,0.843478261,0.467440026
AOI-0013,2021-07-16,70404,0,0,True,2,1.000000000,1.000000000,4.000000000,0.984251969,0.091909786
AOI-0013,2021-07-24,70404,0,0,True,0,1.000000000,1.000000000,1.000000000,0.986394558,0.081409508
AOI-0013,2021-08-12,70404,1,1,True,2,1.000000000,1.000000000,4.000000000,0.627118644,0.729419919
AOI-0013,2021-08-25,70404,0,0,True,2,2.000000000,1.000000000,3.000000000,0.984251969,0.091909786
AOI-0013,2021-09-14,70404,0,0,True,2,1.000000000,1.000000000,3.000000000,0.584541063,0.705105205
AOI-0013,2021-09-30,70404,2,2,True,0,1.000000000,1.000000000,1.000000000,0.630331754,0.852595732
AOI-0013,2022-04-23,70404,2,2,True,0,1.000000000,1.000000000,1.000000000,0.911330049,0.318474676
AOI-0013,2022-04-27,70404,0,0,True,0,1.000000000,1.000000000,1.000000000,0.980582524,0.109222462
AOI-0013,2022-06-30,70404,1,1,True,0,1.000000000,1.000000000,1.000000000,0.985185185,0.087375267
AOI-0013,2022-07-01,70404,0,0,True,0,1.000000000,1.000000000,1.000000000,0.984251969,0.091909786
AOI-0013,2022-07-06,70404,0,0,True,0,1.000000000,1.000000000,1.000000000,0.985185185,0.087375267
AOI-0013,2022-08-25,70404,0,0,True,0,1.000000000,1.000000000,1.000000000,0.717277487,0.621577835
AOI-0013,2022-08-28,70404,0,0,True,2,1.000000000,1.000000000,3.000000000,0.986754967,0.079610965
AOI-0013,2022-09-18,70404,1,1,True,0,1.000000000,1.000000000,1.000000000,0.978947368,0.116700546
AOI-0013,2022-09-30,70404,2,2,True,2,2.000000000,1.000000000,3.000000000,0.708542714,0.628837152
AOI-0013,2022-10-01,70404,1,1,True,2,1.000000000,1.000000000,4.000000000,0.723577236,0.626221864
AOI-0013,2023-04-23,70404,2,2,True,2,2.000000000,1.000000000,3.000000000,0.990697674,0.059218348
AOI-0013,2023-05-15,70404,0,0,True,0,1.000000000,1.000000000,1.000000000,0.693023256,0.640762809
AOI-0013,2023-07-28,70404,2,2,True,0,1.000000000,1.000000000,1.000000000,0.990867580,0.058305859
AOI-0013,2023-07-31,70404,0,0,True,2,1.000000000,1.000000000,4.000000000,0.693251534,0.646547636
AOI-0013,2023-08-01,70404,1,1,True,2,1.000000000,1.000000000,4.000000000,0.889570552,0.371105909
AOI-0013,2023-08-17,70404,1,1,True,0,1.000000000,1.000000000,1.000000000,0.723577236,0.626221864
AOI-0013,2023-09-19,70404,0,0,True,0,1.000000000,1.000000000,1.000000000,0.877551020,0.398048730
AOI-0013,2023-09-29,70404,0,0,True,0,1.000000000,1.000000000,1.000000000,0.649289100,0.672991185
AOI-0013,2023-10-04,70404,0,0,True,0,1.000000000,1.000000000,1.000000000,0.668341709,0.661387204
AOI-0013,2023-10-12,70404,0,0,True,0,1.000000000,1.000000000,1.000000000,0.986394558,0.081409508
AOI-0013,2024-04-09,70404,0,0,True,2,2.000000000,1.000000000,3.000000000,0.986013986,0.083298165
AOI-0013,2024-05-21,70404,0,0,True,2,1.000000000,1.000000000,4.000000000,0.983193277,0.096986095
AOI-0013,2024-06-09,70404,2,2,True,0,1.000000000,1.000000000,1.000000000,0.841860465,0.457555646
AOI-0013,2024-07-13,70404,0,0,True,0,1.000000000,1.000000000,1.000000000,0.832402235,0.476550171
AOI-0013,2024-07-30,70404,0,0,True,0,1.000000000,1.000000000,1.000000000,0.982608696,0.099759750
AOI-0013,2024-08-03,70404,1,1,True,0,1.000000000,1.000000000,1.000000000,0.978021978,0.120874486
AOI-0013,2024-08-20,70404,1,1,True,0,1.000000000,1.000000000,1.000000000,0.826771654,0.492999622
AOI-0013,2024-09-12,70404,1,1,True,0,1.000000000,1.000000000,1.000000000,0.970149254,0.154913925
AOI-0013,2024-10-06,70404,0,0,True,0,1.000000000,1.000000000,1.000000000,0.987096774,0.077896072
AOI-0013,2024-10-11,70404,0,0,True,0,1.000000000,1.000000000,1.000000000,0.983739837,0.094374144
AOI-0013,2025-06-03,70404,0,0,True,0,1.000000000,1.000000000,1.000000000,0.986394558,0.081409508
AOI-0013,2025-06-27,70404,0,0,True,0,1.000000000,1.000000000,1.000000000,0.661538462,0.666584314
AOI-0013,2025-07-05,70404,0,0,True,0,1.000000000,1.000000000,1.000000000,0.737142857,0.603553904
AOI-0013,2025-07-15,70404,0,0,True,0,1.000000000,1.000000000,1.000000000,0.952755906,0.211605625
AOI-0013,2025-08-14,70404,1,0,True,0,1.000000000,1.000000000,1.000000000,0.668874172,0.667436348
AOI-0013,2025-08-23,70404,1,1,True,0,1.000000000,1.000000000,1.000000000,0.697841727,0.646679547
AOI-0013,2025-09-05,70404,0,0,True,0,1.000000000,1.000000000,1.000000000,0.977011494,0.125386776
AOI-0013,2025-09-11,70404,0,0,True,1,1.000000000,1.000000000,2.000000000,0.983193277,0.096986095
AOI-0013,2025-09-13,70404,0,0,True,0,1.000000000,1.000000000,1.000000000,0.986013986,0.083298165
AOI-0013,2025-09-30,70404,2,2,True,0,1.000000000,1.000000000,1.000000000,0.874396135,0.398419961
AOI-0013,2025-10-16,70404,0,0,True,2,7.000000000,0.857142857,1.000000000,0.534246575,0.781909607
AOI-0014,2010-05-02,70404,1,1,True,0,1.000000000,1.000000000,1.000000000,0.978021978,0.120874486
AOI-0014,2010-05-25,70404,2,2,True,0,1.000000000,1.000000000,1.000000000,0.990697674,0.059218348
AOI-0014,2010-08-05,70404,1,1,True,0,1.000000000,1.000000000,1.000000000,0.980582524,0.109222462
AOI-0014,2010-10-16,70404,1,2,True,0,1.000000000,1.000000000,1.000000000,0.680365297,0.650526760
AOI-0014,2011-06-05,70404,1,1,True,0,1.000000000,1.000000000,1.000000000,0.979797980,0.112827275
AOI-0014,2011-06-06,70404,1,1,True,0,1.000000000,1.000000000,1.000000000,0.983193277,0.096986095
AOI-0014,2011-08-08,70404,1,1,True,0,1.000000000,1.000000000,1.000000000,0.978021978,0.120874486
AOI-0014,2011-10-16,70404,2,2,True,0,1.000000000,1.000000000,1.000000000,0.990338164,0.061138862
AOI-0014,2012-04-29,70404,1,1,True,0,1.000000000,1.000000000,1.000000000,0.982608696,0.099759750
AOI-0014,2012-06-09,70404,2,2,True,0,1.000000000,1.000000000,1.000000000,0.744075829,0.592350727
AOI-0014,2012-10-06,70404,1,1,True,0,1.000000000,1.000000000,1.000000000,0.977011494,0.125386776
AOI-0014,2013-04-23,70404,2,2,True,0,1.000000000,1.000000000,1.000000000,0.990697674,0.059218348
AOI-0014,2013-06-27,70404,1,1,True,0,1.000000000,1.000000000,1.000000000,0.981308411,0.105858397
AOI-0014,2013-07-04,70404,1,1,True,0,1.000000000,1.000000000,1.000000000,0.980582524,0.109222462
AOI-0014,2013-10-16,70404,1,2,True,0,1.000000000,1.000000000,1.000000000,0.628140704,0.686557305
AOI-0014,2014-04-07,70404,2,2,True,0,1.000000000,1.000000000,1.000000000,0.990867580,0.058305859
AOI-0014,2014-04-10,70404,1,1,True,0,1.000000000,1.000000000,1.000000000,0.973333333,0.141440924
AOI-0014,2014-05-20,70404,1,1,True,0,1.000000000,1.000000000,1.000000000,0.979797980,0.112827275
AOI-0014,2014-08-13,70404,2,2,True,2,1.000000000,1.000000000,3.000000000,0.989743590,0.064285679
AOI-0014,2014-08-29,70404,2,2,True,0,1.000000000,1.000000000,1.000000000,0.990338164,0.061138862
AOI-0014,2014-09-18,70404,1,1,True,0,1.000000000,1.000000000,1.000000000,0.981981982,0.102711110
AOI-0014,2015-05-31,70404,1,1,True,4,1.000000000,1.000000000,13.000000000,0.953488372,0.220352331
AOI-0014,2015-06-08,70404,1,1,True,0,1.000000000,1.000000000,1.000000000,0.980582524,0.109222462
AOI-0014,2015-07-10,70404,1,1,False,-1,0.000000000,0.000000000,inf,0.818181818,0.600166073
AOI-0014,2015-07-26,70404,1,1,True,0,1.000000000,1.000000000,1.000000000,0.980582524,0.109222462
AOI-0014,2015-08-04,70404,1,1,True,0,1.000000000,1.000000000,1.000000000,0.979797980,0.112827275
AOI-0014,2015-08-27,70404,1,1,True,2,1.000000000,1.000000000,3.000000000,0.975903614,0.130281794
AOI-0014,2016-04-06,70404,2,2,True,0,1.000000000,1.000000000,1.000000000,0.869346734,0.408926224
AOI-0014,2016-06-18,70404,1,1,True,0,1.000000000,1.000000000,1.000000000,0.974683544,0.135612188
AOI-0014,2016-07-05,70404,1,1,True,0,1.000000000,1.000000000,1.000000000,0.980582524,0.109222462
AOI-0014,2016-08-12,70404,2,2,True,2,1.000000000,1.000000000,3.000000000,0.758454106,0.576536252
AOI-0014,2016-08-28,70404,2,2,True,0,1.000000000,1.000000000,1.000000000,0.767441860,0.565148736
AOI-0014,2016-10-09,70404,1,1,True,2,1.000000000,1.000000000,4.000000000,0.973333333,0.141440924
AOI-0014,2017-04-13,70404,0,0,True,0,1.000000000,1.000000000,1.000000000,0.853658537,0.447709041
AOI-0014,2017-05-06,70404,0,0,True,0,1.000000000,1.000000000,1.000000000,0.654450262,0.671779241
AOI-0014,2017-05-12,70404,1,1,True,0,1.000000000,1.000000000,1.000000000,0.979797980,0.112827275
AOI-0014,2017-05-25,70404,2,2,True,2,2.000000000,1.000000000,3.000000000,0.990697674,0.059218348
AOI-0014,2017-05-28,70404,1,1,True,4,2.000000000,1.000000000,13.000000000,0.973333333,0.141440924
AOI-0014,2017-06-21,70404,1,1,True,2,1.000000000,1.000000000,3.000000000,0.978947368,0.116700546
AOI-0014,2017-07-28,70404,2,2,True,0,1.000000000,1.000000000,1.000000000,0.990147783,0.062150380
AOI-0014,2017-08-11,70404,0,0,True,2,1.000000000,1.000000000,4.000000000,0.983193277,0.096986095
AOI-0014,2017-09-20,70404,0,0,True,0,1.000000000,1.000000000,1.000000000,0.984732824,0.089580528
AOI-0014,2018-05-25,70404,2,2,True,2,2.000000000,1.000000000,3.000000000,0.777777778,0.552980074
AOI-0014,2018-06-15,70404,0,0,True,2,2.000000000,1.000000000,3.000000000,0.982608696,0.099759750
AOI-0014,2018-06-16,70404,1,1,True,4,2.000000000,1.000000000,13.000000000,0.974683544,0.135612188
AOI-0014,2018-07-27,70404,1,1,True,0,1.000000000,1.000000000,1.000000000,0.981308411,0.105858397
AOI-0014,2018-07-28,70404,2,2,True,0,1.000000000,1.000000000,1.000000000,0.916279070,0.305727510
AOI-0014,2018-09-13,70404,0,0,True,0,1.000000000,1.000000000,1.000000000,0.821989529,0.491983685
AOI-0014,2018-09-29,70404,1,1,True,0,1.000000000,1.000000000,1.000000000,0.978947368,0.116700546
AOI-0014,2018-10-15,70404,1,1,True,0,1.000000000,1.000000000,1.000000000,0.981308411,0.105858397
AOI-0014,2019-05-19,70404,1,1,False,-1,0.000000000,0.000000000,inf,0.825242718,0.500845652
AOI-0014,2019-06-05,70404,0,0,True,2,2.000000000,1.000000000,3.000000000,0.711229947,0.627675967
AOI-0014,2019-06-10,70404,0,0,True,0,1.000000000,1.000000000,1.000000000,0.711627907,0.624497062
AOI-0014,2019-06-28,70404,1,1,True,0,1.000000000,1.000000000,1.000000000,0.858267717,0.438505622
AOI-0014,2019-06-30,70404,0,0,True,0,1.000000000,1.000000000,1.000000000,0.723577236,0.626221864
AOI-0014,2019-07-14,70404,1,1,True,0,1.000000000,1.000000000,1.000000000,0.781512605,0.560605439
AOI-0014,2019-08-13,70404,2,2,True,2,1.000000000,1.000000000,3.000000000,0.623188406,0.919190476
AOI-0014,2019-08-15,70404,1,1,True,0,1.000000000,1.000000000,1.000000000,0.981981982,0.102711110
AOI-0014,2019-08-29,70404,0,0,True,0,1.000000000,1.000000000,1.000000000,0.714285714,0.623155167
AOI-0014,2019-08-30,70404,1,1,True,0,1.000000000,1.000000000,1.000000000,0.979797980,0.112827275
AOI-0014,2019-10-09,70404,1,1,True,0,1.000000000,1.000000000,1.000000000,0.980582524,0.109222462
AOI-0014,2019-10-16,70404,2,2,True,0,1.000000000,1.000000000,1.000000000,0.763033175,0.699462498
AOI-0014,2020-04-03,70404,1,1,True,0,1.000000000,1.000000000,1.000000000,0.826771654,0.492999622
AOI-0014,2020-05-10,70404,0,0,True,0,1.000000000,1.000000000,1.000000000,0.968253968,0.162764794
AOI-0014,2020-05-29,70404,1,1,True,0,1.000000000,1.000000000,1.000000000,0.756097561,0.591181657
AOI-0014,2020-06-24,70404,0,0,True,2,1.000000000,1.000000000,4.000000000,0.739130435,0.612089208
AOI-0014,2020-07-14,70404,0,0,True,2,1.000000000,1.000000000,4.000000000,0.952755906,0.211605625
AOI-0014,2020-07-19,70404,0,0,True,0,1.000000000,1.000000000,1.000000000,0.985611511,0.085284100
AOI-0014,2020-08-05,70404,0,0,True,0,1.000000000,1.000000000,1.000000000,0.985185185,0.087375267
AOI-0014,2020-08-09,70404,1,1,True,0,1.000000000,1.000000000,1.000000000,0.984251969,0.091909786
AOI-0014,2020-08-12,70404,2,2,True,2,2.000000000,1.000000000,3.000000000,0.838862559,0.462932768
AOI-0014,2020-08-25,70404,0,0,True,0,1.000000000,1.000000000,1.000000000,0.904761905,0.338998738
AOI-0014,2020-09-25,70404,1,1,True,2,1.000000000,1.000000000,3.000000000,0.801801802,0.534542741
AOI-0014,2020-10-20,70404,1,1,True,0,1.000000000,1.000000000,1.000000000,0.831775701,0.489153472
AOI-0014,2021-05-20,70404,0,0,True,0,1.000000000,1.000000000,1.000000000,0.984251969,0.091909786
AOI-0014,2021-06-09,70404,0,0,True,0,1.000000000,1.000000000,1.000000000,0.840490798,0.464858897
AOI-0014,2021-07-09,70404,0,0,True,0,1.000000000,1.000000000,1.000000000,0.986754967,0.079610965
AOI-0014,2021-07-16,70404,0,0,True,2,1.000000000,1.000000000,3.000000000,0.984251969,0.091909786
AOI-0014,2021-07-19,70404,0,0,True,0,1.000000000,1.000000000,1.000000000,0.814207650,0.504717032
AOI-0014,2021-07-21,70404,0,0,True,0,1.000000000,1.000000000,1.000000000,0.984732824,0.089580528
AOI-0014,2021-07-28,70404,2,2,True,0,1.000000000,1.000000000,1.000000000,0.714285714,0.796311640
AOI-0014,2021-08-03,70404,0,0,True,0,1.000000000,1.000000000,1.000000000,0.961290323,0.181262606
AOI-0014,2021-08-05,70404,0,0,True,0,1.000000000,1.000000000,1.000000000,0.981981982,0.102711110
AOI-0014,2021-09-27,70404,0,0,True,0,1.000000000,1.000000000,1.000000000,0.985611511,0.085284100
AOI-0014,2022-05-11,70404,1,1,True,4,1.000000000,1.000000000,13.000000000,0.966101695,0.171538761
AOI-0014,2022-05-25,70404,0,2,True,0,1.000000000,1.000000000,1.000000000,0.649289100,0.777698984
AOI-0014,2022-06-01,70404,0,0,False,-1,0.000000000,0.000000000,inf,0.983739837,0.094374144
AOI-0014,2022-06-26,70404,2,2,True,2,2.000000000,1.000000000,3.000000000,0.899543379,0.379925835
AOI-0014,2022-07-17,70404,1,1,True,2,1.000000000,1.000000000,3.000000000,0.848739496,0.457343669
AOI-0014,2022-08-03,70404,0,0,True,4,1.000000000,1.000000000,13.000000000,0.898989899,0.360133405
AOI-0014,2022-08-15,70404,0,0,True,0,1.000000000,1.000000000,1.000000000,0.896296296,0.359830351
AOI-0014,2022-08-28,70404,0,0,True,2,1.000000000,1.000000000,4.000000000,0.986754967,0.079610965
AOI-0014,2022-09-30,70404,2,2,True,2,2.000000000,1.000000000,3.000000000,0.708542714,0.628837152
AOI-0014,2022-10-01,70404,1,1,True,2,1.000000000,1.000000000,3.000000000,0.723577236,0.626221864
AOI-0014,2022-10-17,70404,0,0,True,0,1.000000000,1.000000000,1.000000000,0.684210526,0.652775710
AOI-0014,2023-04-02,70404,0,0,True,0,1.000000000,1.000000000,1.000000000,0.600000000,0.709898090
AOI-0014,2023-04-23,70404,2,2,True,2,2.000000000,1.000000000,3.000000000,0.990697674,0.059218348
AOI-0014,2023-04-27,70404,1,1,True,0,1.000000000,1.000000000,1.000000000,0.551020408,0.723183920
AOI-0014,2023-05-17,70404,0,0,True,0,1.000000000,1.000000000,1.000000000,0.921259843,0.301278649
AOI-0014,2023-07-12,70404,2,2,True,2,2.000000000,1.000000000,3.000000000,0.990867580,0.058305859
AOI-0014,2023-07-17,70404,1,1,False,-1,0.000000000,0.000000000,inf,0.694915254,0.680569959
AOI-0014,2023-08-01,70404,1,1,True,2,1.000000000,1.000000000,3.000000000,0.889570552,0.371105909
AOI-0014,2023-08-15,70404,0,0,True,0,1.000000000,1.000000000,1.000000000,0.983193277,0.096986095
AOI-0014,2023-08-28,70404,0,0,True,0,1.000000000,1.000000000,1.000000000,0.796791444,0.529547321
AOI-0014,2023-09-18,70404,1,1,True,0,1.000000000,1.000000000,1.000000000,0.980582524,0.109222462
AOI-0014,2023-09-30,70404,2,2,True,0,1.000000000,1.000000000,1.000000000,0.911330049,0.318474676
AOI-0014,2023-10-14,70404,0,0,True,2,2.000000000,1.000000000,3.000000000,0.984251969,0.091909786
AOI-0014,2024-04-09,70404,0,0,True,2,2.000000000,1.000000000,3.000000000,0.986013986,0.083298165
AOI-0014,2024-04-11,70404,0,0,True,0,1.000000000,1.000000000,1.000000000,0.985611511,0.085284100
AOI-0014,2024-04-14,70404,0,0,True,0,1.000000000,1.000000000,1.000000000,0.706293706,0.638483603
AOI-0014,2024-04-22,70404,1,1,True,0,1.000000000,1.000000000,1.000000000,0.524663677,0.928540927
AOI-0014,2024-06-17,70404,1,1,True,0,1.000000000,1.000000000,1.000000000,0.762237762,0.580035758
AOI-0014,2024-07-05,70404,0,0,True,0,1.000000000,1.000000000,1.000000000,0.983193277,0.096986095
AOI-0014,2024-07-19,70404,1,1,True,0,1.000000000,1.000000000,1.000000000,0.981308411,0.105858397
AOI-0014,2024-09-06,70404,0,0,True,2,1.000000000,1.000000000,3.000000000,0.723076923,0.615560502
AOI-0014,2024-09-13,70404,0,0,True,0,1.000000000,1.000000000,1.000000000,0.642512077,0.677549840
AOI-0014,2024-09-28,70404,0,0,True,0,1.000000000,1.000000000,1.000000000,0.675392670,0.657094863
AOI-0014,2025-04-01,70404,0,0,True,0,1.000000000,1.000000000,1.000000000,0.983739837,0.094374144
AOI-0014,2025-04-17,70404,1,1,True,0,2.000000000,1.000000000,1.000000000,0.823129252,0.495449242
AOI-0014,2025-06-10,70404,0,0,True,0,2.000000000,1.000000000,1.000000000,0.534246575,0.716462038
AOI-0014,2025-07-05,70404,0,0,True,1,2.000000000,1.000000000,2.000000000,0.737142857,0.603553904
AOI-0014,2025-07-07,70404,0,0,True,0,1.000000000,1.000000000,1.000000000,0.984251969,0.091909786
AOI-0014,2025-07-15,70404,0,0,True,1,2.000000000,1.000000000,2.000000000,0.952755906,0.211605625
AOI-0014,2025-07-25,70404,0,0,True,0,2.000000000,1.000000000,1.000000000,0.985185185,0.087375267
AOI-0014,2025-08-02,70404,0,0,True,0,2.000000000,1.000000000,1.000000000,0.985611511,0.085284100
AOI-0014,2025-08-22,70404,0,0,True,0,2.000000000,1.000000000,1.000000000,0.988571429,0.070389141
AOI-0014,2025-09-13,70404,0,0,True,0,1.000000000,1.000000000,1.000000000,0.986013986,0.083298165
AOI-0014,2025-09-21,70404,0,0,True,0,2.000000000,1.000000000,1.000000000,0.988023952,0.073197386
AOI-0015,2025-04-23,70404,2,2,True,1,2.000000000,1.000000000,2.000000000,0.655172414,0.882638756
AOI-0015,2025-05-24,70404,0,0,True,0,1.000000000,1.000000000,1.000000000,0.986013986,0.083298165
AOI-0015,2025-06-04,70404,1,1,True,0,1.000000000,1.000000000,1.000000000,0.777777778,0.562182809
AOI-0015,2025-06-08,70404,0,0,True,0,2.000000000,1.000000000,1.000000000,0.988023952,0.073197386
AOI-0015,2025-07-10,70404,0,0,True,0,1.000000000,1.000000000,1.000000000,0.990521327,0.060162121
AOI-0015,2025-07-29,70404,1,1,True,0,2.000000000,1.000000000,1.000000000,0.979797980,0.112827275
AOI-0015,2025-07-30,70404,0,0,True,0,2.000000000,1.000000000,1.000000000,0.992156863,0.051273190
AOI-0015,2025-08-06,70404,0,0,True,0,1.000000000,1.000000000,1.000000000,0.637209302,0.679891962
AOI-0015,2025-08-16,70404,0,0,True,0,2.000000000,1.000000000,1.000000000,0.984251969,0.091909786
AOI-0015,2025-08-30,70404,1,1,True,0,2.000000000,1.000000000,1.000000000,0.858267717,0.438505622
AOI-0015,2025-10-08,70404,0,0,True,0,2.000000000,1.000000000,1.000000000,0.989304813,0.066585474
AOI-0016,2025-04-14,70404,0,0,True,0,2.000000000,1.000000000,1.000000000,0.986754967,0.079610965
AOI-0016,2025-04-23,70404,2,2,True,0,1.000000000,1.000000000,1.000000000,0.655172414,0.882638756
AOI-0016,2025-05-04,70404,0,0,True,1,1.000000000,1.000000000,2.000000000,0.681159420,0.651026440
AOI-0016,2025-05-24,70404,0,0,True,1,2.000000000,1.000000000,2.000000000,0.986013986,0.083298165
AOI-0016,2025-06-04,70404,1,1,True,0,1.000000000,1.000000000,1.000000000,0.777777778,0.562182809
AOI-0016,2025-06-07,70404,0,0,True,1,2.000000000,1.000000000,2.000000000,0.986754967,0.079610965
AOI-0016,2025-08-02,70404,0,0,True,0,1.000000000,1.000000000,1.000000000,0.985611511,0.085284100
AOI-0016,2025-08-06,70404,0,0,True,0,1.000000000,1.000000000,1.000000000,0.637209302,0.679891962
AOI-0016,2025-08-17,70404,0,0,True,0,2.000000000,1.000000000,1.000000000,0.782857143,0.549692548
AOI-0016,2025-09-07,70404,1,1,True,0,1.000000000,1.000000000,1.000000000,0.979797980,0.112827275
AOI-0016,2025-09-13,70404,0,0,True,0,2.000000000,1.000000000,1.000000000,0.986013986,0.083298165
AOI-0017,2010-04-07,70404,1,2,True,2,1.000000000,1.000000000,4.000000000,0.680365297,0.650526760
AOI-0017,2010-04-24,70404,1,1,True,2,1.000000000,1.000000000,4.000000000,0.979797980,0.112827275
AOI-0017,2010-06-11,70404,1,1,True,2,1.000000000,1.000000000,3.000000000,0.981308411,0.105858397
AOI-0017,2010-08-29,70404,1,2,True,2,2.000000000,1.000000000,3.000000000,0.565217391,0.711158468
AOI-0017,2011-06-10,70404,2,2,True,2,1.000000000,1.000000000,3.000000000,0.990147783,0.062150380
AOI-0017,2011-07-12,70404,2,2,True,2,2.000000000,1.000000000,3.000000000,0.990867580,0.058305859
AOI-0017,2011-07-15,70404,1,1,True,2,2.000000000,1.000000000,3.000000000,0.978947368,0.116700546
AOI-0017,2011-08-29,70404,2,2,True,2,2.000000000,1.000000000,3.000000000,0.990147783,0.062150380
AOI-0017,2011-10-16,70404,2,2,True,2,1.000000000,1.000000000,4.000000000,0.990338164,0.061138862
AOI-0017,2012-04-29,70404,1,1,True,2,1.000000000,1.000000000,4.000000000,0.982608696,0.099759750
AOI-0017,2012-05-06,70404,1,1,True,2,1.000000000,1.000000000,4.000000000,0.978947368,0.116700546
AOI-0017,2012-07-09,70404,1,1,True,2,2.000000000,1.000000000,3.000000000,0.979797980,0.112827275
AOI-0017,2012-07-11,70404,2,2,True,2,1.000000000,1.000000000,3.000000000,0.990521327,0.060162121
AOI-0017,2013-04-23,70404,2,2,True,2,1.000000000,1.000000000,4.000000000,0.990697674,0.059218348
AOI-0017,2013-06-03,70404,1,1,True,2,2.000000000,1.000000000,3.000000000,0.966101695,0.171538761
AOI-0017,2013-06-10,70404,2,2,True,2,2.000000000,1.000000000,3.000000000,0.674876847,0.656198297
AOI-0017,2013-08-13,70404,2,2,True,2,1.000000000,1.000000000,3.000000000,0.812807882,0.504905654
AOI-0017,2014-06-10,70404,2,2,True,2,1.000000000,1.000000000,3.000000000,0.989743590,0.064285679
AOI-0017,2014-06-21,70404,1,1,True,2,1.000000000,1.000000000,4.000000000,0.963636364,0.181415523
AOI-0017,2014-06-22,70404,1,1,True,2,2.000000000,1.000000000,3.000000000,0.979797980,0.112827275
AOI-0017,2014-07-31,70404,1,1,True,2,2.000000000,1.000000000,3.000000000,0.978947368,0.116700546
AOI-0017,2014-08-17,70404,1,1,True,3,1.000000000,1.000000000,7.000000000,0.978947368,0.116700546
AOI-0017,2014-10-11,70404,1,1,True,2,2.000000000,1.000000000,3.000000000,0.978947368,0.116700546
AOI-0017,2015-07-12,70404,2,2,True,3,1.000000000,1.000000000,7.000000000,0.758454106,0.576536252
AOI-0017,2015-08-20,70404,1,1,True,2,1.000000000,1.000000000,3.000000000,0.977011494,0.125386776
AOI-0017,2015-09-04,70404,1,1,True,2,2.000000000,1.000000000,3.000000000,0.977011494,0.125386776
AOI-0017,2015-09-14,70404,2,2,True,2,1.000000000,1.000000000,3.000000000,0.990697674,0.059218348
AOI-0017,2015-09-30,70404,2,2,True,2,2.000000000,1.000000000,3.000000000,0.687203791,0.645879152
AOI-0017,2016-05-24,70404,2,2,True,2,2.000000000,1.000000000,3.000000000,0.916279070,0.305727510
AOI-0017,2016-06-19,70404,1,1,True,2,1.000000000,1.000000000,4.000000000,0.975903614,0.130281794
AOI-0017,2016-06-27,70404,1,1,True,2,2.000000000,1.000000000,3.000000000,0.980582524,0.109222462
AOI-0017,2016-07-04,70404,1,1,True,2,1.000000000,1.000000000,3.000000000,0.974683544,0.135612188
AOI-0017,2016-07-11,70404,2,2,True,2,2.000000000,1.000000000,3.000000000,0.916279070,0.305727510
AOI-0017,2017-04-03,70404,1,0,True,2,2.000000000,1.000000000,3.000000000,0.611510791,0.703892435
AOI-0017,2017-04-07,70404,2,2,True,2,2.000000000,1.000000000,3.000000000,0.990521327,0.060162121
AOI-0017,2017-05-06,70404,0,0,True,2,1.000000000,1.000000000,4.000000000,0.654450262,0.671779241
AOI-0017,2017-06-10,70404,2,2,True,2,2.000000000,1.000000000,3.000000000,0.990697674,0.059218348
AOI-0017,2017-08-06,70404,0,0,True,3,1.000000000,1.000000000,7.000000000,0.983193277,0.096986095
AOI-0017,2017-08-11,70404,0,0,True,3,1.000000000,1.000000000,7.000000000,0.983193277,0.096986095
AOI-0017,2017-08-25,70404,1,1,True,2,2.000000000,1.000000000,3.000000000,0.977011494,0.125386776
AOI-0017,2017-09-05,70404,0,0,True,2,1.000000000,1.000000000,3.000000000,0.975903614,0.130281794
AOI-0017,2017-10-04,70404,1,1,True,2,2.000000000,1.000000000,3.000000000,0.984251969,0.091909786
AOI-0017,2017-10-19,70404,1,1,True,2,2.000000000,1.000000000,3.000000000,0.979797980,0.112827275
AOI-0017,2018-04-06,70404,1,1,True,2,2.000000000,1.000000000,3.000000000,0.979797980,0.112827275
AOI-0017,2018-04-23,70404,2,2,True,2,2.000000000,1.000000000,3.000000000,0.951690821,0.209210794
AOI-0017,2018-05-16,70404,1,1,True,2,2.000000000,1.000000000,3.000000000,0.981308411,0.105858397
AOI-0017,2018-06-02,70404,0,0,True,2,2.000000000,1.000000000,3.000000000,0.986013986,0.083298165
AOI-0017,2018-09-30,70404,2,2,True,2,2.000000000,1.000000000,3.000000000,0.933649289,0.261168673
AOI-0017,2018-10-07,70404,1,1,True,2,1.000000000,1.000000000,3.000000000,0.807407407,0.521357632
AOI-0017,2018-10-13,70404,0,0,True,2,2.000000000,1.000000000,3.000000000,0.987096774,0.077896072
AOI-0017,2018-10-16,70404,2,2,True,2,2.000000000,1.000000000,3.000000000,0.753424658,0.581279608
AOI-0017,2019-04-08,70404,0,0,False,-1,0.000000000,0.000000000,inf,0.548387097,0.804665640
AOI-0017,2019-05-02,70404,1,1,True,2,2.000000000,1.000000000,3.000000000,0.974683544,0.135612188
AOI-0017,2019-06-11,70404,1,1,True,2,1.000000000,1.000000000,4.000000000,0.978947368,0.116700546
AOI-0017,2019-07-06,70404,1,1,True,2,1.000000000,1.000000000,4.000000000,0.982608696,0.099759750
AOI-0017,2019-07-07,70404,0,0,True,2,2.000000000,1.000000000,3.000000000,0.958041958,0.193022418
AOI-0017,2019-07-14,70404,1,1,True,2,1.000000000,1.000000000,4.000000000,0.781512605,0.560605439
AOI-0017,2019-07-22,70404,0,0,True,2,2.000000000,1.000000000,3.000000000,0.915966387,0.315829877
AOI-0017,2019-08-22,70404,1,1,True,2,2.000000000,1.000000000,3.000000000,0.815126050,0.512888736
AOI-0017,2019-08-23,70404,1,1,True,2,2.000000000,1.000000000,3.000000000,0.843478261,0.467440026
AOI-0017,2019-10-16,70404,2,2,True,2,1.000000000,1.000000000,4.000000000,0.763033175,0.699462498
AOI-0017,2019-10-28,70404,0,0,True,2,2.000000000,1.000000000,3.000000000,0.806451613,0.519613528
AOI-0017,2020-04-12,70404,0,0,True,2,2.000000000,1.000000000,3.000000000,0.984732824,0.089580528
AOI-0017,2020-05-10,70404,0,0,True,2,1.000000000,1.000000000,4.000000000,0.968253968,0.162764794
AOI-0017,2020-05-20,70404,0,0,True,2,2.000000000,1.000000000,3.000000000,0.739130435,0.612089208
AOI-0017,2020-05-29,70404,1,1,True,2,1.000000000,1.000000000,4.000000000,0.756097561,0.591181657
AOI-0017,2020-06-05,70404,1,1,True,2,2.000000000,1.000000000,3.000000000,0.978947368,0.116700546
AOI-0017,2020-06-09,70404,0,0,True,2,2.000000000,1.000000000,3.000000000,0.655813953,0.668411592
AOI-0017,2020-06-29,70404,0,0,True,2,2.000000000,1.000000000,3.000000000,0.984251969,0.091909786
AOI-0017,2020-08-24,70404,1,1,True,2,2.000000000,1.000000000,3.000000000,0.978947368,0.116700546
AOI-0017,2020-09-18,70404,1,1,True,2,2.000000000,1.000000000,3.000000000,0.980582524,0.109222462
AOI-0017,2020-10-09,70404,0,0,True,2,2.000000000,1.000000000,3.000000000,0.986394558,0.081409508
AOI-0017,2020-10-19,70404,0,0,True,2,2.000000000,1.000000000,3.000000000,0.737373737,0.618600306
AOI-0017,2021-04-22,70404,0,0,True,2,2.000000000,1.000000000,3.000000000,0.679389313,0.663402731
AOI-0017,2021-05-08,70404,1,1,True,2,2.000000000,1.000000000,3.000000000,0.983193277,0.096986095
AOI-0017,2021-05-23,70404,1,1,True,2,2.000000000,1.000000000,3.000000000,0.978947368,0.116700546
AOI-0017,2021-06-19,70404,0,0,True,2,2.000000000,1.000000000,3.000000000,0.824561404,0.490045290
AOI-0017,2021-07-29,70404,0,0,True,2,2.000000000,1.000000000,3.000000000,0.818181818,0.498265026
AOI-0017,2021-08-18,70404,0,0,True,2,1.000000000,1.000000000,4.000000000,0.986394558,0.081409508
AOI-0017,2021-09-07,70404,0,0,True,2,2.000000000,1.000000000,3.000000000,0.805714286,0.518158008
AOI-0017,2021-09-14,70404,0,0,True,3,1.000000000,1.000000000,7.000000000,0.584541063,0.705105205
AOI-0017,2021-09-19,70404,0,0,True,2,1.000000000,1.000000000,4.000000000,0.980582524,0.109222462
AOI-0017,2021-10-02,70404,0,0,True,2,2.000000000,1.000000000,3.000000000,0.984732824,0.089580528
AOI-0017,2022-04-07,70404,0,0,True,2,2.000000000,1.000000000,3.000000000,0.637209302,0.882569405
AOI-0017,2022-05-09,70404,2,2,True,2,2.000000000,1.000000000,3.000000000,0.857819905,0.429680211
AOI-0017,2022-05-20,70404,0,0,True,2,1.000000000,1.000000000,4.000000000,0.906542056,0.340847656
AOI-0017,2022-06-09,70404,0,0,True,2,2.000000000,1.000000000,3.000000000,0.983739837,0.094374144
AOI-0017,2022-07-28,70404,2,2,True,2,2.000000000,1.000000000,3.000000000,0.579487179,0.953656615
AOI-0017,2022-08-28,70404,0,0,True,3,1.000000000,1.000000000,7.000000000,0.986754967,0.079610965
AOI-0017,2022-09-14,70404,0,2,True,3,1.000000000,1.000000000,7.000000000,0.753694581,0.582387277
AOI-0017,2022-09-18,70404,1,1,True,2,1.000000000,1.000000000,3.000000000,0.978947368,0.116700546
AOI-0017,2022-10-12,70404,0,0,True,2,2.000000000,1.000000000,3.000000000,0.986394558,0.081409508
AOI-0017,2023-05-25,70404,2,2,True,2,2.000000000,1.000000000,3.000000000,0.771689498,0.559610189
AOI-0017,2023-06-10,70404,2,2,True,2,2.000000000,1.000000000,3.000000000,0.991031390,0.057423085
AOI-0017,2023-06-23,70404,1,1,True,2,2.000000000,1.000000000,3.000000000,0.879069767,0.388488812
AOI-0017,2023-07-16,70404,0,0,True,2,2.000000000,1.000000000,3.000000000,0.587786260,0.715666874
AOI-0017,2023-08-23,70404,0,0,True,2,1.000000000,1.000000000,3.000000000,0.801324503,0.527596161
AOI-0017,2023-08-29,70404,2,2,True,2,2.000000000,1.000000000,3.000000000,0.990338164,0.061138862
AOI-0017,2023-09-11,70404,1,1,True,2,1.000000000,1.000000000,3.000000000,0.878260870,0.401701573
AOI-0017,2023-09-12,70404,0,0,True,2,2.000000000,1.000000000,3.000000000,0.814207650,0.504717032
AOI-0017,2023-09-27,70404,0,0,True,2,2.000000000,1.000000000,3.000000000,0.818181818,0.498265026
AOI-0017,2023-09-29,70404,0,0,True,2,1.000000000,1.000000000,3.000000000,0.649289100,0.672991185
AOI-0017,2023-10-09,70404,0,0,True,2,2.000000000,1.000000000,3.000000000,0.984732824,0.089580528
AOI-0017,2024-04-13,70404,1,1,True,2,2.000000000,1.000000000,3.000000000,0.714285714,0.636181423
AOI-0017,2024-05-04,70404,0,0,True,2,1.000000000,1.000000000,3.000000000,0.986754967,0.079610965
AOI-0017,2024-07-11,70404,2,2,True,2,1.000000000,1.000000000,3.000000000,0.808219178,0.618226866
AOI-0017,2024-07-20,70404,0,0,True,2,2.000000000,1.000000000,3.000000000,0.983739837,0.094374144
AOI-0017,2024-08-27,70404,0,0,True,2,1.000000000,1.000000000,4.000000000,0.984251969,0.091909786
AOI-0017,2024-08-28,70404,1,1,True,2,2.000000000,1.000000000,3.000000000,0.517948718,0.720902507
AOI-0017,2024-09-03,70404,0,0,True,2,1.000000000,1.000000000,3.000000000,0.684210526,0.669805822
AOI-0017,2024-09-16,70404,0,0,True,2,2.000000000,1.000000000,3.000000000,0.986013986,0.083298165
AOI-0017,2024-09-26,70404,0,0,True,2,1.000000000,1.000000000,3.000000000,0.986013986,0.083298165
AOI-0017,2024-10-30,70404,1,1,True,2,1.000000000,1.000000000,4.000000000,0.732283465,0.616498091
AOI-0017,2025-04-07,70404,2,2,True,0,2.000000000,1.000000000,1.000000000,0.973568282,0.134019856
AOI-0017,2025-05-24,70404,0,0,True,0,1.000000000,1.000000000,1.000000000,0.986013986,0.083298165
AOI-0017,2025-05-25,70404,2,2,True,0,1.000000000,1.000000000,1.000000000,0.824267782,0.484632634
AOI-0017,2025-06-05,70404,0,0,True,0,1.000000000,1.000000000,1.000000000,0.985185185,0.087375267
AOI-0017,2025-06-08,70404,0,0,True,0,2.000000000,1.000000000,1.000000000,0.988023952,0.073197386
AOI-0017,2025-07-03,70404,0,0,True,0,2.000000000,1.000000000,1.000000000,0.963636364,0.181415523
AOI-0017,2025-07-13,70404,0,0,True,0,2.000000000,1.000000000,1.000000000,0.988023952,0.073197386
AOI-0017,2025-08-16,70404,0,0,True,0,1.000000000,1.000000000,1.000000000,0.984251969,0.091909786
AOI-0017,2025-08-19,70404,0,0,True,1,1.000000000,1.000000000,2.000000000,0.990867580,0.058305859
AOI-0017,2025-08-27,70404,0,0,True,0,1.000000000,1.000000000,1.000000000,0.986754967,0.079610965
AOI-0017,2025-10-03,70404,0,0,True,2,1.000000000,1.000000000,4.000000000,0.931034483,0.282027991
AOI-0018,2025-04-14,70404,0,0,True,0,1.000000000,1.000000000,1.000000000,0.986754967,0.079610965
AOI-0018,2025-04-23,70404,2,2,True,0,1.000000000,1.000000000,1.000000000,0.655172414,0.882638756
AOI-0018,2025-06-05,70404,0,0,True,1,1.000000000,1.000000000,2.000000000,0.985185185,0.087375267
AOI-0018,2025-06-10,70404,2,0,True,0,1.000000000,1.000000000,1.000000000,0.534246575,0.716462038
AOI-0018,2025-07-27,70404,0,0,True,1,1.000000000,1.000000000,2.000000000,0.973333333,0.141440924
AOI-0018,2025-08-02,70404,0,0,True,2,1.000000000,1.000000000,3.000000000,0.985611511,0.085284100
AOI-0018,2025-08-13,70404,2,2,True,0,1.000000000,1.000000000,1.000000000,0.748987854,0.584169173
AOI-0018,2025-08-16,70404,0,0,True,1,1.000000000,1.000000000,2.000000000,0.984251969,0.091909786
AOI-0018,2025-09-16,70404,0,0,True,0,1.000000000,1.000000000,1.000000000,0.754385965,0.585100662
AOI-0018,2025-09-30,70404,2,2,True,0,1.000000000,1.000000000,1.000000000,0.874396135,0.398419961
AOI-0018,2025-10-16,70404,0,0,True,0,1.000000000,1.000000000,1.000000000,0.534246575,0.781909607
AOI-0019,2025-06-08,70404,0,0,True,0,1.000000000,1.000000000,1.000000000,0.988023952,0.073197386
AOI-0019,2025-07-07,70404,0,0,True,0,1.000000000,1.000000000,1.000000000,0.984251969,0.091909786
AOI-0019,2025-07-27,70404,0,0,True,0,1.000000000,1.000000000,1.000000000,0.973333333,0.141440924
AOI-0019,2025-07-28,70404,0,0,True,0,1.000000000,1.000000000,1.000000000,0.679653680,0.650062167
AOI-0019,2025-08-13,70404,2,2,True,1,1.000000000,1.000000000,2.000000000,0.748987854,0.584169173
AOI-0019,2025-08-15,70404,1,1,True,0,1.000000000,1.000000000,1.000000000,0.886178862,0.383718820
AOI-0019,2025-08-17,70404,0,0,True,0,1.000000000,1.000000000,1.000000000,0.782857143,0.549692548
AOI-0019,2025-08-24,70404,0,0,True,1,1.000000000,1.000000000,2.000000000,0.980582524,0.109222462
AOI-0019,2025-09-01,70404,0,0,True,0,1.000000000,1.000000000,1.000000000,0.714285714,0.620702664
AOI-0019,2025-09-11,70404,0,0,True,1,1.000000000,1.000000000,2.000000000,0.983193277,0.096986095
AOI-0019,2025-10-08,70404,0,0,True,1,1.000000000,1.000000000,2.000000000,0.989304813,0.066585474
AOI-0020,2025-04-28,70404,0,0,False,-1,0.000000000,0.000000000,inf,0.975903614,0.130281794
AOI-0020,2025-05-01,70404,0,0,True,0,1.000000000,1.000000000,1.000000000,0.889361702,0.365884432
AOI-0020,2025-05-16,70404,0,0,True,0,2.000000000,1.000000000,1.000000000,0.986013986,0.083298165
AOI-0020,2025-06-04,70404,1,1,True,0,2.000000000,1.000000000,1.000000000,0.777777778,0.562182809
AOI-0020,2025-06-30,70404,0,0,True,0,1.000000000,1.000000000,1.000000000,0.984732824,0.089580528
AOI-0020,2025-07-10,70404,0,0,True,0,1.000000000,1.000000000,1.000000000,0.990521327,0.060162121
AOI-0020,2025-08-06,70404,0,0,True,0,2.000000000,1.000000000,1.000000000,0.637209302,0.679891962
AOI-0020,2025-08-13,70404,2,2,True,0,1.000000000,1.000000000,1.000000000,0.748987854,0.584169173
AOI-0020,2025-08-16,70404,0,0,True,0,2.000000000,1.000000000,1.000000000,0.984251969,0.091909786
AOI-0020,2025-08-24,70404,0,0,True,0,1.000000000,1.000000000,1.000000000,0.980582524,0.109222462
AOI-0020,2025-09-11,70404,0,0,True,0,1.000000000,1.000000000,1.000000000,0.983193277,0.096986095
AOI-0021,2025-05-01,70404,0,0,True,0,1.000000000,1.000000000,1.000000000,0.889361702,0.365884432
AOI-0021,2025-05-04,70404,0,0,True,0,2.000000000,1.000000000,1.000000000,0.681159420,0.651026440
AOI-0021,2025-05-28,70404,0,0,True,0,1.000000000,1.000000000,1.000000000,0.848739496,0.457343669
AOI-0021,2025-06-28,70404,1,1,True,1,2.000000000,1.000000000,2.000000000,0.609195402,0.720963050
AOI-0021,2025-07-12,70404,2,2,True,0,1.000000000,1.000000000,1.000000000,0.603524229,0.944804484
AOI-0021,2025-08-02,70404,0,0,True,0,1.000000000,1.000000000,1.000000000,0.985611511,0.085284100
AOI-0021,2025-08-29,70404,0,0,True,0,2.000000000,1.000000000,1.000000000,0.992277992,0.050601985
AOI-0021,2025-09-14,70404,2,2,True,0,2.000000000,1.000000000,1.000000000,0.774058577,0.555161045
AOI-0021,2025-09-16,70404,0,0,True,0,2.000000000,1.000000000,1.000000000,0.754385965,0.585100662
AOI-0021,2025-09-21,70404,0,0,True,0,1.000000000,1.000000000,1.000000000,0.988023952,0.073197386
AOI-0021,2025-10-02,70404,1,1,True,0,2.000000000,1.000000000,1.000000000,0.832061069,0.483656175
AOI-0022,2025-04-17,70404,1,1,True,0,1.000000000,1.000000000,1.000000000,0.823129252,0.495449242
AOI-0022,2025-04-19,70404,0,0,True,0,2.000000000,1.000000000,1.000000000,0.804651163,0.515866398
AOI-0022,2025-06-04,70404,1,1,True,0,2.000000000,1.000000000,1.000000000,0.777777778,0.562182809
AOI-0022,2025-06-08,70404,0,0,True,0,2.000000000,1.000000000,1.000000000,0.988023952,0.073197386
AOI-0022,2025-07-18,70404,0,0,True,1,1.000000000,1.000000000,2.000000000,0.986754967,0.079610965
AOI-0022,2025-07-28,70404,0,0,True,0,2.000000000,1.000000000,1.000000000,0.679653680,0.650062167
AOI-0022,2025-08-16,70404,0,0,True,0,2.000000000,1.000000000,1.000000000,0.984251969,0.091909786
AOI-0022,2025-08-22,70404,0,0,True,1,2.000000000,1.000000000,2.000000000,0.988571429,0.070389141
AOI-0022,2025-09-21,70404,0,0,True,1,1.000000000,1.000000000,2.000000000,0.988023952,0.073197386
AOI-0022,2025-10-16,70404,0,0,True,0,2.000000000,1.000000000,1.000000000,0.534246575,0.781909607
AOI-0022,2025-10-18,70404,0,0,True,0,1.000000000,1.000000000,1.000000000,0.982608696,0.099759750
AOI-0023,2025-04-18,70404,0,0,True,0,2.000000000,1.000000000,1.000000000,0.985611511,0.085284100
AOI-0023,2025-04-28,70404,0,0,False,-1,0.000000000,0.000000000,inf,0.975903614,0.130281794
AOI-0023,2025-05-14,70404,0,0,True,0,2.000000000,1.000000000,1.000000000,0.984732824,0.089580528
AOI-0023,2025-06-11,70404,1,1,True,0,2.000000000,1.000000000,1.000000000,0.826771654,0.492999622
AOI-0023,2025-07-18,70404,0,0,True,2,2.000000000,1.000000000,3.000000000,0.986754967,0.079610965
AOI-0023,2025-07-22,70404,1,1,True,0,1.000000000,1.000000000,1.000000000,0.642105263,0.699686836
AOI-0023,2025-07-29,70404,1,1,True,0,2.000000000,1.000000000,1.000000000,0.979797980,0.112827275
AOI-0023,2025-08-12,70404,0,0,True,0,2.000000000,1.000000000,1.000000000,0.985611511,0.085284100
AOI-0023,2025-08-15,70404,1,1,True,0,1.000000000,1.000000000,1.000000000,0.886178862,0.383718820
AOI-0023,2025-09-15,70404,0,0,True,0,1.000000000,1.000000000,1.000000000,0.642512077,0.677549840
AOI-0023,2025-10-18,70404,0,0,True,1,1.000000000,1.000000000,2.000000000,0.982608696,0.099759750
AOI-0024,2025-04-28,70404,0,0,False,-1,0.000000000,0.000000000,inf,0.975903614,0.130281794
AOI-0024,2025-04-29,70404,0,0,True,0,1.000000000,1.000000000,1.000000000,0.983739837,0.094374144
AOI-0024,2025-05-09,70404,2,2,True,0,1.000000000,1.000000000,1.000000000,0.832599119,0.472112358
AOI-0024,2025-05-16,70404,0,0,True,0,1.000000000,1.000000000,1.000000000,0.986013986,0.083298165
AOI-0024,2025-06-03,70404,0,0,True,0,1.000000000,1.000000000,1.000000000,0.986394558,0.081409508
AOI-0024,2025-06-07,70404,0,0,True,0,1.000000000,1.000000000,1.000000000,0.986754967,0.079610965
AOI-0024,2025-07-10,70404,0,0,True,0,1.000000000,1.000000000,1.000000000,0.990521327,0.060162121
AOI-0024,2025-07-18,70404,0,0,True,2,1.000000000,1.000000000,4.000000000,0.986754967,0.079610965
AOI-0024,2025-08-15,70404,1,1,True,1,1.000000000,1.000000000,2.000000000,0.886178862,0.383718820
AOI-0024,2025-08-23,70404,1,1,True,0,1.000000000,1.000000000,1.000000000,0.697841727,0.646679547
AOI-0024,2025-09-15,70404,0,0,True,1,1.000000000,1.000000000,2.000000000,0.642512077,0.677549840
AOI-0025,2025-05-24,70404,0,0,True,0,1.000000000,1.000000000,1.000000000,0.986013986,0.083298165
AOI-0025,2025-05-25,70404,2,2,True,0,1.000000000,1.000000000,1.000000000,0.824267782,0.484632634
AOI-0025,2025-07-10,70404,0,0,True,1,1.000000000,1.000000000,2.000000000,0.990521327,0.060162121
AOI-0025,2025-07-13,70404,0,0,True,2,1.000000000,1.000000000,4.000000000,0.988023952,0.073197386
AOI-0025,2025-08-12,70404,0,0,True,0,1.000000000,1.000000000,1.000000000,0.985611511,0.085284100
AOI-0025,2025-09-08,70404,0,0,True,1,1.000000000,1.000000000,2.000000000,0.931034483,0.268700917
AOI-0026,2025-04-23,70404,2,2,True,0,1.000000000,1.000000000,1.000000000,0.655172414,0.882638756
AOI-0026,2025-05-21,70404,0,0,True,1,1.000000000,1.000000000,2.000000000,0.777777778,0.629830912
AOI-0026,2025-06-08,70404,0,0,True,0,2.000000000,1.000000000,1.000000000,0.988023952,0.073197386
AOI-0026,2025-06-26,70404,2,2,True,0,1.000000000,1.000000000,1.000000000,0.990338164,0.061138862
AOI-0026,2025-07-23,70404,0,0,True,2,1.000000000,1.000000000,4.000000000,0.766871166,0.571399404
AOI-0026,2025-08-13,70404,2,2,True,0,1.000000000,1.000000000,1.000000000,0.748987854,0.584169173
AOI-0026,2025-08-17,70404,0,0,True,1,1.000000000,1.000000000,2.000000000,0.782857143,0.549692548
AOI-0026,2025-09-15,70404,1,0,True,0,2.000000000,1.000000000,1.000000000,0.642512077,0.677549840
AOI-0027,2025-04-14,70404,0,0,True,0,2.000000000,1.000000000,1.000000000,0.986754967,0.079610965
AOI-0027,2025-06-26,70404,2,2,True,1,1.000000000,1.000000000,2.000000000,0.990338164,0.061138862
AOI-0027,2025-07-18,70404,0,0,True,0,1.000000000,1.000000000,1.000000000,0.986754967,0.079610965
AOI-0027,2025-08-13,70404,2,2,True,1,2.000000000,1.000000000,2.000000000,0.748987854,0.584169173
AOI-0027,2025-08-27,70404,0,0,True,0,2.000000000,1.000000000,1.000000000,0.986754967,0.079610965
AOI-0027,2025-09-30,70404,2,2,True,0,1.000000000,1.000000000,1.000000000,0.874396135,0.398419961
AOI-0028,2010-08-13,70404,2,2,True,4,3.000000000,1.000000000,11.000000000,0.932367150,0.264875566
AOI-0028,2010-08-29,70404,1,2,True,4,2.000000000,1.000000000,14.000000000,0.565217391,0.711158468
AOI-0028,2011-06-10,70404,2,2,True,4,1.000000000,1.000000000,14.000000000,0.990147783,0.062150380
AOI-0028,2011-07-07,70404,1,1,True,4,1.000000000,1.000000000,14.000000000,0.974683544,0.135612188
AOI-0028,2011-08-29,70404,2,2,True,4,2.000000000,1.000000000,14.000000000,0.990147783,0.062150380
AOI-0028,2012-05-08,70404,2,2,True,4,2.000000000,1.000000000,11.000000000,0.954337900,0.200382781
AOI-0028,2012-08-12,70404,2,2,True,4,2.000000000,1.000000000,11.000000000,0.829145729,0.479909082
AOI-0028,2012-08-26,70404,1,1,True,4,2.000000000,1.000000000,11.000000000,0.978021978,0.120874486
AOI-0028,2013-04-23,70404,2,2,True,4,1.000000000,1.000000000,15.000000000,0.990697674,0.059218348
AOI-0028,2013-05-25,70404,2,2,True,4,2.000000000,1.000000000,14.000000000,0.838862559,0.462932768
AOI-0028,2014-04-10,70404,1,1,True,4,2.000000000,1.000000000,11.000000000,0.973333333,0.141440924
AOI-0028,2014-04-18,70404,1,1,True,4,3.000000000,1.000000000,11.000000000,0.978947368,0.116700546
AOI-0028,2014-06-10,70404,2,2,True,4,1.000000000,1.000000000,14.000000000,0.989743590,0.064285679
AOI-0028,2014-07-31,70404,1,1,True,4,2.000000000,1.000000000,14.000000000,0.978947368,0.116700546
AOI-0028,2015-04-05,70404,1,1,True,4,1.000000000,1.000000000,14.000000000,0.966101695,0.171538761
AOI-0028,2015-05-23,70404,1,1,True,4,2.000000000,1.000000000,11.000000000,0.978021978,0.120874486
AOI-0028,2015-07-12,70404,2,2,True,5,5.000000000,1.000000000,18.000000000,0.758454106,0.576536252
AOI-0028,2015-09-30,70404,2,2,True,4,2.000000000,1.000000000,14.000000000,0.687203791,0.645879152
AOI-0028,2016-04-06,70404,2,2,True,4,1.000000000,1.000000000,15.000000000,0.869346734,0.408926224
AOI-0028,2016-05-08,70404,2,2,True,4,3.000000000,1.000000000,11.000000000,0.895734597,0.353634640
AOI-0028,2016-06-18,70404,1,1,True,4,1.000000000,1.000000000,15.000000000,0.974683544,0.135612188
AOI-0028,2017-04-07,70404,2,2,True,4,2.000000000,1.000000000,14.000000000,0.990521327,0.060162121
AOI-0028,2017-07-12,70404,2,2,True,4,3.000000000,1.000000000,11.000000000,0.857819905,0.429680211
AOI-0028,2017-07-28,70404,2,2,True,4,2.000000000,1.000000000,11.000000000,0.990147783,0.062150380
AOI-0028,2017-08-16,70404,1,1,True,5,2.000000000,1.000000000,23.000000000,0.960784314,0.192625738
AOI-0028,2017-09-25,70404,0,0,True,4,2.000000000,1.000000000,11.000000000,0.574803150,0.721124011
AOI-0028,2018-04-29,70404,1,1,True,4,3.000000000,1.000000000,11.000000000,0.978947368,0.116700546
AOI-0028,2018-06-20,70404,0,0,True,4,1.000000000,1.000000000,14.000000000,0.983739837,0.094374144
AOI-0028,2018-06-26,70404,2,2,True,4,3.000000000,1.000000000,11.000000000,0.698630137,0.635682805
AOI-0028,2018-07-26,70404,1,1,True,4,3.000000000,1.000000000,11.000000000,0.978947368,0.116700546
AOI-0028,2018-09-18,70404,0,0,True,4,3.000000000,1.000000000,11.000000000,0.985185185,0.087375267
AOI-0028,2019-05-06,70404,0,0,True,4,2.000000000,1.000000000,11.000000000,0.984251969,0.091909786
AOI-0028,2019-05-11,70404,0,0,True,4,3.000000000,1.000000000,11.000000000,0.669565217,0.674697517
AOI-0028,2019-07-05,70404,0,0,True,4,3.000000000,1.000000000,11.000000000,0.987096774,0.077896072
AOI-0028,2019-07-20,70404,0,0,True,4,3.000000000,1.000000000,11.000000000,0.987096774,0.077896072
AOI-0028,2019-07-28,70404,2,2,True,4,2.000000000,1.000000000,11.000000000,0.748837209,0.731448151
AOI-0028,2019-07-29,70404,1,1,True,4,3.000000000,1.000000000,11.000000000,0.756097561,0.591181657
AOI-0028,2019-09-07,70404,1,1,True,5,3.000000000,1.000000000,23.000000000,0.963636364,0.181415523
AOI-0028,2019-10-25,70404,1,0,True,5,2.000000000,1.000000000,23.000000000,0.634782609,0.697453920
AOI-0028,2020-04-02,70404,0,0,True,4,3.000000000,1.000000000,11.000000000,0.698324022,0.640097043
AOI-0028,2020-04-22,70404,0,0,True,4,1.000000000,1.000000000,11.000000000,0.611374408,0.693724571
AOI-0028,2020-04-30,70404,0,0,True,4,2.000000000,1.000000000,14.000000000,0.987096774,0.077896072
AOI-0028,2020-05-20,70404,0,0,True,4,2.000000000,1.000000000,14.000000000,0.739130435,0.612089208
AOI-0028,2020-06-25,70404,2,2,True,4,2.000000000,1.000000000,11.000000000,0.990697674,0.059218348
AOI-0028,2020-07-27,70404,2,2,True,4,2.000000000,1.000000000,11.000000000,0.887179487,0.373233317
AOI-0028,2020-09-25,70404,1,1,True,4,1.000000000,1.000000000,11.000000000,0.801801802,0.534542741
AOI-0028,2021-04-29,70404,1,1,True,4,2.000000000,1.000000000,11.000000000,0.848739496,0.457343669
AOI-0028,2021-05-07,70404,1,1,True,5,2.000000000,1.000000000,30.000000000,0.611940299,0.731135151
AOI-0028,2021-06-19,70404,0,0,True,4,2.000000000,1.000000000,14.000000000,0.824561404,0.490045290
AOI-0028,2021-07-10,70404,1,1,True,4,3.000000000,1.000000000,11.000000000,0.978947368,0.116700546
AOI-0028,2021-07-18,70404,1,1,True,4,3.000000000,1.000000000,11.000000000,0.823129252,0.495449242
AOI-0028,2021-08-29,70404,2,2,True,4,2.000000000,1.000000000,14.000000000,0.693023256,0.640762809
AOI-0028,2021-10-02,70404,0,0,True,4,2.000000000,1.000000000,14.000000000,0.984732824,0.089580528
AOI-0028,2022-06-11,70404,0,0,True,4,2.000000000,1.000000000,14.000000000,0.711229947,0.627675967
AOI-0028,2022-07-05,70404,1,1,True,4,2.000000000,1.000000000,11.000000000,0.981308411,0.105858397
AOI-0028,2022-07-17,70404,1,1,True,4,1.000000000,1.000000000,11.000000000,0.848739496,0.457343669
AOI-0028,2022-07-19,70404,0,0,True,4,2.000000000,1.000000000,14.000000000,0.955555556,0.201845225
AOI-0028,2022-08-25,70404,0,0,True,4,2.000000000,1.000000000,11.000000000,0.717277487,0.621577835
AOI-0028,2022-10-02,70404,0,0,False,-1,0.000000000,0.000000000,11.000000000,0.670886076,0.687202700
AOI-0028,2022-10-07,70404,0,0,True,4,2.000000000,1.000000000,11.000000000,0.986013986,0.083298165
AOI-0028,2022-10-15,70404,1,1,True,5,2.000000000,1.000000000,30.000000000,0.671641791,0.693725705
AOI-0028,2023-05-15,70404,0,0,True,4,2.000000000,1.000000000,11.000000000,0.693023256,0.640762809
AOI-0028,2023-06-24,70404,0,0,True,4,2.000000000,1.000000000,11.000000000,0.714285714,0.630416998
AOI-0028,2023-06-29,70404,0,0,True,4,2.000000000,1.000000000,11.000000000,0.978947368,0.116700546
AOI-0028,2023-07-12,70404,2,2,True,4,1.000000000,1.000000000,11.000000000,0.990867580,0.058305859
AOI-0028,2023-08-17,70404,1,1,True,4,2.000000000,1.000000000,11.000000000,0.723577236,0.626221864
AOI-0028,2023-09-12,70404,0,0,True,4,2.000000000,1.000000000,14.000000000,0.814207650,0.504717032
AOI-0028,2023-10-02,70404,0,0,True,4,3.000000000,1.000000000,11.000000000,0.984251969,0.091909786
AOI-0028,2024-04-06,70404,0,0,True,4,3.000000000,1.000000000,11.000000000,0.642512077,0.740366269
AOI-0028,2024-04-14,70404,0,0,False,-1,0.000000000,0.000000000,11.000000000,0.706293706,0.638483603
AOI-0028,2024-05-09,70404,0,0,True,4,2.000000000,1.000000000,11.000000000,0.660377358,0.672103522
AOI-0028,2024-05-31,70404,1,1,True,4,1.000000000,1.000000000,15.000000000,0.935483871,0.283936267
AOI-0028,2024-06-03,70404,0,0,True,4,3.000000000,1.000000000,11.000000000,0.801324503,0.527596161
AOI-0028,2024-07-26,70404,1,1,True,4,2.000000000,1.000000000,11.000000000,0.768421053,0.583997835
AOI-0028,2024-08-19,70404,0,0,True,4,3.000000000,1.000000000,11.000000000,0.674876847,0.656198297
AOI-0028,2025-04-04,70404,0,0,True,1,1.000000000,1.000000000,2.000000000,0.942857143,0.258640932
AOI-0028,2025-04-23,70404,2,2,True,0,2.000000000,1.000000000,1.000000000,0.655172414,0.882638756
AOI-0028,2025-05-01,70404,0,0,True,0,2.000000000,1.000000000,1.000000000,0.889361702,0.365884432
AOI-0028,2025-06-10,70404,2,0,True,0,1.000000000,1.000000000,1.000000000,0.534246575,0.716462038
AOI-0028,2025-07-08,70404,0,0,True,0,2.000000000,1.000000000,1.000000000,0.863874346,0.420059298
AOI-0028,2025-09-01,70404,0,0,True,0,2.000000000,1.000000000,1.000000000,0.714285714,0.620702664
AOI-0028,2025-09-06,70404,0,0,True,1,2.000000000,1.000000000,2.000000000,0.670886076,0.687202700
AOI-0028,2025-09-15,70404,1,0,True,0,2.000000000,1.000000000,1.000000000,0.642512077,0.677549840
AOI-0029,2025-04-21,70404,0,0,True,0,1.000000000,1.000000000,1.000000000,0.971830986,0.147843978
AOI-0029,2025-06-26,70404,2,2,True,0,1.000000000,1.000000000,1.000000000,0.990338164,0.061138862
AOI-0029,2025-06-27,70404,1,0,True,0,1.000000000,1.000000000,1.000000000,0.661538462,0.666584314
AOI-0029,2025-07-23,70404,0,0,True,0,1.000000000,1.000000000,1.000000000,0.766871166,0.571399404
AOI-0029,2025-09-06,70404,0,0,True,0,1.000000000,1.000000000,1.000000000,0.670886076,0.687202700
AOI-0029,2025-09-14,70404,2,2,True,0,2.000000000,1.000000000,1.000000000,0.774058577,0.555161045
AOI-0029,2025-09-28,70404,0,0,True,0,1.000000000,1.000000000,1.000000000,0.975903614,0.130281794
AOI-0029,2025-10-17,70404,1,1,True,0,2.000000000,1.000000000,1.000000000,0.979797980,0.112827275
AOI-0030,2025-05-21,70404,0,0,True,0,1.000000000,1.000000000,1.000000000,0.777777778,0.629830912
AOI-0030,2025-05-25,70404,2,2,True,0,1.000000000,1.000000000,1.000000000,0.824267782,0.484632634
AOI-0030,2025-06-03,70404,0,0,True,0,1.000000000,1.000000000,1.000000000,0.986394558,0.081409508
AOI-0030,2025-08-27,70404,0,0,True,0,1.000000000,1.000000000,1.000000000,0.986754967,0.079610965
AOI-0030,2025-09-07,70404,1,1,True,0,1.000000000,1.000000000,1.000000000,0.979797980,0.112827275
AOI-0030,2025-09-16,70404,0,0,True,1,1.000000000,1.000000000,2.000000000,0.754385965,0.585100662
AOI-0030,2025-09-30,70404,2,2,True,0,1.000000000,1.000000000,1.000000000,0.874396135,0.398419961
AOI-0030,2025-10-16,70404,0,0,True,0,1.000000000,1.000000000,1.000000000,0.534246575,0.781909607
AOI-0031,2010-05-09,70404,2,2,True,0,1.000000000,1.000000000,1.000000000,0.990521327,0.060162121
AOI-0031,2010-06-05,70404,1,1,True,0,1.000000000,1.000000000,1.000000000,0.935483871,0.283936267
AOI-0031,2010-07-06,70404,1,1,True,0,1.000000000,1.000000000,1.000000000,0.866666667,0.485094091
AOI-0031,2010-07-28,70404,2,2,True,0,1.000000000,1.000000000,1.000000000,0.533039648,0.715890578
AOI-0031,2010-08-08,70404,1,1,True,0,1.000000000,1.000000000,1.000000000,0.935483871,0.283936267
AOI-0031,2010-09-30,70404,2,2,False,-1,0.000000000,0.000000000,inf,0.989949749,0.063198621
AOI-0031,2011-05-31,70404,1,1,True,0,1.000000000,1.000000000,1.000000000,0.935483871,0.283936267
AOI-0031,2011-07-28,70404,2,2,True,0,1.000000000,1.000000000,1.000000000,0.990521327,0.060162121
AOI-0031,2011-08-26,70404,1,1,True,0,1.000000000,1.000000000,1.000000000,0.970149254,0.154913925
AOI-0031,2011-09-11,70404,1,1,False,-1,0.000000000,0.000000000,inf,0.953488372,0.220352331
AOI-0031,2012-06-25,70404,2,2,False,-1,0.000000000,0.000000000,inf,0.735159817,0.601126410
AOI-0031,2012-07-20,70404,1,1,True,0,1.000000000,1.000000000,1.000000000,0.935483871,0.283936267
AOI-0031,2012-08-21,70404,1,1,True,0,1.000000000,1.000000000,1.000000000,0.894736842,0.409458619
AOI-0031,2013-04-02,70404,1,1,True,0,1.000000000,1.000000000,1.000000000,0.935483871,0.283936267
AOI-0031,2013-04-17,70404,1,1,True,0,1.000000000,1.000000000,1.000000000,0.960784314,0.192625738
AOI-0031,2013-06-26,70404,2,2,True,0,1.000000000,1.000000000,1.000000000,0.576354680,0.708281313
AOI-0031,2013-07-07,70404,1,1,True,0,1.000000000,1.000000000,1.000000000,0.894736842,0.409458619
AOI-0031,2013-07-22,70404,1,1,False,-1,0.000000000,0.000000000,inf,0.966101695,0.171538761
AOI-0031,2013-09-14,70404,2,2,False,-1,0.000000000,0.000000000,inf,0.989304813,0.066585474
AOI-0031,2014-04-23,70404,2,2,True,0,1.000000000,1.000000000,1.000000000,0.990697674,0.059218348
AOI-0031,2014-06-10,70404,2,2,True,0,1.000000000,1.000000000,1.000000000,0.989743590,0.064285679
AOI-0031,2014-07-10,70404,1,1,True,0,1.000000000,1.000000000,1.000000000,0.935483871,0.283936267
AOI-0031,2014-10-05,70404,1,1,True,0,1.000000000,1.000000000,1.000000000,0.968253968,0.162764794
AOI-0031,2014-10-30,70404,1,1,True,0,1.000000000,1.000000000,1.000000000,0.935483871,0.283936267
AOI-0031,2015-06-02,70404,1,1,True,0,1.000000000,1.000000000,1.000000000,0.963636364,0.181415523
AOI-0031,2015-06-19,70404,1,1,True,0,1.000000000,1.000000000,1.000000000,0.935483871,0.283936267
AOI-0031,2015-07-05,70404,1,1,True,0,1.000000000,1.000000000,1.000000000,0.935483871,0.283936267
AOI-0031,2015-08-13,70404,1,2,True,0,1.000000000,1.000000000,1.000000000,0.716894977,0.619236583
AOI-0031,2015-09-15,70404,1,1,False,-1,0.000000000,0.000000000,inf,0.818181818,0.600166073
AOI-0031,2015-09-23,70404,1,1,False,-1,0.000000000,0.000000000,inf,0.925925926,0.315396287
AOI-0031,2016-04-06,70404,2,2,False,-1,0.000000000,0.000000000,inf,0.869346734,0.408926224
AOI-0031,2016-06-29,70404,1,1,True,0,1.000000000,1.000000000,1.000000000,0.935483871,0.283936267
AOI-0031,2016-07-31,70404,1,1,True,0,1.000000000,1.000000000,1.000000000,0.935483871,0.283936267
AOI-0031,2016-08-16,70404,1,1,False,-1,0.000000000,0.000000000,inf,0.925925926,0.315396287
AOI-0031,2016-09-17,70404,1,1,True,0,1.000000000,1.000000000,1.000000000,0.913043478,0.355712860
AOI-0031,2016-09-29,70404,2,2,True,0,1.000000000,1.000000000,1.000000000,0.990697674,0.059218348
AOI-0031,2017-04-13,70404,0,0,False,-1,0.000000000,0.000000000,inf,0.853658537,0.447709041
AOI-0031,2017-04-15,70404,1,1,False,-1,0.000000000,0.000000000,inf,0.600000000,0.853236151
AOI-0031,2017-04-29,70404,1,1,True,0,1.000000000,1.000000000,1.000000000,0.568627451,0.763461902
AOI-0031,2017-05-05,70404,0,1,True,0,1.000000000,1.000000000,1.000000000,0.784172662,0.553117831
AOI-0031,2017-06-08,70404,1,1,True,0,1.000000000,1.000000000,1.000000000,0.935483871,0.283936267
AOI-0031,2017-07-04,70404,0,0,True,0,1.000000000,1.000000000,1.000000000,0.866666667,0.485094091
AOI-0031,2017-08-26,70404,1,0,True,0,1.000000000,1.000000000,1.000000000,0.773913043,0.571362280
AOI-0031,2017-09-19,70404,1,1,False,-1,0.000000000,0.000000000,inf,0.968253968,0.162764794
AOI-0031,2017-09-20,70404,0,0,True,0,1.000000000,1.000000000,1.000000000,0.984732824,0.089580528
AOI-0031,2018-04-07,70404,1,2,True,0,1.000000000,1.000000000,1.000000000,0.694581281,0.640602776
AOI-0031,2018-04-28,70404,0,0,False,-1,0.000000000,0.000000000,inf,0.495327103,0.739642453
AOI-0031,2018-05-17,70404,1,1,True,0,1.000000000,1.000000000,1.000000000,0.963636364,0.181415523
AOI-0031,2018-07-21,70404,1,1,False,-1,0.000000000,0.000000000,inf,0.913043478,0.355712860
AOI-0031,2018-08-13,70404,2,2,True,0,1.000000000,1.000000000,1.000000000,0.990867580,0.058305859
AOI-0031,2018-08-22,70404,1,1,False,-1,0.000000000,0.000000000,inf,0.925925926,0.315396287
AOI-0031,2018-10-01,70404,1,1,True,0,1.000000000,1.000000000,1.000000000,0.531914894,0.777661074
AOI-0031,2019-04-19,70404,1,1,True,0,1.000000000,1.000000000,1.000000000,0.828571429,0.535383243
AOI-0031,2019-04-27,70404,1,1,True,0,1.000000000,1.000000000,1.000000000,0.925925926,0.315396287
AOI-0031,2019-05-29,70404,1,1,True,0,1.000000000,1.000000000,1.000000000,0.568627451,0.763461902
AOI-0031,2019-06-26,70404,2,2,True,0,1.000000000,1.000000000,1.000000000,0.771689498,0.559610189
AOI-0031,2019-06-27,70404,0,0,True,0,1.000000000,1.000000000,1.000000000,0.668341709,0.661387204
AOI-0031,2019-08-09,70404,1,0,True,0,1.000000000,1.000000000,1.000000000,0.836065574,0.470095000
AOI-0031,2019-08-16,70404,0,0,True,0,1.000000000,1.000000000,1.000000000,0.873417722,0.420987473
AOI-0031,2019-08-21,70404,0,0,True,0,1.000000000,1.000000000,1.000000000,0.766871166,0.571399404
AOI-0031,2019-08-23,70404,1,1,False,-1,0.000000000,0.000000000,inf,0.843478261,0.467440026
AOI-0031,2019-08-29,70404,2,0,True,0,1.000000000,1.000000000,1.000000000,0.714285714,0.623155167
AOI-0031,2019-09-01,70404,1,1,False,-1,0.000000000,0.000000000,inf,0.690140845,0.676283176
AOI-0031,2019-09-10,70404,0,0,True,0,1.000000000,1.000000000,1.000000000,0.985611511,0.085284100
AOI-0031,2020-04-12,70404,0,0,True,0,1.000000000,1.000000000,1.000000000,0.984732824,0.089580528
AOI-0031,2020-04-17,70404,0,0,True,0,1.000000000,1.000000000,1.000000000,0.710691824,0.631831023
AOI-0031,2020-04-21,70404,1,1,True,0,1.000000000,1.000000000,1.000000000,0.925925926,0.315396287
AOI-0031,2020-05-04,70404,0,1,True,0,1.000000000,1.000000000,1.000000000,0.756097561,0.591181657
AOI-0031,2020-06-23,70404,1,0,True,0,1.000000000,1.000000000,1.000000000,0.473684211,0.862857801
AOI-0031,2020-06-28,70404,0,1,True,0,1.000000000,1.000000000,1.000000000,0.620253165,0.719438059
AOI-0031,2020-07-26,70404,0,0,True,0,1.000000000,1.000000000,1.000000000,0.981981982,0.102711110
AOI-0031,2020-07-27,70404,2,2,True,0,1.000000000,1.000000000,1.000000000,0.887179487,0.373233317
AOI-0031,2020-08-28,70404,2,2,False,-1,0.000000000,0.000000000,inf,0.936073059,0.254088226
AOI-0031,2020-09-03,70404,1,1,True,0,1.000000000,1.000000000,1.000000000,0.968253968,0.162764794
AOI-0031,2020-09-04,70404,0,0,False,-1,0.000000000,0.000000000,inf,0.983193277,0.096986095
AOI-0031,2020-10-16,70404,0,0,True,0,1.000000000,1.000000000,1.000000000,0.935483871,0.283936267
AOI-0031,2020-10-24,70404,0,0,False,-1,0.000000000,0.000000000,inf,0.970149254,0.154913925
AOI-0031,2021-04-23,70404,2,2,False,-1,0.000000000,0.000000000,inf,0.748837209,0.731448151
AOI-0031,2021-05-12,70404,0,0,True,0,1.000000000,1.000000000,1.000000000,0.985611511,0.085284100
AOI-0031,2021-06-23,70404,0,1,True,0,1.000000000,1.000000000,1.000000000,0.523809524,0.761605701
AOI-0031,2021-06-26,70404,0,0,True,0,1.000000000,1.000000000,1.000000000,0.600000000,0.698353577
AOI-0031,2021-07-08,70404,0,0,True,0,1.000000000,1.000000000,1.000000000,0.935483871,0.283936267
AOI-0031,2021-07-11,70404,0,0,True,0,1.000000000,1.000000000,1.000000000,0.880794702,0.390915195
AOI-0031,2021-07-18,70404,1,1,False,-1,0.000000000,0.000000000,inf,0.823129252,0.495449242
AOI-0031,2021-07-28,70404,0,2,True,0,1.000000000,1.000000000,1.000000000,0.714285714,0.796311640
AOI-0031,2021-07-31,70404,0,0,True,0,1.000000000,1.000000000,1.000000000,0.985185185,0.087375267
AOI-0031,2021-08-02,70404,0,1,True,0,1.000000000,1.000000000,1.000000000,0.620253165,0.719438059
AOI-0031,2022-04-23,70404,2,2,True,0,1.000000000,1.000000000,1.000000000,0.911330049,0.318474676
AOI-0031,2022-05-24,70404,0,0,False,-1,0.000000000,0.000000000,inf,0.894736842,0.409458619
AOI-0031,2022-06-03,70404,0,1,True,0,1.000000000,1.000000000,1.000000000,0.795275591,0.540257419
AOI-0031,2022-06-23,70404,0,0,True,0,1.000000000,1.000000000,1.000000000,0.568627451,0.763461902
AOI-0031,2022-07-01,70404,0,0,True,0,1.000000000,1.000000000,1.000000000,0.984251969,0.091909786
AOI-0031,2022-07-03,70404,0,0,False,-1,0.000000000,0.000000000,inf,0.894736842,0.409458619
AOI-0031,2022-08-13,70404,2,0,True,0,1.000000000,1.000000000,1.000000000,0.581395349,0.705392195
AOI-0031,2022-08-24,70404,1,1,False,-1,0.000000000,0.000000000,inf,0.960784314,0.192625738
AOI-0031,2022-09-21,70404,0,0,True,0,1.000000000,1.000000000,1.000000000,0.935483871,0.283936267
AOI-0031,2022-10-04,70404,0,0,True,0,1.000000000,1.000000000,1.000000000,0.866666667,0.485094091
AOI-0031,2023-04-07,70404,2,2,False,-1,0.000000000,0.000000000,inf,0.816425121,0.499110844
AOI-0031,2023-05-04,70404,0,1,True,0,1.000000000,1.000000000,1.000000000,0.620253165,0.719438059
AOI-0031,2023-05-12,70404,0,0,False,-1,0.000000000,0.000000000,inf,0.743016760,0.596792252
AOI-0031,2023-06-03,70404,0,0,True,0,1.000000000,1.000000000,1.000000000,0.568627451,0.763461902
AOI-0031,2023-06-08,70404,0,1,True,0,1.000000000,1.000000000,1.000000000,0.708737864,0.645844345
AOI-0031,2023-06-18,70404,0,0,False,-1,0.000000000,0.000000000,inf,0.531914894,0.777661074
AOI-0031,2023-08-07,70404,0,0,True,0,1.000000000,1.000000000,1.000000000,0.935483871,0.283936267
AOI-0031,2023-09-11,70404,1,1,False,-1,0.000000000,0.000000000,inf,0.878260870,0.401701573
AOI-0031,2023-09-26,70404,1,1,False,-1,0.000000000,0.000000000,inf,0.858267717,0.438505622
AOI-0031,2023-10-09,70404,0,0,True,0,1.000000000,1.000000000,1.000000000,0.984732824,0.089580528
AOI-0031,2023-10-22,70404,1,0,True,0,1.000000000,1.000000000,1.000000000,0.514563107,0.740314755
AOI-0031,2024-04-07,70404,1,1,False,-1,0.000000000,0.000000000,inf,0.772151899,0.585549972
AOI-0031,2024-05-06,70404,0,0,False,-1,0.000000000,0.000000000,inf,0.748633880,0.590157197
AOI-0031,2024-05-11,70404,0,0,False,-1,0.000000000,0.000000000,inf,0.957446809,0.205470750
AOI-0031,2024-05-18,70404,0,1,True,0,1.000000000,1.000000000,1.000000000,0.548387097,0.804665640
AOI-0031,2024-06-25,70404,2,2,True,0,1.000000000,1.000000000,1.000000000,0.488372093,0.878744338
AOI-0031,2024-08-11,70404,0,1,True,0,1.000000000,1.000000000,1.000000000,0.763779528,0.581206425
AOI-0031,2024-08-13,70404,1,1,True,0,1.000000000,1.000000000,1.000000000,0.968253968,0.162764794
AOI-0031,2024-08-29,70404,0,0,True,0,1.000000000,1.000000000,1.000000000,0.934065934,0.272699656
AOI-0031,2024-09-08,70404,0,0,True,0,1.000000000,1.000000000,1.000000000,0.983193277,0.096986095
AOI-0031,2024-09-15,70404,0,0,True,0,1.000000000,1.000000000,1.000000000,0.935483871,0.283936267
AOI-0031,2024-09-25,70404,0,0,True,0,1.000000000,1.000000000,1.000000000,0.935483871,0.283936267
AOI-0031,2024-10-08,70404,0,0,True,0,1.000000000,1.000000000,1.000000000,0.978021978,0.120874486
AOI-0031,2025-04-05,70404,0,0,True,0,1.000000000,1.000000000,1.000000000,0.953488372,0.220352331
AOI-0031,2025-04-07,70404,2,2,True,0,1.000000000,1.000000000,1.000000000,0.973568282,0.134019856
AOI-0031,2025-05-21,70404,1,0,True,0,1.000000000,1.000000000,1.000000000,0.777777778,0.629830912
AOI-0031,2025-06-13,70404,1,0,True,1,1.000000000,1.000000000,2.000000000,0.659863946,0.674472318
AOI-0031,2025-07-17,70404,0,0,True,0,1.000000000,1.000000000,1.000000000,0.982608696,0.099759750
AOI-0031,2025-07-25,70404,0,0,True,0,1.000000000,1.000000000,1.000000000,0.985185185,0.087375267
AOI-0031,2025-08-13,70404,2,2,True,1,1.000000000,1.000000000,2.000000000,0.748987854,0.584169173
AOI-0031,2025-08-16,70404,0,0,True,1,1.000000000,1.000000000,2.000000000,0.984251969,0.091909786
AOI-0031,2025-08-25,70404,1,1,True,1,1.000000000,1.000000000,2.000000000,0.942857143,0.258640932
AOI-0031,2025-10-03,70404,0,0,True,0,1.000000000,1.000000000,1.000000000,0.931034483,0.282027991
AOI-0031,2025-10-04,70404,1,1,True,0,1.000000000,1.000000000,1.000000000,0.694915254,0.680569959
AOI-0032,2010-04-26,70404,1,1,True,0,1.000000000,1.000000000,1.000000000,0.935483871,0.283936267
AOI-0032,2010-05-25,70404,2,2,True,0,1.000000000,1.000000000,1.000000000,0.990697674,0.059218348
AOI-0032,2010-08-13,70404,2,2,True,0,1.000000000,1.000000000,1.000000000,0.932367150,0.264875566
AOI-0032,2010-08-31,70404,1,1,True,0,1.000000000,1.000000000,1.000000000,0.970149254,0.154913925
AOI-0032,2010-09-25,70404,1,1,True,0,1.000000000,1.000000000,1.000000000,0.935483871,0.283936267
AOI-0032,2011-06-26,70404,2,2,True,0,1.000000000,1.000000000,1.000000000,0.990867580,0.058305859
AOI-0032,2011-07-02,70404,1,1,True,0,1.000000000,1.000000000,1.000000000,0.935483871,0.283936267
AOI-0032,2011-08-27,70404,1,1,True,0,1.000000000,1.000000000,1.000000000,0.935483871,0.283936267
AOI-0032,2011-09-12,70404,1,1,True,0,1.000000000,1.000000000,1.000000000,0.913043478,0.355712860
AOI-0032,2012-04-15,70404,1,1,False,-1,0.000000000,0.000000000,inf,0.925925926,0.315396287
AOI-0032,2012-06-09,70404,1,2,True,0,1.000000000,1.000000000,1.000000000,0.744075829,0.592350727
AOI-0032,2012-07-04,70404,1,1,False,-1,0.000000000,0.000000000,inf,0.714285714,0.796311640
AOI-0032,2013-04-26,70404,1,1,True,0,1.000000000,1.000000000,1.000000000,0.935483871,0.283936267
AOI-0032,2013-06-05,70404,1,1,True,0,1.000000000,1.000000000,1.000000000,0.866666667,0.485094091
AOI-0032,2013-07-28,70404,2,2,True,0,1.000000000,1.000000000,1.000000000,0.536945813,0.717695279
AOI-0032,2013-08-07,70404,1,1,True,0,1.000000000,1.000000000,1.000000000,0.942857143,0.258640932
AOI-0032,2013-08-08,70404,1,1,True,0,1.000000000,1.000000000,1.000000000,0.935483871,0.283936267
AOI-0032,2014-04-07,70404,2,2,True,0,1.000000000,1.000000000,1.000000000,0.990867580,0.058305859
AOI-0032,2014-05-09,70404,2,2,True,0,1.000000000,1.000000000,1.000000000,0.990867580,0.058305859
AOI-0032,2014-08-13,70404,2,2,False,-1,0.000000000,0.000000000,inf,0.989743590,0.064285679
AOI-0032,2014-09-04,70404,1,1,False,-1,0.000000000,0.000000000,inf,0.913043478,0.355712860
AOI-0032,2014-10-16,70404,2,2,True,0,1.000000000,1.000000000,1.000000000,0.990521327,0.060162121
AOI-0032,2014-10-29,70404,1,1,True,0,1.000000000,1.000000000,1.000000000,0.966101695,0.171538761
AOI-0032,2015-04-24,70404,1,1,True,0,1.000000000,1.000000000,1.000000000,0.935483871,0.283936267
AOI-0032,2015-06-27,70404,1,1,True,0,1.000000000,1.000000000,1.000000000,0.925925926,0.315396287
AOI-0032,2015-08-30,70404,1,1,True,0,1.000000000,1.000000000,1.000000000,0.894736842,0.409458619
AOI-0032,2015-09-07,70404,1,1,True,0,1.000000000,1.000000000,1.000000000,0.935483871,0.283936267
AOI-0032,2015-10-09,70404,1,1,True,0,1.000000000,1.000000000,1.000000000,0.935483871,0.283936267
AOI-0032,2015-10-17,70404,1,1,True,0,1.000000000,1.000000000,1.000000000,0.935483871,0.283936267
AOI-0032,2016-04-17,70404,1,1,False,-1,0.000000000,0.000000000,inf,0.968253968,0.162764794
AOI-0032,2016-05-08,70404,2,2,True,0,1.000000000,1.000000000,1.000000000,0.895734597,0.353634640
AOI-0032,2016-05-24,70404,2,2,False,-1,0.000000000,0.000000000,inf,0.916279070,0.305727510
AOI-0032,2016-06-21,70404,1,1,True,0,1.000000000,1.000000000,1.000000000,0.935483871,0.283936267
AOI-0032,2016-09-13,70404,2,2,True,0,1.000000000,1.000000000,1.000000000,0.728643216,0.609627116
AOI-0032,2017-04-13,70404,0,0,False,-1,0.000000000,0.000000000,inf,0.853658537,0.447709041
AOI-0032,2017-07-19,70404,0,0,True,0,1.000000000,1.000000000,1.000000000,0.866666667,0.485094091
AOI-0032,2017-07-25,70404,1,0,True,0,1.000000000,1.000000000,1.000000000,0.589403974,0.710975581
AOI-0032,2017-09-04,70404,1,1,False,-1,0.000000000,0.000000000,inf,0.925925926,0.315396287
AOI-0032,2017-09-05,70404,0,0,True,0,1.000000000,1.000000000,1.000000000,0.975903614,0.130281794
AOI-0032,2017-09-11,70404,1,1,True,0,1.000000000,1.000000000,1.000000000,0.747126437,0.612228306
AOI-0032,2017-09-19,70404,1,1,False,-1,0.000000000,0.000000000,inf,0.968253968,0.162764794
AOI-0032,2018-05-09,70404,2,2,True,0,1.000000000,1.000000000,1.000000000,0.990521327,0.060162121
AOI-0032,2018-08-22,70404,1,1,False,-1,0.000000000,0.000000000,inf,0.925925926,0.315396287
AOI-0032,2018-09-05,70404,0,1,True,0,1.000000000,1.000000000,1.000000000,0.714285714,0.636181423
AOI-0032,2018-09-06,70404,1,1,False,-1,0.000000000,0.000000000,inf,0.966101695,0.171538761
AOI-0032,2018-10-09,70404,1,1,True,0,1.000000000,1.000000000,1.000000000,0.935483871,0.283936267
AOI-0032,2018-10-16,70404,2,2,True,0,1.000000000,1.000000000,1.000000000,0.753424658,0.581279608
AOI-0032,2019-04-18,70404,0,0,True,0,1.000000000,1.000000000,1.000000000,0.970149254,0.154913925
AOI-0032,2019-05-04,70404,1,1,True,0,1.000000000,1.000000000,1.000000000,0.822784810,0.512745141
AOI-0032,2019-05-21,70404,1,0,True,0,1.000000000,1.000000000,1.000000000,0.839572193,0.463824283
AOI-0032,2019-06-04,70404,0,1,True,0,1.000000000,1.000000000,1.000000000,0.770992366,0.571542733
AOI-0032,2019-07-02,70404,0,0,True,0,1.000000000,1.000000000,1.000000000,0.984251969,0.091909786
AOI-0032,2019-07-29,70404,0,1,True,0,1.000000000,1.000000000,1.000000000,0.756097561,0.591181657
AOI-0032,2019-08-08,70404,1,1,False,-1,0.000000000,0.000000000,inf,0.527272727,0.768724554
AOI-0032,2019-08-23,70404,1,1,False,-1,0.000000000,0.000000000,inf,0.843478261,0.467440026
AOI-0032,2019-09-01,70404,1,1,False,-1,0.000000000,0.000000000,inf,0.690140845,0.676283176
AOI-0032,2019-09-09,70404,1,1,True,0,1.000000000,1.000000000,1.000000000,0.966101695,0.171538761
AOI-0032,2019-09-12,70404,0,0,True,0,1.000000000,1.000000000,1.000000000,0.935483871,0.283936267
AOI-0032,2019-10-03,70404,1,1,False,-1,0.000000000,0.000000000,inf,0.966101695,0.171538761
AOI-0032,2020-05-29,70404,0,1,True,0,1.000000000,1.000000000,1.000000000,0.756097561,0.591181657
AOI-0032,2020-06-11,70404,0,0,True,0,1.000000000,1.000000000,1.000000000,0.981981982,0.102711110
AOI-0032,2020-06-16,70404,0,0,True,0,1.000000000,1.000000000,1.000000000,0.945945946,0.234638072
AOI-0032,2020-06-21,70404,0,0,True,0,1.000000000,1.000000000,1.000000000,0.481481481,0.825885633
AOI-0032,2020-06-25,70404,2,2,True,0,1.000000000,1.000000000,1.000000000,0.990697674,0.059218348
AOI-0032,2020-07-06,70404,0,0,True,0,1.000000000,1.000000000,1.000000000,0.777777778,0.556748955
AOI-0032,2020-07-11,70404,0,0,False,-1,0.000000000,0.000000000,inf,0.637209302,0.679891962
AOI-0032,2020-07-18,70404,0,0,False,-1,0.000000000,0.000000000,inf,0.925925926,0.315396287
AOI-0032,2020-08-17,70404,1,1,False,-1,0.000000000,0.000000000,inf,0.788617886,0.550242400
AOI-0032,2020-08-28,70404,2,2,False,-1,0.000000000,0.000000000,inf,0.936073059,0.254088226
AOI-0032,2020-09-04,70404,0,0,False,-1,0.000000000,0.000000000,inf,0.983193277,0.096986095
AOI-0032,2020-09-24,70404,0,0,True,0,1.000000000,1.000000000,1.000000000,0.732620321,0.606848823
AOI-0032,2020-10-19,70404,0,0,False,-1,0.000000000,0.000000000,inf,0.737373737,0.618600306
AOI-0032,2021-04-22,70404,0,0,False,-1,0.000000000,0.000000000,inf,0.679389313,0.663402731
AOI-0032,2021-06-06,70404,0,0,True,0,1.000000000,1.000000000,1.000000000,0.984251969,0.091909786
AOI-0032,2021-06-08,70404,0,0,True,0,1.000000000,1.000000000,1.000000000,0.617021277,0.747675135
AOI-0032,2021-06-11,70404,0,0,False,-1,0.000000000,0.000000000,inf,0.984732824,0.089580528
AOI-0032,2021-06-19,70404,1,0,True,0,1.000000000,1.000000000,1.000000000,0.824561404,0.490045290
AOI-0032,2021-07-16,70404,0,0,False,-1,0.000000000,0.000000000,inf,0.984251969,0.091909786
AOI-0032,2021-07-20,70404,1,1,True,0,1.000000000,1.000000000,1.000000000,0.970149254,0.154913925
AOI-0032,2021-09-04,70404,0,0,True,0,1.000000000,1.000000000,1.000000000,0.777777778,0.556748955
AOI-0032,2021-10-26,70404,0,0,False,-1,0.000000000,0.000000000,inf,0.913043478,0.355712860
AOI-0032,2022-04-07,70404,0,0,True,0,1.000000000,1.000000000,1.000000000,0.637209302,0.882569405
AOI-0032,2022-04-11,70404,1,1,True,0,1.000000000,1.000000000,1.000000000,0.935483871,0.283936267
AOI-0032,2022-06-26,70404,2,2,True,0,1.000000000,1.000000000,1.000000000,0.899543379,0.379925835
AOI-0032,2022-07-15,70404,1,1,True,0,1.000000000,1.000000000,1.000000000,0.968253968,0.162764794
AOI-0032,2022-07-24,70404,1,0,True,0,1.000000000,1.000000000,1.000000000,0.698324022,0.640097043
AOI-0032,2022-07-28,70404,0,2,True,0,1.000000000,1.000000000,1.000000000,0.579487179,0.953656615
AOI-0032,2022-08-30,70404,0,0,True,0,1.000000000,1.000000000,1.000000000,0.630331754,0.684135614
AOI-0032,2022-09-08,70404,1,1,False,-1,0.000000000,0.000000000,inf,0.985185185,0.087375267
AOI-0032,2022-09-18,70404,1,1,True,0,1.000000000,1.000000000,1.000000000,0.978947368,0.116700546
AOI-0032,2023-06-17,70404,1,1,False,-1,0.000000000,0.000000000,inf,0.714285714,0.691150438
AOI-0032,2023-06-25,70404,1,1,True,0,1.000000000,1.000000000,1.000000000,0.957446809,0.205470750
AOI-0032,2023-07-06,70404,0,0,True,0,1.000000000,1.000000000,1.000000000,0.985185185,0.087375267
AOI-0032,2023-07-18,70404,0,1,True,0,1.000000000,1.000000000,1.000000000,0.611940299,0.731135151
AOI-0032,2023-07-23,70404,0,0,True,0,1.000000000,1.000000000,1.000000000,0.641025641,0.745196588
AOI-0032,2023-07-27,70404,1,1,True,0,1.000000000,1.000000000,1.000000000,0.870503597,0.413212905
AOI-0032,2023-08-11,70404,1,1,True,0,1.000000000,1.000000000,1.000000000,0.859154930,0.452280906
AOI-0032,2023-08-18,70404,1,0,True,0,1.000000000,1.000000000,1.000000000,0.693023256,0.640762809
AOI-0032,2023-08-28,70404,1,0,True,0,1.000000000,1.000000000,1.000000000,0.796791444,0.529547321
AOI-0032,2023-10-16,70404,0,2,True,0,1.000000000,1.000000000,1.000000000,0.711627907,0.720138053
AOI-0032,2023-10-23,70404,1,1,True,0,1.000000000,1.000000000,1.000000000,0.913043478,0.355712860
AOI-0032,2024-04-28,70404,1,1,False,-1,0.000000000,0.000000000,inf,0.627118644,0.729419919
AOI-0032,2024-05-08,70404,2,2,True,0,1.000000000,1.000000000,1.000000000,0.913043478,0.314096510
AOI-0032,2024-05-09,70404,1,0,True,0,1.000000000,1.000000000,1.000000000,0.660377358,0.672103522
AOI-0032,2024-06-19,70404,1,1,True,0,1.000000000,1.000000000,1.000000000,0.935483871,0.283936267
AOI-0032,2024-06-30,70404,0,0,True,0,1.000000000,1.000000000,1.000000000,0.984251969,0.091909786
AOI-0032,2024-07-10,70404,0,0,False,-1,0.000000000,0.000000000,inf,0.622377622,0.697711006
AOI-0032,2024-07-20,70404,0,0,True,0,1.000000000,1.000000000,1.000000000,0.983739837,0.094374144
AOI-0032,2024-09-06,70404,1,0,True,0,1.000000000,1.000000000,1.000000000,0.723076923,0.615560502
AOI-0032,2024-09-28,70404,0,0,True,0,1.000000000,1.000000000,1.000000000,0.675392670,0.657094863
AOI-0032,2024-09-29,70404,1,1,False,-1,0.000000000,0.000000000,inf,0.487437186,0.923772420
AOI-0032,2024-10-25,70404,0,0,True,0,1.000000000,1.000000000,1.000000000,0.806451613,0.578532844
AOI-0032,2025-04-16,70404,0,0,True,0,2.000000000,1.000000000,1.000000000,0.693251534,0.646547636
AOI-0032,2025-04-23,70404,0,2,True,0,1.000000000,1.000000000,1.000000000,0.655172414,0.882638756
AOI-0032,2025-06-04,70404,0,1,True,0,2.000000000,1.000000000,1.000000000,0.777777778,0.562182809
AOI-0032,2025-06-13,70404,1,0,True,0,1.000000000,1.000000000,1.000000000,0.659863946,0.674472318
AOI-0032,2025-07-08,70404,1,0,True,0,2.000000000,1.000000000,1.000000000,0.863874346,0.420059298
AOI-0032,2025-07-16,70404,1,1,True,0,2.000000000,1.000000000,1.000000000,0.617021277,0.747675135
AOI-0032,2025-07-23,70404,1,0,True,0,2.000000000,1.000000000,1.000000000,0.766871166,0.571399404
AOI-0032,2025-07-24,70404,1,1,True,0,1.000000000,1.000000000,1.000000000,0.913043478,0.355712860
AOI-0032,2025-08-01,70404,0,0,True,0,2.000000000,1.000000000,1.000000000,0.600000000,0.775939123
AOI-0032,2025-08-25,70404,1,1,True,0,1.000000000,1.000000000,1.000000000,0.942857143,0.258640932
AOI-0032,2025-10-16,70404,2,0,True,0,2.000000000,1.000000000,1.000000000,0.534246575,0.781909607
AOI-0033,2025-05-01,70404,0,0,True,0,2.000000000,1.000000000,1.000000000,0.889361702,0.365884432
AOI-0033,2025-05-16,70404,0,0,True,0,2.000000000,1.000000000,1.000000000,0.986013986,0.083298165
AOI-0033,2025-05-23,70404,0,0,True,0,2.000000000,1.000000000,1.000000000,0.953488372,0.220352331
AOI-0033,2025-06-05,70404,0,0,True,0,2.000000000,1.000000000,1.000000000,0.985185185,0.087375267
AOI-0033,2025-06-17,70404,0,0,True,0,2.000000000,1.000000000,1.000000000,0.960784314,0.192625738
AOI-0033,2025-06-26,70404,2,2,True,0,1.000000000,1.000000000,1.000000000,0.990338164,0.061138862
AOI-0033,2025-06-27,70404,0,0,True,0,2.000000000,1.000000000,1.000000000,0.661538462,0.666584314
AOI-0033,2025-08-14,70404,0,0,True,0,1.000000000,1.000000000,1.000000000,0.668874172,0.667436348
AOI-0033,2025-08-29,70404,0,0,True,0,2.000000000,1.000000000,1.000000000,0.992277992,0.050601985
AOI-0033,2025-09-01,70404,1,0,True,0,2.000000000,1.000000000,1.000000000,0.714285714,0.620702664
AOI-0033,2025-10-03,70404,0,0,True,0,2.000000000,1.000000000,1.000000000,0.931034483,0.282027991
AOI-0034,2025-04-16,70404,0,0,True,0,2.000000000,1.000000000,1.000000000,0.693251534,0.646547636
AOI-0034,2025-05-15,70404,0,0,True,0,2.000000000,1.000000000,1.000000000,0.957446809,0.205470750
AOI-0034,2025-06-04,70404,0,1,True,0,1.000000000,1.000000000,1.000000000,0.777777778,0.562182809
AOI-0034,2025-06-26,70404,2,2,True,0,1.000000000,1.000000000,1.000000000,0.990338164,0.061138862
AOI-0034,2025-07-08,70404,1,0,True,0,2.000000000,1.000000000,1.000000000,0.863874346,0.420059298
AOI-0034,2025-08-16,70404,0,0,True,0,2.000000000,1.000000000,1.000000000,0.984251969,0.091909786
AOI-0034,2025-09-08,70404,0,0,True,0,1.000000000,1.000000000,1.000000000,0.931034483,0.268700917
AOI-0034,2025-09-14,70404,2,2,True,0,2.000000000,1.000000000,1.000000000,0.774058577,0.555161045
AOI-0034,2025-09-25,70404,0,0,True,0,2.000000000,1.000000000,1.000000000,0.853658537,0.447709041
AOI-0034,2025-10-05,70404,0,0,True,0,2.000000000,1.000000000,1.000000000,0.971830986,0.147843978
AOI-0035,2025-04-05,70404,0,0,True,0,2.000000000,1.000000000,1.000000000,0.953488372,0.220352331
AOI-0035,2025-04-18,70404,0,0,True,0,2.000000000,1.000000000,1.000000000,0.985611511,0.085284100
AOI-0035,2025-04-25,70404,0,0,True,0,1.000000000,1.000000000,1.000000000,0.647058824,0.724975116
AOI-0035,2025-06-04,70404,0,1,True,0,1.000000000,1.000000000,1.000000000,0.777777778,0.562182809
AOI-0035,2025-06-22,70404,0,0,True,0,2.000000000,1.000000000,1.000000000,0.894736842,0.409458619
AOI-0035,2025-08-25,70404,1,1,True,0,2.000000000,1.000000000,1.000000000,0.942857143,0.258640932
AOI-0035,2025-09-08,70404,0,0,True,1,1.000000000,1.000000000,2.000000000,0.931034483,0.268700917
AOI-0035,2025-09-13,70404,0,0,True,2,2.000000000,1.000000000,3.000000000,0.986013986,0.083298165
AOI-0035,2025-10-03,70404,0,0,False,-1,0.000000000,0.000000000,1.000000000,0.931034483,0.282027991
AOI-0035,2025-10-16,70404,2,0,True,0,1.000000000,1.000000000,1.000000000,0.534246575,0.781909607
AOI-0035,2025-10-27,70404,1,1,True,0,1.000000000,1.000000000,1.000000000,0.971830986,0.147843978
AOI-0036,2025-04-28,70404,0,0,True,0,1.000000000,1.000000000,1.000000000,0.975903614,0.130281794
AOI-0036,2025-05-04,70404,1,0,True,0,1.000000000,1.000000000,1.000000000,0.681159420,0.651026440
AOI-0036,2025-05-20,70404,1,1,True,1,1.000000000,1.000000000,2.000000000,0.960784314,0.192625738
AOI-0036,2025-06-25,70404,0,0,True,2,2.000000000,1.000000000,3.000000000,0.960784314,0.192625738
AOI-0036,2025-07-08,70404,1,0,True,0,1.000000000,1.000000000,1.000000000,0.863874346,0.420059298
AOI-0036,2025-07-15,70404,0,0,True,0,1.000000000,1.000000000,1.000000000,0.952755906,0.211605625
AOI-0036,2025-07-24,70404,1,1,True,0,1.000000000,1.000000000,1.000000000,0.913043478,0.355712860
AOI-0036,2025-08-14,70404,0,0,True,0,1.000000000,1.000000000,1.000000000,0.668874172,0.667436348
AOI-0036,2025-09-08,70404,0,0,True,2,2.000000000,1.000000000,3.000000000,0.931034483,0.268700917
AOI-0036,2025-09-14,70404,2,2,True,0,1.000000000,1.000000000,1.000000000,0.774058577,0.555161045
AOI-0036,2025-09-23,70404,0,0,True,0,1.000000000,1.000000000,1.000000000,0.638766520,0.677915770
AOI-0036,2025-10-27,70404,1,1,True,1,1.000000000,1.000000000,2.000000000,0.971830986,0.147843978
AOI-0037,2025-04-18,70404,0,0,True,0,1.000000000,1.000000000,1.000000000,0.985611511,0.085284100
AOI-0037,2025-05-06,70404,0,0,True,0,1.000000000,1.000000000,1.000000000,0.986754967,0.079610965
AOI-0037,2025-05-20,70404,1,1,True,0,1.000000000,1.000000000,1.000000000,0.960784314,0.192625738
AOI-0037,2025-06-06,70404,1,1,True,2,1.000000000,1.000000000,4.000000000,0.538461538,0.789212978
AOI-0037,2025-07-05,70404,0,0,True,0,1.000000000,1.000000000,1.000000000,0.737142857,0.603553904
AOI-0037,2025-07-12,70404,0,2,True,0,1.000000000,1.000000000,1.000000000,0.603524229,0.944804484
AOI-0037,2025-07-15,70404,1,0,True,1,1.000000000,1.000000000,2.000000000,0.952755906,0.211605625
AOI-0037,2025-08-23,70404,0,1,True,0,1.000000000,1.000000000,1.000000000,0.697841727,0.646679547
AOI-0037,2025-08-25,70404,1,1,True,0,1.000000000,1.000000000,1.000000000,0.942857143,0.258640932
AOI-0037,2025-10-23,70404,0,0,True,2,2.000000000,1.000000000,3.000000000,0.953488372,0.220352331
AOI-0038,2025-05-26,70404,0,0,True,0,2.000000000,1.000000000,1.000000000,0.777777778,0.629830912
AOI-0038,2025-06-05,70404,0,0,True,0,2.000000000,1.000000000,1.000000000,0.985185185,0.087375267
AOI-0038,2025-06-06,70404,1,1,True,2,2.000000000,1.000000000,3.000000000,0.538461538,0.789212978
AOI-0038,2025-07-08,70404,1,0,True,0,2.000000000,1.000000000,1.000000000,0.863874346,0.420059298
AOI-0038,2025-07-16,70404,1,1,True,0,2.000000000,1.000000000,1.000000000,0.617021277,0.747675135
AOI-0038,2025-07-24,70404,1,1,True,0,1.000000000,1.000000000,1.000000000,0.913043478,0.355712860
AOI-0038,2025-07-25,70404,0,0,True,0,1.000000000,1.000000000,1.000000000,0.985185185,0.087375267
AOI-0038,2025-08-13,70404,2,2,True,0,2.000000000,1.000000000,1.000000000,0.748987854,0.584169173
AOI-0038,2025-09-12,70404,0,0,True,2,2.000000000,1.000000000,3.000000000,0.942857143,0.258640932
AOI-0038,2025-10-04,70404,1,1,True,0,2.000000000,1.000000000,1.000000000,0.694915254,0.680569959
AOI-0038,2025-10-23,70404,0,0,True,1,1.000000000,1.000000000,2.000000000,0.953488372,0.220352331
AOI-0039,2025-04-03,70404,0,1,True,0,1.000000000,1.000000000,1.000000000,0.600000000,0.853236151
AOI-0039,2025-04-28,70404,0,0,True,0,2.000000000,1.000000000,1.000000000,0.975903614,0.130281794
AOI-0039,2025-05-16,70404,0,0,True,0,2.000000000,1.000000000,1.000000000,0.986013986,0.083298165
AOI-0039,2025-06-04,70404,0,1,True,0,1.000000000,1.000000000,1.000000000,0.777777778,0.562182809
AOI-0039,2025-06-27,70404,0,0,True,0,2.000000000,1.000000000,1.000000000,0.661538462,0.666584314
AOI-0039,2025-08-14,70404,0,0,True,0,1.000000000,1.000000000,1.000000000,0.668874172,0.667436348
AOI-0039,2025-09-02,70404,1,1,True,0,1.000000000,1.000000000,1.000000000,0.948717949,0.237819011
AOI-0039,2025-09-15,70404,0,0,True,0,2.000000000,1.000000000,1.000000000,0.642512077,0.677549840
AOI-0039,2025-10-02,70404,0,1,True,0,1.000000000,1.000000000,1.000000000,0.832061069,0.483656175
AOI-0039,2025-10-08,70404,0,0,True,0,1.000000000,1.000000000,1.000000000,0.989304813,0.066585474
AOI-0039,2025-10-16,70404,2,0,True,0,1.000000000,1.000000000,1.000000000,0.534246575,0.781909607
AOI-0040,2025-04-19,70404,1,0,True,0,2.000000000,1.000000000,1.000000000,0.804651163,0.515866398
AOI-0040,2025-04-25,70404,0,0,True,0,2.000000000,1.000000000,1.000000000,0.647058824,0.724975116
AOI-0040,2025-05-04,70404,1,0,True,1,1.000000000,1.000000000,2.000000000,0.681159420,0.651026440
AOI-0040,2025-06-04,70404,0,1,True,0,1.000000000,1.000000000,1.000000000,0.777777778,0.562182809
AOI-0040,2025-06-05,70404,0,0,True,0,2.000000000,1.000000000,1.000000000,0.985185185,0.087375267
AOI-0040,2025-06-06,70404,1,1,True,0,1.000000000,1.000000000,1.000000000,0.538461538,0.789212978
AOI-0040,2025-07-07,70404,0,0,True,0,2.000000000,1.000000000,1.000000000,0.984251969,0.091909786
AOI-0040,2025-08-01,70404,1,0,True,0,1.000000000,1.000000000,1.000000000,0.600000000,0.775939123
AOI-0040,2025-08-19,70404,0,0,True,0,1.000000000,1.000000000,1.000000000,0.990867580,0.058305859
AOI-0040,2025-08-29,70404,0,0,True,0,2.000000000,1.000000000,1.000000000,0.992277992,0.050601985
AOI-0040,2025-08-31,70404,0,1,True,0,1.000000000,1.000000000,1.000000000,0.747899160,0.601474619
AOI-0041,2025-04-03,70404,1,1,True,0,1.000000000,1.000000000,1.000000000,0.600000000,0.853236151
AOI-0041,2025-04-16,70404,0,0,True,0,2.000000000,1.000000000,1.000000000,0.693251534,0.646547636
AOI-0041,2025-04-28,70404,0,0,True,0,1.000000000,1.000000000,1.000000000,0.975903614,0.130281794
AOI-0041,2025-05-04,70404,0,0,True,1,1.000000000,1.000000000,2.000000000,0.681159420,0.651026440
AOI-0041,2025-06-26,70404,2,2,True,0,2.000000000,1.000000000,1.000000000,0.990338164,0.061138862
AOI-0041,2025-07-08,70404,1,0,True,0,1.000000000,1.000000000,1.000000000,0.863874346,0.420059298
AOI-0041,2025-08-01,70404,1,0,True,0,1.000000000,1.000000000,1.000000000,0.600000000,0.775939123
AOI-0041,2025-08-09,70404,0,0,True,0,1.000000000,1.000000000,1.000000000,0.988304094,0.071763657
AOI-0041,2025-08-31,70404,0,1,True,0,1.000000000,1.000000000,1.000000000,0.747899160,0.601474619
AOI-0041,2025-09-02,70404,1,1,True,0,2.000000000,1.000000000,1.000000000,0.948717949,0.237819011
AOI-0041,2025-09-26,70404,1,0,True,0,2.000000000,1.000000000,1.000000000,0.838862559,0.462932768
AOI-0041,2025-10-27,70404,1,1,True,0,2.000000000,1.000000000,1.000000000,0.971830986,0.147843978
AOI-0042,2025-04-28,70404,0,0,True,1,1.000000000,1.000000000,2.000000000,0.975903614,0.130281794
AOI-0042,2025-06-10,70404,0,0,True,0,2.000000000,1.000000000,1.000000000,0.534246575,0.716462038
AOI-0042,2025-06-14,70404,1,1,True,0,1.000000000,1.000000000,1.000000000,0.894736842,0.409458619
AOI-0042,2025-06-21,70404,1,1,True,0,1.000000000,1.000000000,1.000000000,0.783132530,0.569445434
AOI-0042,2025-07-07,70404,0,0,True,0,1.000000000,1.000000000,1.000000000,0.984251969,0.091909786
AOI-0042,2025-07-28,70404,2,0,True,1,4.000000000,0.750000000,1.000000000,0.679653680,0.650062167
AOI-0042,2025-07-30,70404,0,0,True,0,2.000000000,1.000000000,1.000000000,0.992156863,0.051273190
AOI-0042,2025-08-09,70404,0,0,True,1,1.000000000,1.000000000,2.000000000,0.988304094,0.071763657
AOI-0042,2025-09-23,70404,0,0,True,0,1.000000000,1.000000000,1.000000000,0.638766520,0.677915770
AOI-0042,2025-09-28,70404,0,0,True,0,2.000000000,1.000000000,1.000000000,0.975903614,0.130281794
AOI-0042,2025-09-30,70404,2,2,True,0,1.000000000,1.000000000,1.000000000,0.874396135,0.398419961
AOI-0043,2025-04-28,70404,0,0,True,1,1.000000000,1.000000000,2.000000000,0.975903614,0.130281794
AOI-0043,2025-05-24,70404,0,0,False,-1,0.000000000,0.000000000,inf,0.986013986,0.083298165
AOI-0043,2025-07-08,70404,1,0,True,0,1.000000000,1.000000000,1.000000000,0.863874346,0.420059298
AOI-0043,2025-08-07,70404,1,0,True,0,1.000000000,1.000000000,1.000000000,0.842931937,0.457730591
AOI-0043,2025-08-14,70404,0,0,True,0,1.000000000,1.000000000,1.000000000,0.668874172,0.667436348
AOI-0043,2025-08-15,70404,1,1,True,0,1.000000000,1.000000000,1.000000000,0.886178862,0.383718820
AOI-0043,2025-08-23,70404,1,1,False,-1,0.000000000,0.000000000,1.000000000,0.697841727,0.646679547
AOI-0043,2025-09-06,70404,0,0,True,2,1.000000000,1.000000000,4.000000000,0.670886076,0.687202700
AOI-0043,2025-09-08,70404,0,0,True,0,2.000000000,1.000000000,1.000000000,0.931034483,0.268700917
AOI-0043,2025-09-23,70404,0,0,True,1,2.000000000,1.000000000,2.000000000,0.638766520,0.677915770
AOI-0043,2025-10-16,70404,2,0,True,0,2.000000000,1.000000000,1.000000000,0.534246575,0.781909607
AOI-0043,2025-10-23,70404,0,0,True,0,2.000000000,1.000000000,1.000000000,0.953488372,0.220352331
AOI-0044,2010-06-04,70404,1,1,True,1,1.000000000,1.000000000,2.000000000,0.966101695,0.171538761
AOI-0044,2010-08-31,70404,1,1,True,1,1.000000000,1.000000000,2.000000000,0.970149254,0.154913925
AOI-0044,2010-09-14,70404,2,2,False,-1,0.000000000,0.000000000,inf,0.990338164,0.061138862
AOI-0044,2010-10-26,70404,1,1,True,1,1.000000000,1.000000000,2.000000000,0.968253968,0.162764794
AOI-0044,2011-06-22,70404,1,1,True,1,1.000000000,1.000000000,2.000000000,0.982608696,0.099759750
AOI-0044,2011-06-23,70404,1,1,True,1,1.000000000,1.000000000,2.000000000,0.942857143,0.258640932
AOI-0044,2011-06-30,70404,1,1,False,-1,0.000000000,0.000000000,inf,0.953488372,0.220352331
AOI-0044,2011-07-09,70404,1,1,True,1,1.000000000,1.000000000,2.000000000,0.966101695,0.171538761
AOI-0044,2011-08-10,70404,1,1,True,1,1.000000000,1.000000000,2.000000000,0.970149254,0.154913925
AOI-0044,2011-09-27,70404,1,1,False,-1,0.000000000,0.000000000,inf,0.960784314,0.192625738
AOI-0044,2012-05-24,70404,2,2,True,1,1.000000000,1.000000000,2.000000000,0.990521327,0.060162121
AOI-0044,2012-07-11,70404,2,2,True,1,1.000000000,1.000000000,2.000000000,0.990521327,0.060162121
AOI-0044,2012-07-18,70404,1,1,True,1,1.000000000,1.000000000,2.000000000,0.980582524,0.109222462
AOI-0044,2013-06-11,70404,1,1,False,-1,0.000000000,0.000000000,inf,0.979797980,0.112827275
AOI-0044,2013-06-26,70404,2,2,True,5,2.000000000,1.000000000,23.000000000,0.576354680,0.708281313
AOI-0044,2013-07-13,70404,1,1,True,1,1.000000000,1.000000000,2.000000000,0.981981982,0.102711110
AOI-0044,2013-07-14,70404,1,1,True,5,2.000000000,1.000000000,23.000000000,0.966101695,0.171538761
AOI-0044,2013-09-30,70404,2,2,True,1,1.000000000,1.000000000,2.000000000,0.748837209,0.586770241
AOI-0044,2014-04-23,70404,2,2,True,1,1.000000000,1.000000000,2.000000000,0.990697674,0.059218348
AOI-0044,2014-05-14,70404,1,1,True,1,1.000000000,1.000000000,2.000000000,0.894736842,0.409458619
AOI-0044,2014-05-21,70404,1,1,True,1,1.000000000,1.000000000,2.000000000,0.982608696,0.099759750
AOI-0044,2014-06-26,70404,2,2,True,1,1.000000000,1.000000000,2.000000000,0.990147783,0.062150380
AOI-0044,2014-09-26,70404,1,1,True,1,1.000000000,1.000000000,2.000000000,0.974683544,0.135612188
AOI-0044,2014-10-16,70404,2,2,True,5,1.000000000,1.000000000,23.000000000,0.990521327,0.060162121
AOI-0044,2015-05-09,70404,2,2,True,5,1.000000000,1.000000000,24.000000000,0.990338164,0.061138862
AOI-0044,2015-06-02,70404,1,1,True,1,1.000000000,1.000000000,2.000000000,0.963636364,0.181415523
AOI-0044,2015-07-20,70404,1,1,True,5,1.000000000,1.000000000,24.000000000,0.966101695,0.171538761
AOI-0044,2015-09-06,70404,1,1,True,1,1.000000000,1.000000000,2.000000000,0.968253968,0.162764794
AOI-0044,2015-09-29,70404,1,1,True,1,1.000000000,1.000000000,2.000000000,0.979797980,0.112827275
AOI-0044,2016-05-02,70404,1,1,True,5,1.000000000,1.000000000,23.000000000,0.971830986,0.147843978
AOI-0044,2016-05-18,70404,1,1,True,5,1.000000000,1.000000000,24.000000000,0.978947368,0.116700546
AOI-0044,2016-07-06,70404,1,1,True,1,1.000000000,1.000000000,2.000000000,0.970149254,0.154913925
AOI-0044,2016-07-11,70404,2,2,True,5,2.000000000,1.000000000,23.000000000,0.916279070,0.305727510
AOI-0044,2016-07-30,70404,1,1,True,5,2.000000000,1.000000000,23.000000000,0.960784314,0.192625738
AOI-0044,2016-08-12,70404,2,2,True,1,1.000000000,1.000000000,2.000000000,0.758454106,0.576536252
AOI-0044,2017-05-30,70404,1,1,True,1,1.000000000,1.000000000,2.000000000,0.966101695,0.171538761
AOI-0044,2017-07-28,70404,2,2,True,1,1.000000000,1.000000000,2.000000000,0.990147783,0.062150380
AOI-0044,2017-08-13,70404,2,2,True,1,1.000000000,1.000000000,2.000000000,0.852216749,0.440442309
AOI-0044,2017-08-17,70404,1,1,True,1,1.000000000,1.000000000,2.000000000,0.870503597,0.413212905
AOI-0044,2017-08-26,70404,1,0,True,1,1.000000000,1.000000000,2.000000000,0.773913043,0.571362280
AOI-0044,2017-09-18,70404,1,0,True,5,2.000000000,1.000000000,23.000000000,0.824561404,0.490045290
AOI-0044,2017-09-20,70404,0,0,True,1,1.000000000,1.000000000,2.000000000,0.984732824,0.089580528
AOI-0044,2017-09-27,70404,1,1,True,5,1.000000000,1.000000000,24.000000000,0.960784314,0.192625738
AOI-0044,2018-05-01,70404,1,0,True,1,1.000000000,1.000000000,2.000000000,0.709251101,0.625649245
AOI-0044,2018-05-25,70404,1,2,True,5,1.000000000,1.000000000,24.000000000,0.777777778,0.552980074
AOI-0044,2018-06-07,70404,0,1,True,1,1.000000000,1.000000000,2.000000000,0.609195402,0.720963050
AOI-0044,2018-06-25,70404,1,1,False,-1,0.000000000,0.000000000,inf,0.970149254,0.154913925
AOI-0044,2018-08-13,70404,2,2,True,1,1.000000000,1.000000000,2.000000000,0.990867580,0.058305859
AOI-0044,2018-10-07,70404,1,1,True,1,1.000000000,1.000000000,2.000000000,0.807407407,0.521357632
AOI-0044,2018-10-24,70404,1,1,False,-1,0.000000000,0.000000000,inf,0.913043478,0.355712860
AOI-0044,2019-06-21,70404,1,1,True,1,1.000000000,1.000000000,2.000000000,0.963636364,0.181415523
AOI-0044,2019-06-27,70404,0,0,True,1,1.000000000,1.000000000,2.000000000,0.668341709,0.661387204
AOI-0044,2019-07-28,70404,2,2,True,1,1.000000000,1.000000000,2.000000000,0.748837209,0.731448151
AOI-0044,2019-08-06,70404,0,0,True,5,2.000000000,1.000000000,23.000000000,0.702564103,0.634582589
AOI-0044,2019-08-08,70404,1,1,True,1,1.000000000,1.000000000,2.000000000,0.527272727,0.768724554
AOI-0044,2019-08-11,70404,0,0,True,1,1.000000000,1.000000000,2.000000000,0.985611511,0.085284100
AOI-0044,2019-08-21,70404,0,0,True,1,1.000000000,1.000000000,2.000000000,0.766871166,0.571399404
AOI-0044,2019-08-29,70404,2,0,True,1,1.000000000,1.000000000,2.000000000,0.714285714,0.623155167
AOI-0044,2019-09-01,70404,1,1,True,5,1.000000000,1.000000000,23.000000000,0.690140845,0.676283176
AOI-0044,2019-09-14,70404,2,2,True,1,1.000000000,1.000000000,2.000000000,0.757847534,0.575878703
AOI-0044,2020-04-07,70404,0,0,True,5,1.000000000,1.000000000,24.000000000,0.984732824,0.089580528
AOI-0044,2020-06-14,70404,1,0,True,1,1.000000000,1.000000000,2.000000000,0.611510791,0.703892435
AOI-0044,2020-06-25,70404,2,2,True,1,1.000000000,1.000000000,2.000000000,0.990697674,0.059218348
AOI-0044,2020-07-16,70404,0,0,True,1,1.000000000,1.000000000,2.000000000,0.951219512,0.216887283
AOI-0044,2020-07-27,70404,2,2,True,1,1.000000000,1.000000000,2.000000000,0.887179487,0.373233317
AOI-0044,2020-08-17,70404,1,1,True,5,2.000000000,1.000000000,23.000000000,0.788617886,0.550242400
AOI-0044,2020-08-20,70404,0,0,True,1,1.000000000,1.000000000,2.000000000,0.985611511,0.085284100
AOI-0044,2020-09-03,70404,1,1,True,1,1.000000000,1.000000000,2.000000000,0.968253968,0.162764794
AOI-0044,2020-09-11,70404,1,0,True,1,1.000000000,1.000000000,2.000000000,0.492537313,0.760371738
AOI-0044,2021-06-18,70404,1,1,True,1,1.000000000,1.000000000,2.000000000,0.523809524,0.761605701
AOI-0044,2021-08-28,70404,1,0,True,5,2.000000000,1.000000000,23.000000000,0.828571429,0.483197564
AOI-0044,2021-08-30,70404,0,0,True,1,1.000000000,1.000000000,2.000000000,0.985185185,0.087375267
AOI-0044,2021-09-09,70404,0,0,True,1,1.000000000,1.000000000,2.000000000,0.985611511,0.085284100
AOI-0044,2021-09-14,70404,0,0,True,1,1.000000000,1.000000000,2.000000000,0.584541063,0.705105205
AOI-0044,2021-10-14,70404,0,0,True,1,1.000000000,1.000000000,2.000000000,0.877551020,0.398048730
AOI-0044,2022-04-10,70404,1,0,True,1,1.000000000,1.000000000,2.000000000,0.584905660,0.711250583
AOI-0044,2022-04-12,70404,0,0,True,1,1.000000000,1.000000000,2.000000000,0.970149254,0.154913925
AOI-0044,2022-04-17,70404,1,1,True,1,1.000000000,1.000000000,2.000000000,0.693693694,0.656757526
AOI-0044,2022-04-27,70404,0,0,False,-1,0.000000000,0.000000000,inf,0.980582524,0.109222462
AOI-0044,2022-05-25,70404,2,2,True,1,1.000000000,1.000000000,2.000000000,0.649289100,0.777698984
AOI-0044,2022-06-21,70404,1,0,True,1,1.000000000,1.000000000,2.000000000,0.890109890,0.382008927
AOI-0044,2022-07-01,70404,0,0,True,1,1.000000000,1.000000000,2.000000000,0.984251969,0.091909786
AOI-0044,2022-07-06,70404,0,0,True,1,1.000000000,1.000000000,2.000000000,0.985185185,0.087375267
AOI-0044,2022-08-23,70404,1,0,True,1,1.000000000,1.000000000,2.000000000,0.847953216,0.451030292
AOI-0044,2023-04-23,70404,2,2,True,1,1.000000000,1.000000000,2.000000000,0.990697674,0.059218348
AOI-0044,2023-05-17,70404,0,0,True,1,1.000000000,1.000000000,2.000000000,0.921259843,0.301278649
AOI-0044,2023-05-31,70404,1,1,True,1,1.000000000,1.000000000,2.000000000,0.966101695,0.171538761
AOI-0044,2023-06-21,70404,0,0,False,-1,0.000000000,0.000000000,inf,0.726618705,0.619861451
AOI-0044,2023-07-06,70404,0,0,True,1,1.000000000,1.000000000,2.000000000,0.985185185,0.087375267
AOI-0044,2023-07-17,70404,1,1,True,1,1.000000000,1.000000000,2.000000000,0.694915254,0.680569959
AOI-0044,2023-08-15,70404,0,0,True,5,1.000000000,1.000000000,23.000000000,0.983193277,0.096986095
AOI-0044,2023-08-19,70404,1,1,True,1,1.000000000,1.000000000,2.000000000,0.970149254,0.154913925
AOI-0044,2023-09-14,70404,0,2,True,1,1.000000000,1.000000000,2.000000000,0.525581395,0.717977583
AOI-0044,2023-10-22,70404,1,0,True,5,2.000000000,1.000000000,23.000000000,0.514563107,0.740314755
AOI-0044,2024-04-26,70404,0,0,True,1,1.000000000,1.000000000,2.000000000,0.963636364,0.181415523
AOI-0044,2024-05-06,70404,0,0,True,1,1.000000000,1.000000000,2.000000000,0.748633880,0.590157197
AOI-0044,2024-05-25,70404,1,1,True,1,1.000000000,1.000000000,2.000000000,0.968253968,0.162764794
AOI-0044,2024-06-01,70404,1,1,False,-1,0.000000000,0.000000000,inf,0.721518987,0.643006163
AOI-0044,2024-06-25,70404,2,2,False,-1,0.000000000,0.000000000,23.000000000,0.488372093,0.878744338
AOI-0044,2024-08-19,70404,0,0,True,1,1.000000000,1.000000000,2.000000000,0.674876847,0.656198297
AOI-0044,2024-09-08,70404,0,0,True,1,1.000000000,1.000000000,2.000000000,0.983193277,0.096986095
AOI-0044,2024-09-18,70404,0,0,True,1,1.000000000,1.000000000,2.000000000,0.983739837,0.094374144
AOI-0044,2024-09-23,70404,0,0,True,1,1.000000000,1.000000000,2.000000000,0.802816901,0.547211371
AOI-0044,2025-04-17,70404,1,1,True,0,2.000000000,1.000000000,1.000000000,0.823129252,0.495449242
AOI-0044,2025-04-18,70404,0,0,True,0,2.000000000,1.000000000,1.000000000,0.985611511,0.085284100
AOI-0044,2025-05-03,70404,1,1,True,0,2.000000000,1.000000000,1.000000000,0.978021978,0.120874486
AOI-0044,2025-05-27,70404,1,1,True,0,2.000000000,1.000000000,1.000000000,0.978021978,0.120874486
AOI-0044,2025-06-17,70404,0,0,True,1,1.000000000,1.000000000,2.000000000,0.960784314,0.192625738
AOI-0044,2025-06-25,70404,0,0,True,2,1.000000000,1.000000000,4.000000000,0.960784314,0.192625738
AOI-0044,2025-07-12,70404,2,2,True,0,2.000000000,1.000000000,1.000000000,0.603524229,0.944804484
AOI-0044,2025-07-22,70404,1,1,True,0,2.000000000,1.000000000,1.000000000,0.642105263,0.699686836
AOI-0044,2025-09-01,70404,1,0,True,2,7.000000000,0.714285714,1.000000000,0.714285714,0.620702664
AOI-0044,2025-10-02,70404,1,1,True,0,2.000000000,1.000000000,1.000000000,0.832061069,0.483656175
AOI-0044,2025-10-27,70404,1,1,True,0,1.000000000,1.000000000,1.000000000,0.971830986,0.147843978
AOI-0045,2025-04-25,70404,1,0,True,0,2.000000000,1.000000000,1.000000000,0.647058824,0.724975116
AOI-0045,2025-05-08,70404,0,0,True,0,2.000000000,1.000000000,1.000000000,0.973333333,0.141440924
AOI-0045,2025-06-04,70404,1,1,True,0,2.000000000,1.000000000,1.000000000,0.777777778,0.562182809
AOI-0045,2025-06-07,70404,0,0,True,0,2.000000000,1.000000000,1.000000000,0.986754967,0.079610965
AOI-0045,2025-06-10,70404,0,0,True,0,2.000000000,1.000000000,1.000000000,0.534246575,0.716462038
AOI-0045,2025-07-05,70404,0,0,True,0,2.000000000,1.000000000,1.000000000,0.737142857,0.603553904
AOI-0045,2025-07-06,70404,1,1,True,0,1.000000000,1.000000000,1.000000000,0.869158879,0.421650381
AOI-0045,2025-07-25,70404,0,0,True,0,1.000000000,1.000000000,1.000000000,0.985185185,0.087375267
AOI-0045,2025-08-19,70404,0,0,True,0,2.000000000,1.000000000,1.000000000,0.990867580,0.058305859
AOI-0045,2025-09-15,70404,0,0,True,0,1.000000000,1.000000000,1.000000000,0.642512077,0.677549840
AOI-0046,2010-05-02,70404,1,1,True,1,1.000000000,1.000000000,2.000000000,0.978021978,0.120874486
AOI-0046,2010-06-19,70404,1,1,True,1,1.000000000,1.000000000,2.000000000,0.978947368,0.116700546
AOI-0046,2010-06-28,70404,1,1,True,5,2.000000000,1.000000000,21.000000000,0.960784314,0.192625738
AOI-0046,2010-07-13,70404,1,1,True,1,1.000000000,1.000000000,2.000000000,0.982608696,0.099759750
AOI-0046,2010-08-07,70404,1,1,True,1,1.000000000,1.000000000,2.000000000,0.966101695,0.171538761
AOI-0046,2011-05-25,70404,2,2,True,1,1.000000000,1.000000000,2.000000000,0.991189427,0.056568562
AOI-0046,2011-06-06,70404,1,1,True,1,1.000000000,1.000000000,2.000000000,0.983193277,0.096986095
AOI-0046,2011-06-30,70404,1,1,False,-1,0.000000000,0.000000000,inf,0.953488372,0.220352331
AOI-0046,2011-08-02,70404,1,1,True,5,2.000000000,1.000000000,21.000000000,0.966101695,0.171538761
AOI-0046,2011-08-25,70404,1,1,False,-1,0.000000000,0.000000000,inf,0.818181818,0.600166073
AOI-0046,2011-09-27,70404,1,1,False,-1,0.000000000,0.000000000,inf,0.960784314,0.192625738
AOI-0046,2012-04-06,70404,2,2,True,5,2.000000000,1.000000000,21.000000000,0.990521327,0.060162121
AOI-0046,2012-07-27,70404,1,2,True,1,1.000000000,1.000000000,2.000000000,0.730232558,0.606524011
AOI-0046,2012-08-12,70404,1,2,True,1,1.000000000,1.000000000,2.000000000,0.829145729,0.479909082
AOI-0046,2013-05-03,70404,1,1,True,5,2.000000000,1.000000000,21.000000000,0.968253968,0.162764794
AOI-0046,2013-05-19,70404,1,1,True,5,2.000000000,1.000000000,21.000000000,0.942857143,0.258640932
AOI-0046,2013-06-26,70404,2,2,True,5,2.000000000,1.000000000,21.000000000,0.576354680,0.708281313
AOI-0046,2013-07-06,70404,1,1,True,1,1.000000000,1.000000000,2.000000000,0.966101695,0.171538761
AOI-0046,2013-10-16,70404,2,2,True,1,1.000000000,1.000000000,2.000000000,0.628140704,0.686557305
AOI-0046,2014-04-03,70404,1,1,True,1,1.000000000,1.000000000,2.000000000,0.953488372,0.220352331
AOI-0046,2014-04-27,70404,1,1,True,1,1.000000000,1.000000000,2.000000000,0.981981982,0.102711110
AOI-0046,2014-08-29,70404,2,2,True,5,2.000000000,1.000000000,21.000000000,0.990338164,0.061138862
AOI-0046,2014-09-03,70404,1,1,True,1,1.000000000,1.000000000,2.000000000,0.968253968,0.162764794
AOI-0046,2014-10-04,70404,1,1,True,5,2.000000000,1.000000000,21.000000000,0.979797980,0.112827275
AOI-0046,2014-10-16,70404,2,2,True,5,1.000000000,1.000000000,21.000000000,0.990521327,0.060162121
AOI-0046,2015-05-09,70404,2,2,True,5,1.000000000,1.000000000,22.000000000,0.990338164,0.061138862
AOI-0046,2015-05-24,70404,1,1,True,1,1.000000000,1.000000000,2.000000000,0.981308411,0.105858397
AOI-0046,2015-05-25,70404,1,2,True,1,1.000000000,1.000000000,2.000000000,0.739910314,0.595804393
AOI-0046,2015-07-20,70404,1,1,True,5,1.000000000,1.000000000,22.000000000,0.966101695,0.171538761
AOI-0046,2015-08-05,70404,1,1,True,1,1.000000000,1.000000000,2.000000000,0.970149254,0.154913925
AOI-0046,2016-06-19,70404,1,1,True,1,1.000000000,1.000000000,2.000000000,0.975903614,0.130281794
AOI-0046,2016-06-25,70404,2,2,True,5,1.000000000,1.000000000,22.000000000,0.809045226,0.510842184
AOI-0046,2016-06-27,70404,1,1,True,1,1.000000000,1.000000000,2.000000000,0.980582524,0.109222462
AOI-0046,2016-07-11,70404,2,2,True,5,2.000000000,1.000000000,21.000000000,0.916279070,0.305727510
AOI-0046,2016-07-14,70404,1,1,True,1,1.000000000,1.000000000,2.000000000,0.966101695,0.171538761
AOI-0046,2016-10-26,70404,1,1,True,5,2.000000000,1.000000000,21.000000000,0.970149254,0.154913925
AOI-0046,2017-04-04,70404,1,1,True,5,1.000000000,1.000000000,22.000000000,0.963636364,0.181415523
AOI-0046,2017-04-27,70404,1,1,True,1,1.000000000,1.000000000,2.000000000,0.983193277,0.096986095
AOI-0046,2017-06-06,70404,1,1,True,1,1.000000000,1.000000000,2.000000000,0.979797980,0.112827275
AOI-0046,2017-06-07,70404,1,1,True,1,1.000000000,1.000000000,2.000000000,0.957446809,0.205470750
AOI-0046,2017-08-02,70404,1,1,True,1,1.000000000,1.000000000,2.000000000,0.963636364,0.181415523
AOI-0046,2017-08-11,70404,0,0,True,1,1.000000000,1.000000000,2.000000000,0.983193277,0.096986095
AOI-0046,2017-09-18,70404,1,0,True,5,2.000000000,1.000000000,21.000000000,0.824561404,0.490045290
AOI-0046,2017-09-27,70404,1,1,True,5,1.000000000,1.000000000,22.000000000,0.960784314,0.192625738
AOI-0046,2018-04-23,70404,2,2,True,1,1.000000000,1.000000000,2.000000000,0.951690821,0.209210794
AOI-0046,2018-05-16,70404,1,1,True,1,1.000000000,1.000000000,2.000000000,0.981308411,0.105858397
AOI-0046,2018-05-17,70404,1,1,True,1,1.000000000,1.000000000,2.000000000,0.963636364,0.181415523
AOI-0046,2018-05-25,70404,1,2,True,5,1.000000000,1.000000000,22.000000000,0.777777778,0.552980074
AOI-0046,2018-07-02,70404,0,0,True,1,1.000000000,1.000000000,2.000000000,0.694581281,0.640602776
AOI-0046,2018-07-11,70404,1,1,True,1,1.000000000,1.000000000,2.000000000,0.977011494,0.125386776
AOI-0046,2019-04-23,70404,0,0,True,1,1.000000000,1.000000000,2.000000000,0.674418605,0.851873254
AOI-0046,2019-05-25,70404,2,2,True,1,1.000000000,1.000000000,2.000000000,0.841860465,0.457555646
AOI-0046,2019-06-02,70404,0,0,True,5,2.000000000,1.000000000,21.000000000,0.760000000,0.578083752
AOI-0046,2019-07-07,70404,0,0,True,1,1.000000000,1.000000000,2.000000000,0.958041958,0.193022418
AOI-0046,2019-08-06,70404,0,0,True,5,2.000000000,1.000000000,21.000000000,0.702564103,0.634582589
AOI-0046,2019-08-07,70404,1,1,True,1,1.000000000,1.000000000,2.000000000,0.853658537,0.447709041
AOI-0046,2019-08-31,70404,0,0,True,1,1.000000000,1.000000000,2.000000000,0.985185185,0.087375267
AOI-0046,2019-09-09,70404,1,1,True,1,1.000000000,1.000000000,2.000000000,0.966101695,0.171538761
AOI-0046,2019-09-25,70404,0,0,True,1,1.000000000,1.000000000,2.000000000,0.982608696,0.099759750
AOI-0046,2019-10-10,70404,0,0,False,-1,0.000000000,0.000000000,inf,0.870503597,0.413212905
AOI-0046,2020-07-06,70404,0,0,True,1,1.000000000,1.000000000,2.000000000,0.777777778,0.556748955
AOI-0046,2020-07-25,70404,1,1,True,1,1.000000000,1.000000000,2.000000000,0.968253968,0.162764794
AOI-0046,2020-07-26,70404,0,0,True,1,1.000000000,1.000000000,2.000000000,0.981981982,0.102711110
AOI-0046,2020-08-12,70404,2,2,True,1,1.000000000,1.000000000,2.000000000,0.838862559,0.462932768
AOI-0046,2020-08-17,70404,1,1,True,5,2.000000000,1.000000000,21.000000000,0.788617886,0.550242400
AOI-0046,2020-08-25,70404,0,0,True,1,1.000000000,1.000000000,2.000000000,0.904761905,0.338998738
AOI-0046,2020-09-02,70404,1,0,True,1,1.000000000,1.000000000,2.000000000,0.818181818,0.498265026
AOI-0046,2020-09-18,70404,1,1,True,1,1.000000000,1.000000000,2.000000000,0.980582524,0.109222462
AOI-0046,2020-09-27,70404,1,0,True,1,1.000000000,1.000000000,2.000000000,0.711627907,0.624497062
AOI-0046,2021-04-02,70404,0,0,True,1,1.000000000,1.000000000,2.000000000,0.979797980,0.112827275
AOI-0046,2021-04-15,70404,1,0,True,1,1.000000000,1.000000000,2.000000000,0.832402235,0.476550171
AOI-0046,2021-06-06,70404,0,0,True,1,1.000000000,1.000000000,2.000000000,0.984251969,0.091909786
AOI-0046,2021-07-01,70404,0,0,True,1,1.000000000,1.000000000,2.000000000,0.698324022,0.640097043
AOI-0046,2021-07-03,70404,1,1,True,1,1.000000000,1.000000000,2.000000000,0.732283465,0.616498091
AOI-0046,2021-08-28,70404,1,0,True,5,2.000000000,1.000000000,21.000000000,0.828571429,0.483197564
AOI-0046,2022-04-27,70404,0,0,False,-1,0.000000000,0.000000000,inf,0.980582524,0.109222462
AOI-0046,2022-05-07,70404,0,0,True,1,1.000000000,1.000000000,2.000000000,0.963636364,0.181415523
AOI-0046,2022-05-28,70404,1,1,True,1,1.000000000,1.000000000,2.000000000,0.970149254,0.154913925
AOI-0046,2022-07-15,70404,1,1,True,1,1.000000000,1.000000000,2.000000000,0.968253968,0.162764794
AOI-0046,2022-07-28,70404,2,2,True,1,1.000000000,1.000000000,2.000000000,0.579487179,0.953656615
AOI-0046,2022-08-10,70404,0,0,True,5,2.000000000,1.000000000,21.000000000,0.986013986,0.083298165
AOI-0046,2022-09-14,70404,2,2,True,1,1.000000000,1.000000000,2.000000000,0.753694581,0.582387277
AOI-0046,2022-09-30,70404,2,2,True,5,2.000000000,1.000000000,21.000000000,0.708542714,0.628837152
AOI-0046,2023-04-05,70404,1,1,True,1,1.000000000,1.000000000,2.000000000,0.966101695,0.171538761
AOI-0046,2023-05-14,70404,1,1,True,1,1.000000000,1.000000000,2.000000000,0.948717949,0.237819011
AOI-0046,2023-07-09,70404,1,0,True,5,2.000000000,1.000000000,21.000000000,0.590361446,0.731082245
AOI-0046,2023-08-05,70404,0,0,True,5,2.000000000,1.000000000,21.000000000,0.985185185,0.087375267
AOI-0046,2023-08-15,70404,0,0,True,5,1.000000000,1.000000000,21.000000000,0.983193277,0.096986095
AOI-0046,2023-08-23,70404,1,0,True,1,1.000000000,1.000000000,2.000000000,0.801324503,0.527596161
AOI-0046,2023-09-19,70404,0,0,True,1,1.000000000,1.000000000,2.000000000,0.877551020,0.398048730
AOI-0046,2023-09-20,70404,1,1,True,1,1.000000000,1.000000000,2.000000000,0.760000000,0.602574125
AOI-0046,2023-09-29,70404,0,0,True,1,1.000000000,1.000000000,2.000000000,0.649289100,0.672991185
AOI-0046,2024-04-01,70404,0,0,True,1,1.000000000,1.000000000,2.000000000,0.981308411,0.105858397
AOI-0046,2024-04-11,70404,0,0,True,1,1.000000000,1.000000000,2.000000000,0.985611511,0.085284100
AOI-0046,2024-06-15,70404,0,0,True,1,1.000000000,1.000000000,2.000000000,0.801801802,0.534542741
AOI-0046,2024-06-20,70404,0,0,True,1,1.000000000,1.000000000,2.000000000,0.985185185,0.087375267
AOI-0046,2024-06-25,70404,2,2,False,-1,0.000000000,0.000000000,21.000000000,0.488372093,0.878744338
AOI-0046,2024-07-15,70404,0,0,True,1,1.000000000,1.000000000,2.000000000,0.985611511,0.085284100
AOI-0046,2024-07-20,70404,0,0,True,1,1.000000000,1.000000000,2.000000000,0.983739837,0.094374144
AOI-0046,2024-09-06,70404,1,0,True,5,1.000000000,1.000000000,22.000000000,0.723076923,0.615560502
AOI-0046,2025-04-21,70404,0,0,True,0,2.000000000,1.000000000,1.000000000,0.971830986,0.147843978
AOI-0046,2025-05-11,70404,0,0,True,0,1.000000000,1.000000000,1.000000000,0.935483871,0.283936267
AOI-0046,2025-05-20,70404,1,1,True,0,1.000000000,1.000000000,1.000000000,0.960784314,0.192625738
AOI-0046,2025-06-27,70404,0,0,True,0,1.000000000,1.000000000,1.000000000,0.661538462,0.666584314
AOI-0046,2025-07-10,70404,0,0,True,0,2.000000000,1.000000000,1.000000000,0.990521327,0.060162121
AOI-0046,2025-07-25,70404,0,0,True,0,1.000000000,1.000000000,1.000000000,0.985185185,0.087375267
AOI-0046,2025-07-28,70404,2,0,True,3,8.000000000,0.750000000,1.000000000,0.679653680,0.650062167
AOI-0046,2025-08-23,70404,1,1,True,0,1.000000000,1.000000000,1.000000000,0.697841727,0.646679547
AOI-0046,2025-09-01,70404,1,0,True,3,9.000000000,0.777777778,1.000000000,0.714285714,0.620702664
AOI-0046,2025-09-15,70404,0,0,True,1,2.000000000,1.000000000,2.000000000,0.642512077,0.677549840
AOI-0046,2025-10-27,70404,1,1,True,0,1.000000000,1.000000000,1.000000000,0.971830986,0.147843978
AOI-0047,2025-04-18,70404,0,0,True,0,2.000000000,1.000000000,1.000000000,0.985611511,0.085284100
AOI-0047,2025-05-04,70404,1,0,True,0,1.000000000,1.000000000,1.000000000,0.681159420,0.651026440
AOI-0047,2025-05-24,70404,0,0,False,-1,0.000000000,0.000000000,inf,0.986013986,0.083298165
AOI-0047,2025-06-28,70404,1,1,True,0,2.000000000,1.000000000,1.000000000,0.609195402,0.720963050
AOI-0047,2025-07-23,70404,1,0,True,3,5.000000000,0.800000000,3.000000000,0.766871166,0.571399404
AOI-0047,2025-08-16,70404,0,0,True,0,2.000000000,1.000000000,1.000000000,0.984251969,0.091909786
AOI-0047,2025-08-17,70404,0,0,True,2,1.000000000,1.000000000,4.000000000,0.782857143,0.549692548
AOI-0047,2025-08-22,70404,0,0,True,2,1.000000000,1.000000000,4.000000000,0.988571429,0.070389141
AOI-0047,2025-08-23,70404,1,1,True,0,1.000000000,1.000000000,1.000000000,0.697841727,0.646679547
AOI-0047,2025-09-11,70404,0,0,True,2,1.000000000,1.000000000,4.000000000,0.983193277,0.096986095
AOI-0047,2025-09-15,70404,0,0,True,0,1.000000000,1.000000000,1.000000000,0.642512077,0.677549840
AOI-0047,2025-09-28,70404,0,0,True,0,2.000000000,1.000000000,1.000000000,0.975903614,0.130281794
AOI-0048,2025-04-28,70404,0,0,True,2,1.000000000,1.000000000,3.000000000,0.975903614,0.130281794
AOI-0048,2025-05-04,70404,1,0,True,1,1.000000000,1.000000000,2.000000000,0.681159420,0.651026440
AOI-0048,2025-05-20,70404,1,1,True,2,1.000000000,1.000000000,3.000000000,0.960784314,0.192625738
AOI-0048,2025-06-04,70404,1,1,True,0,1.000000000,1.000000000,1.000000000,0.777777778,0.562182809
AOI-0048,2025-06-07,70404,0,0,True,0,1.000000000,1.000000000,1.000000000,0.986754967,0.079610965
AOI-0048,2025-07-05,70404,0,0,True,0,1.000000000,1.000000000,1.000000000,0.737142857,0.603553904
AOI-0048,2025-07-23,70404,1,0,True,2,1.000000000,1.000000000,4.000000000,0.766871166,0.571399404
AOI-0048,2025-07-25,70404,0,0,True,0,1.000000000,1.000000000,1.000000000,0.985185185,0.087375267
AOI-0048,2025-07-28,70404,0,0,True,0,1.000000000,1.000000000,1.000000000,0.679653680,0.650062167
AOI-0048,2025-08-14,70404,0,0,True,0,1.000000000,1.000000000,1.000000000,0.668874172,0.667436348
AOI-0048,2025-08-19,70404,0,0,True,0,1.000000000,1.000000000,1.000000000,0.990867580,0.058305859
AOI-0049,2025-04-01,70404,0,0,True,0,1.000000000,1.000000000,1.000000000,0.983739837,0.094374144
AOI-0049,2025-05-19,70404,0,0,True,2,1.000000000,1.000000000,3.000000000,0.518987342,0.750961555
AOI-0049,2025-06-02,70404,1,1,True,1,1.000000000,1.000000000,2.000000000,0.948717949,0.237819011
AOI-0049,2025-06-10,70404,2,0,True,0,1.000000000,1.000000000,1.000000000,0.534246575,0.716462038
AOI-0049,2025-07-13,70404,0,0,True,0,1.000000000,1.000000000,1.000000000,0.988023952,0.073197386
AOI-0049,2025-07-30,70404,0,0,True,0,1.000000000,1.000000000,1.000000000,0.992156863,0.051273190
AOI-0049,2025-08-30,70404,1,1,True,0,1.000000000,1.000000000,1.000000000,0.858267717,0.438505622
AOI-0049,2025-09-01,70404,0,0,True,0,1.000000000,1.000000000,1.000000000,0.714285714,0.620702664
AOI-0050,2025-04-07,70404,2,2,True,0,2.000000000,1.000000000,1.000000000,0.973568282,0.134019856
AOI-0050,2025-05-01,70404,0,0,True,0,1.000000000,1.000000000,1.000000000,0.889361702,0.365884432
AOI-0050,2025-05-09,70404,0,2,True,0,1.000000000,1.000000000,1.000000000,0.832599119,0.472112358
AOI-0050,2025-05-24,70404,0,0,True,0,2.000000000,1.000000000,1.000000000,0.986013986,0.083298165
AOI-0050,2025-06-08,70404,0,0,True,0,1.000000000,1.000000000,1.000000000,0.988023952,0.073197386
AOI-0050,2025-06-19,70404,1,1,True,0,2.000000000,1.000000000,1.000000000,0.935483871,0.283936267
AOI-0050,2025-07-12,70404,1,2,True,0,2.000000000,1.000000000,1.000000000,0.603524229,0.944804484
AOI-0050,2025-08-27,70404,0,0,True,0,2.000000000,1.000000000,1.000000000,0.986754967,0.079610965
AOI-0051,2010-07-27,70404,1,1,True,3,1.000000000,1.000000000,8.000000000,0.935483871,0.283936267
AOI-0051,2010-09-06,70404,1,1,True,3,2.000000000,1.000000000,7.000000000,0.980582524,0.109222462
AOI-0051,2010-10-23,70404,1,1,True,3,1.000000000,1.000000000,8.000000000,0.953488372,0.220352331
AOI-0051,2010-10-24,70404,1,1,True,3,2.000000000,1.000000000,7.000000000,0.978021978,0.120874486
AOI-0051,2011-04-07,70404,2,2,True,3,2.000000000,1.000000000,7.000000000,0.991031390,0.057423085
AOI-0051,2011-07-14,70404,1,1,True,5,1.000000000,1.000000000,23.000000000,0.925925926,0.315396287
AOI-0051,2011-08-29,70404,2,2,True,4,2.000000000,1.000000000,10.000000000,0.990147783,0.062150380
AOI-0051,2011-09-25,70404,1,1,True,3,2.000000000,1.000000000,7.000000000,0.980582524,0.109222462
AOI-0051,2011-10-16,70404,2,2,True,3,1.000000000,1.000000000,8.000000000,0.990338164,0.061138862
AOI-0051,2012-04-06,70404,2,2,True,3,2.000000000,1.000000000,7.000000000,0.990521327,0.060162121
AOI-0051,2012-04-22,70404,2,2,True,3,1.000000000,1.000000000,8.000000000,0.832512315,0.474104342
AOI-0051,2012-06-14,70404,1,1,True,3,2.000000000,1.000000000,7.000000000,0.963636364,0.181415523
AOI-0051,2013-04-14,70404,1,1,True,3,2.000000000,1.000000000,7.000000000,0.960784314,0.192625738
AOI-0051,2013-08-12,70404,1,1,True,3,1.000000000,1.000000000,8.000000000,0.957446809,0.205470750
AOI-0051,2013-08-13,70404,2,2,True,3,1.000000000,1.000000000,7.000000000,0.812807882,0.504905654
AOI-0051,2013-10-08,70404,1,1,True,3,2.000000000,1.000000000,7.000000000,0.978021978,0.120874486
AOI-0051,2014-06-13,70404,1,1,False,-1,0.000000000,0.000000000,inf,0.957446809,0.205470750
AOI-0051,2014-07-28,70404,2,2,True,3,2.000000000,1.000000000,7.000000000,0.989949749,0.063198621
AOI-0051,2014-07-31,70404,1,1,True,3,2.000000000,1.000000000,7.000000000,0.978947368,0.116700546
AOI-0051,2014-08-29,70404,2,2,True,3,1.000000000,1.000000000,8.000000000,0.990338164,0.061138862
AOI-0051,2014-09-14,70404,2,2,True,3,1.000000000,1.000000000,8.000000000,0.990147783,0.062150380
AOI-0051,2015-04-12,70404,1,1,True,3,1.000000000,1.000000000,8.000000000,0.957446809,0.205470750
AOI-0051,2015-08-03,70404,1,1,True,3,2.000000000,1.000000000,7.000000000,0.979797980,0.112827275
AOI-0051,2015-08-27,70404,1,1,True,3,1.000000000,1.000000000,8.000000000,0.975903614,0.130281794
AOI-0051,2015-09-30,70404,2,2,True,3,1.000000000,1.000000000,7.000000000,0.687203791,0.645879152
AOI-0051,2015-10-16,70404,2,2,True,3,2.000000000,1.000000000,7.000000000,0.719806763,0.617540427
AOI-0051,2016-04-07,70404,1,1,True,3,2.000000000,1.000000000,7.000000000,0.978947368,0.116700546
AOI-0051,2016-07-20,70404,1,1,True,3,1.000000000,1.000000000,8.000000000,0.942857143,0.258640932
AOI-0051,2016-08-20,70404,1,1,True,3,2.000000000,1.000000000,7.000000000,0.960784314,0.192625738
AOI-0051,2016-09-06,70404,1,1,True,3,2.000000000,1.000000000,7.000000000,0.978947368,0.116700546
AOI-0051,2017-04-07,70404,2,2,True,3,2.000000000,1.000000000,7.000000000,0.990521327,0.060162121
AOI-0051,2017-05-01,70404,0,0,True,3,1.000000000,1.000000000,8.000000000,0.984251969,0.091909786
AOI-0051,2017-05-25,70404,2,2,True,3,2.000000000,1.000000000,7.000000000,0.990697674,0.059218348
AOI-0051,2017-06-04,70404,1,1,True,3,1.000000000,1.000000000,7.000000000,0.948717949,0.237819011
AOI-0051,2017-06-12,70404,1,1,True,3,1.000000000,1.000000000,8.000000000,0.953488372,0.220352331
AOI-0051,2017-07-28,70404,2,2,True,4,1.000000000,1.000000000,10.000000000,0.990147783,0.062150380
AOI-0051,2017-08-13,70404,2,2,True,3,1.000000000,1.000000000,7.000000000,0.852216749,0.440442309
AOI-0051,2017-09-24,70404,1,1,True,3,1.000000000,1.000000000,7.000000000,0.953488372,0.220352331
AOI-0051,2018-05-06,70404,1,1,True,5,1.000000000,1.000000000,22.000000000,0.925925926,0.315396287
AOI-0051,2018-05-31,70404,0,0,True,3,1.000000000,1.000000000,7.000000000,0.985611511,0.085284100
AOI-0051,2018-06-10,70404,2,2,True,3,2.000000000,1.000000000,7.000000000,0.687203791,0.776520666
AOI-0051,2018-07-10,70404,1,1,True,3,2.000000000,1.000000000,7.000000000,0.979797980,0.112827275
AOI-0051,2018-07-28,70404,2,2,True,3,2.000000000,1.000000000,7.000000000,0.916279070,0.305727510
AOI-0051,2018-08-27,70404,1,1,True,3,2.000000000,1.000000000,7.000000000,0.978947368,0.116700546
AOI-0051,2018-10-29,70404,1,1,True,3,2.000000000,1.000000000,7.000000000,0.942857143,0.258640932
AOI-0051,2019-04-06,70404,0,0,True,3,2.000000000,1.000000000,7.000000000,0.986754967,0.079610965
AOI-0051,2019-04-11,70404,0,0,True,3,1.000000000,1.000000000,7.000000000,0.968253968,0.162764794
AOI-0051,2019-04-23,70404,0,0,True,4,2.000000000,1.000000000,10.000000000,0.674418605,0.851873254
AOI-0051,2019-06-26,70404,1,2,True,3,1.000000000,1.000000000,8.000000000,0.771689498,0.559610189
AOI-0051,2019-07-12,70404,1,2,True,3,2.000000000,1.000000000,7.000000000,0.804651163,0.515866398
AOI-0051,2019-08-24,70404,0,0,True,3,1.000000000,1.000000000,7.000000000,0.729032258,0.614707193
AOI-0051,2019-08-30,70404,1,1,True,3,1.000000000,1.000000000,8.000000000,0.979797980,0.112827275
AOI-0051,2020-04-02,70404,1,0,True,3,1.000000000,1.000000000,7.000000000,0.698324022,0.640097043
AOI-0051,2020-04-10,70404,0,0,True,3,2.000000000,1.000000000,7.000000000,0.930069930,0.276191097
AOI-0051,2020-06-29,70404,0,0,True,3,1.000000000,1.000000000,8.000000000,0.984251969,0.091909786
AOI-0051,2020-07-19,70404,0,0,True,3,1.000000000,1.000000000,7.000000000,0.985611511,0.085284100
AOI-0051,2020-07-24,70404,0,0,True,3,2.000000000,1.000000000,7.000000000,0.791411043,0.539759098
AOI-0051,2020-08-24,70404,1,1,True,3,1.000000000,1.000000000,8.000000000,0.978947368,0.116700546
AOI-0051,2020-08-28,70404,2,2,True,3,1.000000000,1.000000000,8.000000000,0.936073059,0.254088226
AOI-0051,2020-09-12,70404,0,0,True,3,1.000000000,1.000000000,8.000000000,0.805714286,0.518158008
AOI-0051,2020-09-13,70404,2,2,True,3,1.000000000,1.000000000,8.000000000,0.990338164,0.061138862
AOI-0051,2021-04-30,70404,0,0,True,3,2.000000000,1.000000000,7.000000000,0.983193277,0.096986095
AOI-0051,2021-05-07,70404,1,1,True,3,2.000000000,1.000000000,7.000000000,0.611940299,0.731135151
AOI-0051,2021-05-25,70404,0,2,True,3,1.000000000,1.000000000,7.000000000,0.661835749,0.665130698
AOI-0051,2021-06-15,70404,1,1,True,5,1.000000000,1.000000000,22.000000000,0.894736842,0.409458619
AOI-0051,2021-06-26,70404,2,0,True,3,2.000000000,1.000000000,7.000000000,0.600000000,0.698353577
AOI-0051,2021-07-26,70404,1,0,True,3,2.000000000,1.000000000,7.000000000,0.708542714,0.628837152
AOI-0051,2021-09-17,70404,0,0,True,3,1.000000000,1.000000000,7.000000000,0.984732824,0.089580528
AOI-0051,2021-09-20,70404,1,1,True,3,2.000000000,1.000000000,7.000000000,0.970149254,0.154913925
AOI-0051,2022-04-07,70404,1,0,True,3,2.000000000,1.000000000,7.000000000,0.637209302,0.882569405
AOI-0051,2022-04-15,70404,1,0,True,3,1.000000000,1.000000000,7.000000000,0.767441860,0.617949634
AOI-0051,2022-06-03,70404,1,1,True,5,1.000000000,1.000000000,23.000000000,0.795275591,0.540257419
AOI-0051,2022-06-09,70404,0,0,True,5,1.000000000,1.000000000,23.000000000,0.983739837,0.094374144
AOI-0051,2022-06-10,70404,2,2,True,4,2.000000000,1.000000000,10.000000000,0.797101449,0.527223827
AOI-0051,2022-07-20,70404,1,1,True,3,1.000000000,1.000000000,7.000000000,0.935483871,0.283936267
AOI-0051,2022-08-05,70404,1,0,True,3,1.000000000,1.000000000,8.000000000,0.532710280,0.736818396
AOI-0051,2023-05-05,70404,1,0,True,3,2.000000000,1.000000000,7.000000000,0.770992366,0.571542733
AOI-0051,2023-05-13,70404,1,1,True,3,1.000000000,1.000000000,7.000000000,0.970149254,0.154913925
AOI-0051,2023-06-05,70404,1,1,True,3,2.000000000,1.000000000,7.000000000,0.963636364,0.181415523
AOI-0051,2023-06-22,70404,1,1,True,3,2.000000000,1.000000000,7.000000000,0.815126050,0.512888736
AOI-0051,2023-06-29,70404,0,0,True,3,2.000000000,1.000000000,7.000000000,0.978947368,0.116700546
AOI-0051,2023-07-07,70404,1,1,True,3,2.000000000,1.000000000,7.000000000,0.647058824,0.724975116
AOI-0051,2023-08-23,70404,0,0,True,3,2.000000000,1.000000000,7.000000000,0.801324503,0.527596161
AOI-0051,2023-09-26,70404,1,1,True,3,2.000000000,1.000000000,7.000000000,0.858267717,0.438505622
AOI-0051,2023-10-20,70404,1,1,True,3,2.000000000,1.000000000,7.000000000,0.925925926,0.315396287
AOI-0051,2024-04-06,70404,2,0,True,3,2.000000000,1.000000000,7.000000000,0.642512077,0.740366269
AOI-0051,2024-04-13,70404,1,1,True,5,1.000000000,1.000000000,23.000000000,0.714285714,0.636181423
AOI-0051,2024-05-24,70404,0,0,True,3,2.000000000,1.000000000,7.000000000,0.693023256,0.829440360
AOI-0051,2024-05-30,70404,1,1,True,3,1.000000000,1.000000000,7.000000000,0.957446809,0.205470750
AOI-0051,2024-06-24,70404,1,1,True,3,2.000000000,1.000000000,7.000000000,0.978021978,0.120874486
AOI-0051,2024-07-09,70404,1,1,False,-1,0.000000000,0.000000000,inf,0.925925926,0.315396287
AOI-0051,2024-07-25,70404,1,0,True,3,2.000000000,1.000000000,7.000000000,0.737142857,0.603553904
AOI-0051,2024-08-28,70404,1,1,True,4,1.000000000,1.000000000,11.000000000,0.517948718,0.720902507
AOI-0051,2024-10-26,70404,0,0,True,3,2.000000000,1.000000000,7.000000000,0.985185185,0.087375267
AOI-0051,2025-04-29,70404,0,0,True,0,2.000000000,1.000000000,1.000000000,0.983739837,0.094374144
AOI-0051,2025-06-08,70404,0,0,True,1,2.000000000,1.000000000,2.000000000,0.988023952,0.073197386
AOI-0051,2025-06-11,70404,1,1,True,0,1.000000000,1.000000000,1.000000000,0.826771654,0.492999622
AOI-0051,2025-07-04,70404,1,1,True,0,2.000000000,1.000000000,1.000000000,0.963636364,0.181415523
AOI-0051,2025-07-28,70404,0,0,True,0,1.000000000,1.000000000,1.000000000,0.679653680,0.650062167
AOI-0051,2025-08-06,70404,1,0,True,0,2.000000000,1.000000000,1.000000000,0.637209302,0.679891962
AOI-0051,2025-08-22,70404,0,0,True,0,1.000000000,1.000000000,1.000000000,0.988571429,0.070389141
AOI-0051,2025-09-08,70404,0,0,True,0,2.000000000,1.000000000,1.000000000,0.931034483,0.268700917
AOI-0051,2025-09-30,70404,2,2,True,0,1.000000000,1.000000000,1.000000000,0.874396135,0.398419961
AOI-0052,2025-04-07,70404,2,2,True,0,2.000000000,1.000000000,1.000000000,0.973568282,0.134019856
AOI-0052,2025-06-18,70404,1,1,True,0,2.000000000,1.000000000,1.000000000,0.866666667,0.485094091
AOI-0052,2025-07-08,70404,0,0,True,0,2.000000000,1.000000000,1.000000000,0.863874346,0.420059298
AOI-0052,2025-07-23,70404,0,0,True,0,1.000000000,1.000000000,1.000000000,0.766871166,0.571399404
AOI-0052,2025-07-28,70404,0,0,True,1,1.000000000,1.000000000,2.000000000,0.679653680,0.650062167
AOI-0052,2025-07-29,70404,1,1,True,0,2.000000000,1.000000000,1.000000000,0.979797980,0.112827275
AOI-0052,2025-08-05,70404,1,1,True,0,1.000000000,1.000000000,1.000000000,0.600000000,0.775939123
AOI-0052,2025-09-01,70404,0,0,True,0,1.000000000,1.000000000,1.000000000,0.714285714,0.620702664
AOI-0052,2025-09-16,70404,0,0,True,0,1.000000000,1.000000000,1.000000000,0.754385965,0.585100662
AOI-0053,2025-04-24,70404,0,0,True,0,2.000000000,1.000000000,1.000000000,0.982608696,0.099759750
AOI-0053,2025-05-24,70404,0,0,True,0,2.000000000,1.000000000,1.000000000,0.986013986,0.083298165
AOI-0053,2025-07-13,70404,0,0,True,0,2.000000000,1.000000000,1.000000000,0.988023952,0.073197386
AOI-0053,2025-08-17,70404,0,0,True,0,2.000000000,1.000000000,1.000000000,0.782857143,0.549692548
AOI-0053,2025-08-21,70404,1,1,True,0,2.000000000,1.000000000,1.000000000,0.963636364,0.181415523
AOI-0053,2025-09-30,70404,2,2,True,0,1.000000000,1.000000000,1.000000000,0.874396135,0.398419961
AOI-0053,2025-10-17,70404,1,1,True,0,1.000000000,1.000000000,1.000000000,0.979797980,0.112827275
AOI-0054,2025-04-01,70404,0,0,True,0,1.000000000,1.000000000,1.000000000,0.983739837,0.094374144
AOI-0054,2025-04-23,70404,1,2,True,0,1.000000000,1.000000000,1.000000000,0.655172414,0.882638756
AOI-0054,2025-05-09,70404,0,2,True,0,1.000000000,1.000000000,1.000000000,0.832599119,0.472112358
AOI-0054,2025-06-10,70404,2,0,True,0,2.000000000,1.000000000,1.000000000,0.534246575,0.716462038
AOI-0054,2025-07-12,70404,1,2,True,0,1.000000000,1.000000000,1.000000000,0.603524229,0.944804484
AOI-0054,2025-07-18,70404,0,0,True,0,2.000000000,1.000000000,1.000000000,0.986754967,0.079610965
AOI-0054,2025-08-02,70404,0,0,True,0,1.000000000,1.000000000,1.000000000,0.985611511,0.085284100
AOI-0054,2025-09-06,70404,1,0,True,0,2.000000000,1.000000000,1.000000000,0.670886076,0.687202700
AOI-0055,2025-04-29,70404,0,0,True,0,2.000000000,1.000000000,1.000000000,0.983739837,0.094374144
AOI-0055,2025-05-24,70404,0,0,True,0,1.000000000,1.000000000,1.000000000,0.986013986,0.083298165
AOI-0055,2025-06-11,70404,1,1,True,0,1.000000000,1.000000000,1.000000000,0.826771654,0.492999622
AOI-0055,2025-06-19,70404,1,1,True,1,1.000000000,1.000000000,2.000000000,0.935483871,0.283936267
AOI-0055,2025-07-12,70404,1,2,True,0,1.000000000,1.000000000,1.000000000,0.603524229,0.944804484
AOI-0055,2025-08-05,70404,1,1,True,0,1.000000000,1.000000000,1.000000000,0.600000000,0.775939123
AOI-0055,2025-09-08,70404,0,0,True,0,1.000000000,1.000000000,1.000000000,0.931034483,0.268700917
AOI-0055,2025-09-23,70404,1,0,True,0,2.000000000,1.000000000,1.000000000,0.638766520,0.677915770
AOI-0056,2025-04-11,70404,0,0,True,0,1.000000000,1.000000000,1.000000000,0.966101695,0.171538761
AOI-0056,2025-05-09,70404,0,2,True,1,1.000000000,1.000000000,2.000000000,0.832599119,0.472112358
AOI-0056,2025-05-26,70404,1,0,True,2,1.000000000,1.000000000,3.000000000,0.777777778,0.629830912
AOI-0056,2025-06-11,70404,1,1,True,0,1.000000000,1.000000000,1.000000000,0.826771654,0.492999622
AOI-0056,2025-08-19,70404,0,0,True,0,2.000000000,1.000000000,1.000000000,0.990867580,0.058305859
AOI-0056,2025-08-27,70404,0,0,True,0,1.000000000,1.000000000,1.000000000,0.986754967,0.079610965
AOI-0056,2025-08-30,70404,1,1,True,0,2.000000000,1.000000000,1.000000000,0.858267717,0.438505622
AOI-0056,2025-09-01,70404,0,0,True,0,1.000000000,1.000000000,1.000000000,0.714285714,0.620702664
AOI-0057,2025-06-19,70404,1,1,True,0,1.000000000,1.000000000,1.000000000,0.935483871,0.283936267
AOI-0057,2025-07-08,70404,0,0,True,0,2.000000000,1.000000000,1.000000000,0.863874346,0.420059298
AOI-0057,2025-07-30,70404,0,0,True,0,2.000000000,1.000000000,1.000000000,0.992156863,0.051273190
AOI-0057,2025-08-09,70404,0,0,True,1,2.000000000,1.000000000,2.000000000,0.988304094,0.071763657
AOI-0057,2025-09-06,70404,1,0,True,1,2.000000000,1.000000000,2.000000000,0.670886076,0.687202700
AOI-0057,2025-09-22,70404,1,1,True,0,1.000000000,1.000000000,1.000000000,0.957446809,0.205470750
AOI-0057,2025-10-08,70404,0,0,True,0,2.000000000,1.000000000,1.000000000,0.989304813,0.066585474
AOI-0057,2025-10-16,70404,0,0,True,0,1.000000000,1.000000000,1.000000000,0.534246575,0.781909607
AOI-0058,2010-06-10,70404,2,2,True,2,2.000000000,1.000000000,3.000000000,0.584541063,0.705105205
AOI-0058,2010-07-27,70404,1,1,True,0,1.000000000,1.000000000,1.000000000,0.935483871,0.283936267
AOI-0058,2010-09-14,70404,2,2,True,0,1.000000000,1.000000000,1.000000000,0.990338164,0.061138862
AOI-0058,2010-10-23,70404,1,1,True,0,1.000000000,1.000000000,1.000000000,0.953488372,0.220352331
AOI-0058,2011-06-10,70404,2,2,True,2,2.000000000,1.000000000,3.000000000,0.990147783,0.062150380
AOI-0058,2011-08-07,70404,1,1,True,0,1.000000000,1.000000000,1.000000000,0.957446809,0.205470750
AOI-0058,2011-08-31,70404,1,1,True,0,1.000000000,1.000000000,1.000000000,0.963636364,0.181415523
AOI-0058,2011-10-16,70404,2,2,True,0,1.000000000,1.000000000,1.000000000,0.990338164,0.061138862
AOI-0058,2012-09-13,70404,2,2,True,3,1.000000000,1.000000000,7.000000000,0.680365297,0.650526760
AOI-0058,2012-09-29,70404,2,2,True,0,1.000000000,1.000000000,1.000000000,0.698630137,0.635682805
AOI-0058,2012-10-15,70404,2,2,True,2,2.000000000,1.000000000,3.000000000,0.763033175,0.570790373
AOI-0058,2013-06-26,70404,1,2,True,0,1.000000000,1.000000000,1.000000000,0.576354680,0.708281313
AOI-0058,2013-08-12,70404,1,1,True,0,1.000000000,1.000000000,1.000000000,0.957446809,0.205470750
AOI-0058,2013-09-13,70404,1,1,True,0,1.000000000,1.000000000,1.000000000,0.963636364,0.181415523
AOI-0058,2013-09-14,70404,2,2,True,0,1.000000000,1.000000000,1.000000000,0.989304813,0.066585474
AOI-0058,2014-05-09,70404,2,2,True,2,2.000000000,1.000000000,3.000000000,0.990867580,0.058305859
AOI-0058,2014-08-13,70404,2,2,True,2,1.000000000,1.000000000,4.000000000,0.989743590,0.064285679
AOI-0058,2014-08-23,70404,1,1,True,0,1.000000000,1.000000000,1.000000000,0.960784314,0.192625738
AOI-0058,2014-08-29,70404,2,2,True,0,1.000000000,1.000000000,1.000000000,0.990338164,0.061138862
AOI-0058,2014-10-11,70404,1,1,True,0,1.000000000,1.000000000,1.000000000,0.978947368,0.116700546
AOI-0058,2015-04-05,70404,1,1,True,0,1.000000000,1.000000000,1.000000000,0.966101695,0.171538761
AOI-0058,2015-04-12,70404,1,1,True,0,1.000000000,1.000000000,1.000000000,0.957446809,0.205470750
AOI-0058,2015-05-23,70404,1,1,True,0,1.000000000,1.000000000,1.000000000,0.978021978,0.120874486
AOI-0058,2015-08-11,70404,1,1,True,0,1.000000000,1.000000000,1.000000000,0.978021978,0.120874486
AOI-0058,2015-08-26,70404,1,1,True,0,1.000000000,1.000000000,1.000000000,0.960784314,0.192625738
AOI-0058,2015-08-27,70404,1,1,True,0,1.000000000,1.000000000,1.000000000,0.975903614,0.130281794
AOI-0058,2016-05-25,70404,1,1,True,3,1.000000000,1.000000000,7.000000000,0.979797980,0.112827275
AOI-0058,2016-07-20,70404,1,1,True,0,1.000000000,1.000000000,1.000000000,0.942857143,0.258640932
AOI-0058,2016-08-12,70404,1,2,True,0,1.000000000,1.000000000,1.000000000,0.758454106,0.576536252
AOI-0058,2016-09-05,70404,1,1,True,0,1.000000000,1.000000000,1.000000000,0.963636364,0.181415523
AOI-0058,2017-04-23,70404,2,2,True,0,1.000000000,1.000000000,1.000000000,0.990697674,0.059218348
AOI-0058,2017-05-01,70404,0,0,True,0,1.000000000,1.000000000,1.000000000,0.984251969,0.091909786
AOI-0058,2017-05-03,70404,1,1,True,0,1.000000000,1.000000000,1.000000000,0.963636364,0.181415523
AOI-0058,2017-05-06,70404,0,0,True,3,1.000000000,1.000000000,7.000000000,0.654450262,0.671779241
AOI-0058,2017-06-12,70404,1,1,True,0,1.000000000,1.000000000,1.000000000,0.953488372,0.220352331
AOI-0058,2017-06-28,70404,1,1,True,0,1.000000000,1.000000000,1.000000000,0.960784314,0.192625738
AOI-0058,2017-07-28,70404,2,2,True,2,1.000000000,1.000000000,3.000000000,0.990147783,0.062150380
AOI-0058,2017-09-01,70404,1,1,True,3,1.000000000,1.000000000,7.000000000,0.979797980,0.112827275
AOI-0058,2018-04-07,70404,2,2,True,3,1.000000000,1.000000000,7.000000000,0.694581281,0.640602776
AOI-0058,2018-05-30,70404,1,1,True,0,1.000000000,1.000000000,1.000000000,0.546666667,0.748938723
AOI-0058,2018-06-08,70404,1,1,True,0,1.000000000,1.000000000,1.000000000,0.978947368,0.116700546
AOI-0058,2018-06-16,70404,1,1,True,0,1.000000000,1.000000000,1.000000000,0.974683544,0.135612188
AOI-0058,2018-08-26,70404,1,1,True,3,1.000000000,1.000000000,7.000000000,0.960784314,0.192625738
AOI-0058,2018-09-19,70404,1,1,True,0,1.000000000,1.000000000,1.000000000,0.953488372,0.220352331
AOI-0058,2018-09-30,70404,2,2,True,0,1.000000000,1.000000000,1.000000000,0.933649289,0.261168673
AOI-0058,2018-10-14,70404,1,1,True,0,1.000000000,1.000000000,1.000000000,0.979797980,0.112827275
AOI-0058,2019-05-02,70404,1,1,True,0,1.000000000,1.000000000,1.000000000,0.974683544,0.135612188
AOI-0058,2019-05-16,70404,0,0,True,0,1.000000000,1.000000000,1.000000000,0.986754967,0.079610965
AOI-0058,2019-06-11,70404,1,1,True,0,1.000000000,1.000000000,1.000000000,0.978947368,0.116700546
AOI-0058,2019-06-26,70404,1,2,True,0,1.000000000,1.000000000,1.000000000,0.771689498,0.559610189
AOI-0058,2019-06-30,70404,0,0,True,2,2.000000000,1.000000000,3.000000000,0.723577236,0.626221864
AOI-0058,2019-07-28,70404,1,2,True,0,1.000000000,1.000000000,1.000000000,0.748837209,0.731448151
AOI-0058,2019-10-13,70404,0,0,True,2,2.000000000,1.000000000,3.000000000,0.987421384,0.076258973
AOI-0058,2019-10-25,70404,1,0,True,0,1.000000000,1.000000000,1.000000000,0.634782609,0.697453920
AOI-0058,2020-04-25,70404,0,0,True,2,1.000000000,1.000000000,3.000000000,0.983739837,0.094374144
AOI-0058,2020-05-28,70404,1,1,True,0,1.000000000,1.000000000,1.000000000,0.873873874,0.411410322
AOI-0058,2020-07-07,70404,1,1,True,0,1.000000000,1.000000000,1.000000000,0.808695652,0.523482354
AOI-0058,2020-08-08,70404,0,0,True,0,1.000000000,1.000000000,1.000000000,0.986754967,0.079610965
AOI-0058,2020-08-16,70404,1,1,True,0,1.000000000,1.000000000,1.000000000,0.831775701,0.489153472
AOI-0058,2020-08-24,70404,1,1,True,0,1.000000000,1.000000000,1.000000000,0.978947368,0.116700546
AOI-0058,2020-09-12,70404,0,0,True,0,1.000000000,1.000000000,1.000000000,0.805714286,0.518158008
AOI-0058,2020-09-13,70404,2,2,True,0,1.000000000,1.000000000,1.000000000,0.990338164,0.061138862
AOI-0058,2020-09-22,70404,0,0,True,0,1.000000000,1.000000000,1.000000000,0.987096774,0.077896072
AOI-0058,2021-06-09,70404,0,0,True,2,1.000000000,1.000000000,3.000000000,0.840490798,0.464858897
AOI-0058,2021-07-10,70404,1,1,True,3,1.000000000,1.000000000,7.000000000,0.978947368,0.116700546
AOI-0058,2021-07-19,70404,0,0,True,0,1.000000000,1.000000000,1.000000000,0.814207650,0.504717032
AOI-0058,2021-08-08,70404,0,0,True,2,2.000000000,1.000000000,3.000000000,0.982608696,0.099759750
AOI-0058,2021-08-18,70404,0,0,True,2,1.000000000,1.000000000,4.000000000,0.986394558,0.081409508
AOI-0058,2021-09-04,70404,0,0,True,2,2.000000000,1.000000000,3.000000000,0.777777778,0.556748955
AOI-0058,2021-10-07,70404,0,0,True,0,1.000000000,1.000000000,1.000000000,0.801169591,0.525159835
AOI-0058,2021-10-30,70404,1,1,True,0,1.000000000,1.000000000,1.000000000,0.808695652,0.523482354
AOI-0058,2022-05-09,70404,1,2,True,0,1.000000000,1.000000000,1.000000000,0.857819905,0.429680211
AOI-0058,2022-05-25,70404,0,2,True,0,1.000000000,1.000000000,1.000000000,0.649289100,0.777698984
AOI-0058,2022-06-09,70404,0,0,True,4,1.000000000,1.000000000,16.000000000,0.983739837,0.094374144
AOI-0058,2022-07-19,70404,0,0,True,0,1.000000000,1.000000000,1.000000000,0.955555556,0.201845225
AOI-0058,2022-08-05,70404,1,0,True,0,1.000000000,1.000000000,1.000000000,0.532710280,0.736818396
AOI-0058,2022-08-30,70404,1,0,True,0,1.000000000,1.000000000,1.000000000,0.630331754,0.684135614
AOI-0058,2022-09-30,70404,1,2,True,0,1.000000000,1.000000000,1.000000000,0.708542714,0.628837152
AOI-0058,2023-04-27,70404,1,1,True,0,1.000000000,1.000000000,1.000000000,0.551020408,0.723183920
AOI-0058,2023-06-21,70404,1,0,True,0,1.000000000,1.000000000,1.000000000,0.726618705,0.619861451
AOI-0058,2023-08-01,70404,1,1,True,0,1.000000000,1.000000000,1.000000000,0.889570552,0.371105909
AOI-0058,2023-08-29,70404,2,2,True,0,1.000000000,1.000000000,1.000000000,0.990338164,0.061138862
AOI-0058,2023-09-25,70404,1,1,True,0,1.000000000,1.000000000,1.000000000,0.600000000,0.746974627
AOI-0058,2023-09-29,70404,0,0,True,2,2.000000000,1.000000000,3.000000000,0.649289100,0.672991185
AOI-0058,2023-09-30,70404,2,2,True,2,2.000000000,1.000000000,3.000000000,0.911330049,0.318474676
AOI-0058,2023-10-04,70404,0,0,True,2,2.000000000,1.000000000,3.000000000,0.668341709,0.661387204
AOI-0058,2023-10-16,70404,1,2,True,2,1.000000000,1.000000000,3.000000000,0.711627907,0.720138053
AOI-0058,2023-10-19,70404,1,0,True,0,1.000000000,1.000000000,1.000000000,0.748502994,0.592271226
AOI-0058,2024-04-05,70404,1,1,True,0,1.000000000,1.000000000,1.000000000,0.963636364,0.181415523
AOI-0058,2024-04-13,70404,1,1,True,5,1.000000000,1.000000000,30.000000000,0.714285714,0.636181423
AOI-0058,2024-05-06,70404,1,0,True,0,1.000000000,1.000000000,1.000000000,0.748633880,0.590157197
AOI-0058,2024-06-25,70404,2,2,True,0,1.000000000,1.000000000,1.000000000,0.488372093,0.878744338
AOI-0058,2024-07-11,70404,2,2,True,0,1.000000000,1.000000000,1.000000000,0.808219178,0.618226866
AOI-0058,2024-07-17,70404,1,1,True,3,1.000000000,1.000000000,7.000000000,0.590361446,0.731082245
AOI-0058,2024-08-12,70404,0,0,True,3,1.000000000,1.000000000,7.000000000,0.668341709,0.855391335
AOI-0058,2024-09-12,70404,1,1,True,0,1.000000000,1.000000000,1.000000000,0.970149254,0.154913925
AOI-0058,2025-05-19,70404,0,0,True,0,1.000000000,1.000000000,1.000000000,0.518987342,0.750961555
AOI-0058,2025-06-03,70404,0,0,True,0,1.000000000,1.000000000,1.000000000,0.986394558,0.081409508
AOI-0058,2025-06-26,70404,2,2,True,0,1.000000000,1.000000000,1.000000000,0.990338164,0.061138862
AOI-0058,2025-07-23,70404,0,0,True,0,2.000000000,1.000000000,1.000000000,0.766871166,0.571399404
AOI-0058,2025-07-29,70404,1,1,True,0,2.000000000,1.000000000,1.000000000,0.979797980,0.112827275
AOI-0058,2025-09-06,70404,1,0,True,0,1.000000000,1.000000000,1.000000000,0.670886076,0.687202700
AOI-0058,2025-09-21,70404,0,0,True,0,1.000000000,1.000000000,1.000000000,0.988023952,0.073197386
AOI-0058,2025-10-28,70404,0,0,True,0,1.000000000,1.000000000,1.000000000,0.966101695,0.171538761
AOI-0059,2010-06-10,70404,2,2,True,1,1.000000000,1.000000000,2.000000000,0.584541063,0.705105205
AOI-0059,2010-07-12,70404,1,2,True,0,1.000000000,1.000000000,1.000000000,0.545893720,0.715682192
AOI-0059,2010-08-13,70404,2,2,True,1,1.000000000,1.000000000,2.000000000,0.932367150,0.264875566
AOI-0059,2010-09-30,70404,2,2,True,0,1.000000000,1.000000000,1.000000000,0.989949749,0.063198621
AOI-0059,2011-06-04,70404,1,1,True,0,1.000000000,1.000000000,1.000000000,0.948717949,0.237819011
AOI-0059,2011-06-10,70404,2,2,True,1,1.000000000,1.000000000,2.000000000,0.990147783,0.062150380
AOI-0059,2011-08-29,70404,2,2,True,1,1.000000000,1.000000000,2.000000000,0.990147783,0.062150380
AOI-0059,2011-09-17,70404,1,1,True,0,1.000000000,1.000000000,1.000000000,0.971830986,0.147843978
AOI-0059,2012-07-27,70404,2,2,True,0,1.000000000,1.000000000,1.000000000,0.730232558,0.606524011
AOI-0059,2012-09-13,70404,2,2,True,3,1.000000000,1.000000000,8.000000000,0.680365297,0.650526760
AOI-0059,2012-10-15,70404,2,2,True,1,1.000000000,1.000000000,2.000000000,0.763033175,0.570790373
AOI-0059,2013-04-08,70404,1,1,True,0,1.000000000,1.000000000,1.000000000,0.866666667,0.485094091
AOI-0059,2013-05-25,70404,1,2,True,0,1.000000000,1.000000000,1.000000000,0.838862559,0.462932768
AOI-0059,2013-07-12,70404,1,2,True,0,1.000000000,1.000000000,1.000000000,0.584541063,0.705105205
AOI-0059,2013-10-07,70404,1,1,True,0,1.000000000,1.000000000,1.000000000,0.935483871,0.283936267
AOI-0059,2014-04-10,70404,1,1,True,0,1.000000000,1.000000000,1.000000000,0.973333333,0.141440924
AOI-0059,2014-04-23,70404,2,2,True,0,1.000000000,1.000000000,1.000000000,0.990697674,0.059218348
AOI-0059,2014-05-25,70404,2,2,True,0,1.000000000,1.000000000,1.000000000,0.990867580,0.058305859
AOI-0059,2014-06-26,70404,2,2,True,0,1.000000000,1.000000000,1.000000000,0.990147783,0.062150380
AOI-0059,2014-07-07,70404,1,1,True,0,1.000000000,1.000000000,1.000000000,0.948717949,0.237819011
AOI-0059,2014-08-13,70404,2,2,True,2,1.000000000,1.000000000,3.000000000,0.989743590,0.064285679
AOI-0059,2015-09-03,70404,1,1,True,3,1.000000000,1.000000000,8.000000000,0.953488372,0.220352331
AOI-0059,2015-09-04,70404,1,1,True,0,1.000000000,1.000000000,1.000000000,0.977011494,0.125386776
AOI-0059,2015-09-11,70404,1,1,True,0,1.000000000,1.000000000,1.000000000,0.960784314,0.192625738
AOI-0059,2015-09-19,70404,1,1,True,0,1.000000000,1.000000000,1.000000000,0.963636364,0.181415523
AOI-0059,2015-10-06,70404,1,1,True,0,1.000000000,1.000000000,1.000000000,0.974683544,0.135612188
AOI-0059,2016-04-22,70404,2,2,True,0,1.000000000,1.000000000,1.000000000,0.954337900,0.200382781
AOI-0059,2016-05-09,70404,1,1,True,0,1.000000000,1.000000000,1.000000000,0.963636364,0.181415523
AOI-0059,2016-05-24,70404,1,2,True,0,1.000000000,1.000000000,1.000000000,0.916279070,0.305727510
AOI-0059,2016-06-10,70404,1,1,True,0,1.000000000,1.000000000,1.000000000,0.957446809,0.205470750
AOI-0059,2016-08-28,70404,1,2,True,0,1.000000000,1.000000000,1.000000000,0.767441860,0.565148736
AOI-0059,2017-04-26,70404,0,0,True,0,1.000000000,1.000000000,1.000000000,0.984251969,0.091909786
AOI-0059,2017-07-03,70404,1,1,False,-1,0.000000000,0.000000000,inf,0.714285714,0.796311640
AOI-0059,2017-07-14,70404,1,1,True,0,1.000000000,1.000000000,1.000000000,0.960784314,0.192625738
AOI-0059,2017-08-08,70404,1,1,True,0,1.000000000,1.000000000,1.000000000,0.941747573,0.248377974
AOI-0059,2017-09-01,70404,1,1,True,3,1.000000000,1.000000000,8.000000000,0.979797980,0.112827275
AOI-0059,2017-09-18,70404,0,0,True,0,1.000000000,1.000000000,1.000000000,0.824561404,0.490045290
AOI-0059,2017-09-25,70404,1,0,True,0,1.000000000,1.000000000,1.000000000,0.574803150,0.721124011
AOI-0059,2018-04-11,70404,0,0,True,0,1.000000000,1.000000000,1.000000000,0.987096774,0.077896072
AOI-0059,2018-05-11,70404,0,0,True,0,1.000000000,1.000000000,1.000000000,0.974683544,0.135612188
AOI-0059,2018-06-15,70404,0,0,True,0,1.000000000,1.000000000,1.000000000,0.982608696,0.099759750
AOI-0059,2018-06-26,70404,2,2,True,0,1.000000000,1.000000000,1.000000000,0.698630137,0.635682805
AOI-0059,2018-07-01,70404,1,1,True,0,1.000000000,1.000000000,1.000000000,0.963636364,0.181415523
AOI-0059,2018-07-12,70404,2,2,True,0,1.000000000,1.000000000,1.000000000,0.748837209,0.586770241
AOI-0059,2018-08-26,70404,1,1,True,3,1.000000000,1.000000000,8.000000000,0.960784314,0.192625738
AOI-0059,2019-07-04,70404,1,0,True,4,1.000000000,1.000000000,15.000000000,0.559322034,0.757933289
AOI-0059,2019-08-05,70404,1,1,True,0,1.000000000,1.000000000,1.000000000,0.948717949,0.237819011
AOI-0059,2019-08-29,70404,0,0,True,0,1.000000000,1.000000000,1.000000000,0.714285714,0.623155167
AOI-0059,2019-09-13,70404,0,0,True,0,1.000000000,1.000000000,1.000000000,0.986394558,0.081409508
AOI-0059,2019-09-30,70404,0,2,True,1,1.000000000,1.000000000,2.000000000,0.607305936,0.888219776
AOI-0059,2019-10-18,70404,0,0,True,0,1.000000000,1.000000000,1.000000000,0.970149254,0.154913925
AOI-0059,2019-10-28,70404,0,0,True,0,1.000000000,1.000000000,1.000000000,0.806451613,0.519613528
AOI-0059,2020-04-02,70404,1,0,True,0,1.000000000,1.000000000,1.000000000,0.698324022,0.640097043
AOI-0059,2020-04-06,70404,2,2,True,0,1.000000000,1.000000000,1.000000000,0.990867580,0.058305859
AOI-0059,2020-05-11,70404,1,1,True,0,1.000000000,1.000000000,1.000000000,0.960784314,0.192625738
AOI-0059,2020-07-04,70404,0,0,True,0,1.000000000,1.000000000,1.000000000,0.986394558,0.081409508
AOI-0059,2020-07-12,70404,0,0,True,4,1.000000000,1.000000000,15.000000000,0.894736842,0.409458619
AOI-0059,2020-07-19,70404,0,0,True,0,1.000000000,1.000000000,1.000000000,0.985611511,0.085284100
AOI-0059,2020-07-29,70404,0,0,True,0,1.000000000,1.000000000,1.000000000,0.981308411,0.105858397
AOI-0059,2020-08-18,70404,0,0,True,0,1.000000000,1.000000000,1.000000000,0.687203791,0.645879152
AOI-0059,2020-09-27,70404,0,0,True,0,1.000000000,1.000000000,1.000000000,0.711627907,0.624497062
AOI-0059,2020-10-07,70404,0,0,True,0,1.000000000,1.000000000,1.000000000,0.987096774,0.077896072
AOI-0059,2021-05-23,70404,1,1,True,0,1.000000000,1.000000000,1.000000000,0.978947368,0.116700546
AOI-0059,2021-05-25,70404,0,2,True,0,1.000000000,1.000000000,1.000000000,0.661835749,0.665130698
AOI-0059,2021-06-09,70404,0,0,True,1,1.000000000,1.000000000,2.000000000,0.840490798,0.464858897
AOI-0059,2021-07-10,70404,1,1,True,3,1.000000000,1.000000000,8.000000000,0.978947368,0.116700546
AOI-0059,2021-08-03,70404,0,0,True,0,1.000000000,1.000000000,1.000000000,0.961290323,0.181262606
AOI-0059,2021-09-11,70404,1,0,True,0,1.000000000,1.000000000,1.000000000,0.523809524,0.761605701
AOI-0059,2021-10-12,70404,0,0,True,0,1.000000000,1.000000000,1.000000000,0.973333333,0.141440924
AOI-0059,2022-05-15,70404,0,0,True,1,1.000000000,1.000000000,2.000000000,0.706666667,0.659348879
AOI-0059,2022-06-09,70404,0,0,True,4,1.000000000,1.000000000,15.000000000,0.983739837,0.094374144
AOI-0059,2022-07-05,70404,1,1,True,0,1.000000000,1.000000000,1.000000000,0.981308411,0.105858397
AOI-0059,2022-07-21,70404,1,0,True,0,1.000000000,1.000000000,1.000000000,0.611510791,0.703892435
AOI-0059,2022-07-28,70404,1,2,True,0,1.000000000,1.000000000,1.000000000,0.579487179,0.953656615
AOI-0059,2022-08-22,70404,1,1,True,0,1.000000000,1.000000000,1.000000000,0.732283465,0.616498091
AOI-0059,2022-08-23,70404,0,0,True,0,1.000000000,1.000000000,1.000000000,0.847953216,0.451030292
AOI-0059,2022-08-25,70404,1,0,True,0,1.000000000,1.000000000,1.000000000,0.717277487,0.621577835
AOI-0059,2023-04-01,70404,1,1,True,0,1.000000000,1.000000000,1.000000000,0.818181818,0.600166073
AOI-0059,2023-05-12,70404,1,0,True,0,1.000000000,1.000000000,1.000000000,0.743016760,0.596792252
AOI-0059,2023-06-10,70404,2,2,True,0,1.000000000,1.000000000,1.000000000,0.991031390,0.057423085
AOI-0059,2023-06-23,70404,1,1,True,0,1.000000000,1.000000000,1.000000000,0.879069767,0.388488812
AOI-0059,2023-08-03,70404,0,0,True,0,1.000000000,1.000000000,1.000000000,0.719626168,0.634281203
AOI-0059,2023-09-10,70404,1,1,False,-1,0.000000000,0.000000000,inf,0.894736842,0.409458619
AOI-0059,2023-09-14,70404,2,2,True,0,1.000000000,1.000000000,1.000000000,0.525581395,0.717977583
AOI-0059,2023-09-29,70404,0,0,True,1,1.000000000,1.000000000,2.000000000,0.649289100,0.672991185
AOI-0059,2023-10-04,70404,0,0,True,1,1.000000000,1.000000000,2.000000000,0.668341709,0.661387204
AOI-0059,2023-10-07,70404,0,0,True,0,1.000000000,1.000000000,1.000000000,0.795918367,0.535834427
AOI-0059,2024-05-04,70404,0,0,True,0,1.000000000,1.000000000,1.000000000,0.986754967,0.079610965
AOI-0059,2024-05-30,70404,1,1,True,0,1.000000000,1.000000000,1.000000000,0.957446809,0.205470750
AOI-0059,2024-06-07,70404,1,1,True,0,1.000000000,1.000000000,1.000000000,0.587301587,0.745105228
AOI-0059,2024-07-09,70404,1,1,False,-1,0.000000000,0.000000000,inf,0.925925926,0.315396287
AOI-0059,2024-08-12,70404,0,0,True,3,1.000000000,1.000000000,8.000000000,0.668341709,0.855391335
AOI-0059,2024-08-28,70404,1,1,True,2,1.000000000,1.000000000,3.000000000,0.517948718,0.720902507
AOI-0059,2024-09-03,70404,1,0,True,0,1.000000000,1.000000000,1.000000000,0.684210526,0.669805822
AOI-0059,2024-10-05,70404,1,0,True,0,1.000000000,1.000000000,1.000000000,0.491525424,0.767314425
AOI-0059,2024-10-06,70404,0,0,True,0,1.000000000,1.000000000,1.000000000,0.987096774,0.077896072
AOI-0059,2025-04-07,70404,2,2,True,0,1.000000000,1.000000000,1.000000000,0.973568282,0.134019856
AOI-0059,2025-04-14,70404,0,0,True,0,1.000000000,1.000000000,1.000000000,0.986754967,0.079610965
AOI-0059,2025-07-05,70404,1,0,True,0,1.000000000,1.000000000,1.000000000,0.737142857,0.603553904
AOI-0059,2025-07-18,70404,0,0,True,0,1.000000000,1.000000000,1.000000000,0.986754967,0.079610965
AOI-0059,2025-07-28,70404,0,0,True,0,1.000000000,1.000000000,1.000000000,0.679653680,0.650062167
AOI-0059,2025-08-06,70404,1,0,True,0,1.000000000,1.000000000,1.000000000,0.637209302,0.679891962
AOI-0059,2025-08-17,70404,0,0,True,0,2.000000000,1.000000000,1.000000000,0.782857143,0.549692548
AOI-0059,2025-09-08,70404,0,0,True,0,2.000000000,1.000000000,1.000000000,0.931034483,0.268700917
AOI-0060,2025-04-01,70404,0,0,True,0,1.000000000,1.000000000,1.000000000,0.983739837,0.094374144
AOI-0060,2025-04-24,70404,0,0,True,0,2.000000000,1.000000000,1.000000000,0.982608696,0.099759750
AOI-0060,2025-05-09,70404,2,2,True,0,1.000000000,1.000000000,1.000000000,0.832599119,0.472112358
AOI-0060,2025-06-08,70404,0,0,True,0,2.000000000,1.000000000,1.000000000,0.988023952,0.073197386
AOI-0060,2025-07-23,70404,0,0,True,0,2.000000000,1.000000000,1.000000000,0.766871166,0.571399404
AOI-0060,2025-07-29,70404,1,1,True,0,1.000000000,1.000000000,1.000000000,0.979797980,0.112827275
AOI-0060,2025-08-12,70404,0,0,True,0,2.000000000,1.000000000,1.000000000,0.985611511,0.085284100
AOI-0060,2025-08-19,70404,0,0,True,0,2.000000000,1.000000000,1.000000000,0.990867580,0.058305859
AOI-0061,2010-04-07,70404,2,2,True,0,1.000000000,1.000000000,1.000000000,0.680365297,0.650526760
AOI-0061,2010-07-21,70404,1,1,True,0,1.000000000,1.000000000,1.000000000,0.971830986,0.147843978
AOI-0061,2010-10-01,70404,1,1,True,0,1.000000000,1.000000000,1.000000000,0.960784314,0.192625738
AOI-0061,2011-05-21,70404,1,1,True,0,1.000000000,1.000000000,1.000000000,0.970149254,0.154913925
AOI-0061,2011-06-06,70404,1,1,True,0,1.000000000,1.000000000,1.000000000,0.983193277,0.096986095
AOI-0061,2011-09-14,70404,2,2,True,0,1.000000000,1.000000000,1.000000000,0.990697674,0.059218348
AOI-0061,2012-08-03,70404,1,1,True,0,1.000000000,1.000000000,1.000000000,0.978021978,0.120874486
AOI-0061,2012-08-12,70404,2,2,True,4,2.000000000,1.000000000,12.000000000,0.829145729,0.479909082
AOI-0061,2012-09-13,70404,2,2,True,4,3.000000000,1.000000000,10.000000000,0.680365297,0.650526760
AOI-0061,2013-04-07,70404,2,2,True,1,1.000000000,1.000000000,2.000000000,0.934883721,0.257574641
AOI-0061,2013-08-06,70404,1,1,True,0,1.000000000,1.000000000,1.000000000,0.982608696,0.099759750
AOI-0061,2013-10-16,70404,2,2,True,4,2.000000000,1.000000000,12.000000000,0.628140704,0.686557305
AOI-0061,2013-10-25,70404,1,1,True,0,1.000000000,1.000000000,1.000000000,0.980582524,0.109222462
AOI-0061,2014-06-10,70404,2,2,True,0,1.000000000,1.000000000,1.000000000,0.989743590,0.064285679
AOI-0061,2014-07-12,70404,2,2,True,0,1.000000000,1.000000000,1.000000000,0.990697674,0.059218348
AOI-0061,2014-08-13,70404,2,2,True,0,1.000000000,1.000000000,1.000000000,0.989743590,0.064285679
AOI-0061,2014-08-17,70404,1,1,False,-1,0.000000000,0.000000000,inf,0.978947368,0.116700546
AOI-0061,2015-04-14,70404,1,1,False,-1,0.000000000,0.000000000,inf,0.980582524,0.109222462
AOI-0061,2015-06-01,70404,1,1,False,-1,0.000000000,0.000000000,inf,0.978021978,0.120874486
AOI-0061,2015-07-11,70404,1,1,True,0,1.000000000,1.000000000,1.000000000,0.975903614,0.130281794
AOI-0061,2015-07-28,70404,2,2,True,0,1.000000000,1.000000000,1.000000000,0.709251101,0.625649245
AOI-0061,2016-04-08,70404,1,1,False,-1,0.000000000,0.000000000,inf,0.981308411,0.105858397
AOI-0061,2016-05-08,70404,2,2,True,1,1.000000000,1.000000000,2.000000000,0.895734597,0.353634640
AOI-0061,2016-06-09,70404,2,2,True,0,1.000000000,1.000000000,1.000000000,0.990521327,0.060162121
AOI-0061,2016-07-11,70404,2,2,True,1,1.000000000,1.000000000,2.000000000,0.916279070,0.305727510
AOI-0061,2017-04-16,70404,0,0,True,0,1.000000000,1.000000000,1.000000000,0.978021978,0.120874486
AOI-0061,2017-04-23,70404,2,2,True,1,1.000000000,1.000000000,2.000000000,0.990697674,0.059218348
AOI-0061,2017-07-12,70404,2,2,True,2,1.000000000,1.000000000,3.000000000,0.857819905,0.429680211
AOI-0061,2017-08-21,70404,0,0,True,0,1.000000000,1.000000000,1.000000000,0.982608696,0.099759750
AOI-0061,2017-09-13,70404,0,0,True,0,1.000000000,1.000000000,1.000000000,0.985185185,0.087375267
AOI-0061,2017-09-15,70404,0,0,False,-1,0.000000000,0.000000000,inf,0.985185185,0.087375267
AOI-0061,2017-09-30,70404,2,2,True,1,1.000000000,1.000000000,2.000000000,0.668246445,0.660253900
AOI-0061,2018-04-30,70404,1,1,True,0,1.000000000,1.000000000,1.000000000,0.983739837,0.094374144
AOI-0061,2018-07-11,70404,1,1,False,-1,0.000000000,0.000000000,inf,0.977011494,0.125386776
AOI-0061,2018-09-18,70404,0,0,True,1,1.000000000,1.000000000,2.000000000,0.985185185,0.087375267
AOI-0061,2018-09-30,70404,2,2,True,0,1.000000000,1.000000000,1.000000000,0.933649289,0.261168673
AOI-0061,2018-10-07,70404,1,1,True,0,1.000000000,1.000000000,1.000000000,0.807407407,0.521357632
AOI-0061,2018-10-16,70404,2,2,True,0,1.000000000,1.000000000,1.000000000,0.753424658,0.581279608
AOI-0061,2019-04-07,70404,2,2,True,0,1.000000000,1.000000000,1.000000000,0.797356828,0.525268191
AOI-0061,2019-05-16,70404,0,0,True,0,1.000000000,1.000000000,1.000000000,0.986754967,0.079610965
AOI-0061,2019-05-23,70404,0,0,True,0,1.000000000,1.000000000,1.000000000,0.913043478,0.355712860
AOI-0061,2019-05-26,70404,0,0,True,0,1.000000000,1.000000000,1.000000000,0.894736842,0.409458619
AOI-0061,2019-07-20,70404,0,0,True,0,1.000000000,1.000000000,1.000000000,0.987096774,0.077896072
AOI-0061,2019-08-15,70404,1,1,True,0,1.000000000,1.000000000,1.000000000,0.981981982,0.102711110
AOI-0061,2019-08-24,70404,0,0,True,0,1.000000000,1.000000000,1.000000000,0.729032258,0.614707193
AOI-0061,2019-08-26,70404,0,0,True,0,1.000000000,1.000000000,1.000000000,0.985185185,0.087375267
AOI-0061,2019-09-18,70404,0,0,True,1,1.000000000,1.000000000,2.000000000,0.981308411,0.105858397
AOI-0061,2019-10-25,70404,0,0,True,0,1.000000000,1.000000000,1.000000000,0.634782609,0.697453920
AOI-0061,2019-10-28,70404,0,0,True,2,1.000000000,1.000000000,3.000000000,0.806451613,0.519613528
AOI-0061,2020-05-12,70404,0,0,True,0,1.000000000,1.000000000,1.000000000,0.655813953,0.668411592
AOI-0061,2020-05-13,70404,1,1,False,-1,0.000000000,0.000000000,inf,0.974683544,0.135612188
AOI-0061,2020-06-29,70404,0,0,True,0,1.000000000,1.000000000,1.000000000,0.984251969,0.091909786
AOI-0061,2020-06-30,70404,1,1,False,-1,0.000000000,0.000000000,inf,0.960784314,0.192625738
AOI-0061,2020-07-29,70404,0,0,True,0,1.000000000,1.000000000,1.000000000,0.981308411,0.105858397
AOI-0061,2020-08-10,70404,0,0,False,-1,0.000000000,0.000000000,inf,0.985185185,0.087375267
AOI-0061,2020-08-15,70404,0,0,True,0,1.000000000,1.000000000,1.000000000,0.815950920,0.504375887
AOI-0061,2020-09-09,70404,1,0,True,1,1.000000000,1.000000000,2.000000000,0.631284916,0.687218230
AOI-0061,2020-10-12,70404,0,0,True,0,1.000000000,1.000000000,1.000000000,0.792349727,0.536096233
AOI-0061,2020-10-27,70404,0,0,True,0,1.000000000,1.000000000,1.000000000,0.984732824,0.089580528
AOI-0061,2021-04-06,70404,1,1,True,0,1.000000000,1.000000000,1.000000000,0.982608696,0.099759750
AOI-0061,2021-06-16,70404,0,0,True,0,1.000000000,1.000000000,1.000000000,0.726775956,0.613225887
AOI-0061,2021-07-12,70404,2,2,True,0,1.000000000,1.000000000,1.000000000,0.603524229,0.886951309
AOI-0061,2021-07-14,70404,0,0,True,0,1.000000000,1.000000000,1.000000000,0.986394558,0.081409508
AOI-0061,2021-07-28,70404,2,2,True,0,1.000000000,1.000000000,1.000000000,0.714285714,0.796311640
AOI-0061,2021-07-31,70404,0,0,False,-1,0.000000000,0.000000000,inf,0.985185185,0.087375267
AOI-0061,2021-08-18,70404,0,0,True,0,1.000000000,1.000000000,1.000000000,0.986394558,0.081409508
AOI-0061,2021-09-05,70404,1,1,True,0,1.000000000,1.000000000,1.000000000,0.568627451,0.763461902
AOI-0061,2021-09-13,70404,1,1,False,-1,0.000000000,0.000000000,inf,0.978947368,0.116700546
AOI-0061,2021-10-02,70404,0,0,True,0,1.000000000,1.000000000,1.000000000,0.984732824,0.089580528
AOI-0061,2022-04-07,70404,0,0,True,0,1.000000000,1.000000000,1.000000000,0.637209302,0.882569405
AOI-0061,2022-05-12,70404,0,0,False,-1,0.000000000,0.000000000,inf,0.981308411,0.105858397
AOI-0061,2022-06-09,70404,0,0,True,4,1.000000000,1.000000000,13.000000000,0.983739837,0.094374144
AOI-0061,2022-06-30,70404,1,1,True,0,1.000000000,1.000000000,1.000000000,0.985185185,0.087375267
AOI-0061,2022-07-14,70404,0,0,True,0,1.000000000,1.000000000,1.000000000,0.795275591,0.540257419
AOI-0061,2022-07-30,70404,1,1,True,0,1.000000000,1.000000000,1.000000000,0.981308411,0.105858397
AOI-0061,2022-09-29,70404,0,0,False,-1,0.000000000,0.000000000,inf,0.983193277,0.096986095
AOI-0061,2022-09-30,70404,1,2,True,1,1.000000000,1.000000000,2.000000000,0.708542714,0.628837152
AOI-0061,2022-10-07,70404,0,0,True,1,1.000000000,1.000000000,2.000000000,0.986013986,0.083298165
AOI-0061,2023-04-17,70404,0,0,True,0,1.000000000,1.000000000,1.000000000,0.978947368,0.116700546
AOI-0061,2023-06-11,70404,0,0,True,0,1.000000000,1.000000000,1.000000000,0.925925926,0.315396287
AOI-0061,2023-07-14,70404,0,0,True,4,1.000000000,1.000000000,12.000000000,0.979797980,0.112827275
AOI-0061,2023-07-29,70404,0,0,True,0,1.000000000,1.000000000,1.000000000,0.981308411,0.105858397
AOI-0061,2023-08-08,70404,0,0,True,0,1.000000000,1.000000000,1.000000000,0.839572193,0.463824283
AOI-0061,2023-08-15,70404,0,0,False,-1,0.000000000,0.000000000,inf,0.983193277,0.096986095
AOI-0061,2023-08-29,70404,2,2,True,0,1.000000000,1.000000000,1.000000000,0.990338164,0.061138862
AOI-0061,2023-10-05,70404,1,1,True,0,1.000000000,1.000000000,1.000000000,0.966101695,0.171538761
AOI-0061,2023-10-07,70404,0,0,True,2,1.000000000,1.000000000,3.000000000,0.795918367,0.535834427
AOI-0061,2023-10-21,70404,1,1,True,0,1.000000000,1.000000000,1.000000000,0.943925234,0.241292743
AOI-0061,2024-04-14,70404,0,0,True,0,1.000000000,1.000000000,1.000000000,0.706293706,0.638483603
AOI-0061,2024-05-21,70404,0,0,True,0,1.000000000,1.000000000,1.000000000,0.983193277,0.096986095
AOI-0061,2024-06-03,70404,0,0,True,1,1.000000000,1.000000000,2.000000000,0.801324503,0.527596161
AOI-0061,2024-07-13,70404,0,0,True,0,1.000000000,1.000000000,1.000000000,0.832402235,0.476550171
AOI-0061,2024-07-19,70404,1,1,True,0,1.000000000,1.000000000,1.000000000,0.981308411,0.105858397
AOI-0061,2024-08-28,70404,1,1,True,0,1.000000000,1.000000000,1.000000000,0.517948718,0.720902507
AOI-0061,2024-09-08,70404,0,0,False,-1,0.000000000,0.000000000,inf,0.983193277,0.096986095
AOI-0061,2024-09-11,70404,0,0,True,0,1.000000000,1.000000000,1.000000000,0.983193277,0.096986095
AOI-0061,2024-09-28,70404,1,0,True,1,1.000000000,1.000000000,2.000000000,0.675392670,0.657094863
AOI-0061,2025-05-06,70404,0,0,True,0,1.000000000,1.000000000,1.000000000,0.986754967,0.079610965
AOI-0061,2025-05-14,70404,0,0,True,0,1.000000000,1.000000000,1.000000000,0.984732824,0.089580528
AOI-0061,2025-05-25,70404,2,2,True,0,2.000000000,1.000000000,1.000000000,0.824267782,0.484632634
AOI-0061,2025-07-14,70404,1,1,True,1,1.000000000,1.000000000,2.000000000,0.721854305,0.622489281
AOI-0061,2025-08-02,70404,0,0,True,0,1.000000000,1.000000000,1.000000000,0.985611511,0.085284100
AOI-0061,2025-08-04,70404,0,0,True,0,1.000000000,1.000000000,1.000000000,0.948717949,0.237819011
AOI-0061,2025-08-14,70404,0,0,True,0,1.000000000,1.000000000,1.000000000,0.668874172,0.667436348
AOI-0061,2025-08-31,70404,1,1,True,0,1.000000000,1.000000000,1.000000000,0.747899160,0.601474619
AOI-0061,2025-09-01,70404,0,0,True,0,1.000000000,1.000000000,1.000000000,0.714285714,0.620702664
AOI-0061,2025-09-30,70404,2,2,True,0,1.000000000,1.000000000,1.000000000,0.874396135,0.398419961
AOI-0061,2025-10-02,70404,1,1,True,1,1.000000000,1.000000000,2.000000000,0.832061069,0.483656175
AOI-0062,2010-04-23,70404,2,2,True,2,1.000000000,1.000000000,3.000000000,0.607305936,0.694816977
AOI-0062,2010-05-25,70404,2,2,True,0,1.000000000,1.000000000,1.000000000,0.990697674,0.059218348
AOI-0062,2010-08-29,70404,2,2,True,0,1.000000000,1.000000000,1.000000000,0.565217391,0.711158468
AOI-0062,2011-08-09,70404,1,1,True,0,1.000000000,1.000000000,1.000000000,0.983193277,0.096986095
AOI-0062,2011-09-18,70404,1,1,False,-1,0.000000000,0.000000000,inf,0.982608696,0.099759750
AOI-0062,2011-10-28,70404,1,1,True,0,1.000000000,1.000000000,1.000000000,0.894736842,0.409458619
AOI-0062,2012-04-13,70404,1,1,True,0,1.000000000,1.000000000,1.000000000,0.974683544,0.135612188
AOI-0062,2012-08-12,70404,2,2,True,4,2.000000000,1.000000000,11.000000000,0.829145729,0.479909082
AOI-0062,2013-04-07,70404,2,2,True,2,1.000000000,1.000000000,3.000000000,0.934883721,0.257574641
AOI-0062,2013-04-16,70404,1,1,False,-1,0.000000000,0.000000000,inf,0.981981982,0.102711110
AOI-0062,2013-06-26,70404,1,2,True,2,1.000000000,1.000000000,3.000000000,0.576354680,0.708281313
AOI-0062,2014-07-28,70404,2,2,True,2,2.000000000,1.000000000,3.000000000,0.989949749,0.063198621
AOI-0062,2014-08-17,70404,1,1,False,-1,0.000000000,0.000000000,inf,0.978947368,0.116700546
AOI-0062,2014-09-14,70404,2,2,True,0,1.000000000,1.000000000,1.000000000,0.990147783,0.062150380
AOI-0062,2014-09-30,70404,2,2,True,0,1.000000000,1.000000000,1.000000000,0.990697674,0.059218348
AOI-0062,2015-05-24,70404,1,1,True,0,1.000000000,1.000000000,1.000000000,0.981308411,0.105858397
AOI-0062,2015-06-26,70404,2,2,True,0,1.000000000,1.000000000,1.000000000,0.897674419,0.349083713
AOI-0062,2015-08-28,70404,1,1,True,0,1.000000000,1.000000000,1.000000000,0.978947368,0.116700546
AOI-0062,2015-09-14,70404,2,2,True,0,1.000000000,1.000000000,1.000000000,0.990697674,0.059218348
AOI-0062,2016-04-08,70404,1,1,False,-1,0.000000000,0.000000000,inf,0.981308411,0.105858397
AOI-0062,2016-05-02,70404,1,1,False,-1,0.000000000,0.000000000,inf,0.971830986,0.147843978
AOI-0062,2016-07-13,70404,1,1,False,-1,0.000000000,0.000000000,inf,0.979797980,0.112827275
AOI-0062,2016-10-01,70404,1,1,True,0,1.000000000,1.000000000,1.000000000,0.968253968,0.162764794
AOI-0062,2017-04-23,70404,2,2,True,2,1.000000000,1.000000000,3.000000000,0.990697674,0.059218348
AOI-0062,2017-06-06,70404,1,1,True,0,1.000000000,1.000000000,1.000000000,0.979797980,0.112827275
AOI-0062,2017-07-12,70404,2,2,True,2,1.000000000,1.000000000,4.000000000,0.857819905,0.429680211
AOI-0062,2017-07-24,70404,1,1,True,0,1.000000000,1.000000000,1.000000000,0.762237762,0.580035758
AOI-0062,2017-07-27,70404,0,0,False,-1,0.000000000,0.000000000,inf,0.985611511,0.085284100
AOI-0062,2017-09-25,70404,0,0,True,0,1.000000000,1.000000000,1.000000000,0.574803150,0.721124011
AOI-0062,2017-09-30,70404,2,2,True,2,2.000000000,1.000000000,3.000000000,0.668246445,0.660253900
AOI-0062,2018-04-14,70404,1,1,True,0,1.000000000,1.000000000,1.000000000,0.983739837,0.094374144
AOI-0062,2018-07-11,70404,1,1,False,-1,0.000000000,0.000000000,inf,0.977011494,0.125386776
AOI-0062,2018-08-04,70404,1,1,False,-1,0.000000000,0.000000000,inf,0.970149254,0.154913925
AOI-0062,2018-08-29,70404,2,2,True,0,1.000000000,1.000000000,1.000000000,0.753424658,0.581279608
AOI-0062,2018-09-18,70404,0,0,True,2,2.000000000,1.000000000,3.000000000,0.985185185,0.087375267
AOI-0062,2019-04-28,70404,0,0,True,0,1.000000000,1.000000000,1.000000000,0.983193277,0.096986095
AOI-0062,2019-05-06,70404,0,0,True,0,1.000000000,1.000000000,1.000000000,0.984251969,0.091909786
AOI-0062,2019-05-28,70404,0,0,True,0,1.000000000,1.000000000,1.000000000,0.984251969,0.091909786
AOI-0062,2019-07-02,70404,0,0,True,0,1.000000000,1.000000000,1.000000000,0.984251969,0.091909786
AOI-0062,2019-07-22,70404,0,0,True,0,1.000000000,1.000000000,1.000000000,0.915966387,0.315829877
AOI-0062,2019-08-07,70404,1,1,True,0,1.000000000,1.000000000,1.000000000,0.853658537,0.447709041
AOI-0062,2019-08-14,70404,0,0,True,0,1.000000000,1.000000000,1.000000000,0.987421384,0.076258973
AOI-0062,2019-08-21,70404,1,0,True,2,1.000000000,1.000000000,4.000000000,0.766871166,0.571399404
AOI-0062,2019-09-16,70404,1,1,True,0,1.000000000,1.000000000,1.000000000,0.853658537,0.447709041
AOI-0062,2019-09-18,70404,0,0,True,2,2.000000000,1.000000000,3.000000000,0.981308411,0.105858397
AOI-0062,2019-10-16,70404,2,2,True,0,1.000000000,1.000000000,1.000000000,0.763033175,0.699462498
AOI-0062,2020-04-07,70404,0,0,True,0,1.000000000,1.000000000,1.000000000,0.984732824,0.089580528
AOI-0062,2020-04-12,70404,0,0,True,0,1.000000000,1.000000000,1.000000000,0.984732824,0.089580528
AOI-0062,2020-04-17,70404,1,0,True,2,1.000000000,1.000000000,3.000000000,0.710691824,0.631831023
AOI-0062,2020-04-25,70404,0,0,True,0,1.000000000,1.000000000,1.000000000,0.983739837,0.094374144
AOI-0062,2020-05-13,70404,1,1,False,-1,0.000000000,0.000000000,inf,0.974683544,0.135612188
AOI-0062,2020-06-30,70404,1,1,False,-1,0.000000000,0.000000000,inf,0.960784314,0.192625738
AOI-0062,2020-07-31,70404,0,0,True,0,1.000000000,1.000000000,1.000000000,0.556886228,0.718381285
AOI-0062,2020-08-05,70404,0,0,True,0,1.000000000,1.000000000,1.000000000,0.985185185,0.087375267
AOI-0062,2020-08-10,70404,0,0,False,-1,0.000000000,0.000000000,inf,0.985185185,0.087375267
AOI-0062,2020-09-19,70404,0,0,True,0,1.000000000,1.000000000,1.000000000,0.795275591,0.540257419
AOI-0062,2021-05-07,70404,0,1,True,0,1.000000000,1.000000000,1.000000000,0.611940299,0.731135151
AOI-0062,2021-05-30,70404,0,0,True,0,1.000000000,1.000000000,1.000000000,0.935483871,0.283936267
AOI-0062,2021-06-09,70404,0,0,True,0,1.000000000,1.000000000,1.000000000,0.840490798,0.464858897
AOI-0062,2021-06-19,70404,0,0,True,0,1.000000000,1.000000000,1.000000000,0.824561404,0.490045290
AOI-0062,2021-06-21,70404,0,0,True,0,1.000000000,1.000000000,1.000000000,0.985611511,0.085284100
AOI-0062,2021-07-03,70404,1,1,True,0,1.000000000,1.000000000,1.000000000,0.732283465,0.616498091
AOI-0062,2021-07-31,70404,0,0,False,-1,0.000000000,0.000000000,inf,0.985185185,0.087375267
AOI-0062,2021-08-23,70404,0,0,True,0,1.000000000,1.000000000,1.000000000,0.984251969,0.091909786
AOI-0062,2021-09-30,70404,2,2,True,0,1.000000000,1.000000000,1.000000000,0.630331754,0.852595732
AOI-0062,2022-05-09,70404,1,2,True,2,1.000000000,1.000000000,3.000000000,0.857819905,0.429680211
AOI-0062,2022-05-12,70404,0,0,False,-1,0.000000000,0.000000000,inf,0.981308411,0.105858397
AOI-0062,2022-05-22,70404,0,0,False,-1,0.000000000,0.000000000,inf,0.913043478,0.355712860
AOI-0062,2022-06-11,70404,0,0,True,0,1.000000000,1.000000000,1.000000000,0.711229947,0.627675967
AOI-0062,2022-07-28,70404,1,2,True,2,1.000000000,1.000000000,4.000000000,0.579487179,0.953656615
AOI-0062,2022-08-13,70404,0,0,True,0,1.000000000,1.000000000,1.000000000,0.581395349,0.705392195
AOI-0062,2022-09-29,70404,0,0,False,-1,0.000000000,0.000000000,inf,0.983193277,0.096986095
AOI-0062,2022-10-07,70404,0,0,True,2,2.000000000,1.000000000,3.000000000,0.986013986,0.083298165
AOI-0062,2022-10-12,70404,0,0,True,0,1.000000000,1.000000000,1.000000000,0.986394558,0.081409508
AOI-0062,2023-04-27,70404,1,1,True,2,1.000000000,1.000000000,3.000000000,0.551020408,0.723183920
AOI-0062,2023-05-05,70404,1,0,True,2,2.000000000,1.000000000,3.000000000,0.770992366,0.571542733
AOI-0062,2023-06-10,70404,2,2,True,0,1.000000000,1.000000000,1.000000000,0.991031390,0.057423085
AOI-0062,2023-07-06,70404,0,0,True,0,1.000000000,1.000000000,1.000000000,0.985185185,0.087375267
AOI-0062,2023-08-15,70404,0,0,False,-1,0.000000000,0.000000000,inf,0.983193277,0.096986095
AOI-0062,2023-09-22,70404,0,0,True,0,1.000000000,1.000000000,1.000000000,0.987421384,0.076258973
AOI-0062,2023-10-07,70404,0,0,True,2,1.000000000,1.000000000,4.000000000,0.795918367,0.535834427
AOI-0062,2023-10-11,70404,1,1,True,0,1.000000000,1.000000000,1.000000000,0.780645161,0.555196694
AOI-0062,2023-10-13,70404,1,1,True,0,1.000000000,1.000000000,1.000000000,0.963636364,0.181415523
AOI-0062,2023-10-22,70404,0,0,True,0,1.000000000,1.000000000,1.000000000,0.514563107,0.740314755
AOI-0062,2024-04-04,70404,0,0,True,0,1.000000000,1.000000000,1.000000000,0.986013986,0.083298165
AOI-0062,2024-06-09,70404,2,2,True,0,1.000000000,1.000000000,1.000000000,0.841860465,0.457555646
AOI-0062,2024-07-20,70404,0,0,True,0,1.000000000,1.000000000,1.000000000,0.983739837,0.094374144
AOI-0062,2024-07-25,70404,0,0,True,0,1.000000000,1.000000000,1.000000000,0.737142857,0.603553904
AOI-0062,2024-07-27,70404,2,1,True,0,1.000000000,1.000000000,1.000000000,0.478672986,1.010697284
AOI-0062,2024-08-20,70404,1,1,True,0,1.000000000,1.000000000,1.000000000,0.826771654,0.492999622
AOI-0062,2024-09-03,70404,0,0,True,0,1.000000000,1.000000000,1.000000000,0.684210526,0.669805822
AOI-0062,2024-09-28,70404,1,0,True,2,1.000000000,1.000000000,3.000000000,0.675392670,0.657094863
AOI-0062,2024-10-03,70404,0,0,True,0,1.000000000,1.000000000,1.000000000,0.963636364,0.181415523
AOI-0062,2025-04-18,70404,0,0,True,0,2.000000000,1.000000000,1.000000000,0.985611511,0.085284100
AOI-0062,2025-04-19,70404,0,0,True,1,2.000000000,1.000000000,2.000000000,0.804651163,0.515866398
AOI-0062,2025-05-24,70404,0,0,True,0,2.000000000,1.000000000,1.000000000,0.986013986,0.083298165
AOI-0062,2025-06-26,70404,2,2,True,0,1.000000000,1.000000000,1.000000000,0.990338164,0.061138862
AOI-0062,2025-07-14,70404,1,1,True,0,1.000000000,1.000000000,1.000000000,0.721854305,0.622489281
AOI-0062,2025-07-23,70404,0,0,True,0,2.000000000,1.000000000,1.000000000,0.766871166,0.571399404
AOI-0062,2025-08-12,70404,0,0,True,0,2.000000000,1.000000000,1.000000000,0.985611511,0.085284100
AOI-0062,2025-08-19,70404,0,0,True,0,2.000000000,1.000000000,1.000000000,0.990867580,0.058305859
AOI-0062,2025-10-02,70404,1,1,True,0,1.000000000,1.000000000,1.000000000,0.832061069,0.483656175
AOI-0062,2025-10-05,70404,0,0,True,0,2.000000000,1.000000000,1.000000000,0.971830986,0.147843978
AOI-0063,2025-06-26,70404,2,2,True,1,1.000000000,1.000000000,2.000000000,0.990338164,0.061138862
AOI-0063,2025-07-10,70404,0,0,True,0,1.000000000,1.000000000,1.000000000,0.990521327,0.060162121
AOI-0063,2025-07-13,70404,0,0,True,0,2.000000000,1.000000000,1.000000000,0.988023952,0.073197386
AOI-0063,2025-07-28,70404,0,0,True,0,2.000000000,1.000000000,1.000000000,0.679653680,0.650062167
AOI-0063,2025-08-16,70404,0,0,True,0,2.000000000,1.000000000,1.000000000,0.984251969,0.091909786
AOI-0063,2025-08-31,70404,1,1,True,0,1.000000000,1.000000000,1.000000000,0.747899160,0.601474619
AOI-0063,2025-09-16,70404,0,0,True,0,2.000000000,1.000000000,1.000000000,0.754385965,0.585100662
AOI-0063,2025-09-21,70404,0,0,True,0,2.000000000,1.000000000,1.000000000,0.988023952,0.073197386
AOI-0063,2025-09-26,70404,0,0,True,0,2.000000000,1.000000000,1.000000000,0.838862559,0.462932768
AOI-0063,2025-10-18,70404,0,0,True,0,1.000000000,1.000000000,1.000000000,0.982608696,0.099759750
AOI-0064,2025-04-07,70404,2,2,True,0,2.000000000,1.000000000,1.000000000,0.973568282,0.134019856
AOI-0064,2025-04-11,70404,0,0,True,0,2.000000000,1.000000000,1.000000000,0.966101695,0.171538761
AOI-0064,2025-04-28,70404,0,0,True,0,2.000000000,1.000000000,1.000000000,0.975903614,0.130281794
AOI-0064,2025-05-06,70404,0,0,True,0,1.000000000,1.000000000,1.000000000,0.986754967,0.079610965
AOI-0064,2025-07-07,70404,0,0,True,0,1.000000000,1.000000000,1.000000000,0.984251969,0.091909786
AOI-0064,2025-07-08,70404,0,0,True,0,2.000000000,1.000000000,1.000000000,0.863874346,0.420059298
AOI-0064,2025-07-14,70404,1,1,True,0,2.000000000,1.000000000,1.000000000,0.721854305,0.622489281
AOI-0064,2025-08-04,70404,0,0,True,0,2.000000000,1.000000000,1.000000000,0.948717949,0.237819011
AOI-0064,2025-09-24,70404,1,1,True,0,2.000000000,1.000000000,1.000000000,0.781512605,0.560605439
AOI-0064,2025-10-18,70404,0,0,True,0,1.000000000,1.000000000,1.000000000,0.982608696,0.099759750
AOI-0065,2025-04-14,70404,0,0,True,0,1.000000000,1.000000000,1.000000000,0.986754967,0.079610965
AOI-0065,2025-05-25,70404,2,2,True,0,2.000000000,1.000000000,1.000000000,0.824267782,0.484632634
AOI-0065,2025-06-30,70404,0,0,True,0,1.000000000,1.000000000,1.000000000,0.984732824,0.089580528
AOI-0065,2025-07-10,70404,0,0,True,0,1.000000000,1.000000000,1.000000000,0.990521327,0.060162121
AOI-0065,2025-07-17,70404,0,0,True,0,1.000000000,1.000000000,1.000000000,0.982608696,0.099759750
AOI-0065,2025-07-28,70404,0,0,True,0,1.000000000,1.000000000,1.000000000,0.679653680,0.650062167
AOI-0065,2025-07-30,70404,0,0,True,0,1.000000000,1.000000000,1.000000000,0.992156863,0.051273190
AOI-0065,2025-08-15,70404,1,1,True,0,2.000000000,1.000000000,1.000000000,0.886178862,0.383718820
AOI-0065,2025-08-19,70404,0,0,True,0,1.000000000,1.000000000,1.000000000,0.990867580,0.058305859
AOI-0065,2025-09-05,70404,0,0,True,0,2.000000000,1.000000000,1.000000000,0.977011494,0.125386776
AOI-0066,2025-04-01,70404,0,0,True,0,1.000000000,1.000000000,1.000000000,0.983739837,0.094374144
AOI-0066,2025-04-24,70404,0,0,True,0,1.000000000,1.000000000,1.000000000,0.982608696,0.099759750
AOI-0066,2025-05-16,70404,0,0,True,1,1.000000000,1.000000000,2.000000000,0.986013986,0.083298165
AOI-0066,2025-06-30,70404,0,0,True,1,1.000000000,1.000000000,2.000000000,0.984732824,0.089580528
AOI-0066,2025-07-08,70404,0,0,True,0,1.000000000,1.000000000,1.000000000,0.863874346,0.420059298
AOI-0066,2025-07-12,70404,2,2,True,0,1.000000000,1.000000000,1.000000000,0.603524229,0.944804484
AOI-0066,2025-07-17,70404,0,0,True,1,1.000000000,1.000000000,2.000000000,0.982608696,0.099759750
AOI-0066,2025-07-22,70404,1,1,True,0,1.000000000,1.000000000,1.000000000,0.642105263,0.699686836
AOI-0066,2025-07-28,70404,0,0,True,1,1.000000000,1.000000000,2.000000000,0.679653680,0.650062167
AOI-0066,2025-07-30,70404,0,0,True,1,1.000000000,1.000000000,2.000000000,0.992156863,0.051273190
AOI-0066,2025-08-23,70404,1,1,True,0,1.000000000,1.000000000,1.000000000,0.697841727,0.646679547
AOI-0066,2025-10-08,70404,0,0,True,1,1.000000000,1.000000000,2.000000000,0.989304813,0.066585474
AOI-0067,2010-06-12,70404,1,1,True,0,1.000000000,1.000000000,1.000000000,0.970149254,0.154913925
AOI-0067,2010-08-13,70404,2,2,True,0,1.000000000,1.000000000,1.000000000,0.932367150,0.264875566
AOI-0067,2010-08-23,70404,1,1,True,0,1.000000000,1.000000000,1.000000000,0.970149254,0.154913925
AOI-0067,2010-09-14,70404,2,2,False,-1,0.000000000,0.000000000,inf,0.990338164,0.061138862
AOI-0067,2011-04-28,70404,1,1,True,0,1.000000000,1.000000000,1.000000000,0.970149254,0.154913925
AOI-0067,2011-06-07,70404,1,1,True,0,1.000000000,1.000000000,1.000000000,0.957446809,0.205470750
AOI-0067,2011-07-12,70404,2,2,True,0,1.000000000,1.000000000,1.000000000,0.990867580,0.058305859
AOI-0067,2011-07-28,70404,2,2,True,0,1.000000000,1.000000000,1.000000000,0.990521327,0.060162121
AOI-0067,2011-09-02,70404,1,1,True,5,2.000000000,1.000000000,21.000000000,0.982608696,0.099759750
AOI-0067,2012-05-24,70404,2,2,True,0,1.000000000,1.000000000,1.000000000,0.990521327,0.060162121
AOI-0067,2012-09-20,70404,1,1,True,0,1.000000000,1.000000000,1.000000000,0.980582524,0.109222462
AOI-0067,2012-10-15,70404,1,2,True,0,1.000000000,1.000000000,1.000000000,0.763033175,0.570790373
AOI-0067,2013-06-11,70404,1,1,False,-1,0.000000000,0.000000000,inf,0.979797980,0.112827275
AOI-0067,2013-06-19,70404,1,1,True,5,2.000000000,1.000000000,21.000000000,0.978947368,0.116700546
AOI-0067,2013-07-22,70404,1,1,True,0,1.000000000,1.000000000,1.000000000,0.966101695,0.171538761
AOI-0067,2013-08-06,70404,1,1,True,0,1.000000000,1.000000000,1.000000000,0.982608696,0.099759750
AOI-0067,2013-08-13,70404,2,2,True,0,1.000000000,1.000000000,1.000000000,0.812807882,0.504905654
AOI-0067,2014-04-04,70404,1,1,True,0,1.000000000,1.000000000,1.000000000,0.960784314,0.192625738
AOI-0067,2014-06-10,70404,2,2,True,5,2.000000000,1.000000000,21.000000000,0.989743590,0.064285679
AOI-0067,2014-06-30,70404,1,1,True,5,2.000000000,1.000000000,21.000000000,0.981308411,0.105858397
AOI-0067,2014-08-10,70404,1,1,True,0,1.000000000,1.000000000,1.000000000,0.970149254,0.154913925
AOI-0067,2014-09-26,70404,1,1,True,0,1.000000000,1.000000000,1.000000000,0.974683544,0.135612188
AOI-0067,2014-09-30,70404,2,2,True,0,1.000000000,1.000000000,1.000000000,0.990697674,0.059218348
AOI-0067,2015-05-16,70404,1,1,True,0,1.000000000,1.000000000,1.000000000,0.953488372,0.220352331
AOI-0067,2015-08-13,70404,1,2,True,0,1.000000000,1.000000000,1.000000000,0.716894977,0.619236583
AOI-0067,2015-09-06,70404,1,1,True,0,1.000000000,1.000000000,1.000000000,0.968253968,0.162764794
AOI-0067,2015-10-07,70404,1,1,True,0,1.000000000,1.000000000,1.000000000,0.975903614,0.130281794
AOI-0067,2016-07-22,70404,1,1,True,0,1.000000000,1.000000000,1.000000000,0.966101695,0.171538761
AOI-0067,2016-08-06,70404,1,1,True,0,1.000000000,1.000000000,1.000000000,0.974683544,0.135612188
AOI-0067,2016-08-12,70404,2,2,True,0,1.000000000,1.000000000,1.000000000,0.758454106,0.576536252
AOI-0067,2016-08-30,70404,1,1,True,5,2.000000000,1.000000000,21.000000000,0.981308411,0.105858397
AOI-0067,2016-09-08,70404,1,1,True,5,2.000000000,1.000000000,21.000000000,0.968253968,0.162764794
AOI-0067,2016-09-13,70404,2,2,True,5,1.000000000,1.000000000,21.000000000,0.728643216,0.609627116
AOI-0067,2017-04-08,70404,0,0,True,5,2.000000000,1.000000000,21.000000000,0.935483871,0.283936267
AOI-0067,2017-05-09,70404,2,2,True,0,1.000000000,1.000000000,1.000000000,0.991189427,0.056568562
AOI-0067,2017-05-25,70404,2,2,True,0,1.000000000,1.000000000,1.000000000,0.990697674,0.059218348
AOI-0067,2017-06-10,70404,2,2,True,5,2.000000000,1.000000000,21.000000000,0.990697674,0.059218348
AOI-0067,2017-06-26,70404,2,2,True,5,2.000000000,1.000000000,21.000000000,0.990697674,0.059218348
AOI-0067,2017-07-16,70404,1,1,True,0,1.000000000,1.000000000,1.000000000,0.978021978,0.120874486
AOI-0067,2017-08-10,70404,1,1,True,0,1.000000000,1.000000000,1.000000000,0.968253968,0.162764794
AOI-0067,2017-09-15,70404,0,0,True,0,1.000000000,1.000000000,1.000000000,0.985185185,0.087375267
AOI-0067,2018-04-30,70404,1,1,True,0,1.000000000,1.000000000,1.000000000,0.983739837,0.094374144
AOI-0067,2018-05-17,70404,1,1,True,5,1.000000000,1.000000000,23.000000000,0.963636364,0.181415523
AOI-0067,2018-07-02,70404,0,0,True,0,1.000000000,1.000000000,1.000000000,0.694581281,0.640602776
AOI-0067,2018-07-20,70404,1,1,True,0,1.000000000,1.000000000,1.000000000,0.966101695,0.171538761
AOI-0067,2018-07-27,70404,1,1,True,0,1.000000000,1.000000000,1.000000000,0.981308411,0.105858397
AOI-0067,2018-10-10,70404,0,0,False,-1,0.000000000,0.000000000,inf,0.714285714,0.796311640
AOI-0067,2019-04-13,70404,0,0,False,-1,0.000000000,0.000000000,inf,0.935483871,0.283936267
AOI-0067,2019-06-10,70404,2,0,True,5,2.000000000,1.000000000,21.000000000,0.711627907,0.624497062
AOI-0067,2019-06-20,70404,1,0,True,5,1.000000000,1.000000000,21.000000000,0.860962567,0.425878679
AOI-0067,2019-06-22,70404,0,0,True,0,1.000000000,1.000000000,1.000000000,0.975903614,0.130281794
AOI-0067,2019-08-23,70404,1,1,True,5,2.000000000,1.000000000,21.000000000,0.843478261,0.467440026
AOI-0067,2019-09-09,70404,1,1,True,0,1.000000000,1.000000000,1.000000000,0.966101695,0.171538761
AOI-0067,2019-10-10,70404,0,0,False,-1,0.000000000,0.000000000,inf,0.870503597,0.413212905
AOI-0067,2019-10-11,70404,1,1,True,5,2.000000000,1.000000000,21.000000000,0.963636364,0.181415523
AOI-0067,2019-10-27,70404,1,0,True,0,1.000000000,1.000000000,1.000000000,0.702127660,0.685698853
AOI-0067,2020-04-07,70404,0,0,True,0,1.000000000,1.000000000,1.000000000,0.984732824,0.089580528
AOI-0067,2020-04-19,70404,1,1,True,5,2.000000000,1.000000000,21.000000000,0.971830986,0.147843978
AOI-0067,2020-05-30,70404,1,0,True,0,1.000000000,1.000000000,1.000000000,0.720670391,0.619704271
AOI-0067,2020-06-06,70404,0,0,True,0,1.000000000,1.000000000,1.000000000,0.904761905,0.338998738
AOI-0067,2020-06-30,70404,1,1,True,0,1.000000000,1.000000000,1.000000000,0.960784314,0.192625738
AOI-0067,2020-08-10,70404,0,0,True,0,1.000000000,1.000000000,1.000000000,0.985185185,0.087375267
AOI-0067,2020-09-29,70404,0,2,True,0,1.000000000,1.000000000,1.000000000,0.753424658,0.581279608
AOI-0067,2020-10-21,70404,1,0,True,0,1.000000000,1.000000000,1.000000000,0.491525424,0.767314425
AOI-0067,2021-04-02,70404,0,0,True,5,1.000000000,1.000000000,23.000000000,0.979797980,0.112827275
AOI-0067,2021-04-12,70404,0,0,False,-1,0.000000000,0.000000000,inf,0.485714286,0.803083670
AOI-0067,2021-07-01,70404,0,0,True,0,1.000000000,1.000000000,1.000000000,0.698324022,0.640097043
AOI-0067,2021-07-20,70404,1,1,True,0,1.000000000,1.000000000,1.000000000,0.970149254,0.154913925
AOI-0067,2021-09-04,70404,0,0,True,0,1.000000000,1.000000000,1.000000000,0.777777778,0.556748955
AOI-0067,2021-09-14,70404,0,0,True,5,1.000000000,1.000000000,21.000000000,0.584541063,0.705105205
AOI-0067,2021-10-14,70404,0,0,True,5,1.000000000,1.000000000,21.000000000,0.877551020,0.398048730
AOI-0067,2022-05-07,70404,0,0,True,0,1.000000000,1.000000000,1.000000000,0.963636364,0.181415523
AOI-0067,2022-05-25,70404,2,2,True,0,1.000000000,1.000000000,1.000000000,0.649289100,0.777698984
AOI-0067,2022-06-13,70404,1,1,True,5,2.000000000,1.000000000,21.000000000,0.726315789,0.631505898
AOI-0067,2022-06-21,70404,0,0,True,0,1.000000000,1.000000000,1.000000000,0.890109890,0.382008927
AOI-0067,2022-07-06,70404,0,0,True,0,1.000000000,1.000000000,1.000000000,0.985185185,0.087375267
AOI-0067,2022-07-12,70404,1,1,True,5,2.000000000,1.000000000,21.000000000,0.565217391,0.895315332
AOI-0067,2022-07-29,70404,1,0,True,0,1.000000000,1.000000000,1.000000000,0.647058824,0.676959801
AOI-0067,2022-08-27,70404,1,1,True,0,1.000000000,1.000000000,1.000000000,0.538461538,0.789212978
AOI-0067,2023-04-05,70404,1,1,True,0,1.000000000,1.000000000,1.000000000,0.966101695,0.171538761
AOI-0067,2023-04-17,70404,0,0,True,5,2.000000000,1.000000000,21.000000000,0.978947368,0.116700546
AOI-0067,2023-04-27,70404,0,1,True,0,1.000000000,1.000000000,1.000000000,0.551020408,0.723183920
AOI-0067,2023-05-12,70404,0,0,True,0,1.000000000,1.000000000,1.000000000,0.743016760,0.596792252
AOI-0067,2023-06-16,70404,0,0,True,0,1.000000000,1.000000000,1.000000000,0.983739837,0.094374144
AOI-0067,2023-07-16,70404,0,0,True,0,1.000000000,1.000000000,1.000000000,0.587786260,0.715666874
AOI-0067,2023-08-11,70404,1,1,True,0,1.000000000,1.000000000,1.000000000,0.859154930,0.452280906
AOI-0067,2023-08-13,70404,2,0,True,5,1.000000000,1.000000000,23.000000000,0.711627907,0.770073187
AOI-0067,2023-08-29,70404,2,2,True,5,2.000000000,1.000000000,21.000000000,0.990338164,0.061138862
AOI-0067,2023-09-14,70404,0,2,True,0,1.000000000,1.000000000,1.000000000,0.525581395,0.717977583
AOI-0067,2024-04-06,70404,0,0,False,-1,0.000000000,0.000000000,inf,0.642512077,0.740366269
AOI-0067,2024-04-07,70404,1,1,True,0,1.000000000,1.000000000,1.000000000,0.772151899,0.585549972
AOI-0067,2024-06-10,70404,0,0,True,5,2.000000000,1.000000000,21.000000000,0.975903614,0.130281794
AOI-0067,2024-06-30,70404,0,0,True,0,1.000000000,1.000000000,1.000000000,0.984251969,0.091909786
AOI-0067,2024-08-04,70404,0,0,True,0,1.000000000,1.000000000,1.000000000,0.831775701,0.489153472
AOI-0067,2024-08-05,70404,1,1,True,5,2.000000000,1.000000000,21.000000000,0.935483871,0.283936267
AOI-0067,2024-08-12,70404,1,0,True,0,1.000000000,1.000000000,1.000000000,0.668341709,0.855391335
AOI-0067,2024-08-21,70404,1,0,True,0,1.000000000,1.000000000,1.000000000,0.492537313,0.760371738
AOI-0067,2025-04-18,70404,0,0,True,2,1.000000000,1.000000000,3.000000000,0.985611511,0.085284100
AOI-0067,2025-06-15,70404,0,0,True,1,1.000000000,1.000000000,2.000000000,0.974683544,0.135612188
AOI-0067,2025-06-17,70404,0,0,True,5,2.000000000,1.000000000,20.000000000,0.960784314,0.192625738
AOI-0067,2025-07-06,70404,1,1,True,0,1.000000000,1.000000000,1.000000000,0.869158879,0.421650381
AOI-0067,2025-07-27,70404,0,0,True,1,1.000000000,1.000000000,2.000000000,0.973333333,0.141440924
AOI-0067,2025-07-30,70404,0,0,True,0,1.000000000,1.000000000,1.000000000,0.992156863,0.051273190
AOI-0067,2025-08-15,70404,1,1,True,0,1.000000000,1.000000000,1.000000000,0.886178862,0.383718820
AOI-0067,2025-08-24,70404,0,0,True,1,1.000000000,1.000000000,2.000000000,0.980582524,0.109222462
AOI-0067,2025-08-26,70404,0,0,True,0,1.000000000,1.000000000,1.000000000,0.818181818,0.600166073
AOI-0067,2025-09-15,70404,0,0,True,0,1.000000000,1.000000000,1.000000000,0.642512077,0.677549840
AOI-0068,2010-04-25,70404,1,1,True,5,1.000000000,1.000000000,22.000000000,0.968253968,0.162764794
AOI-0068,2010-07-12,70404,2,2,True,0,1.000000000,1.000000000,1.000000000,0.545893720,0.715682192
AOI-0068,2010-09-14,70404,2,2,False,-1,0.000000000,0.000000000,inf,0.990338164,0.061138862
AOI-0068,2010-09-30,70404,2,2,True,5,2.000000000,1.000000000,22.000000000,0.989949749,0.063198621
AOI-0068,2010-10-16,70404,2,2,True,0,1.000000000,1.000000000,1.000000000,0.680365297,0.650526760
AOI-0068,2011-06-10,70404,2,2,True,0,1.000000000,1.000000000,1.000000000,0.990147783,0.062150380
AOI-0068,2011-08-01,70404,1,1,True,0,1.000000000,1.000000000,1.000000000,0.981981982,0.102711110
AOI-0068,2011-09-02,70404,1,1,True,5,2.000000000,1.000000000,22.000000000,0.982608696,0.099759750
AOI-0068,2011-09-14,70404,2,2,True,0,1.000000000,1.000000000,1.000000000,0.990697674,0.059218348
AOI-0068,2011-09-26,70404,1,1,True,0,1.000000000,1.000000000,1.000000000,0.977011494,0.125386776
AOI-0068,2012-04-22,70404,1,2,True,0,1.000000000,1.000000000,1.000000000,0.832512315,0.474104342
AOI-0068,2012-07-11,70404,2,2,True,0,1.000000000,1.000000000,1.000000000,0.990521327,0.060162121
AOI-0068,2012-08-28,70404,1,2,True,0,1.000000000,1.000000000,1.000000000,0.681159420,0.651026440
AOI-0068,2013-05-25,70404,2,2,True,0,1.000000000,1.000000000,1.000000000,0.838862559,0.462932768
AOI-0068,2013-06-10,70404,2,2,True,0,1.000000000,1.000000000,1.000000000,0.674876847,0.656198297
AOI-0068,2013-06-11,70404,1,1,False,-1,0.000000000,0.000000000,inf,0.979797980,0.112827275
AOI-0068,2013-07-06,70404,1,1,True,5,1.000000000,1.000000000,24.000000000,0.966101695,0.171538761
AOI-0068,2013-07-30,70404,1,1,True,5,1.000000000,1.000000000,24.000000000,0.948717949,0.237819011
AOI-0068,2013-08-30,70404,1,1,True,0,1.000000000,1.000000000,1.000000000,0.974683544,0.135612188
AOI-0068,2014-06-06,70404,1,1,True,5,1.000000000,1.000000000,22.000000000,0.981308411,0.105858397
AOI-0068,2014-06-10,70404,2,2,True,5,2.000000000,1.000000000,22.000000000,0.989743590,0.064285679
AOI-0068,2014-06-26,70404,2,2,True,0,1.000000000,1.000000000,1.000000000,0.990147783,0.062150380
AOI-0068,2014-06-30,70404,1,1,True,5,2.000000000,1.000000000,22.000000000,0.981308411,0.105858397
AOI-0068,2014-07-01,70404,1,1,True,5,1.000000000,1.000000000,24.000000000,0.966101695,0.171538761
AOI-0068,2014-07-12,70404,2,2,True,0,1.000000000,1.000000000,1.000000000,0.990697674,0.059218348
AOI-0068,2015-05-24,70404,1,1,True,0,1.000000000,1.000000000,1.000000000,0.981308411,0.105858397
AOI-0068,2015-07-12,70404,1,2,True,5,1.000000000,1.000000000,24.000000000,0.758454106,0.576536252
AOI-0068,2015-08-20,70404,1,1,True,0,1.000000000,1.000000000,1.000000000,0.977011494,0.125386776
AOI-0068,2015-09-21,70404,1,1,False,-1,0.000000000,0.000000000,inf,0.973333333,0.141440924
AOI-0068,2015-09-29,70404,1,1,True,5,1.000000000,1.000000000,22.000000000,0.979797980,0.112827275
AOI-0068,2015-10-08,70404,1,1,True,0,1.000000000,1.000000000,1.000000000,0.968253968,0.162764794
AOI-0068,2016-04-06,70404,2,2,True,0,1.000000000,1.000000000,1.000000000,0.869346734,0.408926224
AOI-0068,2016-06-27,70404,1,1,True,0,1.000000000,1.000000000,1.000000000,0.980582524,0.109222462
AOI-0068,2016-07-13,70404,1,1,True,0,1.000000000,1.000000000,1.000000000,0.979797980,0.112827275
AOI-0068,2016-08-30,70404,1,1,True,5,2.000000000,1.000000000,22.000000000,0.981308411,0.105858397
AOI-0068,2016-09-08,70404,1,1,True,5,2.000000000,1.000000000,22.000000000,0.968253968,0.162764794
AOI-0068,2016-10-18,70404,1,1,True,0,1.000000000,1.000000000,1.000000000,0.968253968,0.162764794
AOI-0068,2017-04-07,70404,2,2,True,0,1.000000000,1.000000000,1.000000000,0.990521327,0.060162121
AOI-0068,2017-04-08,70404,0,0,True,5,2.000000000,1.000000000,22.000000000,0.935483871,0.283936267
AOI-0068,2017-04-11,70404,1,0,True,0,1.000000000,1.000000000,1.000000000,0.777777778,0.586888119
AOI-0068,2017-04-27,70404,1,1,True,0,1.000000000,1.000000000,1.000000000,0.983193277,0.096986095
AOI-0068,2017-05-30,70404,1,1,True,0,1.000000000,1.000000000,1.000000000,0.966101695,0.171538761
AOI-0068,2017-06-06,70404,1,1,True,0,1.000000000,1.000000000,1.000000000,0.979797980,0.112827275
AOI-0068,2017-06-26,70404,2,2,True,5,2.000000000,1.000000000,22.000000000,0.990697674,0.059218348
AOI-0068,2017-09-26,70404,1,1,True,0,1.000000000,1.000000000,1.000000000,0.982608696,0.099759750
AOI-0068,2018-04-07,70404,1,2,True,0,1.000000000,1.000000000,1.000000000,0.694581281,0.640602776
AOI-0068,2018-05-17,70404,1,1,True,5,1.000000000,1.000000000,24.000000000,0.963636364,0.181415523
AOI-0068,2018-07-28,70404,2,2,True,0,1.000000000,1.000000000,1.000000000,0.916279070,0.305727510
AOI-0068,2018-08-21,70404,1,1,True,0,1.000000000,1.000000000,1.000000000,0.970149254,0.154913925
AOI-0068,2018-09-13,70404,1,0,True,0,1.000000000,1.000000000,1.000000000,0.821989529,0.491983685
AOI-0068,2018-10-07,70404,1,1,True,0,1.000000000,1.000000000,1.000000000,0.807407407,0.521357632
AOI-0068,2019-04-13,70404,0,0,False,-1,0.000000000,0.000000000,inf,0.935483871,0.283936267
AOI-0068,2019-06-10,70404,2,0,True,5,2.000000000,1.000000000,22.000000000,0.711627907,0.624497062
AOI-0068,2019-06-12,70404,0,0,True,5,1.000000000,1.000000000,22.000000000,0.945945946,0.234638072
AOI-0068,2019-06-20,70404,1,0,True,5,1.000000000,1.000000000,22.000000000,0.860962567,0.425878679
AOI-0068,2019-07-14,70404,1,1,True,5,2.000000000,1.000000000,22.000000000,0.781512605,0.560605439
AOI-0068,2019-08-23,70404,1,1,True,5,2.000000000,1.000000000,22.000000000,0.843478261,0.467440026
AOI-0068,2019-08-26,70404,0,0,True,0,1.000000000,1.000000000,1.000000000,0.985185185,0.087375267
AOI-0068,2019-10-03,70404,1,1,True,5,2.000000000,1.000000000,22.000000000,0.966101695,0.171538761
AOI-0068,2019-10-10,70404,0,0,False,-1,0.000000000,0.000000000,inf,0.870503597,0.413212905
AOI-0068,2019-10-11,70404,1,1,True,5,2.000000000,1.000000000,22.000000000,0.963636364,0.181415523
AOI-0068,2020-04-27,70404,0,0,False,-1,0.000000000,0.000000000,inf,0.925925926,0.315396287
AOI-0068,2020-05-29,70404,1,1,True,0,1.000000000,1.000000000,1.000000000,0.756097561,0.591181657
AOI-0068,2020-06-07,70404,1,1,True,0,1.000000000,1.000000000,1.000000000,0.747126437,0.612228306
AOI-0068,2020-07-01,70404,0,0,True,0,1.000000000,1.000000000,1.000000000,0.986394558,0.081409508
AOI-0068,2020-07-24,70404,1,0,True,5,2.000000000,1.000000000,22.000000000,0.791411043,0.539759098
AOI-0068,2020-08-12,70404,2,2,True,0,1.000000000,1.000000000,1.000000000,0.838862559,0.462932768
AOI-0068,2020-08-15,70404,0,0,True,0,1.000000000,1.000000000,1.000000000,0.815950920,0.504375887
AOI-0068,2020-08-18,70404,1,0,True,0,1.000000000,1.000000000,1.000000000,0.687203791,0.645879152
AOI-0068,2020-09-10,70404,1,1,True,0,1.000000000,1.000000000,1.000000000,0.832061069,0.483656175
AOI-0068,2021-04-22,70404,0,0,True,0,1.000000000,1.000000000,1.000000000,0.679389313,0.663402731
AOI-0068,2021-07-21,70404,0,0,True,0,1.000000000,1.000000000,1.000000000,0.984732824,0.089580528
AOI-0068,2021-07-28,70404,1,2,True,0,1.000000000,1.000000000,1.000000000,0.714285714,0.796311640
AOI-0068,2021-08-25,70404,0,0,True,0,1.000000000,1.000000000,1.000000000,0.984251969,0.091909786
AOI-0068,2021-09-14,70404,0,0,True,5,1.000000000,1.000000000,22.000000000,0.584541063,0.705105205
AOI-0068,2021-10-09,70404,0,0,False,-1,0.000000000,0.000000000,inf,0.617021277,0.747675135
AOI-0068,2021-10-14,70404,0,0,True,5,1.000000000,1.000000000,22.000000000,0.877551020,0.398048730
AOI-0068,2022-05-11,70404,1,1,True,5,1.000000000,1.000000000,24.000000000,0.966101695,0.171538761
AOI-0068,2022-06-13,70404,1,1,True,5,2.000000000,1.000000000,22.000000000,0.726315789,0.631505898
AOI-0068,2022-07-12,70404,1,1,True,5,2.000000000,1.000000000,22.000000000,0.565217391,0.895315332
AOI-0068,2022-07-24,70404,1,0,True,0,1.000000000,1.000000000,1.000000000,0.698324022,0.640097043
AOI-0068,2022-07-28,70404,2,2,True,0,1.000000000,1.000000000,1.000000000,0.579487179,0.953656615
AOI-0068,2022-08-08,70404,1,0,True,5,2.000000000,1.000000000,22.000000000,0.732620321,0.606848823
AOI-0068,2022-08-23,70404,1,0,True,5,1.000000000,1.000000000,22.000000000,0.847953216,0.451030292
AOI-0068,2022-08-31,70404,1,1,True,0,1.000000000,1.000000000,1.000000000,0.837037037,0.474683707
AOI-0068,2022-09-14,70404,2,2,True,0,1.000000000,1.000000000,1.000000000,0.753694581,0.582387277
AOI-0068,2023-05-14,70404,1,1,True,0,1.000000000,1.000000000,1.000000000,0.948717949,0.237819011
AOI-0068,2023-05-17,70404,0,0,True,0,1.000000000,1.000000000,1.000000000,0.921259843,0.301278649
AOI-0068,2023-05-31,70404,1,1,True,5,1.000000000,1.000000000,22.000000000,0.966101695,0.171538761
AOI-0068,2023-06-07,70404,1,1,True,0,1.000000000,1.000000000,1.000000000,0.906542056,0.340847656
AOI-0068,2023-07-25,70404,1,1,False,-1,0.000000000,0.000000000,inf,0.982608696,0.099759750
AOI-0068,2023-07-26,70404,0,0,True,5,2.000000000,1.000000000,22.000000000,0.956834532,0.197325562
AOI-0068,2023-07-28,70404,2,2,True,0,1.000000000,1.000000000,1.000000000,0.990867580,0.058305859
AOI-0068,2023-08-15,70404,0,0,True,0,1.000000000,1.000000000,1.000000000,0.983193277,0.096986095
AOI-0068,2023-08-26,70404,1,1,True,5,2.000000000,1.000000000,22.000000000,0.821138211,0.502736035
AOI-0068,2023-08-29,70404,2,2,True,5,2.000000000,1.000000000,22.000000000,0.990338164,0.061138862
AOI-0068,2023-10-30,70404,1,1,True,0,1.000000000,1.000000000,1.000000000,0.960784314,0.192625738
AOI-0068,2024-04-06,70404,0,0,False,-1,0.000000000,0.000000000,inf,0.642512077,0.740366269
AOI-0068,2024-04-21,70404,0,0,True,5,1.000000000,1.000000000,22.000000000,0.963636364,0.181415523
AOI-0068,2024-05-08,70404,2,2,True,0,1.000000000,1.000000000,1.000000000,0.913043478,0.314096510
AOI-0068,2024-05-17,70404,0,0,False,-1,0.000000000,0.000000000,inf,0.488372093,0.787480525
AOI-0068,2024-05-21,70404,0,0,True,0,1.000000000,1.000000000,1.000000000,0.983193277,0.096986095
AOI-0068,2024-06-10,70404,0,0,True,5,2.000000000,1.000000000,22.000000000,0.975903614,0.130281794
AOI-0068,2024-07-03,70404,1,0,True,0,1.000000000,1.000000000,1.000000000,0.792349727,0.536096233
AOI-0068,2024-09-05,70404,1,1,True,0,1.000000000,1.000000000,1.000000000,0.948717949,0.237819011
AOI-0068,2024-09-30,70404,1,0,True,0,1.000000000,1.000000000,1.000000000,0.492537313,0.760371738
AOI-0068,2025-04-18,70404,0,0,True,1,1.000000000,1.000000000,2.000000000,0.985611511,0.085284100
AOI-0068,2025-04-25,70404,0,0,False,-1,0.000000000,0.000000000,20.000000000,0.647058824,0.724975116
AOI-0068,2025-04-28,70404,0,0,True,0,1.000000000,1.000000000,1.000000000,0.975903614,0.130281794
AOI-0068,2025-05-28,70404,0,0,True,0,1.000000000,1.000000000,1.000000000,0.848739496,0.457343669
AOI-0068,2025-06-05,70404,0,0,True,0,1.000000000,1.000000000,1.000000000,0.985185185,0.087375267
AOI-0068,2025-06-28,70404,1,1,True,0,2.000000000,1.000000000,1.000000000,0.609195402,0.720963050
AOI-0068,2025-07-12,70404,2,2,True,0,1.000000000,1.000000000,1.000000000,0.603524229,0.944804484
AOI-0068,2025-09-23,70404,0,0,True,0,1.000000000,1.000000000,1.000000000,0.638766520,0.677915770
AOI-0068,2025-09-30,70404,2,2,True,0,2.000000000,1.000000000,1.000000000,0.874396135,0.398419961
AOI-0068,2025-10-16,70404,2,0,True,0,1.000000000,1.000000000,1.000000000,0.534246575,0.781909607
AOI-0069,2025-04-17,70404,1,1,True,0,2.000000000,1.000000000,1.000000000,0.823129252,0.495449242
AOI-0069,2025-04-18,70404,0,0,True,0,1.000000000,1.000000000,1.000000000,0.985611511,0.085284100
AOI-0069,2025-05-06,70404,0,0,True,0,2.000000000,1.000000000,1.000000000,0.986754967,0.079610965
AOI-0069,2025-07-12,70404,2,2,True,1,1.000000000,1.000000000,2.000000000,0.603524229,0.944804484
AOI-0069,2025-07-15,70404,0,0,True,0,1.000000000,1.000000000,1.000000000,0.952755906,0.211605625
AOI-0069,2025-08-26,70404,0,0,True,0,1.000000000,1.000000000,1.000000000,0.818181818,0.600166073
AOI-0069,2025-08-31,70404,1,1,True,0,1.000000000,1.000000000,1.000000000,0.747899160,0.601474619
AOI-0069,2025-09-16,70404,1,0,True,0,2.000000000,1.000000000,1.000000000,0.754385965,0.585100662
AOI-0069,2025-10-16,70404,2,0,True,0,1.000000000,1.000000000,1.000000000,0.534246575,0.781909607
AOI-0070,2025-04-16,70404,0,0,True,1,1.000000000,1.000000000,2.000000000,0.693251534,0.646547636
AOI-0070,2025-04-28,70404,0,0,True,0,1.000000000,1.000000000,1.000000000,0.975903614,0.130281794
AOI-0070,2025-06-04,70404,1,1,True,0,2.000000000,1.000000000,1.000000000,0.777777778,0.562182809
AOI-0070,2025-06-30,70404,0,0,True,0,1.000000000,1.000000000,1.000000000,0.984732824,0.089580528
AOI-0070,2025-07-07,70404,0,0,True,0,1.000000000,1.000000000,1.000000000,0.984251969,0.091909786
AOI-0070,2025-07-15,70404,0,0,True,0,1.000000000,1.000000000,1.000000000,0.952755906,0.211605625
AOI-0070,2025-08-16,70404,0,0,True,0,2.000000000,1.000000000,1.000000000,0.984251969,0.091909786
AOI-0070,2025-08-26,70404,0,0,True,1,2.000000000,1.000000000,2.000000000,0.818181818,0.600166073
AOI-0070,2025-09-13,70404,0,0,True,0,1.000000000,1.000000000,1.000000000,0.986013986,0.083298165
AOI-0070,2025-09-30,70404,2,2,True,0,2.000000000,1.000000000,1.000000000,0.874396135,0.398419961
AOI-0071,2025-04-23,70404,2,2,True,0,2.000000000,1.000000000,1.000000000,0.655172414,0.882638756
AOI-0071,2025-05-09,70404,2,2,True,0,2.000000000,1.000000000,1.000000000,0.832599119,0.472112358
AOI-0071,2025-06-21,70404,1,1,True,0,2.000000000,1.000000000,1.000000000,0.783132530,0.569445434
AOI-0071,2025-07-10,70404,0,0,True,0,2.000000000,1.000000000,1.000000000,0.990521327,0.060162121
AOI-0071,2025-07-14,70404,1,1,True,0,1.000000000,1.000000000,1.000000000,0.721854305,0.622489281
AOI-0071,2025-08-06,70404,0,0,True,0,1.000000000,1.000000000,1.000000000,0.637209302,0.679891962
AOI-0071,2025-10-03,70404,0,0,True,0,1.000000000,1.000000000,1.000000000,0.931034483,0.282027991
AOI-0071,2025-10-13,70404,0,0,True,1,1.000000000,1.000000000,2.000000000,0.979797980,0.112827275
AOI-0072,2025-04-16,70404,0,0,True,2,1.000000000,1.000000000,4.000000000,0.693251534,0.646547636
AOI-0072,2025-05-03,70404,1,1,True,0,1.000000000,1.000000000,1.000000000,0.978021978,0.120874486
AOI-0072,2025-05-11,70404,0,0,True,3,1.000000000,1.000000000,5.000000000,0.935483871,0.283936267
AOI-0072,2025-05-20,70404,1,1,True,0,1.000000000,1.000000000,1.000000000,0.960784314,0.192625738
AOI-0072,2025-05-27,70404,1,1,True,0,1.000000000,1.000000000,1.000000000,0.978021978,0.120874486
AOI-0072,2025-08-06,70404,0,0,True,1,1.000000000,1.000000000,2.000000000,0.637209302,0.679891962
AOI-0072,2025-08-14,70404,0,0,True,1,1.000000000,1.000000000,2.000000000,0.668874172,0.667436348
AOI-0072,2025-08-24,70404,0,0,True,2,1.000000000,1.000000000,3.000000000,0.980582524,0.109222462
AOI-0072,2025-09-17,70404,1,1,True,0,1.000000000,1.000000000,1.000000000,0.973333333,0.141440924
AOI-0073,2010-04-06,70404,1,1,True,4,2.000000000,1.000000000,14.000000000,0.960784314,0.192625738
AOI-0073,2010-05-25,70404,2,2,True,4,3.000000000,1.000000000,12.000000000,0.990697674,0.059218348
AOI-0073,2010-10-23,70404,1,1,True,0,1.000000000,1.000000000,1.000000000,0.953488372,0.220352331
AOI-0073,2011-04-25,70404,1,1,True,0,1.000000000,1.000000000,1.000000000,0.894736842,0.409458619
AOI-0073,2011-06-12,70404,1,1,True,0,1.000000000,1.000000000,1.000000000,0.942857143,0.258640932
AOI-0073,2011-08-29,70404,2,2,True,4,2.000000000,1.000000000,11.000000000,0.990147783,0.062150380
AOI-0073,2011-09-30,70404,2,2,True,0,1.000000000,1.000000000,1.000000000,0.991031390,0.057423085
AOI-0073,2012-06-25,70404,2,2,True,0,1.000000000,1.000000000,1.000000000,0.735159817,0.601126410
AOI-0073,2012-10-04,70404,1,1,True,0,1.000000000,1.000000000,1.000000000,0.913043478,0.355712860
AOI-0073,2012-10-20,70404,1,1,True,4,2.000000000,1.000000000,14.000000000,0.957446809,0.205470750
AOI-0073,2013-06-01,70404,1,1,True,4,1.000000000,1.000000000,14.000000000,0.942857143,0.258640932
AOI-0073,2013-07-19,70404,1,1,True,0,1.000000000,1.000000000,1.000000000,0.957446809,0.205470750
AOI-0073,2013-08-20,70404,1,1,True,4,2.000000000,1.000000000,14.000000000,0.935483871,0.283936267
AOI-0073,2014-05-19,70404,1,1,True,0,1.000000000,1.000000000,1.000000000,0.957446809,0.205470750
AOI-0073,2014-07-14,70404,1,1,False,-1,0.000000000,0.000000000,inf,0.866666667,0.485094091
AOI-0073,2014-08-29,70404,2,2,True,0,1.000000000,1.000000000,1.000000000,0.990338164,0.061138862
AOI-0073,2015-05-14,70404,1,1,True,5,1.000000000,1.000000000,22.000000000,0.948717949,0.237819011
AOI-0073,2015-06-26,70404,2,2,True,0,1.000000000,1.000000000,1.000000000,0.897674419,0.349083713
AOI-0073,2015-08-13,70404,2,2,True,4,4.000000000,1.000000000,11.000000000,0.716894977,0.619236583
AOI-0073,2015-09-03,70404,1,1,True,5,1.000000000,1.000000000,22.000000000,0.953488372,0.220352331
AOI-0073,2016-05-24,70404,2,2,True,0,1.000000000,1.000000000,1.000000000,0.916279070,0.305727510
AOI-0073,2016-06-25,70404,2,2,False,-1,0.000000000,0.000000000,11.000000000,0.809045226,0.510842184
AOI-0073,2017-07-14,70404,1,1,True,0,1.000000000,1.000000000,1.000000000,0.960784314,0.192625738
AOI-0073,2017-08-15,70404,1,1,True,5,1.000000000,1.000000000,22.000000000,0.913043478,0.355712860
AOI-0073,2017-09-14,70404,2,2,True,0,1.000000000,1.000000000,1.000000000,0.990867580,0.058305859
AOI-0073,2017-09-16,70404,1,1,True,4,1.000000000,1.000000000,14.000000000,0.702127660,0.685698853
AOI-0073,2017-09-30,70404,2,2,True,0,1.000000000,1.000000000,1.000000000,0.668246445,0.660253900
AOI-0073,2018-04-23,70404,2,2,True,4,4.000000000,1.000000000,11.000000000,0.951690821,0.209210794
AOI-0073,2018-05-30,70404,1,1,True,4,1.000000000,1.000000000,14.000000000,0.546666667,0.748938723
AOI-0073,2018-06-26,70404,2,2,True,0,1.000000000,1.000000000,1.000000000,0.698630137,0.635682805
AOI-0073,2018-08-10,70404,1,1,True,0,1.000000000,1.000000000,1.000000000,0.953488372,0.220352331
AOI-0073,2018-09-13,70404,0,0,True,0,1.000000000,1.000000000,1.000000000,0.821989529,0.491983685
AOI-0073,2018-10-16,70404,2,2,True,0,1.000000000,1.000000000,1.000000000,0.753424658,0.581279608
AOI-0073,2019-05-04,70404,1,1,False,-1,0.000000000,0.000000000,inf,0.822784810,0.512745141
AOI-0073,2019-05-06,70404,0,0,True,0,1.000000000,1.000000000,1.000000000,0.984251969,0.091909786
AOI-0073,2019-05-14,70404,0,0,False,-1,0.000000000,0.000000000,inf,0.866666667,0.485094091
AOI-0073,2019-06-27,70404,1,0,True,0,1.000000000,1.000000000,1.000000000,0.668341709,0.661387204
AOI-0073,2019-07-04,70404,1,0,True,0,1.000000000,1.000000000,1.000000000,0.559322034,0.757933289
AOI-0073,2019-07-05,70404,0,0,True,0,1.000000000,1.000000000,1.000000000,0.987096774,0.077896072
AOI-0073,2019-07-12,70404,1,2,True,0,1.000000000,1.000000000,1.000000000,0.804651163,0.515866398
AOI-0073,2019-08-13,70404,2,2,False,-1,0.000000000,0.000000000,11.000000000,0.623188406,0.919190476
AOI-0073,2019-08-29,70404,0,0,True,0,1.000000000,1.000000000,1.000000000,0.714285714,0.623155167
AOI-0073,2019-09-26,70404,0,0,True,0,1.000000000,1.000000000,1.000000000,0.894736842,0.409458619
AOI-0073,2020-04-08,70404,0,0,True,0,1.000000000,1.000000000,1.000000000,0.894736842,0.409458619
AOI-0073,2020-04-18,70404,0,1,True,0,1.000000000,1.000000000,1.000000000,0.802816901,0.547211371
AOI-0073,2020-06-02,70404,0,0,False,-1,0.000000000,0.000000000,inf,0.600000000,0.696577440
AOI-0073,2020-06-17,70404,0,0,True,0,1.000000000,1.000000000,1.000000000,0.894736842,0.409458619
AOI-0073,2020-06-25,70404,2,2,True,0,1.000000000,1.000000000,1.000000000,0.990697674,0.059218348
AOI-0073,2020-07-12,70404,0,0,True,0,1.000000000,1.000000000,1.000000000,0.894736842,0.409458619
AOI-0073,2020-07-19,70404,0,0,True,0,1.000000000,1.000000000,1.000000000,0.985611511,0.085284100
AOI-0073,2020-08-26,70404,1,1,False,-1,0.000000000,0.000000000,inf,0.831325301,0.497181687
AOI-0073,2020-09-12,70404,0,0,True,4,3.000000000,1.000000000,11.000000000,0.805714286,0.518158008
AOI-0073,2020-09-22,70404,0,0,True,0,1.000000000,1.000000000,1.000000000,0.987096774,0.077896072
AOI-0073,2020-10-22,70404,0,0,False,-1,0.000000000,0.000000000,inf,0.894736842,0.409458619
AOI-0073,2021-04-28,70404,0,0,True,0,1.000000000,1.000000000,1.000000000,0.894736842,0.409458619
AOI-0073,2021-05-25,70404,0,2,True,0,1.000000000,1.000000000,1.000000000,0.661835749,0.665130698
AOI-0073,2021-06-07,70404,0,0,False,-1,0.000000000,0.000000000,inf,0.866666667,0.485094091
AOI-0073,2021-06-09,70404,0,0,True,0,1.000000000,1.000000000,1.000000000,0.840490798,0.464858897
AOI-0073,2021-06-10,70404,2,2,True,0,1.000000000,1.000000000,1.000000000,0.844748858,0.452311103
AOI-0073,2021-06-19,70404,0,0,True,0,1.000000000,1.000000000,1.000000000,0.824561404,0.490045290
AOI-0073,2021-06-26,70404,0,0,False,-1,0.000000000,0.000000000,11.000000000,0.600000000,0.698353577
AOI-0073,2021-07-17,70404,1,1,True,4,2.000000000,1.000000000,14.000000000,0.725490196,0.658329468
AOI-0073,2021-07-24,70404,0,0,True,0,1.000000000,1.000000000,1.000000000,0.986394558,0.081409508
AOI-0073,2021-07-27,70404,0,0,True,0,1.000000000,1.000000000,1.000000000,0.894736842,0.409458619
AOI-0073,2022-06-10,70404,1,2,True,0,1.000000000,1.000000000,1.000000000,0.797101449,0.527223827
AOI-0073,2022-06-26,70404,1,2,True,0,1.000000000,1.000000000,1.000000000,0.899543379,0.379925835
AOI-0073,2022-06-29,70404,0,0,True,0,1.000000000,1.000000000,1.000000000,0.714285714,0.623155167
AOI-0073,2022-07-09,70404,0,0,True,4,4.000000000,1.000000000,11.000000000,0.986754967,0.079610965
AOI-0073,2022-07-17,70404,0,1,True,0,1.000000000,1.000000000,1.000000000,0.848739496,0.457343669
AOI-0073,2022-08-06,70404,0,1,True,0,1.000000000,1.000000000,1.000000000,0.746478873,0.620565817
AOI-0073,2022-08-13,70404,2,0,True,0,1.000000000,1.000000000,1.000000000,0.581395349,0.705392195
AOI-0073,2022-08-23,70404,0,0,True,0,1.000000000,1.000000000,1.000000000,0.847953216,0.451030292
AOI-0073,2022-08-29,70404,2,2,True,4,4.000000000,1.000000000,11.000000000,0.990521327,0.060162121
AOI-0073,2023-05-15,70404,0,0,True,0,1.000000000,1.000000000,1.000000000,0.693023256,0.640762809
AOI-0073,2023-06-17,70404,0,1,True,0,1.000000000,1.000000000,1.000000000,0.714285714,0.691150438
AOI-0073,2023-07-07,70404,0,1,True,0,1.000000000,1.000000000,1.000000000,0.647058824,0.724975116
AOI-0073,2023-07-27,70404,0,1,True,0,1.000000000,1.000000000,1.000000000,0.870503597,0.413212905
AOI-0073,2023-07-28,70404,2,2,True,0,1.000000000,1.000000000,1.000000000,0.990867580,0.058305859
AOI-0073,2023-09-01,70404,1,1,True,0,1.000000000,1.000000000,1.000000000,0.600000000,0.731469565
AOI-0073,2023-09-05,70404,0,0,True,0,1.000000000,1.000000000,1.000000000,0.548387097,0.804665640
AOI-0073,2023-09-20,70404,0,1,True,0,1.000000000,1.000000000,1.000000000,0.760000000,0.602574125
AOI-0073,2024-06-11,70404,0,0,True,0,1.000000000,1.000000000,1.000000000,0.739130435,0.691502198
AOI-0073,2024-06-13,70404,0,0,True,0,1.000000000,1.000000000,1.000000000,0.975903614,0.130281794
AOI-0073,2024-07-08,70404,0,0,True,4,2.000000000,1.000000000,11.000000000,0.978947368,0.116700546
AOI-0073,2024-07-28,70404,0,0,True,0,1.000000000,1.000000000,1.000000000,0.904761905,0.357402793
AOI-0073,2024-08-26,70404,1,1,True,0,1.000000000,1.000000000,1.000000000,0.670886076,0.687202700
AOI-0073,2024-09-06,70404,0,0,True,0,1.000000000,1.000000000,1.000000000,0.723076923,0.615560502
AOI-0073,2024-09-16,70404,0,0,True,0,1.000000000,1.000000000,1.000000000,0.986013986,0.083298165
AOI-0073,2024-09-26,70404,0,0,True,0,1.000000000,1.000000000,1.000000000,0.986013986,0.083298165
AOI-0073,2024-10-04,70404,0,0,True,0,1.000000000,1.000000000,1.000000000,0.894736842,0.409458619
AOI-0073,2024-10-24,70404,0,1,True,0,1.000000000,1.000000000,1.000000000,0.617021277,0.747675135
AOI-0073,2025-04-21,70404,0,0,True,0,1.000000000,1.000000000,1.000000000,0.971830986,0.147843978
AOI-0073,2025-05-09,70404,2,2,True,0,1.000000000,1.000000000,1.000000000,0.832599119,0.472112358
AOI-0073,2025-06-10,70404,2,0,True,1,1.000000000,1.000000000,2.000000000,0.534246575,0.716462038
AOI-0073,2025-07-04,70404,1,1,True,0,1.000000000,1.000000000,1.000000000,0.963636364,0.181415523
AOI-0073,2025-07-12,70404,1,2,True,0,1.000000000,1.000000000,1.000000000,0.603524229,0.944804484
AOI-0073,2025-08-29,70404,0,0,True,0,1.000000000,1.000000000,1.000000000,0.992277992,0.050601985
AOI-0073,2025-09-01,70404,0,0,True,0,1.000000000,1.000000000,1.000000000,0.714285714,0.620702664
AOI-0073,2025-10-01,70404,0,0,True,1,1.000000000,1.000000000,2.000000000,0.818181818,0.600166073
AOI-0073,2025-10-06,70404,0,0,True,0,1.000000000,1.000000000,1.000000000,0.948717949,0.237819011
AOI-0074,2010-04-06,70404,1,1,True,4,2.000000000,1.000000000,15.000000000,0.960784314,0.192625738
AOI-0074,2010-05-25,70404,2,2,True,4,3.000000000,1.000000000,13.000000000,0.990697674,0.059218348
AOI-0074,2010-06-10,70404,2,2,True,0,1.000000000,1.000000000,1.000000000,0.584541063,0.705105205
AOI-0074,2011-05-03,70404,1,1,True,0,1.000000000,1.000000000,1.000000000,0.913043478,0.355712860
AOI-0074,2011-06-04,70404,1,1,True,0,1.000000000,1.000000000,1.000000000,0.948717949,0.237819011
AOI-0074,2011-08-29,70404,2,2,True,4,2.000000000,1.000000000,12.000000000,0.990147783,0.062150380
AOI-0074,2012-04-22,70404,2,2,True,4,3.000000000,1.000000000,12.000000000,0.832512315,0.474104342
AOI-0074,2012-05-06,70404,1,1,True,0,1.000000000,1.000000000,1.000000000,0.978947368,0.116700546
AOI-0074,2012-10-20,70404,1,1,True,4,2.000000000,1.000000000,15.000000000,0.957446809,0.205470750
AOI-0074,2013-06-10,70404,2,2,False,-1,0.000000000,0.000000000,12.000000000,0.674876847,0.656198297
AOI-0074,2013-08-12,70404,1,1,True,0,1.000000000,1.000000000,1.000000000,0.957446809,0.205470750
AOI-0074,2013-09-14,70404,2,2,True,0,1.000000000,1.000000000,1.000000000,0.989304813,0.066585474
AOI-0074,2014-04-23,70404,2,2,True,0,1.000000000,1.000000000,1.000000000,0.990697674,0.059218348
AOI-0074,2014-08-07,70404,1,1,True,0,1.000000000,1.000000000,1.000000000,0.963636364,0.181415523
AOI-0074,2014-08-31,70404,1,1,True,0,1.000000000,1.000000000,1.000000000,0.963636364,0.181415523
AOI-0074,2015-08-13,70404,2,2,True,4,4.000000000,1.000000000,12.000000000,0.716894977,0.619236583
AOI-0074,2015-08-29,70404,2,2,True,0,1.000000000,1.000000000,1.000000000,0.711627907,0.624497062
AOI-0074,2015-09-03,70404,1,1,True,5,1.000000000,1.000000000,23.000000000,0.953488372,0.220352331
AOI-0074,2015-09-27,70404,1,1,True,0,1.000000000,1.000000000,1.000000000,0.953488372,0.220352331
AOI-0074,2016-06-25,70404,2,2,False,-1,0.000000000,0.000000000,12.000000000,0.809045226,0.510842184
AOI-0074,2016-09-13,70404,1,2,True,0,1.000000000,1.000000000,1.000000000,0.728643216,0.609627116
AOI-0074,2017-05-27,70404,1,1,True,0,1.000000000,1.000000000,1.000000000,0.957446809,0.205470750
AOI-0074,2017-08-15,70404,1,1,True,5,1.000000000,1.000000000,23.000000000,0.913043478,0.355712860
AOI-0074,2017-09-21,70404,0,0,True,0,1.000000000,1.000000000,1.000000000,0.894736842,0.409458619
AOI-0074,2017-09-23,70404,0,0,True,0,1.000000000,1.000000000,1.000000000,0.894736842,0.409458619
AOI-0074,2018-04-12,70404,1,1,True,0,1.000000000,1.000000000,1.000000000,0.957446809,0.205470750
AOI-0074,2018-05-25,70404,2,2,True,0,1.000000000,1.000000000,1.000000000,0.777777778,0.552980074
AOI-0074,2018-06-10,70404,2,2,True,0,1.000000000,1.000000000,1.000000000,0.687203791,0.776520666
AOI-0074,2018-06-28,70404,0,0,True,0,1.000000000,1.000000000,1.000000000,0.894736842,0.409458619
AOI-0074,2018-10-13,70404,0,0,True,0,1.000000000,1.000000000,1.000000000,0.987096774,0.077896072
AOI-0074,2019-04-21,70404,0,0,True,0,1.000000000,1.000000000,1.000000000,0.986754967,0.079610965
AOI-0074,2019-06-25,70404,0,0,True,0,1.000000000,1.000000000,1.000000000,0.986013986,0.083298165
AOI-0074,2019-07-03,70404,0,0,True,0,1.000000000,1.000000000,1.000000000,0.894736842,0.409458619
AOI-0074,2019-07-23,70404,0,1,True,0,1.000000000,1.000000000,1.000000000,0.714285714,0.659572204
AOI-0074,2019-08-12,70404,0,0,False,-1,0.000000000,0.000000000,inf,0.866666667,0.485094091
AOI-0074,2019-08-13,70404,2,2,False,-1,0.000000000,0.000000000,12.000000000,0.623188406,0.919190476
AOI-0074,2019-08-21,70404,1,0,True,0,1.000000000,1.000000000,1.000000000,0.766871166,0.571399404
AOI-0074,2019-09-23,70404,0,0,True,0,1.000000000,1.000000000,1.000000000,0.985611511,0.085284100
AOI-0074,2019-10-17,70404,1,1,True,0,1.000000000,1.000000000,1.000000000,0.853658537,0.447709041
AOI-0074,2020-05-12,70404,1,0,True,0,1.000000000,1.000000000,1.000000000,0.655813953,0.668411592
AOI-0074,2020-05-19,70404,1,1,True,0,1.000000000,1.000000000,1.000000000,0.521126761,0.755796605
AOI-0074,2020-06-27,70404,0,0,True,0,1.000000000,1.000000000,1.000000000,0.894736842,0.409458619
AOI-0074,2020-06-28,70404,1,1,True,0,1.000000000,1.000000000,1.000000000,0.620253165,0.719438059
AOI-0074,2020-07-11,70404,2,0,True,0,1.000000000,1.000000000,1.000000000,0.637209302,0.679891962
AOI-0074,2020-07-31,70404,1,0,True,0,1.000000000,1.000000000,1.000000000,0.556886228,0.718381285
AOI-0074,2020-08-06,70404,0,0,True,0,1.000000000,1.000000000,1.000000000,0.894736842,0.409458619
AOI-0074,2020-08-11,70404,0,1,True,0,1.000000000,1.000000000,1.000000000,0.647058824,0.724975116
AOI-0074,2020-09-01,70404,1,1,True,4,2.000000000,1.000000000,15.000000000,0.762237762,0.580035758
AOI-0074,2020-09-13,70404,2,2,True,0,1.000000000,1.000000000,1.000000000,0.990338164,0.061138862
AOI-0074,2020-10-19,70404,1,0,True,0,1.000000000,1.000000000,1.000000000,0.737373737,0.618600306
AOI-0074,2021-04-12,70404,1,0,True,0,1.000000000,1.000000000,1.000000000,0.485714286,0.803083670
AOI-0074,2021-04-18,70404,0,0,True,0,1.000000000,1.000000000,1.000000000,0.818181818,0.600166073
AOI-0074,2021-05-13,70404,0,0,False,-1,0.000000000,0.000000000,inf,0.866666667,0.485094091
AOI-0074,2021-06-07,70404,0,0,False,-1,0.000000000,0.000000000,inf,0.866666667,0.485094091
AOI-0074,2021-06-15,70404,1,1,True,0,1.000000000,1.000000000,1.000000000,0.894736842,0.409458619
AOI-0074,2021-06-26,70404,0,0,False,-1,0.000000000,0.000000000,12.000000000,0.600000000,0.698353577
AOI-0074,2021-07-09,70404,0,0,True,0,1.000000000,1.000000000,1.000000000,0.986754967,0.079610965
AOI-0074,2021-07-19,70404,0,0,True,0,1.000000000,1.000000000,1.000000000,0.814207650,0.504717032
AOI-0074,2021-08-02,70404,1,1,True,4,2.000000000,1.000000000,15.000000000,0.620253165,0.719438059
AOI-0074,2021-09-30,70404,0,2,True,0,1.000000000,1.000000000,1.000000000,0.630331754,0.852595732
AOI-0074,2022-04-25,70404,0,0,True,4,4.000000000,1.000000000,12.000000000,0.792349727,0.536096233
AOI-0074,2022-04-28,70404,0,0,True,0,1.000000000,1.000000000,1.000000000,0.894736842,0.409458619
AOI-0074,2022-06-02,70404,0,1,True,0,1.000000000,1.000000000,1.000000000,0.672727273,0.702449738
AOI-0074,2022-06-12,70404,0,1,True,0,1.000000000,1.000000000,1.000000000,0.853658537,0.447709041
AOI-0074,2022-07-20,70404,1,1,True,4,1.000000000,1.000000000,16.000000000,0.935483871,0.283936267
AOI-0074,2022-07-27,70404,0,0,True,0,1.000000000,1.000000000,1.000000000,0.473684211,0.862857801
AOI-0074,2022-09-05,70404,0,0,True,0,1.000000000,1.000000000,1.000000000,0.866666667,0.485094091
AOI-0074,2022-09-10,70404,1,1,False,-1,0.000000000,0.000000000,inf,0.674418605,0.714783355
AOI-0074,2022-10-07,70404,0,0,True,0,1.000000000,1.000000000,1.000000000,0.986013986,0.083298165
AOI-0074,2023-04-26,70404,1,1,True,0,1.000000000,1.000000000,1.000000000,0.963636364,0.181415523
AOI-0074,2023-05-03,70404,0,0,False,-1,0.000000000,0.000000000,inf,0.866666667,0.485094091
AOI-0074,2023-05-04,70404,1,1,True,0,1.000000000,1.000000000,1.000000000,0.620253165,0.719438059
AOI-0074,2023-05-12,70404,1,0,True,0,1.000000000,1.000000000,1.000000000,0.743016760,0.596792252
AOI-0074,2023-06-04,70404,0,0,False,-1,0.000000000,0.000000000,inf,0.894736842,0.409458619
AOI-0074,2023-07-25,70404,1,1,True,4,2.000000000,1.000000000,12.000000000,0.982608696,0.099759750
AOI-0074,2023-08-13,70404,0,0,True,0,1.000000000,1.000000000,1.000000000,0.711627907,0.770073187
AOI-0074,2023-08-24,70404,1,1,True,0,1.000000000,1.000000000,1.000000000,0.963636364,0.181415523
AOI-0074,2023-09-30,70404,0,2,True,0,1.000000000,1.000000000,1.000000000,0.911330049,0.318474676
AOI-0074,2024-04-07,70404,0,1,True,0,1.000000000,1.000000000,1.000000000,0.772151899,0.585549972
AOI-0074,2024-04-20,70404,1,1,False,-1,0.000000000,0.000000000,inf,0.866666667,0.485094091
AOI-0074,2024-05-07,70404,1,1,True,4,2.000000000,1.000000000,15.000000000,0.878260870,0.401701573
AOI-0074,2024-05-14,70404,0,0,True,0,1.000000000,1.000000000,1.000000000,0.684210526,0.765937337
AOI-0074,2024-07-25,70404,0,0,False,-1,0.000000000,0.000000000,13.000000000,0.737142857,0.603553904
AOI-0074,2024-07-31,70404,0,0,True,0,1.000000000,1.000000000,1.000000000,0.894736842,0.409458619
AOI-0074,2024-08-18,70404,1,1,True,0,1.000000000,1.000000000,1.000000000,0.960784314,0.192625738
AOI-0074,2024-09-13,70404,0,0,False,-1,0.000000000,0.000000000,12.000000000,0.642512077,0.677549840
AOI-0074,2024-09-21,70404,0,0,True,0,1.000000000,1.000000000,1.000000000,0.818181818,0.498265026
AOI-0074,2024-09-24,70404,0,0,True,0,1.000000000,1.000000000,1.000000000,0.894736842,0.409458619
AOI-0074,2024-10-01,70404,0,0,True,0,1.000000000,1.000000000,1.000000000,0.814207650,0.504717032
AOI-0074,2025-04-04,70404,0,0,True,0,2.000000000,1.000000000,1.000000000,0.942857143,0.258640932
AOI-0074,2025-04-24,70404,0,0,True,0,2.000000000,1.000000000,1.000000000,0.982608696,0.099759750
AOI-0074,2025-05-01,70404,0,0,True,0,2.000000000,1.000000000,1.000000000,0.889361702,0.365884432
AOI-0074,2025-06-08,70404,0,0,True,0,1.000000000,1.000000000,1.000000000,0.988023952,0.073197386
AOI-0074,2025-06-11,70404,0,1,True,0,2.000000000,1.000000000,1.000000000,0.826771654,0.492999622
AOI-0074,2025-06-21,70404,0,1,True,0,2.000000000,1.000000000,1.000000000,0.783132530,0.569445434
AOI-0074,2025-07-08,70404,0,0,True,0,1.000000000,1.000000000,1.000000000,0.863874346,0.420059298
AOI-0074,2025-08-07,70404,0,0,True,0,1.000000000,1.000000000,1.000000000,0.842931937,0.457730591
AOI-0074,2025-08-13,70404,1,2,True,0,2.000000000,1.000000000,1.000000000,0.748987854,0.584169173
AOI-0075,2025-04-23,70404,1,2,True,0,2.000000000,1.000000000,1.000000000,0.655172414,0.882638756
AOI-0075,2025-04-29,70404,0,0,True,0,1.000000000,1.000000000,1.000000000,0.983739837,0.094374144
AOI-0075,2025-05-09,70404,2,2,True,0,1.000000000,1.000000000,1.000000000,0.832599119,0.472112358
AOI-0075,2025-05-24,70404,0,0,True,0,2.000000000,1.000000000,1.000000000,0.986013986,0.083298165
AOI-0075,2025-06-08,70404,0,0,True,0,1.000000000,1.000000000,1.000000000,0.988023952,0.073197386
AOI-0075,2025-07-06,70404,0,1,True,0,1.000000000,1.000000000,1.000000000,0.869158879,0.421650381
AOI-0075,2025-07-31,70404,0,1,True,0,1.000000000,1.000000000,1.000000000,0.762711864,0.608992466
AOI-0075,2025-08-17,70404,0,0,True,0,1.000000000,1.000000000,1.000000000,0.782857143,0.549692548
AOI-0075,2025-08-29,70404,0,0,True,0,2.000000000,1.000000000,1.000000000,0.992277992,0.050601985
AOI-0075,2025-10-26,70404,0,0,True,0,1.000000000,1.000000000,1.000000000,0.894736842,0.409458619
AOI-0076,2025-04-02,70404,0,1,True,0,2.000000000,1.000000000,1.000000000,0.671641791,0.693725705
AOI-0076,2025-04-07,70404,0,2,True,0,1.000000000,1.000000000,1.000000000,0.973568282,0.134019856
AOI-0076,2025-04-29,70404,0,0,True,0,1.000000000,1.000000000,1.000000000,0.983739837,0.094374144
AOI-0076,2025-05-09,70404,2,2,True,1,2.000000000,1.000000000,2.000000000,0.832599119,0.472112358
AOI-0076,2025-06-02,70404,1,1,True,0,2.000000000,1.000000000,1.000000000,0.948717949,0.237819011
AOI-0076,2025-06-26,70404,2,2,True,0,2.000000000,1.000000000,1.000000000,0.990338164,0.061138862
AOI-0076,2025-06-30,70404,0,0,True,1,1.000000000,1.000000000,2.000000000,0.984732824,0.089580528
AOI-0076,2025-08-07,70404,0,0,True,0,2.000000000,1.000000000,1.000000000,0.842931937,0.457730591
AOI-0076,2025-08-17,70404,0,0,True,0,1.000000000,1.000000000,1.000000000,0.782857143,0.549692548
AOI-0077,2025-05-01,70404,0,0,True,0,1.000000000,1.000000000,1.000000000,0.889361702,0.365884432
AOI-0077,2025-05-12,70404,0,0,True,0,2.000000000,1.000000000,1.000000000,0.894736842,0.409458619
AOI-0077,2025-05-24,70404,0,0,True,0,2.000000000,1.000000000,1.000000000,0.986013986,0.083298165
AOI-0077,2025-06-01,70404,0,0,True,0,1.000000000,1.000000000,1.000000000,0.866666667,0.485094091
AOI-0077,2025-06-03,70404,0,0,True,0,1.000000000,1.000000000,1.000000000,0.986394558,0.081409508
AOI-0077,2025-07-30,70404,0,0,True,0,2.000000000,1.000000000,1.000000000,0.992156863,0.051273190
AOI-0077,2025-07-31,70404,0,1,True,0,1.000000000,1.000000000,1.000000000,0.762711864,0.608992466
AOI-0077,2025-09-06,70404,0,0,True,0,1.000000000,1.000000000,1.000000000,0.670886076,0.687202700
AOI-0077,2025-10-01,70404,0,0,True,0,1.000000000,1.000000000,1.000000000,0.818181818,0.600166073
AOI-0078,2025-04-07,70404,0,2,True,0,1.000000000,1.000000000,1.000000000,0.973568282,0.134019856
AOI-0078,2025-04-12,70404,0,0,True,0,1.000000000,1.000000000,1.000000000,0.894736842,0.409458619
AOI-0078,2025-04-22,70404,0,0,True,0,1.000000000,1.000000000,1.000000000,0.894736842,0.409458619
AOI-0078,2025-04-23,70404,1,2,True,0,1.000000000,1.000000000,1.000000000,0.655172414,0.882638756
AOI-0078,2025-05-11,70404,0,0,True,2,2.000000000,1.000000000,3.000000000,0.935483871,0.283936267
AOI-0078,2025-06-13,70404,0,0,True,0,1.000000000,1.000000000,1.000000000,0.659863946,0.674472318
AOI-0078,2025-06-30,70404,0,0,True,2,1.000000000,1.000000000,4.000000000,0.984732824,0.089580528
AOI-0078,2025-07-16,70404,0,1,True,0,1.000000000,1.000000000,1.000000000,0.617021277,0.747675135
AOI-0078,2025-08-05,70404,0,1,True,0,1.000000000,1.000000000,1.000000000,0.600000000,0.775939123
