route,policy,slice,n,rmse,rmse_base
crop_hier_n1_p67,fixed040,all,10576,0.0668645755,0.0680787938
crop_hier_n1_p67,fixed040,near,6890,0.0646746564,0.0662006592
crop_hier_n1_p67,fixed040,mid,1711,0.0717262908,0.0729940242
crop_hier_n1_p67,fixed040,far,1975,0.0699433870,0.0700986011
crop_hier_n1_p67,fixed040,history,7552,0.0673278752,0.0684564515
crop_hier_n1_p67,fixed040,2025,3024,0.0656932844,0.0671263704
crop_hier_n1_p67,fixed040,new,9068,0.0692175138,0.0704712639
crop_hier_n1_p67,fixed040,shared,1508,0.0504526338,0.0513951813
crop_hier_n1_p67,fixed040,new2025,1516,0.0779513046,0.0797533421
crop_hier_n1_p67,fixed040,shared2025,1508,0.0504526338,0.0513951813
crop_hier_n1_p67,fixed040,new2025_near,1408,0.0769767045,0.0789108893
crop_hier_n1_p67,fixed040,new2025_far,18,0.0913982465,0.0931731510
crop_hier_n1_p67,fixed040,shared2025_near,1431,0.0503883778,0.0513532772
crop_hier_n1_p67,fixed040,shared2025_far,10,0.0969101508,0.0973607376
crop_hier_n1_p67,fixed040,source_s2,4693,0.0655151433,0.0665003066
crop_hier_n1_p67,fixed040,source_landsat,4065,0.0698226332,0.0710960435
crop_hier_n1_p67,fixed040,source_modis,1818,0.0634660495,0.0651471604
crop_hier_n1_p67,fixed045,all,10576,0.0668484564,0.0680787938
crop_hier_n1_p67,fixed045,near,6890,0.0646255745,0.0662006592
crop_hier_n1_p67,fixed045,mid,1711,0.0716975152,0.0729940242
crop_hier_n1_p67,fixed045,far,1975,0.0700446353,0.0700986011
crop_hier_n1_p67,fixed045,history,7552,0.0673267771,0.0684564515
crop_hier_n1_p67,fixed045,2025,3024,0.0656386999,0.0671263704
crop_hier_n1_p67,fixed045,new,9068,0.0691941626,0.0704712639
crop_hier_n1_p67,fixed045,shared,1508,0.0504954226,0.0513951813
crop_hier_n1_p67,fixed045,new2025,1516,0.0778319322,0.0797533421
crop_hier_n1_p67,fixed045,shared2025,1508,0.0504954226,0.0513951813
crop_hier_n1_p67,fixed045,new2025_near,1408,0.0768422829,0.0789108893
crop_hier_n1_p67,fixed045,new2025_far,18,0.0912564197,0.0931731510
crop_hier_n1_p67,fixed045,shared2025_near,1431,0.0504327731,0.0513532772
crop_hier_n1_p67,fixed045,shared2025_far,10,0.0969060634,0.0973607376
crop_hier_n1_p67,fixed045,source_s2,4693,0.0655124891,0.0665003066
crop_hier_n1_p67,fixed045,source_landsat,4065,0.0697836253,0.0710960435
crop_hier_n1_p67,fixed045,source_modis,1818,0.0634702710,0.0651471604
crop_hier_n1_p67,distance_50_40_30,all,10576,0.0667990053,0.0680787938
crop_hier_n1_p67,distance_50_40_30,near,6890,0.0646084820,0.0662006592
crop_hier_n1_p67,distance_50_40_30,mid,1711,0.0717262908,0.0729940242
crop_hier_n1_p67,distance_50_40_30,far,1975,0.0698211337,0.0700986011
crop_hier_n1_p67,distance_50_40_30,history,7552,0.0672697116,0.0684564515
crop_hier_n1_p67,distance_50_40_30,2025,3024,0.0656087384,0.0671263704
crop_hier_n1_p67,distance_50_40_30,new,9068,0.0691291051,0.0704712639
crop_hier_n1_p67,distance_50_40_30,shared,1508,0.0505722265,0.0513951813
crop_hier_n1_p67,distance_50_40_30,new2025,1516,0.0777318742,0.0797533421
crop_hier_n1_p67,distance_50_40_30,shared2025,1508,0.0505722265,0.0513951813
crop_hier_n1_p67,distance_50_40_30,new2025_near,1408,0.0767322650,0.0789108893
crop_hier_n1_p67,distance_50_40_30,new2025_far,18,0.0917359234,0.0931731510
crop_hier_n1_p67,distance_50_40_30,shared2025_near,1431,0.0505139803,0.0513532772
crop_hier_n1_p67,distance_50_40_30,shared2025_far,10,0.0969532272,0.0973607376
crop_hier_n1_p67,distance_50_40_30,source_s2,4693,0.0654294253,0.0665003066
crop_hier_n1_p67,distance_50_40_30,source_landsat,4065,0.0697107449,0.0710960435
crop_hier_n1_p67,distance_50_40_30,source_modis,1818,0.0635675763,0.0651471604
crop_hier_n1_p67,distance_50_45_25,all,10576,0.0667899349,0.0680787938
crop_hier_n1_p67,distance_50_45_25,near,6890,0.0646084820,0.0662006592
crop_hier_n1_p67,distance_50_45_25,mid,1711,0.0716975152,0.0729940242
crop_hier_n1_p67,distance_50_45_25,far,1975,0.0698002691,0.0700986011
crop_hier_n1_p67,distance_50_45_25,history,7552,0.0672549065,0.0684564515
crop_hier_n1_p67,distance_50_45_25,2025,3024,0.0656143481,0.0671263704
crop_hier_n1_p67,distance_50_45_25,new,9068,0.0691187296,0.0704712639
crop_hier_n1_p67,distance_50_45_25,shared,1508,0.0505734860,0.0513951813
crop_hier_n1_p67,distance_50_45_25,new2025,1516,0.0777405035,0.0797533421
crop_hier_n1_p67,distance_50_45_25,shared2025,1508,0.0505734860,0.0513951813
crop_hier_n1_p67,distance_50_45_25,new2025_near,1408,0.0767322650,0.0789108893
crop_hier_n1_p67,distance_50_45_25,new2025_far,18,0.0919315750,0.0931731510
crop_hier_n1_p67,distance_50_45_25,shared2025_near,1431,0.0505139803,0.0513532772
crop_hier_n1_p67,distance_50_45_25,shared2025_far,10,0.0969922007,0.0973607376
crop_hier_n1_p67,distance_50_45_25,source_s2,4693,0.0654346746,0.0665003066
crop_hier_n1_p67,distance_50_45_25,source_landsat,4065,0.0697295746,0.0710960435
crop_hier_n1_p67,distance_50_45_25,source_modis,1818,0.0634519008,0.0651471604
crop_hier_n1_p67,distance_45_40_30,all,10576,0.0668097760,0.0680787938
crop_hier_n1_p67,distance_45_40_30,near,6890,0.0646255745,0.0662006592
crop_hier_n1_p67,distance_45_40_30,mid,1711,0.0717262908,0.0729940242
crop_hier_n1_p67,distance_45_40_30,far,1975,0.0698211337,0.0700986011
crop_hier_n1_p67,distance_45_40_30,history,7552,0.0672728224,0.0684564515
crop_hier_n1_p67,distance_45_40_30,2025,3024,0.0656391212,0.0671263704
crop_hier_n1_p67,distance_45_40_30,new,9068,0.0691505979,0.0704712639
crop_hier_n1_p67,distance_45_40_30,shared,1508,0.0504952578,0.0513951813
crop_hier_n1_p67,distance_45_40_30,new2025,1516,0.0778327473,0.0797533421
crop_hier_n1_p67,distance_45_40_30,shared2025,1508,0.0504952578,0.0513951813
crop_hier_n1_p67,distance_45_40_30,new2025_near,1408,0.0768422829,0.0789108893
crop_hier_n1_p67,distance_45_40_30,new2025_far,18,0.0917359234,0.0931731510
crop_hier_n1_p67,distance_45_40_30,shared2025_near,1431,0.0504327731,0.0513532772
crop_hier_n1_p67,distance_45_40_30,shared2025_far,10,0.0969532272,0.0973607376
crop_hier_n1_p67,distance_45_40_30,source_s2,4693,0.0654477381,0.0665003066
crop_hier_n1_p67,distance_45_40_30,source_landsat,4065,0.0697559762,0.0710960435
crop_hier_n1_p67,distance_45_40_30,source_modis,1818,0.0634737448,0.0651471604
crop_hier_n1_p67,cohort_year,all,10576,0.0668082729,0.0680787938
crop_hier_n1_p67,cohort_year,near,6890,0.0645785463,0.0662006592
crop_hier_n1_p67,cohort_year,mid,1711,0.0717567128,0.0729940242
crop_hier_n1_p67,cohort_year,far,1975,0.0699380529,0.0700986011
crop_hier_n1_p67,cohort_year,history,7552,0.0673278752,0.0684564515
crop_hier_n1_p67,cohort_year,2025,3024,0.0654926414,0.0671263704
crop_hier_n1_p67,cohort_year,new,9068,0.0691549113,0.0704712639
crop_hier_n1_p67,cohort_year,shared,1508,0.0504457654,0.0513951813
crop_hier_n1_p67,cohort_year,new2025,1516,0.0776182391,0.0797533421
crop_hier_n1_p67,cohort_year,shared2025,1508,0.0504457654,0.0513951813
crop_hier_n1_p67,cohort_year,new2025_near,1408,0.0765858372,0.0789108893
crop_hier_n1_p67,cohort_year,new2025_far,18,0.0909399641,0.0931731510
crop_hier_n1_p67,cohort_year,shared2025_near,1431,0.0503808918,0.0513532772
crop_hier_n1_p67,cohort_year,shared2025_far,10,0.0969258740,0.0973607376
crop_hier_n1_p67,cohort_year,source_s2,4693,0.0654867220,0.0665003066
crop_hier_n1_p67,cohort_year,source_landsat,4065,0.0697104332,0.0710960435
crop_hier_n1_p67,cohort_year,source_modis,1818,0.0634726224,0.0651471604
crop_hier_n1_p67,cohort_year_dist,all,10576,0.0667664220,0.0680787938
crop_hier_n1_p67,cohort_year_dist,near,6890,0.0645513695,0.0662006592
crop_hier_n1_p67,cohort_year_dist,mid,1711,0.0717567128,0.0729940242
crop_hier_n1_p67,cohort_year_dist,far,1975,0.0698114508,0.0700986011
crop_hier_n1_p67,cohort_year_dist,history,7552,0.0672697116,0.0684564515
crop_hier_n1_p67,cohort_year_dist,2025,3024,0.0654926414,0.0671263704
crop_hier_n1_p67,cohort_year_dist,new,9068,0.0691077556,0.0704712639
crop_hier_n1_p67,cohort_year_dist,shared,1508,0.0504457654,0.0513951813
crop_hier_n1_p67,cohort_year_dist,new2025,1516,0.0776182391,0.0797533421
crop_hier_n1_p67,cohort_year_dist,shared2025,1508,0.0504457654,0.0513951813
crop_hier_n1_p67,cohort_year_dist,new2025_near,1408,0.0765858372,0.0789108893
crop_hier_n1_p67,cohort_year_dist,new2025_far,18,0.0909399641,0.0931731510
crop_hier_n1_p67,cohort_year_dist,shared2025_near,1431,0.0503808918,0.0513532772
crop_hier_n1_p67,cohort_year_dist,shared2025_far,10,0.0969258740,0.0973607376
crop_hier_n1_p67,cohort_year_dist,source_s2,4693,0.0654059905,0.0665003066
crop_hier_n1_p67,cohort_year_dist,source_landsat,4065,0.0696679732,0.0710960435
crop_hier_n1_p67,cohort_year_dist,source_modis,1818,0.0635355340,0.0651471604
crop_hier_n1_p67,new2025_0.45,all,10576,0.0668446393,0.0680787938
crop_hier_n1_p67,new2025_0.45,near,6890,0.0646419820,0.0662006592
crop_hier_n1_p67,new2025_0.45,mid,1711,0.0717319418,0.0729940242
crop_hier_n1_p67,new2025_0.45,far,1975,0.0699416992,0.0700986011
crop_hier_n1_p67,new2025_0.45,history,7552,0.0673278752,0.0684564515
crop_hier_n1_p67,new2025_0.45,2025,3024,0.0656222898,0.0671263704
crop_hier_n1_p67,new2025_0.45,new,9068,0.0691950524,0.0704712639
crop_hier_n1_p67,new2025_0.45,shared,1508,0.0504526338,0.0513951813
crop_hier_n1_p67,new2025_0.45,new2025,1516,0.0778319322,0.0797533421
crop_hier_n1_p67,new2025_0.45,shared2025,1508,0.0504526338,0.0513951813
crop_hier_n1_p67,new2025_0.45,new2025_near,1408,0.0768422829,0.0789108893
crop_hier_n1_p67,new2025_0.45,new2025_far,18,0.0912564197,0.0931731510
crop_hier_n1_p67,new2025_0.45,shared2025_near,1431,0.0503883778,0.0513532772
crop_hier_n1_p67,new2025_0.45,shared2025_far,10,0.0969101508,0.0973607376
crop_hier_n1_p67,new2025_0.45,source_s2,4693,0.0655016837,0.0665003066
crop_hier_n1_p67,new2025_0.45,source_landsat,4065,0.0697889742,0.0710960435
crop_hier_n1_p67,new2025_0.45,source_modis,1818,0.0634625225,0.0651471604
crop_hier_n1_p67,new2025_0.50,all,10576,0.0668287317,0.0680787938
crop_hier_n1_p67,new2025_0.50,near,6890,0.0646152697,0.0662006592
crop_hier_n1_p67,new2025_0.50,mid,1711,0.0717388934,0.0729940242
crop_hier_n1_p67,new2025_0.50,far,1975,0.0699402292,0.0700986011
crop_hier_n1_p67,new2025_0.50,history,7552,0.0673278752,0.0684564515
crop_hier_n1_p67,new2025_0.50,2025,3024,0.0655656009,0.0671263704
crop_hier_n1_p67,new2025_0.50,new,9068,0.0691771294,0.0704712639
crop_hier_n1_p67,new2025_0.50,shared,1508,0.0504526338,0.0513951813
crop_hier_n1_p67,new2025_0.50,new2025,1516,0.0777365752,0.0797533421
crop_hier_n1_p67,new2025_0.50,shared2025,1508,0.0504526338,0.0513951813
crop_hier_n1_p67,new2025_0.50,new2025_near,1408,0.0767322650,0.0789108893
crop_hier_n1_p67,new2025_0.50,new2025_far,18,0.0911327161,0.0931731510
crop_hier_n1_p67,new2025_0.50,shared2025_near,1431,0.0503883778,0.0513532772
crop_hier_n1_p67,new2025_0.50,shared2025_far,10,0.0969101508,0.0973607376
crop_hier_n1_p67,new2025_0.50,source_s2,4693,0.0654929978,0.0665003066
crop_hier_n1_p67,new2025_0.50,source_landsat,4065,0.0697581297,0.0710960435
crop_hier_n1_p67,new2025_0.50,source_modis,1818,0.0634640280,0.0651471604
crop_hier_n1_p67,new2025_0.55,all,10576,0.0668168553,0.0680787938
crop_hier_n1_p67,new2025_0.55,near,6890,0.0645945269,0.0662006592
crop_hier_n1_p67,new2025_0.55,mid,1711,0.0717471452,0.0729940242
crop_hier_n1_p67,new2025_0.55,far,1975,0.0699389770,0.0700986011
crop_hier_n1_p67,new2025_0.55,history,7552,0.0673278752,0.0684564515
crop_hier_n1_p67,new2025_0.55,2025,3024,0.0655232550,0.0671263704
crop_hier_n1_p67,new2025_0.55,new,9068,0.0691637481,0.0704712639
crop_hier_n1_p67,new2025_0.55,shared,1508,0.0504526338,0.0513951813
crop_hier_n1_p67,new2025_0.55,new2025,1516,0.0776653221,0.0797533421
crop_hier_n1_p67,new2025_0.55,shared2025,1508,0.0504526338,0.0513951813
crop_hier_n1_p67,new2025_0.55,new2025_near,1408,0.0766467557,0.0789108893
crop_hier_n1_p67,new2025_0.55,new2025_far,18,0.0910272098,0.0931731510
crop_hier_n1_p67,new2025_0.55,shared2025_near,1431,0.0503883778,0.0513532772
crop_hier_n1_p67,new2025_0.55,shared2025_far,10,0.0969101508,0.0973607376
crop_hier_n1_p67,new2025_0.55,source_s2,4693,0.0654890873,0.0665003066
crop_hier_n1_p67,new2025_0.55,source_landsat,4065,0.0697301034,0.0710960435
crop_hier_n1_p67,new2025_0.55,source_modis,1818,0.0634705658,0.0651471604
crop_hier_n1_p67,new2025_0.60,all,10576,0.0668090124,0.0680787938
crop_hier_n1_p67,new2025_0.60,near,6890,0.0645797594,0.0662006592
crop_hier_n1_p67,new2025_0.60,mid,1711,0.0717566966,0.0729940242
crop_hier_n1_p67,new2025_0.60,far,1975,0.0699379425,0.0700986011
crop_hier_n1_p67,new2025_0.60,history,7552,0.0673278752,0.0684564515
crop_hier_n1_p67,new2025_0.60,2025,3024,0.0654952797,0.0671263704
crop_hier_n1_p67,new2025_0.60,new,9068,0.0691549113,0.0704712639
crop_hier_n1_p67,new2025_0.60,shared,1508,0.0504526338,0.0513951813
crop_hier_n1_p67,new2025_0.60,new2025,1516,0.0776182391,0.0797533421
crop_hier_n1_p67,new2025_0.60,shared2025,1508,0.0504526338,0.0513951813
crop_hier_n1_p67,new2025_0.60,new2025_near,1408,0.0765858372,0.0789108893
crop_hier_n1_p67,new2025_0.60,new2025_far,18,0.0909399641,0.0931731510
crop_hier_n1_p67,new2025_0.60,shared2025_near,1431,0.0503883778,0.0513532772
crop_hier_n1_p67,new2025_0.60,shared2025_far,10,0.0969101508,0.0973607376
crop_hier_n1_p67,new2025_0.60,source_s2,4693,0.0654899532,0.0665003066
crop_hier_n1_p67,new2025_0.60,source_landsat,4065,0.0697048988,0.0710960435
crop_hier_n1_p67,new2025_0.60,source_modis,1818,0.0634821343,0.0651471604
crop_hier_n1_p67,new2025_0.65,all,10576,0.0668052044,0.0680787938
crop_hier_n1_p67,new2025_0.65,near,6890,0.0645709712,0.0662006592
crop_hier_n1_p67,new2025_0.65,mid,1711,0.0717675474,0.0729940242
crop_hier_n1_p67,new2025_0.65,far,1975,0.0699371259,0.0700986011
crop_hier_n1_p67,new2025_0.65,history,7552,0.0673278752,0.0684564515
crop_hier_n1_p67,new2025_0.65,2025,3024,0.0654816936,0.0671263704
crop_hier_n1_p67,new2025_0.65,new,9068,0.0691506206,0.0704712639
crop_hier_n1_p67,new2025_0.65,shared,1508,0.0504526338,0.0513951813
crop_hier_n1_p67,new2025_0.65,new2025,1516,0.0775953704,0.0797533421
crop_hier_n1_p67,new2025_0.65,shared2025,1508,0.0504526338,0.0513951813
crop_hier_n1_p67,new2025_0.65,new2025_near,1408,0.0765495682,0.0789108893
crop_hier_n1_p67,new2025_0.65,new2025_far,18,0.0908710316,0.0931731510
crop_hier_n1_p67,new2025_0.65,shared2025_near,1431,0.0503883778,0.0513532772
crop_hier_n1_p67,new2025_0.65,shared2025_far,10,0.0969101508,0.0973607376
crop_hier_n1_p67,new2025_0.65,source_s2,4693,0.0654955953,0.0665003066
crop_hier_n1_p67,new2025_0.65,source_landsat,4065,0.0696825190,0.0710960435
crop_hier_n1_p67,new2025_0.65,source_modis,1818,0.0634987307,0.0651471604
crop_hier_n1_p67,new2025_0.70,all,10576,0.0668054320,0.0680787938
crop_hier_n1_p67,new2025_0.70,near,6890,0.0645681649,0.0662006592
crop_hier_n1_p67,new2025_0.70,mid,1711,0.0717796967,0.0729940242
crop_hier_n1_p67,new2025_0.70,far,1975,0.0699365272,0.0700986011
crop_hier_n1_p67,new2025_0.70,history,7552,0.0673278752,0.0684564515
crop_hier_n1_p67,new2025_0.70,2025,3024,0.0654825056,0.0671263704
crop_hier_n1_p67,new2025_0.70,new,9068,0.0691508770,0.0704712639
crop_hier_n1_p67,new2025_0.70,shared,1508,0.0504526338,0.0513951813
crop_hier_n1_p67,new2025_0.70,new2025,1516,0.0775967372,0.0797533421
crop_hier_n1_p67,new2025_0.70,shared2025,1508,0.0504526338,0.0513951813
crop_hier_n1_p67,new2025_0.70,new2025_near,1408,0.0765379838,0.0789108893
crop_hier_n1_p67,new2025_0.70,new2025_far,18,0.0908204539,0.0931731510
crop_hier_n1_p67,new2025_0.70,shared2025_near,1431,0.0503883778,0.0513532772
crop_hier_n1_p67,new2025_0.70,shared2025_far,10,0.0969101508,0.0973607376
crop_hier_n1_p67,new2025_0.70,source_s2,4693,0.0655060122,0.0665003066
crop_hier_n1_p67,new2025_0.70,source_landsat,4065,0.0696629665,0.0710960435
crop_hier_n1_p67,new2025_0.70,source_modis,1818,0.0635203511,0.0651471604
crop_hier_n1_p67,dist_new2025_0.50,all,10576,0.0667997895,0.0680787938
crop_hier_n1_p67,dist_new2025_0.50,near,6890,0.0646084820,0.0662006592
crop_hier_n1_p67,dist_new2025_0.50,mid,1711,0.0717388934,0.0729940242
crop_hier_n1_p67,dist_new2025_0.50,far,1975,0.0698139339,0.0700986011
crop_hier_n1_p67,dist_new2025_0.50,history,7552,0.0672697116,0.0684564515
crop_hier_n1_p67,dist_new2025_0.50,2025,3024,0.0656115307,0.0671263704
crop_hier_n1_p67,dist_new2025_0.50,new,9068,0.0691299889,0.0704712639
crop_hier_n1_p67,dist_new2025_0.50,shared,1508,0.0505722265,0.0513951813
crop_hier_n1_p67,dist_new2025_0.50,new2025,1516,0.0777365752,0.0797533421
crop_hier_n1_p67,dist_new2025_0.50,shared2025,1508,0.0505722265,0.0513951813
crop_hier_n1_p67,dist_new2025_0.50,new2025_near,1408,0.0767322650,0.0789108893
crop_hier_n1_p67,dist_new2025_0.50,new2025_far,18,0.0911327161,0.0931731510
crop_hier_n1_p67,dist_new2025_0.50,shared2025_near,1431,0.0505139803,0.0513532772
crop_hier_n1_p67,dist_new2025_0.50,shared2025_far,10,0.0969532272,0.0973607376
crop_hier_n1_p67,dist_new2025_0.50,source_s2,4693,0.0654320162,0.0665003066
crop_hier_n1_p67,dist_new2025_0.50,source_landsat,4065,0.0697127508,0.0710960435
crop_hier_n1_p67,dist_new2025_0.50,source_modis,1818,0.0635605669,0.0651471604
crop_hier_n1_p67,dist_new2025_0.55,all,10576,0.0667879079,0.0680787938
crop_hier_n1_p67,dist_new2025_0.55,near,6890,0.0645877370,0.0662006592
crop_hier_n1_p67,dist_new2025_0.55,mid,1711,0.0717471452,0.0729940242
crop_hier_n1_p67,dist_new2025_0.55,far,1975,0.0698126795,0.0700986011
crop_hier_n1_p67,dist_new2025_0.55,history,7552,0.0672697116,0.0684564515
crop_hier_n1_p67,dist_new2025_0.55,2025,3024,0.0655692144,0.0671263704
crop_hier_n1_p67,dist_new2025_0.55,new,9068,0.0691165985,0.0704712639
crop_hier_n1_p67,dist_new2025_0.55,shared,1508,0.0505722265,0.0513951813
crop_hier_n1_p67,dist_new2025_0.55,new2025,1516,0.0776653221,0.0797533421
crop_hier_n1_p67,dist_new2025_0.55,shared2025,1508,0.0505722265,0.0513951813
crop_hier_n1_p67,dist_new2025_0.55,new2025_near,1408,0.0766467557,0.0789108893
crop_hier_n1_p67,dist_new2025_0.55,new2025_far,18,0.0910272098,0.0931731510
crop_hier_n1_p67,dist_new2025_0.55,shared2025_near,1431,0.0505139803,0.0513532772
crop_hier_n1_p67,dist_new2025_0.55,shared2025_far,10,0.0969532272,0.0973607376
crop_hier_n1_p67,dist_new2025_0.55,source_s2,4693,0.0654281021,0.0665003066
crop_hier_n1_p67,dist_new2025_0.55,source_landsat,4065,0.0696847063,0.0710960435
crop_hier_n1_p67,dist_new2025_0.55,source_modis,1818,0.0635670948,0.0651471604
crop_hier_n1_p67,dist_new2025_0.60,all,10576,0.0667800616,0.0680787938
crop_hier_n1_p67,dist_new2025_0.60,near,6890,0.0645729680,0.0662006592
crop_hier_n1_p67,dist_new2025_0.60,mid,1711,0.0717566966,0.0729940242
crop_hier_n1_p67,dist_new2025_0.60,far,1975,0.0698116432,0.0700986011
crop_hier_n1_p67,dist_new2025_0.60,history,7552,0.0672697116,0.0684564515
crop_hier_n1_p67,dist_new2025_0.60,2025,3024,0.0655412588,0.0671263704
crop_hier_n1_p67,dist_new2025_0.60,new,9068,0.0691077556,0.0704712639
crop_hier_n1_p67,dist_new2025_0.60,shared,1508,0.0505722265,0.0513951813
crop_hier_n1_p67,dist_new2025_0.60,new2025,1516,0.0776182391,0.0797533421
crop_hier_n1_p67,dist_new2025_0.60,shared2025,1508,0.0505722265,0.0513951813
crop_hier_n1_p67,dist_new2025_0.60,new2025_near,1408,0.0765858372,0.0789108893
crop_hier_n1_p67,dist_new2025_0.60,new2025_far,18,0.0909399641,0.0931731510
crop_hier_n1_p67,dist_new2025_0.60,shared2025_near,1431,0.0505139803,0.0513532772
crop_hier_n1_p67,dist_new2025_0.60,shared2025_far,10,0.0969532272,0.0973607376
crop_hier_n1_p67,dist_new2025_0.60,source_s2,4693,0.0654289688,0.0665003066
crop_hier_n1_p67,dist_new2025_0.60,source_landsat,4065,0.0696594853,0.0710960435
crop_hier_n1_p67,dist_new2025_0.60,source_modis,1818,0.0635786457,0.0651471604
crop_hier_n1_p67,dist_new2025_0.65,all,10576,0.0667762520,0.0680787938
crop_hier_n1_p67,dist_new2025_0.65,near,6890,0.0645641789,0.0662006592
crop_hier_n1_p67,dist_new2025_0.65,mid,1711,0.0717675474,0.0729940242
crop_hier_n1_p67,dist_new2025_0.65,far,1975,0.0698108251,0.0700986011
crop_hier_n1_p67,dist_new2025_0.65,history,7552,0.0672697116,0.0684564515
crop_hier_n1_p67,dist_new2025_0.65,2025,3024,0.0655276822,0.0671263704
crop_hier_n1_p67,dist_new2025_0.65,new,9068,0.0691034621,0.0704712639
crop_hier_n1_p67,dist_new2025_0.65,shared,1508,0.0505722265,0.0513951813
crop_hier_n1_p67,dist_new2025_0.65,new2025,1516,0.0775953704,0.0797533421
crop_hier_n1_p67,dist_new2025_0.65,shared2025,1508,0.0505722265,0.0513951813
crop_hier_n1_p67,dist_new2025_0.65,new2025_near,1408,0.0765495682,0.0789108893
crop_hier_n1_p67,dist_new2025_0.65,new2025_far,18,0.0908710316,0.0931731510
crop_hier_n1_p67,dist_new2025_0.65,shared2025_near,1431,0.0505139803,0.0513532772
crop_hier_n1_p67,dist_new2025_0.65,shared2025_far,10,0.0969532272,0.0973607376
crop_hier_n1_p67,dist_new2025_0.65,source_s2,4693,0.0654346161,0.0665003066
crop_hier_n1_p67,dist_new2025_0.65,source_landsat,4065,0.0696370908,0.0710960435
crop_hier_n1_p67,dist_new2025_0.65,source_modis,1818,0.0635952169,0.0651471604
crop_hier_n1_p67,dist_new2025_0.70,all,10576,0.0667764797,0.0680787938
crop_hier_n1_p67,dist_new2025_0.70,near,6890,0.0645613722,0.0662006592
crop_hier_n1_p67,dist_new2025_0.70,mid,1711,0.0717796967,0.0729940242
crop_hier_n1_p67,dist_new2025_0.70,far,1975,0.0698102252,0.0700986011
crop_hier_n1_p67,dist_new2025_0.70,history,7552,0.0672697116,0.0684564515
crop_hier_n1_p67,dist_new2025_0.70,2025,3024,0.0655284936,0.0671263704
crop_hier_n1_p67,dist_new2025_0.70,new,9068,0.0691037187,0.0704712639
crop_hier_n1_p67,dist_new2025_0.70,shared,1508,0.0505722265,0.0513951813
crop_hier_n1_p67,dist_new2025_0.70,new2025,1516,0.0775967372,0.0797533421
crop_hier_n1_p67,dist_new2025_0.70,shared2025,1508,0.0505722265,0.0513951813
crop_hier_n1_p67,dist_new2025_0.70,new2025_near,1408,0.0765379838,0.0789108893
crop_hier_n1_p67,dist_new2025_0.70,new2025_far,18,0.0908204539,0.0931731510
crop_hier_n1_p67,dist_new2025_0.70,shared2025_near,1431,0.0505139803,0.0513532772
crop_hier_n1_p67,dist_new2025_0.70,shared2025_far,10,0.0969532272,0.0973607376
crop_hier_n1_p67,dist_new2025_0.70,source_s2,4693,0.0654450427,0.0665003066
crop_hier_n1_p67,dist_new2025_0.70,source_landsat,4065,0.0696175256,0.0710960435
crop_hier_n1_p67,dist_new2025_0.70,source_modis,1818,0.0636168045,0.0651471604
soft_all_r1_l0_p4,fixed040,all,10576,0.0669633799,0.0680787938
soft_all_r1_l0_p4,fixed040,near,6890,0.0647864956,0.0662006592
soft_all_r1_l0_p4,fixed040,mid,1711,0.0718148147,0.0729940242
soft_all_r1_l0_p4,fixed040,far,1975,0.0700097516,0.0700986011
soft_all_r1_l0_p4,fixed040,history,7552,0.0673956483,0.0684564515
soft_all_r1_l0_p4,fixed040,2025,3024,0.0658714655,0.0671263704
soft_all_r1_l0_p4,fixed040,new,9068,0.0693120660,0.0704712639
soft_all_r1_l0_p4,fixed040,shared,1508,0.0505909066,0.0513951813
soft_all_r1_l0_p4,fixed040,new2025,1516,0.0781618131,0.0797533421
soft_all_r1_l0_p4,fixed040,shared2025,1508,0.0505909066,0.0513951813
soft_all_r1_l0_p4,fixed040,new2025_near,1408,0.0771442860,0.0789108893
soft_all_r1_l0_p4,fixed040,new2025_far,18,0.0914698496,0.0931731510
soft_all_r1_l0_p4,fixed040,shared2025_near,1431,0.0504829347,0.0513532772
soft_all_r1_l0_p4,fixed040,shared2025_far,10,0.0968777940,0.0973607376
soft_all_r1_l0_p4,fixed040,source_s2,4693,0.0653996418,0.0665003066
soft_all_r1_l0_p4,fixed040,source_landsat,4065,0.0701824014,0.0710960435
soft_all_r1_l0_p4,fixed040,source_modis,1818,0.0634922827,0.0651471604
soft_all_r1_l0_p4,fixed045,all,10576,0.0669485371,0.0680787938
soft_all_r1_l0_p4,fixed045,near,6890,0.0647445080,0.0662006592
soft_all_r1_l0_p4,fixed045,mid,1711,0.0717868899,0.0729940242
soft_all_r1_l0_p4,fixed045,far,1975,0.0700940028,0.0700986011
soft_all_r1_l0_p4,fixed045,history,7552,0.0673903464,0.0684564515
soft_all_r1_l0_p4,fixed045,2025,3024,0.0658322352,0.0671263704
soft_all_r1_l0_p4,fixed045,new,9068,0.0692888902,0.0704712639
soft_all_r1_l0_p4,fixed045,shared,1508,0.0506440105,0.0513951813
soft_all_r1_l0_p4,fixed045,new2025,1516,0.0780616111,0.0797533421
soft_all_r1_l0_p4,fixed045,shared2025,1508,0.0506440105,0.0513951813
soft_all_r1_l0_p4,fixed045,new2025_near,1408,0.0770246404,0.0789108893
soft_all_r1_l0_p4,fixed045,new2025_far,18,0.0913328398,0.0931731510
soft_all_r1_l0_p4,fixed045,shared2025_near,1431,0.0505329265,0.0513532772
soft_all_r1_l0_p4,fixed045,shared2025_far,10,0.0968683406,0.0973607376
soft_all_r1_l0_p4,fixed045,source_s2,4693,0.0653751355,0.0665003066
soft_all_r1_l0_p4,fixed045,source_landsat,4065,0.0701738690,0.0710960435
soft_all_r1_l0_p4,fixed045,source_modis,1818,0.0634874623,0.0651471604
soft_all_r1_l0_p4,distance_50_40_30,all,10576,0.0669090974,0.0680787938
soft_all_r1_l0_p4,distance_50_40_30,near,6890,0.0647329089,0.0662006592
soft_all_r1_l0_p4,distance_50_40_30,mid,1711,0.0718148147,0.0729940242
soft_all_r1_l0_p4,distance_50_40_30,far,1975,0.0699046791,0.0700986011
soft_all_r1_l0_p4,distance_50_40_30,history,7552,0.0673458427,0.0684564515
soft_all_r1_l0_p4,distance_50_40_30,2025,3024,0.0658057323,0.0671263704
soft_all_r1_l0_p4,distance_50_40_30,new,9068,0.0692352244,0.0704712639
soft_all_r1_l0_p4,distance_50_40_30,shared,1508,0.0507197525,0.0513951813
soft_all_r1_l0_p4,distance_50_40_30,new2025,1516,0.0779680639,0.0797533421
soft_all_r1_l0_p4,distance_50_40_30,shared2025,1508,0.0507197525,0.0513951813
soft_all_r1_l0_p4,distance_50_40_30,new2025_near,1408,0.0769279439,0.0789108893
soft_all_r1_l0_p4,distance_50_40_30,new2025_far,18,0.0917950776,0.0931731510
soft_all_r1_l0_p4,distance_50_40_30,shared2025_near,1431,0.0506182858,0.0513532772
soft_all_r1_l0_p4,distance_50_40_30,shared2025_far,10,0.0969307292,0.0973607376
soft_all_r1_l0_p4,distance_50_40_30,source_s2,4693,0.0653048326,0.0665003066
soft_all_r1_l0_p4,distance_50_40_30,source_landsat,4065,0.0700977449,0.0710960435
soft_all_r1_l0_p4,distance_50_40_30,source_modis,1818,0.0636202629,0.0651471604
soft_all_r1_l0_p4,distance_50_45_25,all,10576,0.0669002057,0.0680787938
soft_all_r1_l0_p4,distance_50_45_25,near,6890,0.0647329089,0.0662006592
soft_all_r1_l0_p4,distance_50_45_25,mid,1711,0.0717868899,0.0729940242
soft_all_r1_l0_p4,distance_50_45_25,far,1975,0.0698839531,0.0700986011
soft_all_r1_l0_p4,distance_50_45_25,history,7552,0.0673292466,0.0684564515
soft_all_r1_l0_p4,distance_50_45_25,2025,3024,0.0658165257,0.0671263704
soft_all_r1_l0_p4,distance_50_45_25,new,9068,0.0692244194,0.0704712639
soft_all_r1_l0_p4,distance_50_45_25,shared,1508,0.0507261785,0.0513951813
soft_all_r1_l0_p4,distance_50_45_25,new2025,1516,0.0779820771,0.0797533421
soft_all_r1_l0_p4,distance_50_45_25,shared2025,1508,0.0507261785,0.0513951813
soft_all_r1_l0_p4,distance_50_45_25,new2025_near,1408,0.0769279439,0.0789108893
soft_all_r1_l0_p4,distance_50_45_25,new2025_far,18,0.0919831149,0.0931731510
soft_all_r1_l0_p4,distance_50_45_25,shared2025_near,1431,0.0506182858,0.0513532772
soft_all_r1_l0_p4,distance_50_45_25,shared2025_far,10,0.0969741923,0.0973607376
soft_all_r1_l0_p4,distance_50_45_25,source_s2,4693,0.0653034572,0.0665003066
soft_all_r1_l0_p4,distance_50_45_25,source_landsat,4065,0.0701082579,0.0710960435
soft_all_r1_l0_p4,distance_50_45_25,source_modis,1818,0.0635435622,0.0651471604
soft_all_r1_l0_p4,distance_45_40_30,all,10576,0.0669164084,0.0680787938
soft_all_r1_l0_p4,distance_45_40_30,near,6890,0.0647445080,0.0662006592
soft_all_r1_l0_p4,distance_45_40_30,mid,1711,0.0718148147,0.0729940242
soft_all_r1_l0_p4,distance_45_40_30,far,1975,0.0699046791,0.0700986011
soft_all_r1_l0_p4,distance_45_40_30,history,7552,0.0673475559,0.0684564515
soft_all_r1_l0_p4,distance_45_40_30,2025,3024,0.0658273495,0.0671263704
soft_all_r1_l0_p4,distance_45_40_30,new,9068,0.0692533028,0.0704712639
soft_all_r1_l0_p4,distance_45_40_30,shared,1508,0.0506389175,0.0513951813
soft_all_r1_l0_p4,distance_45_40_30,new2025,1516,0.0780566790,0.0797533421
soft_all_r1_l0_p4,distance_45_40_30,shared2025,1508,0.0506389175,0.0513951813
soft_all_r1_l0_p4,distance_45_40_30,new2025_near,1408,0.0770246404,0.0789108893
soft_all_r1_l0_p4,distance_45_40_30,new2025_far,18,0.0917950776,0.0931731510
soft_all_r1_l0_p4,distance_45_40_30,shared2025_near,1431,0.0505329265,0.0513532772
soft_all_r1_l0_p4,distance_45_40_30,shared2025_far,10,0.0969307292,0.0973607376
soft_all_r1_l0_p4,distance_45_40_30,source_s2,4693,0.0653316206,0.0665003066
soft_all_r1_l0_p4,distance_45_40_30,source_landsat,4065,0.0701221170,0.0710960435
soft_all_r1_l0_p4,distance_45_40_30,source_modis,1818,0.0635338858,0.0651471604
soft_all_r1_l0_p4,cohort_year,all,10576,0.0669168131,0.0680787938
soft_all_r1_l0_p4,cohort_year,near,6890,0.0647014030,0.0662006592
soft_all_r1_l0_p4,cohort_year,mid,1711,0.0718612014,0.0729940242
soft_all_r1_l0_p4,cohort_year,far,1975,0.0700046144,0.0700986011
soft_all_r1_l0_p4,cohort_year,history,7552,0.0673956483,0.0684564515
soft_all_r1_l0_p4,cohort_year,2025,3024,0.0657057547,0.0671263704
soft_all_r1_l0_p4,cohort_year,new,9068,0.0692618784,0.0704712639
soft_all_r1_l0_p4,cohort_year,shared,1508,0.0505720969,0.0513951813
soft_all_r1_l0_p4,cohort_year,new2025,1516,0.0778952460,0.0797533421
soft_all_r1_l0_p4,cohort_year,shared2025,1508,0.0505720969,0.0513951813
soft_all_r1_l0_p4,cohort_year,new2025_near,1408,0.0768037242,0.0789108893
soft_all_r1_l0_p4,cohort_year,new2025_far,18,0.0910251237,0.0931731510
soft_all_r1_l0_p4,cohort_year,shared2025_near,1431,0.0504684154,0.0513532772
soft_all_r1_l0_p4,cohort_year,shared2025_far,10,0.0968985927,0.0973607376
soft_all_r1_l0_p4,cohort_year,source_s2,4693,0.0653558690,0.0665003066
soft_all_r1_l0_p4,cohort_year,source_landsat,4065,0.0700906356,0.0710960435
soft_all_r1_l0_p4,cohort_year,source_modis,1818,0.0635496589,0.0651471604
soft_all_r1_l0_p4,cohort_year_dist,all,10576,0.0668809976,0.0680787938
soft_all_r1_l0_p4,cohort_year_dist,near,6890,0.0646784394,0.0662006592
soft_all_r1_l0_p4,cohort_year_dist,mid,1711,0.0718612014,0.0729940242
soft_all_r1_l0_p4,cohort_year_dist,far,1975,0.0698952768,0.0700986011
soft_all_r1_l0_p4,cohort_year_dist,history,7552,0.0673458427,0.0684564515
soft_all_r1_l0_p4,cohort_year_dist,2025,3024,0.0657057547,0.0671263704
soft_all_r1_l0_p4,cohort_year_dist,new,9068,0.0692215202,0.0704712639
soft_all_r1_l0_p4,cohort_year_dist,shared,1508,0.0505720969,0.0513951813
soft_all_r1_l0_p4,cohort_year_dist,new2025,1516,0.0778952460,0.0797533421
soft_all_r1_l0_p4,cohort_year_dist,shared2025,1508,0.0505720969,0.0513951813
soft_all_r1_l0_p4,cohort_year_dist,new2025_near,1408,0.0768037242,0.0789108893
soft_all_r1_l0_p4,cohort_year_dist,new2025_far,18,0.0910251237,0.0931731510
soft_all_r1_l0_p4,cohort_year_dist,shared2025_near,1431,0.0504684154,0.0513532772
soft_all_r1_l0_p4,cohort_year_dist,shared2025_far,10,0.0968985927,0.0973607376
soft_all_r1_l0_p4,cohort_year_dist,source_s2,4693,0.0652806370,0.0665003066
soft_all_r1_l0_p4,cohort_year_dist,source_landsat,4065,0.0700545867,0.0710960435
soft_all_r1_l0_p4,cohort_year_dist,source_modis,1818,0.0636187753,0.0651471604
soft_all_r1_l0_p4,new2025_0.45,all,10576,0.0669466232,0.0680787938
soft_all_r1_l0_p4,new2025_0.45,near,6890,0.0647573978,0.0662006592
soft_all_r1_l0_p4,new2025_0.45,mid,1711,0.0718257639,0.0729940242
soft_all_r1_l0_p4,new2025_0.45,far,1975,0.0700081214,0.0700986011
soft_all_r1_l0_p4,new2025_0.45,history,7552,0.0673956483,0.0684564515
soft_all_r1_l0_p4,new2025_0.45,2025,3024,0.0658118706,0.0671263704
soft_all_r1_l0_p4,new2025_0.45,new,9068,0.0692931847,0.0704712639
soft_all_r1_l0_p4,new2025_0.45,shared,1508,0.0505909066,0.0513951813
soft_all_r1_l0_p4,new2025_0.45,new2025,1516,0.0780616111,0.0797533421
soft_all_r1_l0_p4,new2025_0.45,shared2025,1508,0.0505909066,0.0513951813
soft_all_r1_l0_p4,new2025_0.45,new2025_near,1408,0.0770246404,0.0789108893
soft_all_r1_l0_p4,new2025_0.45,new2025_far,18,0.0913328398,0.0931731510
soft_all_r1_l0_p4,new2025_0.45,shared2025_near,1431,0.0504829347,0.0513532772
soft_all_r1_l0_p4,new2025_0.45,shared2025_far,10,0.0968777940,0.0973607376
soft_all_r1_l0_p4,new2025_0.45,source_s2,4693,0.0653820584,0.0665003066
soft_all_r1_l0_p4,new2025_0.45,source_landsat,4065,0.0701562660,0.0710960435
soft_all_r1_l0_p4,new2025_0.45,source_modis,1818,0.0635008170,0.0651471604
soft_all_r1_l0_p4,new2025_0.50,all,10576,0.0669336131,0.0680787938
soft_all_r1_l0_p4,new2025_0.50,near,6890,0.0647339047,0.0662006592
soft_all_r1_l0_p4,new2025_0.50,mid,1711,0.0718376956,0.0729940242
soft_all_r1_l0_p4,new2025_0.50,far,1975,0.0700066974,0.0700986011
soft_all_r1_l0_p4,new2025_0.50,history,7552,0.0673956483,0.0684564515
soft_all_r1_l0_p4,new2025_0.50,2025,3024,0.0657655732,0.0671263704
soft_all_r1_l0_p4,new2025_0.50,new,9068,0.0692785247,0.0704712639
soft_all_r1_l0_p4,new2025_0.50,shared,1508,0.0505909066,0.0513951813
soft_all_r1_l0_p4,new2025_0.50,new2025,1516,0.0779837412,0.0797533421
soft_all_r1_l0_p4,new2025_0.50,shared2025,1508,0.0505909066,0.0513951813
soft_all_r1_l0_p4,new2025_0.50,new2025_near,1408,0.0769279439,0.0789108893
soft_all_r1_l0_p4,new2025_0.50,new2025_far,18,0.0912130053,0.0931731510
soft_all_r1_l0_p4,new2025_0.50,shared2025_near,1431,0.0504829347,0.0513532772
soft_all_r1_l0_p4,new2025_0.50,shared2025_far,10,0.0968777940,0.0973607376
soft_all_r1_l0_p4,new2025_0.50,source_s2,4693,0.0653688672,0.0665003066
soft_all_r1_l0_p4,new2025_0.50,source_landsat,4065,0.0701326103,0.0710960435
soft_all_r1_l0_p4,new2025_0.50,source_modis,1818,0.0635145158,0.0651471604
soft_all_r1_l0_p4,new2025_0.55,all,10576,0.0669243516,0.0680787938
soft_all_r1_l0_p4,new2025_0.55,near,6890,0.0647160224,0.0662006592
soft_all_r1_l0_p4,new2025_0.55,mid,1711,0.0718506094,0.0729940242
soft_all_r1_l0_p4,new2025_0.55,far,1975,0.0700054799,0.0700986011
soft_all_r1_l0_p4,new2025_0.55,history,7552,0.0673956483,0.0684564515
soft_all_r1_l0_p4,new2025_0.55,2025,3024,0.0657326014,0.0671263704
soft_all_r1_l0_p4,new2025_0.55,new,9068,0.0692680887,0.0704712639
soft_all_r1_l0_p4,new2025_0.55,shared,1508,0.0505909066,0.0513951813
soft_all_r1_l0_p4,new2025_0.55,new2025,1516,0.0779282702,0.0797533421
soft_all_r1_l0_p4,new2025_0.55,shared2025,1508,0.0505909066,0.0513951813
soft_all_r1_l0_p4,new2025_0.55,new2025_near,1408,0.0768542830,0.0789108893
soft_all_r1_l0_p4,new2025_0.55,new2025_far,18,0.0911104139,0.0931731510
soft_all_r1_l0_p4,new2025_0.55,shared2025_near,1431,0.0504829347,0.0513532772
soft_all_r1_l0_p4,new2025_0.55,shared2025_far,10,0.0968777940,0.0973607376
soft_all_r1_l0_p4,new2025_0.55,source_s2,4693,0.0653600711,0.0665003066
soft_all_r1_l0_p4,new2025_0.55,source_landsat,4065,0.0701114367,0.0710960435
soft_all_r1_l0_p4,new2025_0.55,source_modis,1818,0.0635333757,0.0651471604
soft_all_r1_l0_p4,new2025_0.60,all,10576,0.0669188404,0.0680787938
soft_all_r1_l0_p4,new2025_0.60,near,6890,0.0647037555,0.0662006592
soft_all_r1_l0_p4,new2025_0.60,mid,1711,0.0718645047,0.0729940242
soft_all_r1_l0_p4,new2025_0.60,far,1975,0.0700044687,0.0700986011
soft_all_r1_l0_p4,new2025_0.60,history,7552,0.0673956483,0.0684564515
soft_all_r1_l0_p4,new2025_0.60,2025,3024,0.0657129752,0.0671263704
soft_all_r1_l0_p4,new2025_0.60,new,9068,0.0692618784,0.0704712639
soft_all_r1_l0_p4,new2025_0.60,shared,1508,0.0505909066,0.0513951813
soft_all_r1_l0_p4,new2025_0.60,new2025,1516,0.0778952460,0.0797533421
soft_all_r1_l0_p4,new2025_0.60,shared2025,1508,0.0505909066,0.0513951813
soft_all_r1_l0_p4,new2025_0.60,new2025_near,1408,0.0768037242,0.0789108893
soft_all_r1_l0_p4,new2025_0.60,new2025_far,18,0.0910251237,0.0931731510
soft_all_r1_l0_p4,new2025_0.60,shared2025_near,1431,0.0504829347,0.0513532772
soft_all_r1_l0_p4,new2025_0.60,shared2025_far,10,0.0968777940,0.0973607376
soft_all_r1_l0_p4,new2025_0.60,source_s2,4693,0.0653556717,0.0665003066
soft_all_r1_l0_p4,new2025_0.60,source_landsat,4065,0.0700927476,0.0710960435
soft_all_r1_l0_p4,new2025_0.60,source_modis,1818,0.0635573922,0.0651471604
soft_all_r1_l0_p4,new2025_0.65,all,10576,0.0669170804,0.0680787938
soft_all_r1_l0_p4,new2025_0.65,near,6890,0.0646971072,0.0662006592
soft_all_r1_l0_p4,new2025_0.65,mid,1711,0.0718793808,0.0729940242
soft_all_r1_l0_p4,new2025_0.65,far,1975,0.0700036638,0.0700986011
soft_all_r1_l0_p4,new2025_0.65,history,7552,0.0673956483,0.0684564515
soft_all_r1_l0_p4,new2025_0.65,2025,3024,0.0657067065,0.0671263704
soft_all_r1_l0_p4,new2025_0.65,new,9068,0.0692598951,0.0704712639
soft_all_r1_l0_p4,new2025_0.65,shared,1508,0.0505909066,0.0513951813
soft_all_r1_l0_p4,new2025_0.65,new2025,1516,0.0778846972,0.0797533421
soft_all_r1_l0_p4,new2025_0.65,shared2025,1508,0.0505909066,0.0513951813
soft_all_r1_l0_p4,new2025_0.65,new2025_near,1408,0.0767763131,0.0789108893
soft_all_r1_l0_p4,new2025_0.65,new2025_far,18,0.0909571836,0.0931731510
soft_all_r1_l0_p4,new2025_0.65,shared2025_near,1431,0.0504829347,0.0513532772
soft_all_r1_l0_p4,new2025_0.65,shared2025_far,10,0.0968777940,0.0973607376
soft_all_r1_l0_p4,new2025_0.65,source_s2,4693,0.0653556699,0.0665003066
soft_all_r1_l0_p4,new2025_0.65,source_landsat,4065,0.0700765450,0.0710960435
soft_all_r1_l0_p4,new2025_0.65,source_modis,1818,0.0635865593,0.0651471604
soft_all_r1_l0_p4,new2025_0.70,all,10576,0.0669190718,0.0680787938
soft_all_r1_l0_p4,new2025_0.70,near,6890,0.0646960793,0.0662006592
soft_all_r1_l0_p4,new2025_0.70,mid,1711,0.0718952373,0.0729940242
soft_all_r1_l0_p4,new2025_0.70,far,1975,0.0700030654,0.0700986011
soft_all_r1_l0_p4,new2025_0.70,history,7552,0.0673956483,0.0684564515
soft_all_r1_l0_p4,new2025_0.70,2025,3024,0.0657137993,0.0671263704
soft_all_r1_l0_p4,new2025_0.70,new,9068,0.0692621392,0.0704712639
soft_all_r1_l0_p4,new2025_0.70,shared,1508,0.0505909066,0.0513951813
soft_all_r1_l0_p4,new2025_0.70,new2025,1516,0.0778966329,0.0797533421
soft_all_r1_l0_p4,new2025_0.70,shared2025,1508,0.0505909066,0.0513951813
soft_all_r1_l0_p4,new2025_0.70,new2025_near,1408,0.0767720743,0.0789108893
soft_all_r1_l0_p4,new2025_0.70,new2025_far,18,0.0909066324,0.0931731510
soft_all_r1_l0_p4,new2025_0.70,shared2025_near,1431,0.0504829347,0.0513532772
soft_all_r1_l0_p4,new2025_0.70,shared2025_far,10,0.0968777940,0.0973607376
soft_all_r1_l0_p4,new2025_0.70,source_s2,4693,0.0653600659,0.0665003066
soft_all_r1_l0_p4,new2025_0.70,source_landsat,4065,0.0700628305,0.0710960435
soft_all_r1_l0_p4,new2025_0.70,source_modis,1818,0.0636208700,0.0651471604
soft_all_r1_l0_p4,dist_new2025_0.50,all,10576,0.0669117163,0.0680787938
soft_all_r1_l0_p4,dist_new2025_0.50,near,6890,0.0647329089,0.0662006592
soft_all_r1_l0_p4,dist_new2025_0.50,mid,1711,0.0718376956,0.0729940242
soft_all_r1_l0_p4,dist_new2025_0.50,far,1975,0.0698977347,0.0700986011
soft_all_r1_l0_p4,dist_new2025_0.50,history,7552,0.0673458427,0.0684564515
soft_all_r1_l0_p4,dist_new2025_0.50,2025,3024,0.0658150445,0.0671263704
soft_all_r1_l0_p4,dist_new2025_0.50,new,9068,0.0692381762,0.0704712639
soft_all_r1_l0_p4,dist_new2025_0.50,shared,1508,0.0507197525,0.0513951813
soft_all_r1_l0_p4,dist_new2025_0.50,new2025,1516,0.0779837412,0.0797533421
soft_all_r1_l0_p4,dist_new2025_0.50,shared2025,1508,0.0507197525,0.0513951813
soft_all_r1_l0_p4,dist_new2025_0.50,new2025_near,1408,0.0769279439,0.0789108893
soft_all_r1_l0_p4,dist_new2025_0.50,new2025_far,18,0.0912130053,0.0931731510
soft_all_r1_l0_p4,dist_new2025_0.50,shared2025_near,1431,0.0506182858,0.0513532772
soft_all_r1_l0_p4,dist_new2025_0.50,shared2025_far,10,0.0969307292,0.0973607376
soft_all_r1_l0_p4,dist_new2025_0.50,source_s2,4693,0.0653072083,0.0665003066
soft_all_r1_l0_p4,dist_new2025_0.50,source_landsat,4065,0.0701044118,0.0710960435
soft_all_r1_l0_p4,dist_new2025_0.50,source_modis,1818,0.0636135649,0.0651471604
soft_all_r1_l0_p4,dist_new2025_0.55,all,10576,0.0669024518,0.0680787938
soft_all_r1_l0_p4,dist_new2025_0.55,near,6890,0.0647150263,0.0662006592
soft_all_r1_l0_p4,dist_new2025_0.55,mid,1711,0.0718506094,0.0729940242
soft_all_r1_l0_p4,dist_new2025_0.55,far,1975,0.0698965152,0.0700986011
soft_all_r1_l0_p4,dist_new2025_0.55,history,7552,0.0673458427,0.0684564515
soft_all_r1_l0_p4,dist_new2025_0.55,2025,3024,0.0657820975,0.0671263704
soft_all_r1_l0_p4,dist_new2025_0.55,new,9068,0.0692277340,0.0704712639
soft_all_r1_l0_p4,dist_new2025_0.55,shared,1508,0.0507197525,0.0513951813
soft_all_r1_l0_p4,dist_new2025_0.55,new2025,1516,0.0779282702,0.0797533421
soft_all_r1_l0_p4,dist_new2025_0.55,shared2025,1508,0.0507197525,0.0513951813
soft_all_r1_l0_p4,dist_new2025_0.55,new2025_near,1408,0.0768542830,0.0789108893
soft_all_r1_l0_p4,dist_new2025_0.55,new2025_far,18,0.0911104139,0.0931731510
soft_all_r1_l0_p4,dist_new2025_0.55,shared2025_near,1431,0.0506182858,0.0513532772
soft_all_r1_l0_p4,dist_new2025_0.55,shared2025_far,10,0.0969307292,0.0973607376
soft_all_r1_l0_p4,dist_new2025_0.55,source_s2,4693,0.0652984038,0.0665003066
soft_all_r1_l0_p4,dist_new2025_0.55,source_landsat,4065,0.0700832297,0.0710960435
soft_all_r1_l0_p4,dist_new2025_0.55,source_modis,1818,0.0636323955,0.0651471604
soft_all_r1_l0_p4,dist_new2025_0.60,all,10576,0.0668969388,0.0680787938
soft_all_r1_l0_p4,dist_new2025_0.60,near,6890,0.0647027592,0.0662006592
soft_all_r1_l0_p4,dist_new2025_0.60,mid,1711,0.0718645047,0.0729940242
soft_all_r1_l0_p4,dist_new2025_0.60,far,1975,0.0698955024,0.0700986011
soft_all_r1_l0_p4,dist_new2025_0.60,history,7552,0.0673458427,0.0684564515
soft_all_r1_l0_p4,dist_new2025_0.60,2025,3024,0.0657624860,0.0671263704
soft_all_r1_l0_p4,dist_new2025_0.60,new,9068,0.0692215202,0.0704712639
soft_all_r1_l0_p4,dist_new2025_0.60,shared,1508,0.0507197525,0.0513951813
soft_all_r1_l0_p4,dist_new2025_0.60,new2025,1516,0.0778952460,0.0797533421
soft_all_r1_l0_p4,dist_new2025_0.60,shared2025,1508,0.0507197525,0.0513951813
soft_all_r1_l0_p4,dist_new2025_0.60,new2025_near,1408,0.0768037242,0.0789108893
soft_all_r1_l0_p4,dist_new2025_0.60,new2025_far,18,0.0910251237,0.0931731510
soft_all_r1_l0_p4,dist_new2025_0.60,shared2025_near,1431,0.0506182858,0.0513532772
soft_all_r1_l0_p4,dist_new2025_0.60,shared2025_far,10,0.0969307292,0.0973607376
soft_all_r1_l0_p4,dist_new2025_0.60,source_s2,4693,0.0652940003,0.0665003066
soft_all_r1_l0_p4,dist_new2025_0.60,source_landsat,4065,0.0700645331,0.0710960435
soft_all_r1_l0_p4,dist_new2025_0.60,source_modis,1818,0.0636563746,0.0651471604
soft_all_r1_l0_p4,dist_new2025_0.65,all,10576,0.0668951782,0.0680787938
soft_all_r1_l0_p4,dist_new2025_0.65,near,6890,0.0646961108,0.0662006592
soft_all_r1_l0_p4,dist_new2025_0.65,mid,1711,0.0718793808,0.0729940242
soft_all_r1_l0_p4,dist_new2025_0.65,far,1975,0.0698946963,0.0700986011
soft_all_r1_l0_p4,dist_new2025_0.65,history,7552,0.0673458427,0.0684564515
soft_all_r1_l0_p4,dist_new2025_0.65,2025,3024,0.0657562221,0.0671263704
soft_all_r1_l0_p4,dist_new2025_0.65,new,9068,0.0692195357,0.0704712639
soft_all_r1_l0_p4,dist_new2025_0.65,shared,1508,0.0507197525,0.0513951813
soft_all_r1_l0_p4,dist_new2025_0.65,new2025,1516,0.0778846972,0.0797533421
soft_all_r1_l0_p4,dist_new2025_0.65,shared2025,1508,0.0507197525,0.0513951813
soft_all_r1_l0_p4,dist_new2025_0.65,new2025_near,1408,0.0767763131,0.0789108893
soft_all_r1_l0_p4,dist_new2025_0.65,new2025_far,18,0.0909571836,0.0931731510
soft_all_r1_l0_p4,dist_new2025_0.65,shared2025_near,1431,0.0506182858,0.0513532772
soft_all_r1_l0_p4,dist_new2025_0.65,shared2025_far,10,0.0969307292,0.0973607376
soft_all_r1_l0_p4,dist_new2025_0.65,source_s2,4693,0.0652939985,0.0665003066
soft_all_r1_l0_p4,dist_new2025_0.65,source_landsat,4065,0.0700483239,0.0710960435
soft_all_r1_l0_p4,dist_new2025_0.65,source_modis,1818,0.0636854964,0.0651471604
soft_all_r1_l0_p4,dist_new2025_0.70,all,10576,0.0668971703,0.0680787938
soft_all_r1_l0_p4,dist_new2025_0.70,near,6890,0.0646950829,0.0662006592
soft_all_r1_l0_p4,dist_new2025_0.70,mid,1711,0.0718952373,0.0729940242
soft_all_r1_l0_p4,dist_new2025_0.70,far,1975,0.0698940969,0.0700986011
soft_all_r1_l0_p4,dist_new2025_0.70,history,7552,0.0673458427,0.0684564515
soft_all_r1_l0_p4,dist_new2025_0.70,2025,3024,0.0657633096,0.0671263704
soft_all_r1_l0_p4,dist_new2025_0.70,new,9068,0.0692217811,0.0704712639
soft_all_r1_l0_p4,dist_new2025_0.70,shared,1508,0.0507197525,0.0513951813
soft_all_r1_l0_p4,dist_new2025_0.70,new2025,1516,0.0778966329,0.0797533421
soft_all_r1_l0_p4,dist_new2025_0.70,shared2025,1508,0.0507197525,0.0513951813
soft_all_r1_l0_p4,dist_new2025_0.70,new2025_near,1408,0.0767720743,0.0789108893
soft_all_r1_l0_p4,dist_new2025_0.70,new2025_far,18,0.0909066324,0.0931731510
soft_all_r1_l0_p4,dist_new2025_0.70,shared2025_near,1431,0.0506182858,0.0513532772
soft_all_r1_l0_p4,dist_new2025_0.70,shared2025_far,10,0.0969307292,0.0973607376
soft_all_r1_l0_p4,dist_new2025_0.70,source_s2,4693,0.0652983986,0.0665003066
soft_all_r1_l0_p4,dist_new2025_0.70,source_landsat,4065,0.0700346039,0.0710960435
soft_all_r1_l0_p4,dist_new2025_0.70,source_modis,1818,0.0637197538,0.0651471604
soft_all_r2_l0_p4,fixed040,all,10576,0.0669261744,0.0680787938
soft_all_r2_l0_p4,fixed040,near,6890,0.0647292656,0.0662006592
soft_all_r2_l0_p4,fixed040,mid,1711,0.0718082489,0.0729940242
soft_all_r2_l0_p4,fixed040,far,1975,0.0700097516,0.0700986011
soft_all_r2_l0_p4,fixed040,history,7552,0.0673843105,0.0684564515
soft_all_r2_l0_p4,fixed040,2025,3024,0.0657681109,0.0671263704
soft_all_r2_l0_p4,fixed040,new,9068,0.0692990950,0.0704712639
soft_all_r2_l0_p4,fixed040,shared,1508,0.0503519141,0.0513951813
soft_all_r2_l0_p4,fixed040,new2025,1516,0.0781417109,0.0797533421
soft_all_r2_l0_p4,fixed040,shared2025,1508,0.0503519141,0.0513951813
soft_all_r2_l0_p4,fixed040,new2025_near,1408,0.0771332440,0.0789108893
soft_all_r2_l0_p4,fixed040,new2025_far,18,0.0914698496,0.0931731510
soft_all_r2_l0_p4,fixed040,shared2025_near,1431,0.0502252825,0.0513532772
soft_all_r2_l0_p4,fixed040,shared2025_far,10,0.0968777940,0.0973607376
soft_all_r2_l0_p4,fixed040,source_s2,4693,0.0653651318,0.0665003066
soft_all_r2_l0_p4,fixed040,source_landsat,4065,0.0700228778,0.0710960435
soft_all_r2_l0_p4,fixed040,source_modis,1818,0.0637491190,0.0651471604
soft_all_r2_l0_p4,fixed045,all,10576,0.0669064237,0.0680787938
soft_all_r2_l0_p4,fixed045,near,6890,0.0646797055,0.0662006592
soft_all_r2_l0_p4,fixed045,mid,1711,0.0717794350,0.0729940242
soft_all_r2_l0_p4,fixed045,far,1975,0.0700940028,0.0700986011
soft_all_r2_l0_p4,fixed045,history,7552,0.0673786881,0.0684564515
soft_all_r2_l0_p4,fixed045,2025,3024,0.0657121916,0.0671263704
soft_all_r2_l0_p4,fixed045,new,9068,0.0692743342,0.0704712639
soft_all_r2_l0_p4,fixed045,shared,1508,0.0503727087,0.0513951813
soft_all_r2_l0_p4,fixed045,new2025,1516,0.0780344650,0.0797533421
soft_all_r2_l0_p4,fixed045,shared2025,1508,0.0503727087,0.0513951813
soft_all_r2_l0_p4,fixed045,new2025_near,1408,0.0770076034,0.0789108893
soft_all_r2_l0_p4,fixed045,new2025_far,18,0.0913328398,0.0931731510
soft_all_r2_l0_p4,fixed045,shared2025_near,1431,0.0502401099,0.0513532772
soft_all_r2_l0_p4,fixed045,shared2025_far,10,0.0968683406,0.0973607376
soft_all_r2_l0_p4,fixed045,source_s2,4693,0.0653368713,0.0665003066
soft_all_r2_l0_p4,fixed045,source_landsat,4065,0.0699965342,0.0710960435
soft_all_r2_l0_p4,fixed045,source_modis,1818,0.0637679838,0.0651471604
soft_all_r2_l0_p4,distance_50_40_30,all,10576,0.0668623120,0.0680787938
soft_all_r2_l0_p4,distance_50_40_30,near,6890,0.0646604742,0.0662006592
soft_all_r2_l0_p4,distance_50_40_30,mid,1711,0.0718082489,0.0729940242
soft_all_r2_l0_p4,distance_50_40_30,far,1975,0.0699046791,0.0700986011
soft_all_r2_l0_p4,distance_50_40_30,history,7552,0.0673341009,0.0684564515
soft_all_r2_l0_p4,distance_50_40_30,2025,3024,0.0656692875,0.0671263704
soft_all_r2_l0_p4,distance_50_40_30,new,9068,0.0692196768,0.0704712639
soft_all_r2_l0_p4,distance_50_40_30,shared,1508,0.0504137366,0.0513951813
soft_all_r2_l0_p4,distance_50_40_30,new2025,1516,0.0779360034,0.0797533421
soft_all_r2_l0_p4,distance_50_40_30,shared2025,1508,0.0504137366,0.0513951813
soft_all_r2_l0_p4,distance_50_40_30,new2025_near,1408,0.0769038771,0.0789108893
soft_all_r2_l0_p4,distance_50_40_30,new2025_far,18,0.0917950776,0.0931731510
soft_all_r2_l0_p4,distance_50_40_30,shared2025_near,1431,0.0502898806,0.0513532772
soft_all_r2_l0_p4,distance_50_40_30,shared2025_far,10,0.0969307291,0.0973607376
soft_all_r2_l0_p4,distance_50_40_30,source_s2,4693,0.0652624776,0.0665003066
soft_all_r2_l0_p4,distance_50_40_30,source_landsat,4065,0.0699039992,0.0710960435
soft_all_r2_l0_p4,distance_50_40_30,source_modis,1818,0.0639222599,0.0651471604
soft_all_r2_l0_p4,distance_50_45_25,all,10576,0.0668532600,0.0680787938
soft_all_r2_l0_p4,distance_50_45_25,near,6890,0.0646604742,0.0662006592
soft_all_r2_l0_p4,distance_50_45_25,mid,1711,0.0717794350,0.0729940242
soft_all_r2_l0_p4,distance_50_45_25,far,1975,0.0698839531,0.0700986011
soft_all_r2_l0_p4,distance_50_45_25,history,7552,0.0673175019,0.0684564515
soft_all_r2_l0_p4,distance_50_45_25,2025,3024,0.0656795551,0.0671263704
soft_all_r2_l0_p4,distance_50_45_25,new,9068,0.0692085791,0.0704712639
soft_all_r2_l0_p4,distance_50_45_25,shared,1508,0.0504211644,0.0513951813
soft_all_r2_l0_p4,distance_50_45_25,new2025,1516,0.0779484814,0.0797533421
soft_all_r2_l0_p4,distance_50_45_25,shared2025,1508,0.0504211644,0.0513951813
soft_all_r2_l0_p4,distance_50_45_25,new2025_near,1408,0.0769038771,0.0789108893
soft_all_r2_l0_p4,distance_50_45_25,new2025_far,18,0.0919831149,0.0931731510
soft_all_r2_l0_p4,distance_50_45_25,shared2025_near,1431,0.0502898806,0.0513532772
soft_all_r2_l0_p4,distance_50_45_25,shared2025_far,10,0.0969741922,0.0973607376
soft_all_r2_l0_p4,distance_50_45_25,source_s2,4693,0.0652613088,0.0665003066
soft_all_r2_l0_p4,distance_50_45_25,source_landsat,4065,0.0699139980,0.0710960435
soft_all_r2_l0_p4,distance_50_45_25,source_modis,1818,0.0638457664,0.0651471604
soft_all_r2_l0_p4,distance_45_40_30,all,10576,0.0668744288,0.0680787938
soft_all_r2_l0_p4,distance_45_40_30,near,6890,0.0646797055,0.0662006592
soft_all_r2_l0_p4,distance_45_40_30,mid,1711,0.0718082489,0.0729940242
soft_all_r2_l0_p4,distance_45_40_30,far,1975,0.0699046791,0.0700986011
soft_all_r2_l0_p4,distance_45_40_30,history,7552,0.0673358901,0.0684564515
soft_all_r2_l0_p4,distance_45_40_30,2025,3024,0.0657078450,0.0671263704
soft_all_r2_l0_p4,distance_45_40_30,new,9068,0.0692390294,0.0704712639
soft_all_r2_l0_p4,distance_45_40_30,shared,1508,0.0503666245,0.0513951813
soft_all_r2_l0_p4,distance_45_40_30,new2025,1516,0.0780310706,0.0797533421
soft_all_r2_l0_p4,distance_45_40_30,shared2025,1508,0.0503666245,0.0513951813
soft_all_r2_l0_p4,distance_45_40_30,new2025_near,1408,0.0770076034,0.0789108893
soft_all_r2_l0_p4,distance_45_40_30,new2025_far,18,0.0917950776,0.0931731510
soft_all_r2_l0_p4,distance_45_40_30,shared2025_near,1431,0.0502401099,0.0513532772
soft_all_r2_l0_p4,distance_45_40_30,shared2025_far,10,0.0969307291,0.0973607376
soft_all_r2_l0_p4,distance_45_40_30,source_s2,4693,0.0652931234,0.0665003066
soft_all_r2_l0_p4,distance_45_40_30,source_landsat,4065,0.0699451941,0.0710960435
soft_all_r2_l0_p4,distance_45_40_30,source_modis,1818,0.0638143589,0.0651471604
soft_all_r2_l0_p4,cohort_year,all,10576,0.0668773175,0.0680787938
soft_all_r2_l0_p4,cohort_year,near,6890,0.0646423912,0.0662006592
soft_all_r2_l0_p4,cohort_year,mid,1711,0.0718477948,0.0729940242
soft_all_r2_l0_p4,cohort_year,far,1975,0.0700046144,0.0700986011
soft_all_r2_l0_p4,cohort_year,history,7552,0.0673843105,0.0684564515
soft_all_r2_l0_p4,cohort_year,2025,3024,0.0655940654,0.0671263704
soft_all_r2_l0_p4,cohort_year,new,9068,0.0692424781,0.0704712639
soft_all_r2_l0_p4,cohort_year,shared,1508,0.0503650153,0.0513951813
soft_all_r2_l0_p4,cohort_year,new2025,1516,0.0778409216,0.0797533421
soft_all_r2_l0_p4,cohort_year,shared2025,1508,0.0503650153,0.0513951813
soft_all_r2_l0_p4,cohort_year,new2025_near,1408,0.0767625039,0.0789108893
soft_all_r2_l0_p4,cohort_year,new2025_far,18,0.0910251237,0.0931731510
soft_all_r2_l0_p4,cohort_year,shared2025_near,1431,0.0502454293,0.0513532772
soft_all_r2_l0_p4,cohort_year,shared2025_far,10,0.0968985926,0.0973607376
soft_all_r2_l0_p4,cohort_year,source_s2,4693,0.0653146846,0.0665003066
soft_all_r2_l0_p4,cohort_year,source_landsat,4065,0.0699367441,0.0710960435
soft_all_r2_l0_p4,cohort_year,source_modis,1818,0.0637957175,0.0651471604
soft_all_r2_l0_p4,cohort_year_dist,all,10576,0.0668411962,0.0680787938
soft_all_r2_l0_p4,cohort_year_dist,near,6890,0.0646189547,0.0662006592
soft_all_r2_l0_p4,cohort_year_dist,mid,1711,0.0718477948,0.0729940242
soft_all_r2_l0_p4,cohort_year_dist,far,1975,0.0698952768,0.0700986011
soft_all_r2_l0_p4,cohort_year_dist,history,7552,0.0673341009,0.0684564515
soft_all_r2_l0_p4,cohort_year_dist,2025,3024,0.0655940654,0.0671263704
soft_all_r2_l0_p4,cohort_year_dist,new,9068,0.0692017878,0.0704712639
soft_all_r2_l0_p4,cohort_year_dist,shared,1508,0.0503650153,0.0513951813
soft_all_r2_l0_p4,cohort_year_dist,new2025,1516,0.0778409216,0.0797533421
soft_all_r2_l0_p4,cohort_year_dist,shared2025,1508,0.0503650153,0.0513951813
soft_all_r2_l0_p4,cohort_year_dist,new2025_near,1408,0.0767625039,0.0789108893
soft_all_r2_l0_p4,cohort_year_dist,new2025_far,18,0.0910251237,0.0931731510
soft_all_r2_l0_p4,cohort_year_dist,shared2025_near,1431,0.0502454293,0.0513532772
soft_all_r2_l0_p4,cohort_year_dist,shared2025_far,10,0.0968985926,0.0973607376
soft_all_r2_l0_p4,cohort_year_dist,source_s2,4693,0.0652411801,0.0665003066
soft_all_r2_l0_p4,cohort_year_dist,source_landsat,4065,0.0698775593,0.0710960435
soft_all_r2_l0_p4,cohort_year_dist,source_modis,1818,0.0639145516,0.0651471604
soft_all_r2_l0_p4,new2025_0.45,all,10576,0.0669082351,0.0680787938
soft_all_r2_l0_p4,new2025_0.45,near,6890,0.0646986880,0.0662006592
soft_all_r2_l0_p4,new2025_0.45,mid,1711,0.0718177172,0.0729940242
soft_all_r2_l0_p4,new2025_0.45,far,1975,0.0700081214,0.0700986011
soft_all_r2_l0_p4,new2025_0.45,history,7552,0.0673843105,0.0684564515
soft_all_r2_l0_p4,new2025_0.45,2025,3024,0.0657042436,0.0671263704
soft_all_r2_l0_p4,new2025_0.45,new,9068,0.0692788886,0.0704712639
soft_all_r2_l0_p4,new2025_0.45,shared,1508,0.0503519141,0.0513951813
soft_all_r2_l0_p4,new2025_0.45,new2025,1516,0.0780344650,0.0797533421
soft_all_r2_l0_p4,new2025_0.45,shared2025,1508,0.0503519141,0.0513951813
soft_all_r2_l0_p4,new2025_0.45,new2025_near,1408,0.0770076034,0.0789108893
soft_all_r2_l0_p4,new2025_0.45,new2025_far,18,0.0913328398,0.0931731510
soft_all_r2_l0_p4,new2025_0.45,shared2025_near,1431,0.0502252825,0.0513532772
soft_all_r2_l0_p4,new2025_0.45,shared2025_far,10,0.0968777940,0.0973607376
soft_all_r2_l0_p4,new2025_0.45,source_s2,4693,0.0653450888,0.0665003066
soft_all_r2_l0_p4,new2025_0.45,source_landsat,4065,0.0699973481,0.0710960435
soft_all_r2_l0_p4,new2025_0.45,source_modis,1818,0.0637553054,0.0651471604
soft_all_r2_l0_p4,new2025_0.50,all,10576,0.0668938767,0.0680787938
soft_all_r2_l0_p4,new2025_0.50,near,6890,0.0646734705,0.0662006592
soft_all_r2_l0_p4,new2025_0.50,mid,1711,0.0718281065,0.0729940242
soft_all_r2_l0_p4,new2025_0.50,far,1975,0.0700066974,0.0700986011
soft_all_r2_l0_p4,new2025_0.50,history,7552,0.0673843105,0.0684564515
soft_all_r2_l0_p4,new2025_0.50,2025,3024,0.0656530924,0.0671263704
soft_all_r2_l0_p4,new2025_0.50,new,9068,0.0692627152,0.0704712639
soft_all_r2_l0_p4,new2025_0.50,shared,1508,0.0503519141,0.0513951813
soft_all_r2_l0_p4,new2025_0.50,new2025,1516,0.0779485407,0.0797533421
soft_all_r2_l0_p4,new2025_0.50,shared2025,1508,0.0503519141,0.0513951813
soft_all_r2_l0_p4,new2025_0.50,new2025_near,1408,0.0769038771,0.0789108893
soft_all_r2_l0_p4,new2025_0.50,new2025_far,18,0.0912130053,0.0931731510
soft_all_r2_l0_p4,new2025_0.50,shared2025_near,1431,0.0502252825,0.0513532772
soft_all_r2_l0_p4,new2025_0.50,shared2025_far,10,0.0968777940,0.0973607376
soft_all_r2_l0_p4,new2025_0.50,source_s2,4693,0.0653296233,0.0665003066
soft_all_r2_l0_p4,new2025_0.50,source_landsat,4065,0.0699737638,0.0710960435
soft_all_r2_l0_p4,new2025_0.50,source_modis,1818,0.0637664549,0.0651471604
soft_all_r2_l0_p4,new2025_0.55,all,10576,0.0668831013,0.0680787938
soft_all_r2_l0_p4,new2025_0.55,near,6890,0.0646536193,0.0662006592
soft_all_r2_l0_p4,new2025_0.55,mid,1711,0.0718394165,0.0729940242
soft_all_r2_l0_p4,new2025_0.55,far,1975,0.0700054799,0.0700986011
soft_all_r2_l0_p4,new2025_0.55,history,7552,0.0673843105,0.0684564515
soft_all_r2_l0_p4,new2025_0.55,2025,3024,0.0656146868,0.0671263704
soft_all_r2_l0_p4,new2025_0.55,new,9068,0.0692505776,0.0704712639
soft_all_r2_l0_p4,new2025_0.55,shared,1508,0.0503519141,0.0513951813
soft_all_r2_l0_p4,new2025_0.55,new2025,1516,0.0778840085,0.0797533421
soft_all_r2_l0_p4,new2025_0.55,shared2025,1508,0.0503519141,0.0513951813
soft_all_r2_l0_p4,new2025_0.55,new2025_near,1408,0.0768221538,0.0789108893
soft_all_r2_l0_p4,new2025_0.55,new2025_far,18,0.0911104139,0.0931731510
soft_all_r2_l0_p4,new2025_0.55,shared2025_near,1431,0.0502252825,0.0513532772
soft_all_r2_l0_p4,new2025_0.55,shared2025_far,10,0.0968777940,0.0973607376
soft_all_r2_l0_p4,new2025_0.55,source_s2,4693,0.0653187385,0.0665003066
soft_all_r2_l0_p4,new2025_0.55,source_landsat,4065,0.0699521269,0.0710960435
soft_all_r2_l0_p4,new2025_0.55,source_modis,1818,0.0637825650,0.0651471604
soft_all_r2_l0_p4,new2025_0.60,all,10576,0.0668759109,0.0680787938
soft_all_r2_l0_p4,new2025_0.60,near,6890,0.0646391393,0.0662006592
soft_all_r2_l0_p4,new2025_0.60,mid,1711,0.0718516467,0.0729940242
soft_all_r2_l0_p4,new2025_0.60,far,1975,0.0700044687,0.0700986011
soft_all_r2_l0_p4,new2025_0.60,history,7552,0.0673843105,0.0684564515
soft_all_r2_l0_p4,new2025_0.60,2025,3024,0.0655890494,0.0671263704
soft_all_r2_l0_p4,new2025_0.60,new,9068,0.0692424781,0.0704712639
soft_all_r2_l0_p4,new2025_0.60,shared,1508,0.0503519141,0.0513951813
soft_all_r2_l0_p4,new2025_0.60,new2025,1516,0.0778409216,0.0797533421
soft_all_r2_l0_p4,new2025_0.60,shared2025,1508,0.0503519141,0.0513951813
soft_all_r2_l0_p4,new2025_0.60,new2025_near,1408,0.0767625039,0.0789108893
soft_all_r2_l0_p4,new2025_0.60,new2025_far,18,0.0910251237,0.0931731510
soft_all_r2_l0_p4,new2025_0.60,shared2025_near,1431,0.0502252825,0.0513532772
soft_all_r2_l0_p4,new2025_0.60,shared2025_far,10,0.0968777940,0.0973607376
soft_all_r2_l0_p4,new2025_0.60,source_s2,4693,0.0653124367,0.0665003066
soft_all_r2_l0_p4,new2025_0.60,source_landsat,4065,0.0699324390,0.0710960435
soft_all_r2_l0_p4,new2025_0.60,source_modis,1818,0.0638036319,0.0651471604
soft_all_r2_l0_p4,new2025_0.65,all,10576,0.0668723064,0.0680787938
soft_all_r2_l0_p4,new2025_0.65,near,6890,0.0646300342,0.0662006592
soft_all_r2_l0_p4,new2025_0.65,mid,1711,0.0718647966,0.0729940242
soft_all_r2_l0_p4,new2025_0.65,far,1975,0.0700036638,0.0700986011
soft_all_r2_l0_p4,new2025_0.65,history,7552,0.0673843105,0.0684564515
soft_all_r2_l0_p4,new2025_0.65,2025,3024,0.0655761951,0.0671263704
soft_all_r2_l0_p4,new2025_0.65,new,9068,0.0692384178,0.0704712639
soft_all_r2_l0_p4,new2025_0.65,shared,1508,0.0503519141,0.0513951813
soft_all_r2_l0_p4,new2025_0.65,new2025,1516,0.0778193157,0.0797533421
soft_all_r2_l0_p4,new2025_0.65,shared2025,1508,0.0503519141,0.0513951813
soft_all_r2_l0_p4,new2025_0.65,new2025_near,1408,0.0767249787,0.0789108893
soft_all_r2_l0_p4,new2025_0.65,new2025_far,18,0.0909571836,0.0931731510
soft_all_r2_l0_p4,new2025_0.65,shared2025_near,1431,0.0502252825,0.0513532772
soft_all_r2_l0_p4,new2025_0.65,shared2025_far,10,0.0968777940,0.0973607376
soft_all_r2_l0_p4,new2025_0.65,source_s2,4693,0.0653107193,0.0665003066
soft_all_r2_l0_p4,new2025_0.65,source_landsat,4065,0.0699147020,0.0710960435
soft_all_r2_l0_p4,new2025_0.65,source_modis,1818,0.0638296507,0.0651471604
soft_all_r2_l0_p4,new2025_0.70,all,10576,0.0668722885,0.0680787938
soft_all_r2_l0_p4,new2025_0.70,near,6890,0.0646263063,0.0662006592
soft_all_r2_l0_p4,new2025_0.70,mid,1711,0.0718788657,0.0729940242
soft_all_r2_l0_p4,new2025_0.70,far,1975,0.0700030654,0.0700986011
soft_all_r2_l0_p4,new2025_0.70,history,7552,0.0673843105,0.0684564515
soft_all_r2_l0_p4,new2025_0.70,2025,3024,0.0655761314,0.0671263704
soft_all_r2_l0_p4,new2025_0.70,new,9068,0.0692383977,0.0704712639
soft_all_r2_l0_p4,new2025_0.70,shared,1508,0.0503519141,0.0513951813
soft_all_r2_l0_p4,new2025_0.70,new2025,1516,0.0778192087,0.0797533421
soft_all_r2_l0_p4,new2025_0.70,shared2025,1508,0.0503519141,0.0513951813
soft_all_r2_l0_p4,new2025_0.70,new2025_near,1408,0.0767096108,0.0789108893
soft_all_r2_l0_p4,new2025_0.70,new2025_far,18,0.0909066324,0.0931731510
soft_all_r2_l0_p4,new2025_0.70,shared2025_near,1431,0.0502252825,0.0513532772
soft_all_r2_l0_p4,new2025_0.70,shared2025_far,10,0.0968777940,0.0973607376
soft_all_r2_l0_p4,new2025_0.70,source_s2,4693,0.0653135867,0.0665003066
soft_all_r2_l0_p4,new2025_0.70,source_landsat,4065,0.0698989172,0.0710960435
soft_all_r2_l0_p4,new2025_0.70,source_modis,1818,0.0638606154,0.0651471604
soft_all_r2_l0_p4,dist_new2025_0.50,all,10576,0.0668644069,0.0680787938
soft_all_r2_l0_p4,dist_new2025_0.50,near,6890,0.0646604742,0.0662006592
soft_all_r2_l0_p4,dist_new2025_0.50,mid,1711,0.0718281065,0.0729940242
soft_all_r2_l0_p4,dist_new2025_0.50,far,1975,0.0698977347,0.0700986011
soft_all_r2_l0_p4,dist_new2025_0.50,history,7552,0.0673341009,0.0684564515
soft_all_r2_l0_p4,dist_new2025_0.50,2025,3024,0.0656767469,0.0671263704
soft_all_r2_l0_p4,dist_new2025_0.50,new,9068,0.0692220369,0.0704712639
soft_all_r2_l0_p4,dist_new2025_0.50,shared,1508,0.0504137366,0.0513951813
soft_all_r2_l0_p4,dist_new2025_0.50,new2025,1516,0.0779485407,0.0797533421
soft_all_r2_l0_p4,dist_new2025_0.50,shared2025,1508,0.0504137366,0.0513951813
soft_all_r2_l0_p4,dist_new2025_0.50,new2025_near,1408,0.0769038771,0.0789108893
soft_all_r2_l0_p4,dist_new2025_0.50,new2025_far,18,0.0912130053,0.0931731510
soft_all_r2_l0_p4,dist_new2025_0.50,shared2025_near,1431,0.0502898806,0.0513532772
soft_all_r2_l0_p4,dist_new2025_0.50,shared2025_far,10,0.0969307291,0.0973607376
soft_all_r2_l0_p4,dist_new2025_0.50,source_s2,4693,0.0652648601,0.0665003066
soft_all_r2_l0_p4,dist_new2025_0.50,source_landsat,4065,0.0699094955,0.0710960435
soft_all_r2_l0_p4,dist_new2025_0.50,source_modis,1818,0.0639152877,0.0651471604
soft_all_r2_l0_p4,dist_new2025_0.55,all,10576,0.0668536268,0.0680787938
soft_all_r2_l0_p4,dist_new2025_0.55,near,6890,0.0646406190,0.0662006592
soft_all_r2_l0_p4,dist_new2025_0.55,mid,1711,0.0718394165,0.0729940242
soft_all_r2_l0_p4,dist_new2025_0.55,far,1975,0.0698965152,0.0700986011
soft_all_r2_l0_p4,dist_new2025_0.55,history,7552,0.0673341009,0.0684564515
soft_all_r2_l0_p4,dist_new2025_0.55,2025,3024,0.0656383552,0.0671263704
soft_all_r2_l0_p4,dist_new2025_0.55,new,9068,0.0692098922,0.0704712639
soft_all_r2_l0_p4,dist_new2025_0.55,shared,1508,0.0504137366,0.0513951813
soft_all_r2_l0_p4,dist_new2025_0.55,new2025,1516,0.0778840085,0.0797533421
soft_all_r2_l0_p4,dist_new2025_0.55,shared2025,1508,0.0504137366,0.0513951813
soft_all_r2_l0_p4,dist_new2025_0.55,new2025_near,1408,0.0768221538,0.0789108893
soft_all_r2_l0_p4,dist_new2025_0.55,new2025_far,18,0.0911104139,0.0931731510
soft_all_r2_l0_p4,dist_new2025_0.55,shared2025_near,1431,0.0502898806,0.0513532772
soft_all_r2_l0_p4,dist_new2025_0.55,shared2025_far,10,0.0969307291,0.0973607376
soft_all_r2_l0_p4,dist_new2025_0.55,source_s2,4693,0.0652539646,0.0665003066
soft_all_r2_l0_p4,dist_new2025_0.55,source_landsat,4065,0.0698878386,0.0710960435
soft_all_r2_l0_p4,dist_new2025_0.55,source_modis,1818,0.0639313603,0.0651471604
soft_all_r2_l0_p4,dist_new2025_0.60,all,10576,0.0668464332,0.0680787938
soft_all_r2_l0_p4,dist_new2025_0.60,near,6890,0.0646261361,0.0662006592
soft_all_r2_l0_p4,dist_new2025_0.60,mid,1711,0.0718516467,0.0729940242
soft_all_r2_l0_p4,dist_new2025_0.60,far,1975,0.0698955024,0.0700986011
soft_all_r2_l0_p4,dist_new2025_0.60,history,7552,0.0673341009,0.0684564515
soft_all_r2_l0_p4,dist_new2025_0.60,2025,3024,0.0656127271,0.0671263704
soft_all_r2_l0_p4,dist_new2025_0.60,new,9068,0.0692017878,0.0704712639
soft_all_r2_l0_p4,dist_new2025_0.60,shared,1508,0.0504137366,0.0513951813
soft_all_r2_l0_p4,dist_new2025_0.60,new2025,1516,0.0778409216,0.0797533421
soft_all_r2_l0_p4,dist_new2025_0.60,shared2025,1508,0.0504137366,0.0513951813
soft_all_r2_l0_p4,dist_new2025_0.60,new2025_near,1408,0.0767625039,0.0789108893
soft_all_r2_l0_p4,dist_new2025_0.60,new2025_far,18,0.0910251237,0.0931731510
soft_all_r2_l0_p4,dist_new2025_0.60,shared2025_near,1431,0.0502898806,0.0513532772
soft_all_r2_l0_p4,dist_new2025_0.60,shared2025_far,10,0.0969307291,0.0973607376
soft_all_r2_l0_p4,dist_new2025_0.60,source_s2,4693,0.0652476566,0.0665003066
soft_all_r2_l0_p4,dist_new2025_0.60,source_landsat,4065,0.0698681326,0.0710960435
soft_all_r2_l0_p4,dist_new2025_0.60,source_modis,1818,0.0639523782,0.0651471604
soft_all_r2_l0_p4,dist_new2025_0.65,all,10576,0.0668428271,0.0680787938
soft_all_r2_l0_p4,dist_new2025_0.65,near,6890,0.0646170292,0.0662006592
soft_all_r2_l0_p4,dist_new2025_0.65,mid,1711,0.0718647966,0.0729940242
soft_all_r2_l0_p4,dist_new2025_0.65,far,1975,0.0698946963,0.0700986011
soft_all_r2_l0_p4,dist_new2025_0.65,history,7552,0.0673341009,0.0684564515
soft_all_r2_l0_p4,dist_new2025_0.65,2025,3024,0.0655998774,0.0671263704
soft_all_r2_l0_p4,dist_new2025_0.65,new,9068,0.0691977253,0.0704712639
soft_all_r2_l0_p4,dist_new2025_0.65,shared,1508,0.0504137366,0.0513951813
soft_all_r2_l0_p4,dist_new2025_0.65,new2025,1516,0.0778193157,0.0797533421
soft_all_r2_l0_p4,dist_new2025_0.65,shared2025,1508,0.0504137366,0.0513951813
soft_all_r2_l0_p4,dist_new2025_0.65,new2025_near,1408,0.0767249787,0.0789108893
soft_all_r2_l0_p4,dist_new2025_0.65,new2025_far,18,0.0909571836,0.0931731510
soft_all_r2_l0_p4,dist_new2025_0.65,shared2025_near,1431,0.0502898806,0.0513532772
soft_all_r2_l0_p4,dist_new2025_0.65,shared2025_far,10,0.0969307291,0.0973607376
soft_all_r2_l0_p4,dist_new2025_0.65,source_s2,4693,0.0652459375,0.0665003066
soft_all_r2_l0_p4,dist_new2025_0.65,source_landsat,4065,0.0698503792,0.0710960435
soft_all_r2_l0_p4,dist_new2025_0.65,source_modis,1818,0.0639783365,0.0651471604
soft_all_r2_l0_p4,dist_new2025_0.70,all,10576,0.0668428092,0.0680787938
soft_all_r2_l0_p4,dist_new2025_0.70,near,6890,0.0646133005,0.0662006592
soft_all_r2_l0_p4,dist_new2025_0.70,mid,1711,0.0718788657,0.0729940242
soft_all_r2_l0_p4,dist_new2025_0.70,far,1975,0.0698940969,0.0700986011
soft_all_r2_l0_p4,dist_new2025_0.70,history,7552,0.0673341009,0.0684564515
soft_all_r2_l0_p4,dist_new2025_0.70,2025,3024,0.0655998137,0.0671263704
soft_all_r2_l0_p4,dist_new2025_0.70,new,9068,0.0691977051,0.0704712639
soft_all_r2_l0_p4,dist_new2025_0.70,shared,1508,0.0504137366,0.0513951813
soft_all_r2_l0_p4,dist_new2025_0.70,new2025,1516,0.0778192087,0.0797533421
soft_all_r2_l0_p4,dist_new2025_0.70,shared2025,1508,0.0504137366,0.0513951813
soft_all_r2_l0_p4,dist_new2025_0.70,new2025_near,1408,0.0767096108,0.0789108893
soft_all_r2_l0_p4,dist_new2025_0.70,new2025_far,18,0.0909066324,0.0931731510
soft_all_r2_l0_p4,dist_new2025_0.70,shared2025_near,1431,0.0502898806,0.0513532772
soft_all_r2_l0_p4,dist_new2025_0.70,shared2025_far,10,0.0969307291,0.0973607376
soft_all_r2_l0_p4,dist_new2025_0.70,source_s2,4693,0.0652488076,0.0665003066
soft_all_r2_l0_p4,dist_new2025_0.70,source_landsat,4065,0.0698345799,0.0710960435
soft_all_r2_l0_p4,dist_new2025_0.70,source_modis,1818,0.0640092293,0.0651471604
soft_all_r32_l0_p4,fixed040,all,10576,0.0678607550,0.0680787938
soft_all_r32_l0_p4,fixed040,near,6890,0.0661344938,0.0662006592
soft_all_r32_l0_p4,fixed040,mid,1711,0.0719808016,0.0729940242
soft_all_r32_l0_p4,fixed040,far,1975,0.0700920531,0.0700986011
soft_all_r32_l0_p4,fixed040,history,7552,0.0680613542,0.0684564515
soft_all_r32_l0_p4,fixed040,2025,3024,0.0673571786,0.0671263704
soft_all_r32_l0_p4,fixed040,new,9068,0.0701898671,0.0704712639
soft_all_r32_l0_p4,fixed040,shared,1508,0.0516875745,0.0513951813
soft_all_r32_l0_p4,fixed040,new2025,1516,0.0799532986,0.0797533421
soft_all_r32_l0_p4,fixed040,shared2025,1508,0.0516875745,0.0513951813
soft_all_r32_l0_p4,fixed040,new2025_near,1408,0.0791202219,0.0789108893
soft_all_r32_l0_p4,fixed040,new2025_far,18,0.0916488380,0.0931731510
soft_all_r32_l0_p4,fixed040,shared2025_near,1431,0.0516518299,0.0513532772
soft_all_r32_l0_p4,fixed040,shared2025_far,10,0.0968780152,0.0973607376
soft_all_r32_l0_p4,fixed040,source_s2,4693,0.0663833689,0.0665003066
soft_all_r32_l0_p4,fixed040,source_landsat,4065,0.0711795937,0.0710960435
soft_all_r32_l0_p4,fixed040,source_modis,1818,0.0639160245,0.0651471604
soft_all_r32_l0_p4,fixed045,all,10576,0.0679366318,0.0680787938
soft_all_r32_l0_p4,fixed045,near,6890,0.0662241543,0.0662006592
soft_all_r32_l0_p4,fixed045,mid,1711,0.0719748574,0.0729940242
soft_all_r32_l0_p4,fixed045,far,1975,0.0701955365,0.0700986011
soft_all_r32_l0_p4,fixed045,history,7552,0.0681230655,0.0684564515
soft_all_r32_l0_p4,fixed045,2025,3024,0.0674687910,0.0671263704
soft_all_r32_l0_p4,fixed045,new,9068,0.0702582494,0.0704712639
soft_all_r32_l0_p4,fixed045,shared,1508,0.0518277610,0.0513951813
soft_all_r32_l0_p4,fixed045,new2025,1516,0.0800506849,0.0797533421
soft_all_r32_l0_p4,fixed045,shared2025,1508,0.0518277610,0.0513951813
soft_all_r32_l0_p4,fixed045,new2025_near,1408,0.0792190574,0.0789108893
soft_all_r32_l0_p4,fixed045,new2025_far,18,0.0915266493,0.0931731510
soft_all_r32_l0_p4,fixed045,shared2025_near,1431,0.0517950581,0.0513532772
soft_all_r32_l0_p4,fixed045,shared2025_far,10,0.0968689986,0.0973607376
soft_all_r32_l0_p4,fixed045,source_s2,4693,0.0664631175,0.0665003066
soft_all_r32_l0_p4,fixed045,source_landsat,4065,0.0712749400,0.0710960435
soft_all_r32_l0_p4,fixed045,source_modis,1818,0.0639334136,0.0651471604
soft_all_r32_l0_p4,distance_50_40_30,all,10576,0.0679619062,0.0680787938
soft_all_r32_l0_p4,distance_50_40_30,near,6890,0.0663354080,0.0662006592
soft_all_r32_l0_p4,distance_50_40_30,mid,1711,0.0719808016,0.0729940242
soft_all_r32_l0_p4,distance_50_40_30,far,1975,0.0699543837,0.0700986011
soft_all_r32_l0_p4,distance_50_40_30,history,7552,0.0681106288,0.0684564515
soft_all_r32_l0_p4,distance_50_40_30,2025,3024,0.0675890639,0.0671263704
soft_all_r32_l0_p4,distance_50_40_30,new,9068,0.0702678341,0.0704712639
soft_all_r32_l0_p4,distance_50_40_30,shared,1508,0.0519817888,0.0513951813
soft_all_r32_l0_p4,distance_50_40_30,new2025,1516,0.0801536577,0.0797533421
soft_all_r32_l0_p4,distance_50_40_30,shared2025,1508,0.0519817888,0.0513951813
soft_all_r32_l0_p4,distance_50_40_30,new2025_near,1408,0.0793338979,0.0789108893
soft_all_r32_l0_p4,distance_50_40_30,new2025_far,18,0.0919392699,0.0931731510
soft_all_r32_l0_p4,distance_50_40_30,shared2025_near,1431,0.0519613595,0.0513532772
soft_all_r32_l0_p4,distance_50_40_30,shared2025_far,10,0.0969303496,0.0973607376
soft_all_r32_l0_p4,distance_50_40_30,source_s2,4693,0.0664445746,0.0665003066
soft_all_r32_l0_p4,distance_50_40_30,source_landsat,4065,0.0713057818,0.0710960435
soft_all_r32_l0_p4,distance_50_40_30,source_modis,1818,0.0640624062,0.0651471604
soft_all_r32_l0_p4,distance_50_45_25,all,10576,0.0679543439,0.0680787938
soft_all_r32_l0_p4,distance_50_45_25,near,6890,0.0663354080,0.0662006592
soft_all_r32_l0_p4,distance_50_45_25,mid,1711,0.0719748574,0.0729940242
soft_all_r32_l0_p4,distance_50_45_25,far,1975,0.0699203343,0.0700986011
soft_all_r32_l0_p4,distance_50_45_25,history,7552,0.0680968238,0.0684564515
soft_all_r32_l0_p4,distance_50_45_25,2025,3024,0.0675972098,0.0671263704
soft_all_r32_l0_p4,distance_50_45_25,new,9068,0.0702586897,0.0704712639
soft_all_r32_l0_p4,distance_50_45_25,shared,1508,0.0519867783,0.0513951813
soft_all_r32_l0_p4,distance_50_45_25,new2025,1516,0.0801641408,0.0797533421
soft_all_r32_l0_p4,distance_50_45_25,shared2025,1508,0.0519867783,0.0513951813
soft_all_r32_l0_p4,distance_50_45_25,new2025_near,1408,0.0793338979,0.0789108893
soft_all_r32_l0_p4,distance_50_45_25,new2025_far,18,0.0921073679,0.0931731510
soft_all_r32_l0_p4,distance_50_45_25,shared2025_near,1431,0.0519613595,0.0513532772
soft_all_r32_l0_p4,distance_50_45_25,shared2025_far,10,0.0969736490,0.0973607376
soft_all_r32_l0_p4,distance_50_45_25,source_s2,4693,0.0664380391,0.0665003066
soft_all_r32_l0_p4,distance_50_45_25,source_landsat,4065,0.0713236134,0.0710960435
soft_all_r32_l0_p4,distance_50_45_25,source_modis,1818,0.0639888089,0.0651471604
soft_all_r32_l0_p4,distance_45_40_30,all,10576,0.0678911843,0.0680787938
soft_all_r32_l0_p4,distance_45_40_30,near,6890,0.0662241543,0.0662006592
soft_all_r32_l0_p4,distance_45_40_30,mid,1711,0.0719808016,0.0729940242
soft_all_r32_l0_p4,distance_45_40_30,far,1975,0.0699543837,0.0700986011
soft_all_r32_l0_p4,distance_45_40_30,history,7552,0.0680607604,0.0684564515
soft_all_r32_l0_p4,distance_45_40_30,2025,3024,0.0674658312,0.0671263704
soft_all_r32_l0_p4,distance_45_40_30,new,9068,0.0702074490,0.0704712639
soft_all_r32_l0_p4,distance_45_40_30,shared,1508,0.0518240541,0.0513951813
soft_all_r32_l0_p4,distance_45_40_30,new2025,1516,0.0800480962,0.0797533421
soft_all_r32_l0_p4,distance_45_40_30,shared2025,1508,0.0518240541,0.0513951813
soft_all_r32_l0_p4,distance_45_40_30,new2025_near,1408,0.0792190574,0.0789108893
soft_all_r32_l0_p4,distance_45_40_30,new2025_far,18,0.0919392699,0.0931731510
soft_all_r32_l0_p4,distance_45_40_30,shared2025_near,1431,0.0517950581,0.0513532772
soft_all_r32_l0_p4,distance_45_40_30,shared2025_far,10,0.0969303496,0.0973607376
soft_all_r32_l0_p4,distance_45_40_30,source_s2,4693,0.0663861358,0.0665003066
soft_all_r32_l0_p4,distance_45_40_30,source_landsat,4065,0.0712311135,0.0710960435
soft_all_r32_l0_p4,distance_45_40_30,source_modis,1818,0.0639682364,0.0651471604
soft_all_r32_l0_p4,cohort_year,all,10576,0.0679301332,0.0680787938
soft_all_r32_l0_p4,cohort_year,near,6890,0.0662354133,0.0662006592
soft_all_r32_l0_p4,cohort_year,mid,1711,0.0720167547,0.0729940242
soft_all_r32_l0_p4,cohort_year,far,1975,0.0700874880,0.0700986011
soft_all_r32_l0_p4,cohort_year,history,7552,0.0680613542,0.0684564515
soft_all_r32_l0_p4,cohort_year,2025,3024,0.0676013153,0.0671263704
soft_all_r32_l0_p4,cohort_year,new,9068,0.0702824392,0.0704712639
soft_all_r32_l0_p4,cohort_year,shared,1508,0.0515701603,0.0513951813
soft_all_r32_l0_p4,cohort_year,new2025,1516,0.0804382538,0.0797533421
soft_all_r32_l0_p4,cohort_year,shared2025,1508,0.0515701603,0.0513951813
soft_all_r32_l0_p4,cohort_year,new2025_near,1408,0.0796113073,0.0789108893
soft_all_r32_l0_p4,cohort_year,new2025_far,18,0.0912529091,0.0931731510
soft_all_r32_l0_p4,cohort_year,shared2025_near,1431,0.0515318672,0.0513532772
soft_all_r32_l0_p4,cohort_year,shared2025_far,10,0.0968984679,0.0973607376
soft_all_r32_l0_p4,cohort_year,source_s2,4693,0.0664361259,0.0665003066
soft_all_r32_l0_p4,cohort_year,source_landsat,4065,0.0712444265,0.0710960435
soft_all_r32_l0_p4,cohort_year,source_modis,1818,0.0640416158,0.0651471604
soft_all_r32_l0_p4,cohort_year_dist,all,10576,0.0679653902,0.0680787938
soft_all_r32_l0_p4,cohort_year_dist,near,6890,0.0663337402,0.0662006592
soft_all_r32_l0_p4,cohort_year_dist,mid,1711,0.0720167547,0.0729940242
soft_all_r32_l0_p4,cohort_year_dist,far,1975,0.0699459689,0.0700986011
soft_all_r32_l0_p4,cohort_year_dist,history,7552,0.0681106288,0.0684564515
soft_all_r32_l0_p4,cohort_year_dist,2025,3024,0.0676013153,0.0671263704
soft_all_r32_l0_p4,cohort_year_dist,new,9068,0.0703221824,0.0704712639
soft_all_r32_l0_p4,cohort_year_dist,shared,1508,0.0515701603,0.0513951813
soft_all_r32_l0_p4,cohort_year_dist,new2025,1516,0.0804382538,0.0797533421
soft_all_r32_l0_p4,cohort_year_dist,shared2025,1508,0.0515701603,0.0513951813
soft_all_r32_l0_p4,cohort_year_dist,new2025_near,1408,0.0796113073,0.0789108893
soft_all_r32_l0_p4,cohort_year_dist,new2025_far,18,0.0912529091,0.0931731510
soft_all_r32_l0_p4,cohort_year_dist,shared2025_near,1431,0.0515318672,0.0513532772
soft_all_r32_l0_p4,cohort_year_dist,shared2025_far,10,0.0968984679,0.0973607376
soft_all_r32_l0_p4,cohort_year_dist,source_s2,4693,0.0664466205,0.0665003066
soft_all_r32_l0_p4,cohort_year_dist,source_landsat,4065,0.0713038874,0.0710960435
soft_all_r32_l0_p4,cohort_year_dist,source_modis,1818,0.0640831423,0.0651471604
soft_all_r32_l0_p4,new2025_0.45,all,10576,0.0678772102,0.0680787938
soft_all_r32_l0_p4,new2025_0.45,near,6890,0.0661586678,0.0662006592
soft_all_r32_l0_p4,new2025_0.45,mid,1711,0.0719888839,0.0729940242
soft_all_r32_l0_p4,new2025_0.45,far,1975,0.0700905979,0.0700986011
soft_all_r32_l0_p4,new2025_0.45,history,7552,0.0680613542,0.0684564515
soft_all_r32_l0_p4,new2025_0.45,2025,3024,0.0674151409,0.0671263704
soft_all_r32_l0_p4,new2025_0.45,new,9068,0.0702084219,0.0704712639
soft_all_r32_l0_p4,new2025_0.45,shared,1508,0.0516875745,0.0513951813
soft_all_r32_l0_p4,new2025_0.45,new2025,1516,0.0800506849,0.0797533421
soft_all_r32_l0_p4,new2025_0.45,shared2025,1508,0.0516875745,0.0513951813
soft_all_r32_l0_p4,new2025_0.45,new2025_near,1408,0.0792190574,0.0789108893
soft_all_r32_l0_p4,new2025_0.45,new2025_far,18,0.0915266493,0.0931731510
soft_all_r32_l0_p4,new2025_0.45,shared2025_near,1431,0.0516518299,0.0513532772
soft_all_r32_l0_p4,new2025_0.45,shared2025_far,10,0.0968780152,0.0973607376
soft_all_r32_l0_p4,new2025_0.45,source_s2,4693,0.0663931749,0.0665003066
soft_all_r32_l0_p4,new2025_0.45,source_landsat,4065,0.0711981311,0.0710960435
soft_all_r32_l0_p4,new2025_0.45,source_modis,1818,0.0639452068,0.0651471604
soft_all_r32_l0_p4,new2025_0.50,all,10576,0.0678963805,0.0680787938
soft_all_r32_l0_p4,new2025_0.50,near,6890,0.0661867831,0.0662006592
soft_all_r32_l0_p4,new2025_0.50,mid,1711,0.0719979826,0.0729940242
soft_all_r32_l0_p4,new2025_0.50,far,1975,0.0700893281,0.0700986011
soft_all_r32_l0_p4,new2025_0.50,history,7552,0.0680613542,0.0684564515
soft_all_r32_l0_p4,new2025_0.50,2025,3024,0.0674826213,0.0671263704
soft_all_r32_l0_p4,new2025_0.50,new,9068,0.0702300374,0.0704712639
soft_all_r32_l0_p4,new2025_0.50,shared,1508,0.0516875745,0.0513951813
soft_all_r32_l0_p4,new2025_0.50,new2025,1516,0.0801640195,0.0797533421
soft_all_r32_l0_p4,new2025_0.50,shared2025,1508,0.0516875745,0.0513951813
soft_all_r32_l0_p4,new2025_0.50,new2025_near,1408,0.0793338979,0.0789108893
soft_all_r32_l0_p4,new2025_0.50,new2025_far,18,0.0914198968,0.0931731510
soft_all_r32_l0_p4,new2025_0.50,shared2025_near,1431,0.0516518299,0.0513532772
soft_all_r32_l0_p4,new2025_0.50,shared2025_far,10,0.0968780152,0.0973607376
soft_all_r32_l0_p4,new2025_0.50,source_s2,4693,0.0664065534,0.0665003066
soft_all_r32_l0_p4,new2025_0.50,source_landsat,4065,0.0712178820,0.0710960435
soft_all_r32_l0_p4,new2025_0.50,source_modis,1818,0.0639785531,0.0651471604
soft_all_r32_l0_p4,new2025_0.55,all,10576,0.0679182633,0.0680787938
soft_all_r32_l0_p4,new2025_0.55,near,6890,0.0662188349,0.0662006592
soft_all_r32_l0_p4,new2025_0.55,mid,1711,0.0720080971,0.0729940242
soft_all_r32_l0_p4,new2025_0.55,far,1975,0.0700882438,0.0700986011
soft_all_r32_l0_p4,new2025_0.55,history,7552,0.0680613542,0.0684564515
soft_all_r32_l0_p4,new2025_0.55,2025,3024,0.0675595911,0.0671263704
soft_all_r32_l0_p4,new2025_0.55,new,9068,0.0702547110,0.0704712639
soft_all_r32_l0_p4,new2025_0.55,shared,1508,0.0516875745,0.0513951813
soft_all_r32_l0_p4,new2025_0.55,new2025,1516,0.0802932346,0.0797533421
soft_all_r32_l0_p4,new2025_0.55,shared2025,1508,0.0516875745,0.0513951813
soft_all_r32_l0_p4,new2025_0.55,new2025_near,1408,0.0794646741,0.0789108893
soft_all_r32_l0_p4,new2025_0.55,new2025_far,18,0.0913286345,0.0931731510
soft_all_r32_l0_p4,new2025_0.55,shared2025_near,1431,0.0516518299,0.0513532772
soft_all_r32_l0_p4,new2025_0.55,shared2025_far,10,0.0968780152,0.0973607376
soft_all_r32_l0_p4,new2025_0.55,source_s2,4693,0.0664235024,0.0665003066
soft_all_r32_l0_p4,new2025_0.55,source_landsat,4065,0.0712388452,0.0710960435
soft_all_r32_l0_p4,new2025_0.55,source_modis,1818,0.0640160572,0.0651471604
soft_all_r32_l0_p4,new2025_0.60,all,10576,0.0679428562,0.0680787938
soft_all_r32_l0_p4,new2025_0.60,near,6890,0.0662548174,0.0662006592
soft_all_r32_l0_p4,new2025_0.60,mid,1711,0.0720192272,0.0729940242
soft_all_r32_l0_p4,new2025_0.60,far,1975,0.0700873448,0.0700986011
soft_all_r32_l0_p4,new2025_0.60,history,7552,0.0680613542,0.0684564515
soft_all_r32_l0_p4,new2025_0.60,2025,3024,0.0676460180,0.0671263704
soft_all_r32_l0_p4,new2025_0.60,new,9068,0.0702824392,0.0704712639
soft_all_r32_l0_p4,new2025_0.60,shared,1508,0.0516875745,0.0513951813
soft_all_r32_l0_p4,new2025_0.60,new2025,1516,0.0804382538,0.0797533421
soft_all_r32_l0_p4,new2025_0.60,shared2025,1508,0.0516875745,0.0513951813
soft_all_r32_l0_p4,new2025_0.60,new2025_near,1408,0.0796113073,0.0789108893
soft_all_r32_l0_p4,new2025_0.60,new2025_far,18,0.0912529091,0.0931731510
soft_all_r32_l0_p4,new2025_0.60,shared2025_near,1431,0.0516518299,0.0513532772
soft_all_r32_l0_p4,new2025_0.60,shared2025_far,10,0.0968780152,0.0973607376
soft_all_r32_l0_p4,new2025_0.60,source_s2,4693,0.0664440191,0.0665003066
soft_all_r32_l0_p4,new2025_0.60,source_landsat,4065,0.0712610197,0.0710960435
soft_all_r32_l0_p4,new2025_0.60,source_modis,1818,0.0640577115,0.0651471604
soft_all_r32_l0_p4,new2025_0.65,all,10576,0.0679701561,0.0680787938
soft_all_r32_l0_p4,new2025_0.65,near,6890,0.0662947241,0.0662006592
soft_all_r32_l0_p4,new2025_0.65,mid,1711,0.0720313722,0.0729940242
soft_all_r32_l0_p4,new2025_0.65,far,1975,0.0700866313,0.0700986011
soft_all_r32_l0_p4,new2025_0.65,history,7552,0.0680613542,0.0684564515
soft_all_r32_l0_p4,new2025_0.65,2025,3024,0.0677418659,0.0671263704
soft_all_r32_l0_p4,new2025_0.65,new,9068,0.0703132187,0.0704712639
soft_all_r32_l0_p4,new2025_0.65,shared,1508,0.0516875745,0.0513951813
soft_all_r32_l0_p4,new2025_0.65,new2025,1516,0.0805989917,0.0797533421
soft_all_r32_l0_p4,new2025_0.65,shared2025,1508,0.0516875745,0.0513951813
soft_all_r32_l0_p4,new2025_0.65,new2025_near,1408,0.0797737101,0.0789108893
soft_all_r32_l0_p4,new2025_0.65,new2025_far,18,0.0911927591,0.0931731510
soft_all_r32_l0_p4,new2025_0.65,shared2025_near,1431,0.0516518299,0.0513532772
soft_all_r32_l0_p4,new2025_0.65,shared2025_far,10,0.0968780152,0.0973607376
soft_all_r32_l0_p4,new2025_0.65,source_s2,4693,0.0664681001,0.0665003066
soft_all_r32_l0_p4,new2025_0.65,source_landsat,4065,0.0712844044,0.0710960435
soft_all_r32_l0_p4,new2025_0.65,source_modis,1818,0.0641035081,0.0651471604
soft_all_r32_l0_p4,new2025_0.70,all,10576,0.0680001598,0.0680787938
soft_all_r32_l0_p4,new2025_0.70,near,6890,0.0663385481,0.0662006592
soft_all_r32_l0_p4,new2025_0.70,mid,1711,0.0720445318,0.0729940242
soft_all_r32_l0_p4,new2025_0.70,far,1975,0.0700861032,0.0700986011
soft_all_r32_l0_p4,new2025_0.70,history,7552,0.0680613542,0.0684564515
soft_all_r32_l0_p4,new2025_0.70,2025,3024,0.0678470947,0.0671263704
soft_all_r32_l0_p4,new2025_0.70,new,9068,0.0703470452,0.0704712639
soft_all_r32_l0_p4,new2025_0.70,shared,1508,0.0516875745,0.0513951813
soft_all_r32_l0_p4,new2025_0.70,new2025,1516,0.0807753546,0.0797533421
soft_all_r32_l0_p4,new2025_0.70,shared2025,1508,0.0516875745,0.0513951813
soft_all_r32_l0_p4,new2025_0.70,new2025_near,1408,0.0799517865,0.0789108893
soft_all_r32_l0_p4,new2025_0.70,new2025_far,18,0.0911482154,0.0931731510
soft_all_r32_l0_p4,new2025_0.70,shared2025_near,1431,0.0516518299,0.0513532772
soft_all_r32_l0_p4,new2025_0.70,shared2025_far,10,0.0968780152,0.0973607376
soft_all_r32_l0_p4,new2025_0.70,source_s2,4693,0.0664957416,0.0665003066
soft_all_r32_l0_p4,new2025_0.70,source_landsat,4065,0.0713089980,0.0710960435
soft_all_r32_l0_p4,new2025_0.70,source_modis,1818,0.0641534380,0.0651471604
soft_all_r32_l0_p4,dist_new2025_0.50,all,10576,0.0679636580,0.0680787938
soft_all_r32_l0_p4,dist_new2025_0.50,near,6890,0.0663354080,0.0662006592
soft_all_r32_l0_p4,dist_new2025_0.50,mid,1711,0.0719979826,0.0729940242
soft_all_r32_l0_p4,dist_new2025_0.50,far,1975,0.0699481799,0.0700986011
soft_all_r32_l0_p4,dist_new2025_0.50,history,7552,0.0681106288,0.0684564515
soft_all_r32_l0_p4,dist_new2025_0.50,2025,3024,0.0675952242,0.0671263704
soft_all_r32_l0_p4,dist_new2025_0.50,new,9068,0.0702698102,0.0704712639
soft_all_r32_l0_p4,dist_new2025_0.50,shared,1508,0.0519817888,0.0513951813
soft_all_r32_l0_p4,dist_new2025_0.50,new2025,1516,0.0801640195,0.0797533421
soft_all_r32_l0_p4,dist_new2025_0.50,shared2025,1508,0.0519817888,0.0513951813
soft_all_r32_l0_p4,dist_new2025_0.50,new2025_near,1408,0.0793338979,0.0789108893
soft_all_r32_l0_p4,dist_new2025_0.50,new2025_far,18,0.0914198968,0.0931731510
soft_all_r32_l0_p4,dist_new2025_0.50,shared2025_near,1431,0.0519613595,0.0513532772
soft_all_r32_l0_p4,dist_new2025_0.50,shared2025_far,10,0.0969303496,0.0973607376
soft_all_r32_l0_p4,dist_new2025_0.50,source_s2,4693,0.0664425589,0.0665003066
soft_all_r32_l0_p4,dist_new2025_0.50,source_landsat,4065,0.0713119283,0.0710960435
soft_all_r32_l0_p4,dist_new2025_0.50,source_modis,1818,0.0640633164,0.0651471604
soft_all_r32_l0_p4,dist_new2025_0.55,all,10576,0.0679855192,0.0680787938
soft_all_r32_l0_p4,dist_new2025_0.55,near,6890,0.0663673880,0.0662006592
soft_all_r32_l0_p4,dist_new2025_0.55,mid,1711,0.0720080971,0.0729940242
soft_all_r32_l0_p4,dist_new2025_0.55,far,1975,0.0699470933,0.0700986011
soft_all_r32_l0_p4,dist_new2025_0.55,history,7552,0.0681106288,0.0684564515
soft_all_r32_l0_p4,dist_new2025_0.55,2025,3024,0.0676720660,0.0671263704
soft_all_r32_l0_p4,dist_new2025_0.55,new,9068,0.0702944698,0.0704712639
soft_all_r32_l0_p4,dist_new2025_0.55,shared,1508,0.0519817888,0.0513951813
soft_all_r32_l0_p4,dist_new2025_0.55,new2025,1516,0.0802932346,0.0797533421
soft_all_r32_l0_p4,dist_new2025_0.55,shared2025,1508,0.0519817888,0.0513951813
soft_all_r32_l0_p4,dist_new2025_0.55,new2025_near,1408,0.0794646741,0.0789108893
soft_all_r32_l0_p4,dist_new2025_0.55,new2025_far,18,0.0913286345,0.0931731510
soft_all_r32_l0_p4,dist_new2025_0.55,shared2025_near,1431,0.0519613595,0.0513532772
soft_all_r32_l0_p4,dist_new2025_0.55,shared2025_far,10,0.0969303496,0.0973607376
soft_all_r32_l0_p4,dist_new2025_0.55,source_s2,4693,0.0664594987,0.0665003066
soft_all_r32_l0_p4,dist_new2025_0.55,source_landsat,4065,0.0713328639,0.0710960435
soft_all_r32_l0_p4,dist_new2025_0.55,source_modis,1818,0.0641007708,0.0651471604
soft_all_r32_l0_p4,dist_new2025_0.60,all,10576,0.0680100877,0.0680787938
soft_all_r32_l0_p4,dist_new2025_0.60,near,6890,0.0664032900,0.0662006592
soft_all_r32_l0_p4,dist_new2025_0.60,mid,1711,0.0720192272,0.0729940242
soft_all_r32_l0_p4,dist_new2025_0.60,far,1975,0.0699461926,0.0700986011
soft_all_r32_l0_p4,dist_new2025_0.60,history,7552,0.0681106288,0.0684564515
soft_all_r32_l0_p4,dist_new2025_0.60,2025,3024,0.0677583494,0.0671263704
soft_all_r32_l0_p4,dist_new2025_0.60,new,9068,0.0703221824,0.0704712639
soft_all_r32_l0_p4,dist_new2025_0.60,shared,1508,0.0519817888,0.0513951813
soft_all_r32_l0_p4,dist_new2025_0.60,new2025,1516,0.0804382538,0.0797533421
soft_all_r32_l0_p4,dist_new2025_0.60,shared2025,1508,0.0519817888,0.0513951813
soft_all_r32_l0_p4,dist_new2025_0.60,new2025_near,1408,0.0796113073,0.0789108893
soft_all_r32_l0_p4,dist_new2025_0.60,new2025_far,18,0.0912529091,0.0931731510
soft_all_r32_l0_p4,dist_new2025_0.60,shared2025_near,1431,0.0519613595,0.0513532772
soft_all_r32_l0_p4,dist_new2025_0.60,shared2025_far,10,0.0969303496,0.0973607376
soft_all_r32_l0_p4,dist_new2025_0.60,source_s2,4693,0.0664800043,0.0665003066
soft_all_r32_l0_p4,dist_new2025_0.60,source_landsat,4065,0.0713550091,0.0710960435
soft_all_r32_l0_p4,dist_new2025_0.60,source_modis,1818,0.0641423702,0.0651471604
soft_all_r32_l0_p4,dist_new2025_0.65,all,10576,0.0680373607,0.0680787938
soft_all_r32_l0_p4,dist_new2025_0.65,near,6890,0.0664431075,0.0662006592
soft_all_r32_l0_p4,dist_new2025_0.65,mid,1711,0.0720313722,0.0729940242
soft_all_r32_l0_p4,dist_new2025_0.65,far,1975,0.0699454776,0.0700986011
soft_all_r32_l0_p4,dist_new2025_0.65,history,7552,0.0681106288,0.0684564515
soft_all_r32_l0_p4,dist_new2025_0.65,2025,3024,0.0678540386,0.0671263704
soft_all_r32_l0_p4,dist_new2025_0.65,new,9068,0.0703529444,0.0704712639
soft_all_r32_l0_p4,dist_new2025_0.65,shared,1508,0.0519817888,0.0513951813
soft_all_r32_l0_p4,dist_new2025_0.65,new2025,1516,0.0805989917,0.0797533421
soft_all_r32_l0_p4,dist_new2025_0.65,shared2025,1508,0.0519817888,0.0513951813
soft_all_r32_l0_p4,dist_new2025_0.65,new2025_near,1408,0.0797737101,0.0789108893
soft_all_r32_l0_p4,dist_new2025_0.65,new2025_far,18,0.0911927591,0.0931731510
soft_all_r32_l0_p4,dist_new2025_0.65,shared2025_near,1431,0.0519613595,0.0513532772
soft_all_r32_l0_p4,dist_new2025_0.65,shared2025_far,10,0.0969303496,0.0973607376
soft_all_r32_l0_p4,dist_new2025_0.65,source_s2,4693,0.0665040723,0.0665003066
soft_all_r32_l0_p4,dist_new2025_0.65,source_landsat,4065,0.0713783630,0.0710960435
soft_all_r32_l0_p4,dist_new2025_0.65,source_modis,1818,0.0641881063,0.0651471604
soft_all_r32_l0_p4,dist_new2025_0.70,all,10576,0.0680673348,0.0680787938
soft_all_r32_l0_p4,dist_new2025_0.70,near,6890,0.0664868337,0.0662006592
soft_all_r32_l0_p4,dist_new2025_0.70,mid,1711,0.0720445318,0.0729940242
soft_all_r32_l0_p4,dist_new2025_0.70,far,1975,0.0699449484,0.0700986011
soft_all_r32_l0_p4,dist_new2025_0.70,history,7552,0.0681106288,0.0684564515
soft_all_r32_l0_p4,dist_new2025_0.70,2025,3024,0.0679590938,0.0671263704
soft_all_r32_l0_p4,dist_new2025_0.70,new,9068,0.0703867519,0.0704712639
soft_all_r32_l0_p4,dist_new2025_0.70,shared,1508,0.0519817888,0.0513951813
soft_all_r32_l0_p4,dist_new2025_0.70,new2025,1516,0.0807753546,0.0797533421
soft_all_r32_l0_p4,dist_new2025_0.70,shared2025,1508,0.0519817888,0.0513951813
soft_all_r32_l0_p4,dist_new2025_0.70,new2025_near,1408,0.0799517865,0.0789108893
soft_all_r32_l0_p4,dist_new2025_0.70,new2025_far,18,0.0911482154,0.0931731510
soft_all_r32_l0_p4,dist_new2025_0.70,shared2025_near,1431,0.0519613595,0.0513532772
soft_all_r32_l0_p4,dist_new2025_0.70,shared2025_far,10,0.0969303496,0.0973607376
soft_all_r32_l0_p4,dist_new2025_0.70,source_s2,4693,0.0665316989,0.0665003066
soft_all_r32_l0_p4,dist_new2025_0.70,source_landsat,4065,0.0714029243,0.0710960435
soft_all_r32_l0_p4,dist_new2025_0.70,source_modis,1818,0.0642379705,0.0651471604
post_mode,fixed040,all,10576,0.0679511609,0.0680787938
post_mode,fixed040,near,6890,0.0662981813,0.0662006592
post_mode,fixed040,mid,1711,0.0717781891,0.0729940242
post_mode,fixed040,far,1975,0.0702015262,0.0700986011
post_mode,fixed040,history,7552,0.0681202696,0.0684564515
post_mode,fixed040,2025,3024,0.0675269873,0.0671263704
post_mode,fixed040,new,9068,0.0702509729,0.0704712639
post_mode,fixed040,shared,1508,0.0520202979,0.0513951813
post_mode,fixed040,new2025,1516,0.0800243347,0.0797533421
post_mode,fixed040,shared2025,1508,0.0520202979,0.0513951813
post_mode,fixed040,new2025_near,1408,0.0793113218,0.0789108893
post_mode,fixed040,new2025_far,18,0.0913982465,0.0931731510
post_mode,fixed040,shared2025_near,1431,0.0519771969,0.0513532772
post_mode,fixed040,shared2025_far,10,0.0969101508,0.0973607376
post_mode,fixed040,source_s2,4693,0.0661036570,0.0665003066
post_mode,fixed040,source_landsat,4065,0.0716145427,0.0710960435
post_mode,fixed040,source_modis,1818,0.0641363806,0.0651471604
post_mode,fixed045,all,10576,0.0680475288,0.0680787938
post_mode,fixed045,near,6890,0.0664189392,0.0662006592
post_mode,fixed045,mid,1711,0.0717578785,0.0729940242
post_mode,fixed045,far,1975,0.0703210530,0.0700986011
post_mode,fixed045,history,7552,0.0681964695,0.0684564515
post_mode,fixed045,2025,3024,0.0676741396,0.0671263704
post_mode,fixed045,new,9068,0.0703357951,0.0704712639
post_mode,fixed045,shared,1508,0.0522141660,0.0513951813
post_mode,fixed045,new2025,1516,0.0801466054,0.0797533421
post_mode,fixed045,shared2025,1508,0.0522141660,0.0513951813
post_mode,fixed045,new2025_near,1408,0.0794492430,0.0789108893
post_mode,fixed045,new2025_far,18,0.0912564197,0.0931731510
post_mode,fixed045,shared2025_near,1431,0.0521733517,0.0513532772
post_mode,fixed045,shared2025_far,10,0.0969060634,0.0973607376
post_mode,fixed045,source_s2,4693,0.0661555553,0.0665003066
post_mode,fixed045,source_landsat,4065,0.0717682772,0.0710960435
post_mode,fixed045,source_modis,1818,0.0642083418,0.0651471604
post_mode,distance_50_40_30,all,10576,0.0680876034,0.0680787938
post_mode,distance_50_40_30,near,6890,0.0665635387,0.0662006592
post_mode,distance_50_40_30,mid,1711,0.0717781891,0.0729940242
post_mode,distance_50_40_30,far,1975,0.0700332490,0.0700986011
post_mode,distance_50_40_30,history,7552,0.0681850391,0.0684564515
post_mode,distance_50_40_30,2025,3024,0.0678436609,0.0671263704
post_mode,distance_50_40_30,new,9068,0.0703559270,0.0704712639
post_mode,distance_50_40_30,shared,1508,0.0524170625,0.0513951813
post_mode,distance_50_40_30,new2025,1516,0.0803005988,0.0797533421
post_mode,distance_50_40_30,shared2025,1508,0.0524170625,0.0513951813
post_mode,distance_50_40_30,new2025_near,1408,0.0796064357,0.0789108893
post_mode,distance_50_40_30,new2025_far,18,0.0917359234,0.0931731510
post_mode,distance_50_40_30,shared2025_near,1431,0.0523950127,0.0513532772
post_mode,distance_50_40_30,shared2025_far,10,0.0969532272,0.0973607376
post_mode,distance_50_40_30,source_s2,4693,0.0661406719,0.0665003066
post_mode,distance_50_40_30,source_landsat,4065,0.0718301053,0.0710960435
post_mode,distance_50_40_30,source_modis,1818,0.0643403387,0.0651471604
post_mode,distance_50_45_25,all,10576,0.0680748107,0.0680787938
post_mode,distance_50_45_25,near,6890,0.0665635387,0.0662006592
post_mode,distance_50_45_25,mid,1711,0.0717578785,0.0729940242
post_mode,distance_50_45_25,far,1975,0.0699846688,0.0700986011
post_mode,distance_50_45_25,history,7552,0.0681658914,0.0684564515
post_mode,distance_50_45_25,2025,3024,0.0678468159,0.0671263704
post_mode,distance_50_45_25,new,9068,0.0703404515,0.0704712639
post_mode,distance_50_45_25,shared,1508,0.0524254240,0.0513951813
post_mode,distance_50_45_25,new2025,1516,0.0803004862,0.0797533421
post_mode,distance_50_45_25,shared2025,1508,0.0524254240,0.0513951813
post_mode,distance_50_45_25,new2025_near,1408,0.0796064357,0.0789108893
post_mode,distance_50_45_25,new2025_far,18,0.0919315750,0.0931731510
post_mode,distance_50_45_25,shared2025_near,1431,0.0523950127,0.0513532772
post_mode,distance_50_45_25,shared2025_far,10,0.0969922007,0.0973607376
post_mode,distance_50_45_25,source_s2,4693,0.0661336814,0.0665003066
post_mode,distance_50_45_25,source_landsat,4065,0.0718376473,0.0710960435
post_mode,distance_50_45_25,source_modis,1818,0.0642612645,0.0651471604
post_mode,distance_45_40_30,all,10576,0.0679955469,0.0680787938
post_mode,distance_45_40_30,near,6890,0.0664189392,0.0662006592
post_mode,distance_45_40_30,mid,1711,0.0717781891,0.0729940242
post_mode,distance_45_40_30,far,1975,0.0700332490,0.0700986011
post_mode,distance_45_40_30,history,7552,0.0681227531,0.0684564515
post_mode,distance_45_40_30,2025,3024,0.0676768239,0.0671263704
post_mode,distance_45_40_30,new,9068,0.0702780451,0.0704712639
post_mode,distance_45_40_30,shared,1508,0.0522068314,0.0513951813
post_mode,distance_45_40_30,new2025,1516,0.0801558790,0.0797533421
post_mode,distance_45_40_30,shared2025,1508,0.0522068314,0.0513951813
post_mode,distance_45_40_30,new2025_near,1408,0.0794492430,0.0789108893
post_mode,distance_45_40_30,new2025_far,18,0.0917359234,0.0931731510
post_mode,distance_45_40_30,shared2025_near,1431,0.0521733517,0.0513532772
post_mode,distance_45_40_30,shared2025_far,10,0.0969532272,0.0973607376
post_mode,distance_45_40_30,source_s2,4693,0.0660986370,0.0665003066
post_mode,distance_45_40_30,source_landsat,4065,0.0717022001,0.0710960435
post_mode,distance_45_40_30,source_modis,1818,0.0642043711,0.0651471604
post_mode,cohort_year,all,10576,0.0680352911,0.0680787938
post_mode,cohort_year,near,6890,0.0664340540,0.0662006592
post_mode,cohort_year,mid,1711,0.0717709013,0.0729940242
post_mode,cohort_year,far,1975,0.0701962117,0.0700986011
post_mode,cohort_year,history,7552,0.0681202696,0.0684564515
post_mode,cohort_year,2025,3024,0.0678226048,0.0671263704
post_mode,cohort_year,new,9068,0.0703665736,0.0704712639
post_mode,cohort_year,shared,1508,0.0518516974,0.0513951813
post_mode,cohort_year,new2025,1516,0.0806295657,0.0797533421
post_mode,cohort_year,shared2025,1508,0.0518516974,0.0513951813
post_mode,cohort_year,new2025_near,1408,0.0799781675,0.0789108893
post_mode,cohort_year,new2025_far,18,0.0909399641,0.0931731510
post_mode,cohort_year,shared2025_near,1431,0.0518068378,0.0513532772
post_mode,cohort_year,shared2025_far,10,0.0969258740,0.0973607376
post_mode,cohort_year,source_s2,4693,0.0661087628,0.0665003066
post_mode,cohort_year,source_landsat,4065,0.0717531080,0.0710960435
post_mode,cohort_year,source_modis,1818,0.0642951593,0.0651471604
post_mode,cohort_year_dist,all,10576,0.0680816051,0.0680787938
post_mode,cohort_year_dist,near,6890,0.0665589834,0.0662006592
post_mode,cohort_year_dist,mid,1711,0.0717709013,0.0729940242
post_mode,cohort_year_dist,far,1975,0.0700235955,0.0700986011
post_mode,cohort_year_dist,history,7552,0.0681850391,0.0684564515
post_mode,cohort_year_dist,2025,3024,0.0678226048,0.0671263704
post_mode,cohort_year_dist,new,9068,0.0704187984,0.0704712639
post_mode,cohort_year_dist,shared,1508,0.0518516974,0.0513951813
post_mode,cohort_year_dist,new2025,1516,0.0806295657,0.0797533421
post_mode,cohort_year_dist,shared2025,1508,0.0518516974,0.0513951813
post_mode,cohort_year_dist,new2025_near,1408,0.0799781675,0.0789108893
post_mode,cohort_year_dist,new2025_far,18,0.0909399641,0.0931731510
post_mode,cohort_year_dist,shared2025_near,1431,0.0518068378,0.0513532772
post_mode,cohort_year_dist,shared2025_far,10,0.0969258740,0.0973607376
post_mode,cohort_year_dist,source_s2,4693,0.0661144085,0.0665003066
post_mode,cohort_year_dist,source_landsat,4065,0.0718542445,0.0710960435
post_mode,cohort_year_dist,source_modis,1818,0.0643128194,0.0651471604
post_mode,new2025_0.45,all,10576,0.0679718143,0.0680787938
post_mode,new2025_0.45,near,6890,0.0663319190,0.0662006592
post_mode,new2025_0.45,mid,1711,0.0717754441,0.0729940242
post_mode,new2025_0.45,far,1975,0.0701998446,0.0700986011
post_mode,new2025_0.45,history,7552,0.0681202696,0.0684564515
post_mode,new2025_0.45,2025,3024,0.0675996452,0.0671263704
post_mode,new2025_0.45,new,9068,0.0702742720,0.0704712639
post_mode,new2025_0.45,shared,1508,0.0520202979,0.0513951813
post_mode,new2025_0.45,new2025,1516,0.0801466054,0.0797533421
post_mode,new2025_0.45,shared2025,1508,0.0520202979,0.0513951813
post_mode,new2025_0.45,new2025_near,1408,0.0794492430,0.0789108893
post_mode,new2025_0.45,new2025_far,18,0.0912564197,0.0931731510
post_mode,new2025_0.45,shared2025_near,1431,0.0519771969,0.0513532772
post_mode,new2025_0.45,shared2025_far,10,0.0969101508,0.0973607376
post_mode,new2025_0.45,source_s2,4693,0.0661005539,0.0665003066
post_mode,new2025_0.45,source_landsat,4065,0.0716522506,0.0710960435
post_mode,new2025_0.45,source_modis,1818,0.0641777678,0.0651471604
post_mode,new2025_0.50,all,10576,0.0679957811,0.0680787938
post_mode,new2025_0.50,near,6890,0.0663704212,0.0662006592
post_mode,new2025_0.50,mid,1711,0.0717740873,0.0729940242
post_mode,new2025_0.50,far,1975,0.0701983800,0.0700986011
post_mode,new2025_0.50,history,7552,0.0681202696,0.0684564515
post_mode,new2025_0.50,2025,3024,0.0676838892,0.0671263704
post_mode,new2025_0.50,new,9068,0.0703013082,0.0704712639
post_mode,new2025_0.50,shared,1508,0.0520202979,0.0513951813
post_mode,new2025_0.50,new2025,1516,0.0802883048,0.0797533421
post_mode,new2025_0.50,shared2025,1508,0.0520202979,0.0513951813
post_mode,new2025_0.50,new2025_near,1408,0.0796064357,0.0789108893
post_mode,new2025_0.50,new2025_far,18,0.0911327161,0.0931731510
post_mode,new2025_0.50,shared2025_near,1431,0.0519771969,0.0513532772
post_mode,new2025_0.50,shared2025_far,10,0.0969101508,0.0973607376
post_mode,new2025_0.50,source_s2,4693,0.0661015730,0.0665003066
post_mode,new2025_0.50,source_landsat,4065,0.0716915851,0.0710960435
post_mode,new2025_0.50,source_modis,1818,0.0642245123,0.0651471604
post_mode,new2025_0.55,all,10576,0.0680230577,0.0680787938
post_mode,new2025_0.55,near,6890,0.0664136799,0.0662006592
post_mode,new2025_0.55,mid,1711,0.0717741189,0.0729940242
post_mode,new2025_0.55,far,1975,0.0701971324,0.0700986011
post_mode,new2025_0.55,history,7552,0.0681202696,0.0684564515
post_mode,new2025_0.55,2025,3024,0.0677796763,0.0671263704
post_mode,new2025_0.55,new,9068,0.0703320770,0.0704712639
post_mode,new2025_0.55,shared,1508,0.0520202979,0.0513951813
post_mode,new2025_0.55,new2025,1516,0.0804493302,0.0797533421
post_mode,new2025_0.55,shared2025,1508,0.0520202979,0.0513951813
post_mode,new2025_0.55,new2025_near,1408,0.0797827862,0.0789108893
post_mode,new2025_0.55,new2025_far,18,0.0910272098,0.0931731510
post_mode,new2025_0.55,shared2025_near,1431,0.0519771969,0.0513532772
post_mode,new2025_0.55,shared2025_far,10,0.0969101508,0.0973607376
post_mode,new2025_0.55,source_s2,4693,0.0661067142,0.0665003066
post_mode,new2025_0.55,source_landsat,4065,0.0717325435,0.0710960435
post_mode,new2025_0.55,source_modis,1818,0.0642766026,0.0651471604
post_mode,new2025_0.60,all,10576,0.0680536402,0.0680787938
post_mode,new2025_0.60,near,6890,0.0664616856,0.0662006592
post_mode,new2025_0.60,mid,1711,0.0717755389,0.0729940242
post_mode,new2025_0.60,far,1975,0.0701961017,0.0700986011
post_mode,new2025_0.60,history,7552,0.0681202696,0.0684564515
post_mode,new2025_0.60,2025,3024,0.0678869575,0.0671263704
post_mode,new2025_0.60,new,9068,0.0703665736,0.0704712639
post_mode,new2025_0.60,shared,1508,0.0520202979,0.0513951813
post_mode,new2025_0.60,new2025,1516,0.0806295657,0.0797533421
post_mode,new2025_0.60,shared2025,1508,0.0520202979,0.0513951813
post_mode,new2025_0.60,new2025_near,1408,0.0799781675,0.0789108893
post_mode,new2025_0.60,new2025_far,18,0.0909399641,0.0931731510
post_mode,new2025_0.60,shared2025_near,1431,0.0519771969,0.0513532772
post_mode,new2025_0.60,shared2025_far,10,0.0969101508,0.0973607376
post_mode,new2025_0.60,source_s2,4693,0.0661159763,0.0665003066
post_mode,new2025_0.60,source_landsat,4065,0.0717751229,0.0710960435
post_mode,new2025_0.60,source_modis,1818,0.0643340255,0.0651471604
post_mode,new2025_0.65,all,10576,0.0680875242,0.0680787938
post_mode,new2025_0.65,near,6890,0.0665144280,0.0662006592
post_mode,new2025_0.65,mid,1711,0.0717783471,0.0729940242
post_mode,new2025_0.65,far,1975,0.0701952881,0.0700986011
post_mode,new2025_0.65,history,7552,0.0681202696,0.0684564515
post_mode,new2025_0.65,2025,3024,0.0680056784,0.0671263704
post_mode,new2025_0.65,new,9068,0.0704047926,0.0704712639
post_mode,new2025_0.65,shared,1508,0.0520202979,0.0513951813
post_mode,new2025_0.65,new2025,1516,0.0808288830,0.0797533421
post_mode,new2025_0.65,shared2025,1508,0.0520202979,0.0513951813
post_mode,new2025_0.65,new2025_near,1408,0.0801924406,0.0789108893
post_mode,new2025_0.65,new2025_far,18,0.0908710316,0.0931731510
post_mode,new2025_0.65,shared2025_near,1431,0.0519771969,0.0513532772
post_mode,new2025_0.65,shared2025_far,10,0.0969101508,0.0973607376
post_mode,new2025_0.65,source_s2,4693,0.0661293577,0.0665003066
post_mode,new2025_0.65,source_landsat,4065,0.0718193206,0.0710960435
post_mode,new2025_0.65,source_modis,1818,0.0643967670,0.0651471604
post_mode,new2025_0.70,all,10576,0.0681247046,0.0680787938
post_mode,new2025_0.70,near,6890,0.0665718960,0.0662006592
post_mode,new2025_0.70,mid,1711,0.0717825434,0.0729940242
post_mode,new2025_0.70,far,1975,0.0701946916,0.0700986011
post_mode,new2025_0.70,history,7552,0.0681202696,0.0684564515
post_mode,new2025_0.70,2025,3024,0.0681357792,0.0671263704
post_mode,new2025_0.70,new,9068,0.0704467279,0.0704712639
post_mode,new2025_0.70,shared,1508,0.0520202979,0.0513951813
post_mode,new2025_0.70,new2025,1516,0.0810471412,0.0797533421
post_mode,new2025_0.70,shared2025,1508,0.0520202979,0.0513951813
post_mode,new2025_0.70,new2025_near,1408,0.0804254546,0.0789108893
post_mode,new2025_0.70,new2025_far,18,0.0908204539,0.0931731510
post_mode,new2025_0.70,shared2025_near,1431,0.0519771969,0.0513532772
post_mode,new2025_0.70,shared2025_far,10,0.0969101508,0.0973607376
post_mode,new2025_0.70,source_s2,4693,0.0661468559,0.0665003066
post_mode,new2025_0.70,source_landsat,4065,0.0718651334,0.0710960435
post_mode,new2025_0.70,source_modis,1818,0.0644648114,0.0651471604
post_mode,dist_new2025_0.50,all,10576,0.0680855252,0.0680787938
post_mode,dist_new2025_0.50,near,6890,0.0665635387,0.0662006592
post_mode,dist_new2025_0.50,mid,1711,0.0717740873,0.0729940242
post_mode,dist_new2025_0.50,far,1975,0.0700260711,0.0700986011
post_mode,dist_new2025_0.50,history,7552,0.0681850391,0.0684564515
post_mode,dist_new2025_0.50,2025,3024,0.0678363662,0.0671263704
post_mode,dist_new2025_0.50,new,9068,0.0703535813,0.0704712639
post_mode,dist_new2025_0.50,shared,1508,0.0524170625,0.0513951813
post_mode,dist_new2025_0.50,new2025,1516,0.0802883048,0.0797533421
post_mode,dist_new2025_0.50,shared2025,1508,0.0524170625,0.0513951813
post_mode,dist_new2025_0.50,new2025_near,1408,0.0796064357,0.0789108893
post_mode,dist_new2025_0.50,new2025_far,18,0.0911327161,0.0931731510
post_mode,dist_new2025_0.50,shared2025_near,1431,0.0523950127,0.0513532772
post_mode,dist_new2025_0.50,shared2025_far,10,0.0969532272,0.0973607376
post_mode,dist_new2025_0.50,source_s2,4693,0.0661314330,0.0665003066
post_mode,dist_new2025_0.50,source_landsat,4065,0.0718375745,0.0710960435
post_mode,dist_new2025_0.50,source_modis,1818,0.0643334136,0.0651471604
post_mode,dist_new2025_0.55,all,10576,0.0681127659,0.0680787938
post_mode,dist_new2025_0.55,near,6890,0.0666066719,0.0662006592
post_mode,dist_new2025_0.55,mid,1711,0.0717741189,0.0729940242
post_mode,dist_new2025_0.55,far,1975,0.0700248204,0.0700986011
post_mode,dist_new2025_0.55,history,7552,0.0681850391,0.0684564515
post_mode,dist_new2025_0.55,2025,3024,0.0679319382,0.0671263704
post_mode,dist_new2025_0.55,new,9068,0.0703843273,0.0704712639
post_mode,dist_new2025_0.55,shared,1508,0.0524170625,0.0513951813
post_mode,dist_new2025_0.55,new2025,1516,0.0804493302,0.0797533421
post_mode,dist_new2025_0.55,shared2025,1508,0.0524170625,0.0513951813
post_mode,dist_new2025_0.55,new2025_near,1408,0.0797827862,0.0789108893
post_mode,dist_new2025_0.55,new2025_far,18,0.0910272098,0.0931731510
post_mode,dist_new2025_0.55,shared2025_near,1431,0.0523950127,0.0513532772
post_mode,dist_new2025_0.55,shared2025_far,10,0.0969532272,0.0973607376
post_mode,dist_new2025_0.55,source_s2,4693,0.0661365718,0.0665003066
post_mode,dist_new2025_0.55,source_landsat,4065,0.0718784497,0.0710960435
post_mode,dist_new2025_0.55,source_modis,1818,0.0643854157,0.0651471604
post_mode,dist_new2025_0.60,all,10576,0.0681433081,0.0680787938
post_mode,dist_new2025_0.60,near,6890,0.0666545386,0.0662006592
post_mode,dist_new2025_0.60,mid,1711,0.0717755389,0.0729940242
post_mode,dist_new2025_0.60,far,1975,0.0700237872,0.0700986011
post_mode,dist_new2025_0.60,history,7552,0.0681850391,0.0684564515
post_mode,dist_new2025_0.60,2025,3024,0.0680389793,0.0671263704
post_mode,dist_new2025_0.60,new,9068,0.0704187984,0.0704712639
post_mode,dist_new2025_0.60,shared,1508,0.0524170625,0.0513951813
post_mode,dist_new2025_0.60,new2025,1516,0.0806295657,0.0797533421
post_mode,dist_new2025_0.60,shared2025,1508,0.0524170625,0.0513951813
post_mode,dist_new2025_0.60,new2025_near,1408,0.0799781675,0.0789108893
post_mode,dist_new2025_0.60,new2025_far,18,0.0909399641,0.0931731510
post_mode,dist_new2025_0.60,shared2025_near,1431,0.0523950127,0.0513532772
post_mode,dist_new2025_0.60,shared2025_far,10,0.0969532272,0.0973607376
post_mode,dist_new2025_0.60,source_s2,4693,0.0661458298,0.0665003066
post_mode,dist_new2025_0.60,source_landsat,4065,0.0719209427,0.0710960435
post_mode,dist_new2025_0.60,source_modis,1818,0.0644427417,0.0651471604
post_mode,dist_new2025_0.65,all,10576,0.0681771475,0.0680787938
post_mode,dist_new2025_0.65,near,6890,0.0667071285,0.0662006592
post_mode,dist_new2025_0.65,mid,1711,0.0717783471,0.0729940242
post_mode,dist_new2025_0.65,far,1975,0.0700229716,0.0700986011
post_mode,dist_new2025_0.65,history,7552,0.0681850391,0.0684564515
post_mode,dist_new2025_0.65,2025,3024,0.0681574354,0.0671263704
post_mode,dist_new2025_0.65,new,9068,0.0704569890,0.0704712639
post_mode,dist_new2025_0.65,shared,1508,0.0524170625,0.0513951813
post_mode,dist_new2025_0.65,new2025,1516,0.0808288830,0.0797533421
post_mode,dist_new2025_0.65,shared2025,1508,0.0524170625,0.0513951813
post_mode,dist_new2025_0.65,new2025_near,1408,0.0801924406,0.0789108893
post_mode,dist_new2025_0.65,new2025_far,18,0.0908710316,0.0931731510
post_mode,dist_new2025_0.65,shared2025_near,1431,0.0523950127,0.0513532772
post_mode,dist_new2025_0.65,shared2025_far,10,0.0969532272,0.0973607376
post_mode,dist_new2025_0.65,source_s2,4693,0.0661592051,0.0665003066
post_mode,dist_new2025_0.65,source_landsat,4065,0.0719650508,0.0710960435
post_mode,dist_new2025_0.65,source_modis,1818,0.0645053774,0.0651471604
post_mode,dist_new2025_0.70,all,10576,0.0682142791,0.0680787938
post_mode,dist_new2025_0.70,near,6890,0.0667644306,0.0662006592
post_mode,dist_new2025_0.70,mid,1711,0.0717825434,0.0729940242
post_mode,dist_new2025_0.70,far,1975,0.0700223736,0.0700986011
post_mode,dist_new2025_0.70,history,7552,0.0681850391,0.0684564515
post_mode,dist_new2025_0.70,2025,3024,0.0682872472,0.0671263704
post_mode,dist_new2025_0.70,new,9068,0.0704988932,0.0704712639
post_mode,dist_new2025_0.70,shared,1508,0.0524170625,0.0513951813
post_mode,dist_new2025_0.70,new2025,1516,0.0810471412,0.0797533421
post_mode,dist_new2025_0.70,shared2025,1508,0.0524170625,0.0513951813
post_mode,dist_new2025_0.70,new2025_near,1408,0.0804254546,0.0789108893
post_mode,dist_new2025_0.70,new2025_far,18,0.0908204539,0.0931731510
post_mode,dist_new2025_0.70,shared2025_near,1431,0.0523950127,0.0513532772
post_mode,dist_new2025_0.70,shared2025_far,10,0.0969532272,0.0973607376
post_mode,dist_new2025_0.70,source_s2,4693,0.0661766954,0.0665003066
post_mode,dist_new2025_0.70,source_landsat,4065,0.0720107710,0.0710960435
post_mode,dist_new2025_0.70,source_modis,1818,0.0645733074,0.0651471604
