_row,anon_polygon_id,date,n16_c60_r125_k2,n16_c60_r125_k3,n16_c80_r125_k2,n16_c80_r125_k3,n12_c60_r125_k2,n8_c80_r125_k3
150,AOI-0001,2010-08-29,0.17403988,0.19108540,0.17403988,0.19108540,0.17314051,0.19299435
207,AOI-0001,2010-10-25,0.14890914,0.14890914,0.14890914,0.14890914,0.14890914,0.14890914
286,AOI-0001,2011-06-13,0.44660977,0.44660977,0.44660977,0.44660977,0.44660977,0.44660977
383,AOI-0001,2011-09-18,0.29119952,0.29119952,0.29119952,0.29119952,0.29119952,0.29119952
391,AOI-0001,2011-09-26,0.31000918,0.31000918,0.31000918,0.31000918,0.31000918,0.31000918
395,AOI-0001,2011-09-30,0.36347841,0.34478761,0.36347841,0.34478761,0.36347841,0.34478761
479,AOI-0001,2012-05-24,,,,,0.67376490,0.67376490
525,AOI-0001,2012-07-09,,,,,0.23827713,0.23827713
527,AOI-0001,2012-07-11,,,,,0.35571554,0.35571554
557,AOI-0001,2012-08-10,,,,,0.19471596,0.19471596
559,AOI-0001,2012-08-12,,,,,0.32958402,0.32958402
623,AOI-0001,2012-10-15,,,,,0.30189760,0.30189760
669,AOI-0001,2013-05-01,,,,,0.77199301,0.77199301
741,AOI-0001,2013-07-12,,,,,0.29925421,0.29925421
821,AOI-0001,2013-09-30,,,,,0.34965112,0.37312690
869,AOI-0001,2014-04-18,,,,,,
906,AOI-0001,2014-05-25,,,,,,
938,AOI-0001,2014-06-26,,,,,,
957,AOI-0001,2014-07-15,,,,,,
970,AOI-0001,2014-07-28,,,,,,
982,AOI-0001,2014-08-09,,,,,,
986,AOI-0001,2014-08-13,,,,,,
1037,AOI-0001,2014-10-03,,,,,,
1050,AOI-0001,2014-10-16,,,,,,
1077,AOI-0001,2015-04-13,,,,,,
1197,AOI-0001,2015-08-11,0.28558862,0.28558862,0.28558862,0.28558862,0.28558862,0.28558862
1198,AOI-0001,2015-08-12,0.24160606,0.24160606,0.24160606,0.24160606,0.22132981,0.19934454
1213,AOI-0001,2015-08-27,0.19394777,0.19394777,0.19394777,0.19394777,0.19394777,0.19394777
1237,AOI-0001,2015-09-20,0.14354007,0.14354007,0.14354007,0.14354007,0.14354007,0.14354007
1245,AOI-0001,2015-09-28,0.17633555,0.17633555,0.17633555,0.17633555,0.17633555,0.17633555
1365,AOI-0001,2016-06-27,0.30701177,0.30701177,,,0.30701177,
1372,AOI-0001,2016-07-04,0.33475744,0.33475744,,,0.33475744,
1388,AOI-0001,2016-07-20,,,,,,
1395,AOI-0001,2016-07-27,,,,,,0.36368174
1428,AOI-0001,2016-08-29,0.43601393,0.43601393,,,0.43601393,
1429,AOI-0001,2016-08-30,0.37044628,0.37044628,,,0.37044628,
1445,AOI-0001,2016-09-15,,,,,,
1459,AOI-0001,2016-09-29,0.26930088,0.26930088,,,0.26930088,0.51785646
1532,AOI-0001,2017-05-12,0.77974793,0.78796097,0.77974793,0.78796097,0.77974793,0.78796097
1580,AOI-0001,2017-06-29,0.53891683,0.51895483,0.53891683,0.51895483,0.53891683,0.51895483
1593,AOI-0001,2017-07-12,0.42665092,0.41083542,0.42665092,0.41083542,0.42665092,0.41083542
1621,AOI-0001,2017-08-09,0.23117650,0.23252340,0.23117650,0.23252340,0.23117650,0.23252340
1641,AOI-0001,2017-08-29,0.23315281,0.25861388,0.23315281,0.25861388,0.23315281,0.24754451
1651,AOI-0001,2017-09-08,0.28763997,0.27969217,0.28763997,0.27969217,0.28763997,0.27969217
1657,AOI-0001,2017-09-14,0.35649568,0.36103598,0.35649568,0.36103598,0.35649568,0.36103598
1708,AOI-0001,2018-04-05,0.53078981,0.49882553,0.53078981,0.49882553,0.53078981,0.49882553
1726,AOI-0001,2018-04-23,0.81433265,0.79737275,0.81433265,0.79737275,0.81433265,0.79737275
1734,AOI-0001,2018-05-01,0.81916548,0.80351207,0.81916548,0.80351207,0.81916548,0.80351207
1772,AOI-0001,2018-06-08,0.65859668,0.64890636,0.65859668,0.64890636,0.65859668,0.64890636
1806,AOI-0001,2018-07-12,0.26629356,0.31328581,0.26629356,0.31328581,0.26629356,0.31328581
1884,AOI-0001,2018-09-28,,,,,,
1899,AOI-0001,2018-10-13,0.19824529,0.20601819,0.19824529,0.20601819,0.19824529,0.20601819
1957,AOI-0001,2019-05-11,,,,,,
1977,AOI-0001,2019-05-31,,,,,,
1981,AOI-0001,2019-06-04,,,,,,
1982,AOI-0001,2019-06-05,0.64418563,0.64418563,,,0.64418563,
2002,AOI-0001,2019-06-25,,,,,,
2019,AOI-0001,2019-07-12,,,,,,
2029,AOI-0001,2019-07-22,0.27098427,0.27098427,,,0.27098427,
2036,AOI-0001,2019-07-29,,,,,,
2068,AOI-0001,2019-08-30,,,,,,
2076,AOI-0001,2019-09-07,,,,,,
2077,AOI-0001,2019-09-08,0.30853822,0.30853822,,,0.30853822,
2087,AOI-0001,2019-09-18,,,,,,
2132,AOI-0001,2020-04-03,0.74617759,0.74445945,0.74617759,0.74445945,0.74617759,0.74445945
2155,AOI-0001,2020-04-26,0.74218949,0.74218949,0.74218949,0.74218949,0.74218949,0.74218949
2189,AOI-0001,2020-05-30,0.74566305,0.68821608,0.74566305,0.68821608,0.74566305,0.68821608
2199,AOI-0001,2020-06-09,0.71789087,0.72028397,0.71789087,0.72028397,0.71789087,0.72028397
2234,AOI-0001,2020-07-14,0.20545183,0.20325076,0.20545183,0.20325076,0.20545183,0.20325076
2243,AOI-0001,2020-07-23,0.28815242,0.28815242,0.28815242,0.28815242,0.28815242,0.28815242
2247,AOI-0001,2020-07-27,0.32207704,0.31666456,0.32207704,0.31666456,0.32207704,0.31666456
2259,AOI-0001,2020-08-08,0.21684777,0.22384248,0.21684777,0.22384248,0.21684777,0.22384248
2283,AOI-0001,2020-09-01,0.24050973,0.24050973,0.24050973,0.24050973,0.24050973,0.24050973
2284,AOI-0001,2020-09-02,0.22293782,0.23738132,0.22293782,0.23738132,0.22293782,0.23738132
2294,AOI-0001,2020-09-12,0.22268423,0.22079214,0.22268423,0.22079214,0.22268423,0.22079214
2304,AOI-0001,2020-09-22,0.23191128,0.22701921,0.23191128,0.22701921,0.23191128,0.22701921
2311,AOI-0001,2020-09-29,0.29008790,0.29075783,0.29008790,0.29075783,0.29008790,0.29075783
2323,AOI-0001,2020-10-11,0.25329928,0.25329928,0.25329928,0.25329928,0.25329928,0.25329928
2324,AOI-0001,2020-10-12,0.19926388,0.19890227,0.19926388,0.19890227,0.19926388,0.19890227
2331,AOI-0001,2020-10-19,0.21740690,0.21740690,0.21740690,0.21740690,0.21740690,0.21740690
2387,AOI-0001,2021-05-15,0.29187426,0.29187426,0.28620865,0.28620865,0.29187426,0.28620865
2392,AOI-0001,2021-05-20,0.30896754,0.30896754,0.31183767,0.31183767,0.30896754,0.31183767
2413,AOI-0001,2021-06-10,0.65113365,0.65113365,,,0.65113365,
2435,AOI-0001,2021-07-02,0.45583060,0.45583060,,,0.45583060,
2457,AOI-0001,2021-07-24,0.66901723,0.66901723,0.67752000,0.67752000,0.66901723,0.67752000
2512,AOI-0001,2021-09-17,0.32170557,0.32170557,,,0.32170557,
2580,AOI-0001,2022-04-25,0.70565765,0.70727975,0.70565765,0.70727975,0.70565765,0.70727975
2619,AOI-0001,2022-06-03,0.79224743,0.79224743,0.79224743,0.79224743,0.79224743,0.79224743
2710,AOI-0001,2022-09-02,0.27370160,0.26724996,0.27370160,0.26724996,0.27370160,0.26724996
2738,AOI-0001,2022-09-30,0.30870951,0.30971151,0.30870951,0.30971151,0.30870951,0.30971151
2739,AOI-0001,2022-10-01,0.30056830,0.30056830,0.30056830,0.30056830,0.30056830,0.30056830
2755,AOI-0001,2022-10-17,0.27812991,0.27812991,0.27812991,0.27812991,0.27812991,0.27812991
2823,AOI-0001,2023-05-25,0.74397119,0.74772491,0.74397119,0.74772491,0.74397119,0.74772491
2852,AOI-0001,2023-06-23,0.70546591,0.66883927,0.70546591,0.66883927,0.70546591,0.66883927
2874,AOI-0001,2023-07-15,,,,,,
2888,AOI-0001,2023-07-29,0.34972777,0.34972777,0.34972777,0.34972777,0.34972777,0.34972777
2893,AOI-0001,2023-08-03,,,,,,
2898,AOI-0001,2023-08-08,0.26045063,0.25277558,0.26045063,0.25277558,0.26045063,0.25277558
2903,AOI-0001,2023-08-13,0.22625392,0.20860473,0.22625392,0.20860473,0.22625392,0.20860473
2907,AOI-0001,2023-08-17,0.27736480,0.27736480,0.27736480,0.27736480,0.27736480,0.27736480
2918,AOI-0001,2023-08-28,0.22421085,0.22271432,0.22421085,0.22271432,0.22421085,0.22271432
2919,AOI-0001,2023-08-29,0.32235719,0.30988952,0.32235719,0.30988952,0.32235719,0.30988952
2933,AOI-0001,2023-09-12,0.23138036,0.25142141,0.23138036,0.25142141,0.23138036,0.25142141
2987,AOI-0001,2024-04-06,0.66108045,0.65412396,0.66108045,0.65412396,0.66108045,0.65412396
3035,AOI-0001,2024-05-24,0.70817366,0.67314004,0.70817366,0.67314004,0.70817366,0.67314004
3043,AOI-0001,2024-06-01,0.68086234,0.69455601,0.68086234,0.69455601,0.68086234,0.66412367
3045,AOI-0001,2024-06-03,0.59474831,0.61867148,0.59474831,0.61867148,0.59474831,0.61867148
3051,AOI-0001,2024-06-09,0.44363432,0.48046809,0.44363432,0.48046809,0.44363432,0.48046809
3055,AOI-0001,2024-06-13,0.35661407,0.38387854,0.35661407,0.38387854,0.35661407,0.38387854
3059,AOI-0001,2024-06-17,0.34389643,0.36316853,0.34389643,0.36316853,0.34389643,0.35342793
3065,AOI-0001,2024-06-23,0.24267392,0.25150724,0.24267392,0.25150724,0.24267392,0.25150724
3067,AOI-0001,2024-06-25,0.27774989,0.32077457,0.27774989,0.32077457,0.27774989,0.32077457
3075,AOI-0001,2024-07-03,0.20406625,0.22544226,0.20406625,0.22544226,0.20406625,0.22544226
3145,AOI-0001,2024-09-11,0.16848818,0.17282075,0.16848818,0.17282075,0.16848818,0.17282075
3147,AOI-0001,2024-09-13,0.18728374,0.21224538,0.18728374,0.21224538,0.18728374,0.21224538
3150,AOI-0001,2024-09-16,0.19203270,0.18390133,0.19203270,0.18390133,0.19203270,0.18390133
3163,AOI-0001,2024-09-29,0.23185160,0.22507432,0.23185160,0.22507432,0.23185160,0.22507432
3217,AOI-0001,2025-04-23,0.40840909,0.42285507,0.40840909,0.42285507,0.40840909,0.42285507
3227,AOI-0001,2025-05-03,0.33632434,0.31517023,0.33632434,0.33632434,0.33632434,0.33632434
3258,AOI-0001,2025-06-03,0.45299835,0.48526190,0.45299835,0.48526190,0.45299835,0.48526190
3282,AOI-0001,2025-06-27,0.54072688,0.57235537,0.54072688,0.57235537,0.54072688,0.57235537
3290,AOI-0001,2025-07-05,0.50373833,0.48895176,0.50373833,0.48895176,0.50373833,0.48895176
3297,AOI-0001,2025-07-12,0.43153848,0.39445236,0.43153848,0.39445236,0.43153848,0.39445236
3298,AOI-0001,2025-07-13,0.44596445,0.42732614,0.44596445,0.42732614,0.44596445,0.42732614
3308,AOI-0001,2025-07-23,0.37261822,0.34304762,0.37261822,0.34304762,0.37261822,0.34304762
3313,AOI-0001,2025-07-28,0.32894471,0.30563641,0.32894471,0.30563641,0.32894471,0.30563641
3314,AOI-0001,2025-07-29,0.27531268,0.31367205,0.27531268,0.31367205,0.27531268,0.31367205
3318,AOI-0001,2025-08-02,0.25548306,0.24345398,0.25548306,0.24345398,0.25548306,0.24345398
3405,AOI-0001,2025-10-28,0.34561391,0.34139508,0.28070951,0.28070951,0.34561391,0.28070951
3440,AOI-0002,2025-05-03,0.83449373,0.83447872,0.83449373,0.83447872,0.83449373,0.83447872
3471,AOI-0002,2025-06-03,0.61488115,0.62195914,0.61488115,0.62195914,0.61488115,0.62195914
3494,AOI-0002,2025-06-26,0.41342964,0.43774010,0.41342964,0.43774010,0.41342964,0.43774010
3527,AOI-0002,2025-07-29,0.25887614,0.25314501,0.25887614,0.25314501,0.25887614,0.25314501
3531,AOI-0002,2025-08-02,0.17521061,0.16663222,0.17521061,0.16663222,0.17521061,0.16663222
3542,AOI-0002,2025-08-13,0.25361947,0.25607864,0.25361947,0.25607864,0.25361947,0.25607864
3548,AOI-0002,2025-08-19,0.17540123,0.18527227,0.17540123,0.18527227,0.17540123,0.18527227
3621,AOI-0003,2025-04-01,0.57829878,0.56758099,0.57829878,0.56758099,0.57829878,0.56758099
3638,AOI-0003,2025-04-18,0.77739805,0.78543144,0.77739805,0.78543144,0.77739805,0.78543144
3639,AOI-0003,2025-04-19,0.78065747,0.80533579,0.78065747,0.80533579,0.78065747,0.80533579
3656,AOI-0003,2025-05-06,0.85445843,0.85373551,0.85445843,0.85373551,0.85445843,0.85373551
3685,AOI-0003,2025-06-04,0.75467423,0.76928749,0.75467423,0.76928749,0.75467423,0.76928749
3694,AOI-0003,2025-06-13,0.39657066,0.40453152,0.39657066,0.40453152,0.39657066,0.40453152
3718,AOI-0003,2025-07-07,0.21278159,0.21876036,0.21278159,0.21876036,0.21278159,0.21876036
3724,AOI-0003,2025-07-13,0.18553586,0.18606685,0.18553586,0.18606685,0.18553586,0.18606685
3726,AOI-0003,2025-07-15,0.17645369,0.18209476,0.17645369,0.18209476,0.17645369,0.18209476
3746,AOI-0003,2025-08-04,0.10482183,0.11943106,0.10482183,0.11943106,0.10482183,0.11943106
3749,AOI-0003,2025-08-07,0.17537364,0.16865833,0.17537364,0.16865833,0.17537364,0.16865833
3756,AOI-0003,2025-08-14,0.24351135,0.22013790,0.24351135,0.22013790,0.24351135,0.22013790
3764,AOI-0003,2025-08-22,0.18391810,0.17602404,0.18391810,0.17602404,0.18391810,0.17602404
3765,AOI-0003,2025-08-23,0.23483677,0.23403621,0.23483677,0.23403621,0.23483677,0.23403621
3856,AOI-0004,2025-04-23,0.72045797,0.67857437,0.72045797,0.67857437,0.72045797,0.67857437
3867,AOI-0004,2025-05-04,0.71735229,0.64629370,0.71735229,0.64629370,0.71735229,0.64629370
3887,AOI-0004,2025-05-24,0.63439190,0.60127958,0.63439190,0.60127958,0.63439190,0.60127958
3888,AOI-0004,2025-05-25,0.65204877,0.64222065,0.65204877,0.64222065,0.65204877,0.64222065
3924,AOI-0004,2025-06-30,0.65175760,0.61176246,0.65175760,0.65175760,0.65175760,0.65175760
3936,AOI-0004,2025-07-12,0.51564228,0.53500055,0.51564228,0.53500055,0.51564228,0.53500055
3947,AOI-0004,2025-07-23,0.42228546,0.44486408,0.42228546,0.44486408,0.42228546,0.44486408
3957,AOI-0004,2025-08-02,0.39862903,0.40573115,0.39862903,0.40573115,0.39862903,0.40573115
4000,AOI-0004,2025-09-14,0.39500965,0.40117769,0.39500965,0.40117769,0.39500965,0.40117769
4009,AOI-0004,2025-09-23,0.38280838,0.37381529,0.38280838,0.37381529,0.38280838,0.37381529
4077,AOI-0005,2025-05-01,0.61024290,0.62768580,0.61024290,0.62768580,0.61024290,0.62768580
4079,AOI-0005,2025-05-03,0.66886444,0.68147138,0.66797091,0.66797091,0.66886444,0.66797091
4090,AOI-0005,2025-05-14,0.67069499,0.67294809,0.67069499,0.67294809,0.67069499,0.67294809
4118,AOI-0005,2025-06-11,0.54741173,0.52398373,0.54741173,0.52398373,0.54741173,0.52398373
4158,AOI-0005,2025-07-21,0.42530047,0.41278069,0.42530047,0.41278069,0.42530047,0.41278069
4185,AOI-0005,2025-08-17,0.31683468,0.31879538,0.31683468,0.31879538,0.31683468,0.31879538
4200,AOI-0005,2025-09-01,0.28569769,0.29281475,0.28569769,0.29281475,0.28569769,0.29281475
4260,AOI-0006,2025-04-01,0.22945358,0.23570084,0.22945358,0.23570084,0.22945358,0.23570084
4270,AOI-0006,2025-05-09,0.28121287,0.35277177,0.28121287,0.35277177,0.28121287,0.35277177
4274,AOI-0006,2025-05-25,0.46177590,0.51161142,0.46177590,0.51161142,0.46177590,0.51161142
4292,AOI-0006,2025-07-28,0.36776786,0.33109877,0.36776786,0.33109877,0.36776786,0.33109877
4298,AOI-0006,2025-08-09,0.23730908,0.24086625,0.23730908,0.24086625,0.23730908,0.24086625
4303,AOI-0006,2025-08-22,0.26861692,0.26861692,0.24548137,0.24548137,0.26861692,0.24548137
4306,AOI-0006,2025-08-30,0.27320301,0.27320301,0.26074099,0.26074099,0.27320301,0.26074099
4308,AOI-0006,2025-09-07,0.27067037,0.27067037,0.27067037,0.27067037,0.27067037,0.27067037
4319,AOI-0006,2025-10-28,0.46112876,0.46112876,0.46112876,0.46112876,0.46112876,0.46112876
4320,AOI-0007,2025-04-01,0.24960997,0.29327751,0.24960997,0.29327751,0.24960997,0.29327751
4337,AOI-0007,2025-04-18,0.35859857,0.36314239,0.35859857,0.36314239,0.35859857,0.36314239
4348,AOI-0007,2025-04-29,0.47272431,0.50629086,0.47272431,0.50629086,0.47272431,0.50629086
4350,AOI-0007,2025-05-01,0.55309761,0.46872573,0.55309761,0.46872573,0.55309761,0.46872573
4406,AOI-0007,2025-06-26,0.25061142,0.29139761,0.25061142,0.29139761,0.25061142,0.29139761
4438,AOI-0007,2025-07-28,0.17278257,0.16244049,0.17278257,0.16244049,0.17278257,0.16244049
4454,AOI-0007,2025-08-13,0.25475756,0.24157204,0.25475756,0.24157204,0.25475756,0.24157204
4455,AOI-0007,2025-08-14,0.12436017,0.13218128,0.12436017,0.13218128,0.12436017,0.13218128
4457,AOI-0007,2025-08-16,0.14570903,0.14061578,0.14570903,0.14061578,0.14570903,0.14061578
4483,AOI-0007,2025-09-11,0.09721504,0.11003340,0.09721504,0.11003340,0.09721504,0.11003340
4498,AOI-0007,2025-09-26,0.18010699,0.17061854,0.18010699,0.17061854,0.18010699,0.17061854
4537,AOI-0008,2025-04-17,0.74261437,0.76649425,0.74261437,0.76649425,0.74261437,0.76649425
4541,AOI-0008,2025-04-24,0.82151440,0.84124552,0.82151440,0.84124552,0.82151440,0.84124552
4549,AOI-0008,2025-05-19,0.85367339,0.86088318,0.85367339,0.86088318,0.85367339,0.86088318
4565,AOI-0008,2025-07-08,0.22431193,0.20596869,0.22431193,0.20596869,0.22431193,0.20596869
4570,AOI-0008,2025-07-15,0.15390535,0.15228911,0.15390535,0.15228911,0.15390535,0.15228911
4571,AOI-0008,2025-07-17,0.14295049,0.13824598,0.14295049,0.13824598,0.14295049,0.13824598
4582,AOI-0008,2025-08-13,0.27193657,0.25558853,0.27193657,0.25558853,0.27193657,0.25558853
4594,AOI-0008,2025-09-01,0.17815766,0.16751632,0.17815766,0.16751632,0.17815766,0.16751632
4606,AOI-0008,2025-09-30,0.27548015,0.35256059,0.27548015,0.35256059,0.27548015,0.35256059
4610,AOI-0008,2025-10-16,0.24324705,0.23162449,0.24324705,0.23162449,0.24324705,0.23162449
4612,AOI-0009,2025-04-01,0.49302901,0.49776005,0.49302901,0.49776005,0.49302901,0.49776005
4634,AOI-0009,2025-04-23,0.85294155,0.86342944,0.85294155,0.86342944,0.85294155,0.86342944
4645,AOI-0009,2025-05-04,0.81922312,0.81505045,0.81922312,0.81505045,0.81922312,0.81505045
4702,AOI-0009,2025-06-30,0.22274129,0.22185338,0.22274129,0.22185338,0.22274129,0.22185338
4707,AOI-0009,2025-07-05,0.20077636,0.22506438,0.20077636,0.22506438,0.20077636,0.22506438
4712,AOI-0009,2025-07-10,0.17083855,0.16534632,0.17083855,0.16534632,0.17083855,0.16534632
4727,AOI-0009,2025-07-25,0.18307102,0.17597954,0.18307102,0.17597954,0.18307102,0.17597954
4745,AOI-0009,2025-08-12,0.19440763,0.17941441,0.19440763,0.17941441,0.19440763,0.17941441
4750,AOI-0009,2025-08-17,0.17257320,0.16124253,0.17257320,0.16124253,0.17257320,0.16124253
4755,AOI-0009,2025-08-22,0.17732816,0.17029929,0.17732816,0.17029929,0.17732816,0.17029929
4757,AOI-0009,2025-08-24,0.14549931,0.14854133,0.14549931,0.14854133,0.14549931,0.14854133
4778,AOI-0009,2025-09-14,0.24076555,0.24037876,0.24076555,0.24037876,0.24076555,0.24037876
4780,AOI-0009,2025-09-16,0.17950200,0.17655309,0.17950200,0.17655309,0.17950200,0.17655309
4789,AOI-0009,2025-09-25,0.16432506,0.16151860,0.16432506,0.16151860,0.16432506,0.16151860
4797,AOI-0009,2025-10-03,0.18353106,0.17975391,0.18353106,0.17975391,0.18353106,0.17975391
4833,AOI-0010,2010-06-19,0.29399516,0.33848400,0.29399516,0.33848400,0.29399516,0.33848400
4840,AOI-0010,2010-08-06,0.23660002,0.24404752,0.23660002,0.24404752,0.23660002,0.24404752
4842,AOI-0010,2010-08-22,0.21001832,0.19795693,0.21001832,0.19795693,0.21001832,0.19795693
4859,AOI-0010,2011-06-14,0.66531093,0.66531093,0.66531093,0.66531093,0.66531093,0.66531093
4863,AOI-0010,2011-07-12,0.32672151,0.32672151,0.32672151,0.32672151,0.32672151,0.28206109
4867,AOI-0010,2011-08-09,0.26192142,0.26192142,0.26192142,0.26192142,0.26192142,0.26192142
4868,AOI-0010,2011-08-13,0.29485155,0.29485155,0.29485155,0.29485155,0.29485155,0.31636254
4872,AOI-0010,2011-09-10,0.17706799,0.17706799,0.17706799,0.17706799,0.17706799,0.17706799
4878,AOI-0010,2012-04-13,,,,,0.34652587,
4888,AOI-0010,2012-08-03,,,,,0.27191297,
4897,AOI-0010,2013-04-16,,,,,,0.72116887
4902,AOI-0010,2013-05-25,,,,,,0.69888981
4906,AOI-0010,2013-06-26,,,,,,0.20053787
4908,AOI-0010,2013-07-12,,,,,,
4927,AOI-0010,2014-05-29,0.78282285,0.78896476,0.78282285,0.78896476,0.78282285,0.78896476
4928,AOI-0010,2014-06-06,0.54560668,0.56488696,0.54560668,0.56488696,0.54560668,0.56488696
4929,AOI-0010,2014-06-10,0.54919265,0.55357196,0.54919265,0.55357196,0.54919265,0.52703841
4942,AOI-0010,2014-08-29,0.24968499,0.24208348,0.24968499,0.24208348,0.24968499,0.22973366
4947,AOI-0010,2014-09-30,0.27233415,0.26176245,0.27233415,0.26176245,0.27233415,0.25785433
4953,AOI-0010,2015-04-07,0.23855162,0.23855162,,,0.23855162,
4954,AOI-0010,2015-04-14,0.22553236,0.22553236,,,0.22553236,
4959,AOI-0010,2015-05-25,0.24942279,0.24942279,,,0.24942279,
4979,AOI-0010,2015-10-07,0.21538904,0.21538904,,,0.21538904,
4996,AOI-0010,2016-07-27,0.35568348,0.35568348,0.35568348,0.35568348,0.35568348,0.34759132
4998,AOI-0010,2016-08-12,0.31229245,0.29848075,0.31229245,0.29848075,0.31229245,0.31726754
5002,AOI-0010,2016-09-13,0.25378354,0.25378354,0.25378354,0.25378354,0.25378354,0.27056805
5009,AOI-0010,2017-04-03,0.40428604,0.34215985,0.40428604,0.34215985,0.40428604,0.34215985
5010,AOI-0010,2017-04-07,0.55588300,0.56297825,0.55588300,0.56297825,0.55588300,0.56297825
5034,AOI-0010,2017-08-01,0.14319821,0.13590262,0.14319821,0.13590262,0.14319821,0.13590262
5035,AOI-0010,2017-08-04,0.14858239,0.17067036,0.14858239,0.17067036,0.14858239,0.14664495
5039,AOI-0010,2017-08-13,0.23063955,0.23940840,0.23063955,0.23940840,0.23063955,0.23940840
5045,AOI-0010,2017-08-29,0.18735277,0.17014145,0.18735277,0.17014145,0.18735277,0.17014145
5072,AOI-0010,2018-05-16,0.79123744,0.78390864,0.79123744,0.78390864,0.79123744,0.78390864
5087,AOI-0010,2018-07-28,0.29895710,0.29806727,0.29895710,0.29806727,0.29895710,0.29806727
5090,AOI-0010,2018-08-28,0.17316561,0.17897012,0.17316561,0.17897012,0.17316561,0.17897012
5094,AOI-0010,2018-09-14,0.23892638,0.23518420,0.23892638,0.23518420,0.23892638,0.23518420
5104,AOI-0010,2019-04-06,0.50769426,0.50769426,0.50769426,0.50769426,0.50769426,0.50769426
5110,AOI-0010,2019-04-28,,,,,,
5117,AOI-0010,2019-05-19,,,,,,
5130,AOI-0010,2019-06-20,0.28837013,0.28837013,0.28837013,0.28837013,0.28837013,0.28837013
5133,AOI-0010,2019-06-26,0.30277828,0.30521525,0.30277828,0.30521525,0.30277828,0.30521525
5134,AOI-0010,2019-06-27,0.24715659,0.25946285,0.24715659,0.25946285,0.24715659,0.25946285
5142,AOI-0010,2019-07-20,0.17431350,0.17431350,0.17431350,0.17431350,0.17431350,0.17431350
5150,AOI-0010,2019-08-13,0.24698602,0.24698602,0.24698602,0.24698602,0.24698602,0.24698602
5153,AOI-0010,2019-08-19,0.17085444,0.17085444,0.17085444,0.17085444,0.17085444,0.17085444
5154,AOI-0010,2019-08-21,0.24144741,0.24144741,0.24144741,0.24144741,0.24144741,0.24144741
5169,AOI-0010,2019-09-23,0.18919134,0.18919134,0.18919134,0.18919134,0.18919134,0.18919134
5198,AOI-0010,2020-06-06,0.55988240,0.58882122,0.55988240,0.58882122,0.55988240,0.58882122
5199,AOI-0010,2020-06-09,0.61655547,0.62032392,0.61655547,0.62032392,0.61655547,0.62032392
5211,AOI-0010,2020-07-16,0.13174233,0.13742927,0.13174233,0.13742927,0.13174233,0.13742927
5212,AOI-0010,2020-07-19,0.11990389,0.12667812,0.11990389,0.12667812,0.11990389,0.12667812
5214,AOI-0010,2020-07-26,0.16593634,0.16719691,0.16593634,0.16719691,0.16593634,0.16719691
5217,AOI-0010,2020-07-31,0.16605350,0.16621667,0.16605350,0.16621667,0.16605350,0.16621667
5235,AOI-0010,2020-09-09,0.18249543,0.18432351,0.18249543,0.18432351,0.18249543,0.18432351
5238,AOI-0010,2020-09-13,0.23819127,0.23705970,0.23819127,0.23705970,0.23819127,0.23705970
5242,AOI-0010,2020-09-19,0.15189878,0.14915975,0.15189878,0.14915975,0.15189878,0.14915975
5246,AOI-0010,2020-09-27,0.17012877,0.15814951,0.17012877,0.15814951,0.17012877,0.15814951
5263,AOI-0010,2021-05-05,,,,,,
5265,AOI-0010,2021-05-09,,,,,,
5290,AOI-0010,2021-07-28,,,,,,
5294,AOI-0010,2021-08-05,,,,,,
5303,AOI-0010,2021-09-04,,,,,,
5308,AOI-0010,2021-09-17,,,,,,
5319,AOI-0010,2021-10-27,,,,,,
5335,AOI-0010,2022-06-06,0.74730928,0.74730928,0.74730928,0.74730928,0.74730928,0.74730928
5338,AOI-0010,2022-06-10,0.74569413,0.74309559,0.74569413,0.74309559,0.74569413,0.74309559
5339,AOI-0010,2022-06-11,0.71089469,0.71909257,0.71089469,0.71909257,0.71089469,0.71909257
5351,AOI-0010,2022-07-17,0.30824042,0.30824042,0.30824042,0.30824042,0.30824042,0.30824042
5353,AOI-0010,2022-07-28,0.37723788,0.36288327,0.37723788,0.36288327,0.37723788,0.36288327
5369,AOI-0010,2022-09-08,0.28798237,0.28265261,0.28798237,0.28265261,0.28798237,0.28265261
5382,AOI-0010,2023-04-02,0.51813587,0.47909541,0.51813587,0.47909541,0.51813587,0.47909541
5386,AOI-0010,2023-04-27,0.66184634,0.67606728,0.66184634,0.67606728,0.66184634,0.67606728
5395,AOI-0010,2023-06-08,0.70707187,0.68196844,0.70707187,0.68196844,0.70707187,0.68196844
5397,AOI-0010,2023-06-16,0.65301053,0.64348361,0.65301053,0.64348361,0.65301053,0.64348361
5423,AOI-0010,2023-08-23,0.26111708,0.25170939,0.26111708,0.25170939,0.26111708,0.25170939
5427,AOI-0010,2023-08-30,0.27192485,0.26779207,0.27192485,0.26779207,0.27192485,0.26779207
5433,AOI-0010,2023-09-19,0.26222366,0.26035267,0.26222366,0.26035267,0.26222366,0.26035267
5451,AOI-0010,2024-04-04,0.63151765,0.64057517,0.63151765,0.64057517,0.63151765,0.64057517
5456,AOI-0010,2024-04-26,0.62957947,0.62957947,0.62957947,0.62957947,0.62957947,0.62957947
5459,AOI-0010,2024-05-08,0.69956502,0.72889483,0.69956502,0.72889483,0.69956502,0.72889483
5461,AOI-0010,2024-05-21,0.67561616,0.67561616,0.67561616,0.67561616,0.67561616,0.67561616
5469,AOI-0010,2024-06-18,0.32995439,0.31458404,0.32995439,0.31458404,0.32995439,0.31458404
5470,AOI-0010,2024-06-20,0.28094435,0.28662516,0.28094435,0.28662516,0.28094435,0.28662516
5477,AOI-0010,2024-07-08,0.20831728,0.21513836,0.20831728,0.21513836,0.20831728,0.21513836
5481,AOI-0010,2024-07-15,0.19333441,0.18718965,0.19333441,0.18718965,0.19333441,0.18718965
5488,AOI-0010,2024-08-12,0.21877211,0.23162927,0.21877211,0.23162927,0.21877211,0.23162927
5497,AOI-0010,2024-09-06,0.21460362,0.20584544,0.21460362,0.20584544,0.21460362,0.20584544
5505,AOI-0010,2024-09-28,0.19429415,0.19369481,0.19429415,0.19369481,0.19429415,0.19369481
5507,AOI-0010,2024-10-01,0.19477283,0.19046933,0.19477283,0.19046933,0.19477283,0.19046933
5511,AOI-0010,2024-10-15,0.25223170,0.25138887,0.25223170,0.25138887,0.25223170,0.25138887
5512,AOI-0010,2024-10-23,0.21422389,0.22840030,0.21422389,0.22840030,0.21422389,0.22840030
5517,AOI-0010,2025-04-16,0.32693501,0.36081335,0.32693501,0.36081335,0.32693501,0.36081335
5519,AOI-0010,2025-04-18,0.38757533,0.43229513,0.38757533,0.43229513,0.38757533,0.43229513
5528,AOI-0010,2025-05-09,0.61216813,0.61130984,0.61216813,0.61130984,0.61216813,0.61130984
5537,AOI-0010,2025-06-05,0.49290634,0.50041324,0.49290634,0.50041324,0.49290634,0.50041324
5538,AOI-0010,2025-06-07,0.45201474,0.46456319,0.45201474,0.46456319,0.45201474,0.46456319
5543,AOI-0010,2025-06-28,0.15668788,0.18247275,0.15668788,0.18247275,0.15668788,0.18247275
5545,AOI-0010,2025-07-05,0.19133893,0.23121829,0.19133893,0.23121829,0.19133893,0.23121829
5546,AOI-0010,2025-07-06,0.27016907,0.26592228,0.27016907,0.26592228,0.27016907,0.26592228
5547,AOI-0010,2025-07-07,0.18692766,0.19207496,0.18692766,0.19207496,0.18692766,0.19207496
5556,AOI-0010,2025-07-25,0.16414820,0.16806619,0.16414820,0.16806619,0.16414820,0.16806619
5558,AOI-0010,2025-07-30,0.18331979,0.18282039,0.18331979,0.18282039,0.18331979,0.18282039
5566,AOI-0010,2025-08-16,0.17890158,0.18028147,0.17890158,0.18028147,0.17890158,0.18028147
5572,AOI-0010,2025-08-27,0.18203862,0.17635390,0.18203862,0.17635390,0.18203862,0.17635390
5580,AOI-0010,2025-09-16,0.23865139,0.22291931,0.23865139,0.22291931,0.23865139,0.22291931
5586,AOI-0010,2025-09-30,0.31534824,0.29961433,0.31534824,0.29961433,0.31534824,0.29961433
5589,AOI-0010,2025-10-05,0.10496036,0.12900451,0.10496036,0.12900451,0.10496036,0.12900451
5599,AOI-0011,2025-04-07,0.77526528,0.76490773,0.77526528,0.76490773,0.77526528,0.76490773
5609,AOI-0011,2025-04-17,0.76191415,0.76683904,0.76191415,0.76683904,0.76191415,0.76683904
5615,AOI-0011,2025-04-23,0.86533799,0.84651971,0.86533799,0.84651971,0.86533799,0.84651971
5620,AOI-0011,2025-04-28,0.87666840,0.87209807,0.87666840,0.87209807,0.87666840,0.87209807
5646,AOI-0011,2025-05-24,0.83590649,0.83272517,0.83590649,0.83272517,0.83590649,0.83272517
5656,AOI-0011,2025-06-03,0.54938951,0.61137688,0.54938951,0.61137688,0.54938951,0.61137688
5695,AOI-0011,2025-07-12,0.25680077,0.25776955,0.25680077,0.25776955,0.25680077,0.25776955
5720,AOI-0011,2025-08-06,0.20818564,0.20091862,0.20818564,0.20091862,0.20818564,0.20091862
5728,AOI-0011,2025-08-14,0.19076630,0.18994436,0.19076630,0.18994436,0.19076630,0.18994436
5733,AOI-0011,2025-08-19,0.18958590,0.19129598,0.18958590,0.19129598,0.18958590,0.19129598
5741,AOI-0011,2025-08-27,0.20422990,0.20021164,0.20422990,0.20021164,0.20422990,0.20021164
5775,AOI-0011,2025-09-30,0.28501602,0.27852650,0.28501602,0.27852650,0.28501602,0.27852650
5778,AOI-0011,2025-10-03,0.20711675,0.20273217,0.20711675,0.20273217,0.20711675,0.20273217
5780,AOI-0011,2025-10-05,0.09824045,0.09113744,0.09824045,0.09113744,0.09824045,0.09113744
5806,AOI-0012,2025-04-01,0.21469431,0.23554696,0.21469431,0.23554696,0.21469431,0.23554696
5815,AOI-0012,2025-04-28,0.51633805,0.47492917,0.51633805,0.47492917,0.51633805,0.47492917
5822,AOI-0012,2025-05-16,0.65395393,0.64524790,0.65395393,0.64524790,0.65395393,0.64524790
5827,AOI-0012,2025-06-03,0.62391125,0.59955692,0.62391125,0.59955692,0.62391125,0.59955692
5829,AOI-0012,2025-06-05,0.59457594,0.57607675,0.59457594,0.57607675,0.59457594,0.57607675
5833,AOI-0012,2025-06-15,0.29505523,0.31313646,0.29505523,0.31313646,0.29505523,0.31313646
5834,AOI-0012,2025-06-26,0.26158157,0.28134835,0.26158157,0.28134835,0.26158157,0.28134835
5840,AOI-0012,2025-07-10,0.18668963,0.18739373,0.18668963,0.18739373,0.18668963,0.18739373
5845,AOI-0012,2025-07-18,0.15692814,0.16352336,0.15692814,0.16352336,0.15692814,0.16352336
5849,AOI-0012,2025-07-30,0.17736954,0.18226076,0.17736954,0.18226076,0.17736954,0.18226076
5886,AOI-0013,2010-04-16,0.41939052,0.41939052,,,0.41939052,
5895,AOI-0013,2010-06-10,,,,,,
5897,AOI-0013,2010-06-19,0.43489377,0.43489377,,,0.43489377,
5916,AOI-0013,2010-10-24,0.21719004,0.21719004,,,0.21719004,
5920,AOI-0013,2011-04-18,,,,,,
5923,AOI-0013,2011-04-26,,,,,,
5962,AOI-0013,2012-05-08,0.49489344,0.49489344,,,0.50094050,0.55467258
5967,AOI-0013,2012-06-23,0.40507310,0.40507310,,,0.40507310,
5975,AOI-0013,2012-08-12,0.43343456,0.43343456,,,0.45925059,0.45696822
5988,AOI-0013,2013-04-16,0.33288431,0.33288431,,,0.33288431,
5990,AOI-0013,2013-04-24,,,,,,
5992,AOI-0013,2013-05-02,0.37163657,0.37163657,,,0.37163657,
5993,AOI-0013,2013-05-09,,,,,,
5997,AOI-0013,2013-06-11,,,,,,
6002,AOI-0013,2013-07-12,0.42301657,0.42301657,,,0.42301657,
6006,AOI-0013,2013-07-28,,,,,,
6034,AOI-0013,2014-05-29,0.52487890,0.54944227,,,0.52487890,
6037,AOI-0013,2014-06-10,0.45356935,0.47259025,0.45356935,0.45356935,0.45356935,0.44707689
6048,AOI-0013,2014-07-28,0.43480696,0.43838035,0.43480696,0.43480696,0.43480696,0.41983053
6050,AOI-0013,2014-08-01,0.37909457,0.38933344,0.37964244,0.37964244,0.37909457,0.37964244
6051,AOI-0013,2014-08-08,0.37538434,0.38346744,0.37538434,0.37538434,0.37538434,0.37538434
6053,AOI-0013,2014-08-13,0.39359995,0.39950975,0.39359995,0.39950975,0.39359995,0.39950975
6074,AOI-0013,2015-05-09,0.42395882,0.42395882,,,0.42395882,
6076,AOI-0013,2015-05-23,0.41826769,0.41826769,,,0.41826769,
6086,AOI-0013,2015-07-12,0.49635159,0.49635159,,,0.49635159,
6096,AOI-0013,2015-08-20,0.44739033,0.44739033,,,0.44739033,
6108,AOI-0013,2015-10-07,0.39319008,0.39319008,,,0.39319008,
6109,AOI-0013,2015-10-16,0.36697418,0.36697418,,,0.36338960,
6118,AOI-0013,2016-05-09,,,,,,
6119,AOI-0013,2016-05-10,,,,,,
6138,AOI-0013,2016-08-12,,,,,,
6140,AOI-0013,2016-08-21,,,,,,
6147,AOI-0013,2016-09-13,,,,,,
6152,AOI-0013,2016-10-09,,,,,,
6160,AOI-0013,2017-04-11,0.26940467,0.26940467,0.26940467,0.26940467,0.26940467,0.26940467
6165,AOI-0013,2017-04-28,0.36450778,0.36450778,0.34272846,0.34272846,0.36450778,0.34272846
6166,AOI-0013,2017-05-01,0.37759157,0.38391746,0.36143713,0.36143713,0.37759157,0.36143713
6171,AOI-0013,2017-05-21,0.53354887,0.53354887,0.53354887,0.53354887,0.53354887,0.53354887
6173,AOI-0013,2017-05-29,0.50203658,0.50203658,0.50460377,0.50460377,0.50203658,0.50460377
6180,AOI-0013,2017-06-30,0.61760117,0.61760117,0.62760148,0.62760148,0.61760117,0.62760148
6185,AOI-0013,2017-07-27,0.53647279,0.53647279,0.51940906,0.51940906,0.53647279,0.51940906
6191,AOI-0013,2017-08-08,0.45734299,0.45734299,0.42358479,0.42358479,0.45734299,0.42358479
6198,AOI-0013,2017-08-24,0.40326264,0.40326264,0.36813990,0.36813990,0.40326264,0.36813990
6206,AOI-0013,2017-09-13,0.41976625,0.41502110,0.43028166,0.43028166,0.41976625,0.43028166
6209,AOI-0013,2017-09-17,0.44663574,0.44663574,0.45049823,0.45049823,0.44663574,0.45049823
6214,AOI-0013,2017-09-30,0.34991864,0.34991864,0.32143345,0.32143345,0.34991864,0.32143345
6235,AOI-0013,2018-05-25,,,,,,
6239,AOI-0013,2018-06-08,,,,,,
6242,AOI-0013,2018-06-15,,,,,,
6249,AOI-0013,2018-07-12,,,,,,
6255,AOI-0013,2018-08-13,,,,,,
6258,AOI-0013,2018-08-27,,,,,,
6268,AOI-0013,2018-09-28,,,,,,
6271,AOI-0013,2018-10-06,,,,,,
6277,AOI-0013,2019-04-01,0.32842526,0.32842526,,,0.32842526,
6286,AOI-0013,2019-05-06,0.43444944,0.43444944,,,0.43444944,
6298,AOI-0013,2019-06-02,0.49757943,0.49757943,,,0.49757943,
6300,AOI-0013,2019-06-05,0.51377245,0.51377245,,,0.51377245,
6304,AOI-0013,2019-06-12,,,,,,
6309,AOI-0013,2019-06-25,0.50485434,0.50485434,,,0.50485434,
6320,AOI-0013,2019-07-17,,,,,,
6323,AOI-0013,2019-07-28,0.39329694,0.39329694,,,0.39329694,
6337,AOI-0013,2019-08-24,,,,,,
6341,AOI-0013,2019-08-31,,,,,,
6343,AOI-0013,2019-09-08,0.43695037,0.43695037,,,0.43695037,
6345,AOI-0013,2019-09-13,,,,,,
6352,AOI-0013,2019-10-02,0.50917292,0.50917292,,,0.50917292,
6354,AOI-0013,2019-10-10,0.54329746,0.54329746,,,0.54329746,
6357,AOI-0013,2019-10-17,0.48453925,0.48453925,,,0.48453925,
6370,AOI-0013,2020-04-22,0.37997052,0.37997052,,,0.37997052,
6377,AOI-0013,2020-05-12,0.34208213,0.34208213,,,0.34208213,
6389,AOI-0013,2020-06-24,0.46885315,0.46885315,,,0.46885315,
6391,AOI-0013,2020-06-26,0.56875652,0.56875652,,,0.56875652,
6412,AOI-0013,2020-08-12,0.43596960,0.43596960,,,0.43596960,
6414,AOI-0013,2020-08-15,0.45886527,0.45886527,,,0.45886527,
6415,AOI-0013,2020-08-16,0.43462267,0.43462267,,,0.43462267,
6417,AOI-0013,2020-08-20,0.43440131,0.43440131,,,0.43440131,
6448,AOI-0013,2020-10-27,0.29025398,0.29025398,,,0.29025398,
6454,AOI-0013,2021-04-23,0.45391176,0.45391176,,,0.45391176,
6470,AOI-0013,2021-06-10,0.60700775,0.60700775,,,0.60700775,
6471,AOI-0013,2021-06-11,,,,,,
6475,AOI-0013,2021-06-21,0.54924011,0.54924011,,,0.54924011,
6482,AOI-0013,2021-07-12,0.53233347,0.53233347,,,0.53233347,
6483,AOI-0013,2021-07-14,,,,,,
6500,AOI-0013,2021-08-20,0.48009592,0.48009592,,,0.48009592,
6520,AOI-0013,2021-10-14,0.53041109,0.53041109,,,0.53041109,
6521,AOI-0013,2021-10-16,0.36210299,0.36210299,,,0.36210299,
6525,AOI-0013,2022-04-02,,,,,,
6528,AOI-0013,2022-04-17,,,,,,
6530,AOI-0013,2022-04-24,,,,,,
6531,AOI-0013,2022-04-25,,,,,,
6545,AOI-0013,2022-06-10,,,,,,
6548,AOI-0013,2022-06-16,,,,,,
6552,AOI-0013,2022-06-26,,,,,,
6557,AOI-0013,2022-07-05,,,,,,
6562,AOI-0013,2022-07-17,,,,,,
6564,AOI-0013,2022-07-22,,,,,,
6575,AOI-0013,2022-08-14,,,,,,
6589,AOI-0013,2022-09-14,,,,,,
6596,AOI-0013,2022-10-07,,,,,,
6598,AOI-0013,2022-10-14,,,,,,
6606,AOI-0013,2023-04-10,,,,,,
6624,AOI-0013,2023-06-21,0.51880838,0.54532463,,,0.51880838,
6629,AOI-0013,2023-06-29,0.55943990,0.55943990,,,0.55943990,
6632,AOI-0013,2023-07-06,0.52787279,0.54956694,,,0.52787279,
6634,AOI-0013,2023-07-12,0.55321563,0.53710482,,,0.55321563,
6638,AOI-0013,2023-07-24,,,,,,
6645,AOI-0013,2023-08-05,0.51247023,0.50063757,,,0.51247023,
6653,AOI-0013,2023-08-20,0.48142681,0.48014090,,,0.48142681,
6654,AOI-0013,2023-08-23,0.49412225,0.49412225,,,0.49412225,
6656,AOI-0013,2023-08-26,0.49239266,0.49239266,,,0.49239266,
6663,AOI-0013,2023-09-11,0.47494447,0.47494447,,,0.47494447,
6665,AOI-0013,2023-09-14,0.44296091,0.45301022,,,0.44296091,
6670,AOI-0013,2023-09-24,0.46478453,0.46478453,,,0.46478453,
6677,AOI-0013,2023-10-05,0.40879746,0.40879746,,,0.40879746,
6681,AOI-0013,2023-10-14,0.41531019,0.42623852,,,0.41531019,
6683,AOI-0013,2023-10-17,,,,,,
6684,AOI-0013,2023-10-19,0.41475934,0.41475934,,,0.41475934,
6697,AOI-0013,2024-04-26,,,,,,
6698,AOI-0013,2024-05-04,,,,,,
6704,AOI-0013,2024-05-23,,,,,,
6705,AOI-0013,2024-05-24,,,,,,
6719,AOI-0013,2024-06-30,,,,,,
6720,AOI-0013,2024-07-02,,,,,,
6725,AOI-0013,2024-07-11,,,,,,
6731,AOI-0013,2024-07-26,,,,,,
6732,AOI-0013,2024-07-27,,,,,,
6736,AOI-0013,2024-08-09,,,,,,
6737,AOI-0013,2024-08-11,,,,,,
6749,AOI-0013,2024-09-03,,,,,,
6750,AOI-0013,2024-09-06,,,,,,
6760,AOI-0013,2024-09-26,,,,,,
6767,AOI-0013,2024-10-08,,,,,,
6773,AOI-0013,2025-04-01,,,,,,
6781,AOI-0013,2025-04-28,,,,,,
6786,AOI-0013,2025-05-16,,,,,,
6787,AOI-0013,2025-05-19,,,,,,
6788,AOI-0013,2025-05-24,,,,,,
6805,AOI-0013,2025-07-07,,,,,,
6806,AOI-0013,2025-07-08,,,,,,
6810,AOI-0013,2025-07-14,,,,,,
6814,AOI-0013,2025-07-21,,,,,,
6817,AOI-0013,2025-07-27,,,,,,
6828,AOI-0013,2025-08-15,,,,,,
6839,AOI-0013,2025-09-03,,,,,,
6841,AOI-0013,2025-09-07,,,,,,
6865,AOI-0014,2010-04-07,0.59777825,0.54688828,0.59777825,0.54688828,0.59777825,0.54688828
6882,AOI-0014,2010-04-24,0.81351003,0.81351003,0.81351003,0.81351003,0.81351003,0.81351003
6929,AOI-0014,2010-06-10,0.62572413,0.65439579,0.62572413,0.65439579,0.61333022,0.63038433
7034,AOI-0014,2010-09-23,0.22351173,0.22351173,0.22351173,0.22351173,0.22351173,0.22351173
7090,AOI-0014,2011-04-19,0.15803660,0.15803660,0.15803660,0.15803660,0.15803660,0.15803660
7097,AOI-0014,2011-04-26,0.16794635,0.16878676,0.16794635,0.16878676,0.16794635,0.16878676
7110,AOI-0014,2011-05-09,0.40070350,0.41944377,0.40070350,0.41944377,0.40070350,0.41944377
7129,AOI-0014,2011-05-28,0.33030713,0.33040166,0.33030713,0.33040166,0.33030713,0.33040166
7146,AOI-0014,2011-06-14,0.58491806,0.58491806,0.58491806,0.58491806,0.58491806,0.58491806
7194,AOI-0014,2011-08-01,,,,,,
7238,AOI-0014,2011-09-14,0.33800103,0.35894156,0.33800103,0.35894156,0.33800103,0.35894156
7241,AOI-0014,2011-09-17,0.30316162,0.30316162,0.30316162,0.30316162,0.30316162,0.30316162
7281,AOI-0014,2011-10-27,0.40264772,0.37769768,0.40264772,0.37769768,0.40264772,0.37769768
7320,AOI-0014,2012-05-06,0.71502641,0.71502641,0.71502641,0.71502641,0.72535011,0.55845094
7370,AOI-0014,2012-06-25,0.36269405,0.36269405,0.36269405,0.36269405,0.40776841,0.42363761
7434,AOI-0014,2012-08-28,0.28150503,0.28150503,0.28150503,0.28150503,0.29958603,0.35464701
7441,AOI-0014,2012-09-04,,,,,,0.29663715
7448,AOI-0014,2012-09-11,,,,,0.25455865,0.25455865
7464,AOI-0014,2012-09-27,,,,,0.18984091,0.18984091
7536,AOI-0014,2013-05-09,0.42019982,0.42019982,0.42019982,0.42019982,0.42019982,0.42019982
7569,AOI-0014,2013-06-11,0.48697566,0.48697566,0.48697566,0.48697566,0.48697566,0.48697566
7577,AOI-0014,2013-06-19,,,,,,
7616,AOI-0014,2013-07-28,,,,,,
7664,AOI-0014,2013-09-14,,,,,,
7673,AOI-0014,2013-09-23,0.15103879,0.15103879,0.15103879,0.15103879,0.15103879,0.15103879
7797,AOI-0014,2014-06-26,0.45952205,0.42728889,0.45952205,0.42728889,0.45952205,0.42728889
7800,AOI-0014,2014-06-29,,,,,,
7849,AOI-0014,2014-08-17,0.25384540,0.26091519,0.25384540,0.26091519,0.25384540,0.26091519
7893,AOI-0014,2014-09-30,0.29594603,0.30984739,0.29594603,0.30984739,0.29594603,0.30545803
7920,AOI-0014,2014-10-27,,,,,,
7937,AOI-0014,2015-04-14,0.49860182,0.49860182,0.49860182,0.49860182,0.49860182,0.49860182
8000,AOI-0014,2015-06-16,,,,,,
8010,AOI-0014,2015-06-26,0.51219953,0.51219953,0.51219953,0.51219953,0.51219953,0.54623782
8026,AOI-0014,2015-07-12,0.36174465,0.37358285,0.36174465,0.37358285,0.36174465,0.36592040
8041,AOI-0014,2015-07-27,0.24118584,0.24118584,0.24118584,0.24118584,0.24118584,0.24118584
8073,AOI-0014,2015-08-28,0.20610613,0.20610613,0.20610613,0.20610613,0.20610613,0.20610613
8158,AOI-0014,2016-04-22,,,,,,
8175,AOI-0014,2016-05-09,,,,,,
8200,AOI-0014,2016-06-03,,,,,,
8216,AOI-0014,2016-06-19,,,,,,
8271,AOI-0014,2016-08-13,,,,,,
8288,AOI-0014,2016-08-30,,,,,,
8375,AOI-0014,2017-04-26,0.78415929,0.79037680,0.78415929,0.79037680,0.78415929,0.79037680
8377,AOI-0014,2017-04-28,0.70509411,0.70509411,0.70509411,0.70509411,0.70509411,0.70509411
8400,AOI-0014,2017-05-21,0.93572021,0.93572021,0.93572021,0.93572021,0.93572021,0.93572021
8408,AOI-0014,2017-05-29,0.85526729,0.86132212,0.85526729,0.86132212,0.85526729,0.86132212
8463,AOI-0014,2017-07-23,0.24633537,0.24633537,0.24633537,0.24633537,0.24633537,0.24633537
8471,AOI-0014,2017-07-31,0.29271174,0.29271174,0.29271174,0.29271174,0.29271174,0.29271174
8477,AOI-0014,2017-08-06,0.13701491,0.13701491,0.13701491,0.13701491,0.13701491,0.13701491
8492,AOI-0014,2017-08-21,0.16128355,0.16128355,0.16128355,0.16128355,0.16128355,0.16128355
8512,AOI-0014,2017-09-10,0.19747771,0.19747771,0.19747771,0.19747771,0.19747771,0.19747771
8532,AOI-0014,2017-09-30,0.26937710,0.26923894,0.26937710,0.26923894,0.26937710,0.26923894
8540,AOI-0014,2017-10-08,0.14760595,0.13844667,0.14760595,0.13844667,0.14760595,0.13844667
8569,AOI-0014,2018-04-07,0.59500741,0.53973604,0.59500741,0.53973604,0.59500741,0.53973604
8595,AOI-0014,2018-05-03,0.77911124,0.76318417,0.77911124,0.76318417,0.77911124,0.76318417
8647,AOI-0014,2018-06-24,0.23096725,0.23096725,0.23096725,0.23096725,0.23096725,0.23096725
8671,AOI-0014,2018-07-18,0.16521025,0.16521025,0.16521025,0.16521025,0.16521025,0.16521025
8711,AOI-0014,2018-08-27,0.18159142,0.17992998,0.18159142,0.17992998,0.18159142,0.17992998
8751,AOI-0014,2018-10-06,0.22979655,0.22823426,0.22979655,0.22823426,0.22979655,0.22823426
8776,AOI-0014,2019-04-01,,,,,,
8796,AOI-0014,2019-04-21,,,,,,
8806,AOI-0014,2019-05-01,,,,,,
8814,AOI-0014,2019-05-09,,,,,,
8832,AOI-0014,2019-05-27,,,,,,
8833,AOI-0014,2019-05-28,,,,,,
8840,AOI-0014,2019-06-04,,,,,,
8847,AOI-0014,2019-06-11,,,,,,
8851,AOI-0014,2019-06-15,,,,,,
8858,AOI-0014,2019-06-22,,,,,,
8872,AOI-0014,2019-07-06,,,,,,
8911,AOI-0014,2019-08-14,,,,,,
8923,AOI-0014,2019-08-26,,,,,,
8994,AOI-0014,2020-04-06,0.67020045,0.69608607,0.67020045,0.69608607,0.67020045,0.69608607
8995,AOI-0014,2020-04-07,0.71715225,0.71148320,0.71715225,0.71148320,0.71715225,0.71148320
9005,AOI-0014,2020-04-17,0.65913963,0.65305896,0.65913963,0.65305896,0.65913963,0.65305896
9010,AOI-0014,2020-04-22,0.64155677,0.67589590,0.64155677,0.67589590,0.64155677,0.67589590
9013,AOI-0014,2020-04-25,0.72900874,0.69226838,0.72900874,0.69226838,0.72900874,0.69226838
9033,AOI-0014,2020-05-15,0.67281579,0.62185222,0.67281579,0.62185222,0.67281579,0.62185222
9035,AOI-0014,2020-05-17,0.69937543,0.67921782,0.69937543,0.67921782,0.69937543,0.67921782
9053,AOI-0014,2020-06-04,0.47817066,0.47817066,0.47817066,0.47817066,0.47817066,0.47817066
9074,AOI-0014,2020-06-25,0.32452877,0.31163168,0.32452877,0.31163168,0.32452877,0.31163168
9090,AOI-0014,2020-07-11,0.15058814,0.14774023,0.15058814,0.14774023,0.15058814,0.14774023
9106,AOI-0014,2020-07-27,0.23854319,0.24896022,0.23854319,0.24896022,0.23854319,0.24896022
9126,AOI-0014,2020-08-16,0.17007608,0.17007608,0.17007608,0.17007608,0.17007608,0.17007608
9150,AOI-0014,2020-09-09,0.17424301,0.18933293,0.17424301,0.18933293,0.17424301,0.18933293
9165,AOI-0014,2020-09-24,0.14556714,0.13919687,0.14556714,0.13919687,0.14556714,0.13919687
9208,AOI-0014,2021-04-07,0.26446270,0.26446270,0.26446270,0.26446270,0.26446270,0.26446270
9230,AOI-0014,2021-04-29,0.75683471,0.75683471,0.75683471,0.75683471,0.75683471,0.75683471
9256,AOI-0014,2021-05-25,0.50256966,0.50256966,0.50256966,0.50256966,0.50256966,0.50256966
9336,AOI-0014,2021-08-13,0.36119829,0.36119829,0.36119829,0.36119829,0.36119829,0.36119829
9341,AOI-0014,2021-08-18,0.29444399,0.29444399,0.29444399,0.29444399,0.29444399,0.29444399
9368,AOI-0014,2021-09-14,0.29770834,0.29770834,0.29770834,0.29770834,0.29770834,0.29770834
9396,AOI-0014,2021-10-12,0.14682860,0.14682860,0.14682860,0.14682860,0.14682860,0.14682860
9398,AOI-0014,2021-10-14,0.16866098,0.16866098,0.16866098,0.16866098,0.16866098,0.16866098
9459,AOI-0014,2022-05-15,0.20565803,0.20565803,0.20565803,0.20565803,0.20565803,0.20565803
9470,AOI-0014,2022-05-26,,,,,,
9471,AOI-0014,2022-05-27,,,,,,
9499,AOI-0014,2022-06-24,,,,,,
9519,AOI-0014,2022-07-14,0.70376771,0.70376771,0.70376771,0.70376771,0.70376771,0.70376771
9529,AOI-0014,2022-07-24,0.65995743,0.65995743,0.65995743,0.65995743,0.65995743,0.65995743
9558,AOI-0014,2022-08-22,,,,,,
9565,AOI-0014,2022-08-29,0.32434164,0.32434164,0.32434164,0.32434164,0.32434164,0.32434164
9569,AOI-0014,2022-09-02,0.26376966,0.26376966,0.26376966,0.26376966,0.26376966,0.26376966
9575,AOI-0014,2022-09-08,0.27635047,0.27635047,0.27635047,0.27635047,0.27635047,0.27635047
9581,AOI-0014,2022-09-14,0.15631337,0.15631337,0.15631337,0.15631337,0.15631337,0.15631337
9695,AOI-0014,2023-06-07,0.85535456,0.85535456,0.85535456,0.85535456,0.85535456,0.85535456
9759,AOI-0014,2023-08-10,0.29036743,0.29036743,0.29036743,0.29036743,0.29036743,0.29036743
9844,AOI-0014,2024-04-04,0.76607757,0.77026967,0.76607757,0.77026967,0.76607757,0.77026967
9878,AOI-0014,2024-05-08,0.83602262,0.84338322,0.83602262,0.84338322,0.83602262,0.84338322
9879,AOI-0014,2024-05-09,0.84880808,0.85467543,0.84880808,0.85467543,0.84880808,0.85467543
9891,AOI-0014,2024-05-21,0.81122640,0.81122640,0.81122640,0.81122640,0.81122640,0.81122640
9893,AOI-0014,2024-05-23,0.77223479,0.77223479,0.77223479,0.77223479,0.77223479,0.77223479
9909,AOI-0014,2024-06-08,0.51362258,0.46015048,0.51362258,0.46015048,0.51362258,0.46015048
9956,AOI-0014,2024-07-25,0.14355488,0.14093773,0.14355488,0.14093773,0.14355488,0.14093773
9973,AOI-0014,2024-08-11,0.20812863,0.21017046,0.20812863,0.21017046,0.20812863,0.21017046
9994,AOI-0014,2024-09-01,0.11886248,0.11941435,0.11886248,0.11941435,0.11886248,0.11941435
10001,AOI-0014,2024-09-08,0.16985857,0.16716144,0.16985857,0.16716144,0.16985857,0.16716144
10004,AOI-0014,2024-09-11,0.14125719,0.13150342,0.14125719,0.13150342,0.14125719,0.13150342
10011,AOI-0014,2024-09-18,0.16234746,0.16592938,0.16234746,0.16592938,0.16234746,0.16592938
10022,AOI-0014,2024-09-29,0.18692771,0.19434170,0.18692771,0.19434170,0.18692771,0.19434170
10030,AOI-0014,2024-10-07,0.20191626,0.20555362,0.20191626,0.20555362,0.20191626,0.20555362
10053,AOI-0014,2024-10-30,0.19237561,0.19237561,0.19237561,0.19237561,0.19237561,0.19237561
10076,AOI-0014,2025-04-23,0.40425711,0.39073968,,,0.40425711,
10084,AOI-0014,2025-05-01,0.31735497,0.29649762,,,0.31735497,
10110,AOI-0014,2025-05-27,0.46553895,0.42315452,,,0.46553895,
10127,AOI-0014,2025-06-13,0.49988641,0.50740219,,,0.49988641,
10187,AOI-0014,2025-08-12,0.28756147,0.27971961,,,0.28756147,
10190,AOI-0014,2025-08-15,0.28552277,0.28000365,,,0.28552277,
10199,AOI-0014,2025-08-24,0.19026448,0.20394084,,,0.19026448,
10217,AOI-0014,2025-09-11,0.14559138,0.16766441,,,0.14559138,
10220,AOI-0014,2025-09-14,0.27048394,0.26956393,,,0.27048394,
10229,AOI-0014,2025-09-23,0.20504210,0.20674280,,,0.20504210,
10230,AOI-0014,2025-09-24,0.25260294,0.24823418,,,0.25260294,
10300,AOI-0015,2025-05-04,0.37031765,0.36672360,0.37031765,0.36672360,0.37031765,0.36672360
10323,AOI-0015,2025-05-27,0.55256101,0.48993215,0.55256101,0.48993215,0.55256101,0.48993215
10334,AOI-0015,2025-06-07,0.44894898,0.46054245,0.44894898,0.46054245,0.44894898,0.46054245
10360,AOI-0015,2025-07-03,0.18423695,0.18240100,0.18423695,0.18240100,0.18423695,0.18240100
10362,AOI-0015,2025-07-05,0.35197574,0.32491024,0.35197574,0.32491024,0.35197574,0.32491024
10365,AOI-0015,2025-07-08,0.32082216,0.30067525,0.32082216,0.30067525,0.32082216,0.30067525
10370,AOI-0015,2025-07-13,0.27560894,0.25934092,0.27560894,0.25934092,0.27560894,0.25934092
10372,AOI-0015,2025-07-15,0.27928537,0.26022393,0.27928537,0.26022393,0.27928537,0.26022393
10375,AOI-0015,2025-07-18,0.25351212,0.24676814,0.25351212,0.24676814,0.25351212,0.24676814
10378,AOI-0015,2025-07-21,0.36275393,0.35144276,0.36275393,0.35144276,0.36275393,0.35144276
10380,AOI-0015,2025-07-23,0.30383023,0.27619626,0.30383023,0.27619626,0.30383023,0.27619626
10426,AOI-0015,2025-09-07,0.24081192,0.23605731,0.24081192,0.23605731,0.24081192,0.23605731
10462,AOI-0015,2025-10-13,0.23283998,0.19388624,0.23283998,0.19388624,0.23283998,0.19388624
10465,AOI-0015,2025-10-16,0.19258686,0.25304450,0.19258686,0.25304450,0.19258686,0.25304450
10467,AOI-0015,2025-10-18,0.19760603,0.23393557,0.19760603,0.23393557,0.19760603,0.23393557
10485,AOI-0016,2025-04-19,0.30601198,0.32033465,0.30105132,0.28288217,0.30601198,0.28288217
10497,AOI-0016,2025-05-25,0.43142353,0.49092218,0.43142353,0.48979853,0.43142353,0.48979853
10505,AOI-0016,2025-06-11,0.55084258,0.54261091,0.49422587,0.49422587,0.55084258,0.49422587
10506,AOI-0016,2025-06-26,0.70435048,0.71655341,0.70435048,0.71605402,0.70435048,0.71605402
10514,AOI-0016,2025-07-10,0.74162816,0.67298806,0.74162816,0.72455794,0.74162816,0.72455794
10519,AOI-0016,2025-07-17,0.61054196,0.61054196,0.61054196,0.61054196,0.61054196,0.61054196
10520,AOI-0016,2025-07-18,0.66059564,0.59084304,0.66059564,0.61685395,0.66059564,0.61685395
10538,AOI-0016,2025-08-19,0.35425968,0.33359758,0.35425968,0.34116244,0.35425968,0.34116244
10542,AOI-0016,2025-08-29,0.29056932,0.28677439,0.29056932,0.29114022,0.29056932,0.29114022
10564,AOI-0016,2025-10-17,0.31101686,0.31101686,,,0.31101686,
10577,AOI-0017,2010-06-10,0.58594118,0.58594118,,,0.58594118,
10584,AOI-0017,2010-07-29,0.54475567,0.54475567,,,0.54475567,
10593,AOI-0017,2010-09-23,,,,,,
10600,AOI-0017,2011-04-18,,,,,,
10627,AOI-0017,2011-09-17,,,,,,
10630,AOI-0017,2011-09-26,,,,,,
10631,AOI-0017,2011-09-30,,,,,,
10632,AOI-0017,2011-10-11,,,,,,
10634,AOI-0017,2011-10-27,,,,,,
10649,AOI-0017,2012-07-18,,,,,0.63890317,
10651,AOI-0017,2012-07-27,,,,,0.56393266,
10655,AOI-0017,2012-08-28,,,,,,
10661,AOI-0017,2012-09-29,,,,,0.47963902,
10673,AOI-0017,2013-05-25,,,,,0.69964748,0.64010920
10680,AOI-0017,2013-07-12,,,,,0.50798153,0.44055541
10687,AOI-0017,2013-08-14,,,,,0.50300723,
10691,AOI-0017,2013-09-14,,,,,0.54096341,0.49902744
10694,AOI-0017,2013-09-30,,,,,0.59637000,0.47675482
10696,AOI-0017,2013-10-09,,,,,,
10699,AOI-0017,2013-10-25,,,,,0.45760456,
10703,AOI-0017,2014-04-23,0.70541862,0.70421374,0.70541862,0.70421374,0.70541862,0.68040978
10712,AOI-0017,2014-06-06,0.64095499,0.55541943,0.64095499,0.64095499,0.64095499,0.64095499
10723,AOI-0017,2014-07-24,0.40930873,0.42546368,0.40930873,0.40930873,0.40930873,0.40930873
10738,AOI-0017,2014-10-04,0.41490201,0.44049845,0.41490201,0.41490201,0.41490201,0.41490201
10745,AOI-0017,2015-04-23,0.46289369,0.50751377,,,0.47127468,0.34279802
10746,AOI-0017,2015-04-30,0.42321597,0.42321597,,,0.42321597,
10759,AOI-0017,2015-07-11,0.61182030,0.61182030,,,0.61182030,
10763,AOI-0017,2015-07-27,0.57369970,0.57369970,,,0.57369970,
10765,AOI-0017,2015-08-03,0.55684708,0.53255040,,,0.53970678,
10773,AOI-0017,2015-08-29,0.45333863,0.46250943,,,0.47828242,0.38501367
10783,AOI-0017,2015-10-16,0.41774257,0.41200706,,,0.43258623,0.34935427
10785,AOI-0017,2016-04-06,0.57102789,0.57226627,,,0.58216269,0.46899900
10786,AOI-0017,2016-04-07,0.51466409,0.51466409,,,0.51466409,
10799,AOI-0017,2016-06-18,0.56013269,0.56013269,,,0.56013269,
10805,AOI-0017,2016-07-05,0.49031033,0.49031033,,,0.48971898,
10809,AOI-0017,2016-07-27,,,,,0.53570599,0.47489086
10814,AOI-0017,2016-08-21,,,,,,
10822,AOI-0017,2016-09-15,0.44680786,0.44680786,,,0.44540525,
10825,AOI-0017,2016-10-15,0.57991728,0.55652160,,,0.58817823,0.51151663
10826,AOI-0017,2016-10-17,0.55870025,0.53429021,,,0.55870025,
10847,AOI-0017,2017-06-06,0.62498756,0.60671290,0.62498756,0.62498756,0.62498756,0.62498756
10862,AOI-0017,2017-07-31,0.64287249,0.64287249,0.64287249,0.64287249,0.64287249,0.64287249
10863,AOI-0017,2017-08-01,0.64495758,0.66209837,0.64495758,0.64495758,0.64495758,0.64495758
10878,AOI-0017,2017-09-02,,,,,,
10897,AOI-0017,2018-04-05,,,,,,
10907,AOI-0017,2018-05-09,,,,,,
10910,AOI-0017,2018-05-23,,,,,,
10920,AOI-0017,2018-06-20,,,,,,
10925,AOI-0017,2018-07-11,,,,,,
10926,AOI-0017,2018-07-12,,,,,,
10959,AOI-0017,2019-04-25,0.50823857,0.50823857,,,0.50823857,
10961,AOI-0017,2019-04-28,0.53674477,0.53674477,,,0.53674477,
10967,AOI-0017,2019-05-13,0.48984079,0.48984079,,,0.48984079,
10969,AOI-0017,2019-05-18,0.51411507,0.51411507,,,0.51411507,
10973,AOI-0017,2019-05-28,0.56972147,0.56972147,,,0.56972147,
10976,AOI-0017,2019-06-04,0.57517051,0.57517051,,,0.57517051,
10981,AOI-0017,2019-06-12,,,,,,
10983,AOI-0017,2019-06-17,0.50378248,0.50378248,,,0.50378248,
10997,AOI-0017,2019-07-17,,,,,,
11004,AOI-0017,2019-08-06,0.69510061,0.69510061,,,0.69510061,
11007,AOI-0017,2019-08-11,0.70787879,0.70787879,,,0.70787879,
11015,AOI-0017,2019-08-24,,,,,,
11017,AOI-0017,2019-08-29,0.67703657,0.67703657,,,0.67703657,
11019,AOI-0017,2019-08-31,,,,,,
11023,AOI-0017,2019-09-13,,,,,,
11049,AOI-0017,2020-04-25,0.45043717,0.45043717,,,0.45043717,
11050,AOI-0017,2020-04-30,0.47440046,0.47440046,,,0.47440046,
11052,AOI-0017,2020-05-08,0.58624800,0.58624800,,,0.58624800,
11064,AOI-0017,2020-06-06,,,,,,
11068,AOI-0017,2020-06-26,,,,,,
11081,AOI-0017,2020-07-26,,,,,,
11092,AOI-0017,2020-08-18,0.42854762,0.42854762,,,0.42854762,
11100,AOI-0017,2020-09-02,0.42166291,0.42166291,,,0.42166291,
11101,AOI-0017,2020-09-04,,,,,,
11103,AOI-0017,2020-09-09,0.44957461,0.44957461,,,0.44957461,
11104,AOI-0017,2020-09-10,,,,,,
11110,AOI-0017,2020-09-19,,,,,,
11119,AOI-0017,2020-10-12,0.39624419,0.39624419,,,0.39624419,
11126,AOI-0017,2021-04-07,0.38869185,0.38869185,,,0.38869185,
11139,AOI-0017,2021-05-20,0.56517513,0.56517513,,,0.56517513,
11152,AOI-0017,2021-07-02,0.57300983,0.57300983,,,0.57300983,
11177,AOI-0017,2021-08-29,0.48165362,0.48165362,,,0.48165362,
11179,AOI-0017,2021-09-04,0.52777020,0.52777020,,,0.52777020,
11187,AOI-0017,2021-09-27,0.62616349,0.62616349,,,0.62616349,
11192,AOI-0017,2021-10-06,0.47838076,0.47838076,,,0.47838076,
11197,AOI-0017,2021-10-27,0.52911098,0.52911098,,,0.52911098,
11201,AOI-0017,2022-04-17,0.55821368,0.55821368,,,0.55821368,
11202,AOI-0017,2022-04-23,0.59523075,0.59523075,,,0.59523075,
11210,AOI-0017,2022-05-26,,,,,,
11211,AOI-0017,2022-05-27,,,,,,
11213,AOI-0017,2022-06-03,,,,,,
11219,AOI-0017,2022-06-11,,,,,,
11226,AOI-0017,2022-06-30,0.48928293,0.48928293,,,0.48928293,
11232,AOI-0017,2022-07-12,0.46844539,0.46844539,,,0.46844539,
11235,AOI-0017,2022-07-19,0.46001237,0.46001237,,,0.46001237,
11236,AOI-0017,2022-07-24,,,,,,
11243,AOI-0017,2022-08-07,0.49319753,0.49319753,,,0.49319753,
11247,AOI-0017,2022-08-14,,,,,,
11248,AOI-0017,2022-08-15,0.47749389,0.47749389,,,0.47749389,
11250,AOI-0017,2022-08-23,0.49484834,0.49484834,,,0.49484834,
11254,AOI-0017,2022-08-30,0.47783219,0.47783219,,,0.47783219,
11261,AOI-0017,2022-09-17,,,,,,
11272,AOI-0017,2022-10-19,0.46780114,0.46780114,,,0.46780114,
11274,AOI-0017,2023-04-02,0.49197468,0.48083272,,,0.49197468,
11281,AOI-0017,2023-05-06,0.48895840,0.48895840,,,0.48895840,
11292,AOI-0017,2023-06-11,0.60653427,0.61789173,,,0.60653427,
11293,AOI-0017,2023-06-19,0.59399633,0.59399633,,,0.59399633,
11295,AOI-0017,2023-06-22,0.59021886,0.59021886,,,0.59021886,
11307,AOI-0017,2023-07-24,,,,,,
11337,AOI-0017,2023-09-19,0.49841689,0.48004375,,,0.49841689,
11349,AOI-0017,2023-10-12,0.48579984,0.48579984,,,0.48579984,
11351,AOI-0017,2023-10-16,0.39829754,0.41159897,,,0.39829754,
11353,AOI-0017,2023-10-21,0.41349701,0.40973432,,,0.41349701,
11355,AOI-0017,2024-04-04,0.44105210,0.42899131,,,0.44105210,
11373,AOI-0017,2024-06-05,0.32100487,0.32100487,0.25126610,0.25126610,0.32100487,0.25126610
11377,AOI-0017,2024-06-13,0.29820156,0.30680988,,,0.29820156,
11384,AOI-0017,2024-06-28,0.26029233,0.26830166,,,0.26029233,
11394,AOI-0017,2024-07-19,0.26502511,0.25963651,0.28696090,0.28696090,0.26502511,0.28696090
11408,AOI-0017,2024-08-22,0.23276136,0.22994854,,,0.23276136,
11413,AOI-0017,2024-09-01,0.22748222,0.22603259,,,0.22748222,
11422,AOI-0017,2024-09-21,0.23787378,0.25133740,0.28880706,0.28880706,0.23787378,0.28880706
11425,AOI-0017,2024-09-29,0.24349061,0.24509455,,,0.24349061,
11430,AOI-0017,2024-10-08,0.22830690,0.22680000,,,0.22830690,
11433,AOI-0017,2024-10-22,0.27602057,0.27602057,,,0.27602057,
11445,AOI-0017,2025-05-04,0.88395450,0.87515783,0.88395450,0.87515783,0.88395450,0.87515783
11452,AOI-0017,2025-05-27,0.82010366,0.82600049,0.82010366,0.82600049,0.82010366,0.82600049
11456,AOI-0017,2025-06-07,0.59891713,0.64974918,0.59891713,0.64974918,0.59891713,0.64974918
11464,AOI-0017,2025-06-28,0.30229150,0.30152761,0.30229150,0.30152761,0.30229150,0.30152761
11469,AOI-0017,2025-07-07,0.24366951,0.23714377,0.24366951,0.23714377,0.24366951,0.23714377
11495,AOI-0017,2025-08-23,0.25955907,0.25504770,0.25955907,0.25504770,0.25955907,0.25504770
11500,AOI-0017,2025-09-01,0.19110291,0.18973805,0.19110291,0.18973805,0.19110291,0.18973805
11513,AOI-0017,2025-10-02,0.23908985,0.24111143,0.23908985,0.24111143,0.23908985,0.24111143
11538,AOI-0018,2025-04-19,0.81421180,0.81731823,0.81421180,0.81731823,0.81421180,0.81731823
11576,AOI-0018,2025-05-27,0.68015067,0.68995870,0.68015067,0.68995870,0.68015067,0.68995870
11593,AOI-0018,2025-06-13,0.36584854,0.35784713,0.36584854,0.35784713,0.36584854,0.35784713
11595,AOI-0018,2025-06-15,0.28636652,0.32629391,0.28636652,0.32629391,0.28636652,0.32629391
11615,AOI-0018,2025-07-05,0.21586244,0.22350938,0.21586244,0.22350938,0.21586244,0.22350938
11617,AOI-0018,2025-07-07,0.20686634,0.22317586,0.20686634,0.22317586,0.20686634,0.22317586
11624,AOI-0018,2025-07-14,0.26822259,0.26968260,0.26822259,0.26968260,0.26822259,0.26968260
11631,AOI-0018,2025-07-21,0.29330554,0.29327540,0.29330554,0.29327540,0.29330554,0.29327540
11660,AOI-0018,2025-08-19,0.20658422,0.19843244,0.20658422,0.19843244,0.20658422,0.19843244
11668,AOI-0018,2025-08-27,0.19921000,0.19626081,0.19921000,0.19626081,0.19921000,0.19626081
11680,AOI-0018,2025-09-08,0.16990478,0.17090107,0.16990478,0.17090107,0.16990478,0.17090107
11696,AOI-0018,2025-09-24,0.23930541,0.24872989,0.23930541,0.24872989,0.23930541,0.24872989
11719,AOI-0018,2025-10-17,0.34616608,0.34302129,0.34616608,0.34302129,0.34616608,0.34302129
11746,AOI-0019,2025-04-14,0.59051955,0.59665717,0.59051955,0.59665717,0.59051955,0.59665717
11749,AOI-0019,2025-04-17,0.62134960,0.61470679,0.62134960,0.61470679,0.62134960,0.61470679
11760,AOI-0019,2025-04-28,0.61769482,0.62324334,0.61769482,0.62324334,0.61769482,0.62324334
11776,AOI-0019,2025-05-14,0.64018546,0.63622262,0.64018546,0.63622262,0.64018546,0.63622262
11787,AOI-0019,2025-05-25,0.52603112,0.54595095,0.52603112,0.54595095,0.52603112,0.54595095
11808,AOI-0019,2025-06-15,0.37940831,0.36446311,0.37940831,0.36446311,0.37940831,0.36446311
11820,AOI-0019,2025-06-27,0.40634427,0.39349903,0.40634427,0.39349903,0.40634427,0.39349903
11823,AOI-0019,2025-06-30,0.34686566,0.33173063,0.34686566,0.33173063,0.34686566,0.33173063
11833,AOI-0019,2025-07-10,0.33698935,0.31590280,0.33698935,0.31590280,0.33698935,0.31590280
11837,AOI-0019,2025-07-14,0.29934798,0.30023789,0.29934798,0.30023789,0.29934798,0.30023789
11868,AOI-0019,2025-08-14,0.29439274,0.26578941,0.29439274,0.26578941,0.29439274,0.26578941
11885,AOI-0019,2025-08-31,0.21854449,0.22943883,0.21854449,0.22943883,0.21854449,0.22943883
11900,AOI-0019,2025-09-15,0.26398595,0.26782781,0.26398595,0.26782781,0.26398595,0.26782781
11908,AOI-0019,2025-09-23,0.28949390,0.29550235,0.28949390,0.29550235,0.28949390,0.29550235
11909,AOI-0019,2025-09-24,0.30090391,0.29661748,0.30090391,0.29661748,0.30090391,0.29661748
11933,AOI-0019,2025-10-18,0.26714512,0.27569232,0.26714512,0.27569232,0.26714512,0.27569232
11963,AOI-0020,2025-04-18,0.30400801,0.29836563,0.30400801,0.29836563,0.30400801,0.29836563
11968,AOI-0020,2025-04-23,0.61308147,0.58409259,0.61308147,0.58409259,0.61308147,0.58409259
11978,AOI-0020,2025-05-03,0.41206013,0.39670902,0.41206013,0.39670902,0.41206013,0.39670902
12009,AOI-0020,2025-06-03,0.64449385,0.58954969,0.64449385,0.64449385,0.64449385,0.64449385
12017,AOI-0020,2025-06-11,0.51819966,0.49231824,0.51819966,0.51819966,0.51819966,0.51819966
12048,AOI-0020,2025-07-12,0.39739515,0.38375515,0.39739515,0.38375515,0.39739515,0.38375515
12057,AOI-0020,2025-07-21,0.42843738,0.39618915,0.48620166,0.48620166,0.42843738,0.48620166
12065,AOI-0020,2025-07-29,0.32305766,0.31048019,0.33276694,0.33276694,0.32305766,0.33276694
12066,AOI-0020,2025-07-30,0.26583503,0.26334310,0.26583503,0.26334310,0.26583503,0.26334310
12086,AOI-0020,2025-08-19,0.23624617,0.24173452,0.23624617,0.24173452,0.23624617,0.24173452
12141,AOI-0020,2025-10-13,0.25332481,0.20981959,0.25332481,0.25332481,0.25332481,0.25332481
12186,AOI-0021,2025-04-28,0.38297563,0.41050823,0.38297563,0.41050823,0.38297563,0.41050823
12215,AOI-0021,2025-05-27,0.62471104,0.60700318,0.51548796,0.51548796,0.62471104,0.51548796
12222,AOI-0021,2025-06-03,0.61495035,0.60889789,0.61495035,0.58677852,0.61495035,0.58677852
12255,AOI-0021,2025-07-06,0.43737690,0.40444470,0.43737690,0.41243825,0.43737690,0.41243825
12267,AOI-0021,2025-07-18,0.29815450,0.28513599,0.29815450,0.28513599,0.29815450,0.28513599
12278,AOI-0021,2025-07-29,0.31870068,0.31678052,0.33236293,0.33236293,0.31870068,0.33236293
12287,AOI-0021,2025-08-07,0.25636950,0.25499096,0.25636950,0.23848871,0.25636950,0.23848871
12302,AOI-0021,2025-08-22,0.25263538,0.25135883,0.25263538,0.25152426,0.25263538,0.25152426
12310,AOI-0021,2025-08-30,0.26222747,0.26452258,0.26222747,0.25804142,0.26222747,0.25804142
12326,AOI-0021,2025-09-15,0.21599395,0.22739325,0.21599395,0.22844937,0.21599395,0.22844937
12335,AOI-0021,2025-09-24,0.25422382,0.26446194,0.25422382,0.26699239,0.25422382,0.26699239
12344,AOI-0021,2025-10-03,0.22718498,0.23906458,0.22718498,0.22661546,0.22718498,0.22661546
12372,AOI-0022,2025-04-01,0.45221936,0.46652427,0.45221936,0.46652427,0.45221936,0.46652427
12404,AOI-0022,2025-05-03,0.87479169,0.87884504,0.87479169,0.87884504,0.87479169,0.87884504
12407,AOI-0022,2025-05-06,0.90561609,0.90022674,0.90561609,0.90022674,0.90561609,0.90022674
12426,AOI-0022,2025-05-25,0.81323293,0.80129391,0.81323293,0.80129391,0.81323293,0.80129391
12429,AOI-0022,2025-05-28,0.76228790,0.77022347,0.76228790,0.77022347,0.76228790,0.77022347
12470,AOI-0022,2025-07-08,0.21997365,0.20469235,0.21997365,0.20469235,0.21997365,0.20469235
12479,AOI-0022,2025-07-17,0.13129300,0.12781907,0.13129300,0.12781907,0.13129300,0.12781907
12483,AOI-0022,2025-07-21,0.22048164,0.22791964,0.22048164,0.22791964,0.22048164,0.22791964
12520,AOI-0022,2025-08-27,0.15128602,0.14933523,0.15128602,0.14933523,0.15128602,0.14933523
12524,AOI-0022,2025-08-31,0.19465907,0.19361029,0.19465907,0.19361029,0.19465907,0.19361029
12547,AOI-0022,2025-09-23,0.17936690,0.16792958,0.17936690,0.16792958,0.17936690,0.16792958
12548,AOI-0022,2025-09-24,0.19722115,0.20312458,0.19722115,0.20312458,0.19722115,0.20312458
12554,AOI-0022,2025-09-30,0.26597550,0.28541652,0.26597550,0.28541652,0.26597550,0.28541652
12600,AOI-0023,2025-04-16,0.30960090,0.29011240,0.30960090,0.29011240,0.30960090,0.29011240
12601,AOI-0023,2025-04-17,0.27768837,0.26018047,0.27768837,0.26018047,0.27768837,0.26018047
12608,AOI-0023,2025-04-24,0.28738418,0.28738418,0.28738418,0.28738418,0.28738418,0.28738418
12615,AOI-0023,2025-05-01,0.25693343,0.24190262,0.25693343,0.24190262,0.25693343,0.24190262
12618,AOI-0023,2025-05-04,0.26270289,0.24288134,0.26270289,0.24288134,0.26270289,0.24288134
12672,AOI-0023,2025-06-27,0.78987825,0.72755503,0.78987825,0.72755503,0.78987825,0.72755503
12680,AOI-0023,2025-07-05,0.57650957,0.60906328,0.57650957,0.60906328,0.57650957,0.60906328
12689,AOI-0023,2025-07-14,0.37790837,0.39431822,0.46871287,0.46871287,0.37790837,0.46871287
12690,AOI-0023,2025-07-15,0.16721099,0.16721099,,,0.16721099,
12720,AOI-0023,2025-08-14,0.22770875,0.20038278,0.22770875,0.20038278,0.22770875,0.20038278
12728,AOI-0023,2025-08-22,0.14761787,0.14972680,0.14761787,0.14972680,0.14761787,0.14972680
12736,AOI-0023,2025-08-30,0.19547817,0.18927589,0.19547817,0.18927589,0.19547817,0.18927589
12758,AOI-0023,2025-09-21,0.15005498,0.12942011,0.15005498,0.12942011,0.15005498,0.12942011
12760,AOI-0023,2025-09-23,0.19390577,0.17523089,0.19390577,0.17523089,0.19390577,0.17523089
12784,AOI-0023,2025-10-17,0.21490694,0.21221799,0.21490694,0.21221799,0.21490694,0.21221799
12804,AOI-0024,2025-04-07,0.26036712,0.27839213,0.26036712,0.28879781,0.26036712,0.28879781
12820,AOI-0024,2025-04-23,0.25836660,0.24816534,0.25836660,0.27748265,0.25836660,0.27748265
12852,AOI-0024,2025-05-25,0.45463080,0.39038549,0.45463080,0.42813446,0.45463080,0.42813446
12855,AOI-0024,2025-05-28,0.24910837,0.30143017,0.23998758,0.23998758,0.24910837,0.23998758
12863,AOI-0024,2025-06-05,0.36170886,0.39603183,0.39763673,0.39763673,0.36170886,0.39763673
12891,AOI-0024,2025-07-03,0.46588964,0.43165061,0.52382921,0.52382921,0.46588964,0.52382921
12909,AOI-0024,2025-07-21,0.40629360,0.37734983,0.40629360,0.40629360,0.40629360,0.40629360
12913,AOI-0024,2025-07-25,0.35864380,0.31953416,,,0.35864380,
12925,AOI-0024,2025-08-06,0.30804092,0.28572078,0.30040818,0.30040818,0.30804092,0.30040818
12928,AOI-0024,2025-08-09,0.21872053,0.22817181,0.21872053,0.22543842,0.21872053,0.22543842
12964,AOI-0024,2025-09-14,0.25031196,0.24909298,0.25031196,0.24909298,0.25031196,0.24909298
12971,AOI-0024,2025-09-21,0.17302193,0.17975816,0.17302193,0.16930015,0.17302193,0.16930015
12980,AOI-0024,2025-09-30,0.23675819,0.22978556,0.23675819,0.24221804,0.23675819,0.24221804
12982,AOI-0024,2025-10-02,0.22890510,0.22955173,0.23582677,0.23582677,0.22890510,0.23582677
12998,AOI-0024,2025-10-18,0.20517642,0.20435153,0.20659886,0.20659886,0.20517642,0.20659886
13013,AOI-0025,2025-04-14,,,,,,
13015,AOI-0025,2025-04-23,0.25918320,0.24647440,,,0.25918320,
13016,AOI-0025,2025-04-24,,,,,,
13017,AOI-0025,2025-04-29,,,,,,
13020,AOI-0025,2025-05-09,0.36865163,0.36525592,,,0.40650794,
13024,AOI-0025,2025-06-03,,,,,,
13028,AOI-0025,2025-06-13,0.27799973,0.27811241,,,0.27799973,
13030,AOI-0025,2025-06-27,0.17460633,0.17754829,,,0.17859855,
13037,AOI-0025,2025-07-21,,,,,,
13043,AOI-0025,2025-08-07,0.22034237,0.22034237,,,0.22034237,
13051,AOI-0025,2025-08-30,,,,,,
13053,AOI-0025,2025-09-07,,,,,,
13056,AOI-0025,2025-09-14,0.26498586,0.25715708,,,0.26498586,
13063,AOI-0025,2025-10-17,,,,,,
13071,AOI-0026,2025-04-07,0.79070019,0.77705471,0.79070019,0.77705471,0.79070019,0.77705471
13088,AOI-0026,2025-04-24,0.82096914,0.78898309,0.82096914,0.78898309,0.82096914,0.78898309
13103,AOI-0026,2025-05-09,0.90072309,0.88688428,0.90072309,0.88688428,0.90072309,0.88688428
13138,AOI-0026,2025-06-13,0.41267865,0.46771720,0.41267865,0.46771720,0.41267865,0.46771720
13163,AOI-0026,2025-07-08,0.19593630,0.20518626,0.19593630,0.20518626,0.19593630,0.20518626
13165,AOI-0026,2025-07-10,0.16422754,0.17028355,0.16422754,0.17028355,0.16422754,0.17028355
13167,AOI-0026,2025-07-12,0.24411499,0.25370849,0.24411499,0.25370849,0.24411499,0.25370849
13168,AOI-0026,2025-07-13,0.14390257,0.15488628,0.14390257,0.15488628,0.14390257,0.15488628
13173,AOI-0026,2025-07-18,0.13190254,0.14246300,0.13190254,0.14246300,0.13190254,0.14246300
13185,AOI-0026,2025-07-30,0.13342136,0.13525018,0.13342136,0.13525018,0.13342136,0.13525018
13205,AOI-0026,2025-08-19,0.14314409,0.13279718,0.14314409,0.13279718,0.14314409,0.13279718
13225,AOI-0026,2025-09-08,0.11095754,0.13796726,0.11095754,0.13796726,0.11095754,0.13796726
13240,AOI-0026,2025-09-23,0.17619606,0.19068325,0.17619606,0.19068325,0.17619606,0.19068325
13247,AOI-0026,2025-09-30,0.29354236,0.29648330,0.29354236,0.29648330,0.29354236,0.29648330
13281,AOI-0027,2025-04-16,0.59354960,0.59703490,0.59354960,0.59703490,0.59354960,0.59703490
13284,AOI-0027,2025-04-24,0.77508163,0.79256734,0.77508163,0.79256734,0.77508163,0.79256734
13295,AOI-0027,2025-06-13,0.42136599,0.42851895,0.42136599,0.42851895,0.42136599,0.42851895
13297,AOI-0027,2025-06-27,0.47278341,0.43316127,0.47278341,0.43316127,0.47278341,0.43316127
13298,AOI-0027,2025-07-05,0.30729945,0.33041268,0.30729945,0.33041268,0.30729945,0.33041268
13301,AOI-0027,2025-07-12,0.37037692,0.36550441,0.37037692,0.36550441,0.37037692,0.36550441
13302,AOI-0027,2025-07-13,0.28720948,0.28005712,0.28720948,0.28005712,0.28720948,0.28005712
13305,AOI-0027,2025-07-23,0.27416697,0.27033839,0.27416697,0.27033839,0.27416697,0.27033839
13307,AOI-0027,2025-07-29,0.31387762,0.30919157,0.31387762,0.30919157,0.31387762,0.30919157
13314,AOI-0027,2025-08-19,0.25061498,0.25207436,0.25061498,0.25207436,0.25061498,0.25207436
13318,AOI-0027,2025-08-30,0.28771383,0.28961486,0.28771383,0.28961486,0.28771383,0.28961486
13324,AOI-0027,2025-09-16,0.27876872,0.26993032,0.27876872,0.26993032,0.27876872,0.26993032
13329,AOI-0027,2025-10-16,0.36949626,0.35732004,0.36949626,0.35732004,0.36949626,0.35732004
13338,AOI-0028,2010-04-07,,,,,0.53729299,0.60291954
13346,AOI-0028,2010-04-15,,,,,0.68033141,0.68033141
13538,AOI-0028,2010-10-24,,,,,0.16031413,0.16031413
13599,AOI-0028,2011-05-25,0.60069775,0.60069775,0.60069775,0.60069775,0.60069775,0.56887442
13663,AOI-0028,2011-07-28,0.57211326,0.57211326,0.57211326,0.57211326,0.57211326,0.59885933
13674,AOI-0028,2011-08-08,0.59950154,0.59950154,0.59950154,0.59950154,0.59950154,0.59950154
13738,AOI-0028,2011-10-11,,,,,,
13779,AOI-0028,2012-04-22,0.64408772,0.64408772,0.64408772,0.64408772,0.76751678,0.77019307
13937,AOI-0028,2012-09-27,,,,,0.12139914,0.12139914
13955,AOI-0028,2012-10-15,0.29088966,0.29088966,0.29088966,0.29088966,0.29088966,0.28370751
13977,AOI-0028,2013-04-07,,,,,,
14041,AOI-0028,2013-06-10,,,,,,
14057,AOI-0028,2013-06-26,,,,,,
14121,AOI-0028,2013-08-29,,,,,,
14190,AOI-0028,2014-04-07,0.70894551,0.70894551,0.70894551,0.70894551,0.70894551,0.68694326
14217,AOI-0028,2014-05-04,0.92463521,0.92463521,0.92463521,0.92463521,0.92463521,0.92463521
14302,AOI-0028,2014-07-28,0.42583024,0.42583024,0.42583024,0.42583024,0.42583024,0.28854442
14377,AOI-0028,2014-10-11,0.15174645,0.15174645,0.15174645,0.15174645,0.15174645,0.15174645
14409,AOI-0028,2015-04-13,,,,,,
14545,AOI-0028,2015-08-27,,,,,,
14577,AOI-0028,2015-09-28,,,,,,
14616,AOI-0028,2016-04-07,0.59080175,0.59080175,0.59080175,0.59080175,0.59080175,0.59080175
14632,AOI-0028,2016-04-23,0.77857991,0.77857991,0.77857991,0.77857991,0.77857991,0.77857991
14679,AOI-0028,2016-06-09,0.69533249,0.69533249,0.69533249,0.69533249,0.69533249,0.70768448
14680,AOI-0028,2016-06-10,0.79500138,0.79500138,0.79500138,0.79500138,0.79500138,0.79500138
14695,AOI-0028,2016-06-25,0.40294968,0.40294968,0.40294968,0.40294968,0.40294968,0.37338172
14727,AOI-0028,2016-07-27,0.22699096,0.22699096,0.22699096,0.22699096,0.22699096,0.27186125
14768,AOI-0028,2016-09-06,0.16099141,0.16099141,0.16099141,0.16099141,0.16099141,0.16099141
14848,AOI-0028,2017-04-26,,,,,,
14936,AOI-0028,2017-07-23,,,,,,
14953,AOI-0028,2017-08-09,,,,,,
14957,AOI-0028,2017-08-13,,,,,0.21198811,0.21198811
14973,AOI-0028,2017-08-29,,,,,0.27371546,0.27371546
14992,AOI-0028,2017-09-17,,,,,0.28810757,0.28810757
15076,AOI-0028,2018-05-11,0.92795248,0.92795248,0.92795248,0.92795248,0.92795248,0.92795248
15176,AOI-0028,2018-08-19,0.36679561,0.36679561,0.36679561,0.36679561,0.36679561,0.36679561
15186,AOI-0028,2018-08-29,0.23610323,0.23170861,0.23610323,0.23170861,0.23610323,0.22709143
15200,AOI-0028,2018-09-12,0.15156498,0.15156498,0.15156498,0.15156498,0.15156498,0.15156498
15226,AOI-0028,2018-10-08,0.16114715,0.16416133,0.16114715,0.16416133,0.16114715,0.16416133
15254,AOI-0028,2019-04-06,,,,,,
15280,AOI-0028,2019-05-02,,,,,,
15303,AOI-0028,2019-05-25,,,,,,
15336,AOI-0028,2019-06-27,,,,,,
15379,AOI-0028,2019-08-09,,,,,,
15394,AOI-0028,2019-08-24,,,,,,
15448,AOI-0028,2019-10-17,,,,,,
15486,AOI-0028,2020-04-25,0.80540115,0.81050897,0.80540115,0.81050897,0.80540115,0.81050897
15495,AOI-0028,2020-05-04,0.76627538,0.80165126,0.76627538,0.80165126,0.76627538,0.80165126
15499,AOI-0028,2020-05-08,0.91911849,0.93305771,0.91911849,0.93305771,0.91911849,0.93305771
15521,AOI-0028,2020-05-30,0.83957520,0.84429755,0.83957520,0.84429755,0.83957520,0.84429755
15566,AOI-0028,2020-07-14,0.12902473,0.17244293,0.12902473,0.17244293,0.12902473,0.17244293
15586,AOI-0028,2020-08-03,0.10342054,0.14370038,0.10342054,0.14370038,0.10342054,0.14370038
15591,AOI-0028,2020-08-08,0.14768513,0.14768513,0.14768513,0.14768513,0.14768513,0.14768513
15616,AOI-0028,2020-09-02,0.17583789,0.16842057,0.17583789,0.16842057,0.17583789,0.16842057
15627,AOI-0028,2020-09-13,0.26591809,0.26020569,0.26591809,0.26020569,0.26591809,0.26020569
15749,AOI-0028,2021-06-14,0.46718081,0.46718081,0.46718081,0.46718081,0.46718081,0.46718081
15751,AOI-0028,2021-06-16,0.35376864,0.35376864,0.35376864,0.35376864,0.35376864,0.35376864
15759,AOI-0028,2021-06-24,0.71745781,0.71745781,0.71745781,0.71745781,0.71745781,0.71745781
15761,AOI-0028,2021-06-26,0.73318616,0.73318616,0.73318616,0.73318616,0.73318616,0.73318616
15789,AOI-0028,2021-07-24,0.76084034,0.76084034,0.76084034,0.76084034,0.76084034,0.76084034
15884,AOI-0028,2021-10-27,0.20005474,0.20005474,0.20005474,0.20005474,0.20005474,0.20005474
15894,AOI-0028,2022-04-07,0.67154230,0.63866068,0.67154230,0.63866068,0.67154230,0.65997842
15910,AOI-0028,2022-04-23,0.89181167,0.86743990,0.89181167,0.86743990,0.89181167,0.89240346
15957,AOI-0028,2022-06-09,0.81629025,0.81629025,0.81629025,0.81629025,0.81629025,0.81629025
15977,AOI-0028,2022-06-29,0.33305966,0.32090919,0.33305966,0.32090919,0.33305966,0.34766888
16006,AOI-0028,2022-07-28,0.33688193,0.29741797,0.33688193,0.29741797,0.33688193,0.30263082
16012,AOI-0028,2022-08-03,0.09255596,0.09255596,0.09255596,0.09255596,0.09255596,0.09255596
16017,AOI-0028,2022-08-08,0.22719001,0.20014582,0.22719001,0.20014582,0.22719001,0.22363289
16039,AOI-0028,2022-08-30,0.16528109,0.18872705,0.16528109,0.18872705,0.16528109,0.16281089
16071,AOI-0028,2022-10-01,0.18824557,0.18824557,0.18824557,0.18824557,0.19606772,0.19550628
16107,AOI-0028,2023-04-07,,,,,,
16111,AOI-0028,2023-04-11,,,,,,
16135,AOI-0028,2023-05-05,,,,,,
16139,AOI-0028,2023-05-09,,,,,,
16170,AOI-0028,2023-06-09,,,,,,
16228,AOI-0028,2023-08-06,,,,,,
16245,AOI-0028,2023-08-23,,,,,,
16251,AOI-0028,2023-08-29,,,,,,
16275,AOI-0028,2023-09-22,,,,,,
16277,AOI-0028,2023-09-24,,,,,,
16283,AOI-0028,2023-09-30,,,,,,
16350,AOI-0028,2024-05-07,0.92560267,0.92546555,0.92560267,0.92546555,0.92560267,0.92546555
16366,AOI-0028,2024-05-23,0.81851742,0.81851742,0.81851742,0.81851742,0.81851742,0.81851742
16367,AOI-0028,2024-05-24,0.88243904,0.87718677,0.88243904,0.87718677,0.85713018,0.84427558
16431,AOI-0028,2024-07-27,0.19367097,0.20126683,0.19367097,0.20126683,0.18068861,0.17657539
16438,AOI-0028,2024-08-03,0.22393493,0.20831477,0.22393493,0.20831477,0.22393493,0.20831477
16447,AOI-0028,2024-08-12,0.13260595,0.13825789,0.13260595,0.13825789,0.16562199,0.17841113
16477,AOI-0028,2024-09-11,0.13146492,0.12221723,0.13146492,0.12221723,0.13146492,0.12221723
16482,AOI-0028,2024-09-16,0.14465216,0.13641773,0.14465216,0.13641773,0.14465216,0.13641773
16533,AOI-0028,2025-04-07,0.45799696,0.43468717,0.45799696,0.42695119,0.48589526,0.42764740
16580,AOI-0028,2025-05-24,0.55226439,0.49743956,0.55226439,0.49743956,0.55226439,0.49743956
16587,AOI-0028,2025-05-31,0.20012813,0.20012813,,,0.38532557,0.67788437
16598,AOI-0028,2025-06-11,0.63872190,0.56428293,0.63872190,0.56428293,0.63872190,0.56428293
16613,AOI-0028,2025-06-26,0.55671012,0.62556909,0.77041991,0.67053656,0.55671012,0.67053656
16614,AOI-0028,2025-06-27,0.31177491,0.31077858,0.47634863,0.43927422,0.20363384,0.38825336
16627,AOI-0028,2025-07-10,0.38961486,0.40926955,0.48877450,0.40940104,0.38940913,0.40969692
16630,AOI-0028,2025-07-13,0.27462765,0.26155169,0.27462765,0.27976461,0.27462765,0.27976461
16640,AOI-0028,2025-07-23,0.18608165,0.21226642,0.18608165,0.17954176,0.18608165,0.17954176
16661,AOI-0028,2025-08-13,0.23061309,0.22743261,0.23061309,0.22766387,0.21746397,0.23112807
16687,AOI-0028,2025-09-08,0.12667882,0.09432253,0.07459850,0.07758970,0.10931883,0.08152120
16690,AOI-0028,2025-09-11,0.06434262,0.06787843,0.06434262,0.06787843,0.06434262,0.06787843
16725,AOI-0028,2025-10-16,0.19440204,0.24053967,0.19440204,0.17524410,0.26203632,0.23260649
16737,AOI-0028,2025-10-28,0.19090713,0.19090713,0.19610551,0.19610551,0.19090713,0.19610551
16743,AOI-0029,2025-04-04,0.41226355,0.44155110,0.41226355,0.44155110,0.41226355,0.44155110
16763,AOI-0029,2025-04-24,0.85954096,0.83191062,0.85954096,0.83191062,0.85954096,0.83191062
16808,AOI-0029,2025-06-08,0.67692405,0.59023234,0.67692405,0.59023234,0.67692405,0.59023234
16810,AOI-0029,2025-06-10,0.48009774,0.46927274,0.48009774,0.46927274,0.48009774,0.46927274
16811,AOI-0029,2025-06-11,0.62300372,0.56180291,0.62300372,0.56180291,0.62300372,0.56180291
16813,AOI-0029,2025-06-13,0.32244012,0.34873909,0.32244012,0.34873909,0.32244012,0.34873909
16859,AOI-0029,2025-07-29,0.17538076,0.18814499,0.17538076,0.18814499,0.17538076,0.18814499
16863,AOI-0029,2025-08-02,0.11231800,0.09678236,0.11231800,0.09678236,0.11231800,0.09678236
16880,AOI-0029,2025-08-19,0.11204165,0.10681497,0.11204165,0.10681497,0.11204165,0.10681497
16903,AOI-0029,2025-09-11,0.12697927,0.12592838,0.12697927,0.12592838,0.12697927,0.12592838
16908,AOI-0029,2025-09-16,0.11783486,0.11856244,0.11783486,0.11856244,0.11783486,0.11856244
16973,AOI-0030,2025-04-21,,,,,,
16976,AOI-0030,2025-04-24,,,,,,
17023,AOI-0030,2025-06-10,,,,,,
17081,AOI-0030,2025-08-07,,,,,,
17230,AOI-0031,2010-06-04,,,,,,
17332,AOI-0031,2010-09-14,,,,,0.20447158,0.22040557
17401,AOI-0031,2011-04-23,0.43593534,0.39369176,0.42962298,0.42962298,0.43593534,0.40989559
17449,AOI-0031,2011-06-10,0.41896959,0.39069196,0.44395613,0.44395613,0.41896959,0.43105041
17478,AOI-0031,2011-07-09,0.22832139,0.23984817,0.22300965,0.22300965,0.22832139,0.22300965
17511,AOI-0031,2011-08-11,0.25704609,0.25704609,0.25704609,0.25704609,0.25704609,0.25704609
17518,AOI-0031,2011-08-18,0.21708950,0.21708950,,,0.21708950,
17519,AOI-0031,2011-08-19,,,,,,
17550,AOI-0031,2011-09-19,0.23669094,0.23195459,0.22468809,0.22468809,0.23669094,0.22468809
17597,AOI-0031,2012-04-06,,,,,,
17606,AOI-0031,2012-04-15,,,,,,
17811,AOI-0031,2013-04-07,,,,,,
17843,AOI-0031,2013-05-09,,,,,,
17846,AOI-0031,2013-05-12,,,,,,
17859,AOI-0031,2013-05-25,,,,,,
17877,AOI-0031,2013-06-12,,,,,,
17893,AOI-0031,2013-06-28,,,,,,
17918,AOI-0031,2013-07-23,,,,,,
17939,AOI-0031,2013-08-13,,,,,,
18003,AOI-0031,2013-10-16,,,,,,
18070,AOI-0031,2014-05-23,,,,,,
18101,AOI-0031,2014-06-23,0.25013939,0.24350296,0.25013939,0.25013939,0.25013939,0.25013939
18125,AOI-0031,2014-07-17,0.19157012,0.19067400,0.19157012,0.19157012,0.19157012,0.19157012
18136,AOI-0031,2014-07-28,0.20152614,0.20573290,0.20152614,0.20152614,0.20152614,0.20910596
18141,AOI-0031,2014-08-02,0.17538153,0.17350358,0.17538153,0.17538153,0.17538153,0.17538153
18152,AOI-0031,2014-08-13,0.19786167,0.20306038,0.19786167,0.19786167,0.19786167,0.19961175
18214,AOI-0031,2014-10-14,0.18558697,0.18558697,0.18558697,0.18558697,0.18558697,0.18558697
18405,AOI-0031,2015-09-22,0.20793490,0.21118244,,,0.20793490,
18429,AOI-0031,2015-10-16,0.21696050,0.21696050,,,0.21166012,0.12656319
18444,AOI-0031,2016-04-01,,,,,0.29064320,0.29064320
18460,AOI-0031,2016-04-17,0.43699308,0.43699308,0.56102261,0.56102261,0.44945751,0.44945751
18465,AOI-0031,2016-04-22,0.45248340,0.45248340,0.53671237,0.53671237,0.48362431,0.49527967
18476,AOI-0031,2016-05-03,0.47246977,0.47246977,0.61940403,0.61940403,0.53031214,0.53031214
18497,AOI-0031,2016-05-24,0.47517017,0.47517017,0.58316117,0.58316117,0.51560467,0.52413771
18513,AOI-0031,2016-06-09,0.29615812,0.29615812,,,0.41386962,0.43976286
18516,AOI-0031,2016-06-12,0.37735463,0.37735463,,,0.40003278,0.40422825
18524,AOI-0031,2016-06-20,0.32040756,0.32040756,0.35867277,0.35867277,0.32040756,0.35867277
18529,AOI-0031,2016-06-25,0.30034564,0.30034564,0.32017101,0.32017101,0.30034564,0.32579542
18564,AOI-0031,2016-07-30,0.29181048,0.29181048,,,0.26548781,0.26061810
18692,AOI-0031,2017-05-06,0.68845037,0.66227185,0.68845037,0.66227185,0.68845037,0.66227185
18724,AOI-0031,2017-06-07,0.58234066,0.58234066,0.58234066,0.58234066,0.58234066,0.58234066
18781,AOI-0031,2017-08-03,,,,,,
18791,AOI-0031,2017-08-13,0.21152484,0.22508828,0.21152484,0.22508828,0.21152484,0.22508828
18813,AOI-0031,2017-09-04,0.21752492,0.21752492,0.21752492,0.21752492,0.21752492,0.21752492
18831,AOI-0031,2017-09-22,0.21838762,0.21838762,0.21838762,0.21838762,0.21838762,0.21838762
18892,AOI-0031,2018-04-23,,,,,0.61991695,0.61430580
18901,AOI-0031,2018-05-02,,,,,,
18917,AOI-0031,2018-05-18,,,,,,
18933,AOI-0031,2018-06-03,,,,,,
18940,AOI-0031,2018-06-10,,,,,0.43241318,0.47133039
18941,AOI-0031,2018-06-11,,,,,,
18973,AOI-0031,2018-07-13,,,,,,
19028,AOI-0031,2018-09-06,,,,,,
19036,AOI-0031,2018-09-14,,,,,0.20675550,0.22644429
19059,AOI-0031,2018-10-07,,,,,0.15852617,0.16888330
19064,AOI-0031,2018-10-12,,,,,,
19092,AOI-0031,2019-04-10,0.50806855,0.50806855,0.58492651,0.58492651,0.50806855,0.58492651
19157,AOI-0031,2019-06-14,,,,,,
19165,AOI-0031,2019-06-22,0.27872442,0.27872442,0.27910483,0.27910483,0.27872442,0.27910483
19182,AOI-0031,2019-07-09,,,,,,
19196,AOI-0031,2019-07-23,,,,,,
19212,AOI-0031,2019-08-08,0.32222827,0.32222827,0.29164743,0.29164743,0.32222827,0.29164743
19235,AOI-0031,2019-08-31,0.25383151,0.25383151,0.26977551,0.26977551,0.25383151,0.26977551
19252,AOI-0031,2019-09-17,0.26494207,0.26494207,0.26958316,0.26958316,0.26494207,0.26958316
19268,AOI-0031,2019-10-03,0.31256464,0.31256464,0.28048884,0.28048884,0.31256464,0.28048884
19275,AOI-0031,2019-10-10,0.34319769,0.34319769,0.27397822,0.27397822,0.34319769,0.27397822
19277,AOI-0031,2019-10-12,0.20747321,0.20747321,0.20747321,0.20747321,0.20747321,0.20747321
19287,AOI-0031,2019-10-22,0.33996880,0.33996880,0.33996880,0.33996880,0.33996880,0.33996880
19308,AOI-0031,2020-04-13,0.46453827,0.46453827,0.46453827,0.46453827,0.46453827,0.46453827
19357,AOI-0031,2020-06-01,0.44340558,0.44340558,0.44340558,0.44340558,0.44340558,0.44340558
19362,AOI-0031,2020-06-06,0.44165758,0.44600618,0.44165758,0.44600618,0.44165758,0.44600618
19397,AOI-0031,2020-07-11,0.16829811,0.15917781,0.16829811,0.15917781,0.16829811,0.15917781
19404,AOI-0031,2020-07-18,0.13402017,0.13402017,0.13402017,0.13402017,0.13402017,0.13402017
19414,AOI-0031,2020-07-28,0.13185218,0.13185218,0.13185218,0.13185218,0.13185218,0.13185218
19424,AOI-0031,2020-08-07,,,,,,
19434,AOI-0031,2020-08-17,0.16163758,0.16000918,0.16163758,0.16000918,0.16163758,0.16000918
19439,AOI-0031,2020-08-22,,,,,,
19475,AOI-0031,2020-09-27,0.12975060,0.12437730,0.12975060,0.12437730,0.12975060,0.12437730
19491,AOI-0031,2020-10-13,,,,,,
19497,AOI-0031,2020-10-19,0.09298000,0.09298000,0.09298000,0.09298000,0.09298000,0.09298000
19499,AOI-0031,2020-10-21,0.19051991,0.19051991,0.22386958,0.22386958,0.19051991,0.22386958
19515,AOI-0031,2021-04-07,0.18494289,0.18494289,,,0.18494289,
19555,AOI-0031,2021-05-17,,,,,,
19580,AOI-0031,2021-06-11,0.22418566,0.22418566,,,0.22418566,
19600,AOI-0031,2021-07-01,0.16746614,0.16746614,,,0.16746614,
19615,AOI-0031,2021-07-16,0.14349337,0.14349337,,,0.14349337,
19620,AOI-0031,2021-07-21,,,,,,
19636,AOI-0031,2021-08-06,,,,,,
19655,AOI-0031,2021-08-25,0.16877151,0.16877151,,,0.16877151,
19660,AOI-0031,2021-08-30,0.15861360,0.15861360,,,0.15861360,
19765,AOI-0031,2022-05-14,0.86931910,0.86931910,0.86931910,0.86931910,0.86931910,0.86931910
19792,AOI-0031,2022-06-10,0.58161767,0.59897478,0.58161767,0.59897478,0.58161767,0.59897478
19793,AOI-0031,2022-06-11,0.69525070,0.70363873,0.69525070,0.70363873,0.69525070,0.70363873
19802,AOI-0031,2022-06-20,0.43540953,0.43540953,0.43540953,0.43540953,0.43540953,0.43540953
19803,AOI-0031,2022-06-21,0.38612504,0.38612504,0.38612504,0.38612504,0.38612504,0.38612504
19820,AOI-0031,2022-07-08,0.13578863,0.13578863,0.13578863,0.13578863,0.13578863,0.13578863
19824,AOI-0031,2022-07-12,0.18868073,0.19659214,0.18868073,0.19659214,0.18868073,0.19659214
19882,AOI-0031,2022-09-08,0.13750091,0.13750091,0.13750091,0.13750091,0.13750091,0.13750091
19883,AOI-0031,2022-09-09,0.12686172,0.12686172,0.12686172,0.12686172,0.12686172,0.12686172
19884,AOI-0031,2022-09-10,0.16351843,0.16351843,0.16351843,0.16351843,0.16351843,0.16351843
19885,AOI-0031,2022-09-11,,,,,,
19900,AOI-0031,2022-09-26,,,,,,
19903,AOI-0031,2022-09-29,0.13680614,0.13680614,0.13680614,0.13680614,0.13680614,0.13680614
19938,AOI-0031,2023-04-04,0.38009948,0.36683146,0.36211684,0.36211684,0.38009948,0.36211684
19961,AOI-0031,2023-04-27,0.44264981,0.42156352,0.42460345,0.43644462,0.44264981,0.43644462
19981,AOI-0031,2023-05-17,0.46852319,0.43324293,0.48356044,0.48356044,0.46852319,0.48356044
20012,AOI-0031,2023-06-17,,,,,,
20018,AOI-0031,2023-06-23,0.41096884,0.40010594,0.45385408,0.42114177,0.41096884,0.42114177
20021,AOI-0031,2023-06-26,0.36419485,0.37712750,0.39817361,0.40817231,0.36419485,0.40817231
20036,AOI-0031,2023-07-11,0.25904556,0.25904556,,,0.25904556,
20071,AOI-0031,2023-08-15,0.22707084,0.23008650,0.22539198,0.22539198,0.22707084,0.22539198
20106,AOI-0031,2023-09-19,0.22839962,0.23381941,0.22839962,0.22639548,0.22839962,0.22639548
20107,AOI-0031,2023-09-20,0.25753470,0.25753470,,,0.25753470,
20117,AOI-0031,2023-09-30,0.25704462,0.25964421,0.25704462,0.25351654,0.25704462,0.25351654
20132,AOI-0031,2023-10-15,,,,,,
20141,AOI-0031,2023-10-24,,,,,,
20180,AOI-0031,2024-05-03,0.19374128,0.19374128,,,0.19374128,
20210,AOI-0031,2024-06-02,0.20258539,0.20585929,,,0.20258539,
20240,AOI-0031,2024-07-02,0.17408537,0.17677668,,,0.17408537,
20248,AOI-0031,2024-07-10,0.14446826,0.14492702,,,0.14446826,
20251,AOI-0031,2024-07-13,0.16689456,0.16041992,,,0.16689456,
20278,AOI-0031,2024-08-09,0.14734006,0.14561134,,,0.14734006,
20285,AOI-0031,2024-08-16,0.14251672,0.14251672,,,0.14251672,
20295,AOI-0031,2024-08-26,0.14610312,0.14610312,,,0.14610312,
20379,AOI-0031,2025-04-19,0.53852900,0.56844893,0.53852900,0.56844893,0.53852900,0.56844893
20383,AOI-0031,2025-04-23,0.54896283,0.58468664,0.54896283,0.58468664,0.54896283,0.58468664
20442,AOI-0031,2025-06-21,0.48718093,0.50655476,0.48718093,0.50655476,0.48718093,0.50655476
20463,AOI-0031,2025-07-12,0.20931563,0.22895189,0.20931563,0.22895189,0.20931563,0.22895189
20466,AOI-0031,2025-07-15,0.20549410,0.20610966,0.20549410,0.20610966,0.20549410,0.20610966
20488,AOI-0031,2025-08-06,0.18171357,0.18661443,0.18171357,0.18661443,0.18171357,0.18661443
20491,AOI-0031,2025-08-09,0.17909825,0.16479066,0.17909825,0.16479066,0.17909825,0.16479066
20521,AOI-0031,2025-09-08,0.15227414,0.15939855,0.15227414,0.15939855,0.15227414,0.15939855
20528,AOI-0031,2025-09-15,0.18476473,0.19225203,0.18476473,0.19225203,0.18476473,0.19225203
20530,AOI-0031,2025-09-17,0.20904636,0.20556744,0.20904636,0.20556744,0.20904636,0.20556744
20545,AOI-0031,2025-10-02,0.21813077,0.23137616,0.21813077,0.23137616,0.21813077,0.23137616
20565,AOI-0031,2025-10-22,0.20700877,0.20700877,0.20700877,0.20700877,0.20700877,0.20700877
20638,AOI-0032,2010-06-04,,,,,0.24743594,0.24743594
20644,AOI-0032,2010-06-10,0.21910604,0.21910604,,,0.27312228,0.34715472
20654,AOI-0032,2010-06-20,0.18378639,0.18378639,,,0.18378639,
20676,AOI-0032,2010-07-12,0.17994687,0.17994687,,,0.21759113,0.21866146
20711,AOI-0032,2010-08-16,0.16097799,0.16097799,,,0.16097799,
20740,AOI-0032,2010-09-14,,,,,0.22995938,0.23485207
20756,AOI-0032,2010-09-30,0.17135905,0.17135905,,,0.18186487,0.22507032
20889,AOI-0032,2011-07-12,0.31622334,0.31622334,0.31622334,0.31622334,0.31622334,0.31622334
20937,AOI-0032,2011-08-29,0.31523916,0.31523916,0.31523916,0.31523916,0.31523916,0.31250977
20950,AOI-0032,2011-09-11,0.17717580,0.17717580,0.17717580,0.17717580,0.17717580,0.17717580
20967,AOI-0032,2011-09-28,0.19927316,0.19927316,0.19927316,0.19927316,0.19927316,0.19927316
21005,AOI-0032,2012-04-06,,,,,,0.27724838
21030,AOI-0032,2012-05-01,,,,,,
21085,AOI-0032,2012-06-25,,,,,,0.28132415
21190,AOI-0032,2012-10-08,,,,,,
21261,AOI-0032,2013-05-19,,,,,,
21262,AOI-0032,2013-05-20,,,,,,
21283,AOI-0032,2013-06-10,,,,,,
21285,AOI-0032,2013-06-12,,,,,,
21286,AOI-0032,2013-06-13,,,,,,
21325,AOI-0032,2013-07-22,,,,,,
21333,AOI-0032,2013-07-30,,,,,,
21347,AOI-0032,2013-08-13,,,,,,
21363,AOI-0032,2013-08-29,,,,,,
21379,AOI-0032,2013-09-14,,,,,,
21502,AOI-0032,2014-06-16,0.46452872,0.46452872,0.46452872,0.46452872,0.46452872,0.46452872
21512,AOI-0032,2014-06-26,0.27353530,0.29215000,0.27353530,0.29215000,0.27353530,0.34109132
21528,AOI-0032,2014-07-12,0.25062916,0.24542465,0.25062916,0.24542465,0.25062916,0.27823185
21581,AOI-0032,2014-09-03,0.12882836,0.12188682,0.12882836,0.12188682,0.12882836,0.12188682
21661,AOI-0032,2015-04-23,0.22034910,0.22034910,,,0.22034910,0.33552648
21717,AOI-0032,2015-06-18,0.35377877,0.35377877,,,0.35377877,
21742,AOI-0032,2015-07-13,0.23952189,0.23952189,,,0.23952189,
21806,AOI-0032,2015-09-15,0.23649428,0.23649428,,,0.23649428,
21814,AOI-0032,2015-09-23,0.25081744,0.25081744,,,0.25081744,
21821,AOI-0032,2015-09-30,0.24062607,0.24062607,,,0.24062607,0.20818865
21857,AOI-0032,2016-04-06,,,,,,0.18235593
21861,AOI-0032,2016-04-10,,,,,,
21884,AOI-0032,2016-05-03,,,,,,
21921,AOI-0032,2016-06-09,,,,,,0.32818088
21940,AOI-0032,2016-06-28,,,,,,
21957,AOI-0032,2016-07-15,,,,,,
21972,AOI-0032,2016-07-30,,,,,,
21989,AOI-0032,2016-08-16,,,,,,
22013,AOI-0032,2016-09-09,,,,,,
22052,AOI-0032,2016-10-18,,,,,,
22068,AOI-0032,2017-04-04,0.25246309,0.22344006,0.25246309,0.22344006,0.25246309,0.22344006
22092,AOI-0032,2017-04-28,0.60176791,0.58301889,0.60176791,0.58301889,0.60176791,0.58301889
22103,AOI-0032,2017-05-09,0.75421107,0.76554390,0.75421107,0.76554390,0.75421107,0.76554390
22157,AOI-0032,2017-07-02,0.21276306,0.21575707,0.21276306,0.21575707,0.21276306,0.21575707
22188,AOI-0032,2017-08-02,0.16180899,0.16180899,0.16180899,0.16180899,0.16180899,0.16180899
22197,AOI-0032,2017-08-11,0.10481171,0.10025974,0.10481171,0.10025974,0.10481171,0.10025974
22205,AOI-0032,2017-08-19,0.09377428,0.09377428,0.09377428,0.09377428,0.09377428,0.09377428
22213,AOI-0032,2017-08-27,0.15554776,0.15554776,0.15554776,0.15554776,0.15554776,0.15554776
22220,AOI-0032,2017-09-03,0.15658737,0.15658737,0.15658737,0.15658737,0.15658737,0.15658737
22229,AOI-0032,2017-09-12,0.26581619,0.26581619,0.26581619,0.26581619,0.26581619,0.26581619
22292,AOI-0032,2018-04-15,,,,,,
22348,AOI-0032,2018-06-10,,,,,,
22357,AOI-0032,2018-06-19,,,,,,
22444,AOI-0032,2018-09-14,,,,,,
22453,AOI-0032,2018-09-23,,,,,,
22460,AOI-0032,2018-09-30,,,,,,
22467,AOI-0032,2018-10-07,,,,,,
22472,AOI-0032,2018-10-12,,,,,,
22516,AOI-0032,2019-04-26,0.60260921,0.61966601,0.60260921,0.61966601,0.60260921,0.61966601
22518,AOI-0032,2019-04-28,0.52120469,0.52120469,0.52120469,0.52120469,0.52120469,0.52120469
22538,AOI-0032,2019-05-18,0.77276402,0.75742709,0.77276402,0.75742709,0.77276402,0.75742709
22540,AOI-0032,2019-05-20,0.75213933,0.75213933,0.75213933,0.75213933,0.75213933,0.75213933
22550,AOI-0032,2019-05-30,,,,,,
22565,AOI-0032,2019-06-14,,,,,,
22570,AOI-0032,2019-06-19,0.31050723,0.31050723,0.31050723,0.31050723,0.30863222,0.31835595
22604,AOI-0032,2019-07-23,,,,,,
22668,AOI-0032,2019-09-25,0.16895517,0.16895517,0.16895517,0.16895517,0.16895517,0.16895517
22678,AOI-0032,2019-10-05,,,,,,
22684,AOI-0032,2019-10-11,0.38783514,0.38783514,0.38783514,0.38783514,0.38783514,0.38783514
22698,AOI-0032,2019-10-25,0.21617446,0.21617446,0.21617446,0.21617446,0.22811496,0.23502892
22701,AOI-0032,2019-10-28,-0.02864218,-0.02864218,-0.02864218,-0.02864218,-0.03699179,-0.00462319
22760,AOI-0032,2020-05-27,0.41667850,0.42407790,0.41667850,0.42407790,0.41667850,0.42407790
22763,AOI-0032,2020-05-30,0.38475003,0.39840540,0.38475003,0.39840540,0.38475003,0.39840540
22788,AOI-0032,2020-06-24,0.25595346,0.23096923,0.25595346,0.23096923,0.25595346,0.23096923
22790,AOI-0032,2020-06-26,0.16246461,0.17029434,0.16246461,0.17029434,0.16246461,0.17029434
22830,AOI-0032,2020-08-05,0.11542620,0.11831735,0.11542620,0.11831735,0.11542620,0.11831735
22832,AOI-0032,2020-08-07,,,,,,
22869,AOI-0032,2020-09-13,0.17272023,0.17452092,0.17272023,0.17452092,0.17272023,0.17452092
22884,AOI-0032,2020-09-28,,,,,,
22885,AOI-0032,2020-09-29,0.13487751,0.14374089,0.13487751,0.14374089,0.13487751,0.14374089
22891,AOI-0032,2020-10-05,0.12440635,0.12469629,0.12440635,0.12440635,0.12440635,0.12440635
22892,AOI-0032,2020-10-06,0.15216575,0.15216575,0.15216575,0.15216575,0.15216575,0.15216575
22910,AOI-0032,2020-10-24,0.12463490,0.11625856,0.12463490,0.11625856,0.12463490,0.11625856
22920,AOI-0032,2021-04-04,,,,,,
22939,AOI-0032,2021-04-23,,,,,,
22947,AOI-0032,2021-05-01,,,,,,
22971,AOI-0032,2021-05-25,,,,,,
22995,AOI-0032,2021-06-18,,,,,,
23008,AOI-0032,2021-07-01,,,,,,
23025,AOI-0032,2021-07-18,,,,,,
23075,AOI-0032,2021-09-06,,,,,,
23084,AOI-0032,2021-09-15,,,,,,
23107,AOI-0032,2021-10-08,,,,,,
23155,AOI-0032,2022-04-26,0.82180703,0.82180703,0.82180703,0.82180703,0.82180703,0.82180703
23168,AOI-0032,2022-05-09,0.77031295,0.77031295,0.77031295,0.77031295,0.77322625,0.76655309
23172,AOI-0032,2022-05-13,0.87258219,0.87258219,0.87258219,0.87258219,0.87258219,0.87258219
23188,AOI-0032,2022-05-29,0.88234916,0.88234916,0.88234916,0.88234916,0.88234916,0.88234916
23196,AOI-0032,2022-06-06,0.81842327,0.81842327,0.81842327,0.81842327,0.81842327,0.81842327
23203,AOI-0032,2022-06-13,0.59862331,0.59862331,0.59862331,0.59862331,0.61165231,0.61165231
23220,AOI-0032,2022-06-30,0.30309558,0.30309558,0.30309558,0.30309558,0.30921016,0.30001162
23252,AOI-0032,2022-08-01,0.17403282,0.17403282,0.17403282,0.17403282,0.17403282,0.17403282
23253,AOI-0032,2022-08-02,0.11280221,0.11280221,0.11280221,0.11280221,0.11280221,0.11280221
23266,AOI-0032,2022-08-15,0.11976741,0.11976741,0.11976741,0.11976741,0.11976741,0.11976741
23275,AOI-0032,2022-08-24,0.15289674,0.15289674,0.15289674,0.15289674,0.15289674,0.15289674
23280,AOI-0032,2022-08-29,0.17633904,0.17633904,0.17633904,0.17633904,0.17297863,0.17691772
23293,AOI-0032,2022-09-11,,,,,,
23349,AOI-0032,2023-04-07,0.21060510,0.24821326,0.21060510,0.21060510,0.21060510,0.21060510
23354,AOI-0032,2023-04-12,,,,,,
23384,AOI-0032,2023-05-12,0.20275662,0.24804968,0.20275662,0.20275662,0.20275662,0.20275662
23387,AOI-0032,2023-05-15,0.22607998,0.26680504,0.22607998,0.22607998,0.22607998,0.22607998
23396,AOI-0032,2023-05-24,,,,,,
23409,AOI-0032,2023-06-06,0.29354113,0.30946638,0.29354113,0.29354113,0.29354113,0.29354113
23421,AOI-0032,2023-06-18,0.41363347,0.41363347,,,0.41363347,
23459,AOI-0032,2023-07-26,0.39576186,0.38709968,0.45380627,0.45380627,0.39576186,0.45380627
23461,AOI-0032,2023-07-28,0.37720771,0.35610776,0.37720771,0.37720771,0.37720771,0.37720771
23472,AOI-0032,2023-08-08,0.27854085,0.28080967,0.29806710,0.29806710,0.27854085,0.29806710
23496,AOI-0032,2023-09-01,0.28510601,0.28510601,,,0.28510601,
23506,AOI-0032,2023-09-11,0.25315814,0.24838769,0.25315814,0.25315814,0.25315814,0.25315814
23519,AOI-0032,2023-09-24,0.22761254,0.22761254,0.20531891,0.20531891,0.19838130,0.20531891
23562,AOI-0032,2024-04-07,0.21709596,0.21428498,,,0.21709596,
23591,AOI-0032,2024-05-06,0.20511819,0.21519768,,,0.20511819,
23619,AOI-0032,2024-06-03,0.20939842,0.20935219,,,0.20939842,
23658,AOI-0032,2024-07-12,0.14801654,0.15018419,,,0.14801654,
23671,AOI-0032,2024-07-25,0.15126296,0.15052765,,,0.15126296,
23676,AOI-0032,2024-07-30,0.14269522,0.14437690,,,0.14269522,
23699,AOI-0032,2024-08-22,0.16733177,0.16269287,,,0.16733177,
23707,AOI-0032,2024-08-30,0.16853693,0.16853693,,,0.16550178,
23721,AOI-0032,2024-09-13,0.15582520,0.15502127,,,0.15582520,
23726,AOI-0032,2024-09-18,0.16608491,0.16365347,,,0.16608491,
23743,AOI-0032,2024-10-05,0.14706575,0.14706575,,,0.14706575,
23753,AOI-0032,2024-10-15,0.18232807,0.17642457,,,0.18232807,
23761,AOI-0032,2024-10-23,0.15885601,0.15780861,,,0.15885601,
23804,AOI-0032,2025-05-06,0.62304844,0.62799429,0.62304844,0.62799429,0.62304844,0.62799429
23826,AOI-0032,2025-05-28,0.74200019,0.72819519,0.74200019,0.72819519,0.74200019,0.72819519
23859,AOI-0032,2025-06-30,0.28582635,0.26995836,0.28582635,0.26995836,0.28582635,0.26995836
23866,AOI-0032,2025-07-07,0.24198787,0.22359694,0.24198787,0.22359694,0.24198787,0.22359694
23869,AOI-0032,2025-07-10,0.21515697,0.20546925,0.21515697,0.20546925,0.21515697,0.20546925
23903,AOI-0032,2025-08-13,0.20926088,0.21972850,0.20926088,0.21972850,0.20926088,0.21972850
23906,AOI-0032,2025-08-16,0.14473431,0.15198861,0.14473431,0.15198861,0.14473431,0.15198861
23914,AOI-0032,2025-08-24,0.12736876,0.12642060,0.12736876,0.12642060,0.12736876,0.12642060
23921,AOI-0032,2025-08-31,0.14109917,0.13688625,0.14109917,0.13688625,0.14109917,0.13688625
23924,AOI-0032,2025-09-03,0.11355167,0.07720969,0.11355167,0.07720969,0.11355167,0.07720969
23959,AOI-0032,2025-10-08,0.14397669,0.14906685,0.14397669,0.14906685,0.14397669,0.14906685
24009,AOI-0033,2025-04-28,0.28420778,0.26466707,,,0.28420778,
24031,AOI-0033,2025-05-20,0.28344188,0.28344188,,,0.28344188,
24052,AOI-0033,2025-06-10,0.45147175,0.47072203,,,0.45147175,
24064,AOI-0033,2025-06-22,,,,,,
24077,AOI-0033,2025-07-05,0.51588993,0.49253341,,,0.51588993,
24082,AOI-0033,2025-07-10,0.38769367,0.44013603,,,0.38769367,
24149,AOI-0033,2025-09-15,0.25807825,0.24943366,,,0.25807825,
24219,AOI-0034,2025-04-25,0.17127869,0.17127869,0.17374058,0.17374058,0.17127869,0.17374058
24230,AOI-0034,2025-05-06,0.16709282,0.16709282,0.16587364,0.16587364,0.16709282,0.16587364
24233,AOI-0034,2025-05-09,0.29389124,0.29389124,0.27647762,0.27647762,0.29389124,0.27647762
24265,AOI-0034,2025-06-10,0.22235150,0.22235150,,,0.22235150,
24270,AOI-0034,2025-06-15,0.15130750,0.15130750,0.15130750,0.15130750,0.15130750,0.15130750
24276,AOI-0034,2025-06-21,0.21512057,0.21512057,0.22082900,0.22082900,0.21512057,0.22082900
24292,AOI-0034,2025-07-07,0.13522587,0.13522587,0.13469684,0.13469684,0.13522587,0.13469684
24295,AOI-0034,2025-07-10,0.14186435,0.14218891,0.13820072,0.13820072,0.14186435,0.13820072
24301,AOI-0034,2025-07-16,0.23582350,0.23582350,0.23582350,0.23582350,0.23582350,0.23582350
24347,AOI-0034,2025-08-31,0.12713636,0.12713636,,,0.12713636,
24360,AOI-0034,2025-09-13,0.14151825,0.14151825,0.14156898,0.14156898,0.14151825,0.14156898
24370,AOI-0034,2025-09-23,0.16091626,0.15798656,0.14701178,0.14701178,0.16091626,0.14701178
24379,AOI-0034,2025-10-02,,,,,,
24393,AOI-0034,2025-10-16,0.58746377,0.55601652,0.74113021,0.74113021,0.58746377,0.74113021
24422,AOI-0035,2025-05-16,0.13353083,0.13353083,0.12950109,0.12950109,0.13353083,0.12950109
24423,AOI-0035,2025-05-20,0.18299655,0.18299655,0.18375190,0.18375190,0.18299655,0.18375190
24428,AOI-0035,2025-06-05,0.14563902,0.14563902,0.13880167,0.13880167,0.14563902,0.13880167
24430,AOI-0035,2025-06-07,0.14062371,0.14062371,0.13705112,0.13705112,0.14062371,0.13705112
24431,AOI-0035,2025-06-10,0.16450527,0.16450527,,,0.16450527,
24454,AOI-0035,2025-07-30,0.12933362,0.12965790,0.12516342,0.12516342,0.12933362,0.12516342
24467,AOI-0035,2025-08-31,0.12137718,0.12137718,,,0.12137718,
24479,AOI-0035,2025-09-26,0.17049096,0.17049096,0.17314453,0.17314453,0.17049096,0.17314453
24480,AOI-0035,2025-09-28,0.14783725,0.14783725,0.14686888,0.14686888,0.14783725,0.14686888
24482,AOI-0035,2025-10-02,,,,,,
24490,AOI-0035,2025-10-30,0.52339776,0.52339776,0.52339776,0.52339776,0.52339776,0.52339776
24536,AOI-0036,2025-05-16,0.56792970,0.58376986,0.56792970,0.58376986,0.56792970,0.58376986
24597,AOI-0036,2025-07-16,0.29701755,0.28290507,0.29701755,0.28290507,0.29701755,0.28290507
24613,AOI-0036,2025-08-01,0.18360151,0.18432111,0.18360151,0.18432111,0.18360151,0.18432111
24621,AOI-0036,2025-08-09,0.16740743,0.17406220,0.16740743,0.17406220,0.16740743,0.17406220
24635,AOI-0036,2025-08-23,0.20415419,0.19575877,0.20415419,0.19575877,0.20415419,0.19575877
24675,AOI-0036,2025-10-02,0.18962175,0.18037504,0.18962175,0.18037504,0.18962175,0.18037504
24710,AOI-0037,2025-04-07,0.59660830,0.58505642,0.59660830,0.58505642,0.59660830,0.58505642
24719,AOI-0037,2025-04-16,0.54464752,0.54477592,0.54464752,0.54477592,0.54464752,0.54477592
24756,AOI-0037,2025-05-23,0.59527765,0.60280422,0.59527765,0.60280422,0.59527765,0.60280422
24794,AOI-0037,2025-06-30,0.37212035,0.37009298,0.37212035,0.37009298,0.37212035,0.37009298
24808,AOI-0037,2025-07-14,0.26227317,0.25934477,0.26227317,0.25934477,0.26227317,0.25934477
24817,AOI-0037,2025-07-23,0.27916391,0.28292791,0.27916391,0.28292791,0.27916391,0.28292791
24834,AOI-0037,2025-08-09,0.22944629,0.22811053,0.22944629,0.22811053,0.22944629,0.22811053
24841,AOI-0037,2025-08-16,0.22558772,0.22721757,0.22558772,0.22721757,0.22558772,0.22721757
24868,AOI-0037,2025-09-12,0.21031155,0.21476824,0.21031155,0.21476824,0.21031155,0.21476824
24869,AOI-0037,2025-09-13,0.22099179,0.22326189,0.22099179,0.22326189,0.22099179,0.22326189
24879,AOI-0037,2025-09-23,0.21174618,0.23410016,0.21174618,0.23410016,0.21174618,0.23410016
24882,AOI-0037,2025-09-26,0.25441576,0.25824898,0.25441576,0.25824898,0.25441576,0.25824898
24886,AOI-0037,2025-09-30,0.29069505,0.28415996,0.29069505,0.28415996,0.29069505,0.28415996
24891,AOI-0037,2025-10-05,0.20116674,0.20913716,0.20116674,0.20913716,0.20116674,0.20913716
24923,AOI-0038,2025-04-07,0.44508443,0.45232851,0.44508443,0.45232851,0.44508443,0.45232851
24941,AOI-0038,2025-04-25,0.45437244,0.46652007,0.45437244,0.46652007,0.45437244,0.46652007
24991,AOI-0038,2025-06-14,0.41228695,0.40614982,0.41228695,0.40614982,0.41228695,0.40614982
25017,AOI-0038,2025-07-10,0.21423285,0.22215802,0.21423285,0.22215802,0.21423285,0.22215802
25022,AOI-0038,2025-07-15,0.20515909,0.19787485,0.20515909,0.19787485,0.20515909,0.19787485
25052,AOI-0038,2025-08-14,0.18898607,0.19006744,0.18898607,0.19006744,0.18898607,0.19006744
25071,AOI-0038,2025-09-02,0.22063057,0.21610691,0.22063057,0.21610691,0.22063057,0.21610691
25104,AOI-0038,2025-10-05,0.15215614,0.15956809,0.15215614,0.15956809,0.15215614,0.15956809
25107,AOI-0038,2025-10-08,0.18987438,0.18419603,0.18987438,0.18419603,0.18987438,0.18419603
25115,AOI-0038,2025-10-16,0.23669119,0.23953680,0.23669119,0.23953680,0.23669119,0.23953680
25141,AOI-0039,2025-05-04,0.69671752,0.68561095,0.69671752,0.68561095,0.69671752,0.68561095
25143,AOI-0039,2025-05-08,0.67626404,0.68478652,0.67626404,0.68478652,0.67626404,0.68478652
25151,AOI-0039,2025-05-28,0.66963037,0.65661607,0.66963037,0.65661607,0.66963037,0.65661607
25166,AOI-0039,2025-07-10,0.45601953,0.43760594,0.45601953,0.43760594,0.45601953,0.43760594
25179,AOI-0039,2025-08-06,0.37241559,0.36729032,0.37241559,0.36729032,0.37241559,0.36729032
25187,AOI-0039,2025-08-24,0.31329998,0.32153899,0.31329998,0.32153899,0.31329998,0.32153899
25194,AOI-0039,2025-09-08,0.30801496,0.31803696,0.30801496,0.31803696,0.30801496,0.31803696
25196,AOI-0039,2025-09-12,0.31350238,0.31618463,0.31350238,0.31618463,0.31350238,0.31618463
25198,AOI-0039,2025-09-14,0.37247482,0.37877051,0.37247482,0.37877051,0.37247482,0.37877051
25203,AOI-0039,2025-09-26,0.35964676,0.36105759,0.35964676,0.36105759,0.35964676,0.36105759
25212,AOI-0039,2025-10-23,0.37639465,0.38405240,0.37639465,0.38405240,0.37639465,0.38405240
25215,AOI-0040,2025-04-02,0.34425314,0.35903440,0.34425314,0.35903440,0.34425314,0.35903440
25216,AOI-0040,2025-04-03,0.42994990,0.43560899,0.42994990,0.43560899,0.42994990,0.43560899
25249,AOI-0040,2025-05-06,0.66395243,0.66872470,0.66395243,0.66872470,0.66395243,0.66872470
25281,AOI-0040,2025-06-07,0.68771617,0.67057584,0.68771617,0.67057584,0.68771617,0.67057584
25312,AOI-0040,2025-07-08,0.28347862,0.27499040,0.28347862,0.27499040,0.28347862,0.27499040
25378,AOI-0040,2025-09-12,0.13488686,0.12749061,0.13488686,0.12749061,0.13488686,0.12749061
25379,AOI-0040,2025-09-13,0.12687182,0.13858929,0.12687182,0.13858929,0.12687182,0.13858929
25394,AOI-0040,2025-09-28,0.14123481,0.13758057,0.14123481,0.13758057,0.14123481,0.13758057
25396,AOI-0040,2025-09-30,0.19395532,0.19732414,0.19395532,0.19732414,0.19395532,0.19732414
25398,AOI-0040,2025-10-02,0.17624097,0.16402451,0.17624097,0.16402451,0.17624097,0.16402451
25434,AOI-0041,2025-04-23,0.56704999,0.57184158,0.56704999,0.57184158,0.56704999,0.57184158
25443,AOI-0041,2025-05-20,0.61749232,0.64253850,0.61749232,0.64253850,0.61749232,0.64253850
25457,AOI-0041,2025-06-22,0.35867358,0.36772936,0.35867358,0.36772936,0.35867358,0.36772936
25459,AOI-0041,2025-06-27,0.44308143,0.42048498,0.44308143,0.42048498,0.44308143,0.42048498
25472,AOI-0041,2025-07-23,0.31720543,0.29838709,0.31720543,0.29838709,0.31720543,0.29838709
25483,AOI-0041,2025-08-19,0.25311969,0.24545683,0.25311969,0.24545683,0.25311969,0.24545683
25502,AOI-0041,2025-09-30,0.23030963,0.25084206,0.23030963,0.25084206,0.23030963,0.25084206
25528,AOI-0042,2025-04-18,0.15525536,0.15518824,,,0.15525536,
25544,AOI-0042,2025-05-04,0.16585482,0.17104899,,,0.16585482,
25584,AOI-0042,2025-06-13,0.17553728,0.18115066,,,0.17553728,
25615,AOI-0042,2025-07-14,0.13551251,0.14347591,,,0.13551251,
25617,AOI-0042,2025-07-16,0.17032671,0.17032671,,,0.17032671,
25625,AOI-0042,2025-07-24,0.15928563,0.15928563,,,0.15928563,
25649,AOI-0042,2025-08-17,0.15181956,0.14911031,,,0.15181956,
25651,AOI-0042,2025-08-19,0.13686696,0.13720524,,,0.13686696,
25656,AOI-0042,2025-08-24,0.13305919,0.13274401,,,0.13305919,
25661,AOI-0042,2025-08-29,0.14326271,0.14151648,,,0.14326271,
25678,AOI-0042,2025-09-15,0.14377054,0.14164812,,,0.14377054,
25680,AOI-0042,2025-09-17,0.15487095,0.15701307,,,0.15487095,
25695,AOI-0042,2025-10-02,0.17184148,0.16290043,,,0.17184148,
25747,AOI-0043,2025-04-24,0.22433582,0.21492984,,,0.22433582,
25752,AOI-0043,2025-04-29,0.21282297,0.21471494,,,0.21282297,
25784,AOI-0043,2025-05-31,0.16281394,0.17600305,0.15741436,0.15741436,0.16281394,0.15741436
25792,AOI-0043,2025-06-08,0.19871116,0.20585196,,,0.19871116,
25799,AOI-0043,2025-06-15,0.18072485,0.18355227,,,0.18072485,
25801,AOI-0043,2025-06-17,0.01571304,0.01571304,,,0.01571304,
25809,AOI-0043,2025-06-25,0.06336898,0.06336898,,,0.06336898,
25821,AOI-0043,2025-07-07,0.14945800,0.15530570,0.14985668,0.14985668,0.14945800,0.14985668
25827,AOI-0043,2025-07-13,0.16950368,0.16881218,,,0.16950368,
25857,AOI-0043,2025-08-12,0.16918291,0.16913222,,,0.16918291,
25900,AOI-0043,2025-09-24,0.19828739,0.19278188,0.19741608,0.19741608,0.19828739,0.19741608
25919,AOI-0043,2025-10-13,0.17882856,0.17468993,0.17899061,0.17899061,0.17882856,0.17899061
25921,AOI-0043,2025-10-15,0.17093604,0.17093604,,,0.17093604,
25952,AOI-0044,2010-04-16,,,,,,
25961,AOI-0044,2010-04-25,,,,,0.25326752,0.25326752
25975,AOI-0044,2010-05-09,0.50354109,0.50354109,,,0.43967694,0.47440267
25984,AOI-0044,2010-05-18,,,,,0.42085936,0.42085936
26009,AOI-0044,2010-06-12,0.32794265,0.32794265,,,0.29475549,0.25417724
26017,AOI-0044,2010-06-20,,,,,,
26025,AOI-0044,2010-06-28,0.27881318,0.27881318,,,0.27661276,0.27392229
26056,AOI-0044,2010-07-29,0.22599315,0.22599315,,,0.34476671,0.45907482
26064,AOI-0044,2010-08-06,,,,,0.36192106,0.36192106
26135,AOI-0044,2010-10-16,0.34331756,0.34331756,,,0.30870928,0.27468122
26144,AOI-0044,2010-10-25,0.23524083,0.23524083,,,0.22601015,0.21712651
26256,AOI-0044,2011-07-16,,,,,,
26272,AOI-0044,2011-08-01,,,,,,
26273,AOI-0044,2011-08-02,,,,,,
26348,AOI-0044,2011-10-16,0.34528691,0.34528691,0.34528691,0.34528691,0.34528691,0.35604950
26368,AOI-0044,2012-04-06,,,,,0.48295410,0.41203700
26400,AOI-0044,2012-05-08,,,,,,0.59198427
26607,AOI-0044,2013-05-02,0.28101402,0.28101402,,,0.28101402,
26608,AOI-0044,2013-05-03,,,,,,
26616,AOI-0044,2013-05-11,,,,,,
26795,AOI-0044,2014-04-07,0.34789417,0.34422472,0.34789417,0.34422472,0.34789417,0.35521093
26855,AOI-0044,2014-06-06,0.28467245,0.29387805,0.28467245,0.29387805,0.28467245,0.29387805
26863,AOI-0044,2014-06-14,0.31512209,0.31512209,0.31706454,0.31706454,0.31512209,0.31706454
26872,AOI-0044,2014-06-23,0.23761102,0.23942536,0.23761102,0.23942536,0.23761102,0.23942536
26912,AOI-0044,2014-08-02,0.17572157,0.18180424,0.17572157,0.18180424,0.17572157,0.18180424
26919,AOI-0044,2014-08-09,0.17918020,0.18323834,0.17918020,0.18323834,0.17918020,0.18323834
26939,AOI-0044,2014-08-29,0.24676667,0.24456119,0.24676667,0.24456119,0.24676667,0.26302519
26959,AOI-0044,2014-09-18,0.21361623,0.21854760,0.21361623,0.21854760,0.21361623,0.21854760
26960,AOI-0044,2014-09-19,0.18705843,0.18705843,0.18705843,0.18705843,0.18705843,0.18705843
26975,AOI-0044,2014-10-04,0.20762771,0.20812117,0.20762771,0.20812117,0.20762771,0.20812117
26983,AOI-0044,2014-10-12,0.22695937,0.21800346,0.22695937,0.21800346,0.22695937,0.21800346
26999,AOI-0044,2014-10-28,0.17557417,0.18051965,0.17557417,0.18051965,0.17557417,0.18051965
27000,AOI-0044,2014-10-29,0.20572876,0.20660011,0.20572876,0.20660011,0.20572876,0.20660011
27088,AOI-0044,2015-06-26,0.55515094,0.55515094,0.55515094,0.55515094,0.54350687,0.54350687
27119,AOI-0044,2015-07-27,0.17441715,0.17441715,0.17441715,0.17441715,0.17441715,0.17441715
27120,AOI-0044,2015-07-28,0.40940221,0.40940221,0.40940221,0.40940221,0.36669041,0.35378159
27152,AOI-0044,2015-08-29,0.27594631,0.27594631,0.27594631,0.27594631,0.25900200,0.25874060
27192,AOI-0044,2015-10-08,,,,,,
27200,AOI-0044,2015-10-16,0.33985199,0.33985199,0.33985199,0.33985199,0.21851097,0.28019961
27222,AOI-0044,2016-04-08,0.64796291,0.62101868,0.64796291,0.62101868,0.64796291,0.62101868
27252,AOI-0044,2016-05-08,0.77429972,0.77769332,0.77429972,0.77769332,0.93951120,0.90057513
27255,AOI-0044,2016-05-11,0.73406406,0.73406406,0.73406406,0.73406406,0.92047878,0.92047878
27295,AOI-0044,2016-06-20,0.42076892,0.42076892,0.42076892,0.42076892,0.42076892,0.42076892
27300,AOI-0044,2016-06-25,0.34507614,0.33744962,0.34507614,0.33744962,0.34507614,0.33744962
27318,AOI-0044,2016-07-13,0.19532738,0.19532738,0.19532738,0.19532738,0.19532738,0.19532738
27332,AOI-0044,2016-07-27,0.35562935,0.35562935,0.35562935,0.35562935,0.31897126,0.31762672
27374,AOI-0044,2016-09-07,0.24697037,0.24745589,0.24697037,0.24745589,0.24697037,0.24745589
27380,AOI-0044,2016-09-13,0.25567818,0.25567818,0.25567818,0.25567818,0.26184209,0.26529206
27399,AOI-0044,2016-10-02,,,,,0.28993300,0.28993300
27423,AOI-0044,2016-10-26,0.29420107,0.29420107,0.29420107,0.29420107,0.26896288,0.26896288
27430,AOI-0044,2017-04-03,0.20051936,0.19514080,,,0.20051936,
27431,AOI-0044,2017-04-04,0.19686339,0.19224342,,,0.19686339,
27439,AOI-0044,2017-04-12,0.22417480,0.22208955,,,0.22417480,
27515,AOI-0044,2017-06-27,,,,,,
27518,AOI-0044,2017-06-30,0.20516842,0.20531451,,,0.20516842,
27559,AOI-0044,2017-08-10,0.16371841,0.16678761,,,0.16371841,
27594,AOI-0044,2017-09-14,0.21746820,0.21575333,,,0.21746820,0.21168495
27646,AOI-0044,2018-04-06,0.67306424,0.65592576,0.67306424,0.65592576,0.67306424,0.65592576
27743,AOI-0044,2018-07-12,0.27490155,0.29804459,0.27490155,0.29804459,0.27490155,0.26721848
27750,AOI-0044,2018-07-19,,,,,,
27823,AOI-0044,2018-09-30,0.24095777,0.24712890,0.24095777,0.24712890,0.24095777,0.23630711
27878,AOI-0044,2019-04-25,0.42636706,0.43639219,0.42636706,0.42636706,0.42636706,0.42636706
27879,AOI-0044,2019-04-26,0.42018964,0.42577958,0.42018964,0.42018964,0.42018964,0.43549218
27916,AOI-0044,2019-06-02,0.63415058,0.60691764,0.63415058,0.63415058,0.63415058,0.63415058
27926,AOI-0044,2019-06-12,0.39887749,0.34527806,0.44357534,0.44357534,0.39887749,0.44357534
27934,AOI-0044,2019-06-20,0.27893776,0.27329281,0.27893776,0.27893776,0.27893776,0.27535936
27988,AOI-0044,2019-08-13,0.29774387,0.29353024,0.29774387,0.29774387,0.29774387,0.28714373
28016,AOI-0044,2019-09-10,0.18884507,0.19413850,0.18884507,0.18884507,0.18884507,0.18884507
28021,AOI-0044,2019-09-15,0.16916542,0.16916542,0.16916542,0.16916542,0.16916542,0.17295828
28022,AOI-0044,2019-09-16,0.22032753,0.22032753,0.19798062,0.19798062,0.22032753,0.19798062
28046,AOI-0044,2019-10-10,0.22689988,0.25191613,0.22689988,0.22689988,0.22689988,0.22689988
28083,AOI-0044,2020-04-17,0.23657802,0.23843769,0.21020060,0.21020060,0.23657802,0.21020060
28088,AOI-0044,2020-04-22,0.25261596,0.23664228,0.23774848,0.23774848,0.25261596,0.23774848
28113,AOI-0044,2020-05-17,0.23781526,0.23819164,0.25527353,0.25527353,0.23781526,0.25527353
28157,AOI-0044,2020-06-30,0.19476366,0.19074993,0.19269074,0.19269074,0.19476366,0.19269074
28198,AOI-0044,2020-08-10,0.14432110,0.14811375,0.14016534,0.14016534,0.14432110,0.14016534
28228,AOI-0044,2020-09-09,0.14942398,0.15801977,0.15437770,0.15437770,0.14942398,0.15437770
28229,AOI-0044,2020-09-10,0.14428936,0.14911935,0.14381428,0.14381428,0.14428936,0.14381428
28245,AOI-0044,2020-09-26,0.13913977,0.13990460,0.13211330,0.13211330,0.13913977,0.13211330
28248,AOI-0044,2020-09-29,0.15412984,0.15859462,0.15280869,0.15280869,0.15412984,0.15280869
28263,AOI-0044,2020-10-14,0.15818291,0.15818291,0.15818291,0.15818291,0.15818291,0.15818291
28270,AOI-0044,2020-10-21,0.16097995,0.16097995,0.14724747,0.14724747,0.16097995,0.14724747
28321,AOI-0044,2021-05-12,0.72744448,0.72744448,0.72744448,0.72744448,0.72744448,0.72744448
28326,AOI-0044,2021-05-17,,,,,,
28334,AOI-0044,2021-05-25,,,,,,
28386,AOI-0044,2021-07-16,0.16239802,0.16239802,0.16239802,0.16239802,0.16239802,0.16239802
28391,AOI-0044,2021-07-21,0.18562969,0.18562969,0.18562969,0.18562969,0.18562969,0.18562969
28462,AOI-0044,2021-09-30,0.27731869,0.27731869,0.27731869,0.27731869,0.27731869,0.27731869
28469,AOI-0044,2021-10-07,0.15737778,0.15737778,0.15737778,0.15737778,0.15737778,0.15737778
28549,AOI-0044,2022-05-27,0.61866664,0.61866664,0.61866664,0.61866664,0.61866664,0.61866664
28559,AOI-0044,2022-06-06,0.68690647,0.68690647,0.68690647,0.68690647,0.68690647,0.68690647
28565,AOI-0044,2022-06-12,0.60196888,0.60196888,0.60196888,0.60196888,0.60196888,0.60196888
28590,AOI-0044,2022-07-07,0.23499736,0.23499736,0.23499736,0.23499736,0.23499736,0.23499736
28624,AOI-0044,2022-08-10,0.20933031,0.20245920,0.20933031,0.20245920,0.20933031,0.20245920
28627,AOI-0044,2022-08-13,0.15233089,0.16265339,0.15233089,0.16265339,0.15233089,0.16265339
28638,AOI-0044,2022-08-24,0.20585318,0.20585318,0.20585318,0.20585318,0.20585318,0.20585318
28670,AOI-0044,2022-09-25,0.22151297,0.22151297,0.22151297,0.22151297,0.22151297,0.22151297
28675,AOI-0044,2022-09-30,0.23548329,0.23348011,0.23548329,0.23348011,0.23548329,0.23348011
28707,AOI-0044,2023-04-02,,,,,,
28712,AOI-0044,2023-04-07,,,,,,
28772,AOI-0044,2023-06-06,0.26723402,0.26723402,0.26723402,0.26723402,0.26723402,0.26723402
28796,AOI-0044,2023-06-30,0.26809553,0.26809553,0.26809553,0.26809553,0.26809553,0.26809553
28801,AOI-0044,2023-07-05,,,,,,
28805,AOI-0044,2023-07-09,,,,,,
28807,AOI-0044,2023-07-11,,,,,,
28812,AOI-0044,2023-07-16,0.23263487,0.23263487,0.23263487,0.23263487,0.23263487,0.23263487
28821,AOI-0044,2023-07-25,,,,,,
28832,AOI-0044,2023-08-05,,,,,,
28852,AOI-0044,2023-08-25,0.20306923,0.20306923,0.20306923,0.20306923,0.20306923,0.20306923
28888,AOI-0044,2023-09-30,,,,,,
28902,AOI-0044,2023-10-14,,,,,,
28924,AOI-0044,2024-04-06,0.80993404,0.79774716,0.80993404,0.79774716,0.84782357,0.82278635
28932,AOI-0044,2024-04-14,0.80369152,0.77309806,0.80369152,0.77309806,0.78878124,0.80086223
28984,AOI-0044,2024-06-05,0.65456964,0.65456964,0.65456964,0.65456964,0.65456964,0.65456964
29077,AOI-0044,2024-09-06,0.15896945,0.15896945,0.15896945,0.15896945,0.15317247,0.14582989
29092,AOI-0044,2024-09-21,0.14509269,0.14769377,0.14509269,0.14769377,0.12384279,0.13797898
29133,AOI-0044,2025-04-02,0.22526869,0.22416454,0.22983352,0.22983352,0.22526869,0.22983352
29181,AOI-0044,2025-05-20,0.22205169,0.21737988,0.22285610,0.22285610,0.22205169,0.22285610
29228,AOI-0044,2025-07-06,0.21368749,0.21532430,0.21673895,0.21673895,0.21368749,0.21673895
29232,AOI-0044,2025-07-10,0.15778992,0.16071733,0.15151532,0.15151532,0.15778992,0.15151532
29267,AOI-0044,2025-08-14,0.14513288,0.15057090,0.15066598,0.15066598,0.14513288,0.15066598
29307,AOI-0044,2025-09-23,0.15621985,0.15761569,0.16556800,0.16556800,0.15621985,0.16556800
29317,AOI-0044,2025-10-03,0.16125965,0.16556594,0.16376646,0.16376646,0.16125965,0.16376646
29329,AOI-0044,2025-10-15,0.16186087,0.16186087,,,0.16186087,
29370,AOI-0045,2025-04-26,0.18811143,0.18811143,0.18811143,0.18811143,0.18811143,0.18811143
29420,AOI-0045,2025-06-15,0.16705032,0.16705032,0.15381112,0.15381112,0.16705032,0.15381112
29432,AOI-0045,2025-06-27,0.16672444,0.16871876,0.16672444,0.16672444,0.16672444,0.16672444
29434,AOI-0045,2025-06-29,0.21575669,0.21575669,0.22246835,0.22246835,0.21575669,0.22246835
29466,AOI-0045,2025-07-31,0.19582598,0.19582598,0.19582598,0.19582598,0.19582598,0.19582598
29479,AOI-0045,2025-08-13,0.21576791,0.20745414,0.21576791,0.21163155,0.21576791,0.21163155
29481,AOI-0045,2025-08-15,0.19276198,0.18919650,0.19276198,0.19276198,0.19276198,0.19276198
29482,AOI-0045,2025-08-16,0.13648132,0.13982230,0.13648132,0.13648132,0.13648132,0.13648132
29527,AOI-0045,2025-09-30,0.21790273,0.20965280,0.21790273,0.21790273,0.21790273,0.21790273
29542,AOI-0045,2025-10-15,0.16221182,0.16221182,,,0.16221182,
29644,AOI-0046,2010-06-26,,,,,,
29660,AOI-0046,2010-07-12,,,,,,
29724,AOI-0046,2010-09-14,,,,,,
29830,AOI-0046,2011-05-30,0.43752083,0.43752083,,,0.43752083,
29909,AOI-0046,2011-08-17,0.23327814,0.23327814,,,0.23327814,
30005,AOI-0046,2012-04-22,,,,,0.38542019,
30012,AOI-0046,2012-04-29,,,,,0.38653952,
30053,AOI-0046,2012-06-09,,,,,0.39580621,
30221,AOI-0046,2013-04-25,,,,,,
30235,AOI-0046,2013-05-09,,,,,0.35459804,
30268,AOI-0046,2013-06-11,,,,,0.35529755,
30284,AOI-0046,2013-06-27,0.30859818,0.30859818,,,0.32533668,
30308,AOI-0046,2013-07-21,0.44476220,0.44476220,,,0.38455747,
30315,AOI-0046,2013-07-28,,,,,0.31592270,
30317,AOI-0046,2013-07-30,,,,,,
30464,AOI-0046,2014-05-25,0.60778444,0.64317362,0.60778444,0.64317362,0.60778444,0.64328216
30468,AOI-0046,2014-05-29,0.76182757,0.74861498,0.76182757,0.74861498,0.76182757,0.74861498
30501,AOI-0046,2014-07-01,0.26549661,0.24742618,0.26549661,0.24742618,0.26549661,0.24742618
30512,AOI-0046,2014-07-12,0.26680481,0.26946419,0.26680481,0.26946419,0.26680481,0.26837634
30532,AOI-0046,2014-08-01,0.20490321,0.20196639,0.20490321,0.20196639,0.20490321,0.20196639
30556,AOI-0046,2014-08-25,0.15584743,0.15117406,0.15584743,0.15117406,0.15584743,0.15117406
30581,AOI-0046,2014-09-19,0.17307362,0.17307362,0.17307362,0.17307362,0.17307362,0.17307362
30669,AOI-0046,2015-05-17,0.29970494,0.29970494,,,0.29970494,
30725,AOI-0046,2015-07-12,0.30901828,0.29703726,,,0.30901828,
30797,AOI-0046,2015-09-22,0.20741303,0.20741303,,,0.20741303,
30821,AOI-0046,2015-10-16,0.26001191,0.26001191,,,0.26001191,
30867,AOI-0046,2016-05-02,0.81420619,0.81420619,0.81420619,0.81420619,0.81420619,0.81420619
30875,AOI-0046,2016-05-10,0.90957523,0.90957523,0.90957523,0.90957523,0.90957523,0.90957523
30883,AOI-0046,2016-05-18,0.82892079,0.84636111,0.82892079,0.84636111,0.82892079,0.84636111
30899,AOI-0046,2016-06-03,0.76376785,0.77561959,0.76376785,0.77561959,0.76376785,0.77561959
30905,AOI-0046,2016-06-09,0.67768906,0.66662066,0.67768906,0.66662066,0.67768906,0.66662066
30939,AOI-0046,2016-07-13,0.24062550,0.24062550,0.24062550,0.24062550,0.24062550,0.24062550
30956,AOI-0046,2016-07-30,0.33550941,0.33550941,0.33550941,0.33550941,0.33550941,0.33550941
31020,AOI-0046,2016-10-02,0.29028875,0.29028875,0.29028875,0.29028875,0.29028875,0.29028875
31035,AOI-0046,2016-10-17,0.27838929,0.27525423,0.27838929,0.27525423,0.27838929,0.27525423
31043,AOI-0046,2016-10-25,0.26502204,0.25363941,0.26502204,0.25363941,0.26502204,0.25363941
31061,AOI-0046,2017-04-13,0.37276081,0.43220789,0.37276081,0.43220789,0.37276081,0.43220789
31136,AOI-0046,2017-06-27,,,,,,
31141,AOI-0046,2017-07-02,0.29535465,0.29506826,0.29535465,0.29506826,0.29535465,0.29506826
31163,AOI-0046,2017-07-24,0.25404938,0.26557918,0.25404938,0.26557918,0.25404938,0.26557918
31179,AOI-0046,2017-08-09,0.19591606,0.19355489,0.19591606,0.19355489,0.19591606,0.19355489
31191,AOI-0046,2017-08-21,0.20112211,0.20545310,0.20112211,0.20545310,0.20112211,0.20545310
31211,AOI-0046,2017-09-10,0.25950755,0.25675134,0.25950755,0.25675134,0.25950755,0.25675134
31216,AOI-0046,2017-09-15,0.32500352,0.29608074,0.32500352,0.29608074,0.32500352,0.29608074
31243,AOI-0046,2017-10-12,0.35936374,0.33879033,0.35936374,0.33879033,0.35936374,0.33879033
31300,AOI-0046,2018-05-09,,,,,,
31323,AOI-0046,2018-06-01,0.20687155,0.20687155,,,0.20687155,
31372,AOI-0046,2018-07-20,0.18496736,0.18496736,,,0.18496736,
31403,AOI-0046,2018-08-20,0.15855881,0.15855881,,,0.15855881,
31412,AOI-0046,2018-08-29,0.15604202,0.15604202,,,0.15604202,
31459,AOI-0046,2018-10-15,0.19956082,0.19956082,,,0.19956082,
31468,AOI-0046,2018-10-24,,,,,,
31475,AOI-0046,2019-04-01,0.26098484,0.24308060,0.26098484,0.24308060,0.26098484,0.24308060
31492,AOI-0046,2019-04-18,0.55294669,0.49523074,0.55294669,0.49523074,0.55294669,0.49523074
31523,AOI-0046,2019-05-19,0.77060617,0.76006692,0.77060617,0.76006692,0.77060617,0.76006692
31597,AOI-0046,2019-08-01,0.31157807,0.30020295,0.31157807,0.30020295,0.31157807,0.30020295
31628,AOI-0046,2019-09-01,0.21648601,0.21890602,0.21648601,0.21648601,0.21648601,0.21648601
31677,AOI-0046,2019-10-20,0.34455308,0.29591950,0.34455308,0.29591950,0.34455308,0.29591950
31691,AOI-0046,2020-04-04,0.49738509,0.49738509,0.49738509,0.49738509,0.49738509,0.49738509
31694,AOI-0046,2020-04-07,0.82035696,0.79631118,0.82035696,0.79631118,0.82035696,0.79631118
31725,AOI-0046,2020-05-08,0.86957600,0.86286547,0.86957600,0.86286547,0.86957600,0.86286547
31741,AOI-0046,2020-05-24,0.84025056,0.79955146,0.84025056,0.79955146,0.84025056,0.79955146
31757,AOI-0046,2020-06-09,0.77141284,0.77782397,0.77141284,0.77782397,0.77141284,0.77782397
31850,AOI-0046,2020-09-10,0.13514729,0.13811805,0.13514729,0.13811805,0.13514729,0.13811805
31853,AOI-0046,2020-09-13,0.22564848,0.22187096,0.22564848,0.22187096,0.22564848,0.22187096
31866,AOI-0046,2020-09-26,0.09966628,0.10250010,0.09966628,0.10250010,0.09966628,0.10250010
31891,AOI-0046,2020-10-21,0.31687014,0.31687014,0.31687014,0.31687014,0.31687014,0.31687014
31932,AOI-0046,2021-05-02,,,,,,
31955,AOI-0046,2021-05-25,,,,,,
32002,AOI-0046,2021-07-11,,,,,,
32019,AOI-0046,2021-07-28,,,,,,
32035,AOI-0046,2021-08-13,,,,,,
32042,AOI-0046,2021-08-20,,,,,,
32051,AOI-0046,2021-08-29,,,,,,
32059,AOI-0046,2021-09-06,,,,,,
32179,AOI-0046,2022-06-05,,,,,,
32228,AOI-0046,2022-07-24,,,,,,
32233,AOI-0046,2022-07-29,,,,,,
32234,AOI-0046,2022-07-30,,,,,,
32259,AOI-0046,2022-08-24,,,,,,
32265,AOI-0046,2022-08-30,,,,,,
32328,AOI-0046,2023-04-02,0.57173644,0.57173644,0.57173644,0.57173644,0.57173644,0.57173644
32355,AOI-0046,2023-04-29,,,,,,
32362,AOI-0046,2023-05-06,0.77725478,0.75718285,0.77725478,0.75718285,0.77725478,0.75718285
32408,AOI-0046,2023-06-21,0.62692616,0.62692616,0.62692616,0.62692616,0.62692616,0.62692616
32411,AOI-0046,2023-06-24,0.53738993,0.53738993,0.53738993,0.53738993,0.53738993,0.53738993
32439,AOI-0046,2023-07-22,,,,,,
32442,AOI-0046,2023-07-25,0.29307871,0.29307871,0.29307871,0.29307871,0.29307871,0.29307871
32461,AOI-0046,2023-08-13,0.06924861,0.08236751,0.06924861,0.08236751,0.06924861,0.08236751
32466,AOI-0046,2023-08-18,0.10798569,0.11668726,0.10798569,0.11668726,0.10798569,0.11668726
32473,AOI-0046,2023-08-25,0.16114163,0.16114163,0.16114163,0.16114163,0.16114163,0.16114163
32475,AOI-0046,2023-08-27,,,,,,
32476,AOI-0046,2023-08-28,0.11648782,0.12452052,0.11648782,0.12452052,0.11648782,0.12452052
32522,AOI-0046,2023-10-13,0.27698521,0.27698521,0.27698521,0.27698521,0.27698521,0.27698521
32538,AOI-0046,2023-10-29,0.31239000,0.31239000,0.31239000,0.31239000,0.31239000,0.31239000
32545,AOI-0046,2024-04-06,0.80583441,0.79992864,0.80583441,0.79992864,0.80583441,0.83155656
32577,AOI-0046,2024-05-08,0.87582027,0.87582027,0.87582027,0.87582027,0.87582027,0.89406459
32578,AOI-0046,2024-05-09,0.89233203,0.89233203,0.89233203,0.89233203,0.89233203,0.90406078
32601,AOI-0046,2024-06-01,0.68465767,0.68465767,0.68465767,0.68465767,0.68465767,0.68465767
32609,AOI-0046,2024-06-09,0.55372478,0.52489926,0.55372478,0.52489926,0.55372478,0.55643055
32633,AOI-0046,2024-07-03,0.21413584,0.20206925,0.21413584,0.20206925,0.21413584,0.21263616
32649,AOI-0046,2024-07-19,0.20567258,0.20800917,0.20567258,0.20800917,0.20567258,0.20800917
32670,AOI-0046,2024-08-09,0.13813064,0.14164787,0.13813064,0.14164787,0.13813064,0.14164787
32681,AOI-0046,2024-08-20,0.19910230,0.20518401,0.19910230,0.20518401,0.19910230,0.20518401
32689,AOI-0046,2024-08-28,0.20455611,0.20933790,0.20455611,0.20933790,0.20455611,0.20429683
32705,AOI-0046,2024-09-13,0.14814775,0.15031077,0.14814775,0.15031077,0.14814775,0.16020635
32714,AOI-0046,2024-09-22,0.19969219,0.19969219,0.19969219,0.19969219,0.19969219,0.19969219
32735,AOI-0046,2024-10-13,0.16017700,0.16017700,0.16017700,0.16017700,0.16017700,0.16017700
32843,AOI-0046,2025-06-30,0.54968848,0.58762635,0.54968848,0.58762635,0.54968848,0.58762635
32858,AOI-0046,2025-07-15,0.53251725,0.49328016,0.53251725,0.49328016,0.53251725,0.49328016
32881,AOI-0046,2025-08-07,0.27782855,0.31514277,0.32491382,0.35766398,0.27782855,0.35766398
32889,AOI-0046,2025-08-15,0.38779366,0.38616911,0.38779366,0.38616911,0.38779366,0.38616911
32929,AOI-0046,2025-09-24,0.23134610,0.23650953,0.23134610,0.23650953,0.23134610,0.23650953
32937,AOI-0046,2025-10-02,0.24679431,0.24708160,0.24679431,0.24708160,0.24679431,0.24708160
33003,AOI-0047,2025-05-08,0.82615385,0.80407938,0.82615385,0.80407938,0.82615385,0.80407938
33011,AOI-0047,2025-05-16,0.84290249,0.85151106,0.84290249,0.85151106,0.84290249,0.85151106
33020,AOI-0047,2025-05-25,0.74266893,0.74054440,0.74266893,0.74054440,0.74266893,0.74054440
33041,AOI-0047,2025-06-15,0.33845912,0.32417873,0.33845912,0.32417873,0.33845912,0.32417873
33073,AOI-0047,2025-07-17,0.15797525,0.16625468,0.15797525,0.16625468,0.15797525,0.16625468
33074,AOI-0047,2025-07-18,0.16188870,0.16418241,0.16188870,0.16418241,0.16188870,0.16418241
33121,AOI-0047,2025-09-03,0.14615234,0.12413383,0.14615234,0.12413383,0.14615234,0.12413383
33163,AOI-0047,2025-10-15,0.16952788,0.16627703,0.16952788,0.16627703,0.16952788,0.16627703
33164,AOI-0047,2025-10-16,0.24975661,0.22527517,0.24975661,0.22527517,0.24975661,0.22527517
33185,AOI-0048,2025-04-07,0.72636157,0.72261390,0.72636157,0.72261390,0.72636157,0.72261390
33195,AOI-0048,2025-04-17,0.69196432,0.66662018,0.69196432,0.66662018,0.69196432,0.66662018
33217,AOI-0048,2025-05-09,0.73568624,0.74298309,0.73568624,0.74298309,0.73568624,0.74298309
33348,AOI-0048,2025-09-17,0.18517733,0.18411830,0.18517733,0.18411830,0.18517733,0.18411830
33355,AOI-0048,2025-09-24,0.18309576,0.18335831,0.18309576,0.18335831,0.18309576,0.18335831
33425,AOI-0049,2025-05-04,0.73125087,0.74736282,0.73125087,0.74736282,0.73125087,0.74736282
33478,AOI-0049,2025-06-26,0.32749625,0.31415716,0.32749625,0.31415716,0.32749625,0.31415716
33479,AOI-0049,2025-06-27,0.23661902,0.22690575,0.23661902,0.22690575,0.23661902,0.22690575
33511,AOI-0049,2025-07-29,0.20058947,0.19906876,0.20058947,0.19906876,0.20058947,0.19906876
33519,AOI-0049,2025-08-06,0.18371013,0.19128606,0.18371013,0.19128606,0.18371013,0.19128606
33525,AOI-0049,2025-08-12,0.17625580,0.17239915,0.17625580,0.17239915,0.17625580,0.17239915
33530,AOI-0049,2025-08-17,0.16824116,0.16526014,0.16824116,0.16526014,0.16824116,0.16526014
33550,AOI-0049,2025-09-06,0.19480965,0.17728156,0.19480965,0.17728156,0.19480965,0.17728156
33558,AOI-0049,2025-09-14,0.22852195,0.22249804,0.22852195,0.22249804,0.22852195,0.22249804
33570,AOI-0049,2025-09-26,0.17084184,0.15817678,0.17084184,0.15817678,0.17084184,0.15817678
33574,AOI-0049,2025-09-30,0.25972995,0.25640371,0.25972995,0.25640371,0.25972995,0.25640371
33582,AOI-0049,2025-10-08,0.13404875,0.15154422,0.13404875,0.15154422,0.13404875,0.15154422
33590,AOI-0049,2025-10-16,0.19346789,0.18247975,0.19346789,0.18247975,0.19346789,0.18247975
33602,AOI-0049,2025-10-28,0.13068841,0.19519044,0.13068841,0.19519044,0.13068841,0.19519044
33608,AOI-0050,2025-04-14,0.35078907,0.34357393,0.34861161,0.34861161,0.35078907,0.34861161
33609,AOI-0050,2025-04-15,,,,,,
33619,AOI-0050,2025-05-25,0.48911514,0.54178361,0.60435718,0.60435718,0.48911514,0.60435718
33627,AOI-0050,2025-06-27,0.39650087,0.42008089,0.43238924,0.43238924,0.39650087,0.43238924
33640,AOI-0050,2025-08-07,0.34735178,0.34189234,0.33066266,0.33066266,0.34735178,0.33066266
33641,AOI-0050,2025-08-09,0.32971250,0.32628446,0.30304764,0.30304764,0.32971250,0.30304764
33643,AOI-0050,2025-08-13,0.37519646,0.36993306,0.38607824,0.38607824,0.37519646,0.38607824
33644,AOI-0050,2025-08-17,0.34198914,0.34061586,0.34611104,0.34611104,0.34198914,0.34611104
33653,AOI-0050,2025-09-07,0.34060586,0.34503959,,,0.34060586,
33663,AOI-0050,2025-09-30,0.38742944,0.38427399,0.40951965,0.40951965,0.38742944,0.40951965
33666,AOI-0050,2025-10-17,0.34150225,0.34344200,0.38489162,0.38489162,0.34150225,0.38489162
33667,AOI-0050,2025-10-28,0.36388968,0.37131814,,,0.36388968,
33677,AOI-0051,2010-06-09,,,,,0.64640904,0.64640904
33705,AOI-0051,2011-06-04,,,,,0.45051037,
33706,AOI-0051,2011-06-05,0.48159271,0.53012647,0.48159271,0.53012647,0.48159271,0.53012647
33708,AOI-0051,2011-06-12,,,,,0.53996466,
33709,AOI-0051,2011-06-13,0.47681491,0.47681491,0.47681491,0.47681491,0.47681491,0.47681491
33724,AOI-0051,2011-09-01,,,,,,
33731,AOI-0051,2011-10-11,,,,,,
33737,AOI-0051,2012-04-27,,,,,0.49728046,
33741,AOI-0051,2012-05-22,,,,,0.46176647,
33752,AOI-0051,2012-08-12,,,,,0.46144699,0.59180707
33753,AOI-0051,2012-08-26,,,,,0.44058341,
33754,AOI-0051,2012-08-28,,,,,0.47438066,
33757,AOI-0051,2012-09-18,,,,,,
33759,AOI-0051,2012-10-13,,,,,0.50020508,
33768,AOI-0051,2013-05-01,0.70214247,0.70214247,0.70214247,0.70214247,0.70214247,0.70214247
33780,AOI-0051,2013-07-19,0.40461651,0.40461651,0.40461651,0.40461651,0.40461651,0.40461651
33783,AOI-0051,2013-07-28,0.40417048,0.40417048,0.40417048,0.40417048,0.40417048,0.42117695
33789,AOI-0051,2013-08-29,0.42842873,0.42842873,0.42842873,0.42842873,0.42842873,0.42987562
33794,AOI-0051,2013-10-07,0.40522850,0.40522850,0.40522850,0.40522850,0.40522850,0.40522850
33796,AOI-0051,2013-10-16,,,,,,0.72984163
33802,AOI-0051,2014-04-18,0.80004669,0.79470453,0.80004669,0.79470453,0.80004669,0.79470453
33810,AOI-0051,2014-06-05,0.65400331,0.60345351,0.65400331,0.65400331,0.65400331,0.65400331
33811,AOI-0051,2014-06-10,0.54672250,0.56685020,0.54672250,0.54672250,0.54672250,0.56028127
33815,AOI-0051,2014-06-28,0.43966409,0.43966409,0.43966409,0.43966409,0.43966409,0.43966409
33830,AOI-0051,2014-09-08,,,,,,
33832,AOI-0051,2014-09-16,0.43302114,0.43302114,0.43302114,0.43302114,0.43302114,0.43302114
33839,AOI-0051,2015-04-07,0.48437922,0.44588262,0.51485406,0.51485406,0.48437922,0.47230022
33848,AOI-0051,2015-05-23,0.42224291,0.49211803,0.51438704,0.51438704,0.42224291,0.51438704
33853,AOI-0051,2015-06-10,0.64306205,0.64749728,0.67103458,0.67103458,0.64306205,0.68656881
33854,AOI-0051,2015-06-15,,,,,,
33855,AOI-0051,2015-06-26,0.54309496,0.56555317,0.49754464,0.49754464,0.54309496,0.52534184
33871,AOI-0051,2015-09-14,0.42911357,0.42146236,0.40757338,0.40757338,0.42911357,0.46173532
33873,AOI-0051,2015-09-20,0.44523154,0.42881024,0.44818180,0.44818180,0.44523154,0.44818180
33878,AOI-0051,2015-10-06,0.31306175,0.31651954,0.36924047,0.36924047,0.31306175,0.36924047
33882,AOI-0051,2016-04-06,0.70336359,0.70336359,0.70336359,0.70336359,0.70064987,0.64403950
33893,AOI-0051,2016-06-25,0.55151937,0.55151937,0.55151937,0.55151937,0.55151937,0.56566696
33897,AOI-0051,2016-07-12,0.38810258,0.38810258,0.38810258,0.38810258,0.43024799,0.39629750
33905,AOI-0051,2016-08-28,0.32434550,0.32434550,0.32434550,0.32434550,0.38032181,0.37742398
33910,AOI-0051,2016-09-14,0.47381067,0.47381067,0.47381067,0.47381067,0.43956116,0.43956116
33911,AOI-0051,2016-09-29,0.53696553,0.53696553,0.53696553,0.53696553,0.48626536,0.48128720
33914,AOI-0051,2016-10-24,0.37748348,0.37748348,0.37748348,0.37748348,0.37884838,0.37884838
33933,AOI-0051,2017-05-28,,,,,,
33939,AOI-0051,2017-06-21,,,,,,
33941,AOI-0051,2017-06-28,,,,,,
33942,AOI-0051,2017-07-06,,,,,,
33945,AOI-0051,2017-07-23,,,,,,
33967,AOI-0051,2017-09-25,,,,,,
33968,AOI-0051,2017-09-30,,,,,,
33972,AOI-0051,2017-10-16,,,,,,
33978,AOI-0051,2018-04-11,0.57764516,0.57141770,0.57764516,0.57141770,0.57764516,0.57141770
33981,AOI-0051,2018-04-28,0.41816044,0.41816044,,,0.41816044,0.67689373
33982,AOI-0051,2018-04-29,0.73646955,0.71447083,0.73646955,0.71447083,0.73646955,0.71447083
33989,AOI-0051,2018-05-30,0.63841772,0.63841772,,,0.63841772,0.53036432
33998,AOI-0051,2018-06-26,0.38374611,0.37583711,0.38374611,0.37583711,0.38374611,0.38200472
34000,AOI-0051,2018-07-02,0.24775496,0.26601016,0.24775496,0.26601016,0.24775496,0.26001528
34007,AOI-0051,2018-08-02,,,,,,
34010,AOI-0051,2018-08-18,0.23504539,0.23504539,,,0.23504539,
34018,AOI-0051,2018-09-14,0.33671934,0.33383213,0.33671934,0.33383213,0.33671934,0.33383213
34020,AOI-0051,2018-09-19,0.31461564,0.31461564,,,0.31461564,
34027,AOI-0051,2018-10-14,0.25814150,0.25877859,0.25814150,0.25877859,0.25814150,0.25877859
34041,AOI-0051,2019-05-17,0.67391967,0.67391967,0.67391967,0.67391967,0.67391967,0.67391967
34045,AOI-0051,2019-05-31,0.75171994,0.75171994,0.75171994,0.75171994,0.75171994,0.75171994
34054,AOI-0051,2019-06-25,0.23649867,0.23649867,0.23649867,0.23649867,0.23649867,0.23649867
34057,AOI-0051,2019-06-30,0.32684642,0.32684642,0.32684642,0.32684642,0.32684642,0.32684642
34062,AOI-0051,2019-07-29,0.25780693,0.25780693,0.25780693,0.25780693,0.25780693,0.25780693
34063,AOI-0051,2019-08-05,0.29621003,0.29621003,0.29621003,0.29621003,0.29621003,0.29621003
34066,AOI-0051,2019-08-13,0.30273052,0.31950892,0.30273052,0.31950892,0.30273052,0.31950892
34070,AOI-0051,2019-08-22,0.29037737,0.29037737,0.29037737,0.29037737,0.29037737,0.29037737
34076,AOI-0051,2019-09-13,0.21690824,0.21690824,0.21690824,0.21690824,0.21690824,0.21690824
34085,AOI-0051,2019-10-16,0.40086086,0.39858545,0.40086086,0.39858545,0.40086086,0.39858545
34098,AOI-0051,2020-04-26,0.53216406,0.53216406,0.53216406,0.53216406,0.53216406,0.53216406
34112,AOI-0051,2020-06-09,0.76623838,0.79470351,0.76623838,0.79470351,0.76623838,0.79470351
34118,AOI-0051,2020-07-04,0.40759437,0.38987275,0.40759437,0.40759437,0.40759437,0.40759437
34128,AOI-0051,2020-07-27,0.31201796,0.37777949,0.31201796,0.37777949,0.31201796,0.37777949
34141,AOI-0051,2020-08-31,0.31079292,0.31500634,0.31079292,0.31500634,0.31079292,0.31500634
34144,AOI-0051,2020-09-07,0.23516622,0.25891365,0.23516622,0.23516622,0.23516622,0.23516622
34159,AOI-0051,2020-10-27,0.29985950,0.29985950,,,0.29985950,
34166,AOI-0051,2021-05-06,,,,,,
34180,AOI-0051,2021-06-23,,,,,,
34192,AOI-0051,2021-07-19,0.29237582,0.29237582,0.29237582,0.29237582,0.32304173,0.29237582
34196,AOI-0051,2021-07-28,0.39711352,0.39711352,0.39711352,0.39711352,0.40331482,0.39711352
34202,AOI-0051,2021-08-23,0.28394127,0.28394127,0.28394127,0.28394127,0.28394127,0.28394127
34203,AOI-0051,2021-08-28,0.28901050,0.28901050,0.28901050,0.28901050,0.31923900,0.28901050
34204,AOI-0051,2021-08-29,0.42146858,0.42146858,0.42146858,0.42146858,0.42671447,0.42146858
34205,AOI-0051,2021-09-03,,,,,,
34206,AOI-0051,2021-09-07,0.29756437,0.29756437,0.29756437,0.29756437,0.29756437,0.29756437
34213,AOI-0051,2021-10-02,0.29936283,0.29936283,0.29936283,0.29936283,0.29936283,0.29936283
34218,AOI-0051,2021-10-21,,,,,,
34226,AOI-0051,2022-05-09,0.40401647,0.45442319,0.40401647,0.45442319,0.40401647,0.40907871
34232,AOI-0051,2022-05-26,0.55826204,0.55826204,0.55826204,0.55826204,0.55826204,0.55826204
34233,AOI-0051,2022-05-27,,,,,0.32627617,0.32627617
34239,AOI-0051,2022-06-11,0.66680703,0.66680703,0.66680703,0.66680703,0.69078234,0.66645693
34241,AOI-0051,2022-06-19,0.65964342,0.69301434,0.65964342,0.69301434,0.65964342,0.69301434
34244,AOI-0051,2022-06-30,0.74936498,0.76305671,0.74936498,0.76305671,0.74936498,0.76305671
34247,AOI-0051,2022-07-09,0.70944041,0.71076820,0.70944041,0.71076820,0.70944041,0.71076820
34248,AOI-0051,2022-07-12,0.70354319,0.69708828,0.70354319,0.69708828,0.70354319,0.69708828
34255,AOI-0051,2022-07-22,,,,,0.70462935,0.70462935
34256,AOI-0051,2022-07-24,0.75530077,0.73961523,0.75530077,0.73961523,0.75530077,0.73961523
34258,AOI-0051,2022-07-29,0.71394229,0.71650883,0.71394229,0.71650883,0.71394229,0.71650883
34263,AOI-0051,2022-08-13,0.69752815,0.66496566,0.69752815,0.66496566,0.69752815,0.66496566
34269,AOI-0051,2022-08-28,0.49101547,0.47607375,0.49101547,0.47607375,0.49101547,0.47607375
34273,AOI-0051,2022-09-06,0.52528372,0.52528372,0.52528372,0.52528372,0.52528372,0.52528372
34275,AOI-0051,2022-09-14,0.52703486,0.47897954,0.52703486,0.47897954,0.52703486,0.47897954
34281,AOI-0051,2022-10-07,0.37990582,0.37591553,0.37990582,0.37591553,0.37990582,0.37591553
34284,AOI-0051,2022-10-15,0.42141817,0.41187784,0.42141817,0.41187784,0.42141817,0.41187784
34289,AOI-0051,2023-04-23,0.81986196,0.80203386,0.81986196,0.80203386,0.81986196,0.80203386
34318,AOI-0051,2023-07-31,0.37792966,0.37792966,0.37792966,0.37792966,0.37792966,0.37792966
34329,AOI-0051,2023-08-28,0.33019562,0.33151817,0.33019562,0.33151817,0.33019562,0.33151817
34334,AOI-0051,2023-09-09,,,,,,
34343,AOI-0051,2023-09-27,0.34971982,0.34779070,0.34971982,0.34779070,0.34971982,0.34779070
34347,AOI-0051,2023-10-04,0.33928193,0.34681744,0.33928193,0.34681744,0.33928193,0.34681744
34355,AOI-0051,2024-04-05,0.46258435,0.46258435,,,0.46258435,
34361,AOI-0051,2024-05-04,0.43401652,0.47452095,0.56555260,0.56555260,0.43401652,0.56555260
34365,AOI-0051,2024-05-22,0.47056607,0.47823503,0.55108786,0.55108786,0.47056607,0.55108786
34369,AOI-0051,2024-06-03,0.42597882,0.42597882,,,0.42597882,
34376,AOI-0051,2024-06-23,0.49982906,0.49982906,,,0.49982906,
34391,AOI-0051,2024-07-28,0.28593694,0.29680286,0.28377682,0.28377682,0.28593694,0.28377682
34401,AOI-0051,2024-08-27,0.28326343,0.28326343,0.27721301,0.27721301,0.28326343,0.27721301
34404,AOI-0051,2024-09-03,0.32469743,0.32469743,,,0.32469743,
34417,AOI-0051,2024-10-01,0.28288007,0.28527369,0.28461415,0.28461415,0.28288007,0.28461415
34418,AOI-0051,2024-10-05,0.31548684,0.31548684,,,0.31548684,
34419,AOI-0051,2024-10-06,0.28448279,0.28707678,0.27376357,0.27376357,0.28448279,0.27376357
34421,AOI-0051,2024-10-15,0.34296383,0.34126669,0.32568566,0.32568566,0.34296383,0.32568566
34435,AOI-0051,2025-05-09,0.80316337,0.79829878,0.80316337,0.79829878,0.80316337,0.79829878
34442,AOI-0051,2025-06-10,0.44537700,0.41940148,0.44537700,0.41940148,0.44537700,0.41940148
34448,AOI-0051,2025-06-27,0.30005538,0.32903340,0.30005538,0.32903340,0.30005538,0.32903340
34450,AOI-0051,2025-07-05,0.26206405,0.26214462,0.26206405,0.26214462,0.26206405,0.26214462
34452,AOI-0051,2025-07-10,0.22192523,0.22680355,0.22192523,0.22680355,0.22192523,0.22680355
34460,AOI-0051,2025-08-05,0.25706088,0.26271301,0.25706088,0.26271301,0.25706088,0.26271301
34463,AOI-0051,2025-08-12,0.18957418,0.18421292,0.18957418,0.18421292,0.18957418,0.18421292
34479,AOI-0051,2025-09-15,0.21833533,0.20884706,0.21833533,0.20884706,0.21833533,0.20884706
34480,AOI-0051,2025-09-16,0.19138035,0.18528648,0.19138035,0.18528648,0.19138035,0.18528648
34509,AOI-0052,2025-04-19,0.16877309,0.16655593,0.16877309,0.16877309,0.16877309,0.16877309
34559,AOI-0052,2025-06-08,0.48064465,0.48811848,0.48064465,0.48811848,0.48064465,0.48811848
34562,AOI-0052,2025-06-11,0.48313689,0.47514591,0.51361254,0.51361254,0.48313689,0.51361254
34586,AOI-0052,2025-07-05,0.58760281,0.57006592,0.58760281,0.57006592,0.58760281,0.57006592
34599,AOI-0052,2025-07-18,0.33388429,0.34267951,0.33388429,0.34267951,0.33388429,0.34267951
34634,AOI-0052,2025-08-22,0.18914061,0.18951114,0.18914061,0.18914061,0.18914061,0.18914061
34639,AOI-0052,2025-08-27,0.16911742,0.20408675,0.16911742,0.20408675,0.16911742,0.20408675
34649,AOI-0052,2025-09-06,0.17787234,0.16561113,0.17787234,0.17787234,0.17787234,0.17787234
34657,AOI-0052,2025-09-14,0.20271631,0.20177840,0.20271631,0.20271631,0.20271631,0.20271631
34690,AOI-0052,2025-10-17,0.17507655,0.17507655,0.18614984,0.18614984,0.17507655,0.18614984
34714,AOI-0053,2025-04-11,0.70818001,0.69696771,0.70818001,0.69696771,0.70818001,0.69696771
34717,AOI-0053,2025-04-14,0.68961466,0.70176219,0.68961466,0.70176219,0.68961466,0.70176219
34719,AOI-0053,2025-04-16,0.67055755,0.68819927,0.67055755,0.68819927,0.67055755,0.68819927
34722,AOI-0053,2025-04-19,0.79871170,0.80082953,0.79871170,0.80082953,0.79871170,0.80082953
34726,AOI-0053,2025-04-23,0.81687989,0.81694927,0.81687989,0.81694927,0.81687989,0.81694927
34790,AOI-0053,2025-06-26,0.39934241,0.37147554,0.39934241,0.37147554,0.39934241,0.37147554
34822,AOI-0053,2025-07-28,0.12743261,0.12686182,0.12743261,0.12686182,0.12743261,0.12686182
34827,AOI-0053,2025-08-02,0.12804988,0.13010494,0.12804988,0.13010494,0.12804988,0.13010494
34834,AOI-0053,2025-08-09,0.11640485,0.12019392,0.11640485,0.12019392,0.11640485,0.12019392
34837,AOI-0053,2025-08-12,0.13254923,0.13031121,0.13254923,0.13031121,0.13254923,0.13031121
34854,AOI-0053,2025-08-29,0.13819741,0.14070390,0.13819741,0.14070390,0.13819741,0.14070390
34857,AOI-0053,2025-09-01,0.12018872,0.11988018,0.12018872,0.11988018,0.12018872,0.11988018
34863,AOI-0053,2025-09-07,0.17323586,0.17005227,0.17323586,0.17005227,0.17323586,0.17005227
34867,AOI-0053,2025-09-11,0.15091354,0.15199280,0.15091354,0.15199280,0.15091354,0.15199280
34870,AOI-0053,2025-09-14,0.19649916,0.20131825,0.19649916,0.20131825,0.19649916,0.20131825
34871,AOI-0053,2025-09-15,0.19185135,0.19182412,0.19185135,0.19182412,0.19185135,0.19182412
34877,AOI-0053,2025-09-21,0.15715214,0.15989487,0.15715214,0.15989487,0.15715214,0.15989487
34882,AOI-0053,2025-09-26,0.17314392,0.16551380,0.17314392,0.16551380,0.17314392,0.16551380
34914,AOI-0053,2025-10-28,0.18089299,0.23047883,0.18089299,0.23047883,0.18089299,0.23047883
34927,AOI-0054,2025-04-11,,,,,,
34935,AOI-0054,2025-04-19,0.67465988,0.67465988,,,0.67465988,
34950,AOI-0054,2025-05-04,0.67317918,0.67317918,,,0.67317918,
34980,AOI-0054,2025-06-03,0.74060570,0.74060570,,,0.74060570,
35035,AOI-0054,2025-07-28,0.67445239,0.67445239,,,0.67445239,
35050,AOI-0054,2025-08-12,0.66626297,0.66626297,,,0.66626297,
35090,AOI-0054,2025-09-21,0.66500524,0.66500524,,,0.66500524,
35099,AOI-0054,2025-09-30,0.70035724,0.70035724,,,0.70035724,
35115,AOI-0054,2025-10-16,0.71333395,0.71333395,,,0.71333395,
35130,AOI-0055,2025-04-01,0.39405404,0.38054349,0.39405404,0.38054349,0.39405404,0.38054349
35132,AOI-0055,2025-04-11,0.43955883,0.45010540,,,0.43955883,
35140,AOI-0055,2025-05-09,0.50208521,0.49457227,0.50208521,0.49457227,0.50208521,0.49457227
35154,AOI-0055,2025-07-04,0.54944750,0.53068516,,,0.54944750,
35155,AOI-0055,2025-07-05,0.49416262,0.50655131,0.49416262,0.49416262,0.49416262,0.49416262
35156,AOI-0055,2025-07-08,0.46634151,0.46860637,0.46634151,0.46860637,0.46634151,0.46860637
35162,AOI-0055,2025-07-23,0.43112105,0.42227915,0.41011034,0.41011034,0.43112105,0.41011034
35172,AOI-0055,2025-08-17,0.39268010,0.39406696,0.39268010,0.39406696,0.39268010,0.39406696
35184,AOI-0055,2025-09-14,0.40906701,0.41385930,0.40906701,0.41385930,0.40906701,0.41385930
35187,AOI-0055,2025-09-22,0.41852454,0.41678444,,,0.41852454,
35198,AOI-0056,2025-04-23,0.76196927,0.77416354,0.76196927,0.77416354,0.76196927,0.77416354
35206,AOI-0056,2025-05-24,0.73034766,0.73992247,0.73034766,0.73992247,0.73034766,0.73992247
35211,AOI-0056,2025-06-10,0.41794843,0.40396328,0.41794843,0.40396328,0.41794843,0.40396328
35214,AOI-0056,2025-06-19,0.34842709,0.34541526,0.34842709,0.34541526,0.34842709,0.34541526
35223,AOI-0056,2025-07-18,0.18623163,0.19035872,0.18623163,0.19035872,0.18623163,0.19035872
35225,AOI-0056,2025-07-23,0.18873482,0.18930476,0.18873482,0.18930476,0.18873482,0.18930476
35233,AOI-0056,2025-08-09,0.15479231,0.16615844,0.15479231,0.16615844,0.15479231,0.16615844
35243,AOI-0056,2025-09-06,0.20038512,0.19307169,0.20038512,0.19307169,0.20038512,0.19307169
35245,AOI-0056,2025-09-08,0.15660467,0.15156669,0.15660467,0.15156669,0.15660467,0.15156669
35255,AOI-0056,2025-10-16,0.25794961,0.24525375,0.25794961,0.24525375,0.25794961,0.24525375
35266,AOI-0057,2025-05-04,0.78294125,0.78092011,0.78294125,0.78092011,0.78294125,0.78092011
35267,AOI-0057,2025-05-09,0.74281136,0.72649477,0.74281136,0.72649477,0.74281136,0.72649477
35270,AOI-0057,2025-05-19,0.74304579,0.76273668,0.74304579,0.76273668,0.74304579,0.76273668
35276,AOI-0057,2025-06-26,0.32786828,0.35200965,0.32786828,0.35200965,0.32786828,0.35200965
35277,AOI-0057,2025-06-27,0.25688929,0.25981348,0.25688929,0.25981348,0.25688929,0.25981348
35281,AOI-0057,2025-07-10,0.19211642,0.18233739,0.19211642,0.18233739,0.19211642,0.18233739
35283,AOI-0057,2025-07-13,0.17653474,0.16749782,0.17653474,0.16749782,0.17653474,0.16749782
35284,AOI-0057,2025-07-18,0.14984538,0.15482973,0.14984538,0.15482973,0.14984538,0.15482973
35291,AOI-0057,2025-08-05,0.21278399,0.22092281,0.21278399,0.22092281,0.21278399,0.22092281
35302,AOI-0057,2025-08-27,0.16028363,0.16043804,0.16028363,0.16043804,0.16028363,0.16043804
35305,AOI-0057,2025-09-01,0.15788583,0.15452262,0.15788583,0.15452262,0.15788583,0.15452262
35312,AOI-0057,2025-09-21,0.17253755,0.17175483,0.17253755,0.17175483,0.17253755,0.17175483
35343,AOI-0058,2010-04-23,0.46503771,0.46503771,0.46503771,0.46503771,0.47647845,0.46503771
35455,AOI-0058,2010-08-13,0.30178271,0.30178271,0.30178271,0.30178271,0.34578580,0.30178271
35471,AOI-0058,2010-08-29,0.27270958,0.27270958,0.27270958,0.27270958,0.31406016,0.27270958
35478,AOI-0058,2010-09-05,0.27235183,0.27235183,0.27235183,0.27235183,0.27235183,0.27235183
35535,AOI-0058,2011-04-02,,,,,,
35559,AOI-0058,2011-04-26,,,,,,
35606,AOI-0058,2011-06-12,,,,,,
35639,AOI-0058,2011-07-15,,,,,,
35684,AOI-0058,2011-08-29,,,,,0.50294584,
35687,AOI-0058,2011-09-01,,,,,,
35718,AOI-0058,2011-10-02,,,,,,
35743,AOI-0058,2011-10-27,,,,,,
35768,AOI-0058,2012-04-22,0.55779392,0.55779392,,,0.56203051,
35816,AOI-0058,2012-06-09,0.63882022,0.63882022,,,0.61958908,
35830,AOI-0058,2012-06-23,0.54492577,0.54492577,,,0.54492577,
35848,AOI-0058,2012-07-11,0.61084390,0.61084390,,,0.51898992,
35880,AOI-0058,2012-08-12,,,,,0.50224132,
35910,AOI-0058,2012-09-11,0.47003315,0.47003315,,,0.47003315,
35966,AOI-0058,2013-04-07,,,,,,0.13069625
35982,AOI-0058,2013-04-23,,,,,,0.38386116
35998,AOI-0058,2013-05-09,,,,,,0.46186818
36029,AOI-0058,2013-06-09,,,,,,0.26211677
36030,AOI-0058,2013-06-10,,,,,,
36061,AOI-0058,2013-07-11,,,,,,0.46469103
36069,AOI-0058,2013-07-19,,,,,,0.49282208
36109,AOI-0058,2013-08-28,,,,,,
36158,AOI-0058,2013-10-16,,,,,,0.35026042
36166,AOI-0058,2013-10-24,,,,,,
36197,AOI-0058,2014-04-25,0.88369942,0.88369942,0.88369942,0.88369942,0.88369942,0.88369942
36238,AOI-0058,2014-06-05,0.59948668,0.59948668,0.59948668,0.59948668,0.59948668,0.59948668
36243,AOI-0058,2014-06-10,0.47057983,0.47057983,0.47057983,0.47057983,0.47057983,0.52283253
36339,AOI-0058,2014-09-14,0.39190976,0.37112261,0.39190976,0.37112261,0.39190976,0.40736716
36413,AOI-0058,2015-04-28,0.44980676,0.44980676,0.44980676,0.44980676,0.44980676,0.44980676
36424,AOI-0058,2015-05-09,0.65394325,0.67675015,0.72847028,0.72847028,0.65394325,0.73843391
36541,AOI-0058,2015-09-03,0.45541976,0.45541976,0.45541976,0.45541976,0.45541976,0.45541976
36565,AOI-0058,2015-09-27,0.41050873,0.41050873,0.41050873,0.41050873,0.41050873,0.41050873
36604,AOI-0058,2016-04-06,0.81218551,0.81218551,0.81218551,0.81218551,0.71059499,0.73247542
36628,AOI-0058,2016-04-30,0.87963204,0.87963204,0.87963204,0.87963204,0.87963204,0.87963204
36668,AOI-0058,2016-06-09,0.76771804,0.76771804,0.76771804,0.76771804,0.75647029,0.77164524
36716,AOI-0058,2016-07-27,0.47478642,0.47478642,0.47478642,0.47478642,0.49070363,0.48405084
36717,AOI-0058,2016-07-28,0.50737611,0.51144288,0.50737611,0.51144288,0.50737611,0.51144288
36733,AOI-0058,2016-08-13,0.49788756,0.49593267,0.49788756,0.49593267,0.49788756,0.49593267
36836,AOI-0058,2017-04-25,0.82920474,0.82920474,0.82920474,0.82920474,0.82920474,0.82920474
36917,AOI-0058,2017-07-15,0.37255200,0.37255200,0.37255200,0.37255200,0.37255200,0.37255200
36977,AOI-0058,2017-09-13,0.19333293,0.19296539,0.19333293,0.19296539,0.19333293,0.19296539
36980,AOI-0058,2017-09-16,0.20982590,0.20982590,0.20982590,0.20982590,0.20982590,0.20982590
37069,AOI-0058,2018-05-15,0.64937081,0.67366926,0.64766170,0.64766170,0.64937081,0.64766170
37141,AOI-0058,2018-07-26,0.42987645,0.43626892,0.43531736,0.43531736,0.42987645,0.43531736
37148,AOI-0058,2018-08-02,,,,,,
37260,AOI-0058,2019-04-23,,,,,,
37292,AOI-0058,2019-05-25,0.89895765,0.89895765,0.89895765,0.89895765,0.89895765,0.89895765
37323,AOI-0058,2019-06-25,0.23273165,0.23273165,0.23273165,0.23273165,0.23273165,0.23273165
37325,AOI-0058,2019-06-27,0.29023054,0.29023054,0.29023054,0.29023054,0.29023054,0.29023054
37332,AOI-0058,2019-07-04,0.26315841,0.26315841,0.26315841,0.26315841,0.26315841,0.26315841
37389,AOI-0058,2019-08-30,0.20347231,0.20347231,0.20347231,0.20347231,0.20347231,0.20347231
37418,AOI-0058,2019-09-28,0.09413269,0.09413269,0.09413269,0.09413269,0.09413269,0.09413269
37420,AOI-0058,2019-09-30,0.49536254,0.49536254,0.49536254,0.49536254,0.49536254,0.49536254
37467,AOI-0058,2020-04-17,0.36483905,0.39452154,0.36483905,0.36483905,0.36483905,0.36483905
37484,AOI-0058,2020-05-04,0.51934738,0.52904985,0.48415519,0.48415519,0.51934738,0.48415519
37516,AOI-0058,2020-06-05,0.61073587,0.60261224,0.64249614,0.64249614,0.61073587,0.64249614
37540,AOI-0058,2020-06-29,0.43397490,0.42134423,0.48651027,0.48651027,0.43397490,0.48651027
37547,AOI-0058,2020-07-06,0.40299420,0.40370544,0.44220957,0.44220957,0.40299420,0.44220957
37563,AOI-0058,2020-07-22,0.41280791,0.41280791,0.41280791,0.41280791,0.41280791,0.41280791
37571,AOI-0058,2020-07-30,0.38574166,0.38574166,0.38574166,0.38574166,0.38574166,0.38574166
37579,AOI-0058,2020-08-07,0.37743161,0.37743161,0.37743161,0.37743161,0.37743161,0.37743161
37584,AOI-0058,2020-08-12,0.46148310,0.44409953,0.46148310,0.46148310,0.46148310,0.46148310
37595,AOI-0058,2020-08-23,0.33002213,0.32102438,0.33002213,0.32102438,0.33002213,0.32102438
37600,AOI-0058,2020-08-28,0.37756890,0.36393323,0.37756890,0.36393323,0.37756890,0.36393323
37627,AOI-0058,2020-09-24,0.33442344,0.34588965,0.33442344,0.34588965,0.33442344,0.34588965
37660,AOI-0058,2020-10-27,0.34200152,0.33506779,,,0.34200152,
37678,AOI-0058,2021-04-15,,,,,,
37702,AOI-0058,2021-05-09,,,,,,
37724,AOI-0058,2021-05-31,,,,,,
37763,AOI-0058,2021-07-09,,,,,,
37768,AOI-0058,2021-07-14,,,,,,
37779,AOI-0058,2021-07-25,,,,,,
37798,AOI-0058,2021-08-13,,,,,,
37813,AOI-0058,2021-08-28,,,,,,
37843,AOI-0058,2021-09-27,,,,,,
37947,AOI-0058,2022-06-10,0.80036167,0.80036167,0.80036167,0.80036167,0.80036167,0.80036167
37955,AOI-0058,2022-06-18,0.67438183,0.67438183,0.67438183,0.67438183,0.67438183,0.67438183
37971,AOI-0058,2022-07-04,0.28110900,0.28110900,0.28110900,0.28110900,0.28110900,0.28110900
37979,AOI-0058,2022-07-12,0.31327770,0.29434003,0.31327770,0.29434003,0.31327770,0.29434003
37984,AOI-0058,2022-07-17,0.29219934,0.29219934,0.29219934,0.29219934,0.29219934,0.29219934
37996,AOI-0058,2022-07-29,0.24528179,0.23624940,0.24528179,0.23624940,0.24528179,0.23624940
38043,AOI-0058,2022-09-14,0.17099757,0.19373945,0.17099757,0.19373945,0.17099757,0.19373945
38128,AOI-0058,2023-05-09,0.62219048,0.62219048,0.62219048,0.62219048,0.62219048,0.62219048
38139,AOI-0058,2023-05-20,,,,,,
38178,AOI-0058,2023-06-28,,,,,,
38228,AOI-0058,2023-08-17,,,,,,
38244,AOI-0058,2023-09-02,,,,,,
38252,AOI-0058,2023-09-10,,,,,,
38269,AOI-0058,2023-09-27,0.47003234,0.47003234,0.47003234,0.47003234,0.47003234,0.47003234
38284,AOI-0058,2023-10-12,,,,,,
38311,AOI-0058,2024-04-09,0.72486621,0.73644719,0.72486621,0.73644719,0.72486621,0.73644719
38341,AOI-0058,2024-05-09,0.75761430,0.76069736,0.75761430,0.76069736,0.75761430,0.76069736
38366,AOI-0058,2024-06-03,0.69890942,0.66311260,0.69890942,0.66311260,0.69890942,0.66311260
38386,AOI-0058,2024-06-23,0.32718285,0.31273633,0.32718285,0.31273633,0.32718285,0.31273633
38391,AOI-0058,2024-06-28,0.35755555,0.33017450,0.35755555,0.33017450,0.35755555,0.33017450
38402,AOI-0058,2024-07-09,,,,,,
38419,AOI-0058,2024-07-26,0.28086780,0.27018581,0.28086780,0.27018581,0.28086780,0.27018581
38420,AOI-0058,2024-07-27,0.29320646,0.29319738,0.29320646,0.29319738,0.29320646,0.29319738
38442,AOI-0058,2024-08-18,0.28934055,0.28934055,0.28934055,0.28934055,0.28934055,0.28934055
38451,AOI-0058,2024-08-27,0.20335049,0.21568390,0.20335049,0.21568390,0.20335049,0.21568390
38452,AOI-0058,2024-08-28,0.28591593,0.28452227,0.28591593,0.28452227,0.28591593,0.28452227
38476,AOI-0058,2024-09-21,0.22951534,0.23319756,0.22951534,0.23319756,0.22951534,0.23319756
38483,AOI-0058,2024-09-28,0.24635446,0.25305442,0.24635446,0.25305442,0.24635446,0.25305442
38486,AOI-0058,2024-10-01,0.23503412,0.23789161,0.23503412,0.23789161,0.23503412,0.23789161
38515,AOI-0058,2024-10-30,0.26956076,0.26956076,0.26956076,0.26956076,0.26956076,0.26956076
38522,AOI-0058,2025-04-07,0.41359136,0.42952503,0.49459352,0.49459352,0.41359136,0.49459352
38531,AOI-0058,2025-04-16,0.32419701,0.31214579,,,0.32419701,
38539,AOI-0058,2025-04-24,0.42005819,0.42081315,0.53714046,0.53714046,0.42005819,0.53714046
38624,AOI-0058,2025-07-18,0.28816557,0.28920012,0.27055416,0.27055416,0.28816557,0.27055416
38634,AOI-0058,2025-07-28,0.25932364,0.26380489,0.22186514,0.22186514,0.25932364,0.22186514
38639,AOI-0058,2025-08-02,0.24601417,0.25240693,0.24369024,0.24369024,0.24601417,0.24369024
38643,AOI-0058,2025-08-06,0.26058036,0.27155383,0.23283862,0.23283862,0.26058036,0.23283862
38646,AOI-0058,2025-08-09,0.18874231,0.19284020,0.18655442,0.18655442,0.18874231,0.18655442
38649,AOI-0058,2025-08-12,0.21318085,0.22752728,0.19292917,0.19292917,0.21318085,0.19292917
38651,AOI-0058,2025-08-14,0.26092725,0.24002616,,,0.26092725,
38682,AOI-0058,2025-09-14,0.23943199,0.23809762,0.23733025,0.23733025,0.23943199,0.23733025
38690,AOI-0058,2025-09-22,0.24576184,0.24576184,0.23707605,0.23707605,0.24576184,0.23707605
38740,AOI-0059,2010-06-26,0.69696712,0.69696712,0.69696712,0.69696712,0.62037790,0.66628255
38742,AOI-0059,2010-07-19,0.59842713,0.59842713,0.59842713,0.59842713,0.50975186,0.50975186
38748,AOI-0059,2010-08-28,0.34066956,0.34066956,0.34066956,0.34066956,0.34066956,0.34066956
38759,AOI-0059,2011-04-23,,,,,,0.80476342
38763,AOI-0059,2011-05-27,,,,,,
38764,AOI-0059,2011-05-28,,,,,,
38768,AOI-0059,2011-06-12,,,,,,
38771,AOI-0059,2011-06-26,,,,,,0.61125866
38773,AOI-0059,2011-07-07,,,,,,
38776,AOI-0059,2011-07-28,,,,,,0.58902040
38779,AOI-0059,2011-08-08,,,,,,
38782,AOI-0059,2011-08-23,,,,,,
38796,AOI-0059,2012-04-04,,,,,,
38814,AOI-0059,2012-08-12,,,,,,0.40785439
38815,AOI-0059,2012-08-26,,,,,,
38817,AOI-0059,2012-09-11,,,,,,
38821,AOI-0059,2012-10-13,,,,,,
38831,AOI-0059,2013-05-09,,,,,,
38837,AOI-0059,2013-06-18,,,,,,
38844,AOI-0059,2013-07-20,,,,,,
38848,AOI-0059,2013-08-13,,,,,,
38850,AOI-0059,2013-08-21,,,,,,
38858,AOI-0059,2013-10-16,,,,,,
38867,AOI-0059,2014-05-09,0.81119428,0.80064521,0.81119428,0.80064521,0.81119428,0.83636525
38899,AOI-0059,2014-10-27,0.21681659,0.20297636,0.21681659,0.20297636,0.21681659,0.20297636
38903,AOI-0059,2015-04-13,,,,,,
38907,AOI-0059,2015-05-22,0.51982146,0.51982146,0.51982146,0.51982146,0.51982146,0.51982146
38910,AOI-0059,2015-06-07,0.58682597,0.58682597,0.58682597,0.58682597,0.58682597,0.58682597
38921,AOI-0059,2015-08-02,0.78435885,0.78435885,0.78435885,0.78435885,0.78435885,0.78435885
38923,AOI-0059,2015-08-10,0.70596991,0.70596991,0.70596991,0.70596991,0.70596991,0.70596991
38928,AOI-0059,2015-08-29,0.50965643,0.50965643,0.50965643,0.50965643,0.50965643,0.53490257
38935,AOI-0059,2015-09-27,0.43122827,0.43122827,0.43122827,0.43122827,0.43122827,0.43122827
38937,AOI-0059,2015-09-30,0.48843832,0.48843832,0.48843832,0.48843832,0.48843832,0.46906570
38952,AOI-0059,2016-05-25,0.88436425,0.88436425,0.88436425,0.88436425,0.88436425,0.88436425
38960,AOI-0059,2016-07-04,0.28147988,0.28147988,0.28147988,0.28147988,0.28147988,0.28147988
38975,AOI-0059,2016-09-14,0.31175854,0.31175854,0.31175854,0.31175854,0.31175854,0.31175854
38978,AOI-0059,2016-10-24,0.23116450,0.23116450,0.23116450,0.23116450,0.23116450,0.23116450
38979,AOI-0059,2017-04-02,0.41510998,0.45054311,0.41510998,0.45054311,0.41510998,0.45054311
38989,AOI-0059,2017-05-06,0.93093237,0.92106592,0.93093237,0.92106592,0.93093237,0.92106592
38995,AOI-0059,2017-05-27,0.67796828,0.67796828,0.67796828,0.67796828,0.67796828,0.67796828
38997,AOI-0059,2017-06-04,0.83575274,0.83575274,0.83575274,0.83575274,0.83575274,0.83575274
38999,AOI-0059,2017-06-10,0.79348127,0.79921227,0.79348127,0.79921227,0.79348127,0.79921227
39009,AOI-0059,2017-07-12,0.41303914,0.41303914,0.41303914,0.41303914,0.41303914,0.39922869
39011,AOI-0059,2017-07-23,0.28275163,0.28275163,0.28275163,0.28275163,0.28275163,0.28275163
39013,AOI-0059,2017-07-28,0.39818129,0.42601771,0.39818129,0.42601771,0.39818129,0.42601771
39019,AOI-0059,2017-08-13,0.32101859,0.32692182,0.32101859,0.32692182,0.32101859,0.32692182
39022,AOI-0059,2017-08-29,0.13864319,0.13864319,0.13864319,0.13864319,0.13864319,0.14579704
39030,AOI-0059,2017-09-24,0.23254178,0.23254178,0.23254178,0.23254178,0.23254178,0.23254178
39041,AOI-0059,2018-04-07,,,,,,
39052,AOI-0059,2018-05-22,,,,,,
39055,AOI-0059,2018-05-31,,,,,,
39065,AOI-0059,2018-07-09,,,,,,
39068,AOI-0059,2018-07-18,,,,,,
39069,AOI-0059,2018-07-26,,,,,,
39071,AOI-0059,2018-08-02,,,,,,
39072,AOI-0059,2018-08-10,,,,,,
39073,AOI-0059,2018-08-13,,,,,,
39090,AOI-0059,2018-10-06,,,,,,
39100,AOI-0059,2019-04-11,0.63875953,0.63875953,0.63875953,0.63875953,0.63875953,0.63875953
39101,AOI-0059,2019-04-21,0.83777371,0.83307726,0.83777371,0.83307726,0.83777371,0.83307726
39102,AOI-0059,2019-04-23,0.79160613,0.79160613,0.79160613,0.79160613,0.78272935,0.79512325
39109,AOI-0059,2019-05-21,0.88497364,0.88929795,0.88497364,0.88929795,0.88497364,0.88877280
39112,AOI-0059,2019-06-02,0.79211507,0.78548142,0.79211507,0.78548142,0.79211507,0.78590340
39113,AOI-0059,2019-06-05,0.66710125,0.65230111,0.66710125,0.65230111,0.66710125,0.65230111
39114,AOI-0059,2019-06-10,0.75029624,0.68380524,0.75029624,0.68380524,0.75029624,0.71506287
39116,AOI-0059,2019-06-15,0.52886070,0.48943133,0.52886070,0.48943133,0.52886070,0.48943133
39123,AOI-0059,2019-06-30,0.23857968,0.23857968,0.23857968,0.23857968,0.24448889,0.24448889
39129,AOI-0059,2019-07-29,0.25190543,0.25190543,0.25190543,0.25190543,0.24349981,0.24349981
39135,AOI-0059,2019-08-21,0.22678774,0.22678774,0.22678774,0.22678774,0.21027417,0.22907769
39137,AOI-0059,2019-08-24,0.15327423,0.16044550,0.15327423,0.16044550,0.15327423,0.17169932
39140,AOI-0059,2019-09-03,0.14852039,0.15601516,0.14852039,0.15601516,0.14852039,0.15601516
39151,AOI-0059,2019-10-13,0.20185426,0.20938588,0.20185426,0.20938588,0.20185426,0.20938588
39156,AOI-0059,2019-10-24,0.21989800,0.21989800,0.21989800,0.21989800,0.21989800,0.21989800
39161,AOI-0059,2020-04-09,,,,,,
39164,AOI-0059,2020-04-18,,,,,,
39166,AOI-0059,2020-04-25,,,,,,
39170,AOI-0059,2020-05-08,,,,,,
39172,AOI-0059,2020-05-12,0.39035264,0.39035264,0.39035264,0.39035264,0.39035264,0.39035264
39179,AOI-0059,2020-06-05,,,,,,
39190,AOI-0059,2020-07-11,0.79847215,0.79847215,0.79847215,0.79847215,0.79847215,0.79847215
39199,AOI-0059,2020-07-30,,,,,,
39231,AOI-0059,2020-10-26,,,,,,
39249,AOI-0059,2021-06-19,,,,,,
39250,AOI-0059,2021-06-23,,,,,,
39253,AOI-0059,2021-06-29,,,,,,
39266,AOI-0059,2021-07-28,,,,,,
39267,AOI-0059,2021-07-29,,,,,,
39271,AOI-0059,2021-08-18,,,,,,
39273,AOI-0059,2021-08-28,,,,,,
39276,AOI-0059,2021-09-07,,,,,,
39279,AOI-0059,2021-09-17,,,,,,
39282,AOI-0059,2021-09-28,,,,,,
39283,AOI-0059,2021-09-30,,,,,,
39288,AOI-0059,2021-10-16,,,,,,
39294,AOI-0059,2022-04-15,0.41159118,0.41159118,0.45677544,0.45677544,0.41159118,0.45677544
39306,AOI-0059,2022-06-10,0.73827675,0.74667531,0.73827675,0.74667531,0.75748041,0.73335195
39307,AOI-0059,2022-06-11,0.74162043,0.74162043,0.74162043,0.74162043,0.76453174,0.73969389
39322,AOI-0059,2022-07-20,0.78025539,0.78025539,0.78025539,0.78025539,0.78025539,0.78025539
39331,AOI-0059,2022-08-18,0.72845361,0.72845361,0.72519624,0.72519624,0.72845361,0.72519624
39343,AOI-0059,2022-09-27,0.43166839,0.43166839,0.43166839,0.43166839,0.43166839,0.43166839
39347,AOI-0059,2022-10-08,0.42544605,0.42544605,0.41768870,0.41768870,0.42544605,0.41768870
39362,AOI-0059,2023-05-13,0.85073489,0.85073489,0.85073489,0.85073489,0.85073489,0.85073489
39365,AOI-0059,2023-05-25,0.80308414,0.82497574,0.80308414,0.82497574,0.80308414,0.82497574
39370,AOI-0059,2023-06-18,,,,,,
39382,AOI-0059,2023-07-16,0.25745512,0.37410273,0.25745512,0.37410273,0.25745512,0.37410273
39387,AOI-0059,2023-07-29,0.15550017,0.15550017,0.15550017,0.15550017,0.15550017,0.15550017
39416,AOI-0059,2023-09-30,0.29544564,0.29576952,0.29544564,0.29576952,0.29544564,0.29576952
39421,AOI-0059,2023-10-12,0.23512164,0.23564538,0.23512164,0.23564538,0.23512164,0.23564538
39422,AOI-0059,2023-10-16,0.31168467,0.32955525,0.31168467,0.32955525,0.31168467,0.32955525
39427,AOI-0059,2024-04-04,0.22272206,0.22272206,,,0.22272206,
39431,AOI-0059,2024-04-13,0.22156292,0.22156292,,,0.22156292,
39432,AOI-0059,2024-04-22,0.38147022,0.38147022,,,0.36010384,0.36580580
39439,AOI-0059,2024-05-19,0.34244203,0.34244203,,,0.34244203,
39447,AOI-0059,2024-06-09,0.47500954,0.47500954,,,0.57387363,0.68163993
39459,AOI-0059,2024-07-13,0.29386468,0.29386468,,,0.29386468,
39460,AOI-0059,2024-07-17,0.30543327,0.30543327,,,0.30543327,
39464,AOI-0059,2024-07-27,0.40297113,0.40297113,,,0.34148008,0.28523899
39478,AOI-0059,2024-09-11,0.15925974,0.15925974,,,0.15925974,
39496,AOI-0059,2025-04-01,0.54587780,0.49445514,0.54587780,0.49445514,0.54587780,0.49445514
39502,AOI-0059,2025-04-23,0.80002602,0.83232379,0.80002602,0.83232379,0.80002602,0.83232379
39505,AOI-0059,2025-05-01,0.79162041,0.79967317,0.79162041,0.79967317,0.79162041,0.79967317
39507,AOI-0059,2025-05-09,0.78232079,0.77101834,0.78232079,0.77101834,0.78232079,0.77101834
39508,AOI-0059,2025-05-17,0.73274589,0.71245731,0.73274589,0.71245731,0.73274589,0.71245731
39515,AOI-0059,2025-06-10,0.33909759,0.34407382,0.33909759,0.34407382,0.33909759,0.34407382
39545,AOI-0059,2025-08-29,0.11769682,0.11434359,0.11769682,0.11434359,0.11769682,0.11434359
39549,AOI-0059,2025-09-07,0.16548107,0.16796779,0.16548107,0.16796779,0.16548107,0.16796779
39559,AOI-0059,2025-10-08,0.16703973,0.17239341,0.16703973,0.17239341,0.16703973,0.17239341
39561,AOI-0059,2025-10-28,0.17934418,0.23638451,0.17934418,0.23638451,0.17934418,0.23638451
39575,AOI-0060,2025-04-14,0.53231537,0.53950156,0.53231537,0.53950156,0.53231537,0.53950156
39590,AOI-0060,2025-04-29,0.73549051,0.74949572,0.73549051,0.74949572,0.73549051,0.74949572
39625,AOI-0060,2025-06-03,0.66364169,0.69438722,0.66364169,0.69438722,0.66364169,0.69438722
39656,AOI-0060,2025-07-04,0.49190957,0.49190957,0.49190957,0.49190957,0.49190957,0.49190957
39657,AOI-0060,2025-07-05,0.46403818,0.45805037,0.46403818,0.45805037,0.46403818,0.45805037
39673,AOI-0060,2025-07-21,0.38611252,0.39316673,0.38611252,0.39316673,0.38611252,0.39316673
39688,AOI-0060,2025-08-05,0.37918427,0.37918427,0.37918427,0.37918427,0.37918427,0.37918427
39712,AOI-0060,2025-08-29,0.18481218,0.17713496,0.18481218,0.17713496,0.18481218,0.17713496
39713,AOI-0060,2025-08-30,0.21359634,0.21170721,0.21359634,0.21170721,0.21359634,0.21170721
39715,AOI-0060,2025-09-01,0.13591690,0.17654388,0.13591690,0.17654388,0.13591690,0.17654388
39725,AOI-0060,2025-09-11,0.11038926,0.13919054,0.11038926,0.13919054,0.11038926,0.13919054
39776,AOI-0061,2010-04-23,,,,,,0.48249131
39782,AOI-0061,2010-05-26,,,,,,
39784,AOI-0061,2010-06-11,,,,,,
39812,AOI-0061,2011-06-30,0.50448128,0.50448128,0.50448128,0.50448128,0.50448128,0.50448128
39814,AOI-0061,2011-07-28,0.48173596,0.49184243,0.48173596,0.48173596,0.48173596,0.48512081
39823,AOI-0061,2011-09-18,0.38673768,0.39642047,0.38673768,0.39642047,0.38673768,0.39642047
39824,AOI-0061,2011-09-26,0.39578126,0.39438797,0.39578126,0.39578126,0.39578126,0.39578126
39828,AOI-0061,2012-04-06,,,,,0.63087270,0.44013188
39833,AOI-0061,2012-05-24,,,,,0.69940526,0.70651788
39842,AOI-0061,2012-08-28,,,,,0.48206637,0.48206637
39843,AOI-0061,2012-09-04,,,,,0.55361799,0.55361799
39849,AOI-0061,2012-10-22,,,,,,
39851,AOI-0061,2013-04-16,,,,,,
39858,AOI-0061,2013-06-10,,,,,,
39861,AOI-0061,2013-06-26,,,,,,
39872,AOI-0061,2013-08-29,,,,,,
39874,AOI-0061,2013-09-14,,,,,,
39877,AOI-0061,2013-10-09,,,,,,
39883,AOI-0061,2014-04-27,0.90285625,0.84006692,0.90285625,0.84006692,0.90285625,0.84006692
39891,AOI-0061,2014-06-26,0.37156014,0.37153282,0.37156014,0.37153282,0.37156014,0.36951144
39897,AOI-0061,2014-07-28,0.27763552,0.28743839,0.27763552,0.28743839,0.27763552,0.29965322
39911,AOI-0061,2015-04-07,,,,,0.37209746,0.29826375
39915,AOI-0061,2015-05-08,,,,,,
39937,AOI-0061,2015-09-29,,,,,,
39943,AOI-0061,2016-04-22,0.75494351,0.75843759,0.75494351,0.75843759,0.75494351,0.76889126
39950,AOI-0061,2016-06-19,0.53177551,0.51125913,0.53177551,0.51125913,0.53177551,0.51125913
39952,AOI-0061,2016-06-27,0.32208671,0.30637914,0.32208671,0.30637914,0.32208671,0.30637914
39955,AOI-0061,2016-07-13,0.22420235,0.22420235,0.22420235,0.22420235,0.22420235,0.22420235
39969,AOI-0061,2017-04-03,0.19485988,0.19485988,0.19485988,0.19485988,0.19485988,0.19485988
39980,AOI-0061,2017-05-25,0.67453332,0.67453332,0.67453332,0.67453332,0.67453332,0.67453332
39989,AOI-0061,2017-07-02,0.85023330,0.85023330,0.85023330,0.85023330,0.85023330,0.85023330
39996,AOI-0061,2017-07-27,0.78233551,0.78233551,0.78233551,0.78233551,0.78233551,0.78233551
40001,AOI-0061,2017-08-11,0.40318687,0.40318687,0.40318687,0.40318687,0.40318687,0.40318687
40007,AOI-0061,2017-09-02,,,,,,
40024,AOI-0061,2018-04-07,0.60543175,0.64664756,0.60543175,0.64664756,0.60543175,0.64664756
40039,AOI-0061,2018-06-10,0.70146989,0.71443524,0.70146989,0.71443524,0.70146989,0.71443524
40067,AOI-0061,2019-04-09,0.29118351,0.29118351,0.29118351,0.29118351,0.29118351,0.29118351
40078,AOI-0061,2019-05-13,0.29500649,0.29500649,0.29500649,0.29500649,0.29500649,0.29500649
40080,AOI-0061,2019-05-21,0.40077046,0.40077046,0.40077046,0.40077046,0.40077046,0.40077046
40082,AOI-0061,2019-05-25,0.69892794,0.69892794,0.69892794,0.69892794,0.69892794,0.69892794
40096,AOI-0061,2019-06-27,0.82791343,0.82791343,0.82791343,0.82791343,0.82791343,0.82791343
40103,AOI-0061,2019-07-12,0.84837078,0.84837078,0.84837078,0.84837078,0.84837078,0.84837078
40120,AOI-0061,2019-08-21,0.49589318,0.49589318,0.49589318,0.49589318,0.49589318,0.49589318
40130,AOI-0061,2019-09-14,0.41067410,0.41067410,0.41067410,0.41067410,0.41067410,0.41067410
40134,AOI-0061,2019-09-23,0.46089528,0.46089528,0.46089528,0.46089528,0.46089528,0.46089528
40141,AOI-0061,2019-10-18,0.30443306,0.30443306,0.30443306,0.30443306,0.30443306,0.30443306
40142,AOI-0061,2019-10-20,0.25370713,0.25370713,0.25370713,0.25370713,0.25370713,0.25370713
40152,AOI-0061,2020-04-17,0.57095600,0.53228249,0.57095600,0.53228249,0.57095600,0.53228249
40163,AOI-0061,2020-05-24,0.65518384,0.50335913,0.65518384,0.50335913,0.65518384,0.50335913
40181,AOI-0061,2020-07-16,0.17911107,0.18943222,0.17911107,0.18943222,0.17911107,0.18943222
40182,AOI-0061,2020-07-19,0.18686234,0.17569224,0.18686234,0.17569224,0.18686234,0.17569224
40183,AOI-0061,2020-07-24,0.18978721,0.19990871,0.18978721,0.19990871,0.18978721,0.19990871
40185,AOI-0061,2020-07-27,0.26884884,0.28165256,0.26884884,0.28165256,0.26884884,0.28165256
40190,AOI-0061,2020-08-08,0.20000052,0.20748716,0.20000052,0.20748716,0.20000052,0.20748716
40195,AOI-0061,2020-08-17,0.25233894,0.26541993,0.25233894,0.26541993,0.25233894,0.26541993
40196,AOI-0061,2020-08-18,0.17725613,0.18690900,0.17725613,0.18690900,0.17725613,0.18690900
40198,AOI-0061,2020-08-23,0.16438224,0.18088492,0.16438224,0.18088492,0.16438224,0.18088492
40211,AOI-0061,2020-09-18,0.23995661,0.24798225,0.23995661,0.24798225,0.23995661,0.24798225
40222,AOI-0061,2020-10-17,0.16803380,0.17649501,0.16803380,0.17649501,0.16803380,0.17649501
40226,AOI-0061,2020-10-29,0.12479906,0.12479906,0.12479906,0.12479906,0.12479906,0.12479906
40235,AOI-0061,2021-05-05,,,,,,
40237,AOI-0061,2021-05-08,,,,,,
40240,AOI-0061,2021-05-15,,,,,,
40265,AOI-0061,2021-07-21,,,,,,
40266,AOI-0061,2021-07-24,,,,,,
40272,AOI-0061,2021-08-04,,,,,,
40280,AOI-0061,2021-08-28,,,,,,
40281,AOI-0061,2021-08-29,,,,,,
40302,AOI-0061,2021-10-29,,,,,,
40304,AOI-0061,2022-04-09,,,,,,
40310,AOI-0061,2022-05-09,0.35006162,0.35006162,0.35006162,0.35006162,0.35006162,0.35006162
40314,AOI-0061,2022-05-22,,,,,,
40315,AOI-0061,2022-05-25,0.56643378,0.56643378,0.56643378,0.56643378,0.56643378,0.56643378
40316,AOI-0061,2022-05-27,,,,,,
40325,AOI-0061,2022-06-12,0.65450413,0.65450413,0.65450413,0.65450413,0.65450413,0.65450413
40329,AOI-0061,2022-06-29,0.78551203,0.78551203,0.78551203,0.78551203,0.78551203,0.78551203
40333,AOI-0061,2022-07-06,0.90203896,0.90203896,0.90203896,0.90203896,0.90203896,0.90203896
40338,AOI-0061,2022-07-21,0.80199827,0.80199827,0.80199827,0.80199827,0.80199827,0.80199827
40339,AOI-0061,2022-07-22,,,,,,
40342,AOI-0061,2022-07-28,0.72024081,0.72024081,0.72024081,0.72024081,0.72024081,0.72024081
40353,AOI-0061,2022-08-23,0.45080931,0.45080931,0.45080931,0.45080931,0.45080931,0.45080931
40376,AOI-0061,2023-04-07,0.59537590,0.63452112,0.59537590,0.63452112,0.59537590,0.63452112
40379,AOI-0061,2023-04-25,,,,,,
40380,AOI-0061,2023-05-05,0.68076561,0.68076561,0.68076561,0.68076561,0.68076561,0.68076561
40381,AOI-0061,2023-05-06,0.70998366,0.71120339,0.70998366,0.71120339,0.70998366,0.71120339
40385,AOI-0061,2023-05-17,0.78872608,0.78872608,0.78872608,0.78872608,0.78872608,0.78872608
40387,AOI-0061,2023-06-06,0.82300609,0.82778134,0.82300609,0.82778134,0.82300609,0.82778134
40395,AOI-0061,2023-06-21,0.55037215,0.55037215,0.55037215,0.55037215,0.55037215,0.55037215
40406,AOI-0061,2023-07-17,0.34153271,0.34153271,0.34153271,0.34153271,0.34153271,0.34153271
40407,AOI-0061,2023-07-21,0.25612110,0.25612110,0.25612110,0.25612110,0.25612110,0.25612110
40410,AOI-0061,2023-07-27,0.26478513,0.26478513,0.26478513,0.26478513,0.26478513,0.26478513
40435,AOI-0061,2023-09-24,0.17258085,0.18582826,0.17258085,0.18582826,0.17258085,0.18582826
40447,AOI-0061,2023-10-14,0.20297969,0.20297969,0.20297969,0.20297969,0.20297969,0.20297969
40452,AOI-0061,2023-10-29,0.34932676,0.34932676,0.34932676,0.34932676,0.34932676,0.34932676
40460,AOI-0061,2024-04-29,0.44029558,0.44029558,,,0.44029558,
40461,AOI-0061,2024-05-01,0.41141572,0.41141572,,,0.41141572,
40464,AOI-0061,2024-05-08,0.54959528,0.55625670,,,0.54959528,
40475,AOI-0061,2024-06-20,0.49328733,0.49328733,,,0.49328733,
40484,AOI-0061,2024-07-15,0.33594028,0.33594028,,,0.33594028,
40494,AOI-0061,2024-08-09,0.29949338,0.29949338,,,0.29949338,
40495,AOI-0061,2024-08-12,0.28305017,0.28305017,,,0.28305017,
40506,AOI-0061,2024-09-06,0.30109364,0.28470801,,,0.30109364,
40512,AOI-0061,2024-09-26,0.29630055,0.27900046,,,0.29630055,
40518,AOI-0061,2024-10-07,0.28585898,0.28585898,,,0.28585898,
40527,AOI-0061,2025-04-16,0.61056777,0.60116948,0.61056777,0.60116948,0.61056777,0.60116948
40530,AOI-0061,2025-04-19,0.74459857,0.76503563,0.74459857,0.76503563,0.74459857,0.76503563
40542,AOI-0061,2025-05-28,0.88992081,0.87206798,0.88992081,0.87206798,0.88992081,0.87206798
40553,AOI-0061,2025-06-28,0.29910201,0.31561588,0.29910201,0.31561588,0.29910201,0.31561588
40557,AOI-0061,2025-07-07,0.33434015,0.31455925,0.33434015,0.31455925,0.33434015,0.31455925
40559,AOI-0061,2025-07-10,0.28368039,0.27887858,0.28368039,0.27887858,0.28368039,0.27887858
40570,AOI-0061,2025-07-28,0.28271231,0.30527209,0.28271231,0.30527209,0.28271231,0.30527209
40581,AOI-0061,2025-08-16,0.24858182,0.24519086,0.24858182,0.24519086,0.24858182,0.24519086
40587,AOI-0061,2025-08-29,0.23035921,0.24352287,0.23035921,0.24352287,0.23035921,0.24352287
40598,AOI-0061,2025-09-24,0.29397970,0.30777265,0.29397970,0.30777265,0.29397970,0.30777265
40600,AOI-0061,2025-09-26,0.26270097,0.27757035,0.26270097,0.27757035,0.26270097,0.27757035
40607,AOI-0061,2025-10-16,0.33117388,0.34233868,0.33117388,0.34233868,0.33117388,0.34233868
40611,AOI-0062,2010-04-24,0.92181224,0.92181224,0.92181224,0.92181224,0.92181224,0.92181224
40612,AOI-0062,2010-05-09,0.70004469,0.73377673,0.70004469,0.73377673,0.70004469,0.79518567
40615,AOI-0062,2010-05-26,,,,,,
40625,AOI-0062,2010-08-13,0.36230356,0.35879185,0.36230356,0.35879185,0.36230356,0.32380754
40632,AOI-0062,2010-10-16,0.23213954,0.21032122,0.23213954,0.21032122,0.23213954,0.27478329
40641,AOI-0062,2011-06-14,0.81550492,0.81550492,0.81550492,0.81550492,0.81550492,0.81550492
40646,AOI-0062,2011-07-28,,,,,,
40657,AOI-0062,2011-10-16,0.63652973,0.63652973,0.63652973,0.63652973,0.63652973,0.63652973
40665,AOI-0062,2012-06-09,,,,,0.71600229,0.64183481
40672,AOI-0062,2012-08-28,,,,,,0.29004807
40673,AOI-0062,2012-09-04,,,,,,
40674,AOI-0062,2012-09-13,,,,,0.27124878,0.27153051
40681,AOI-0062,2013-04-23,0.51669953,0.51669953,0.51669953,0.51669953,0.51669953,0.51669953
40690,AOI-0062,2013-07-12,0.66498632,0.66498632,0.66498632,0.66498632,0.66498632,0.66498632
40693,AOI-0062,2013-07-28,,,,,,
40701,AOI-0062,2013-09-14,,,,,,
40705,AOI-0062,2013-10-16,0.22598852,0.22598852,0.22598852,0.22598852,0.22598852,0.22598852
40718,AOI-0062,2014-06-30,0.32419040,0.32419040,0.32419040,0.32419040,0.32419040,0.32419040
40733,AOI-0062,2014-10-04,0.26402426,0.26402426,0.26402426,0.26402426,0.26402426,0.26402426
40737,AOI-0062,2015-04-22,,,,,,
40741,AOI-0062,2015-05-09,0.73642872,0.73642872,0.73642872,0.73642872,0.73686298,0.73686298
40757,AOI-0062,2015-09-05,0.23885632,0.23885632,0.23885632,0.23885632,0.23885632,0.23885632
40759,AOI-0062,2015-09-21,,,,,,
40769,AOI-0062,2016-05-08,0.97482783,0.96678778,0.97482783,0.96678778,0.97482783,0.96459242
40778,AOI-0062,2016-07-11,0.29726787,0.34370505,0.29726787,0.34370505,0.29726787,0.34370505
40780,AOI-0062,2016-07-27,0.37411300,0.37411300,0.37411300,0.37411300,0.37411300,0.36802573
40787,AOI-0062,2016-09-13,0.25542203,0.25542203,0.25542203,0.25542203,0.25542203,0.25475091
40794,AOI-0062,2016-10-25,0.26453323,0.25646727,0.26453323,0.25646727,0.26453323,0.25646727
40796,AOI-0062,2017-04-07,0.31039854,0.31039854,0.31039854,0.31039854,0.31039854,0.31039854
40823,AOI-0062,2017-07-28,0.69438226,0.69438226,0.69438226,0.69438226,0.69438226,0.69438226
40838,AOI-0062,2017-09-15,0.18348797,0.18348797,0.18348797,0.18348797,0.18348797,0.18348797
40847,AOI-0062,2018-04-06,0.68730266,0.67362906,0.68730266,0.67362906,0.68730266,0.67362906
40848,AOI-0062,2018-04-07,0.61411202,0.63953654,0.61411202,0.63953654,0.61411202,0.63953654
40860,AOI-0062,2018-06-02,0.83201932,0.83177538,0.83201932,0.83177538,0.83201932,0.83177538
40864,AOI-0062,2018-06-25,0.38578456,0.38578456,0.38578456,0.38578456,0.38578456,0.38578456
40870,AOI-0062,2018-07-28,0.28932612,0.29887243,0.28932612,0.29887243,0.28932612,0.29887243
40874,AOI-0062,2018-08-28,0.20305430,0.20250374,0.20305430,0.20250374,0.20305430,0.20250374
40890,AOI-0062,2019-04-08,0.14077680,0.14077680,0.14077680,0.14077680,0.14077680,0.14077680
40892,AOI-0062,2019-04-11,0.13416453,0.13416453,0.13416453,0.13416453,0.13416453,0.13416453
40916,AOI-0062,2019-06-17,0.65752108,0.65752108,0.65752108,0.65752108,0.65752108,0.65752108
40925,AOI-0062,2019-07-06,0.53986895,0.53986895,0.53986895,0.53986895,0.53986895,0.53986895
40936,AOI-0062,2019-08-09,0.61632382,0.61632382,0.61632382,0.61632382,0.61632382,0.61632382
40943,AOI-0062,2019-08-23,0.49063252,0.49063252,0.49063252,0.49063252,0.49063252,0.49063252
40956,AOI-0062,2019-09-23,0.37525047,0.37525047,0.37525047,0.37525047,0.37525047,0.37525047
40963,AOI-0062,2019-10-18,0.21925535,0.21925535,0.21925535,0.21925535,0.21925535,0.21925535
40965,AOI-0062,2019-10-23,0.28888317,0.28888317,0.28888317,0.28888317,0.28888317,0.28888317
40968,AOI-0062,2019-10-28,0.30977588,0.30977588,0.30977588,0.30977588,0.30977588,0.30977588
40978,AOI-0062,2020-04-30,0.81013031,0.79149805,0.81013031,0.79149805,0.81013031,0.79149805
40987,AOI-0062,2020-05-30,0.75372139,0.69223841,0.75372139,0.69223841,0.75372139,0.69223841
40991,AOI-0062,2020-06-16,0.42749204,0.42462356,0.42749204,0.42462356,0.42749204,0.42462356
41005,AOI-0062,2020-07-26,0.16832741,0.18793203,0.16832741,0.18793203,0.16832741,0.18793203
41017,AOI-0062,2020-08-18,0.15510065,0.15133259,0.15510065,0.15133259,0.15510065,0.15133259
41018,AOI-0062,2020-08-20,0.13970094,0.14211266,0.13970094,0.14211266,0.13970094,0.14211266
41019,AOI-0062,2020-08-23,0.11620069,0.12936232,0.11620069,0.12936232,0.11620069,0.12936232
41020,AOI-0062,2020-08-25,0.17250122,0.16834735,0.17250122,0.16834735,0.17250122,0.16834735
41025,AOI-0062,2020-09-07,0.13201834,0.13831283,0.13201834,0.13831283,0.13201834,0.13831283
41026,AOI-0062,2020-09-09,0.18803334,0.20018853,0.18803334,0.20018853,0.18803334,0.20018853
41039,AOI-0062,2020-10-07,0.15836734,0.16212964,0.15836734,0.16212964,0.15836734,0.16212964
41042,AOI-0062,2020-10-15,0.21865109,0.23186008,0.21865109,0.23186008,0.21865109,0.23186008
41054,AOI-0062,2021-04-23,0.25505994,0.34424806,0.25505994,0.34424806,0.25505994,0.34424806
41057,AOI-0062,2021-05-05,0.23702744,0.28962992,0.23702744,0.28962992,0.23702744,0.28962992
41059,AOI-0062,2021-05-08,0.52942502,0.52942502,0.52942502,0.52942502,0.52942502,0.52942502
41061,AOI-0062,2021-05-12,,,,,,
41068,AOI-0062,2021-06-06,,,,,,
41070,AOI-0062,2021-06-10,0.73931123,0.73931123,0.73931123,0.73931123,0.73931123,0.73931123
41078,AOI-0062,2021-07-01,0.76862193,0.76862193,0.76862193,0.76862193,0.76862193,0.76862193
41089,AOI-0062,2021-07-26,0.72065120,0.72065120,0.72065120,0.72065120,0.72065120,0.72065120
41091,AOI-0062,2021-07-29,0.71054485,0.69364831,0.71054485,0.69364831,0.71054485,0.69364831
41109,AOI-0062,2021-09-12,,,,,,
41110,AOI-0062,2021-09-13,0.21757837,0.21757837,0.21757837,0.21757837,0.21757837,0.21757837
41112,AOI-0062,2021-09-19,,,,,,
41113,AOI-0062,2021-09-27,0.17951080,0.17379373,0.17951080,0.17379373,0.17951080,0.17379373
41114,AOI-0062,2021-09-29,,,,,,
41117,AOI-0062,2021-10-07,0.17093144,0.17093144,0.17093144,0.17093144,0.17093144,0.17093144
41120,AOI-0062,2021-10-16,0.32206560,0.29667730,0.32206560,0.29667730,0.32206560,0.29667730
41127,AOI-0062,2022-04-10,0.66434106,0.66898760,0.66434106,0.66898760,0.66434106,0.66898760
41131,AOI-0062,2022-04-27,0.60264462,0.55595527,0.60264462,0.55595527,0.60264462,0.55595527
41134,AOI-0062,2022-05-11,0.76840276,0.76840276,0.76840276,0.76840276,0.76840276,0.76840276
41139,AOI-0062,2022-05-25,0.88130023,0.78028928,0.88130023,0.78028928,0.88130023,0.78028928
41161,AOI-0062,2022-07-21,0.20829536,0.20047774,0.20829536,0.20047774,0.20829536,0.20047774
41163,AOI-0062,2022-07-24,0.11207632,0.13906826,0.11207632,0.13906826,0.11207632,0.13906826
41174,AOI-0062,2022-08-23,0.20981705,0.20945241,0.20981705,0.20945241,0.20981705,0.20945241
41185,AOI-0062,2022-09-14,0.10135626,0.13987178,0.10135626,0.13987178,0.10135626,0.13987178
41187,AOI-0062,2022-09-18,0.17938469,0.19215713,0.17938469,0.19215713,0.17938469,0.19215713
41190,AOI-0062,2022-09-30,0.22926748,0.22061583,0.22926748,0.22061583,0.22926748,0.22061583
41195,AOI-0062,2022-10-19,0.24525881,0.24590920,0.24525881,0.24590920,0.24525881,0.24590920
41209,AOI-0062,2023-05-17,,,,,,
41218,AOI-0062,2023-06-18,,,,,,
41221,AOI-0062,2023-06-24,,,,,,
41229,AOI-0062,2023-07-14,,,,,,
41238,AOI-0062,2023-08-05,,,,,,
41246,AOI-0062,2023-08-25,,,,,,
41255,AOI-0062,2023-09-17,,,,,,
41267,AOI-0062,2023-10-12,,,,,,
41270,AOI-0062,2023-10-16,,,,,,
41281,AOI-0062,2024-04-22,0.93558075,0.91403496,0.93558075,0.91403496,0.93558075,0.91403496
41290,AOI-0062,2024-06-03,0.78910853,0.75632645,0.78910853,0.75632645,0.78910853,0.75632645
41291,AOI-0062,2024-06-08,0.54206634,0.50422521,0.54206634,0.50422521,0.54206634,0.50422521
41297,AOI-0062,2024-06-23,0.25438987,0.23581756,0.25438987,0.23581756,0.25438987,0.23581756
41313,AOI-0062,2024-07-30,0.09967416,0.10823748,0.09967416,0.10823748,0.09967416,0.10823748
41315,AOI-0062,2024-08-04,0.11570256,0.15153190,0.11570256,0.15153190,0.11570256,0.15153190
41317,AOI-0062,2024-08-12,0.22413101,0.20281930,0.22413101,0.20281930,0.22413101,0.20281930
41326,AOI-0062,2024-09-06,0.16506042,0.15964552,0.16506042,0.15964552,0.16506042,0.15964552
41341,AOI-0062,2024-10-26,0.12042060,0.12290790,0.12042060,0.12290790,0.12042060,0.12290790
41342,AOI-0062,2025-04-01,0.17752000,0.18569797,0.17752000,0.18569797,0.17752000,0.18569797
41343,AOI-0062,2025-04-07,0.42321946,0.41162871,0.42321946,0.41162871,0.42321946,0.41162871
41344,AOI-0062,2025-04-11,0.20587170,0.22064426,0.20587170,0.22064426,0.20587170,0.22064426
41351,AOI-0062,2025-04-24,0.23521349,0.24637575,0.23521349,0.24637575,0.23521349,0.24637575
41353,AOI-0062,2025-04-29,0.20572652,0.22417058,0.20572652,0.22417058,0.20572652,0.22417058
41362,AOI-0062,2025-05-28,0.28938069,0.35878764,0.28938069,0.35878764,0.28938069,0.35878764
41373,AOI-0062,2025-06-28,0.78196420,0.81636764,0.78196420,0.81636764,0.78196420,0.81636764
41376,AOI-0062,2025-07-06,0.73429215,0.73406993,0.73429215,0.73406993,0.73429215,0.73406993
41377,AOI-0062,2025-07-07,0.66277051,0.65125207,0.66277051,0.65125207,0.66277051,0.65125207
41383,AOI-0062,2025-07-15,0.49791150,0.49791150,0.49791150,0.49791150,0.49791150,0.49791150
41387,AOI-0062,2025-07-25,0.34015394,0.34566057,0.34015394,0.34566057,0.34015394,0.34566057
41391,AOI-0062,2025-08-02,0.33205967,0.29892259,0.33205967,0.29892259,0.33205967,0.29892259
41399,AOI-0062,2025-08-17,0.28301808,0.26631958,0.28301808,0.26631958,0.28301808,0.26631958
41416,AOI-0062,2025-09-24,0.21268480,0.23084579,0.21268480,0.23084579,0.21268480,0.23084579
41419,AOI-0062,2025-09-30,0.27172442,0.27784731,0.27172442,0.27784731,0.27172442,0.27784731
41423,AOI-0062,2025-10-08,0.16704074,0.18659096,0.16704074,0.18659096,0.16704074,0.18659096
41425,AOI-0062,2025-10-13,0.18580669,0.19430776,0.18580669,0.19430776,0.18580669,0.19430776
41441,AOI-0063,2025-04-14,0.28415888,0.29541888,0.28415888,0.29541888,0.28415888,0.29541888
41446,AOI-0063,2025-04-19,0.30526676,0.30526676,0.30526676,0.30526676,0.30526676,0.30526676
41450,AOI-0063,2025-04-23,0.44334158,0.44625483,0.44334158,0.44625483,0.44334158,0.44625483
41451,AOI-0063,2025-04-24,0.27604345,0.27604345,0.27604345,0.27604345,0.27604345,0.27604345
41463,AOI-0063,2025-05-06,0.25529697,0.23521523,0.25529697,0.23521523,0.25529697,0.23521523
41482,AOI-0063,2025-05-25,0.60674356,0.59859085,0.60674356,0.59859085,0.60674356,0.59859085
41493,AOI-0063,2025-06-05,0.56762220,0.56762220,0.56762220,0.56762220,0.56762220,0.56762220
41513,AOI-0063,2025-06-25,0.85615926,0.85615926,0.85615926,0.85615926,0.85615926,0.85615926
41516,AOI-0063,2025-06-28,0.80554850,0.80554850,0.80554850,0.80554850,0.80554850,0.80554850
41518,AOI-0063,2025-06-30,0.84112904,0.84112904,0.84112904,0.84112904,0.84112904,0.84112904
41524,AOI-0063,2025-07-06,0.78116877,0.78116877,0.78116877,0.78116877,0.78116877,0.78116877
41525,AOI-0063,2025-07-07,0.51607165,0.51607165,0.51607165,0.51607165,0.51607165,0.51607165
41540,AOI-0063,2025-07-22,0.51522817,0.51522817,0.51522817,0.51522817,0.51522817,0.51522817
41572,AOI-0063,2025-08-23,0.33604479,0.32586895,0.33604479,0.32586895,0.33604479,0.32586895
41593,AOI-0063,2025-09-13,0.22661803,0.22504004,0.22661803,0.22504004,0.22661803,0.22504004
41594,AOI-0063,2025-09-14,0.35082100,0.33409556,0.35082100,0.33409556,0.35082100,0.33409556
41654,AOI-0064,2025-04-14,0.39973128,0.35761424,0.39973128,0.35761424,0.39973128,0.35761424
41663,AOI-0064,2025-04-23,0.57243351,0.59826435,0.57243351,0.59826435,0.57243351,0.59826435
41664,AOI-0064,2025-04-24,0.41102640,0.40505821,0.41102640,0.40505821,0.41102640,0.40505821
41704,AOI-0064,2025-06-03,0.76443206,0.78108399,0.76443206,0.78108399,0.76443206,0.78108399
41706,AOI-0064,2025-06-05,0.70742397,0.72055607,0.70742397,0.72055607,0.70742397,0.72055607
41727,AOI-0064,2025-06-26,0.33595402,0.33806547,0.33595402,0.33806547,0.33595402,0.33806547
41728,AOI-0064,2025-06-27,0.36437685,0.34625149,0.36437685,0.34625149,0.36437685,0.34625149
41729,AOI-0064,2025-06-28,0.21783355,0.18584448,0.21783355,0.18584448,0.21783355,0.18584448
41741,AOI-0064,2025-07-10,0.23150297,0.22155887,0.23150297,0.22155887,0.23150297,0.22155887
41774,AOI-0064,2025-08-12,0.17301552,0.18623587,0.17301552,0.18623587,0.17301552,0.18623587
41781,AOI-0064,2025-08-19,0.17002597,0.15983749,0.17002597,0.15983749,0.17002597,0.15983749
41789,AOI-0064,2025-08-27,0.17361461,0.18245289,0.17361461,0.18245289,0.17361461,0.18245289
41793,AOI-0064,2025-08-31,0.18669988,0.20192426,0.18669988,0.20192426,0.18669988,0.20192426
41806,AOI-0064,2025-09-13,0.20256349,0.20061558,0.20256349,0.20061558,0.20256349,0.20061558
41829,AOI-0064,2025-10-06,0.25665987,0.25665987,0.25665987,0.25665987,0.25665987,0.25665987
41836,AOI-0064,2025-10-13,0.24841162,0.22042675,0.24841162,0.22042675,0.24841162,0.22042675
41872,AOI-0065,2025-04-19,0.38132284,0.36054681,0.38132284,0.36054681,0.38132284,0.36054681
41884,AOI-0065,2025-05-01,0.43887105,0.39769362,0.43887105,0.39769362,0.43887105,0.39769362
41918,AOI-0065,2025-06-04,0.51089827,0.48694811,0.51089827,0.51089827,0.51089827,0.51089827
41919,AOI-0065,2025-06-05,0.51730205,0.48518175,0.51730205,0.51730205,0.51730205,0.51730205
41922,AOI-0065,2025-06-08,0.55269674,0.54313714,0.55269674,0.54313714,0.55269674,0.54313714
41940,AOI-0065,2025-06-26,0.68078310,0.66815712,0.68078310,0.66815712,0.68078310,0.66815712
41959,AOI-0065,2025-07-15,0.34753784,0.32172266,,,0.34753784,
41962,AOI-0065,2025-07-18,0.36229321,0.35764783,0.36229321,0.35764783,0.36229321,0.35764783
41982,AOI-0065,2025-08-07,0.28332416,0.28232973,0.28332416,0.28232973,0.28332416,0.28232973
41992,AOI-0065,2025-08-17,0.25458027,0.26056193,0.25458027,0.26056193,0.25458027,0.26056193
42020,AOI-0065,2025-09-14,0.31241394,0.30862816,0.31241394,0.30862816,0.31241394,0.30862816
42031,AOI-0065,2025-09-25,0.24333550,0.24482523,0.22188674,0.22188674,0.24333550,0.22188674
42036,AOI-0065,2025-09-30,0.31284374,0.32641896,0.31284374,0.32641896,0.31284374,0.32641896
42044,AOI-0065,2025-10-08,0.25881291,0.24558793,0.25628276,0.25628276,0.25881291,0.25628276
42132,AOI-0066,2025-06-05,0.51541929,0.50445646,0.51541929,0.50445646,0.51541929,0.50445646
42162,AOI-0066,2025-07-05,0.78172600,0.78012616,0.78172600,0.78012616,0.78172600,0.78012616
42172,AOI-0066,2025-07-15,0.61524796,0.61524796,0.61524796,0.61524796,0.61524796,0.61524796
42182,AOI-0066,2025-07-25,0.53928897,0.53490509,0.53928897,0.53490509,0.53928897,0.53490509
42184,AOI-0066,2025-07-27,0.37098154,0.40246804,0.37098154,0.40246804,0.37098154,0.40246804
42202,AOI-0066,2025-08-14,0.24634639,0.28548432,0.24634639,0.28548432,0.24634639,0.28548432
42220,AOI-0066,2025-09-01,0.26474749,0.26576071,0.26474749,0.26576071,0.26474749,0.26576071
42304,AOI-0067,2010-04-25,0.29658247,0.29658247,0.29658247,0.29658247,0.24501178,0.24501178
42360,AOI-0067,2010-06-20,0.20278867,0.20278867,0.20278867,0.20278867,0.20278867,0.20278867
42366,AOI-0067,2010-06-26,0.21071747,0.23814605,0.21071747,0.21071747,0.22811818,0.27866688
42383,AOI-0067,2010-07-13,0.21316965,0.22954977,0.17219212,0.17219212,0.21316965,0.17620815
42391,AOI-0067,2010-07-21,0.21147096,0.21147096,,,0.21147096,0.18096824
42407,AOI-0067,2010-08-06,0.22246310,0.22246310,,,0.20301858,0.17562664
42408,AOI-0067,2010-08-07,0.17011452,0.17011452,0.18373700,0.18373700,0.16982246,0.16982246
42416,AOI-0067,2010-08-15,0.17493283,0.17493283,0.17493283,0.17493283,0.15411693,0.15411693
42455,AOI-0067,2010-09-23,0.16456620,0.16456620,0.17571463,0.17571463,0.16456620,0.17571463
42471,AOI-0067,2010-10-09,,,,,,
42531,AOI-0067,2011-05-09,,,,,,
42536,AOI-0067,2011-05-14,,,,,,
42648,AOI-0067,2011-09-03,,,,,,
42664,AOI-0067,2011-09-19,,,,,,
42743,AOI-0067,2012-05-08,,,,,0.28813678,0.30303724
42775,AOI-0067,2012-06-09,,,,,0.24128119,0.27997704
42823,AOI-0067,2012-07-27,,,,,0.13926852,0.14679976
42887,AOI-0067,2012-09-29,,,,,0.12633252,0.13197349
43039,AOI-0067,2013-07-30,0.18377616,0.18377616,0.18377616,0.18377616,0.18377616,0.18377616
43069,AOI-0067,2013-08-29,0.30583398,0.30583398,0.30583398,0.30583398,0.30583398,0.30583398
43182,AOI-0067,2014-05-21,0.27784115,0.30254133,0.27784115,0.30254133,0.27784115,0.30254133
43186,AOI-0067,2014-05-25,0.29198440,0.29570917,0.29198440,0.29570917,0.29198440,0.30408514
43198,AOI-0067,2014-06-06,0.31432380,0.27609769,0.31432380,0.31432380,0.31432380,0.31432380
43199,AOI-0067,2014-06-07,0.21094161,0.22319256,0.20614337,0.20614337,0.21094161,0.20614337
43223,AOI-0067,2014-07-01,0.18288984,0.18982229,0.18763575,0.18763575,0.18288984,0.18763575
43238,AOI-0067,2014-07-16,0.20567025,0.20034611,0.20567025,0.20034611,0.20567025,0.20034611
43239,AOI-0067,2014-07-17,0.15391783,0.16134987,0.14338074,0.14338074,0.15391783,0.14338074
43298,AOI-0067,2014-09-14,0.20997955,0.21267120,0.20997955,0.21267120,0.20997955,0.22232950
43326,AOI-0067,2014-10-12,0.17484115,0.17243850,0.18589521,0.18589521,0.17484115,0.18589521
43359,AOI-0067,2015-04-15,,,,,,
43383,AOI-0067,2015-05-09,0.29858206,0.29858206,,,0.29858206,
43407,AOI-0067,2015-06-02,,,,,,
43423,AOI-0067,2015-06-18,,,,,,
43447,AOI-0067,2015-07-12,0.44359356,0.44359356,,,0.44359356,
43455,AOI-0067,2015-07-20,,,,,,
43495,AOI-0067,2015-08-29,0.33010563,0.33010563,,,0.33010563,
43511,AOI-0067,2015-09-14,0.28171592,0.28171592,,,0.28171592,
43526,AOI-0067,2015-09-29,,,,,,
43590,AOI-0067,2016-05-03,,,,,,
43597,AOI-0067,2016-05-10,,,,,,
43598,AOI-0067,2016-05-11,,,,,,
43643,AOI-0067,2016-06-25,,,,,,
43662,AOI-0067,2016-07-14,,,,,,
43675,AOI-0067,2016-07-27,,,,,,
43739,AOI-0067,2016-09-29,,,,,,
43765,AOI-0067,2016-10-25,,,,,,
43774,AOI-0067,2017-04-04,,,,,,
43798,AOI-0067,2017-04-28,,,,,,
43805,AOI-0067,2017-05-05,,,,,,
43838,AOI-0067,2017-06-07,,,,,,
43870,AOI-0067,2017-07-09,,,,,,
43886,AOI-0067,2017-07-25,,,,,,
43894,AOI-0067,2017-08-02,,,,,,
43903,AOI-0067,2017-08-11,,,,,,
43905,AOI-0067,2017-08-13,,,,,0.41410542,0.41410542
43921,AOI-0067,2017-08-29,,,,,0.32231773,0.32231773
43937,AOI-0067,2017-09-14,,,,,0.31268429,0.31268429
43943,AOI-0067,2017-09-20,,,,,,
43989,AOI-0067,2018-04-06,,,,,,
44006,AOI-0067,2018-04-23,,,,,,
44038,AOI-0067,2018-05-25,,,,,,
44085,AOI-0067,2018-07-11,,,,,,
44134,AOI-0067,2018-08-29,,,,,,
44234,AOI-0067,2019-05-08,0.65828733,0.66169044,0.65828733,0.66169044,0.65828733,0.66169044
44254,AOI-0067,2019-05-28,0.80044936,0.75774892,0.80044936,0.75774892,0.80044936,0.75774892
44269,AOI-0067,2019-06-12,0.39492545,0.40142626,0.39492545,0.40142626,0.39492545,0.40142626
44299,AOI-0067,2019-07-12,0.31733919,0.31133297,0.31733919,0.31133297,0.32299914,0.32382159
44301,AOI-0067,2019-07-14,0.27100155,0.27283690,0.27100155,0.27283690,0.27100155,0.27283690
44315,AOI-0067,2019-07-28,0.43907735,0.41291354,0.43907735,0.41291354,0.42926383,0.40944573
44326,AOI-0067,2019-08-08,0.39670951,0.36935249,0.39670951,0.36935249,0.39670951,0.36935249
44329,AOI-0067,2019-08-11,0.36971456,0.34988763,0.36971456,0.34988763,0.36971456,0.34988763
44347,AOI-0067,2019-08-29,0.35364615,0.34241390,0.35364615,0.34241390,0.33899495,0.30834642
44354,AOI-0067,2019-09-05,0.25265117,0.25868121,0.25265117,0.25868121,0.25265117,0.25868121
44365,AOI-0067,2019-09-16,0.28778457,0.29226519,0.28778457,0.29226519,0.28778457,0.29226519
44373,AOI-0067,2019-09-24,,,,,,
44381,AOI-0067,2019-10-02,0.38063631,0.33421430,0.38063631,0.33421430,0.38063631,0.33421430
44382,AOI-0067,2019-10-03,0.24537875,0.25471754,0.24537875,0.25471754,0.24537875,0.25471754
44394,AOI-0067,2019-10-15,0.30166262,0.30415464,0.30166262,0.30415464,0.30166262,0.30415464
44431,AOI-0067,2020-04-22,0.21477993,0.21477993,0.21477993,0.21477993,0.21477993,0.21477993
44436,AOI-0067,2020-04-27,,,,,,
44441,AOI-0067,2020-05-02,,,,,,
44447,AOI-0067,2020-05-08,0.42913748,0.42913748,,,0.42913748,
44506,AOI-0067,2020-07-06,0.47015560,0.47015560,0.50092468,0.50092468,0.47015560,0.50092468
44525,AOI-0067,2020-07-25,,,,,,
44526,AOI-0067,2020-07-26,0.34303599,0.34303599,,,0.34303599,
44527,AOI-0067,2020-07-27,0.36426136,0.36426136,0.39906835,0.39906835,0.36426136,0.39906835
44556,AOI-0067,2020-08-25,0.36665552,0.36665552,,,0.36665552,
44607,AOI-0067,2020-10-15,0.16582556,0.16582556,0.07468827,0.07468827,0.16582556,0.07468827
44668,AOI-0067,2021-05-16,,,,,,
44689,AOI-0067,2021-06-06,,,,,,
44699,AOI-0067,2021-06-16,,,,,,
44701,AOI-0067,2021-06-18,,,,,,
44717,AOI-0067,2021-07-04,,,,,,
44774,AOI-0067,2021-08-30,,,,,,
44784,AOI-0067,2021-09-09,,,,,,
44814,AOI-0067,2021-10-09,,,,,,
44837,AOI-0067,2022-04-02,0.27500890,0.27500890,,,0.27500890,
44858,AOI-0067,2022-04-23,0.28306750,0.32987813,0.21985736,0.21985736,0.34494899,0.37668125
44861,AOI-0067,2022-04-26,,,,,,
44897,AOI-0067,2022-06-01,0.41444928,0.41444928,,,0.41444928,
44927,AOI-0067,2022-07-01,0.64067078,0.64067078,,,0.64067078,
44980,AOI-0067,2022-08-23,0.48908353,0.44453044,0.49228488,0.49228488,0.47579797,0.47435580
44981,AOI-0067,2022-08-24,,,,,,
44986,AOI-0067,2022-08-29,0.40195655,0.40195655,,,0.42116816,0.38542720
44989,AOI-0067,2022-09-01,0.32446486,0.32446486,,,0.32446486,
45013,AOI-0067,2022-09-25,,,,,,
45027,AOI-0067,2022-10-09,,,,,,
45032,AOI-0067,2022-10-14,0.28534891,0.28534891,,,0.28534891,
45071,AOI-0067,2023-04-23,0.36402965,0.36402965,0.36402965,0.36402965,0.36402965,0.36402965
45109,AOI-0067,2023-05-31,0.44022872,0.44022872,0.44022872,0.44022872,0.44022872,0.44022872
45139,AOI-0067,2023-06-30,,,,,,
45151,AOI-0067,2023-07-12,0.30599406,0.30599406,0.30599406,0.30599406,0.30599406,0.30599406
45160,AOI-0067,2023-07-21,0.51340776,0.51340776,0.51340776,0.51340776,0.51340776,0.51340776
45166,AOI-0067,2023-07-27,0.30790069,0.30790069,0.30790069,0.30790069,0.30790069,0.30790069
45196,AOI-0067,2023-08-26,,,,,,
45225,AOI-0067,2023-09-24,,,,,,
45228,AOI-0067,2023-09-27,,,,,,
45236,AOI-0067,2023-10-05,,,,,,
45244,AOI-0067,2023-10-13,,,,,,
45262,AOI-0067,2024-04-01,0.31241145,0.34572719,,,0.31241145,
45272,AOI-0067,2024-04-11,0.34599447,0.37142172,,,0.34599447,
45300,AOI-0067,2024-05-09,0.46060321,0.46060321,,,0.23162317,0.14321981
45315,AOI-0067,2024-05-24,0.36149641,0.34988171,,,0.28929699,0.23649336
45357,AOI-0067,2024-07-05,0.26670840,0.26670840,,,0.26670840,
45362,AOI-0067,2024-07-10,0.21483506,0.21483506,,,0.27124812,0.31466554
45412,AOI-0067,2024-08-29,0.18574490,0.18574490,,,0.18574490,
45420,AOI-0067,2024-09-06,0.15185195,0.15185195,,,0.16106512,0.13535976
45437,AOI-0067,2024-09-23,0.21448949,0.21448949,,,0.21448949,
45491,AOI-0067,2025-04-17,0.19154798,0.19154798,0.19154798,0.19154798,0.19154798,0.19154798
45497,AOI-0067,2025-04-23,0.24234977,0.24234977,0.24234977,0.24234977,0.24234977,0.24234977
45502,AOI-0067,2025-04-28,,,,,,
45540,AOI-0067,2025-06-05,,,,,,
45556,AOI-0067,2025-06-21,0.47845504,0.47845504,0.47845504,0.47845504,0.47845504,0.47845504
45561,AOI-0067,2025-06-26,0.62348680,0.62348680,0.62348680,0.62348680,0.62348680,0.62348680
45570,AOI-0067,2025-07-05,,,,,,
45579,AOI-0067,2025-07-14,,,,,,
45580,AOI-0067,2025-07-15,,,,,,
45602,AOI-0067,2025-08-06,,,,,,
45628,AOI-0067,2025-09-01,0.25157909,0.25157909,0.25157909,0.25157909,0.25157909,0.25157909
45650,AOI-0067,2025-09-23,,,,,,
45660,AOI-0067,2025-10-03,,,,,,
45703,AOI-0068,2010-04-16,,,,,,
45719,AOI-0068,2010-05-02,,,,,,
45726,AOI-0068,2010-05-09,,,,,0.29729099,
45768,AOI-0068,2010-06-20,,,,,,
45791,AOI-0068,2010-07-13,,,,,0.16398244,
45792,AOI-0068,2010-07-14,,,,,,
45806,AOI-0068,2010-07-28,,,,,0.17483930,
45816,AOI-0068,2010-08-07,,,,,0.13775231,
45838,AOI-0068,2010-08-29,,,,,0.17089331,
45907,AOI-0068,2011-04-07,0.41332953,0.42637894,0.41332953,0.42637894,0.41332953,0.38484880
45960,AOI-0068,2011-05-30,0.65147442,0.65147442,0.67139450,0.67139450,0.65147442,0.67139450
45976,AOI-0068,2011-06-15,,,,,,
45984,AOI-0068,2011-06-23,0.31070722,0.31070722,0.31070722,0.31070722,0.31070722,0.31070722
46007,AOI-0068,2011-07-16,0.26609434,0.26609434,0.26609434,0.26609434,0.26609434,0.26609434
46031,AOI-0068,2011-08-09,0.31982763,0.31982763,0.31982763,0.31982763,0.31982763,0.31982763
46056,AOI-0068,2011-09-03,0.16732767,0.16732767,,,0.16732767,
46231,AOI-0068,2012-07-27,,,,,0.18359788,
46238,AOI-0068,2012-08-03,,,,,0.17244322,
46318,AOI-0068,2012-10-22,,,,,,
46406,AOI-0068,2013-06-19,0.25517496,0.25517496,0.25517496,0.25517496,0.25517496,0.25517496
46414,AOI-0068,2013-06-27,0.28310330,0.28310330,0.28310330,0.28310330,0.28310330,0.28310330
46445,AOI-0068,2013-07-28,0.26915895,0.26915895,0.26974056,0.26974056,0.26915895,0.26974056
46566,AOI-0068,2014-04-27,0.46462242,0.43735319,0.46462242,0.43735319,0.46462242,0.43735319
46658,AOI-0068,2014-07-28,0.18653521,0.18398901,0.18653521,0.18398901,0.18653521,0.18398901
46678,AOI-0068,2014-08-17,0.17882205,0.17487806,0.17882205,0.17487806,0.17882205,0.17487806
46686,AOI-0068,2014-08-25,0.14283972,0.14272709,0.14283972,0.14272709,0.14283972,0.14272709
46727,AOI-0068,2014-10-05,0.14900311,0.13847779,0.14900311,0.13847779,0.14900311,0.13847779
46738,AOI-0068,2014-10-16,0.19282349,0.18967515,0.19282349,0.18967515,0.19282349,0.18967515
46751,AOI-0068,2014-10-29,0.17417766,0.17109519,0.17417766,0.17417766,0.17417766,0.17417766
46822,AOI-0068,2015-06-09,0.39348206,0.39348206,,,0.39348206,
46870,AOI-0068,2015-07-27,,,,,,
46878,AOI-0068,2015-08-04,0.28526109,0.28526109,,,0.28526109,
46997,AOI-0068,2016-05-02,,,,,,
47006,AOI-0068,2016-05-11,0.52247219,0.52247219,,,0.52247219,
47070,AOI-0068,2016-07-14,0.32656167,0.32656167,,,0.32656167,
47115,AOI-0068,2016-08-28,0.32013249,0.32013249,,,0.32013249,
47131,AOI-0068,2016-09-13,0.31233448,0.31233448,,,0.31233448,
47147,AOI-0068,2016-09-29,0.33565926,0.33565926,,,0.33565926,
47222,AOI-0068,2017-05-14,,,,,,
47249,AOI-0068,2017-06-10,0.45097284,0.44128692,0.45097284,0.44128692,0.45097284,0.44128692
47261,AOI-0068,2017-06-22,0.41721971,0.42546918,0.41721971,0.42546918,0.41721971,0.42546918
47266,AOI-0068,2017-06-27,,,,,,
47281,AOI-0068,2017-07-12,0.26155477,0.25757035,0.26155477,0.25757035,0.26155477,0.25757035
47302,AOI-0068,2017-08-02,0.21351313,0.22365542,0.21351313,0.21351313,0.21351313,0.21351313
47311,AOI-0068,2017-08-11,0.18261233,0.18622409,0.18261233,0.18622409,0.18261233,0.18622409
47313,AOI-0068,2017-08-13,0.20954243,0.22574491,0.20954243,0.22574491,0.22935606,0.22257475
47333,AOI-0068,2017-09-02,0.18621135,0.18314953,0.18621135,0.18314953,0.18621135,0.18314953
47334,AOI-0068,2017-09-03,0.20833523,0.22281021,0.20833523,0.20833523,0.20833523,0.20833523
47419,AOI-0068,2018-04-28,0.25694801,0.23789810,0.26103250,0.26103250,0.25694801,0.26103250
47430,AOI-0068,2018-05-09,0.26379508,0.25783635,0.27030658,0.27030658,0.26379508,0.27030658
47459,AOI-0068,2018-06-07,0.21779256,0.21779256,0.24888523,0.24888523,0.21779256,0.24888523
47493,AOI-0068,2018-07-11,0.16939402,0.16908271,0.17273857,0.17273857,0.16939402,0.17273857
47541,AOI-0068,2018-08-28,0.16142000,0.15972171,0.16525724,0.16525724,0.16142000,0.16525724
47550,AOI-0068,2018-09-06,0.18195069,0.18195069,0.16369353,0.16369353,0.18195069,0.16369353
47565,AOI-0068,2018-09-21,0.14965594,0.15041713,0.15701373,0.15701373,0.14965594,0.15701373
47659,AOI-0068,2019-05-25,0.53719667,0.54213109,0.53719667,0.54213109,0.53719667,0.54213109
47662,AOI-0068,2019-05-28,0.54412843,0.54159808,0.54412843,0.54159808,0.54412843,0.54159808
47693,AOI-0068,2019-06-28,0.28742577,0.26498729,0.28742577,0.26498729,0.28742577,0.26498729
47733,AOI-0068,2019-08-07,0.23213007,0.24592162,0.23213007,0.23213007,0.23213007,0.23213007
47758,AOI-0068,2019-09-01,0.20303565,0.20308651,0.20303565,0.20303565,0.20303565,0.20303565
47762,AOI-0068,2019-09-05,0.18676441,0.18635168,0.18676441,0.18635168,0.18676441,0.18635168
47772,AOI-0068,2019-09-15,0.17691390,0.17988248,0.17691390,0.17988248,0.17691390,0.17988248
47781,AOI-0068,2019-09-24,,,,,,
47782,AOI-0068,2019-09-25,0.19204396,0.19767033,0.19204396,0.19767033,0.19204396,0.19767033
47787,AOI-0068,2019-09-30,0.27836520,0.27343870,0.27836520,0.27343870,0.27836520,0.27343870
47789,AOI-0068,2019-10-02,0.23060652,0.21825236,0.23060652,0.23060652,0.23060652,0.23060652
47812,AOI-0068,2019-10-25,0.22157269,0.22797868,0.22157269,0.22167376,0.22157269,0.22167376
47819,AOI-0068,2020-04-02,0.35457007,0.31862995,0.35457007,0.31862995,0.34262997,0.35663910
47823,AOI-0068,2020-04-06,0.33006786,0.34212376,0.33006786,0.34212376,0.33006786,0.33237733
47829,AOI-0068,2020-04-12,0.28366627,0.31012402,0.28366627,0.31012402,0.28366627,0.31012402
47836,AOI-0068,2020-04-19,0.22235187,0.22858935,0.22235187,0.22858935,0.22235187,0.22858935
47904,AOI-0068,2020-06-26,0.19965371,0.19034054,0.19965371,0.19034054,0.19965371,0.19034054
47935,AOI-0068,2020-07-27,0.17430499,0.19525089,0.17430499,0.19525089,0.16677938,0.17453596
47939,AOI-0068,2020-07-31,0.16035255,0.15379560,0.16035255,0.15379560,0.16207711,0.15530512
47973,AOI-0068,2020-09-03,0.14611354,0.14660270,0.14611354,0.14660270,0.14611354,0.14660270
48005,AOI-0068,2020-10-05,0.14146459,0.14090588,0.14146459,0.14090588,0.14146459,0.14090588
48020,AOI-0068,2020-10-20,0.17038581,0.20115965,0.17038581,0.20115965,0.17038581,0.20115965
48061,AOI-0068,2021-05-01,,,,,,
48076,AOI-0068,2021-05-16,0.43490697,0.43490697,,,0.43490697,
48102,AOI-0068,2021-06-11,0.44679542,0.44679542,,,0.44679542,
48107,AOI-0068,2021-06-16,0.43728457,0.43728457,,,0.43728457,
48140,AOI-0068,2021-07-19,0.27658163,0.27658163,,,0.27658163,
48152,AOI-0068,2021-07-31,0.24778468,0.24778468,,,0.24778468,
48213,AOI-0068,2021-09-30,0.41325682,0.41325682,,,0.41325682,
48245,AOI-0068,2022-04-02,,,,,,
48255,AOI-0068,2022-04-12,0.35679486,0.35679486,,,0.35679486,
48266,AOI-0068,2022-04-23,0.36181495,0.36454510,,,0.36181495,
48285,AOI-0068,2022-05-12,0.38318344,0.39450266,,,0.38318344,
48300,AOI-0068,2022-05-27,0.33757408,0.35421255,,,0.33757408,
48312,AOI-0068,2022-06-08,0.35731323,0.35731323,,,0.35731323,
48324,AOI-0068,2022-06-20,0.27782811,0.27782811,,,0.27782811,
48335,AOI-0068,2022-07-01,0.20885436,0.21449132,,,0.20885436,
48348,AOI-0068,2022-07-14,0.19009428,0.18515784,,,0.19009428,
48364,AOI-0068,2022-07-30,0.19780284,0.19780284,,,0.19780284,
48380,AOI-0068,2022-08-15,0.18306911,0.18306911,,,0.18306911,
48459,AOI-0068,2023-04-03,,,,,,
48473,AOI-0068,2023-04-17,0.48721057,0.48721057,,,0.48721057,
48495,AOI-0068,2023-05-09,0.55345231,0.54366632,0.56548929,0.56548929,0.55345231,0.56548929
48523,AOI-0068,2023-06-06,0.52889473,0.52377296,0.54000066,0.54000066,0.52889473,0.54000066
48547,AOI-0068,2023-06-30,0.37435763,0.37435763,0.40355997,0.40355997,0.37435763,0.40355997
48552,AOI-0068,2023-07-05,0.32918323,0.33390768,0.34506126,0.34506126,0.32918323,0.34506126
48581,AOI-0068,2023-08-03,0.28263690,0.28263690,,,0.28263690,
48591,AOI-0068,2023-08-13,0.25143462,0.25919825,0.23193459,0.23193459,0.25143462,0.23193459
48612,AOI-0068,2023-09-03,0.30227654,0.30227654,,,0.30227654,
48633,AOI-0068,2023-09-24,0.27080666,0.28886819,0.26786223,0.26786223,0.27080666,0.26786223
48645,AOI-0068,2023-10-06,0.29461892,0.29461892,,,0.29461892,
48650,AOI-0068,2023-10-11,0.27519281,0.28763366,0.27705220,0.27705220,0.27519281,0.27705220
48700,AOI-0068,2024-05-01,0.23391211,0.23391211,,,0.23391211,
48708,AOI-0068,2024-05-09,0.20846291,0.22047783,0.17983747,0.17983747,0.20846291,0.23637084
48745,AOI-0068,2024-06-15,0.17487212,0.17437547,0.18477055,0.18477055,0.17487212,0.18477055
48796,AOI-0068,2024-08-05,0.16376988,0.16376988,0.16308305,0.16308305,0.16376988,0.16308305
48800,AOI-0068,2024-08-09,0.15484320,0.15523175,0.15192462,0.15192462,0.15484320,0.15192462
48810,AOI-0068,2024-08-19,0.15755299,0.15712270,0.15603638,0.15603638,0.15755299,0.16197152
48819,AOI-0068,2024-08-28,0.17720706,0.17312973,0.18897640,0.18897640,0.17720706,0.18560689
48830,AOI-0068,2024-09-08,0.15726285,0.16767368,0.17131757,0.17131757,0.15726285,0.17131757
48836,AOI-0068,2024-09-14,0.16210312,0.16797842,0.16074450,0.16074450,0.16210312,0.16074450
48851,AOI-0068,2024-09-29,0.16153288,0.16213754,0.15919191,0.15919191,0.16153288,0.16080155
48865,AOI-0068,2024-10-13,0.15699842,0.15699842,,,0.15699842,
48920,AOI-0068,2025-05-08,0.63951087,0.63788492,0.63951087,0.63788492,0.63951087,0.63788492
48923,AOI-0068,2025-05-11,0.61249101,0.56032253,0.61249101,0.56032253,0.61249101,0.56032253
48932,AOI-0068,2025-05-20,0.68535328,0.69038206,0.68535328,0.69038206,0.68535328,0.69038206
48953,AOI-0068,2025-06-10,0.39742281,0.36718091,0.39742281,0.36718091,0.39742281,0.36718091
48958,AOI-0068,2025-06-15,0.27470208,0.25942186,0.27470208,0.25942186,0.27470208,0.25942186
48960,AOI-0068,2025-06-17,0.33766123,0.35750528,0.33766123,0.35750528,0.33766123,0.35750528
48973,AOI-0068,2025-06-30,0.24432434,0.24584087,0.24432434,0.24584087,0.24432434,0.24584087
48995,AOI-0068,2025-07-22,0.26004657,0.26034839,0.26004657,0.26034839,0.26004657,0.26034839
49001,AOI-0068,2025-07-28,0.25894765,0.25802420,0.25894765,0.25802420,0.25894765,0.25802420
49017,AOI-0068,2025-08-13,0.27130248,0.26602586,0.27130248,0.26602586,0.27130248,0.26602586
49018,AOI-0068,2025-08-14,0.19679332,0.19819242,0.19679332,0.19819242,0.19679332,0.19819242
49027,AOI-0068,2025-08-23,0.24223928,0.24172260,0.24223928,0.24172260,0.24223928,0.24172260
49028,AOI-0068,2025-08-24,0.19542405,0.19477334,0.19542405,0.19477334,0.19542405,0.19477334
49043,AOI-0068,2025-09-08,0.17591047,0.17765371,0.17591047,0.17765371,0.17591047,0.17765371
49049,AOI-0068,2025-09-14,0.25645439,0.25390769,0.25645439,0.25390769,0.25645439,0.25390769
49059,AOI-0068,2025-09-24,0.22772144,0.23090936,0.22772144,0.23090936,0.22772144,0.23090936
49111,AOI-0069,2025-04-16,0.18302396,0.17216137,0.18302396,0.17216137,0.22154731,0.20544818
49116,AOI-0069,2025-04-21,0.26152621,0.26152621,,,0.20814589,0.17831784
49118,AOI-0069,2025-04-23,0.30479850,0.30766584,0.30479850,0.30766584,0.31208525,0.32516530
49126,AOI-0069,2025-05-01,0.22966787,0.21706695,0.22966787,0.21706695,0.22547416,0.23010044
49136,AOI-0069,2025-05-11,,,,,,
49150,AOI-0069,2025-05-25,0.40875276,0.40014376,0.40875276,0.40014376,0.35065246,0.40222976
49153,AOI-0069,2025-05-28,0.36482631,0.36125594,0.36482631,0.36125594,0.36482631,0.36125594
49166,AOI-0069,2025-06-10,0.25370582,0.23356783,0.25370582,0.23356783,0.30685771,0.30236592
49181,AOI-0069,2025-06-25,0.26341202,0.24947659,0.28326727,0.28326727,0.26341202,0.28326727
49182,AOI-0069,2025-06-26,0.31128352,0.31066455,0.31128352,0.31066455,0.19523233,0.28356588
49191,AOI-0069,2025-07-05,0.21065713,0.22427250,0.21065713,0.22427250,0.27529739,0.26136573
49192,AOI-0069,2025-07-06,0.23327362,0.23947996,0.23327362,0.23947996,0.23327362,0.23947996
49208,AOI-0069,2025-07-22,0.16067279,0.16995295,0.17144922,0.17144922,0.16067279,0.17144922
49224,AOI-0069,2025-08-07,0.14384203,0.12829520,0.14384203,0.12829520,0.14532002,0.13882479
49231,AOI-0069,2025-08-14,0.13911125,0.14024398,0.13911125,0.14024398,0.17909637,0.16615993
49249,AOI-0069,2025-09-01,0.12957174,0.12639321,0.12957174,0.12639321,0.14415675,0.13166320
49262,AOI-0069,2025-09-14,0.17907897,0.18254087,0.17907897,0.18254087,0.17934607,0.18063092
49272,AOI-0069,2025-09-24,0.15914074,0.16723725,0.15914074,0.16723725,0.15914074,0.16723725
49273,AOI-0069,2025-09-25,0.14898142,0.14820268,0.14898142,0.14898142,0.14898142,0.14898142
49276,AOI-0069,2025-09-28,0.14899064,0.15204636,,,0.15264522,0.15719847
49349,AOI-0070,2025-05-11,0.24749947,0.22341241,,,0.24749947,
49363,AOI-0070,2025-05-25,0.32375997,0.31277428,0.30839632,0.30839632,0.32998199,0.32218111
49376,AOI-0070,2025-06-07,0.26097209,0.26279216,,,0.26097209,
49379,AOI-0070,2025-06-10,0.24570515,0.24512873,0.23687647,0.23687647,0.24708120,0.23344921
49394,AOI-0070,2025-06-25,0.22803984,0.22550851,,,0.22803984,
49411,AOI-0070,2025-07-12,0.18414159,0.19074658,0.19053603,0.19053603,0.18807060,0.18807060
49454,AOI-0070,2025-08-24,0.17396705,0.17242470,,,0.17396705,
49461,AOI-0070,2025-08-31,0.16806774,0.16844131,,,0.16806774,
49486,AOI-0070,2025-09-25,0.16681256,0.17505032,,,0.16681256,
49493,AOI-0070,2025-10-02,0.18074325,0.17742055,,,0.18074325,
49504,AOI-0070,2025-10-13,0.18114339,0.18734038,,,0.18114339,
49514,AOI-0070,2025-10-23,0.19936599,0.19464958,,,0.19936599,
49524,AOI-0071,2025-04-16,0.36466619,0.36520753,0.32162287,0.32162287,0.36466619,0.32162287
49526,AOI-0071,2025-04-18,0.33100935,0.33310196,0.31608047,0.31608047,0.33100935,0.31608047
49527,AOI-0071,2025-04-21,0.32293632,0.32293632,0.32293632,0.32293632,0.33539103,0.32293632
49536,AOI-0071,2025-05-25,0.52028906,0.49737234,0.50699124,0.50699124,0.53552973,0.50699124
49545,AOI-0071,2025-06-26,0.58511870,0.56467084,0.58779674,0.58779674,0.58511870,0.58779674
49548,AOI-0071,2025-07-06,0.58852045,0.57276157,0.62858832,0.62858832,0.58852045,0.62858832
49549,AOI-0071,2025-07-07,0.41369272,0.44922775,0.33940166,0.33940166,0.41369272,0.33940166
49551,AOI-0071,2025-07-12,0.49098386,0.48826212,0.48188505,0.48188505,0.49098386,0.48188505
49561,AOI-0071,2025-08-13,0.42966975,0.42110634,0.44526908,0.44526908,0.42966975,0.44526908
49565,AOI-0071,2025-08-23,0.38135211,0.38541723,0.35719425,0.35719425,0.38135211,0.35719425
49566,AOI-0071,2025-08-24,0.37614927,0.37614927,0.37614927,0.37614927,0.37614927,0.37614927
49567,AOI-0071,2025-08-26,,,,,,
49568,AOI-0071,2025-08-29,0.37590793,0.36850240,0.37435374,0.37435374,0.37590793,0.37435374
49569,AOI-0071,2025-09-01,0.37997579,0.37629342,0.38973093,0.38973093,0.37997579,0.38973093
49572,AOI-0071,2025-09-15,0.33687927,0.33988188,0.31328845,0.31328845,0.33687927,0.31328845
49578,AOI-0071,2025-09-28,0.31250605,0.31250605,0.31250605,0.31250605,0.32390217,0.31250605
49625,AOI-0072,2025-05-08,0.75992715,0.73629759,0.75992715,0.73629759,0.75992715,0.73629759
49652,AOI-0072,2025-06-04,0.70192832,0.72964250,0.70192832,0.72964250,0.70192832,0.72964250
49683,AOI-0072,2025-07-05,0.18157836,0.18381474,0.18157836,0.18381474,0.18157836,0.18381474
49684,AOI-0072,2025-07-06,0.26434230,0.28719910,0.26434230,0.28719910,0.26434230,0.28719910
49692,AOI-0072,2025-07-14,0.19325376,0.20629997,0.19325376,0.20629997,0.19325376,0.20629997
49695,AOI-0072,2025-07-17,0.12983530,0.13567163,0.12983530,0.13567163,0.12983530,0.13567163
49716,AOI-0072,2025-08-07,0.17760039,0.16017323,0.17760039,0.16017323,0.17760039,0.16017323
49728,AOI-0072,2025-08-19,0.15510273,0.15330779,0.15510273,0.15330779,0.15510273,0.15330779
49738,AOI-0072,2025-08-29,0.16186435,0.15615772,0.16186435,0.15615772,0.16186435,0.15615772
49743,AOI-0072,2025-09-03,0.12373178,0.12683151,0.12373178,0.12683151,0.12373178,0.12683151
49755,AOI-0072,2025-09-15,0.16639584,0.16125709,0.16639584,0.16125709,0.16639584,0.16125709
49756,AOI-0072,2025-09-16,0.19033286,0.18969068,0.19033286,0.18969068,0.19033286,0.18969068
49770,AOI-0072,2025-09-30,0.21802970,0.22605839,0.21802970,0.22605839,0.21802970,0.22605839
49773,AOI-0072,2025-10-03,0.16067017,0.16511509,0.16067017,0.16511509,0.16067017,0.16511509
49783,AOI-0072,2025-10-13,0.11258476,0.12681660,0.11258476,0.12681660,0.11258476,0.12681660
49887,AOI-0073,2010-06-26,0.39778242,0.39778242,0.39778242,0.39778242,0.52237456,0.59536818
49903,AOI-0073,2010-07-12,,,,,0.48712239,0.49114961
50020,AOI-0073,2011-04-07,0.26229340,0.26229340,0.26229340,0.26229340,0.26229340,0.28697223
50118,AOI-0073,2011-07-14,0.66489527,0.66489527,0.66489527,0.66489527,0.66489527,0.66489527
50180,AOI-0073,2011-09-14,0.36920248,0.36920248,0.36920248,0.36920248,0.36920248,0.37230275
50248,AOI-0073,2012-04-22,0.49177400,0.49177400,0.49177400,0.49177400,0.49839731,0.51344184
50253,AOI-0073,2012-04-27,0.37130025,0.37130025,0.37130025,0.37130025,0.36861163,0.39472636
50280,AOI-0073,2012-05-24,0.69242872,0.69242872,0.69242872,0.69242872,0.67744954,0.66843666
50408,AOI-0073,2012-09-29,0.28668696,0.28668696,0.28668696,0.28668696,0.30580995,0.29231554
50442,AOI-0073,2013-04-03,,,,,,
50510,AOI-0073,2013-06-10,,,,,,0.54792161
50525,AOI-0073,2013-06-25,,,,,,0.58826019
50542,AOI-0073,2013-07-12,,,,,,0.53508399
50558,AOI-0073,2013-07-28,,,,,,0.51082162
50622,AOI-0073,2013-09-30,,,,,,0.50194029
50709,AOI-0073,2014-05-27,,,,,,
50755,AOI-0073,2014-07-12,0.76236799,0.76236799,0.76236799,0.76236799,0.76236799,0.76236799
50773,AOI-0073,2014-07-30,0.68659678,0.68659678,0.68659678,0.68659678,0.68659678,0.68659678
50787,AOI-0073,2014-08-13,0.43262894,0.43262894,0.43262894,0.43262894,0.43262894,0.43262894
50819,AOI-0073,2014-09-14,,,,,,
50845,AOI-0073,2014-10-10,0.29941955,0.29941955,0.29941955,0.29941955,0.29941955,0.29941955
50917,AOI-0073,2015-05-22,0.34455200,0.34455200,0.28654686,0.28654686,0.34455200,0.28654686
50925,AOI-0073,2015-05-30,0.61653377,0.61653377,,,0.61653377,
50936,AOI-0073,2015-06-10,0.55923743,0.55923743,0.55923743,0.55923743,0.58382473,0.58530326
50941,AOI-0073,2015-06-15,0.33454701,0.33454701,0.33454701,0.33454701,0.33454701,0.33454701
50957,AOI-0073,2015-07-01,0.50625936,0.50625936,0.50625936,0.50625936,0.50625936,0.50625936
50965,AOI-0073,2015-07-09,0.54739898,0.54739898,0.54739898,0.54739898,0.54739898,0.54739898
51013,AOI-0073,2015-08-26,0.43404675,0.40651203,0.43404675,0.43404675,0.43404675,0.43404675
51053,AOI-0073,2015-10-05,0.21531699,0.22045653,0.21531699,0.21531699,0.21531699,0.21531699
51084,AOI-0073,2016-04-06,0.75718849,0.75718849,0.75718849,0.75718849,0.57861449,0.59972570
51314,AOI-0073,2017-04-23,,,,,0.42832970,0.42832970
51356,AOI-0073,2017-06-04,,,,,,
51364,AOI-0073,2017-06-12,0.46170902,0.46170902,0.46170902,0.46170902,0.46170902,0.46170902
51388,AOI-0073,2017-07-06,0.78960015,0.78960015,0.78960015,0.78960015,0.78960015,0.78960015
51400,AOI-0073,2017-07-18,,,,,,
51420,AOI-0073,2017-08-07,,,,,,
51425,AOI-0073,2017-08-12,0.61792558,0.61792558,0.61792558,0.61792558,0.61792558,0.61792558
51485,AOI-0073,2017-10-11,,,,,,
51490,AOI-0073,2017-10-16,,,,,0.35414909,0.35414909
51520,AOI-0073,2018-04-16,0.16601714,0.16601714,0.16601714,0.16601714,0.16601714,0.16601714
51764,AOI-0073,2019-05-17,0.38887010,0.38887010,0.38887010,0.38887010,0.38887010,0.38887010
51766,AOI-0073,2019-05-19,0.30599816,0.30599816,0.30599816,0.30599816,0.30599816,0.30599816
51781,AOI-0073,2019-06-03,0.52084590,0.52084590,0.52084590,0.52084590,0.52084590,0.52084590
51821,AOI-0073,2019-07-13,,,,,,
51846,AOI-0073,2019-08-07,0.58837344,0.60583153,0.58837344,0.60583153,0.58837344,0.60583153
51851,AOI-0073,2019-08-12,0.56988675,0.56988675,0.56988675,0.56988675,0.56988675,0.56988675
51876,AOI-0073,2019-09-06,0.30145386,0.30145386,0.30145386,0.30145386,0.30145386,0.30145386
51881,AOI-0073,2019-09-11,0.28016756,0.28016756,0.28016756,0.28016756,0.28016756,0.28016756
51885,AOI-0073,2019-09-15,0.20944682,0.20944682,0.20944682,0.20944682,0.20944682,0.20944682
51886,AOI-0073,2019-09-16,0.25220832,0.26423487,0.25220832,0.26423487,0.25220832,0.26423487
51898,AOI-0073,2019-09-28,0.26707022,0.26707022,0.26707022,0.26707022,0.26707022,0.26707022
51916,AOI-0073,2019-10-16,0.33472235,0.31958192,0.33472235,0.31958192,0.33472235,0.31958192
51926,AOI-0073,2019-10-26,0.27198516,0.27601482,0.27198516,0.27601482,0.27198516,0.27601482
51935,AOI-0073,2020-04-05,,,,,,
51945,AOI-0073,2020-04-15,,,,,,
51952,AOI-0073,2020-04-22,0.48846747,0.49341619,0.48846747,0.49341619,0.48846747,0.49341619
51978,AOI-0073,2020-05-18,0.34161764,0.34161764,0.34161764,0.34161764,0.34161764,0.34161764
52025,AOI-0073,2020-07-04,0.21685096,0.21997301,0.21685096,0.21997301,0.21685096,0.21997301
52027,AOI-0073,2020-07-06,0.33784528,0.33784528,0.35106866,0.35106866,0.33784528,0.35106866
52045,AOI-0073,2020-07-24,0.19974540,0.19266204,0.19974540,0.19266204,0.19974540,0.19266204
52050,AOI-0073,2020-07-29,0.16141046,0.16967592,0.16141046,0.16967592,0.16141046,0.16967592
52064,AOI-0073,2020-08-12,0.40168717,0.38411103,0.40168717,0.38411103,0.40168717,0.38411103
52084,AOI-0073,2020-09-01,0.25269297,0.24328857,0.25269297,0.24328857,0.25269297,0.24328857
52103,AOI-0073,2020-09-20,0.17619975,0.17619975,0.17619975,0.17619975,0.17619975,0.17619975
52133,AOI-0073,2020-10-20,0.20465513,0.20465513,0.20465513,0.20465513,0.20465513,0.20465513
52139,AOI-0073,2020-10-26,0.16109771,0.15617510,0.16109771,0.15617510,0.16109771,0.15617510
52179,AOI-0073,2021-05-06,,,,,,
52186,AOI-0073,2021-05-13,,,,,,
52188,AOI-0073,2021-05-15,0.20024226,0.20024226,0.20024226,0.20024226,0.20024226,0.20024226
52233,AOI-0073,2021-06-29,,,,,,
52259,AOI-0073,2021-07-25,,,,,,
52267,AOI-0073,2021-08-02,,,,,,
52303,AOI-0073,2021-09-07,0.27321440,0.27321440,0.27321440,0.27321440,0.27321440,0.27321440
52310,AOI-0073,2021-09-14,0.18506377,0.18506377,0.18506377,0.18506377,0.18506377,0.18506377
52311,AOI-0073,2021-09-15,,,,,,
52379,AOI-0073,2022-04-23,0.31235003,0.31235003,0.31235003,0.31235003,0.31235003,0.31235003
52381,AOI-0073,2022-04-25,0.20173144,0.20173144,0.20173144,0.20173144,0.20173144,0.20173144
52421,AOI-0073,2022-06-04,0.20371667,0.20371667,0.20371667,0.20371667,0.20371667,0.20371667
52424,AOI-0073,2022-06-07,0.28480837,0.28480837,0.28480837,0.28480837,0.28480837,0.28480837
52426,AOI-0073,2022-06-09,0.36229477,0.36229477,0.36229477,0.36229477,0.36229477,0.36229477
52431,AOI-0073,2022-06-14,0.40732066,0.40732066,0.40732066,0.40732066,0.40732066,0.40732066
52452,AOI-0073,2022-07-05,0.80325004,0.80325004,0.80325004,0.80325004,0.80325004,0.80325004
52454,AOI-0073,2022-07-07,0.77395789,0.77395789,0.77395789,0.77395789,0.77395789,0.77395789
52519,AOI-0073,2022-09-10,0.45051346,0.45051346,0.45051346,0.45051346,0.45051346,0.45051346
52539,AOI-0073,2022-09-30,0.40860624,0.40860624,0.40860624,0.40860624,0.40860624,0.40860624
52571,AOI-0073,2023-04-02,0.25590181,0.25590181,0.23286957,0.23286957,0.25590181,0.23286957
52597,AOI-0073,2023-04-28,,,,,,
52602,AOI-0073,2023-05-03,0.23839951,0.23839951,0.23839951,0.23839951,0.23839951,0.23839951
52604,AOI-0073,2023-05-05,0.24401106,0.24401106,0.24401106,0.24401106,0.24401106,0.24401106
52612,AOI-0073,2023-05-13,,,,,,
52634,AOI-0073,2023-06-04,0.49864271,0.49864271,0.49864271,0.49864271,0.49864271,0.49864271
52637,AOI-0073,2023-06-07,0.38627036,0.38627036,,,0.38627036,
52685,AOI-0073,2023-07-25,0.30670387,0.30670387,0.30187489,0.30187489,0.30670387,0.30187489
52691,AOI-0073,2023-07-31,0.31392902,0.31392902,0.29828713,0.29828713,0.31392902,0.29828713
52697,AOI-0073,2023-08-06,0.20467374,0.20467374,0.20467374,0.20467374,0.20467374,0.20467374
52707,AOI-0073,2023-08-16,,,,,,
52719,AOI-0073,2023-08-28,0.18979953,0.18979953,0.15819721,0.15819721,0.18979953,0.15819721
52729,AOI-0073,2023-09-07,0.21966996,0.21966996,0.20389915,0.20389915,0.21966996,0.20389915
52734,AOI-0073,2023-09-12,0.22323364,0.22323364,0.20895520,0.20895520,0.22323364,0.20895520
52751,AOI-0073,2023-09-29,0.23195904,0.23195904,0.22440805,0.22440805,0.23195904,0.22440805
52763,AOI-0073,2023-10-11,0.24296927,0.24296927,,,0.24296927,
52767,AOI-0073,2023-10-15,0.26731250,0.26731250,0.26731250,0.26731250,0.26731250,0.26731250
52796,AOI-0073,2024-04-14,0.42017805,0.43738360,0.42017805,0.43738360,0.42017805,0.43738360
52802,AOI-0073,2024-04-20,0.55788449,0.55788449,0.55788449,0.55788449,0.55788449,0.55788449
52818,AOI-0073,2024-05-06,0.62272681,0.62114543,0.62272681,0.62114543,0.62272681,0.62114543
52819,AOI-0073,2024-05-07,0.59307486,0.60164639,0.59307486,0.60164639,0.59307486,0.60164639
52866,AOI-0073,2024-06-23,0.26267315,0.26107239,0.26267315,0.26107239,0.26267315,0.26107239
52876,AOI-0073,2024-07-03,0.25241628,0.25144133,0.25241628,0.25144133,0.25241628,0.25144133
52884,AOI-0073,2024-07-11,0.30415413,0.30072522,0.30415413,0.30072522,0.30415413,0.30072522
52886,AOI-0073,2024-07-13,0.30264671,0.28144633,0.30264671,0.28144633,0.30264671,0.28144633
52894,AOI-0073,2024-07-21,0.27531657,0.27531657,0.27531657,0.27531657,0.27531657,0.27531657
52898,AOI-0073,2024-07-25,0.24556863,0.23536082,0.24556863,0.23536082,0.24556863,0.23536082
52916,AOI-0073,2024-08-12,0.19171327,0.20227930,0.19171327,0.20227930,0.19171327,0.20227930
52932,AOI-0073,2024-08-28,0.23401768,0.23754279,0.23401768,0.23754279,0.23401768,0.23754279
52936,AOI-0073,2024-09-01,0.18065329,0.18011202,0.18065329,0.18011202,0.18065329,0.18011202
52948,AOI-0073,2024-09-13,0.27094938,0.26219548,0.27094938,0.26219548,0.27094938,0.26219548
52964,AOI-0073,2024-09-29,0.19390049,0.20060373,0.19390049,0.20060373,0.19390049,0.20060373
53002,AOI-0073,2025-04-07,0.32977185,0.32977185,0.32977185,0.32977185,0.32977185,0.32977185
53010,AOI-0073,2025-04-15,0.23171678,0.23171678,0.23171678,0.23171678,0.23171678,0.23171678
53014,AOI-0073,2025-04-19,0.20878915,0.20878915,0.20878915,0.20878915,0.20878915,0.20878915
53017,AOI-0073,2025-04-22,0.20311123,0.20887499,0.20311123,0.20887499,0.20311123,0.20887499
53018,AOI-0073,2025-04-23,0.27080306,0.27448429,0.27080306,0.27448429,0.27080306,0.27448429
53024,AOI-0073,2025-04-29,0.22791346,0.22904046,0.22791346,0.22904046,0.22791346,0.22904046
53036,AOI-0073,2025-05-11,0.22646818,0.22646818,0.22646818,0.22646818,0.22646818,0.22646818
53047,AOI-0073,2025-05-22,0.25230373,0.25137322,0.25230373,0.25137322,0.25230373,0.25137322
53054,AOI-0073,2025-05-29,,,,,,
53059,AOI-0073,2025-06-03,0.41230567,0.39292648,0.41230567,0.39292648,0.41230567,0.39292648
53086,AOI-0073,2025-06-30,0.83979363,0.82192184,0.83979363,0.82192184,0.83979363,0.82192184
53092,AOI-0073,2025-07-06,0.79165107,0.79522438,0.79165107,0.79522438,0.79165107,0.79522438
53094,AOI-0073,2025-07-08,0.83154385,0.80971272,0.83154385,0.80971272,0.83154385,0.80971272
53114,AOI-0073,2025-07-28,0.78343741,0.76532936,0.78343741,0.76532936,0.78343741,0.76532936
53122,AOI-0073,2025-08-05,0.63047667,0.63047667,0.63047667,0.63047667,0.63047667,0.63047667
53124,AOI-0073,2025-08-07,0.62731096,0.61808323,0.62731096,0.61808323,0.62731096,0.61808323
53139,AOI-0073,2025-08-22,0.41315133,0.42818258,0.41315133,0.42818258,0.41315133,0.42818258
53144,AOI-0073,2025-08-27,0.32205391,0.32205391,0.32205391,0.32205391,0.32205391,0.32205391
53170,AOI-0073,2025-09-22,0.27706459,0.27706459,0.27706459,0.27706459,0.27706459,0.27706459
53311,AOI-0074,2010-07-12,,,,,0.52802029,0.45443829
53359,AOI-0074,2010-08-29,0.31337636,0.31337636,0.31337636,0.31337636,0.21837308,0.25545211
53478,AOI-0074,2011-05-27,0.48976694,0.48976694,0.48976694,0.48976694,0.48976694,0.48976694
53502,AOI-0074,2011-06-20,0.40467466,0.40467466,0.40467466,0.40467466,0.40467466,0.40467466
53508,AOI-0074,2011-06-26,0.66780228,0.66780228,0.66780228,0.66780228,0.69518030,0.71324086
53518,AOI-0074,2011-07-06,0.49877780,0.49877780,0.49877780,0.49877780,0.49877780,0.49877780
53598,AOI-0074,2011-09-24,0.29637679,0.29637679,0.29637679,0.29637679,0.29637679,0.29637679
53933,AOI-0074,2013-06-25,,,,,0.36102396,
53941,AOI-0074,2013-07-03,,,,,,
53949,AOI-0074,2013-07-11,,,,,0.36222164,
53982,AOI-0074,2013-08-13,,,,,,0.29306802
54165,AOI-0074,2014-07-14,0.75902422,0.75902422,0.75902422,0.75902422,0.75902422,0.75902422
54179,AOI-0074,2014-07-28,0.66962295,0.66962295,0.66962295,0.66962295,0.66962295,0.66962295
54227,AOI-0074,2014-09-14,,,,,,
54259,AOI-0074,2014-10-16,0.20215734,0.20215734,0.20215734,0.20215734,0.20215734,0.20215734
54296,AOI-0074,2015-04-23,0.25436169,0.25436169,0.25436169,0.25436169,0.25436169,0.27119364
54301,AOI-0074,2015-04-28,0.19036861,0.19036861,0.19036861,0.19036861,0.19036861,0.19036861
54389,AOI-0074,2015-07-25,0.64800269,0.64800269,0.64800269,0.64800269,0.64800269,0.64800269
54472,AOI-0074,2015-10-16,0.23354538,0.23354538,0.23354538,0.23354538,0.23354538,0.24092409
54485,AOI-0074,2015-10-29,0.16233157,0.16233157,0.16233157,0.16233157,0.16233157,0.16233157
54620,AOI-0074,2016-08-12,,,,,0.22864634,0.33677985
54628,AOI-0074,2016-08-20,,,,,0.29455250,0.29242173
54722,AOI-0074,2017-04-23,,,,,,0.46733139
54733,AOI-0074,2017-05-04,0.19645779,0.19645779,0.19645779,0.19645779,0.19645779,0.19645779
54735,AOI-0074,2017-05-06,0.20540524,0.20540524,0.20540524,0.20540524,0.20540524,0.20540524
54764,AOI-0074,2017-06-04,,,,,,
54765,AOI-0074,2017-06-05,0.26171012,0.26171012,0.26171012,0.26171012,0.26171012,0.27596831
54770,AOI-0074,2017-06-10,0.59661757,0.59661757,0.59661757,0.59661757,0.59661757,0.60444057
54780,AOI-0074,2017-06-20,0.54492279,0.54492279,0.54492279,0.54492279,0.54492279,0.54492279
54786,AOI-0074,2017-06-26,0.74156137,0.74156137,0.74156137,0.74156137,0.74156137,0.74095679
54808,AOI-0074,2017-07-18,,,,,,
54828,AOI-0074,2017-08-07,,,,,,
54838,AOI-0074,2017-08-17,0.54405554,0.54405554,0.54405554,0.54405554,0.54405554,0.53804441
54868,AOI-0074,2017-09-16,0.30214059,0.30214059,0.30214059,0.30214059,0.30214059,0.30214059
54893,AOI-0074,2017-10-11,,,,,,
54898,AOI-0074,2017-10-16,,,,,,0.37908697
54916,AOI-0074,2018-04-04,0.35738686,0.35738686,0.35738686,0.35738686,0.35738686,0.35738686
54935,AOI-0074,2018-04-23,0.35104893,0.35104893,0.35104893,0.35104893,0.35104893,0.35104893
54948,AOI-0074,2018-05-06,0.28496159,0.28496159,0.28496159,0.28496159,0.28496159,0.28496159
54953,AOI-0074,2018-05-11,0.28471440,0.28471440,0.28471440,0.28471440,0.28471440,0.28471440
54964,AOI-0074,2018-05-22,0.44654080,0.44654080,0.44654080,0.44654080,0.44654080,0.44654080
54968,AOI-0074,2018-05-26,0.22851418,0.22851418,0.22851418,0.22851418,0.22851418,0.22851418
54972,AOI-0074,2018-05-30,0.29851870,0.29851870,0.29851870,0.29851870,0.29851870,0.29851870
55016,AOI-0074,2018-07-13,0.68767265,0.68767265,0.68767265,0.68767265,0.68767265,0.68767265
55052,AOI-0074,2018-08-18,0.71996125,0.71996125,0.71996125,0.71996125,0.71996125,0.71996125
55079,AOI-0074,2018-09-14,0.35163373,0.35163373,0.35163373,0.35163373,0.35163373,0.35163373
55084,AOI-0074,2018-09-19,0.29579906,0.29579906,0.29579906,0.29579906,0.29579906,0.29579906
55095,AOI-0074,2018-09-30,0.31585550,0.31585550,0.31585550,0.31585550,0.31585550,0.31585550
55148,AOI-0074,2019-04-23,,,,,,
55159,AOI-0074,2019-05-04,,,,,,
55169,AOI-0074,2019-05-14,,,,,,
55171,AOI-0074,2019-05-16,,,,,,
55186,AOI-0074,2019-05-31,,,,,,
55199,AOI-0074,2019-06-13,,,,,,
55229,AOI-0074,2019-07-13,,,,,,
55252,AOI-0074,2019-08-05,,,,,,
55256,AOI-0074,2019-08-09,,,,,,
55292,AOI-0074,2019-09-14,,,,,,
55347,AOI-0074,2020-04-09,0.19665430,0.21087068,0.19665430,0.21087068,0.19665430,0.21087068
55435,AOI-0074,2020-07-06,0.34782944,0.34782944,0.34782944,0.34782944,0.34782944,0.34782944
55451,AOI-0074,2020-07-22,0.24063128,0.24063128,0.24063128,0.24063128,0.24063128,0.24063128
55467,AOI-0074,2020-08-07,0.20789563,0.20789563,0.20789563,0.20789563,0.20789563,0.20789563
55486,AOI-0074,2020-08-26,0.20536065,0.20536065,0.20536065,0.20536065,0.20536065,0.20536065
55498,AOI-0074,2020-09-07,0.17211251,0.15549099,0.17211251,0.15549099,0.17211251,0.15549099
55499,AOI-0074,2020-09-08,0.19828332,0.19828332,0.19828332,0.19828332,0.19828332,0.19828332
55503,AOI-0074,2020-09-12,0.15842903,0.15529450,0.15842903,0.15529450,0.15842903,0.15529450
55528,AOI-0074,2020-10-07,0.16610054,0.16610305,0.16610054,0.16610305,0.16610054,0.16610305
55533,AOI-0074,2020-10-12,0.11255594,0.10179890,0.11255594,0.10179890,0.11255594,0.10179890
55539,AOI-0074,2020-10-18,0.26356372,0.26356372,0.26356372,0.26356372,0.26356372,0.26356372
55543,AOI-0074,2020-10-22,0.15997988,0.15997988,0.15997988,0.15997988,0.15997988,0.15997988
55576,AOI-0074,2021-04-25,,,,,,
55635,AOI-0074,2021-06-23,,,,,,
55639,AOI-0074,2021-06-27,,,,,,
55659,AOI-0074,2021-07-17,,,,,,
55676,AOI-0074,2021-08-03,0.59475316,0.59475316,0.59475316,0.59475316,0.59475316,0.59475316
55679,AOI-0074,2021-08-06,,,,,,
55692,AOI-0074,2021-08-19,,,,,,
55707,AOI-0074,2021-09-03,,,,,,
55740,AOI-0074,2021-10-06,0.21346473,0.21346473,0.21346473,0.21346473,0.21346473,0.21346473
55751,AOI-0074,2021-10-17,0.24592782,0.24592782,0.24592782,0.24592782,0.24592782,0.24592782
55754,AOI-0074,2021-10-20,,,,,,
55761,AOI-0074,2021-10-27,,,,,,
55824,AOI-0074,2022-05-30,0.23353227,0.23353227,0.23353227,0.23353227,0.23353227,0.23353227
55867,AOI-0074,2022-07-12,0.77969938,0.77969938,0.77969938,0.77969938,0.77969938,0.77969938
55915,AOI-0074,2022-08-29,0.50364225,0.50364225,0.50364225,0.50364225,0.50364225,0.50364225
55963,AOI-0074,2022-10-16,0.34054996,0.34054996,0.34054996,0.34054996,0.34054996,0.34054996
56005,AOI-0074,2023-04-28,,,,,,
56037,AOI-0074,2023-05-30,0.45912580,0.45912580,0.45912580,0.45912580,0.45912580,0.45912580
56047,AOI-0074,2023-06-09,0.48265118,0.48265118,0.50973279,0.50973279,0.48265118,0.50973279
56057,AOI-0074,2023-06-19,0.27754403,0.27754403,0.24551143,0.24551143,0.27754403,0.24551143
56082,AOI-0074,2023-07-14,0.28932222,0.27465132,0.29659724,0.29659724,0.28932222,0.29659724
56115,AOI-0074,2023-08-16,,,,,,
56144,AOI-0074,2023-09-14,0.28626831,0.27799972,0.31656283,0.31656283,0.28626831,0.31656283
56171,AOI-0074,2023-10-11,0.20047338,0.20047338,,,0.20047338,
56207,AOI-0074,2024-04-17,0.69223574,0.69223574,0.69223574,0.69223574,0.69223574,0.69223574
56228,AOI-0074,2024-05-08,0.68704789,0.67949691,0.68704789,0.67949691,0.68704789,0.67949691
56229,AOI-0074,2024-05-09,0.60652176,0.60239210,0.60652176,0.60239210,0.60652176,0.60239210
56257,AOI-0074,2024-06-06,0.56520539,0.56520539,0.56520539,0.56520539,0.56520539,0.56520539
56289,AOI-0074,2024-07-08,0.22511395,0.22334722,0.22511395,0.22334722,0.22511395,0.22334722
56299,AOI-0074,2024-07-18,0.20941729,0.21005720,0.20941729,0.21005720,0.20941729,0.21005720
56308,AOI-0074,2024-07-27,0.28649444,0.27857365,0.28649444,0.27857365,0.28649444,0.27857365
56324,AOI-0074,2024-08-12,0.17177798,0.18602181,0.17177798,0.18602181,0.17177798,0.18602181
56340,AOI-0074,2024-08-28,0.21374032,0.21354458,0.21374032,0.21354458,0.21374032,0.21354458
56347,AOI-0074,2024-09-04,0.18017670,0.18017670,0.18017670,0.18017670,0.18017670,0.18017670
56352,AOI-0074,2024-09-09,0.15942532,0.15942532,0.15942532,0.15942532,0.15942532,0.15942532
56410,AOI-0074,2025-04-07,0.20322958,0.20322958,0.20322958,0.20322958,0.20322958,0.20322958
56418,AOI-0074,2025-04-15,0.20781139,0.20781139,0.20781139,0.20781139,0.20781139,0.20781139
56445,AOI-0074,2025-05-12,0.21379147,0.21767128,0.21379147,0.21767128,0.21379147,0.21767128
56447,AOI-0074,2025-05-14,0.18299579,0.18299579,0.18299579,0.18299579,0.18299579,0.18299579
56465,AOI-0074,2025-06-01,0.36335562,0.34426506,0.36335562,0.34426506,0.36335562,0.34426506
56474,AOI-0074,2025-06-10,0.60596053,0.62174913,0.60596053,0.62174913,0.60596053,0.62174913
56500,AOI-0074,2025-07-06,0.77789436,0.77789436,0.77789436,0.77789436,0.77789436,0.77789436
56510,AOI-0074,2025-07-16,0.64597739,0.63425955,0.64597739,0.63425955,0.64597739,0.63425955
56530,AOI-0074,2025-08-05,0.61192749,0.61192749,0.61192749,0.61192749,0.61192749,0.61192749
56544,AOI-0074,2025-08-19,0.45025953,0.46268039,0.45025953,0.46268039,0.45025953,0.46268039
56564,AOI-0074,2025-09-08,0.25640198,0.25640198,0.25640198,0.25640198,0.25640198,0.25640198
56578,AOI-0074,2025-09-22,0.24484882,0.24484882,0.24484882,0.24484882,0.24484882,0.24484882
56587,AOI-0074,2025-10-01,0.22973223,0.22973223,0.22973223,0.22973223,0.22973223,0.22973223
56612,AOI-0074,2025-10-26,0.25027441,0.26965922,0.25027441,0.26965922,0.25027441,0.26965922
56623,AOI-0075,2025-04-07,0.35501523,0.35501523,0.35501523,0.35501523,0.35501523,0.35501523
56628,AOI-0075,2025-04-12,0.25253210,0.24760229,0.25253210,0.24760229,0.25253210,0.24760229
56719,AOI-0075,2025-07-12,0.64145441,0.64408612,0.64145441,0.64408612,0.64145441,0.64408612
56725,AOI-0075,2025-07-18,0.57567561,0.57640758,0.57567561,0.57640758,0.57567561,0.57640758
56759,AOI-0075,2025-08-21,0.46435620,0.46435620,0.46435620,0.46435620,0.46435620,0.46435620
56768,AOI-0075,2025-08-30,0.37002575,0.36169105,0.37002575,0.36169105,0.37002575,0.36169105
56777,AOI-0075,2025-09-08,0.33716364,0.33844653,0.33716364,0.33716364,0.33716364,0.33716364
56785,AOI-0075,2025-09-16,0.31178216,0.31143888,0.31178216,0.31143888,0.31178216,0.31143888
56790,AOI-0075,2025-09-21,0.32562084,0.32562084,0.32562084,0.32562084,0.32562084,0.32562084
56828,AOI-0075,2025-10-29,0.24811779,0.24811779,0.24811779,0.24811779,0.24811779,0.24811779
56837,AOI-0076,2025-04-19,0.23987838,0.23987838,0.23987838,0.23987838,0.23987838,0.23987838
56843,AOI-0076,2025-05-01,0.20886814,0.20949649,0.20886814,0.20949649,0.20886814,0.20949649
56847,AOI-0076,2025-05-11,0.25520451,0.25520451,0.25520451,0.25520451,0.25520451,0.25520451
56853,AOI-0076,2025-05-25,0.32240949,0.32583708,0.32240949,0.32583708,0.32240949,0.32583708
56867,AOI-0076,2025-07-10,0.81860209,0.79679536,0.81860209,0.79679536,0.81860209,0.79679536
56876,AOI-0076,2025-07-31,0.74667073,0.72630916,0.74667073,0.72630916,0.74667073,0.72630916
56885,AOI-0076,2025-08-21,0.51454223,0.51454223,0.51454223,0.51454223,0.51454223,0.51454223
56887,AOI-0076,2025-08-27,0.31094239,0.31094239,0.31094239,0.31094239,0.31094239,0.31094239
56890,AOI-0076,2025-09-01,0.31201597,0.34529595,0.31201597,0.34529595,0.31201597,0.34529595
56894,AOI-0076,2025-09-21,0.31500441,0.31500441,0.31500441,0.31500441,0.31500441,0.31500441
56895,AOI-0076,2025-09-22,0.28719601,0.28719601,0.28719601,0.28719601,0.28719601,0.28719601
56898,AOI-0076,2025-10-01,0.24623489,0.24623489,0.24623489,0.24623489,0.24623489,0.24623489
56899,AOI-0076,2025-10-04,0.26035875,0.24627516,0.26035875,0.24627516,0.26035875,0.24627516
56917,AOI-0077,2025-05-09,0.65645739,0.61686976,0.65645739,0.61686976,0.65645739,0.61686976
56927,AOI-0077,2025-06-06,0.60702091,0.58060848,0.60702091,0.58060848,0.60702091,0.58060848
56932,AOI-0077,2025-06-21,0.32386277,0.37898074,0.32386277,0.37898074,0.32386277,0.37898074
56939,AOI-0077,2025-07-12,0.26753075,0.28542162,0.26753075,0.28542162,0.26753075,0.28542162
56953,AOI-0077,2025-08-22,0.20718271,0.19597998,0.20718271,0.19597998,0.20718271,0.19597998
56954,AOI-0077,2025-08-27,0.18567949,0.18881679,0.18567949,0.18881679,0.18567949,0.18881679
56956,AOI-0077,2025-08-30,0.21770359,0.22177949,0.21770359,0.22177949,0.21770359,0.22177949
56959,AOI-0077,2025-09-11,0.17857278,0.18034561,0.17857278,0.18034561,0.17857278,0.18034561
56963,AOI-0077,2025-09-22,0.25929798,0.25717277,0.25929798,0.25717277,0.25929798,0.25717277
57003,AOI-0078,2025-05-02,,,,,,
57026,AOI-0078,2025-05-25,0.76375226,0.76272412,0.76375226,0.76272412,0.76375226,0.76272412
57033,AOI-0078,2025-06-01,,,,,,
57035,AOI-0078,2025-06-03,0.72310092,0.73658348,0.72310092,0.73658348,0.72310092,0.73658348
57038,AOI-0078,2025-06-06,0.59083172,0.61914141,0.59083172,0.61914141,0.59083172,0.61914141
57042,AOI-0078,2025-06-10,0.53954687,0.50807643,0.53954687,0.50807643,0.53954687,0.50807643
57066,AOI-0078,2025-07-04,0.35128364,0.33657106,0.35128364,0.33657106,0.35128364,0.33657106
57072,AOI-0078,2025-07-10,0.19905004,0.20471972,0.19905004,0.20471972,0.19905004,0.20471972
57073,AOI-0078,2025-07-11,,,,,,
57075,AOI-0078,2025-07-13,0.18861736,0.19306004,0.18861736,0.19306004,0.18861736,0.19306004
57103,AOI-0078,2025-08-10,,,,,,
57108,AOI-0078,2025-08-15,0.22400570,0.21722067,0.22400570,0.21722067,0.22400570,0.21722067
57132,AOI-0078,2025-09-08,0.17805587,0.16206293,0.17805587,0.16206293,0.17805587,0.16206293
57158,AOI-0078,2025-10-04,0.15142352,0.16202542,0.15142352,0.16202542,0.15142352,0.16202542
