anon_polygon_id,date,crop_type,pred,truth,err,abs_err,source,year,gap_days,bracket_days,edge,run_len
AOI-0002,2019-06-26,озимая пшеница,0.3102726142414971,0.3226791885441528,-0.012406574302655682,0.012406574302655682,modis,2019,1.0,2.0,False,1
AOI-0002,2019-07-29,озимая пшеница,0.2503901754270878,0.234648495218802,0.015741680208285813,0.015741680208285813,landsat,2019,1.0,10.0,False,1
AOI-0002,2019-08-13,озимая пшеница,0.29166832486042915,0.3215358472553701,-0.02986752239494095,0.02986752239494095,modis,2019,1.0,5.0,False,1
AOI-0003,2019-04-01,озимая пшеница,0.6698336110002484,0.7465997423623716,-0.07676613136212318,0.07676613136212318,s2,2019,5.0,inf,True,1
AOI-0003,2019-05-06,озимая пшеница,0.8057713520956881,0.912608548188256,-0.10683719609256792,0.10683719609256792,s2,2019,2.0,6.0,False,1
AOI-0003,2019-06-04,озимая пшеница,0.8381998879859911,0.8633667030456484,-0.025166815059657344,0.025166815059657344,landsat,2019,1.0,3.0,False,1
AOI-0003,2019-07-07,озимая пшеница,0.20005010366075882,0.1352430982600685,0.06480700540069032,0.06480700540069032,s2,2019,1.0,6.0,False,1
AOI-0003,2019-08-07,озимая пшеница,0.32934529499661747,0.3383295609182435,-0.008984265921626045,0.008984265921626045,landsat,2019,1.0,3.0,False,1
AOI-0003,2019-08-14,озимая пшеница,0.37538096167033236,0.3867256717278265,-0.011344710057494156,0.011344710057494156,s2,2019,1.0,2.0,False,1
AOI-0003,2019-08-22,озимая пшеница,0.3868669388068138,0.4473056731221935,-0.060438734315379716,0.060438734315379716,landsat,2019,1.0,5.0,False,2
AOI-0003,2019-08-23,озимая пшеница,0.3842860370302235,0.1541977626863271,0.23008827434389642,0.23008827434389642,landsat,2019,2.0,5.0,False,2
AOI-0004,2019-04-23,озимая пшеница,0.5329845521166802,0.6785134925676533,-0.1455289404509731,0.1455289404509731,modis,2019,2.0,5.0,False,1
AOI-0004,2019-05-25,озимая пшеница,0.7661500842360343,0.7975428026934316,-0.03139271845739733,0.03139271845739733,modis,2019,4.0,10.0,False,1
AOI-0004,2019-06-30,озимая пшеница,0.4662270418423945,0.5339735900922244,-0.06774654824982995,0.06774654824982995,s2,2019,3.0,8.0,False,1
AOI-0004,2019-07-12,озимая пшеница,0.5056534415598213,0.5197044594079532,-0.014051017848131897,0.014051017848131897,modis,2019,6.0,14.0,False,1
AOI-0004,2019-09-14,озимая пшеница,0.3771817853877779,0.4367464108753651,-0.059564625487587175,0.059564625487587175,modis,2019,1.0,2.0,False,1
AOI-0004,2019-09-23,озимая пшеница,0.3118051276889994,0.3418787380377747,-0.030073610348775315,0.030073610348775315,s2,2019,5.0,10.0,False,1
AOI-0007,2019-04-01,озимая пшеница,0.46452140713310686,0.5099181770744069,-0.04539676994130004,0.04539676994130004,s2,2019,5.0,inf,True,1
AOI-0007,2019-06-26,озимая пшеница,0.3222761965677307,0.2826332811101164,0.039642915457614336,0.039642915457614336,modis,2019,1.0,2.0,False,1
AOI-0007,2019-07-28,озимая пшеница,0.2477435043604999,0.2948467099373322,-0.047103205576832285,0.047103205576832285,modis,2019,2.0,8.0,False,1
AOI-0007,2019-08-13,озимая пшеница,0.29973163370024836,0.3201401745747538,-0.020408540874505443,0.020408540874505443,modis,2019,2.0,4.0,False,2
AOI-0007,2019-08-14,озимая пшеница,0.24272524836973383,0.2553435416949679,-0.012618293325234092,0.012618293325234092,s2,2019,1.0,4.0,False,2
AOI-0008,2019-05-19,озимая пшеница,0.8325111120233862,0.7692984386972274,0.06321267332615887,0.06321267332615887,landsat,2019,1.0,3.0,False,1
AOI-0008,2019-07-17,озимая пшеница,0.1471299411173085,0.106757405103178,0.04037253601413052,0.04037253601413052,s2,2019,3.0,6.0,False,1
AOI-0008,2019-08-13,озимая пшеница,0.3137303550019479,0.3459212809917355,-0.03219092598978762,0.03219092598978762,modis,2019,1.0,3.0,False,1
AOI-0008,2019-09-30,озимая пшеница,0.3075520895075605,0.3700481404958678,-0.062496050988307295,0.062496050988307295,modis,2019,5.0,15.0,False,1
AOI-0008,2019-10-16,озимая пшеница,0.33989069754946616,0.3880512396694215,-0.04816054211995535,0.04816054211995535,modis,2019,3.0,7.0,False,1
AOI-0011,2019-04-07,озимая пшеница,0.385847131209892,0.3382590709728869,0.047588060237005125,0.047588060237005125,modis,2019,1.0,15.0,False,1
AOI-0011,2019-04-23,озимая пшеница,0.29289060877830486,0.253966242124564,0.03892436665374088,0.03892436665374088,s2,2019,2.0,4.0,False,1
AOI-0011,2019-04-28,озимая пшеница,0.2883953627362894,0.2786232952324141,0.009772067503875326,0.009772067503875326,s2,2019,2.0,10.0,False,1
AOI-0011,2019-07-12,озимая пшеница,0.32816487042606945,0.3138876594896333,0.014277210936436135,0.014277210936436135,modis,2019,2.0,7.0,False,1
AOI-0011,2019-08-06,озимая пшеница,0.34959006405381027,0.3170344656770985,0.03255559837671179,0.03255559837671179,s2,2019,1.0,6.0,False,1
AOI-0011,2019-08-14,озимая пшеница,0.3263369579697294,0.3801486586350469,-0.053811700665317486,0.053811700665317486,s2,2019,1.0,2.0,False,1
AOI-0011,2019-08-19,озимая пшеница,0.25038689328882946,0.2258932122279706,0.024493681060858863,0.024493681060858863,s2,2019,2.0,6.0,False,1
AOI-0011,2019-09-30,озимая пшеница,0.26704074368120045,0.3405341706539076,-0.07349342697270717,0.07349342697270717,modis,2019,2.0,7.0,False,1
AOI-0015,2019-05-27,озимая пшеница,0.6580813628506019,0.7729414204308778,-0.11486005758027584,0.11486005758027584,landsat,2019,1.0,3.0,False,1
AOI-0015,2019-06-07,озимая пшеница,0.6930739993998708,0.7532304608734582,-0.06015646147358744,0.06015646147358744,s2,2019,2.0,5.0,False,1
AOI-0015,2019-07-05,озимая пшеница,0.48129825361283685,0.4604503486015336,0.020847905011303236,0.020847905011303236,s2,2019,1.0,4.0,False,1
AOI-0015,2019-10-13,озимая пшеница,0.23458624610516576,0.2271962348417911,0.007390011263374657,0.007390011263374657,s2,2019,2.0,5.0,False,1
AOI-0015,2019-10-16,озимая пшеница,0.3142397302754372,0.4111288959323824,-0.09688916565694516,0.09688916565694516,modis,2019,1.0,2.0,False,1
AOI-0019,2019-04-28,подсолнечник,0.6211342362007564,0.6363705094371298,-0.015236273236373443,0.015236273236373443,s2,2019,2.0,6.0,False,1
AOI-0019,2019-05-25,подсолнечник,0.8004335451090712,0.8708714183509214,-0.07043787324185025,0.07043787324185025,modis,2019,2.0,6.0,False,1
AOI-0019,2019-06-15,подсолнечник,0.617371651477127,0.6882963324492058,-0.07092468097207882,0.07092468097207882,s2,2019,2.0,5.0,False,1
AOI-0019,2019-06-27,подсолнечник,0.36061144866263295,0.3132262602770251,0.047385188385607846,0.047385188385607846,s2,2019,1.0,2.0,False,1
AOI-0019,2019-07-14,подсолнечник,0.27441184821228193,0.3595298739971387,-0.08511802578485678,0.08511802578485678,landsat,2019,2.0,5.0,False,1
AOI-0019,2019-08-14,подсолнечник,0.24993125219776435,0.2371452129240989,0.01278603927366545,0.01278603927366545,s2,2019,1.0,2.0,False,1
AOI-0019,2019-08-31,подсолнечник,0.18055095209561614,0.1750671595679622,0.005483792527653936,0.005483792527653936,s2,2019,1.0,4.0,False,1
AOI-0019,2019-09-15,подсолнечник,0.18114117485247272,0.1445492781495866,0.03659189670288612,0.03659189670288612,s2,2019,1.0,2.0,False,1
AOI-0019,2019-09-23,подсолнечник,0.15722386736676502,-0.0016985511856338,0.15892241855239883,0.15892241855239883,s2,2019,2.0,7.0,False,1
AOI-0020,2019-04-23,подсолнечник,0.5814542219639882,0.5615888368221427,0.01986538514184555,0.01986538514184555,s2,2019,2.0,4.0,False,1
AOI-0020,2019-06-11,подсолнечник,0.7414350995337851,0.6688567412051654,0.0725783583286197,0.0725783583286197,landsat,2019,1.0,2.0,False,1
AOI-0020,2019-07-12,подсолнечник,0.3092691307530658,0.2835871966232852,0.025681934129780593,0.025681934129780593,modis,2019,2.0,7.0,False,1
AOI-0020,2019-07-29,подсолнечник,0.30458184757034695,0.3060854596434746,-0.001503612073127658,0.001503612073127658,landsat,2019,1.0,4.0,False,2
AOI-0020,2019-07-30,подсолнечник,0.29335959142842166,0.2519327888437636,0.041426802584658085,0.041426802584658085,s2,2019,2.0,4.0,False,2
AOI-0020,2019-08-19,подсолнечник,0.31196449889790984,0.3390069640758912,-0.027042465177981367,0.027042465177981367,s2,2019,2.0,6.0,False,1
AOI-0020,2019-10-13,подсолнечник,0.28298215375348174,0.2952267363954875,-0.012244582642005786,0.012244582642005786,s2,2019,2.0,5.0,False,1
AOI-0021,2019-04-28,подсолнечник,0.2261281189137618,0.1937684349743581,0.032359683939403694,0.032359683939403694,s2,2019,2.0,6.0,False,1
AOI-0021,2019-05-27,подсолнечник,0.3726482010114684,0.3641881846789064,0.008460016332561993,0.008460016332561993,landsat,2019,1.0,3.0,False,1
AOI-0021,2019-07-06,подсолнечник,0.6517290217851525,0.6313025393435276,0.020426482441624816,0.020426482441624816,landsat,2019,1.0,2.0,False,1
AOI-0021,2019-07-29,подсолнечник,0.6668710144095356,0.7259257374894944,-0.05905472307995885,0.05905472307995885,landsat,2019,1.0,2.0,False,1
AOI-0021,2019-08-07,подсолнечник,0.7163899467444682,0.7313721514390751,-0.014982204694606871,0.014982204694606871,landsat,2019,1.0,3.0,False,1
AOI-0021,2019-08-22,подсолнечник,0.4117494426639138,0.491215135260709,-0.0794656925967952,0.0794656925967952,landsat,2019,1.0,2.0,False,1
AOI-0021,2019-08-30,подсолнечник,0.30779549570360665,0.2976519096953107,0.010143586008295957,0.010143586008295957,landsat,2019,1.0,2.0,False,1
AOI-0021,2019-09-15,подсолнечник,0.2464605816374962,0.2066549060317666,0.03980567560572962,0.03980567560572962,s2,2019,1.0,2.0,False,1
AOI-0022,2019-04-01,подсолнечник,0.3066541357701099,0.3026640997244398,0.003990036045670109,0.003990036045670109,s2,2019,5.0,inf,True,1
AOI-0022,2019-05-06,подсолнечник,0.7439728312116887,0.7053973053808318,0.03857552583085688,0.03857552583085688,s2,2019,2.0,6.0,False,1
AOI-0022,2019-05-25,подсолнечник,0.8135098021583596,0.8513893283327654,-0.03787952617440582,0.03787952617440582,modis,2019,2.0,6.0,False,1
AOI-0022,2019-05-28,подсолнечник,0.8213448207976317,0.8488924524552622,-0.027547631657630522,0.027547631657630522,s2,2019,1.0,4.0,False,1
AOI-0022,2019-07-17,подсолнечник,0.18193801012063693,0.1554515849333774,0.02648642518725952,0.02648642518725952,s2,2019,3.0,6.0,False,1
AOI-0022,2019-08-31,подсолнечник,0.13609994837647604,0.1414208655955029,-0.0053209172190268605,0.0053209172190268605,s2,2019,1.0,4.0,False,1
AOI-0022,2019-09-23,подсолнечник,0.17056706507972452,0.0566362368828417,0.11393082819688283,0.11393082819688283,s2,2019,2.0,7.0,False,1
AOI-0022,2019-09-30,подсолнечник,0.2559728284479478,0.0410535978879227,0.21491923056002507,0.21491923056002507,s2,2019,2.0,7.0,False,1
AOI-0023,2019-06-27,подсолнечник,0.2573784165690183,0.1943091391890072,0.06306927738001109,0.06306927738001109,s2,2019,1.0,2.0,False,1
AOI-0023,2019-07-05,подсолнечник,0.17870014394935588,0.1874288847491599,-0.008728740799804013,0.008728740799804013,s2,2019,1.0,4.0,False,1
AOI-0023,2019-07-14,подсолнечник,0.21171178511135325,0.253412988156075,-0.041701203044721746,0.041701203044721746,landsat,2019,2.0,5.0,False,1
AOI-0023,2019-08-14,подсолнечник,0.16356509696811938,0.1513333151735208,0.012231781794598579,0.012231781794598579,s2,2019,1.0,2.0,False,1
AOI-0023,2019-08-22,подсолнечник,0.18600131507055523,0.2142344542389068,-0.028233139168351573,0.028233139168351573,landsat,2019,1.0,2.0,False,1
AOI-0023,2019-08-30,подсолнечник,0.1936651225537468,0.1940353323960467,-0.0003702098422999067,0.0003702098422999067,landsat,2019,1.0,2.0,False,1
AOI-0023,2019-09-23,подсолнечник,0.14238215604062016,0.1037876427743138,0.03859451326630635,0.03859451326630635,s2,2019,2.0,7.0,False,1
AOI-0023,2019-10-17,подсолнечник,0.4173101888507809,0.48753518334857,-0.07022499449778907,0.07022499449778907,landsat,2019,1.0,4.0,False,1
AOI-0026,2019-04-07,озимая пшеница,0.49409058642650017,0.6619881601202784,-0.16789757369377822,0.16789757369377822,modis,2019,1.0,5.0,False,1
AOI-0026,2019-05-09,озимая пшеница,0.7460521223481407,0.8179629580905844,-0.07191083574244372,0.07191083574244372,modis,2019,2.0,5.0,False,1
AOI-0026,2019-07-12,озимая пшеница,0.26819816933811036,0.2481466453674122,0.02005152397069815,0.02005152397069815,modis,2019,3.0,10.0,False,1
AOI-0026,2019-08-19,озимая пшеница,0.15596564591028192,0.134941405808648,0.021024240101633923,0.021024240101633923,s2,2019,3.0,8.0,False,1
AOI-0026,2019-09-23,озимая пшеница,0.12966861404811617,0.099913468019304,0.02975514602881217,0.02975514602881217,s2,2019,5.0,13.0,False,1
AOI-0026,2019-09-30,озимая пшеница,0.20341676327420563,0.2655730877654577,-0.06215632449125205,0.06215632449125205,modis,2019,2.0,11.0,False,1
AOI-0027,2019-06-27,озимая пшеница,0.6346751320536886,0.7150158561266042,-0.08034072407291559,0.08034072407291559,landsat,2019,1.0,4.0,False,1
AOI-0027,2019-07-05,озимая пшеница,0.5875805567019958,0.693716494691359,-0.10613593798936316,0.10613593798936316,s2,2019,5.0,20.0,False,1
AOI-0027,2019-07-12,озимая пшеница,0.5916047551743522,0.4653957489878543,0.12620900618649789,0.12620900618649789,modis,2019,8.0,20.0,False,1
AOI-0027,2019-07-29,озимая пшеница,0.5332074554311652,0.5177432698773123,0.015464185553852872,0.015464185553852872,landsat,2019,1.0,9.0,False,1
AOI-0027,2019-08-19,озимая пшеница,0.4664699486666434,0.483208073957492,-0.016738125290848616,0.016738125290848616,s2,2019,3.0,8.0,False,1
AOI-0027,2019-08-30,озимая пшеница,0.38888244889494267,0.3724090090132311,0.01647343988171157,0.01647343988171157,landsat,2019,1.0,5.0,False,1
AOI-0027,2019-10-16,озимая пшеница,0.30541404578952186,0.399048987854251,-0.09363494206472917,0.09363494206472917,modis,2019,1.0,4.0,False,1
AOI-0030,2019-04-21,озимая пшеница,0.4246826994449874,0.4435054307812122,-0.018822731336224807,0.018822731336224807,s2,2019,2.0,12.0,False,1
AOI-0030,2019-06-10,озимая пшеница,0.7671672945525322,0.8508944013371633,-0.08372710678463113,0.08372710678463113,s2,2019,1.0,6.0,False,1
AOI-0033,2019-04-28,пастбища/зерновые,0.23854230431878104,0.218487996791315,0.020054307527466037,0.020054307527466037,s2,2019,1.0,7.0,False,1
AOI-0033,2019-05-20,пастбища/зерновые,0.20572693329051922,0.1325213769935487,0.07320555629697051,0.07320555629697051,s2,2019,1.0,3.0,False,1
AOI-0033,2019-06-10,пастбища/зерновые,0.1774875622013047,0.2431681398737251,-0.06568057767242039,0.06568057767242039,modis,2019,1.0,3.0,False,1
AOI-0033,2019-06-22,пастбища/зерновые,0.14576321184368407,0.1333440996216938,0.01241911222199027,0.01241911222199027,s2,2019,3.0,7.0,False,1
AOI-0035,2019-05-20,пастбища/зерновые,0.843441100950296,0.9313619551436286,-0.08792085419333262,0.08792085419333262,s2,2019,1.0,3.0,False,1
AOI-0035,2019-06-10,пастбища/зерновые,0.37427453619973305,0.3115341448382127,0.06274039136152038,0.06274039136152038,modis,2019,1.0,3.0,False,1
AOI-0035,2019-08-31,пастбища/зерновые,0.18734352422977577,0.1959110160330841,-0.008567491803308347,0.008567491803308347,s2,2019,1.0,3.0,False,1
AOI-0035,2019-10-02,пастбища/зерновые,0.21983114958243055,0.1280556776581671,0.09177547192426344,0.09177547192426344,s2,2019,1.0,3.0,False,1
AOI-0037,2019-04-07,зерновые,0.41817881804850715,0.4994837522441652,-0.08130493419565804,0.08130493419565804,modis,2019,2.0,5.0,False,1
AOI-0037,2019-06-30,зерновые,0.25069156348519966,0.2976645468858035,-0.04697298340060385,0.04697298340060385,landsat,2019,2.0,5.0,False,1
AOI-0037,2019-07-23,зерновые,0.29451420655061705,0.3164480599110276,-0.021933853360410538,0.021933853360410538,landsat,2019,4.0,9.0,False,1
AOI-0037,2019-08-09,зерновые,0.380547877537299,0.3919871982312063,-0.011439320693907296,0.011439320693907296,landsat,2019,1.0,3.0,False,1
AOI-0037,2019-08-16,зерновые,0.35356741406142583,0.3592600460964179,-0.00569263203499204,0.00569263203499204,landsat,2019,2.0,5.0,False,1
AOI-0037,2019-09-12,зерновые,0.23356522189535575,0.2260469527232014,0.00751826917215434,0.00751826917215434,s2,2019,2.0,4.0,False,1
AOI-0037,2019-09-30,зерновые,0.31841736320730807,0.2622974361728017,0.056119927034506356,0.056119927034506356,s2,2019,2.0,7.0,False,1
AOI-0038,2019-04-07,зерновые,0.44277614799371634,0.4594056593253415,-0.016629511331625157,0.016629511331625157,modis,2019,2.0,5.0,False,1
AOI-0038,2019-04-25,зерновые,0.4813882277779432,0.4544767433420699,0.026911484435873323,0.026911484435873323,s2,2019,1.0,3.0,False,1
AOI-0038,2019-06-14,зерновые,0.1864356375529486,0.1839786242789686,0.0024570132739799855,0.0024570132739799855,s2,2019,1.0,6.0,False,1
AOI-0038,2019-07-15,зерновые,0.19237233979682686,0.1702178572326434,0.022154482564183453,0.022154482564183453,landsat,2019,1.0,3.0,False,1
AOI-0038,2019-09-02,зерновые,0.2647556710493126,0.2843982753351929,-0.019642604285880327,0.019642604285880327,s2,2019,1.0,4.0,False,1
AOI-0038,2019-10-16,зерновые,0.4076222281783555,0.4691117368274325,-0.06148950864907704,0.06148950864907704,modis,2019,1.0,2.0,False,1
AOI-0040,2019-07-08,зерновые,0.20346656921860207,0.17646706531248,0.026999503906122074,0.026999503906122074,landsat,2019,1.0,5.0,False,1
AOI-0040,2019-09-12,зерновые,0.22496645853471536,0.2263075840207138,-0.0013411254859984345,0.0013411254859984345,s2,2019,2.0,4.0,False,1
AOI-0040,2019-09-30,зерновые,0.2934888686408187,0.2176700269140267,0.07581884172679199,0.07581884172679199,s2,2019,3.0,8.0,False,1
AOI-0040,2019-10-02,зерновые,0.2602736238648792,0.2269912383875581,0.03328238547732107,0.03328238547732107,s2,2019,1.0,8.0,False,1
AOI-0041,2019-04-23,зерновые,0.4999921101032366,0.4809626986715942,0.019029411431642385,0.019029411431642385,s2,2019,2.0,5.0,False,1
AOI-0041,2019-05-20,зерновые,0.6160682182316651,0.6339954904359074,-0.017927272204242284,0.017927272204242284,s2,2019,1.0,3.0,False,1
AOI-0041,2019-06-22,зерновые,0.3463098103061548,0.3746414300807173,-0.0283316197745625,0.0283316197745625,s2,2019,1.0,5.0,False,1
AOI-0041,2019-06-27,зерновые,0.31355043408464106,0.324708557399058,-0.011158123314416957,0.011158123314416957,s2,2019,1.0,4.0,False,1
AOI-0041,2019-07-23,зерновые,0.3617057679581693,0.4024308224820612,-0.04072505452389191,0.04072505452389191,landsat,2019,4.0,9.0,False,1
AOI-0041,2019-09-30,зерновые,0.37263495558442755,0.3208496293314831,0.051785326252944464,0.051785326252944464,s2,2019,2.0,7.0,False,1
AOI-0043,2019-05-31,зерновые,0.2071580685415345,0.2043836838205105,0.002774384721024009,0.002774384721024009,s2,2019,2.0,5.0,False,1
AOI-0043,2019-06-15,зерновые,0.1855705968727933,0.192033646627857,-0.0064630497550637045,0.0064630497550637045,s2,2019,3.0,8.0,False,1
AOI-0043,2019-06-25,зерновые,0.1732491163307536,0.1499308213435482,0.02331829498720539,0.02331829498720539,s2,2019,1.0,6.0,False,1
AOI-0043,2019-07-07,зерновые,0.16844343032208972,0.1741093322638246,-0.0056659019417348855,0.0056659019417348855,s2,2019,1.0,6.0,False,1
AOI-0043,2019-10-13,зерновые,0.37459576154897234,0.3881465970854308,-0.013550835536458472,0.013550835536458472,s2,2019,3.0,6.0,False,1
AOI-0043,2019-10-15,зерновые,0.40324638452141454,0.4185854166022403,-0.015339032080825765,0.015339032080825765,s2,2019,1.0,6.0,False,1
AOI-0045,2019-04-26,зерновые,0.2163300653795357,0.1869583037617741,0.029371761617761588,0.029371761617761588,landsat,2019,1.0,8.0,False,1
AOI-0045,2019-06-27,зерновые,0.1660514414910171,0.1472725525453537,0.018778888945663402,0.018778888945663402,s2,2019,1.0,2.0,False,1
AOI-0045,2019-07-31,зерновые,0.22122141250614852,0.1895989558521099,0.03162245665403862,0.03162245665403862,landsat,2019,1.0,4.0,False,1
AOI-0045,2019-08-13,зерновые,0.2419005395816199,0.327380345768881,-0.08547980618726109,0.08547980618726109,modis,2019,2.0,10.0,False,1
AOI-0045,2019-08-15,зерновые,0.20549876953848853,0.2207956626239985,-0.015296893085509966,0.015296893085509966,landsat,2019,4.0,10.0,False,2
AOI-0045,2019-08-16,зерновые,0.163407841769388,0.1539181274358113,0.009489714333576704,0.009489714333576704,s2,2019,5.0,10.0,False,2
AOI-0045,2019-09-30,зерновые,0.2646005401990651,0.296829517743403,-0.0322289775443379,0.0322289775443379,modis,2019,2.0,7.0,False,1
AOI-0045,2019-10-15,зерновые,0.2898145306765117,0.2280834337326083,0.061731096943903385,0.061731096943903385,s2,2019,1.0,5.0,False,1
AOI-0048,2019-04-07,зерновые,0.4272353733306906,0.4942191256090959,-0.0669837522784053,0.0669837522784053,modis,2019,2.0,8.0,False,1
AOI-0048,2019-05-09,зерновые,0.7368989869575965,0.7954027612344341,-0.05850377427683762,0.05850377427683762,modis,2019,1.0,3.0,False,1
AOI-0048,2019-09-17,зерновые,0.2457773160180788,0.2595341508403641,-0.013756834822285263,0.013756834822285263,landsat,2019,1.0,9.0,False,1
AOI-0050,2019-05-25,озимая пшеница,0.7728190819335368,0.8470981132075472,-0.07427903127401048,0.07427903127401048,modis,2019,4.0,10.0,False,1
AOI-0050,2019-06-27,озимая пшеница,0.712945995837557,0.7382628434728762,-0.025316847635319162,0.025316847635319162,landsat,2019,1.0,4.0,False,1
AOI-0050,2019-08-09,озимая пшеница,0.6207549631696498,0.5769232710834571,0.04383169208619275,0.04383169208619275,s2,2019,3.0,8.0,False,1
AOI-0050,2019-08-13,озимая пшеница,0.5484936896390715,0.5376066926289417,0.01088699701012985,0.01088699701012985,landsat,2019,1.0,8.0,False,1
AOI-0050,2019-09-07,озимая пшеница,0.3726878831182513,0.4763262770194513,-0.1036383939012,0.1036383939012,landsat,2019,4.0,10.0,False,1
AOI-0050,2019-09-30,озимая пшеница,0.37448270157935887,0.5301981132075472,-0.1557154116281883,0.1557154116281883,modis,2019,7.0,16.0,False,1
AOI-0050,2019-10-17,озимая пшеница,0.3475224611772819,0.3297646235449814,0.017757837632300544,0.017757837632300544,landsat,2019,1.0,2.0,False,1
AOI-0050,2019-10-28,озимая пшеница,0.35237429613837634,0.2301302945709165,0.12224400156745985,0.12224400156745985,s2,2019,3.0,inf,True,1
AOI-0052,2019-06-11,озимая пшеница,0.5591525313409597,0.4577568739805033,0.10139565736045636,0.10139565736045636,landsat,2019,1.0,5.0,False,1
AOI-0052,2019-07-05,озимая пшеница,0.21458551616427404,0.1621346700882218,0.05245084607605224,0.05245084607605224,s2,2019,1.0,8.0,False,1
AOI-0052,2019-08-22,озимая пшеница,0.17107332524642246,0.2119545594761346,-0.04088123422971213,0.04088123422971213,landsat,2019,1.0,3.0,False,1
AOI-0052,2019-09-14,озимая пшеница,0.2094112631032435,0.2035666603167425,0.0058446027865010075,0.0058446027865010075,landsat,2019,1.0,2.0,False,1
AOI-0052,2019-10-17,озимая пшеница,0.19183887819053835,0.1615054370489272,0.030333441141611156,0.030333441141611156,landsat,2019,1.0,2.0,False,1
AOI-0053,2019-04-11,озимая пшеница,0.3585659615028731,0.220253495469372,0.1383124660335011,0.1383124660335011,s2,2019,4.0,14.0,False,1
AOI-0053,2019-04-23,озимая пшеница,0.44686616597009093,0.4467386725454351,0.00012749342465584457,0.00012749342465584457,landsat,2019,1.0,3.0,False,1
AOI-0053,2019-06-26,озимая пшеница,0.5232485904009654,0.5256924905903824,-0.002443900189416981,0.002443900189416981,landsat,2019,1.0,2.0,False,1
AOI-0053,2019-07-28,озимая пшеница,0.45376652359966696,0.28730901776666,0.16645750583300695,0.16645750583300695,landsat,2019,1.0,9.0,False,1
AOI-0053,2019-08-09,озимая пшеница,0.3281371653717639,0.3813300656149076,-0.053192900243143715,0.053192900243143715,s2,2019,3.0,7.0,False,1
AOI-0053,2019-08-29,озимая пшеница,0.2592668327596291,0.2748751422471496,-0.01560830948752051,0.01560830948752051,s2,2019,1.0,6.0,False,1
AOI-0053,2019-09-07,озимая пшеница,0.21457976154996372,0.2938784998493814,-0.07929873829941769,0.07929873829941769,landsat,2019,4.0,10.0,False,1
AOI-0053,2019-09-14,озимая пшеница,0.23540978489330178,0.2233232163879178,0.012086568505383977,0.012086568505383977,landsat,2019,1.0,5.0,False,2
AOI-0053,2019-09-15,озимая пшеница,0.14700302838746818,0.1597912061469655,-0.01278817775949731,0.01278817775949731,landsat,2019,2.0,5.0,False,2
AOI-0053,2019-10-28,озимая пшеница,0.270808623569841,0.2064834522985892,0.06432517127125179,0.06432517127125179,s2,2019,3.0,inf,True,1
AOI-0055,2019-05-09,озимая пшеница,0.6126437893143051,0.5561,0.05654378931430504,0.05654378931430504,modis,2019,3.0,10.0,False,1
AOI-0055,2019-07-05,озимая пшеница,0.5251728344972931,0.5200067499861573,0.005166084511135871,0.005166084511135871,s2,2019,5.0,12.0,False,1
AOI-0055,2019-09-14,озимая пшеница,0.3893007074890995,0.4570320432497256,-0.06773133576062607,0.06773133576062607,landsat,2019,1.0,2.0,False,1
AOI-0056,2019-04-23,озимая пшеница,0.7304150461009257,0.7776959123588659,-0.04728086625794026,0.04728086625794026,landsat,2019,1.0,3.0,False,1
AOI-0056,2019-06-10,озимая пшеница,0.5792030284241418,0.5954827574982638,-0.016279729074122007,0.016279729074122007,s2,2019,1.0,6.0,False,1
AOI-0056,2019-06-19,озимая пшеница,0.43738216552615244,0.4474637280373378,-0.01008156251118536,0.01008156251118536,landsat,2019,1.0,2.0,False,1
AOI-0056,2019-08-09,озимая пшеница,0.346297446928869,0.3732150781606411,-0.0269176312317721,0.0269176312317721,s2,2019,3.0,7.0,False,1
AOI-0056,2019-10-16,озимая пшеница,0.2860257261334639,0.2457823946036853,0.040243331529778575,0.040243331529778575,landsat,2019,1.0,4.0,False,1
AOI-0060,2019-07-05,озимая пшеница,0.5660191834156636,0.6972426606700086,-0.13122347725434502,0.13122347725434502,s2,2019,5.0,12.0,False,1
AOI-0060,2019-08-05,озимая пшеница,0.6844925254826161,0.6667263000977222,0.01776622538489392,0.01776622538489392,landsat,2019,1.0,8.0,False,1
AOI-0060,2019-08-29,озимая пшеница,0.3846671387586711,0.3458386119119396,0.03882852684673149,0.03882852684673149,s2,2019,5.0,10.0,False,2
AOI-0060,2019-08-30,озимая пшеница,0.3805981591372446,0.3540702850541848,0.026527874083059788,0.026527874083059788,landsat,2019,4.0,10.0,False,2
AOI-0063,2019-04-23,озимая пшеница,0.7841624102998483,0.811099947612554,-0.02693753731270565,0.02693753731270565,s2,2019,2.0,4.0,False,1
AOI-0063,2019-05-06,озимая пшеница,0.6885802386050961,0.8516336988333684,-0.16305346022827227,0.16305346022827227,s2,2019,2.0,7.0,False,1
AOI-0063,2019-05-25,озимая пшеница,0.7878734419041407,0.8309650704676489,-0.04309162856350823,0.04309162856350823,modis,2019,1.0,3.0,False,1
AOI-0063,2019-06-05,озимая пшеница,0.7946705840455912,0.8114483037573337,-0.016777719711742467,0.016777719711742467,s2,2019,1.0,3.0,False,1
AOI-0063,2019-06-25,озимая пшеница,0.3892233794802654,0.3502363298729335,0.0389870496073319,0.0389870496073319,s2,2019,1.0,6.0,False,1
AOI-0063,2019-06-28,озимая пшеница,0.3930283544369441,0.3606900527804859,0.032338301656458235,0.032338301656458235,landsat,2019,1.0,5.0,False,1
AOI-0063,2019-07-06,озимая пшеница,0.34173538751846677,0.4412765762834908,-0.09954118876502405,0.09954118876502405,landsat,2019,1.0,7.0,False,2
AOI-0063,2019-07-07,озимая пшеница,0.2876403912303837,0.2238692059260044,0.06377118530437931,0.06377118530437931,s2,2019,2.0,7.0,False,2
AOI-0063,2019-07-22,озимая пшеница,0.2507345611211169,0.1915363390182561,0.059198222102860826,0.059198222102860826,s2,2019,2.0,8.0,False,1
AOI-0063,2019-08-23,озимая пшеница,0.22942535919006318,0.203229612247812,0.026195746942251186,0.026195746942251186,landsat,2019,1.0,3.0,False,1
AOI-0063,2019-09-13,озимая пшеница,0.19444143333354752,0.204425060326036,-0.009983626992488476,0.009983626992488476,s2,2019,2.0,5.0,False,2
AOI-0063,2019-09-14,озимая пшеница,0.2772644504236585,0.2907843850096092,-0.013519934585950688,0.013519934585950688,modis,2019,1.0,5.0,False,2
AOI-0064,2019-04-23,озимая пшеница,0.7697533106745043,0.7999098063896801,-0.03015649571517587,0.03015649571517587,s2,2019,2.0,4.0,False,1
AOI-0064,2019-06-05,озимая пшеница,0.8060044998329357,0.7948552718940686,0.011149227938867079,0.011149227938867079,s2,2019,1.0,3.0,False,1
AOI-0064,2019-06-26,озимая пшеница,0.3519137191540037,0.3716334799916196,-0.019719760837615896,0.019719760837615896,modis,2019,1.0,5.0,False,3
AOI-0064,2019-06-27,озимая пшеница,0.2544606308571989,0.2277882362234743,0.02667239463372459,0.02667239463372459,s2,2019,2.0,5.0,False,3
AOI-0064,2019-06-28,озимая пшеница,0.28403944471649856,0.3131371344580426,-0.02909768974154403,0.02909768974154403,landsat,2019,2.0,5.0,False,3
AOI-0064,2019-08-19,озимая пшеница,0.16730882458005075,0.1476809072997009,0.01962791728034985,0.01962791728034985,s2,2019,2.0,5.0,False,1
AOI-0064,2019-08-31,озимая пшеница,0.15506205849760069,0.1545388391259776,0.0005232193716230849,0.0005232193716230849,s2,2019,2.0,5.0,False,1
AOI-0064,2019-09-13,озимая пшеница,0.15721103582083576,0.1651999563622362,-0.007988920541400435,0.007988920541400435,s2,2019,1.0,4.0,False,1
AOI-0064,2019-10-13,озимая пшеница,0.34990115316731896,0.3844633544492024,-0.03456220128188342,0.03456220128188342,s2,2019,2.0,5.0,False,1
AOI-0065,2019-06-05,озимая пшеница,0.7155871616286053,0.7024577295515864,0.013129432077018888,0.013129432077018888,s2,2019,2.0,5.0,False,1
AOI-0065,2019-06-26,озимая пшеница,0.5789234418152541,0.5312539642405634,0.047669477574690755,0.047669477574690755,modis,2019,1.0,2.0,False,1
AOI-0065,2019-08-07,озимая пшеница,0.5671053175057804,0.5930023504998508,-0.025897032994070424,0.025897032994070424,landsat,2019,1.0,3.0,False,1
AOI-0065,2019-09-14,озимая пшеница,0.3249780812446096,0.2997219252302691,0.025256156014340503,0.025256156014340503,modis,2019,1.0,2.0,False,1
AOI-0065,2019-09-30,озимая пшеница,0.2883528407524616,0.143000203026625,0.1453526377258366,0.1453526377258366,s2,2019,2.0,9.0,False,1
AOI-0069,2019-04-23,зерновые,0.19758029145023484,0.1590057716596336,0.03857451979060125,0.03857451979060125,s2,2019,2.0,7.0,False,1
AOI-0069,2019-05-25,зерновые,0.4548651713034816,0.4514569338850929,0.003408237418388693,0.003408237418388693,modis,2019,2.0,7.0,False,1
AOI-0069,2019-05-28,зерновые,0.3171516589988415,0.279605838381985,0.03754582061685652,0.03754582061685652,s2,2019,1.0,6.0,False,1
AOI-0069,2019-06-10,зерновые,0.5017600717301915,0.4604660667885671,0.04129400494162444,0.04129400494162444,modis,2019,2.0,7.0,False,1
AOI-0069,2019-06-26,зерновые,0.4467909747649945,0.3709626503705129,0.07582832439448162,0.07582832439448162,modis,2019,1.0,5.0,False,1
AOI-0069,2019-07-06,зерновые,0.3716464021457182,0.2635114769941649,0.10813492515155332,0.10813492515155332,landsat,2019,1.0,5.0,False,1
AOI-0069,2019-07-22,зерновые,0.392951585404497,0.5021626830861264,-0.10921109768162945,0.10921109768162945,s2,2019,1.0,6.0,False,1
AOI-0069,2019-08-07,зерновые,0.35050411512522167,0.3159333118655242,0.03457080325969747,0.03457080325969747,landsat,2019,1.0,2.0,False,1
AOI-0069,2019-09-01,зерновые,0.1993890806295188,0.1685583795177195,0.030830701111799308,0.030830701111799308,landsat,2019,1.0,5.0,False,1
AOI-0069,2019-09-14,зерновые,0.24496188896969312,0.2355999518814359,0.009361937088257222,0.009361937088257222,modis,2019,1.0,5.0,False,1
AOI-0069,2019-09-24,зерновые,0.19720481769648351,0.16647984489651,0.03072497279997352,0.03072497279997352,landsat,2019,6.0,13.0,False,2
AOI-0069,2019-09-25,зерновые,0.16052242654595192,0.1653703221403401,-0.0048478955943881685,0.0048478955943881685,s2,2019,5.0,13.0,False,2
AOI-0070,2019-05-25,зерновые,0.7638472199319313,0.7529800065686836,0.010867213363247696,0.010867213363247696,modis,2019,2.0,7.0,False,1
AOI-0070,2019-06-10,зерновые,0.44837516294328156,0.4189877658264223,0.029387397116859282,0.029387397116859282,modis,2019,2.0,7.0,False,1
AOI-0070,2019-07-12,зерновые,0.27079305779857193,0.2488402331882748,0.021952824610297128,0.021952824610297128,modis,2019,2.0,7.0,False,1
AOI-0070,2019-08-24,зерновые,0.22054131036921143,0.2867054932290976,-0.06616418285988618,0.06616418285988618,landsat,2019,1.0,3.0,False,1
AOI-0070,2019-08-31,зерновые,0.20135307907133712,0.2044683931216109,-0.0031153140502737653,0.0031153140502737653,s2,2019,1.0,3.0,False,1
AOI-0070,2019-09-25,зерновые,0.21518904512660383,0.2608456955669095,-0.045656650440305674,0.045656650440305674,s2,2019,1.0,6.0,False,1
AOI-0070,2019-10-02,зерновые,0.2689325092078135,0.3234990101021848,-0.05456650089437132,0.05456650089437132,landsat,2019,1.0,3.0,False,1
AOI-0071,2019-04-18,зерновые,0.2170472806890789,0.2364422603574962,-0.0193949796684173,0.0193949796684173,s2,2019,5.0,10.0,False,1
AOI-0071,2019-05-25,зерновые,0.5973239125167699,0.7040795454545454,-0.10675563293777557,0.10675563293777557,modis,2019,2.0,7.0,False,1
AOI-0071,2019-06-26,зерновые,0.42766395252789047,0.4230022727272727,0.004661679800617768,0.004661679800617768,modis,2019,1.0,5.0,False,1
AOI-0071,2019-07-06,зерновые,0.39794537135868924,0.2861227961269726,0.11182257523171663,0.11182257523171663,landsat,2019,8.0,16.0,False,2
AOI-0071,2019-07-07,зерновые,0.37513982840399634,0.3532701385750981,0.021869689828898253,0.021869689828898253,landsat,2019,7.0,16.0,False,2
AOI-0071,2019-07-12,зерновые,0.44379789880556797,0.4677693181818182,-0.023971419376250247,0.023971419376250247,modis,2019,2.0,16.0,False,1
AOI-0071,2019-08-13,зерновые,0.37887209372639763,0.3921,-0.013227906273602374,0.013227906273602374,modis,2019,2.0,4.0,False,1
AOI-0071,2019-08-26,зерновые,0.28825897912937753,0.2702270852868846,0.01803189384249293,0.01803189384249293,s2,2019,5.0,10.0,False,1
AOI-0071,2019-08-29,зерновые,0.30066521997342094,0.3809181818181817,-0.08025296184476077,0.08025296184476077,modis,2019,2.0,10.0,False,1
AOI-0071,2019-09-15,зерновые,0.26454436522928987,0.2028675941519447,0.06167677107734518,0.06167677107734518,s2,2019,1.0,2.0,False,1
AOI-0075,2019-04-07,озимая пшеница,0.3652657990616564,0.2351152533181942,0.13015054574346221,0.13015054574346221,landsat,2019,1.0,15.0,False,1
AOI-0075,2019-07-12,озимая пшеница,0.739974313786537,0.8629161429205796,-0.12294182913404261,0.12294182913404261,landsat,2019,1.0,5.0,False,1
AOI-0075,2019-07-18,озимая пшеница,0.7635246150121533,0.855970738240412,-0.09244612322825874,0.09244612322825874,s2,2019,2.0,5.0,False,1
AOI-0075,2019-08-21,озимая пшеница,0.7462995953771792,0.797461015045752,-0.051161419668572794,0.051161419668572794,landsat,2019,1.0,8.0,False,1
AOI-0075,2019-09-16,озимая пшеница,0.3632437289710063,0.3119402323744077,0.05130349659659861,0.05130349659659861,s2,2019,2.0,9.0,False,1
AOI-0075,2019-09-21,озимая пшеница,0.3206779660156269,-0.0046080982956145,0.3252860643112414,0.3252860643112414,s2,2019,2.0,9.0,False,1
AOI-0076,2019-05-11,озимая пшеница,0.6966768455089095,0.7519018843872837,-0.055225038878374155,0.055225038878374155,s2,2019,2.0,5.0,False,1
AOI-0076,2019-05-25,озимая пшеница,0.7948671247033566,0.8635438009049775,-0.06867667620162088,0.06867667620162088,modis,2019,1.0,5.0,False,1
AOI-0076,2019-08-21,озимая пшеница,0.2616664685226986,0.277255727425613,-0.015589258902914405,0.015589258902914405,landsat,2019,1.0,8.0,False,1
AOI-0076,2019-09-01,озимая пшеница,0.25738779631941827,0.2273010898955597,0.030086706423858578,0.030086706423858578,s2,2019,2.0,5.0,False,1
AOI-0076,2019-09-21,озимая пшеница,0.28188956517820907,0.071253194733935,0.21063637044427408,0.21063637044427408,s2,2019,2.0,7.0,False,1
AOI-0077,2019-05-09,озимая пшеница,0.7087705533739014,0.7440091623036649,-0.03523860892976349,0.03523860892976349,modis,2019,2.0,7.0,False,1
AOI-0077,2019-07-12,озимая пшеница,0.5723247016867553,0.651437689949562,-0.07911298826280666,0.07911298826280666,landsat,2019,1.0,5.0,False,1
AOI-0077,2019-08-22,озимая пшеница,0.3939228049128577,0.2798003941289384,0.11412241078391927,0.11412241078391927,s2,2019,1.0,8.0,False,1
AOI-0077,2019-08-30,озимая пшеница,0.3570905548087342,0.3679523248229824,-0.010861770014248207,0.010861770014248207,landsat,2019,1.0,3.0,False,1
AOI-0077,2019-09-11,озимая пшеница,0.2798392071143434,0.2187373656197285,0.061101841494614895,0.061101841494614895,s2,2019,2.0,7.0,False,1
AOI-0002,2020-06-25,озимая пшеница,0.613438386457469,0.5938925536992841,0.01954583275818489,0.01954583275818489,modis,2020,4.0,15.0,False,1
AOI-0002,2020-08-12,озимая пшеница,0.49222773687274285,0.5035306443914083,-0.011302907518665417,0.011302907518665417,modis,2020,1.0,4.0,False,1
AOI-0002,2020-08-18,озимая пшеница,0.4604298674831442,0.5029146704758904,-0.04248480299274626,0.04248480299274626,s2,2020,2.0,7.0,False,1
AOI-0003,2020-04-17,озимая пшеница,0.2074757696026911,0.2214870019700004,-0.014011232367309306,0.014011232367309306,s2,2020,2.0,7.0,False,1
AOI-0003,2020-07-14,озимая пшеница,0.19616888547907557,0.1555963216102492,0.04057256386882638,0.04057256386882638,s2,2020,1.0,4.0,False,1
AOI-0003,2020-08-03,озимая пшеница,0.2371116098434397,0.1356638258973819,0.1014477839460578,0.1014477839460578,s2,2020,2.0,5.0,False,1
AOI-0003,2020-08-13,озимая пшеница,0.19436624810451555,0.194749767919252,-0.0003835198147364438,0.0003835198147364438,s2,2020,1.0,3.0,False,1
AOI-0004,2020-04-22,озимая пшеница,0.4152585000675969,0.4355829119552789,-0.02032441188768197,0.02032441188768197,modis,2020,3.0,6.0,False,1
AOI-0004,2020-05-24,озимая пшеница,0.7275898991676799,0.7879078389022998,-0.06031793973461985,0.06031793973461985,modis,2020,4.0,8.0,False,1
AOI-0004,2020-06-29,озимая пшеница,0.5909630768595091,0.5979412837833551,-0.0069782069238459865,0.0069782069238459865,s2,2020,4.0,9.0,False,1
AOI-0004,2020-07-11,озимая пшеница,0.5563151414846711,0.5848601702452042,-0.02854502876053311,0.02854502876053311,modis,2020,3.0,7.0,False,1
AOI-0004,2020-09-13,озимая пшеница,0.4256637890588289,0.3852167831279379,0.04044700593089101,0.04044700593089101,modis,2020,1.0,5.0,False,1
AOI-0004,2020-09-22,озимая пшеница,0.301117598773172,0.3549130529661481,-0.0537954541929761,0.0537954541929761,s2,2020,3.0,8.0,False,1
AOI-0007,2020-04-17,озимая пшеница,0.657799562966741,0.6801428957566855,-0.022343332789944492,0.022343332789944492,s2,2020,5.0,10.0,False,1
AOI-0007,2020-04-30,озимая пшеница,0.679829701195605,0.717825232173188,-0.037995530977583014,0.037995530977583014,s2,2020,5.0,13.0,False,1
AOI-0007,2020-06-25,озимая пшеница,0.3230174264723307,0.2496756266786034,0.07334179979372732,0.07334179979372732,modis,2020,1.0,2.0,False,1
AOI-0007,2020-07-27,озимая пшеница,0.22995617261441842,0.2181120635631156,0.011844109051302815,0.011844109051302815,modis,2020,1.0,3.0,False,1
AOI-0007,2020-08-12,озимая пшеница,0.2368240714174786,0.2425216427931961,-0.005697571375717497,0.005697571375717497,modis,2020,2.0,7.0,False,1
AOI-0007,2020-08-15,озимая пшеница,0.14126618931832033,0.1387090243608729,0.0025571649574474276,0.0025571649574474276,s2,2020,2.0,7.0,False,1
AOI-0007,2020-09-10,озимая пшеница,0.19529625500089515,0.1535043953526651,0.04179185964823004,0.04179185964823004,landsat,2020,1.0,3.0,False,1
AOI-0008,2020-07-14,озимая пшеница,0.3802067331892048,0.3581697840932964,0.022036949095908365,0.022036949095908365,s2,2020,3.0,8.0,False,1
AOI-0008,2020-07-16,озимая пшеница,0.36448975198539896,0.3044098024946953,0.060079949490703666,0.060079949490703666,landsat,2020,3.0,8.0,False,1
AOI-0008,2020-08-12,озимая пшеница,0.2881567175823335,0.2560574380165289,0.032099279565804606,0.032099279565804606,modis,2020,2.0,5.0,False,1
AOI-0008,2020-09-29,озимая пшеница,0.23709902396682042,0.2096842975206611,0.027414726446159332,0.027414726446159332,modis,2020,2.0,10.0,False,1
AOI-0008,2020-10-15,озимая пшеница,0.2726091166701199,0.2405265010351966,0.03208261563492329,0.03208261563492329,modis,2020,2.0,5.0,False,1
AOI-0011,2020-04-06,озимая пшеница,0.7165599415452178,0.6471394338118024,0.06942050773341546,0.06942050773341546,modis,2020,1.0,5.0,False,1
AOI-0011,2020-04-22,озимая пшеница,0.7312254961103254,0.5178491883297666,0.21337630778055883,0.21337630778055883,s2,2020,3.0,8.0,False,1
AOI-0011,2020-07-11,озимая пшеница,0.17523366546448454,0.1703733954374712,0.004860270027013336,0.004860270027013336,s2,2020,2.0,5.0,False,1
AOI-0011,2020-08-05,озимая пшеница,0.14514594980937198,0.1659006074217821,-0.020754657612410105,0.020754657612410105,s2,2020,2.0,5.0,False,1
AOI-0011,2020-08-18,озимая пшеница,0.1705938377091276,0.139209739368066,0.031384098341061595,0.031384098341061595,s2,2020,1.0,3.0,False,1
AOI-0011,2020-09-29,озимая пшеница,0.2341344242540773,0.2309818979266347,0.0031525263274425896,0.0031525263274425896,modis,2020,2.0,10.0,False,1
AOI-0015,2020-06-06,озимая пшеница,0.6670195959079005,0.6573339501589585,0.00968564574894204,0.00968564574894204,s2,2020,1.0,4.0,False,1
AOI-0015,2020-07-04,озимая пшеница,0.2727760461495551,0.2853430170148531,-0.01256697086529801,0.01256697086529801,s2,2020,2.0,5.0,False,1
AOI-0015,2020-07-07,озимая пшеница,0.30188360235622375,0.3002626230633478,0.001620979292875968,0.001620979292875968,landsat,2020,1.0,5.0,False,1
AOI-0015,2020-07-14,озимая пшеница,0.23975544868981769,0.2042426735284744,0.035512775161343296,0.035512775161343296,s2,2020,1.0,4.0,False,1
AOI-0015,2020-10-12,озимая пшеница,0.1614834633893295,0.1219402372743051,0.03954322611502441,0.03954322611502441,s2,2020,1.0,8.0,False,1
AOI-0015,2020-10-15,озимая пшеница,0.26033598280534037,0.2509660242872228,0.00936995851811756,0.00936995851811756,modis,2020,4.0,8.0,False,1
AOI-0015,2020-10-17,озимая пшеница,0.1472248434452156,0.1192898511846136,0.027934992260602004,0.027934992260602004,s2,2020,2.0,8.0,False,1
AOI-0019,2020-05-24,подсолнечник,0.6992829110415488,0.7289749060990878,-0.029691995057538945,0.029691995057538945,modis,2020,3.0,7.0,False,1
AOI-0019,2020-06-26,подсолнечник,0.38438974519932634,0.4518569590204755,-0.06746721382114917,0.06746721382114917,s2,2020,1.0,6.0,False,1
AOI-0019,2020-06-29,подсолнечник,0.34629163748506847,0.4066996048305265,-0.060407967345458,0.060407967345458,s2,2020,2.0,6.0,False,1
AOI-0019,2020-08-13,подсолнечник,0.27298865681612766,0.2005796909417168,0.07240896587441087,0.07240896587441087,s2,2020,1.0,3.0,False,1
AOI-0019,2020-08-30,подсолнечник,0.23182563640590548,0.2475658688351483,-0.01574023242924283,0.01574023242924283,s2,2020,2.0,4.0,False,1
AOI-0019,2020-09-14,подсолнечник,0.19428582726835228,0.2178481683355829,-0.023562341067230624,0.023562341067230624,s2,2020,1.0,4.0,False,1
AOI-0019,2020-09-22,подсолнечник,0.15648407524033456,0.1779727621017988,-0.02148868686146424,0.02148868686146424,s2,2020,2.0,5.0,False,1
AOI-0019,2020-10-17,подсолнечник,0.1845154923324396,0.1306401144571724,0.053875377875267194,0.053875377875267194,s2,2020,2.0,4.0,False,1
AOI-0020,2020-04-17,подсолнечник,0.5094027693959997,0.4809592392469038,0.028443530149095897,0.028443530149095897,s2,2020,1.0,6.0,False,1
AOI-0020,2020-04-22,подсолнечник,0.5720823060488942,0.4949001066469234,0.0771821994019708,0.0771821994019708,s2,2020,3.0,7.0,False,1
AOI-0020,2020-07-11,подсолнечник,0.20440656917669492,0.1616582633962313,0.042748305780463625,0.042748305780463625,s2,2020,3.0,7.0,False,1
AOI-0020,2020-08-18,подсолнечник,0.27189927070820336,0.2416588806559799,0.030240390052223454,0.030240390052223454,s2,2020,1.0,3.0,False,1
AOI-0020,2020-10-12,подсолнечник,0.1832370355770578,0.1064800034295917,0.07675703214746611,0.07675703214746611,s2,2020,3.0,6.0,False,1
AOI-0021,2020-09-14,подсолнечник,0.16462603558131075,0.1743030579413996,-0.009677022360088855,0.009677022360088855,s2,2020,1.0,4.0,False,1
AOI-0022,2020-05-24,подсолнечник,0.6418472102815502,0.7752967269007843,-0.1334495166192341,0.1334495166192341,modis,2020,4.0,8.0,False,1
AOI-0022,2020-05-27,подсолнечник,0.5794131879688275,0.5897608334847267,-0.010347645515899284,0.010347645515899284,s2,2020,1.0,8.0,False,1
AOI-0022,2020-07-07,подсолнечник,0.3401906933257206,0.3403659679937242,-0.00017527466800359992,0.00017527466800359992,landsat,2020,1.0,5.0,False,1
AOI-0022,2020-07-16,подсолнечник,0.2077833490991897,0.2848301207152648,-0.07704677161607512,0.07704677161607512,s2,2020,1.0,4.0,False,1
AOI-0022,2020-08-30,подсолнечник,0.15598564477713706,0.1591971725426422,-0.003211527765505151,0.003211527765505151,s2,2020,2.0,4.0,False,1
AOI-0022,2020-09-22,подсолнечник,0.15049287819742616,0.1683403366301114,-0.01784745843268523,0.01784745843268523,s2,2020,2.0,5.0,False,1
AOI-0022,2020-09-29,подсолнечник,0.24173280400972952,0.2303250596658712,0.011407744343858328,0.011407744343858328,modis,2020,2.0,10.0,False,1
AOI-0023,2020-04-30,подсолнечник,0.6914352438635171,0.7691951646699405,-0.07775992080642347,0.07775992080642347,s2,2020,4.0,8.0,False,1
AOI-0023,2020-06-26,подсолнечник,0.2518908454558344,0.1785855640115667,0.0733052814442677,0.0733052814442677,s2,2020,1.0,4.0,False,1
AOI-0023,2020-07-04,подсолнечник,0.18096520849153647,0.1762251178530502,0.004740090638486266,0.004740090638486266,s2,2020,2.0,5.0,False,1
AOI-0023,2020-07-14,подсолнечник,0.14887062772411888,0.1332366279739744,0.015633999750144484,0.015633999750144484,s2,2020,1.0,4.0,False,1
AOI-0023,2020-08-13,подсолнечник,0.16492151508941919,0.0888208901937861,0.07610062489563309,0.07610062489563309,s2,2020,1.0,3.0,False,1
AOI-0023,2020-09-22,подсолнечник,0.1462399242650622,0.1685556402533768,-0.02231571598831461,0.02231571598831461,s2,2020,2.0,5.0,False,1
AOI-0026,2020-04-06,озимая пшеница,0.38877203842496044,0.3308732381131367,0.05789880031182376,0.05789880031182376,modis,2020,4.0,8.0,False,1
AOI-0026,2020-05-08,озимая пшеница,0.47323520963948645,0.3858508738958844,0.08738433574360205,0.08738433574360205,modis,2020,4.0,8.0,False,1
AOI-0026,2020-07-07,озимая пшеница,0.20225281832947176,0.1987371809046628,0.003515637424808954,0.003515637424808954,landsat,2020,3.0,10.0,False,1
AOI-0026,2020-07-11,озимая пшеница,0.18200026753879145,0.2426671678255967,-0.06066690028680524,0.06066690028680524,modis,2020,3.0,10.0,False,1
AOI-0026,2020-08-18,озимая пшеница,0.12874833995270815,0.1271518131834922,0.0015965267692159557,0.0015965267692159557,s2,2020,2.0,7.0,False,1
AOI-0026,2020-09-07,озимая пшеница,0.15123804557974066,0.1377723956974302,0.013465649882310471,0.013465649882310471,s2,2020,2.0,7.0,False,1
AOI-0026,2020-09-22,озимая пшеница,0.14826866659162796,0.1733999499556031,-0.025131283363975132,0.025131283363975132,s2,2020,3.0,8.0,False,1
AOI-0026,2020-09-29,озимая пшеница,0.23376440186508338,0.2041676188686337,0.02959678299644969,0.02959678299644969,modis,2020,2.0,10.0,False,1
AOI-0027,2020-07-04,озимая пшеница,0.33172397673218396,0.3158833482277978,0.015840628504386167,0.015840628504386167,s2,2020,3.0,8.0,False,1
AOI-0027,2020-07-11,озимая пшеница,0.29829118308341274,0.5217408906882592,-0.2234497076048465,0.2234497076048465,modis,2020,3.0,7.0,False,1
AOI-0027,2020-08-18,озимая пшеница,0.4437746239176244,0.5393885376962658,-0.09561391377864142,0.09561391377864142,s2,2020,2.0,7.0,False,1
AOI-0027,2020-10-15,озимая пшеница,0.29247307279889173,0.3066279918864097,-0.014154919087517981,0.014154919087517981,modis,2020,2.0,5.0,False,1
AOI-0030,2020-06-09,озимая пшеница,0.7476381963682059,0.8157374494462659,-0.06809925307805997,0.06809925307805997,s2,2020,4.0,9.0,False,1
AOI-0033,2020-05-19,пастбища/зерновые,0.699227749771443,0.690546781993201,0.00868096777824201,0.00868096777824201,s2,2020,2.0,7.0,False,1
AOI-0033,2020-06-09,пастбища/зерновые,0.5325473738906726,0.5485314230208839,-0.01598404913021123,0.01598404913021123,modis,2020,1.0,3.0,False,1
AOI-0033,2020-06-21,пастбища/зерновые,0.3213944282299631,0.2168198840351593,0.1045745441948038,0.1045745441948038,s2,2020,2.0,7.0,False,1
AOI-0033,2020-09-14,пастбища/зерновые,0.11331418699213987,0.1341190107685062,-0.020804823776366346,0.020804823776366346,s2,2020,1.0,3.0,False,1
AOI-0035,2020-05-15,пастбища/зерновые,0.1833833282873275,0.2399452028705297,-0.05656187458320219,0.05656187458320219,landsat,2020,1.0,3.0,False,1
AOI-0035,2020-05-19,пастбища/зерновые,0.2157254759312566,0.1608107875087525,0.054914688422504104,0.054914688422504104,s2,2020,2.0,7.0,False,1
AOI-0035,2020-06-06,пастбища/зерновые,0.16946307867303925,0.1799845144589277,-0.010521435785888461,0.010521435785888461,s2,2020,1.0,4.0,False,1
AOI-0035,2020-06-09,пастбища/зерновые,0.18786927749149926,0.2915608320493066,-0.10369155455780735,0.10369155455780735,modis,2020,1.0,3.0,False,1
AOI-0035,2020-08-30,пастбища/зерновые,0.12217258979522307,0.1364846263192896,-0.014312036524066526,0.014312036524066526,s2,2020,2.0,4.0,False,1
AOI-0035,2020-09-27,пастбища/зерновые,0.13704740893928816,0.1532535075683762,-0.016206098629088034,0.016206098629088034,landsat,2020,1.0,3.0,False,1
AOI-0037,2020-04-06,зерновые,0.4971710878286847,0.3773960502692999,0.11977503755938479,0.11977503755938479,modis,2020,1.0,2.0,False,1
AOI-0037,2020-08-15,зерновые,0.15269796541878877,0.1254281837385444,0.02726978168024438,0.02726978168024438,s2,2020,2.0,5.0,False,1
AOI-0037,2020-09-11,зерновые,0.18003317194776652,0.1717105255854744,0.00832264636229213,0.00832264636229213,s2,2020,2.0,4.0,False,2
AOI-0037,2020-09-12,зерновые,0.16119147854087945,0.1512065139030191,0.00998496463786036,0.00998496463786036,landsat,2020,1.0,4.0,False,2
AOI-0037,2020-09-29,зерновые,0.2454264431941412,0.2065060143626571,0.03892042883148411,0.03892042883148411,modis,2020,2.0,4.0,False,1
AOI-0038,2020-04-06,зерновые,0.4936747838269464,0.4029126846947309,0.0907620991322155,0.0907620991322155,modis,2020,1.0,2.0,False,1
AOI-0038,2020-04-24,зерновые,0.34345559597458497,0.3602102214187974,-0.016754625444212412,0.016754625444212412,s2,2020,2.0,5.0,False,1
AOI-0038,2020-06-13,зерновые,0.3927565247222267,0.3217825869057907,0.07097393781643602,0.07097393781643602,s2,2020,2.0,5.0,False,1
AOI-0038,2020-09-01,зерновые,0.17568913923090143,0.1601096008328812,0.015579538398020232,0.015579538398020232,s2,2020,2.0,4.0,False,1
AOI-0038,2020-10-15,зерновые,0.26988209069950925,0.2120909163346613,0.05779117436484796,0.05779117436484796,modis,2020,1.0,2.0,False,1
AOI-0040,2020-04-02,зерновые,0.1501064959705016,0.1704099378712948,-0.020303441900793195,0.020303441900793195,s2,2020,3.0,inf,True,1
AOI-0040,2020-06-06,зерновые,0.15958650419633,0.1491675865105647,0.010418917685765305,0.010418917685765305,s2,2020,1.0,4.0,False,1
AOI-0040,2020-09-11,зерновые,0.13387968430564073,0.1359816427349692,-0.0021019584293284765,0.0021019584293284765,s2,2020,2.0,4.0,False,2
AOI-0040,2020-09-12,зерновые,0.11287904028735535,0.1198838725966954,-0.007004832309340056,0.007004832309340056,landsat,2020,1.0,4.0,False,2
AOI-0040,2020-09-27,зерновые,0.12237794126423082,0.146074171302261,-0.023696230038030175,0.023696230038030175,landsat,2020,1.0,9.0,False,1
AOI-0040,2020-09-29,зерновые,0.21512101485977414,0.1809377720207253,0.03418324283904883,0.03418324283904883,modis,2020,3.0,9.0,False,1
AOI-0040,2020-10-01,зерновые,0.1306305095644793,0.1273474479284569,0.003283061636022405,0.003283061636022405,s2,2020,4.0,9.0,False,1
AOI-0041,2020-04-22,зерновые,0.42560457351215164,0.2815790351879543,0.14402553832419734,0.14402553832419734,s2,2020,2.0,10.0,False,1
AOI-0041,2020-05-19,зерновые,0.48932602943075226,0.5326606082548173,-0.04333457882406505,0.04333457882406505,s2,2020,2.0,7.0,False,1
AOI-0041,2020-06-26,зерновые,0.3826146353059006,0.4748063733221008,-0.09219173801620018,0.09219173801620018,s2,2020,1.0,3.0,False,1
AOI-0041,2020-08-18,зерновые,0.21813771751582955,0.2372847422590699,-0.019147024743240343,0.019147024743240343,landsat,2020,1.0,2.0,False,1
AOI-0041,2020-09-29,зерновые,0.25276400679110783,0.1798378225754858,0.07292618421562203,0.07292618421562203,s2,2020,2.0,4.0,False,1
AOI-0043,2020-05-30,зерновые,0.8080352893284398,0.6456110930546013,0.16242419627383853,0.16242419627383853,s2,2020,1.0,6.0,False,1
AOI-0043,2020-06-14,зерновые,0.6147895096159948,0.7136547790112732,-0.0988652693952784,0.0988652693952784,s2,2020,3.0,14.0,False,1
AOI-0043,2020-06-16,зерновые,0.568056815171175,0.6147348670791369,-0.046678051907961926,0.046678051907961926,s2,2020,5.0,14.0,False,1
AOI-0043,2020-06-24,зерновые,0.35587641074424625,0.3120985670220663,0.043777843722179965,0.043777843722179965,s2,2020,1.0,14.0,False,1
AOI-0043,2020-07-06,зерновые,0.1803287115549598,0.2064795719741067,-0.02615086041914691,0.02615086041914691,s2,2020,2.0,4.0,False,1
AOI-0043,2020-10-12,зерновые,0.13925854854818684,0.1057321984649632,0.03352635008322363,0.03352635008322363,s2,2020,3.0,6.0,False,1
AOI-0043,2020-10-14,зерновые,0.1436673336180159,0.1452734332996852,-0.001606099681669304,0.001606099681669304,s2,2020,1.0,6.0,False,1
AOI-0045,2020-06-14,зерновые,0.6358716413952902,0.688907416736942,-0.053035775341651825,0.053035775341651825,landsat,2020,2.0,5.0,False,1
AOI-0045,2020-06-26,зерновые,0.33826259958839505,0.2343611033375122,0.10390149625088285,0.10390149625088285,s2,2020,1.0,5.0,False,1
AOI-0045,2020-08-12,зерновые,0.20351277495513237,0.1723889262966333,0.03112384865849907,0.03112384865849907,modis,2020,2.0,7.0,False,1
AOI-0045,2020-08-15,зерновые,0.09553966039703857,0.1010067478168846,-0.005467087419846028,0.005467087419846028,s2,2020,2.0,7.0,False,1
AOI-0045,2020-09-29,зерновые,0.1980116932977919,0.106114371611835,0.09189732168595689,0.09189732168595689,s2,2020,2.0,8.0,False,1
AOI-0048,2020-04-06,зерновые,0.4591402543150731,0.3915894152680022,0.06755083904707093,0.06755083904707093,modis,2020,1.0,3.0,False,1
AOI-0048,2020-05-08,зерновые,0.6826933132295401,0.8212562127774771,-0.138562899547937,0.138562899547937,modis,2020,4.0,10.0,False,1
AOI-0050,2020-05-24,озимая пшеница,0.6775571521827376,0.7651056603773586,-0.08754850819462101,0.08754850819462101,modis,2020,3.0,7.0,False,1
AOI-0050,2020-08-08,озимая пшеница,0.4673357444614205,0.4430508589442276,0.024284885517192933,0.024284885517192933,s2,2020,1.0,6.0,False,1
AOI-0050,2020-08-12,озимая пшеница,0.4649279362248888,0.5561622641509434,-0.09123432792605457,0.09123432792605457,modis,2020,1.0,6.0,False,1
AOI-0050,2020-08-16,озимая пшеница,0.4611773002804075,0.4369363303971556,0.02424096988325186,0.02424096988325186,landsat,2020,1.0,3.0,False,1
AOI-0050,2020-09-29,озимая пшеница,0.32059603492290006,0.4407132075471698,-0.12011717262426974,0.12011717262426974,modis,2020,2.0,10.0,False,1
AOI-0050,2020-10-27,озимая пшеница,0.18565405288078793,0.2029614907168742,-0.017307437836086265,0.017307437836086265,s2,2020,10.0,inf,True,1
AOI-0052,2020-04-18,озимая пшеница,0.2170921127635905,0.2868203806919453,-0.06972826792835482,0.06972826792835482,landsat,2020,1.0,5.0,False,1
AOI-0052,2020-07-04,озимая пшеница,0.6230469419169675,0.7350902946457367,-0.1120433527287692,0.1120433527287692,s2,2020,2.0,7.0,False,1
AOI-0052,2020-09-13,озимая пшеница,0.46343666461732924,0.4289519364943758,0.034484728122953445,0.034484728122953445,modis,2020,1.0,4.0,False,1
AOI-0053,2020-04-10,озимая пшеница,0.3232177337155398,0.3197861290398112,0.0034316046757286167,0.0034316046757286167,s2,2020,1.0,16.0,False,1
AOI-0053,2020-04-18,озимая пшеница,0.3744658703986476,0.3749453420469783,-0.0004794716483307315,0.0004794716483307315,landsat,2020,7.0,16.0,False,1
AOI-0053,2020-04-22,озимая пшеница,0.4140625303310482,0.5391060893763302,-0.12504355904528203,0.12504355904528203,modis,2020,3.0,16.0,False,1
AOI-0053,2020-06-25,озимая пшеница,0.5313583721958671,0.4872086920936324,0.044149680102234745,0.044149680102234745,modis,2020,1.0,4.0,False,1
AOI-0053,2020-07-27,озимая пшеница,0.3616143906766405,0.3373986086102472,0.0242157820663933,0.0242157820663933,modis,2020,2.0,5.0,False,1
AOI-0053,2020-08-08,озимая пшеница,0.2538699357846293,0.2337807168652669,0.020089218919362384,0.020089218919362384,s2,2020,4.0,9.0,False,1
AOI-0053,2020-08-28,озимая пшеница,0.2716589475325164,0.2510508266492061,0.02060812088331032,0.02060812088331032,modis,2020,4.0,8.0,False,1
AOI-0053,2020-08-31,озимая пшеница,0.19555865501077774,0.2351517112901258,-0.03959305627934806,0.03959305627934806,landsat,2020,1.0,8.0,False,1
AOI-0053,2020-09-13,озимая пшеница,0.26565977849783834,0.2314877885087576,0.03417198998908075,0.03417198998908075,modis,2020,1.0,4.0,False,1
AOI-0053,2020-09-25,озимая пшеница,0.18674838243466813,0.2098799335831569,-0.023131551148488777,0.023131551148488777,landsat,2020,2.0,5.0,False,1
AOI-0053,2020-10-27,озимая пшеница,0.09653673561964773,0.1667671986940456,-0.07023046307439787,0.07023046307439787,s2,2020,10.0,inf,True,1
AOI-0055,2020-04-10,озимая пшеница,0.28717257583111366,0.3040228086037144,-0.016850232772600726,0.016850232772600726,s2,2020,1.0,8.0,False,1
AOI-0055,2020-05-08,озимая пшеница,0.5831536791848064,0.5256000000000001,0.05755367918480636,0.05755367918480636,modis,2020,3.0,7.0,False,1
AOI-0055,2020-07-04,озимая пшеница,0.4750487218049053,0.5355165396454584,-0.060467817840553106,0.060467817840553106,s2,2020,2.0,7.0,False,1
AOI-0055,2020-07-07,озимая пшеница,0.5074626853775551,0.534605937136143,-0.027143251758587894,0.027143251758587894,landsat,2020,1.0,5.0,False,1
AOI-0055,2020-07-22,озимая пшеница,0.44294008298435406,0.5864133190223664,-0.14347323603801232,0.14347323603801232,landsat,2020,2.0,5.0,False,1
AOI-0055,2020-08-16,озимая пшеница,0.4945797760915143,0.4696944376844424,0.02488533840707191,0.02488533840707191,landsat,2020,2.0,5.0,False,1
AOI-0055,2020-09-13,озимая пшеница,0.4344435997117388,0.4417,-0.007256400288261189,0.007256400288261189,modis,2020,1.0,4.0,False,1
AOI-0056,2020-04-22,озимая пшеница,0.5464968357617398,0.6505693626537457,-0.10407252689200586,0.10407252689200586,modis,2020,3.0,8.0,False,1
AOI-0056,2020-06-09,озимая пшеница,0.6714722718041077,0.7091359765322599,-0.03766370472815217,0.03766370472815217,s2,2020,4.0,9.0,False,1
AOI-0056,2020-07-22,озимая пшеница,0.40534548437382206,0.4726491411789136,-0.06730365680509154,0.06730365680509154,landsat,2020,2.0,5.0,False,1
AOI-0056,2020-08-08,озимая пшеница,0.32480875839056617,0.3103373100759066,0.014471448314659574,0.014471448314659574,s2,2020,1.0,5.0,False,1
AOI-0056,2020-09-07,озимая пшеница,0.23459249724704154,0.1673590022258719,0.06723349502116963,0.06723349502116963,s2,2020,2.0,7.0,False,1
AOI-0056,2020-10-15,озимая пшеница,0.2579006091053867,0.1963356478167502,0.061564961288636505,0.061564961288636505,modis,2020,2.0,5.0,False,1
AOI-0060,2020-07-04,озимая пшеница,0.2773347186666456,0.2355927011461063,0.0417420175205393,0.0417420175205393,s2,2020,2.0,7.0,False,1
AOI-0060,2020-08-28,озимая пшеница,0.30937744101735953,0.3953692144373673,-0.08599177342000774,0.08599177342000774,modis,2020,4.0,8.0,False,1
AOI-0060,2020-08-31,озимая пшеница,0.24230869893669732,0.2909341043907139,-0.04862540545401656,0.04862540545401656,landsat,2020,1.0,8.0,False,1
AOI-0063,2020-04-22,озимая пшеница,0.3406475216192193,0.2355806653893645,0.10506685622985479,0.10506685622985479,s2,2020,3.0,6.0,False,1
AOI-0063,2020-05-24,озимая пшеница,0.5935126708272235,0.7378377962844334,-0.14432512545720988,0.14432512545720988,modis,2020,3.0,6.0,False,1
AOI-0063,2020-06-29,озимая пшеница,0.6984708347473688,0.8008725050837149,-0.10240167033634606,0.10240167033634606,s2,2020,1.0,4.0,False,1
AOI-0063,2020-07-06,озимая пшеница,0.6242207540859974,0.6470599959730842,-0.022839241887086748,0.022839241887086748,s2,2020,2.0,5.0,False,1
AOI-0063,2020-09-12,озимая пшеница,0.16215938227601734,0.1668947309122928,-0.004735348636275449,0.004735348636275449,s2,2020,2.0,4.0,False,2
AOI-0063,2020-09-13,озимая пшеница,0.2603405967527628,0.2467160954516336,0.013624501301129188,0.013624501301129188,modis,2020,1.0,4.0,False,2
AOI-0064,2020-04-22,озимая пшеница,0.7080309406655505,0.6412449596722499,0.06678598099330058,0.06678598099330058,s2,2020,3.0,8.0,False,1
AOI-0064,2020-06-25,озимая пшеница,0.4154651653025829,0.4645473077728892,-0.049082142470306345,0.049082142470306345,modis,2020,4.0,13.0,False,2
AOI-0064,2020-06-26,озимая пшеница,0.32131550082667704,0.321673185452854,-0.0003576846261769684,0.0003576846261769684,s2,2020,3.0,13.0,False,2
AOI-0064,2020-07-09,озимая пшеница,0.282714328300461,0.2585931634399159,0.024121164860545108,0.024121164860545108,s2,2020,2.0,5.0,False,1
AOI-0064,2020-08-18,озимая пшеница,0.20053354879985727,0.1931597681194684,0.007373780680388881,0.007373780680388881,s2,2020,1.0,3.0,False,1
AOI-0064,2020-08-30,озимая пшеница,0.1749118719484476,0.1700732453599928,0.004838626588454797,0.004838626588454797,s2,2020,2.0,5.0,False,1
AOI-0064,2020-09-12,озимая пшеница,0.15609546928715454,0.1488599381822133,0.00723553110494124,0.00723553110494124,s2,2020,1.0,3.0,False,1
AOI-0064,2020-10-12,озимая пшеница,0.16436394858766756,0.1223218797124447,0.04204206887522287,0.04204206887522287,s2,2020,3.0,6.0,False,1
AOI-0065,2020-04-30,озимая пшеница,0.5622347145332184,0.5914625371596648,-0.02922782262644641,0.02922782262644641,s2,2020,5.0,13.0,False,1
AOI-0065,2020-06-25,озимая пшеница,0.49061077191806096,0.5204418818854974,-0.029831109967436487,0.029831109967436487,modis,2020,1.0,10.0,False,1
AOI-0065,2020-07-14,озимая пшеница,0.3207985399444277,0.3001033095109859,0.02069523043344179,0.02069523043344179,s2,2020,2.0,5.0,False,1
AOI-0065,2020-09-13,озимая пшеница,0.31781982610388493,0.2930597435434351,0.024760082560449814,0.024760082560449814,modis,2020,1.0,2.0,False,1
AOI-0065,2020-09-24,озимая пшеница,0.20537376186474865,0.2231449121591858,-0.017771150294437155,0.017771150294437155,s2,2020,2.0,4.0,False,1
AOI-0065,2020-09-29,озимая пшеница,0.26668470207861206,0.2519584432002889,0.014726258878323184,0.014726258878323184,modis,2020,2.0,12.0,False,1
AOI-0065,2020-10-07,озимая пшеница,0.17606293318330382,0.1811584434333474,-0.005095510250043567,0.005095510250043567,s2,2020,2.0,12.0,False,1
AOI-0069,2020-04-22,зерновые,0.2479805570374018,0.1699743354759926,0.07800622156140918,0.07800622156140918,s2,2020,3.0,8.0,False,1
AOI-0069,2020-05-24,зерновые,0.4121935155127138,0.3057481089404292,0.10644540657228463,0.10644540657228463,modis,2020,5.0,12.0,False,1
AOI-0069,2020-05-27,зерновые,0.17986175305298815,0.1590601527238473,0.020801600329140857,0.020801600329140857,s2,2020,2.0,12.0,False,1
AOI-0069,2020-06-09,зерновые,0.17609904964657408,0.2890171013376961,-0.11291805169112201,0.11291805169112201,modis,2020,2.0,7.0,False,1
AOI-0069,2020-06-25,зерновые,0.2782622635792336,0.2282297950149168,0.05003246856431681,0.05003246856431681,modis,2020,1.0,10.0,False,1
AOI-0069,2020-09-13,зерновые,0.22942363197689675,0.1933823308632471,0.03604130111364964,0.03604130111364964,modis,2020,2.0,7.0,False,1
AOI-0069,2020-09-24,зерновые,0.1291049383987904,0.0976647649666482,0.0314401734321422,0.0314401734321422,s2,2020,2.0,7.0,False,1
AOI-0069,2020-09-27,зерновые,0.13169588669727328,0.1562284204834687,-0.02453253378619541,0.02453253378619541,landsat,2020,1.0,3.0,False,1
AOI-0070,2020-05-24,зерновые,0.48063246938068566,0.3381488053206337,0.14248366406005197,0.14248366406005197,modis,2020,3.0,10.0,False,1
AOI-0070,2020-06-06,зерновые,0.2505281879038616,0.2453842727401234,0.005143915163738216,0.005143915163738216,s2,2020,1.0,8.0,False,1
AOI-0070,2020-06-09,зерновые,0.26010398856619005,0.3241481238196894,-0.06404413525349933,0.06404413525349933,modis,2020,2.0,4.0,False,1
AOI-0070,2020-07-11,зерновые,0.15981637439253943,0.1822434287361128,-0.022427054343573366,0.022427054343573366,s2,2020,3.0,8.0,False,1
AOI-0070,2020-08-30,зерновые,0.14599940323331034,0.15748618823565,-0.011486785002339656,0.011486785002339656,s2,2020,2.0,5.0,False,1
AOI-0070,2020-09-24,зерновые,0.13440383855436736,0.1104111558235048,0.023992682730862552,0.023992682730862552,s2,2020,2.0,7.0,False,1
AOI-0070,2020-10-12,зерновые,0.15865522781445487,0.1001036316504779,0.05855159616397697,0.05855159616397697,landsat,2020,2.0,5.0,False,1
AOI-0071,2020-04-17,зерновые,0.2536376693194244,0.1962027810880154,0.05743488823140899,0.05743488823140899,s2,2020,2.0,7.0,False,1
AOI-0071,2020-05-24,зерновые,0.49909483181673586,0.5811329545454545,-0.08203812272871869,0.08203812272871869,modis,2020,3.0,10.0,False,1
AOI-0071,2020-06-25,зерновые,0.4846753617192242,0.4763,0.008375361719224206,0.008375361719224206,modis,2020,1.0,12.0,False,1
AOI-0071,2020-07-06,зерновые,0.3970783516830779,0.4075633844374881,-0.01048503275441015,0.01048503275441015,s2,2020,2.0,7.0,False,1
AOI-0071,2020-07-11,зерновые,0.3880044822104013,0.4446859774651878,-0.056681495254786496,0.056681495254786496,s2,2020,3.0,17.0,False,1
AOI-0071,2020-08-12,зерновые,0.3534430652802475,0.4178488636363636,-0.0644057983561161,0.0644057983561161,modis,2020,2.0,5.0,False,1
AOI-0071,2020-08-25,зерновые,0.26863761765504257,0.2867334012288745,-0.018095783573831903,0.018095783573831903,s2,2020,1.0,6.0,False,1
AOI-0071,2020-08-28,зерновые,0.34394927649478585,0.3116625,0.03228677649478584,0.03228677649478584,modis,2020,2.0,4.0,False,1
AOI-0071,2020-09-27,зерновые,0.2109243431777661,0.2477174618363826,-0.03679311865861651,0.03679311865861651,landsat,2020,1.0,3.0,False,1
AOI-0075,2020-04-06,озимая пшеница,0.38314002215061876,0.2465539705183072,0.13658605163231158,0.13658605163231158,modis,2020,1.0,3.0,False,1
AOI-0075,2020-07-11,озимая пшеница,0.7054397714467271,0.7785197337137424,-0.0730799622670153,0.0730799622670153,modis,2020,1.0,5.0,False,1
AOI-0075,2020-09-07,озимая пшеница,0.18366156276866707,0.1803229436094421,0.0033386191592249814,0.0033386191592249814,s2,2020,1.0,6.0,False,1
AOI-0075,2020-09-15,озимая пшеница,0.20444326711350147,0.1507704574833162,0.05367280963018528,0.05367280963018528,s2,2020,1.0,3.0,False,1
AOI-0075,2020-09-20,озимая пшеница,0.21380103631250968,0.184368231901251,0.029432804411258673,0.029432804411258673,s2,2020,2.0,5.0,False,1
AOI-0076,2020-04-18,озимая пшеница,0.4684011073366844,0.1479416884168971,0.3204594189197873,0.3204594189197873,s2,2020,1.0,5.0,False,1
AOI-0076,2020-04-30,озимая пшеница,0.5789414765530394,0.637060951104343,-0.05811947455130362,0.05811947455130362,s2,2020,7.0,15.0,False,1
AOI-0076,2020-05-24,озимая пшеница,0.701511884154687,0.8275424434389144,-0.12603055928422735,0.12603055928422735,modis,2020,1.0,6.0,False,1
AOI-0076,2020-08-26,озимая пшеница,0.22633225177761082,0.2521090293880992,-0.025776777610488383,0.025776777610488383,s2,2020,2.0,5.0,False,1
AOI-0076,2020-08-31,озимая пшеница,0.21362633751737595,0.2504808871680818,-0.036854549650705865,0.036854549650705865,s2,2020,2.0,5.0,False,1
AOI-0076,2020-09-20,озимая пшеница,0.23327063742502507,0.179231595964231,0.05403904146079408,0.05403904146079408,s2,2020,2.0,5.0,False,1
AOI-0076,2020-09-30,озимая пшеница,0.21284148442869916,0.2105515174925497,0.002289966936149468,0.002289966936149468,s2,2020,1.0,6.0,False,1
AOI-0077,2020-05-08,озимая пшеница,0.5176471186953839,0.5848840314136126,-0.06723691271822863,0.06723691271822863,modis,2020,4.0,12.0,False,1
AOI-0077,2020-07-11,озимая пшеница,0.6982876059376961,0.6828515706806282,0.015436035257067937,0.015436035257067937,modis,2020,1.0,5.0,False,1
AOI-0077,2020-08-21,озимая пшеница,0.3681041810454902,0.4589072977522877,-0.09080311670679753,0.09080311670679753,s2,2020,2.0,5.0,False,1
AOI-0077,2020-08-26,озимая пшеница,0.3433103686849553,0.2111615712097126,0.1321487974752427,0.1321487974752427,s2,2020,2.0,5.0,False,1
AOI-0077,2020-09-10,озимая пшеница,0.2259058459508275,0.1680135293646077,0.057892316586219794,0.057892316586219794,s2,2020,2.0,4.0,False,1
AOI-0002,2021-06-26,озимая пшеница,0.5690737345296946,0.4063299761336515,0.16274375839604305,0.16274375839604305,modis,2021,6.0,13.0,False,1
AOI-0002,2021-07-29,озимая пшеница,0.15675507905604547,0.1336058334415282,0.023149245614517255,0.023149245614517255,s2,2021,1.0,6.0,False,1
AOI-0002,2021-08-13,озимая пшеница,0.09710625498261752,0.3186839618138425,-0.221577706831225,0.221577706831225,modis,2021,1.0,6.0,False,1
AOI-0002,2021-08-19,озимая пшеница,0.1642140979350502,0.2722233280210089,-0.1080092300859587,0.1080092300859587,landsat,2021,1.0,5.0,False,1
AOI-0003,2021-08-23,озимая пшеница,0.167286939487761,0.1251107407692812,0.0421761987184798,0.0421761987184798,s2,2021,3.0,8.0,False,1
AOI-0004,2021-04-23,озимая пшеница,0.5363046321359334,0.6955547071528395,-0.15925007501690613,0.15925007501690613,modis,2021,1.0,7.0,False,1
AOI-0004,2021-05-25,озимая пшеница,0.7789059024576102,0.8471697497141405,-0.06826384725653034,0.06826384725653034,modis,2021,2.0,8.0,False,1
AOI-0004,2021-07-12,озимая пшеница,0.6461831481572611,0.5624259560411639,0.08375719211609722,0.08375719211609722,modis,2021,2.0,4.0,False,1
AOI-0004,2021-09-14,озимая пшеница,0.35823946495517867,0.407421318765087,-0.04918185380990836,0.04918185380990836,modis,2021,1.0,4.0,False,1
AOI-0007,2021-06-26,озимая пшеница,0.6094021942956507,0.8072789859554024,-0.1978767916597517,0.1978767916597517,s2,2021,3.0,8.0,False,1
AOI-0007,2021-07-28,озимая пшеница,0.29937070073779637,0.2871466651745749,0.012224035563221491,0.012224035563221491,modis,2021,1.0,3.0,False,1
AOI-0007,2021-08-13,озимая пшеница,0.2971550459920791,0.2729044762757386,0.024250569716340487,0.024250569716340487,modis,2021,5.0,10.0,False,1
AOI-0008,2021-08-13,озимая пшеница,0.295692162157031,0.3880623966942148,-0.09237023453718379,0.09237023453718379,modis,2021,5.0,10.0,False,1
AOI-0008,2021-09-30,озимая пшеница,0.28632067716777004,0.3766173553719009,-0.09029667820413084,0.09029667820413084,modis,2021,1.0,3.0,False,1
AOI-0008,2021-10-16,озимая пшеница,0.2617244646180383,0.2775894628099173,-0.01586499819187903,0.01586499819187903,modis,2021,1.0,2.0,False,1
AOI-0011,2021-04-07,озимая пшеница,0.5503777821191773,0.5265169457735248,0.023860836345652503,0.023860836345652503,modis,2021,1.0,9.0,False,1
AOI-0011,2021-04-23,озимая пшеница,0.6371855550144061,0.8182430422647531,-0.18105748725034698,0.18105748725034698,modis,2021,1.0,8.0,False,1
AOI-0011,2021-07-12,озимая пшеница,0.2702611130694942,0.2461569976076556,0.024104115461838577,0.024104115461838577,modis,2021,1.0,3.0,False,1
AOI-0011,2021-09-30,озимая пшеница,0.39543119628713064,0.4931656698564594,-0.09773447356932874,0.09773447356932874,modis,2021,1.0,3.0,False,1
AOI-0015,2021-07-03,озимая пшеница,0.4079987809797453,0.4010443339837189,0.0069544469960263755,0.0069544469960263755,landsat,2021,1.0,7.0,False,1
AOI-0015,2021-07-18,озимая пшеница,0.23078816819125164,0.2306513076931417,0.00013686049810993084,0.00013686049810993084,landsat,2021,1.0,3.0,False,1
AOI-0015,2021-07-21,озимая пшеница,0.18268484454320416,0.171209017964214,0.011475826578990156,0.011475826578990156,s2,2021,2.0,5.0,False,1
AOI-0015,2021-09-07,озимая пшеница,0.1787705165275107,0.151178028817904,0.027592487709606706,0.027592487709606706,s2,2021,2.0,4.0,False,1
AOI-0015,2021-10-16,озимая пшеница,0.2707962912438996,0.3188315108293713,-0.04803521958547169,0.04803521958547169,modis,2021,1.0,2.0,False,1
AOI-0019,2021-05-25,подсолнечник,0.6385662006595219,0.8269737435163657,-0.1884075428568438,0.1884075428568438,modis,2021,2.0,8.0,False,1
AOI-0019,2021-07-10,подсолнечник,0.6052794235190841,0.6174919419053908,-0.012212518386306659,0.012212518386306659,landsat,2021,1.0,2.0,False,1
AOI-0019,2021-07-14,подсолнечник,0.5298275635311429,0.5174999701620325,0.012327593369110379,0.012327593369110379,s2,2021,2.0,4.0,False,1
AOI-0020,2021-04-23,подсолнечник,0.4675276044522907,0.5452677101653183,-0.07774010571302759,0.07774010571302759,modis,2021,1.0,8.0,False,1
AOI-0020,2021-06-11,подсолнечник,0.6903470433504536,0.6349596811809453,0.05538736216950835,0.05538736216950835,s2,2021,1.0,4.0,False,1
AOI-0020,2021-07-12,подсолнечник,0.556584705794948,0.4066204009848752,0.14996430481007283,0.14996430481007283,modis,2021,1.0,3.0,False,1
AOI-0020,2021-07-21,подсолнечник,0.3742999899611736,0.2973388435157706,0.07696114644540297,0.07696114644540297,s2,2021,2.0,5.0,False,1
AOI-0020,2021-07-29,подсолнечник,0.3249643319677117,0.1989837921465646,0.1259805398211471,0.1259805398211471,s2,2021,1.0,3.0,False,1
AOI-0020,2021-08-19,подсолнечник,0.29851087663091813,0.2298394076911763,0.06867146893974183,0.06867146893974183,landsat,2021,1.0,2.0,False,1
AOI-0021,2021-07-18,подсолнечник,0.41110161639558435,0.3918809270447374,0.01922068935084692,0.01922068935084692,landsat,2021,1.0,3.0,False,1
AOI-0021,2021-07-29,подсолнечник,0.295451470000917,0.287159728931861,0.008291741069056002,0.008291741069056002,s2,2021,1.0,3.0,False,1
AOI-0021,2021-08-30,подсолнечник,0.19601923845182753,0.210903109063245,-0.014883870611417466,0.014883870611417466,s2,2021,1.0,4.0,False,1
AOI-0022,2021-05-25,подсолнечник,0.838494977784602,0.8757289805659736,-0.03723400278137157,0.03723400278137157,modis,2021,2.0,8.0,False,1
AOI-0022,2021-07-21,подсолнечник,0.18504406451673844,0.1789119967461188,0.0061320677706196425,0.0061320677706196425,s2,2021,2.0,5.0,False,1
AOI-0022,2021-09-30,подсолнечник,0.27780432710546266,0.3139137061029663,-0.03610937899750366,0.03610937899750366,modis,2021,1.0,3.0,False,1
AOI-0023,2021-07-14,подсолнечник,0.362945814160436,0.3822266846591851,-0.019280870498749103,0.019280870498749103,s2,2021,2.0,4.0,False,1
AOI-0023,2021-08-30,подсолнечник,0.1926182217664572,0.196622094536113,-0.004003872769655803,0.004003872769655803,s2,2021,1.0,4.0,False,1
AOI-0026,2021-04-07,озимая пшеница,0.6700254436998598,0.3987807076101468,0.27124473608971306,0.27124473608971306,modis,2021,8.0,inf,True,1
AOI-0026,2021-05-09,озимая пшеница,0.8401394664571616,0.9286422852847208,-0.08850281882755917,0.08850281882755917,modis,2021,2.0,8.0,False,1
AOI-0026,2021-07-10,озимая пшеница,0.36184023364679146,0.3347759251274984,0.02706430851929309,0.02706430851929309,landsat,2021,1.0,5.0,False,1
AOI-0026,2021-07-12,озимая пшеница,0.3451565486613843,0.2994409697425296,0.045715578918854693,0.045715578918854693,modis,2021,2.0,5.0,False,1
AOI-0026,2021-07-18,озимая пшеница,0.27782621815819447,0.2325421993428925,0.045284018815301974,0.045284018815301974,landsat,2021,1.0,5.0,False,1
AOI-0026,2021-09-30,озимая пшеница,0.326680249202695,0.313677128359331,0.013003120843364024,0.013003120843364024,modis,2021,2.0,5.0,False,1
AOI-0027,2021-07-12,озимая пшеница,0.761504736992556,0.5712435222672065,0.19026121472534951,0.19026121472534951,modis,2021,2.0,4.0,False,1
AOI-0027,2021-07-29,озимая пшеница,0.6894144281798938,0.7754711954424769,-0.08605676726258304,0.08605676726258304,s2,2021,1.0,6.0,False,1
AOI-0027,2021-08-19,озимая пшеница,0.611394985892255,0.5715999393948216,0.039795046497433484,0.039795046497433484,landsat,2021,1.0,5.0,False,1
AOI-0027,2021-10-16,озимая пшеница,0.4019111852998434,0.3491202429149798,0.05279094238486359,0.05279094238486359,modis,2021,2.0,8.0,False,1
AOI-0030,2021-04-21,озимая пшеница,0.4158105425009256,0.3623409726575796,0.053469569843346,0.053469569843346,landsat,2021,2.0,8.0,False,1
AOI-0030,2021-06-10,озимая пшеница,0.6524548129383189,0.8449716357775988,-0.19251682283927996,0.19251682283927996,modis,2021,1.0,5.0,False,1
AOI-0033,2021-06-10,пастбища/зерновые,0.463476319046948,0.4924118504128217,-0.02893553136587368,0.02893553136587368,modis,2021,1.0,3.0,False,1
AOI-0033,2021-09-15,пастбища/зерновые,0.13488775952743987,0.1683386629955527,-0.03345090346811283,0.03345090346811283,landsat,2021,1.0,2.0,False,1
AOI-0035,2021-06-10,пастбища/зерновые,0.6327289826915388,0.582213220338983,0.050515762352555726,0.050515762352555726,modis,2021,1.0,3.0,False,1
AOI-0037,2021-04-16,зерновые,0.2769639221194019,0.2889074687842197,-0.011943546664817783,0.011943546664817783,landsat,2021,4.0,11.0,False,1
AOI-0037,2021-09-30,зерновые,0.3721290968812868,0.3791456776771461,-0.007016580795859262,0.007016580795859262,landsat,2021,1.0,12.0,False,1
AOI-0038,2021-10-08,зерновые,0.2715959192803785,0.2461429443448418,0.02545297493553672,0.02545297493553672,landsat,2021,1.0,3.0,False,1
AOI-0038,2021-10-16,зерновые,0.2993960389477769,0.2021162896852079,0.09727974926256899,0.09727974926256899,s2,2021,2.0,7.0,False,1
AOI-0040,2021-07-08,зерновые,0.3033558200626578,0.3436523636728856,-0.040296543610227775,0.040296543610227775,s2,2021,3.0,7.0,False,1
AOI-0040,2021-09-30,зерновые,0.2446495153125183,0.1848633990175839,0.05978611629493441,0.05978611629493441,landsat,2021,1.0,12.0,False,1
AOI-0041,2021-04-23,зерновые,0.42973078742091786,0.5135830099283352,-0.0838522225074173,0.0838522225074173,landsat,2021,1.0,7.0,False,1
AOI-0041,2021-06-27,зерновые,0.4601308617289915,0.3463707529154409,0.11376010881355059,0.11376010881355059,landsat,2021,1.0,2.0,False,1
AOI-0041,2021-09-30,зерновые,0.41246034507368023,0.388567518142685,0.02389282693099526,0.02389282693099526,landsat,2021,1.0,12.0,False,1
AOI-0045,2021-07-31,зерновые,0.14427137548852212,0.1229036103988907,0.021367765089631424,0.021367765089631424,s2,2021,3.0,8.0,False,1
AOI-0045,2021-08-13,зерновые,0.2616662798274716,0.2693871974522293,-0.007720917624757684,0.007720917624757684,modis,2021,7.0,15.0,False,1
AOI-0045,2021-09-30,зерновые,0.23424026865787106,0.2264428706751294,0.007797397982741677,0.007797397982741677,landsat,2021,7.0,23.0,False,1
AOI-0048,2021-04-07,зерновые,0.4917535771142828,0.3939190173253925,0.09783455978889033,0.09783455978889033,modis,2021,5.0,13.0,False,1
AOI-0048,2021-05-09,зерновые,0.7562088767247377,0.8179399296155927,-0.06173105289085501,0.06173105289085501,modis,2021,1.0,4.0,False,1
AOI-0050,2021-04-15,озимая пшеница,0.4063350749159722,0.0579560288062155,0.34837904610975673,0.34837904610975673,s2,2021,8.0,16.0,False,1
AOI-0050,2021-05-25,озимая пшеница,0.7365876595748053,0.6615680137831735,0.07501964579163178,0.07501964579163178,s2,2021,2.0,8.0,False,1
AOI-0050,2021-08-13,озимая пшеница,0.5246558699542301,0.6303226415094341,-0.10566677155520399,0.10566677155520399,modis,2021,5.0,15.0,False,1
AOI-0050,2021-09-07,озимая пшеница,0.49380200264301777,0.3690432736174537,0.12475872902556406,0.12475872902556406,s2,2021,3.0,7.0,False,1
AOI-0050,2021-09-30,озимая пшеница,0.4642315427871828,0.4894018867924529,-0.025170344005270073,0.025170344005270073,modis,2021,2.0,5.0,False,1
AOI-0052,2021-06-08,озимая пшеница,0.8123626796866413,0.8254621765113661,-0.013099496824724777,0.013099496824724777,landsat,2021,1.0,9.0,False,1
AOI-0052,2021-07-18,озимая пшеница,0.2638479223557783,0.2395460029043278,0.02430191945145052,0.02430191945145052,landsat,2021,1.0,2.0,False,1
AOI-0052,2021-09-14,озимая пшеница,0.18769415000931888,0.2814459063078457,-0.09375175629852683,0.09375175629852683,modis,2021,3.0,6.0,False,1
AOI-0053,2021-04-23,озимая пшеница,0.6318127916537987,0.6764298248485843,-0.044617033194785605,0.044617033194785605,modis,2021,2.0,8.0,False,1
AOI-0053,2021-06-26,озимая пшеница,0.5966144291876283,0.5758213782943198,0.020793050893308518,0.020793050893308518,modis,2021,2.0,5.0,False,1
AOI-0053,2021-07-28,озимая пшеница,0.42543136060715797,0.4472251759698804,-0.021793815362722402,0.021793815362722402,modis,2021,1.0,3.0,False,1
AOI-0053,2021-08-02,озимая пшеница,0.3494795951771846,0.419576394987521,-0.0700967998103364,0.0700967998103364,landsat,2021,1.0,5.0,False,1
AOI-0053,2021-08-29,озимая пшеница,0.41608751471118943,0.4600874447536422,-0.043999930042452784,0.043999930042452784,modis,2021,1.0,7.0,False,1
AOI-0053,2021-09-07,озимая пшеница,0.3705326884234893,0.3367406986964667,0.033791989727022576,0.033791989727022576,s2,2021,3.0,13.0,False,1
AOI-0053,2021-09-14,озимая пшеница,0.33701887587516643,0.3540825339662792,-0.017063658091112766,0.017063658091112766,modis,2021,3.0,13.0,False,1
AOI-0055,2021-05-09,озимая пшеница,0.596002958885567,0.5098,0.08620295888556695,0.08620295888556695,modis,2021,2.0,7.0,False,1
AOI-0055,2021-09-14,озимая пшеница,0.5186282370121997,0.5676,-0.04897176298780026,0.04897176298780026,modis,2021,3.0,6.0,False,1
AOI-0056,2021-04-23,озимая пшеница,0.5452107355379945,0.657336563548267,-0.11212582801027249,0.11212582801027249,modis,2021,2.0,8.0,False,1
AOI-0056,2021-06-10,озимая пшеница,0.6226585985302262,0.6013541185240403,0.0213044800061859,0.0213044800061859,modis,2021,1.0,5.0,False,1
AOI-0056,2021-06-19,озимая пшеница,0.6194407662746603,0.7267452298602813,-0.10730446358562107,0.10730446358562107,s2,2021,4.0,9.0,False,1
AOI-0056,2021-07-18,озимая пшеница,0.5301509702017291,0.5306762645041863,-0.0005252943024571799,0.0005252943024571799,landsat,2021,1.0,2.0,False,1
AOI-0056,2021-10-16,озимая пшеница,0.3270949622676458,0.2386552739470741,0.0884396883205717,0.0884396883205717,modis,2021,4.0,9.0,False,1
AOI-0060,2021-04-29,озимая пшеница,0.36359412718306566,0.3501629999765077,0.01343112720655798,0.01343112720655798,landsat,2021,1.0,7.0,False,1
AOI-0060,2021-08-29,озимая пшеница,0.5184693528259787,0.5624819532908705,-0.04401260046489175,0.04401260046489175,modis,2021,1.0,10.0,False,1
AOI-0060,2021-09-11,озимая пшеница,0.4138587695415313,0.5021288543702391,-0.08827008482870785,0.08827008482870785,landsat,2021,3.0,7.0,False,1
AOI-0063,2021-04-23,озимая пшеница,0.80817821259107,0.8534081037796286,-0.04522989118855858,0.04522989118855858,modis,2021,1.0,8.0,False,1
AOI-0063,2021-05-25,озимая пшеница,0.8193222396666546,0.8518765214606023,-0.032554281793947704,0.032554281793947704,modis,2021,2.0,7.0,False,1
AOI-0063,2021-07-06,озимая пшеница,0.2608410553870406,0.2472714888293149,0.013569566557725704,0.013569566557725704,s2,2021,3.0,6.0,False,1
AOI-0063,2021-08-23,озимая пшеница,0.19682348066144964,0.2527078070160736,-0.05588432635462395,0.05588432635462395,s2,2021,2.0,5.0,False,1
AOI-0063,2021-09-13,озимая пшеница,0.2080092711226993,0.1897044906502456,0.01830478047245368,0.01830478047245368,landsat,2021,1.0,7.0,False,2
AOI-0063,2021-09-14,озимая пшеница,0.20888097088722485,0.1668873938562758,0.04199357703094905,0.04199357703094905,s2,2021,2.0,7.0,False,2
AOI-0064,2021-04-23,озимая пшеница,0.41957855869374666,0.5861330400167608,-0.16655448132301415,0.16655448132301415,modis,2021,1.0,8.0,False,1
AOI-0064,2021-06-26,озимая пшеница,0.6004268011037217,0.6767747943742493,-0.07634799327052755,0.07634799327052755,s2,2021,2.0,7.0,False,1
AOI-0064,2021-09-13,озимая пшеница,0.2473112001721324,0.2459597578544438,0.001351442317688606,0.001351442317688606,landsat,2021,1.0,2.0,False,1
AOI-0065,2021-06-26,озимая пшеница,0.61486019569924,0.7779225319333108,-0.16306233623407085,0.16306233623407085,s2,2021,2.0,7.0,False,1
AOI-0065,2021-09-14,озимая пшеница,0.25950402068090167,0.2303249528606887,0.029179067820212984,0.029179067820212984,s2,2021,1.0,6.0,False,1
AOI-0065,2021-09-30,озимая пшеница,0.26917651978087104,0.2815347661188369,-0.01235824633796584,0.01235824633796584,modis,2021,1.0,3.0,False,1
AOI-0069,2021-04-23,зерновые,0.4399775630711566,0.496773313444327,-0.05679575037317042,0.05679575037317042,modis,2021,1.0,10.0,False,1
AOI-0069,2021-05-01,зерновые,0.44520105517657915,0.3243102718950095,0.12089078328156966,0.12089078328156966,landsat,2021,1.0,10.0,False,1
AOI-0069,2021-05-25,зерновые,0.6981372477208181,0.6672395821940282,0.030897665526789853,0.030897665526789853,modis,2021,2.0,10.0,False,1
AOI-0069,2021-06-10,зерновые,0.6218272837321842,0.7795242920297168,-0.15769700829753264,0.15769700829753264,landsat,2021,1.0,5.0,False,1
AOI-0069,2021-06-26,зерновые,0.3499783174631138,0.2729988134948878,0.076979503968226,0.076979503968226,s2,2021,5.0,10.0,False,1
AOI-0069,2021-09-14,зерновые,0.3295955629220354,0.3285419693140645,0.0010535936079709152,0.0010535936079709152,s2,2021,5.0,21.0,False,1
AOI-0070,2021-05-25,зерновые,0.690042772048058,0.7202968716643402,-0.030254099616282226,0.030254099616282226,modis,2021,2.0,10.0,False,1
AOI-0070,2021-06-10,зерновые,0.6177664052609183,0.7018874475431476,-0.08412104228222927,0.08412104228222927,landsat,2021,1.0,2.0,False,1
AOI-0070,2021-07-12,зерновые,0.38475990946612326,0.3627267404306893,0.022033169035433953,0.022033169035433953,landsat,2021,1.0,5.0,False,1
AOI-0071,2021-05-25,зерновые,0.568271504403214,0.7092431818181818,-0.14097167741496786,0.14097167741496786,modis,2021,2.0,10.0,False,1
AOI-0071,2021-06-26,зерновые,0.2507304452594835,0.1787629891055491,0.0719674561539344,0.0719674561539344,s2,2021,5.0,10.0,False,1
AOI-0071,2021-07-12,зерновые,0.27801708526235125,0.2832308742375666,-0.00521378897521535,0.00521378897521535,landsat,2021,1.0,5.0,False,1
AOI-0071,2021-08-13,зерновые,0.3003118623375332,0.4612511363636363,-0.16093927402610309,0.16093927402610309,modis,2021,7.0,15.0,False,1
AOI-0071,2021-08-29,зерновые,0.28745686746918947,0.2650992664479296,0.022357601021259887,0.022357601021259887,landsat,2021,1.0,2.0,False,1
AOI-0075,2021-04-07,озимая пшеница,0.3202104300249681,0.310818972895863,0.009391457129105052,0.009391457129105052,modis,2021,6.0,inf,True,1
AOI-0075,2021-04-12,озимая пшеница,0.1089472584008663,0.2219020236170291,-0.1129547652161628,0.1129547652161628,landsat,2021,1.0,inf,True,1
AOI-0075,2021-07-12,озимая пшеница,0.2626619536857946,0.1737384448268917,0.08892350885890288,0.08892350885890288,s2,2021,2.0,5.0,False,1
AOI-0075,2021-07-18,озимая пшеница,0.2259869580244796,0.3190833578966157,-0.09309639987213608,0.09309639987213608,landsat,2021,1.0,2.0,False,1
AOI-0075,2021-08-21,озимая пшеница,0.2759600359599464,0.1442468760307247,0.1317131599292217,0.1317131599292217,s2,2021,2.0,7.0,False,1
AOI-0076,2021-05-25,озимая пшеница,0.46591619317944355,0.345974622422659,0.11994157075678458,0.11994157075678458,s2,2021,3.0,13.0,False,1
AOI-0076,2021-08-21,озимая пшеница,0.34727166017607597,0.2225902672896036,0.12468139288647237,0.12468139288647237,s2,2021,2.0,7.0,False,1
AOI-0077,2021-05-09,озимая пшеница,0.5320083525632008,0.591698167539267,-0.05968981497606618,0.05968981497606618,modis,2021,3.0,7.0,False,1
AOI-0077,2021-07-12,озимая пшеница,0.324116130227479,0.2088035962864416,0.11531253394103738,0.11531253394103738,s2,2021,2.0,5.0,False,1
AOI-0002,2022-06-03,озимая пшеница,0.8450967960032895,0.8910550672013695,-0.04595827119808005,0.04595827119808005,landsat,2022,4.0,10.0,False,1
AOI-0002,2022-06-26,озимая пшеница,0.4845313510262184,0.3984877804295944,0.08604357059662404,0.08604357059662404,modis,2022,2.0,5.0,False,1
AOI-0002,2022-07-29,озимая пшеница,0.2500771773907337,0.2859207831392631,-0.035843605748529406,0.035843605748529406,landsat,2022,1.0,6.0,False,1
AOI-0002,2022-08-13,озимая пшеница,0.2817186186386119,0.2479266619414296,0.033791956697182324,0.033791956697182324,s2,2022,1.0,6.0,False,1
AOI-0003,2022-06-13,озимая пшеница,0.26845363876028094,0.24389269145129,0.024560947308990944,0.024560947308990944,landsat,2022,1.0,7.0,False,1
AOI-0003,2022-08-07,озимая пшеница,0.4483077620518683,0.4713760197675784,-0.02306825771571014,0.02306825771571014,landsat,2022,1.0,2.0,False,1
AOI-0003,2022-08-14,озимая пшеница,0.44924809475995203,0.4628758819697649,-0.013627787209812892,0.013627787209812892,landsat,2022,1.0,2.0,False,1
AOI-0003,2022-08-22,озимая пшеница,0.4080767226521637,0.4352043011239689,-0.02712757847180519,0.02712757847180519,landsat,2022,6.0,13.0,False,2
AOI-0003,2022-08-23,озимая пшеница,0.3884020899957078,0.4121561198175916,-0.023754029821883793,0.023754029821883793,s2,2022,5.0,13.0,False,2
AOI-0004,2022-04-23,озимая пшеница,0.5639908009496507,0.7476077626731039,-0.1836169617234532,0.1836169617234532,modis,2022,1.0,16.0,False,1
AOI-0004,2022-05-25,озимая пшеница,0.7676723147192726,0.815139855164528,-0.047467540445255474,0.047467540445255474,modis,2022,1.0,6.0,False,1
AOI-0004,2022-06-30,озимая пшеница,0.6183275368338551,0.6587702752968787,-0.0404427384630236,0.0404427384630236,landsat,2022,1.0,5.0,False,1
AOI-0004,2022-07-12,озимая пшеница,0.5423382022033536,0.5179750603481134,0.024363141855240245,0.024363141855240245,modis,2022,2.0,5.0,False,1
AOI-0004,2022-09-14,озимая пшеница,0.4631632818137641,0.402040236310507,0.06112304550325709,0.06112304550325709,modis,2022,1.0,8.0,False,1
AOI-0007,2022-06-26,озимая пшеница,0.4698647210021844,0.3714657117278425,0.09839900927434192,0.09839900927434192,modis,2022,2.0,5.0,False,1
AOI-0007,2022-07-28,озимая пшеница,0.2518224033497458,0.2457358102059088,0.006086593143837027,0.006086593143837027,modis,2022,1.0,10.0,False,1
AOI-0007,2022-08-13,озимая пшеница,0.20837661756247405,0.1258590300203426,0.08251758754213145,0.08251758754213145,s2,2022,2.0,5.0,False,1
AOI-0008,2022-04-17,озимая пшеница,0.3202152243547758,0.3125687794650237,0.00764644488975208,0.00764644488975208,landsat,2022,6.0,13.0,False,1
AOI-0008,2022-07-17,озимая пшеница,0.19861715339948052,0.207289527099685,-0.008672373700204489,0.008672373700204489,landsat,2022,2.0,5.0,False,1
AOI-0008,2022-08-13,озимая пшеница,0.2249604580090075,0.233321694214876,-0.00836123620586851,0.00836123620586851,modis,2022,2.0,5.0,False,1
AOI-0008,2022-09-01,озимая пшеница,0.18440484719329084,0.1596150327785462,0.02478981441474465,0.02478981441474465,landsat,2022,1.0,2.0,False,1
AOI-0008,2022-09-30,озимая пшеница,0.26932740215720513,0.3226099173553718,-0.05328251519816668,0.05328251519816668,modis,2022,1.0,3.0,False,1
AOI-0011,2022-04-07,озимая пшеница,0.5742574266995757,0.4912330816770768,0.08302434502249889,0.08302434502249889,s2,2022,2.0,4.0,False,1
AOI-0011,2022-04-17,озимая пшеница,0.6174540946004933,0.5985336751549053,0.018920419445587977,0.018920419445587977,landsat,2022,7.0,15.0,False,1
AOI-0011,2022-04-23,озимая пшеница,0.6972823228988546,0.7707344497607657,-0.07345212686191105,0.07345212686191105,modis,2022,2.0,15.0,False,1
AOI-0011,2022-07-12,озимая пшеница,0.28202293220341107,0.2580221102830404,0.024000821920370674,0.024000821920370674,landsat,2022,2.0,5.0,False,1
AOI-0011,2022-09-30,озимая пшеница,0.25531914487131613,0.2550388556618819,0.00028028920943423685,0.00028028920943423685,modis,2022,1.0,3.0,False,1
AOI-0015,2022-05-27,озимая пшеница,0.8449193316492488,0.8617686561417681,-0.016849324492519302,0.016849324492519302,s2,2022,1.0,4.0,False,1
AOI-0015,2022-07-05,озимая пшеница,0.30619561808558016,0.3339355336803596,-0.027739915594779452,0.027739915594779452,landsat,2022,1.0,2.0,False,1
AOI-0015,2022-07-21,озимая пшеница,0.20312666850961847,0.1388918001492898,0.06423486836032866,0.06423486836032866,s2,2022,2.0,5.0,False,1
AOI-0015,2022-09-07,озимая пшеница,0.15531870446869753,0.133822333847933,0.021496370620764538,0.021496370620764538,s2,2022,1.0,6.0,False,1
AOI-0015,2022-10-18,озимая пшеница,0.19602912561112276,0.2414107580948829,-0.04538163248376015,0.04538163248376015,landsat,2022,1.0,2.0,False,1
AOI-0019,2022-04-17,подсолнечник,0.5762036134006981,0.728732379607574,-0.15252876620687583,0.15252876620687583,landsat,2022,6.0,13.0,False,1
AOI-0019,2022-05-25,подсолнечник,0.7992937276026004,0.8702593319917776,-0.0709656043891772,0.0709656043891772,s2,2022,1.0,14.0,False,1
AOI-0019,2022-06-30,подсолнечник,0.345000990009659,0.3408131384233067,0.00418785158635232,0.00418785158635232,landsat,2022,1.0,2.0,False,1
AOI-0019,2022-07-14,подсолнечник,0.22119695664459452,0.1648809530153453,0.05631600362924921,0.05631600362924921,s2,2022,1.0,4.0,False,1
AOI-0019,2022-08-14,подсолнечник,0.3193305711214325,0.3366657750779207,-0.017335203956488243,0.017335203956488243,landsat,2022,1.0,2.0,False,1
AOI-0019,2022-08-31,подсолнечник,0.2421959397561084,0.2472644312820846,-0.005068491525976215,0.005068491525976215,landsat,2022,1.0,3.0,False,1
AOI-0019,2022-09-15,подсолнечник,0.1914936605581421,0.221044769710229,-0.02955110915208689,0.02955110915208689,landsat,2022,1.0,3.0,False,1
AOI-0019,2022-10-18,подсолнечник,0.20395447410787812,0.2269503147330611,-0.02299584062518298,0.02299584062518298,landsat,2022,1.0,2.0,False,1
AOI-0020,2022-04-23,подсолнечник,0.7339286183462257,0.7584838902567711,-0.024555271910545406,0.024555271910545406,modis,2022,2.0,8.0,False,1
AOI-0020,2022-06-03,подсолнечник,0.8463058295822625,0.8767291234326201,-0.03042329385035758,0.03042329385035758,landsat,2022,2.0,5.0,False,1
AOI-0020,2022-06-11,подсолнечник,0.7773656259855238,0.8458507355121879,-0.06848510952666409,0.06848510952666409,s2,2022,1.0,2.0,False,1
AOI-0020,2022-07-12,подсолнечник,0.2965524874687122,0.262832753992351,0.0337197334763612,0.0337197334763612,landsat,2022,1.0,4.0,False,1
AOI-0020,2022-07-21,подсолнечник,0.20150932712926017,0.1553312253328809,0.04617810179637927,0.04617810179637927,s2,2022,2.0,5.0,False,1
AOI-0020,2022-07-29,подсолнечник,0.17513932132741114,0.2212836735576167,-0.04614435223020555,0.04614435223020555,landsat,2022,1.0,3.0,False,2
AOI-0020,2022-07-30,подсолнечник,0.2061055353879795,0.2382033687508554,-0.032097833362875916,0.032097833362875916,landsat,2022,1.0,3.0,False,2
AOI-0021,2022-05-27,подсолнечник,0.8748149376536893,0.7805794677326117,0.09423546992107767,0.09423546992107767,s2,2022,1.0,4.0,False,1
AOI-0021,2022-06-03,подсолнечник,0.8637101294141065,0.892702401752558,-0.028992272338451475,0.028992272338451475,landsat,2022,1.0,3.0,False,1
AOI-0021,2022-07-06,подсолнечник,0.29968238613047526,0.2640573869679425,0.035624999162532756,0.035624999162532756,s2,2022,1.0,4.0,False,1
AOI-0021,2022-07-29,подсолнечник,0.23970319468455611,0.2040508065976055,0.03565238808695062,0.03565238808695062,landsat,2022,1.0,2.0,False,1
AOI-0021,2022-08-07,подсолнечник,0.2170237468145747,0.2445717573142657,-0.027548010499690995,0.027548010499690995,landsat,2022,1.0,2.0,False,1
AOI-0021,2022-08-22,подсолнечник,0.22804149493651787,0.2648940411302833,-0.036852546193765434,0.036852546193765434,landsat,2022,1.0,8.0,False,1
AOI-0021,2022-08-30,подсолнечник,0.22112320600457105,0.1905068600070429,0.03061634599752816,0.03061634599752816,s2,2022,1.0,2.0,False,1
AOI-0021,2022-09-15,подсолнечник,0.24116350781097456,0.2828457208934967,-0.041682213082522124,0.041682213082522124,landsat,2022,1.0,2.0,False,1
AOI-0022,2022-05-25,подсолнечник,0.43392942061053175,0.2377812443816624,0.19614817622886935,0.19614817622886935,s2,2022,1.0,15.0,False,1
AOI-0022,2022-07-17,подсолнечник,0.7923882892440847,0.7537128221401102,0.038675467103974515,0.038675467103974515,landsat,2022,2.0,5.0,False,1
AOI-0022,2022-07-21,подсолнечник,0.7767646104759611,0.5595166543239897,0.21724795615197146,0.21724795615197146,s2,2022,2.0,9.0,False,1
AOI-0022,2022-08-31,подсолнечник,0.23128114586950513,0.2373300854055173,-0.006048939536012182,0.006048939536012182,landsat,2022,1.0,2.0,False,1
AOI-0022,2022-09-30,подсолнечник,0.2655209947423499,0.2734255028980566,-0.007904508155706702,0.007904508155706702,modis,2022,1.0,2.0,False,1
AOI-0023,2022-04-17,подсолнечник,0.7780349429111677,0.8171965093942599,-0.039161566483092214,0.039161566483092214,landsat,2022,6.0,13.0,False,1
AOI-0023,2022-07-05,подсолнечник,0.373747233061349,0.3607088640575261,0.01303836900382288,0.01303836900382288,landsat,2022,1.0,2.0,False,1
AOI-0023,2022-07-14,подсолнечник,0.21721120914222294,0.1759889898234241,0.04122221931879885,0.04122221931879885,s2,2022,1.0,4.0,False,1
AOI-0023,2022-08-14,подсолнечник,0.2921429288066698,0.2855454116282464,0.006597517178423384,0.006597517178423384,landsat,2022,1.0,2.0,False,1
AOI-0023,2022-08-22,подсолнечник,0.36765813216483845,0.3730168702993687,-0.00535873813453025,0.00535873813453025,landsat,2022,1.0,8.0,False,1
AOI-0023,2022-08-30,подсолнечник,0.3551681141679531,0.4167391900820883,-0.06157107591413524,0.06157107591413524,s2,2022,1.0,2.0,False,1
AOI-0023,2022-10-17,подсолнечник,0.23300754165138438,0.1596935729757297,0.07331396867565468,0.07331396867565468,s2,2022,1.0,4.0,False,1
AOI-0026,2022-04-07,озимая пшеница,0.19186882860322152,0.3049919751926331,-0.11312314658941158,0.11312314658941158,modis,2022,1.0,3.0,False,1
AOI-0026,2022-05-09,озимая пшеница,0.64719540652394,0.571673350873896,0.075522055650044,0.075522055650044,modis,2022,1.0,15.0,False,1
AOI-0026,2022-06-13,озимая пшеница,0.6588766188656986,0.7210492546250464,-0.06217263575934784,0.06217263575934784,landsat,2022,1.0,3.0,False,1
AOI-0026,2022-07-12,озимая пшеница,0.2094512397682084,0.2526792144333773,-0.04322797466516892,0.04322797466516892,modis,2022,2.0,5.0,False,2
AOI-0026,2022-07-13,озимая пшеница,0.18772968251348285,0.2377075463321998,-0.04997786381871694,0.04997786381871694,landsat,2022,1.0,5.0,False,2
AOI-0026,2022-09-30,озимая пшеница,0.2628386607193808,0.2478248073670363,0.01501385335234448,0.01501385335234448,modis,2022,1.0,14.0,False,1
AOI-0027,2022-04-24,озимая пшеница,0.46910865836938925,0.3923751601404,0.07673349822898923,0.07673349822898923,landsat,2022,1.0,2.0,False,1
AOI-0027,2022-06-13,озимая пшеница,0.6461192895070031,0.7234267146134936,-0.07730742510649047,0.07730742510649047,landsat,2022,2.0,7.0,False,1
AOI-0027,2022-07-05,озимая пшеница,0.7602924951260143,0.8241439619721064,-0.06385146684609211,0.06385146684609211,landsat,2022,1.0,5.0,False,1
AOI-0027,2022-07-12,озимая пшеница,0.7395057372993457,0.4880585020242915,0.25144723527505414,0.25144723527505414,modis,2022,3.0,8.0,False,2
AOI-0027,2022-07-13,озимая пшеница,0.7500730755464015,0.6484618990460785,0.10161117650032292,0.10161117650032292,landsat,2022,4.0,8.0,False,2
AOI-0027,2022-07-29,озимая пшеница,0.6786226339925362,0.8141494963008499,-0.13552686230831368,0.13552686230831368,landsat,2022,1.0,6.0,False,1
AOI-0027,2022-08-30,озимая пшеница,0.39579325157210044,0.4438883812865508,-0.048095129714450346,0.048095129714450346,landsat,2022,1.0,4.0,False,1
AOI-0030,2022-04-24,озимая пшеница,0.5955355646928268,0.5671541297918251,0.028381434901001645,0.028381434901001645,landsat,2022,1.0,2.0,False,1
AOI-0030,2022-06-10,озимая пшеница,0.8073898209269792,0.8013734891216762,0.006016331805303032,0.006016331805303032,modis,2022,1.0,2.0,False,1
AOI-0033,2022-06-10,пастбища/зерновые,0.47853816213923833,0.3532082078678971,0.12532995427134125,0.12532995427134125,modis,2022,1.0,3.0,False,1
AOI-0035,2022-06-05,пастбища/зерновые,0.7340361014608867,0.6731170576181091,0.060919043842777576,0.060919043842777576,landsat,2022,1.0,3.0,False,1
AOI-0035,2022-06-10,пастбища/зерновые,0.6678657490287556,0.5741746687211096,0.09369108030764606,0.09369108030764606,modis,2022,1.0,3.0,False,1
AOI-0037,2022-04-07,зерновые,0.3178863927809733,0.2761210933502206,0.04176529943075269,0.04176529943075269,s2,2022,3.0,inf,True,1
AOI-0037,2022-08-09,зерновые,0.30951850604558623,0.2872907429191248,0.02222776312646141,0.02222776312646141,landsat,2022,1.0,3.0,False,1
AOI-0037,2022-09-30,зерновые,0.3343368380804248,0.350249012567325,-0.015912174486900188,0.015912174486900188,modis,2022,1.0,2.0,False,1
AOI-0038,2022-04-07,зерновые,0.2792257572040684,0.2385919867360109,0.040633770468057495,0.040633770468057495,s2,2022,3.0,inf,True,1
AOI-0038,2022-06-14,зерновые,0.3233558229049126,0.3140382708962675,0.009317552008645091,0.009317552008645091,landsat,2022,1.0,3.0,False,1
AOI-0038,2022-07-15,зерновые,0.27798041106373994,0.2830203741790248,-0.005039963115284873,0.005039963115284873,landsat,2022,3.0,9.0,False,1
AOI-0038,2022-09-02,зерновые,0.2161403391281604,0.2658156159353669,-0.049675276807206487,0.049675276807206487,landsat,2022,1.0,5.0,False,1
AOI-0038,2022-10-16,зерновые,0.2507150837107964,0.2061171980341534,0.04459788567664302,0.04459788567664302,s2,2022,1.0,3.0,False,1
AOI-0040,2022-07-08,зерновые,0.13945957217261934,0.1292095053260289,0.010250066846590439,0.010250066846590439,s2,2022,1.0,5.0,False,1
AOI-0040,2022-09-30,зерновые,0.3795867737684122,0.5337621243523317,-0.1541753505839195,0.1541753505839195,modis,2022,1.0,2.0,False,1
AOI-0041,2022-04-23,зерновые,0.5852793291519989,0.5113839066339068,0.07389542251809211,0.07389542251809211,modis,2022,1.0,4.0,False,1
AOI-0041,2022-06-22,зерновые,0.483915486384781,0.4847368587893198,-0.0008213724045388338,0.0008213724045388338,landsat,2022,1.0,2.0,False,1
AOI-0041,2022-09-30,зерновые,0.35803170232718473,0.3328519656019656,0.025179736725219115,0.025179736725219115,modis,2022,1.0,2.0,False,1
AOI-0043,2022-06-08,зерновые,0.2423284446042867,0.2394894175331867,0.0028390270711000087,0.0028390270711000087,landsat,2022,1.0,3.0,False,1
AOI-0045,2022-04-26,зерновые,0.7015420906616185,0.8201069585404078,-0.11856486787878928,0.11856486787878928,landsat,2022,1.0,2.0,False,1
AOI-0045,2022-06-29,зерновые,0.27554467679095196,0.3494854163299012,-0.07394073953894925,0.07394073953894925,landsat,2022,1.0,3.0,False,1
AOI-0045,2022-07-31,зерновые,0.1776056393753548,0.1399162451215897,0.03768939425376511,0.03768939425376511,s2,2022,1.0,8.0,False,1
AOI-0045,2022-08-13,зерновые,0.2711354679423449,0.3064880709736126,-0.03535260303126769,0.03535260303126769,modis,2022,3.0,13.0,False,1
AOI-0045,2022-08-15,зерновые,0.23885302713978668,0.2636875046477244,-0.024834477507937713,0.024834477507937713,s2,2022,5.0,13.0,False,2
AOI-0045,2022-08-16,зерновые,0.2754732807738606,0.2992802229917244,-0.023806942217863836,0.023806942217863836,landsat,2022,6.0,13.0,False,2
AOI-0045,2022-09-30,зерновые,0.3400412117950316,0.4567462238398544,-0.11670501204482281,0.11670501204482281,modis,2022,5.0,14.0,False,1
AOI-0048,2022-04-07,зерновые,0.3970241010248043,0.3781367482480804,0.018887352776723876,0.018887352776723876,s2,2022,3.0,8.0,False,1
AOI-0048,2022-05-09,зерновые,0.625419839569101,0.5323676367081753,0.09305220286092564,0.09305220286092564,modis,2022,1.0,3.0,False,1
AOI-0050,2022-05-25,озимая пшеница,0.5514243564180272,0.4676976437976892,0.08372671262033804,0.08372671262033804,s2,2022,1.0,6.0,False,1
AOI-0050,2022-08-13,озимая пшеница,0.7061647233071918,0.8088062969569403,-0.10264157364974846,0.10264157364974846,s2,2022,1.0,6.0,False,1
AOI-0050,2022-09-07,озимая пшеница,0.4794366785103368,0.6826638091815489,-0.20322713067121212,0.20322713067121212,landsat,2022,5.0,12.0,False,1
AOI-0050,2022-09-30,озимая пшеница,0.5584572174997091,0.6259480078992858,-0.06749079039957673,0.06749079039957673,landsat,2022,1.0,4.0,False,1
AOI-0050,2022-10-17,озимая пшеница,0.5305035281380835,0.5121664092526763,0.018337118885407233,0.018337118885407233,s2,2022,2.0,7.0,False,1
AOI-0052,2022-06-11,озимая пшеница,0.7709616623411801,0.8131437454482552,-0.04218208310707505,0.04218208310707505,landsat,2022,1.0,8.0,False,1
AOI-0052,2022-07-05,озимая пшеница,0.247695074405983,0.2598760280522859,-0.012180953646302867,0.012180953646302867,landsat,2022,1.0,5.0,False,1
AOI-0052,2022-08-22,озимая пшеница,0.23142268437144495,0.2704102065729069,-0.03898752220146193,0.03898752220146193,landsat,2022,1.0,5.0,False,1
AOI-0052,2022-09-06,озимая пшеница,0.19964836302750866,0.2295480891842372,-0.029899726156728534,0.029899726156728534,landsat,2022,1.0,5.0,False,1
AOI-0052,2022-09-14,озимая пшеница,0.24913331142012413,0.289517884095116,-0.04038457267499185,0.04038457267499185,modis,2022,3.0,10.0,False,1
AOI-0052,2022-10-17,озимая пшеница,0.24900685251857582,0.2301314288998164,0.018875423618759435,0.018875423618759435,s2,2022,2.0,7.0,False,1
AOI-0053,2022-04-23,озимая пшеница,0.6273527410726898,0.7429653298412175,-0.11561258876852776,0.11561258876852776,modis,2022,2.0,18.0,False,1
AOI-0053,2022-06-26,озимая пшеница,0.43832233988379216,0.4917717957112457,-0.05344945582745353,0.05344945582745353,modis,2022,2.0,5.0,False,1
AOI-0053,2022-07-28,озимая пшеница,0.36258901237771546,0.4543093515917409,-0.09172033921402545,0.09172033921402545,landsat,2022,1.0,5.0,False,1
AOI-0053,2022-08-29,озимая пшеница,0.3613170036659666,0.3188216402029791,0.04249536346298749,0.04249536346298749,modis,2022,1.0,2.0,False,1
AOI-0053,2022-09-07,озимая пшеница,0.23526418226038834,0.3687141943675077,-0.13345001210711935,0.13345001210711935,s2,2022,1.0,11.0,False,1
AOI-0053,2022-09-14,озимая пшеница,0.2783424927904068,0.2812641512522508,-0.002921658461844001,0.002921658461844001,modis,2022,3.0,11.0,False,1
AOI-0055,2022-05-09,озимая пшеница,0.5807806021555021,0.5134457806931862,0.06733482146231584,0.06733482146231584,landsat,2022,6.0,20.0,False,1
AOI-0055,2022-07-04,озимая пшеница,0.5349283162877033,0.5285886987547052,0.006339617532998165,0.006339617532998165,s2,2022,4.0,9.0,False,2
AOI-0055,2022-07-05,озимая пшеница,0.5655873362276311,0.5598545709811962,0.0057327652464349566,0.0057327652464349566,landsat,2022,4.0,9.0,False,2
AOI-0055,2022-09-14,озимая пшеница,0.4961732990753692,0.4751,0.0210732990753692,0.0210732990753692,modis,2022,3.0,15.0,False,1
AOI-0056,2022-04-23,озимая пшеница,0.7712642554235616,0.7711244502422661,0.000139805181295527,0.000139805181295527,modis,2022,2.0,18.0,False,1
AOI-0056,2022-06-10,озимая пшеница,0.7729928460123766,0.839047946137927,-0.06605510012555038,0.06605510012555038,landsat,2022,1.0,8.0,False,1
AOI-0056,2022-06-19,озимая пшеница,0.6179303369850955,0.7201322855578776,-0.10220194857278209,0.10220194857278209,s2,2022,1.0,8.0,False,1
AOI-0056,2022-09-06,озимая пшеница,0.2429041191313457,0.2451546352879154,-0.002250516156569682,0.002250516156569682,landsat,2022,1.0,5.0,False,1
AOI-0060,2022-07-04,озимая пшеница,0.28590041747095807,0.3510571317139416,-0.06515671424298353,0.06515671424298353,landsat,2022,4.0,9.0,False,2
AOI-0060,2022-07-05,озимая пшеница,0.32589814016751817,0.3211502350671202,0.004747905100397964,0.004747905100397964,landsat,2022,4.0,9.0,False,2
AOI-0060,2022-07-21,озимая пшеница,0.27269701652914463,0.3032895763702846,-0.030592559841139955,0.030592559841139955,landsat,2022,1.0,2.0,False,1
AOI-0060,2022-08-05,озимая пшеница,0.3598249747036333,0.5150460935177062,-0.15522111881407297,0.15522111881407297,landsat,2022,2.0,5.0,False,1
AOI-0060,2022-08-29,озимая пшеница,0.27177094773868476,0.3834932059447983,-0.11172225820611353,0.11172225820611353,modis,2022,1.0,5.0,False,2
AOI-0060,2022-08-30,озимая пшеница,0.18916032505841934,0.2578763302740445,-0.06871600521562515,0.06871600521562515,landsat,2022,2.0,5.0,False,2
AOI-0063,2022-04-23,озимая пшеница,0.5257064408093731,0.5138666880204996,0.011839752788873503,0.011839752788873503,modis,2022,2.0,8.0,False,1
AOI-0063,2022-05-25,озимая пшеница,0.7754609619024143,0.8111210442024346,-0.03566008230002027,0.03566008230002027,modis,2022,2.0,5.0,False,1
AOI-0063,2022-06-30,озимая пшеница,0.374714826991697,0.3352245665296613,0.03949026046203569,0.03949026046203569,landsat,2022,1.0,2.0,False,1
AOI-0063,2022-07-06,озимая пшеница,0.2635201909855433,0.2517700716433297,0.011750119342213594,0.011750119342213594,s2,2022,2.0,5.0,False,1
AOI-0063,2022-07-22,озимая пшеница,0.28680617445434486,0.3001163047759276,-0.013310130321582736,0.013310130321582736,landsat,2022,1.0,3.0,False,1
AOI-0063,2022-08-23,озимая пшеница,0.20863523059291844,0.2236097747539612,-0.014974544161042769,0.014974544161042769,s2,2022,2.0,10.0,False,1
AOI-0063,2022-09-14,озимая пшеница,0.2623402620028889,0.1439423966272303,0.1183978653756586,0.1183978653756586,s2,2022,2.0,7.0,False,1
AOI-0064,2022-04-23,озимая пшеница,0.6666775780906211,0.5433487743557511,0.12332880373486999,0.12332880373486999,modis,2022,2.0,8.0,False,1
AOI-0064,2022-06-26,озимая пшеница,0.5361206188882457,0.607907144353656,-0.07178652546541031,0.07178652546541031,modis,2022,3.0,8.0,False,1
AOI-0064,2022-08-31,озимая пшеница,0.22699667753077465,0.2652466502719334,-0.03824997274115874,0.03824997274115874,landsat,2022,1.0,2.0,False,1
AOI-0065,2022-06-04,озимая пшеница,0.8836595948303967,0.8358767381236049,0.04778285670679183,0.04778285670679183,s2,2022,2.0,5.0,False,1
AOI-0065,2022-06-08,озимая пшеница,0.8627827408101224,0.8921146702703084,-0.029331929460186035,0.029331929460186035,landsat,2022,1.0,3.0,False,1
AOI-0065,2022-06-26,озимая пшеница,0.550747730418908,0.4309897417374029,0.11975798868150511,0.11975798868150511,modis,2022,3.0,9.0,False,1
AOI-0065,2022-08-07,озимая пшеница,0.2189911265348524,0.2464327224915238,-0.027441595956671394,0.027441595956671394,landsat,2022,1.0,3.0,False,1
AOI-0065,2022-09-14,озимая пшеница,0.23992856847620928,0.2074029587612533,0.032525609714955966,0.032525609714955966,s2,2022,2.0,7.0,False,1
AOI-0065,2022-09-30,озимая пшеница,0.26029999833580125,0.266267328878454,-0.005967330542652749,0.005967330542652749,modis,2022,1.0,3.0,False,1
AOI-0069,2022-04-23,зерновые,0.4338724779352957,0.4878921470503322,-0.05401966911503647,0.05401966911503647,modis,2022,2.0,8.0,False,1
AOI-0069,2022-05-25,зерновые,0.5630931242074843,0.6461523818689252,-0.08305925766144096,0.08305925766144096,modis,2022,2.0,10.0,False,1
AOI-0069,2022-05-28,зерновые,0.528440701988594,0.6532053914475309,-0.12476468945893682,0.12476468945893682,landsat,2022,1.0,5.0,False,1
AOI-0069,2022-06-10,зерновые,0.6000853172284645,0.5722930805504767,0.027792236677987803,0.027792236677987803,modis,2022,1.0,3.0,False,1
AOI-0069,2022-06-26,зерновые,0.4979714767541283,0.3191724858050236,0.17879899094910467,0.17879899094910467,modis,2022,2.0,7.0,False,1
AOI-0069,2022-07-06,зерновые,0.3042416546045315,0.3054367575371632,-0.0011951029326316975,0.0011951029326316975,s2,2022,1.0,6.0,False,1
AOI-0069,2022-08-07,зерновые,0.17666786443441154,0.207181495058602,-0.030513630624190463,0.030513630624190463,landsat,2022,1.0,8.0,False,1
AOI-0069,2022-09-01,зерновые,0.16129917692172518,0.1530021574646272,0.008297019457097987,0.008297019457097987,landsat,2022,1.0,8.0,False,1
AOI-0069,2022-09-14,зерновые,0.24560118425966931,0.2350023096910787,0.010598874568590627,0.010598874568590627,modis,2022,5.0,20.0,False,1
AOI-0069,2022-09-25,зерновые,0.2601740399350167,0.2353516731581305,0.024822366776886207,0.024822366776886207,landsat,2022,4.0,20.0,False,1
AOI-0070,2022-05-25,зерновые,0.4762070280324535,0.4320167501436898,0.04419027788876373,0.04419027788876373,modis,2022,2.0,10.0,False,1
AOI-0070,2022-06-10,зерновые,0.43371335928877564,0.4097245668774118,0.023988792411363813,0.023988792411363813,modis,2022,1.0,3.0,False,1
AOI-0070,2022-07-12,зерновые,0.41859618969060347,0.3973278193198908,0.021268370370712664,0.021268370370712664,landsat,2022,3.0,8.0,False,1
AOI-0070,2022-08-24,зерновые,0.41199857121348193,0.4291853024811676,-0.017186731267685662,0.017186731267685662,landsat,2022,1.0,2.0,False,1
AOI-0070,2022-08-31,зерновые,0.35096274630846774,0.4156887891493407,-0.06472604284087297,0.06472604284087297,landsat,2022,1.0,2.0,False,1
AOI-0070,2022-09-25,зерновые,0.3997705555769108,0.5886489919738198,-0.188878436396909,0.188878436396909,landsat,2022,4.0,15.0,False,1
AOI-0071,2022-05-25,зерновые,0.41287260155967553,0.5229056818181818,-0.11003308025850622,0.11003308025850622,modis,2022,2.0,15.0,False,1
AOI-0071,2022-06-26,зерновые,0.35986969517068196,0.3937988636363636,-0.03392916846568167,0.03392916846568167,modis,2022,2.0,7.0,False,1
AOI-0071,2022-07-06,зерновые,0.3059692168325368,0.3268947941081592,-0.020925577275622387,0.020925577275622387,s2,2022,5.0,14.0,False,2
AOI-0071,2022-07-07,зерновые,0.34885298258055436,0.3502258199285063,-0.0013728373479519607,0.0013728373479519607,landsat,2022,6.0,14.0,False,2
AOI-0071,2022-07-12,зерновые,0.40253169956885493,0.3851448139372352,0.01738688563161972,0.01738688563161972,landsat,2022,3.0,14.0,False,1
AOI-0071,2022-08-13,зерновые,0.42282836930476186,0.4175,0.005328369304761882,0.005328369304761882,modis,2022,2.0,5.0,False,1
AOI-0071,2022-08-23,зерновые,0.3695651046445836,0.4158163134096148,-0.04625120876503119,0.04625120876503119,landsat,2022,2.0,9.0,False,2
AOI-0071,2022-08-24,зерновые,0.3915298255812753,0.3980837078247805,-0.006553882243505171,0.006553882243505171,landsat,2022,1.0,9.0,False,2
AOI-0071,2022-08-29,зерновые,0.4060277798566198,0.3288022727272728,0.077225507129347,0.077225507129347,modis,2022,1.0,3.0,False,1
AOI-0075,2022-04-07,озимая пшеница,0.24333246804287995,0.2282019010316266,0.015130567011253343,0.015130567011253343,landsat,2022,1.0,inf,True,1
AOI-0075,2022-07-12,озимая пшеница,0.4898401471677179,0.525936120527467,-0.03609597335974907,0.03609597335974907,s2,2022,5.0,10.0,False,1
AOI-0075,2022-08-21,озимая пшеница,0.7101640328635311,0.7793783021445987,-0.06921426928106755,0.06921426928106755,s2,2022,2.0,5.0,False,1
AOI-0075,2022-08-30,озимая пшеница,0.45894267961901225,0.7088916392327446,-0.2499489596137323,0.2499489596137323,landsat,2022,1.0,2.0,False,1
AOI-0076,2022-05-01,озимая пшеница,0.2875245581290825,0.3156727348359047,-0.02814817670682218,0.02814817670682218,landsat,2022,2.0,5.0,False,1
AOI-0076,2022-05-25,озимая пшеница,0.44436743691110503,0.5845141176470589,-0.14014668073595382,0.14014668073595382,modis,2022,2.0,7.0,False,1
AOI-0076,2022-08-21,озимая пшеница,0.8053781440833802,0.7520663254115973,0.05331181867178281,0.05331181867178281,s2,2022,2.0,10.0,False,1
AOI-0077,2022-05-09,озимая пшеница,0.5013695870632365,0.3538798732566557,0.14748971380658082,0.14748971380658082,landsat,2022,1.0,2.0,False,1
AOI-0077,2022-06-06,озимая пшеница,0.32185928854331397,0.4069814663898345,-0.08512217784652054,0.08512217784652054,landsat,2022,2.0,5.0,False,1
AOI-0077,2022-07-12,озимая пшеница,0.4636798519891571,0.4441281768266963,0.019551675162460813,0.019551675162460813,s2,2022,3.0,8.0,False,1
AOI-0077,2022-08-30,озимая пшеница,0.6561903452849284,0.7203647248514788,-0.06417437956655048,0.06417437956655048,landsat,2022,1.0,2.0,False,1
AOI-0077,2022-09-11,озимая пшеница,0.6503676773392674,0.6265945201242351,0.02377315721503226,0.02377315721503226,landsat,2022,1.0,4.0,False,1
AOI-0002,2023-06-26,озимая пшеница,0.6890793046059762,0.7352556563245823,-0.04617635171860612,0.04617635171860612,modis,2023,2.0,10.0,False,1
AOI-0002,2023-08-13,озимая пшеница,0.5292135775000772,0.5799897660027171,-0.050776188502639874,0.050776188502639874,s2,2023,4.0,8.0,False,1
AOI-0003,2023-05-06,озимая пшеница,0.8498678608388142,0.8400678401273266,0.009800020711487556,0.009800020711487556,landsat,2023,1.0,4.0,False,1
AOI-0003,2023-07-15,озимая пшеница,0.2913470748281387,0.1966949480794482,0.0946521267486905,0.0946521267486905,landsat,2023,1.0,2.0,False,1
AOI-0003,2023-08-23,озимая пшеница,0.1820897905937707,0.1939750916724526,-0.011885301078681909,0.011885301078681909,s2,2023,2.0,5.0,False,1
AOI-0004,2023-04-23,озимая пшеница,0.6840778106895439,0.7643779062380892,-0.08030009554854534,0.08030009554854534,modis,2023,4.0,17.0,False,1
AOI-0004,2023-05-25,озимая пшеница,0.7924868256747487,0.8294411256511243,-0.03695429997637556,0.03695429997637556,modis,2023,5.0,17.0,False,1
AOI-0004,2023-07-12,озимая пшеница,0.6334376509282063,0.6677679202134419,-0.03433026928523564,0.03433026928523564,modis,2023,2.0,5.0,False,1
AOI-0004,2023-09-14,озимая пшеница,0.4536862753880201,0.4310521661796468,0.022634109208373276,0.022634109208373276,modis,2023,2.0,5.0,False,1
AOI-0007,2023-06-26,озимая пшеница,0.8012031842778946,0.8674815319223621,-0.0662783476444675,0.0662783476444675,s2,2023,2.0,6.0,False,1
AOI-0007,2023-07-28,озимая пшеница,0.7128398737749893,0.6553981199641901,0.05744175381079919,0.05744175381079919,modis,2023,1.0,2.0,False,1
AOI-0007,2023-08-13,озимая пшеница,0.46572839318158266,0.2701586039758524,0.19556978920573026,0.19556978920573026,s2,2023,2.0,7.0,False,1
AOI-0007,2023-09-11,озимая пшеница,0.23683082822102755,0.2510765487187362,-0.014245720497708642,0.014245720497708642,landsat,2023,1.0,5.0,False,1
AOI-0008,2023-08-13,озимая пшеница,0.2197423570162066,0.3218863636363637,-0.1021440066201571,0.1021440066201571,modis,2023,2.0,7.0,False,1
AOI-0008,2023-09-30,озимая пшеница,0.2995606510697315,0.2766066115702479,0.022954039499483603,0.022954039499483603,modis,2023,1.0,3.0,False,1
AOI-0008,2023-10-16,озимая пшеница,0.3123777148880025,0.3492128099173553,-0.03683509502935284,0.03683509502935284,modis,2023,2.0,5.0,False,1
AOI-0011,2023-04-07,озимая пшеница,0.6560534325821665,0.7245701754385965,-0.06851674285642995,0.06851674285642995,modis,2023,3.0,8.0,False,1
AOI-0011,2023-04-23,озимая пшеница,0.7657738452152201,0.8186172049441789,-0.052843359728958816,0.052843359728958816,modis,2023,4.0,17.0,False,1
AOI-0011,2023-07-12,озимая пшеница,0.333945574007677,0.3555796650717704,-0.02163409106409342,0.02163409106409342,modis,2023,2.0,5.0,False,1
AOI-0011,2023-09-30,озимая пшеница,0.3246957788878536,0.3147188397129187,0.009976939174934918,0.009976939174934918,modis,2023,1.0,3.0,False,1
AOI-0015,2023-05-27,озимая пшеница,0.3322764848613133,0.1015337459569307,0.23074273890438257,0.23074273890438257,s2,2023,2.0,12.0,False,1
AOI-0015,2023-06-07,озимая пшеница,0.414827929267914,0.2947365923317574,0.12009133693615659,0.12009133693615659,landsat,2023,1.0,4.0,False,1
AOI-0015,2023-07-05,озимая пшеница,0.7175885707328407,0.8081091915142155,-0.0905206207813748,0.0905206207813748,landsat,2023,1.0,2.0,False,1
AOI-0015,2023-07-15,озимая пшеница,0.8076873419517194,0.4350614099104601,0.3726259320412593,0.3726259320412593,landsat,2023,1.0,2.0,False,1
AOI-0015,2023-07-21,озимая пшеница,0.7825146567681801,0.7262515469215733,0.05626310984660676,0.05626310984660676,s2,2023,3.0,7.0,False,1
AOI-0015,2023-09-07,озимая пшеница,0.2839638768835907,0.2504562110867424,0.03350766579684833,0.03350766579684833,s2,2023,4.0,8.0,False,1
AOI-0015,2023-10-16,озимая пшеница,0.24676671197877065,0.1717344264015002,0.07503228557727046,0.07503228557727046,landsat,2023,1.0,3.0,False,1
AOI-0019,2023-05-25,подсолнечник,0.7046624998204176,0.7212688785548205,-0.01660637873440285,0.01660637873440285,modis,2023,2.0,10.0,False,1
AOI-0019,2023-06-15,подсолнечник,0.7227349206739797,0.7977961593090253,-0.07506123863504555,0.07506123863504555,landsat,2023,1.0,5.0,False,1
AOI-0019,2023-06-30,подсолнечник,0.6102753445540636,0.7789985632344676,-0.16872321868040396,0.16872321868040396,landsat,2023,1.0,5.0,False,1
AOI-0019,2023-07-14,подсолнечник,0.559708875369343,0.5502929135503566,0.009415961818986407,0.009415961818986407,s2,2023,2.0,4.0,False,1
AOI-0019,2023-09-24,подсолнечник,0.2117591725181945,0.1862591109047032,0.025500061613491304,0.025500061613491304,s2,2023,2.0,4.0,False,1
AOI-0020,2023-04-23,подсолнечник,0.46107171680942677,0.3902977488568414,0.07077396795258539,0.07077396795258539,modis,2023,4.0,16.0,False,1
AOI-0020,2023-07-12,подсолнечник,0.7526228789261662,0.776932465705241,-0.0243095867790748,0.0243095867790748,modis,2023,2.0,5.0,False,1
AOI-0020,2023-07-21,подсолнечник,0.7633206681794326,0.7981553843281384,-0.03483471614870581,0.03483471614870581,s2,2023,3.0,8.0,False,1
AOI-0020,2023-07-29,подсолнечник,0.7394435013029652,0.7862501345947277,-0.04680663329176249,0.04680663329176249,s2,2023,1.0,3.0,False,1
AOI-0021,2023-05-27,подсолнечник,0.311472559121404,0.1648850910911838,0.14658746803022019,0.14658746803022019,s2,2023,2.0,12.0,False,1
AOI-0021,2023-07-06,подсолнечник,0.7132187794394476,0.7743554377621581,-0.061136658322710535,0.061136658322710535,s2,2023,1.0,4.0,False,1
AOI-0021,2023-07-29,подсолнечник,0.7253974215751853,0.8187176672730966,-0.09332024569791131,0.09332024569791131,s2,2023,1.0,3.0,False,1
AOI-0021,2023-08-30,подсолнечник,0.33902267279288356,0.3341541751992567,0.0048684975936268415,0.0048684975936268415,s2,2023,1.0,4.0,False,1
AOI-0021,2023-09-24,подсолнечник,0.27557289060131107,0.2444014534237269,0.031171437177584166,0.031171437177584166,s2,2023,2.0,4.0,False,1
AOI-0022,2023-05-06,подсолнечник,0.8692288031616847,0.7976735362387758,0.07155526692290892,0.07155526692290892,landsat,2023,1.0,4.0,False,1
AOI-0022,2023-05-25,подсолнечник,0.8250191797441163,0.7931880327309923,0.03183114701312406,0.03183114701312406,modis,2023,2.0,7.0,False,1
AOI-0022,2023-07-21,подсолнечник,0.17618163954417176,0.1641717381730622,0.012009901371109577,0.012009901371109577,s2,2023,3.0,8.0,False,1
AOI-0022,2023-09-24,подсолнечник,0.1840742681775892,0.1625076643437067,0.02156660383388251,0.02156660383388251,s2,2023,2.0,4.0,False,1
AOI-0022,2023-09-30,подсолнечник,0.27939544493947704,0.251083971291866,0.028311473647611052,0.028311473647611052,modis,2023,1.0,3.0,False,1
AOI-0023,2023-04-17,подсолнечник,0.2606852953916381,0.2277973308749496,0.03288796451668849,0.03288796451668849,s2,2023,6.0,12.0,False,1
AOI-0023,2023-07-05,подсолнечник,0.8150955292181394,0.8152160165267652,-0.00012048730862579404,0.00012048730862579404,landsat,2023,1.0,6.0,False,1
AOI-0023,2023-07-14,подсолнечник,0.7468813821017487,0.8612339380459397,-0.11435255594419103,0.11435255594419103,s2,2023,2.0,4.0,False,1
AOI-0023,2023-08-30,подсолнечник,0.25355717221573054,0.2456409159897678,0.007916256225962731,0.007916256225962731,s2,2023,1.0,5.0,False,1
AOI-0023,2023-10-17,подсолнечник,0.165325204810847,0.161815899307946,0.0035093055029010167,0.0035093055029010167,s2,2023,1.0,3.0,False,1
AOI-0026,2023-04-07,озимая пшеница,0.8597362045036281,0.7984857545574139,0.0612504499462142,0.0612504499462142,modis,2023,4.0,inf,True,1
AOI-0026,2023-05-09,озимая пшеница,0.8234532129033046,0.8791182484495399,-0.05566503554623525,0.05566503554623525,modis,2023,4.0,8.0,False,1
AOI-0026,2023-07-12,озимая пшеница,0.35578576106677035,0.3436758128171398,0.01210994824963052,0.01210994824963052,modis,2023,3.0,11.0,False,1
AOI-0026,2023-09-30,озимая пшеница,0.4505332239105305,0.5054973313286977,-0.05496410741816715,0.05496410741816715,modis,2023,1.0,3.0,False,1
AOI-0027,2023-07-12,озимая пшеница,0.39764263022704166,0.4521216599190283,-0.05447902969198665,0.05447902969198665,modis,2023,3.0,11.0,False,1
AOI-0027,2023-10-16,озимая пшеница,0.2225075130986521,0.4159106835691225,-0.19340317047047037,0.19340317047047037,landsat,2023,4.0,14.0,False,1
AOI-0030,2023-06-10,озимая пшеница,0.7629058087435728,0.757841659951652,0.005064148791920853,0.005064148791920853,modis,2023,1.0,10.0,False,1
AOI-0033,2023-06-10,пастбища/зерновые,0.296445610311886,0.2978482272948033,-0.0014026169829173263,0.0014026169829173263,modis,2023,1.0,7.0,False,1
AOI-0035,2023-05-16,пастбища/зерновые,0.6329941623644085,0.6915527303918668,-0.05855856802745829,0.05855856802745829,landsat,2023,1.0,2.0,False,1
AOI-0035,2023-06-10,пастбища/зерновые,0.5253762206149202,0.5161273343605547,0.009248886254365485,0.009248886254365485,modis,2023,1.0,4.0,False,1
AOI-0035,2023-09-26,пастбища/зерновые,0.19009526963867326,0.1631198605245102,0.026975409114163074,0.026975409114163074,landsat,2023,2.0,5.0,False,1
AOI-0035,2023-09-28,пастбища/зерновые,0.18490276221852037,0.1946576550058236,-0.009754892787303238,0.009754892787303238,landsat,2023,1.0,5.0,False,1
AOI-0035,2023-10-30,пастбища/зерновые,0.19292286003817438,0.1876905588788311,0.005232301159343283,0.005232301159343283,landsat,2023,1.0,inf,True,1
AOI-0037,2023-04-07,зерновые,0.4926439035885049,0.3739797480294848,0.1186641555590201,0.1186641555590201,s2,2023,2.0,7.0,False,1
AOI-0037,2023-06-30,зерновые,0.4946130220742479,0.4998142159734348,-0.0052011938991868845,0.0052011938991868845,landsat,2023,2.0,4.0,False,1
AOI-0037,2023-07-23,зерновые,0.3292284461924131,0.1406103610806604,0.18861808511175268,0.18861808511175268,s2,2023,1.0,4.0,False,1
AOI-0037,2023-09-26,зерновые,0.29619648655335706,0.2624411127802986,0.033755373773058484,0.033755373773058484,s2,2023,2.0,4.0,False,1
AOI-0037,2023-09-30,зерновые,0.35225720483700035,0.3677510771992819,-0.015493872362281558,0.015493872362281558,modis,2023,1.0,2.0,False,1
AOI-0038,2023-04-07,зерновые,0.5019608936306023,0.3260021823547582,0.17595871127584406,0.17595871127584406,s2,2023,2.0,7.0,False,1
AOI-0038,2023-10-16,зерновые,0.36629674369327225,0.3513210761081682,0.014975667585104047,0.014975667585104047,modis,2023,1.0,4.0,False,1
AOI-0040,2023-04-03,зерновые,0.6622018389139728,0.76994314128805,-0.1077413023740772,0.1077413023740772,landsat,2023,1.0,inf,True,1
AOI-0040,2023-09-12,зерновые,0.15866623212956832,0.1927836316799379,-0.034117399550369576,0.034117399550369576,landsat,2023,2.0,13.0,False,1
AOI-0040,2023-09-28,зерновые,0.17295869402238886,0.1741770855741031,-0.001218391551714243,0.001218391551714243,landsat,2023,1.0,3.0,False,1
AOI-0040,2023-09-30,зерновые,0.2538736910376654,0.2309032124352332,0.022970478602432176,0.022970478602432176,modis,2023,1.0,2.0,False,1
AOI-0041,2023-04-23,зерновые,0.6080489500624279,0.5399004914004915,0.06814845866193642,0.06814845866193642,modis,2023,4.0,10.0,False,1
AOI-0041,2023-08-19,зерновые,0.29175282268828373,0.3110433830503164,-0.019290560362032694,0.019290560362032694,landsat,2023,1.0,2.0,False,1
AOI-0041,2023-09-30,зерновые,0.3759236226677486,0.4104218673218674,-0.034498244654118826,0.034498244654118826,modis,2023,1.0,2.0,False,1
AOI-0043,2023-06-08,зерновые,0.7503118736244179,0.8560958052535637,-0.10578393162914579,0.10578393162914579,landsat,2023,1.0,3.0,False,1
AOI-0043,2023-06-15,зерновые,0.6565668185016015,0.7475678960358569,-0.09100107753425546,0.09100107753425546,landsat,2023,1.0,6.0,False,1
AOI-0043,2023-09-24,зерновые,0.18399987178167748,0.1613290471589811,0.022670824622696373,0.022670824622696373,s2,2023,2.0,5.0,False,1
AOI-0045,2023-06-15,зерновые,0.23175124924765644,0.2432165279751963,-0.011465278727539857,0.011465278727539857,landsat,2023,1.0,6.0,False,1
AOI-0045,2023-07-31,зерновые,0.16030772717102404,0.0703725358460844,0.08993519132493964,0.08993519132493964,s2,2023,1.0,4.0,False,1
AOI-0045,2023-08-13,зерновые,0.17986106752280037,0.2390065423111919,-0.05914547478839152,0.05914547478839152,modis,2023,2.0,7.0,False,1
AOI-0045,2023-08-15,зерновые,0.15310710344198913,0.1458132040311234,0.007293899410865723,0.007293899410865723,s2,2023,3.0,7.0,False,1
AOI-0045,2023-09-30,зерновые,0.2693745028745481,0.3080219654231119,-0.03864746254856377,0.03864746254856377,modis,2023,1.0,5.0,False,1
AOI-0048,2023-04-07,зерновые,0.6185349230446084,0.7605375879805091,-0.14200266493590064,0.14200266493590064,modis,2023,3.0,19.0,False,1
AOI-0048,2023-05-09,зерновые,0.8121125098829485,0.8889451136978886,-0.07683260381494017,0.07683260381494017,modis,2023,3.0,6.0,False,1
AOI-0048,2023-09-24,зерновые,0.21681836054096057,0.1968544330778628,0.019963927463097775,0.019963927463097775,s2,2023,3.0,7.0,False,1
AOI-0050,2023-05-25,озимая пшеница,0.6879623078008608,0.6726037735849058,0.015358534215955011,0.015358534215955011,modis,2023,3.0,8.0,False,1
AOI-0050,2023-08-09,озимая пшеница,0.4118486158953053,0.4287845010146252,-0.01693588511931987,0.01693588511931987,landsat,2023,1.0,8.0,False,1
AOI-0050,2023-08-13,озимая пшеница,0.4003168738962593,0.381967214992839,0.01834965890342033,0.01834965890342033,s2,2023,3.0,8.0,False,1
AOI-0050,2023-08-17,озимая пшеница,0.4254398596742844,0.4360615441957773,-0.010621684521492925,0.010621684521492925,landsat,2023,1.0,2.0,False,1
AOI-0050,2023-09-07,озимая пшеница,0.3905766283372125,0.3267375367115058,0.06383909162570672,0.06383909162570672,s2,2023,5.0,10.0,False,1
AOI-0050,2023-09-30,озимая пшеница,0.3982863781860439,0.4255056603773584,-0.027219282191314476,0.027219282191314476,modis,2023,1.0,3.0,False,1
AOI-0050,2023-10-17,озимая пшеница,0.28580459594238955,0.3682457440959292,-0.08244114815353965,0.08244114815353965,s2,2023,1.0,3.0,False,1
AOI-0052,2023-09-14,озимая пшеница,0.27610430913259615,0.2811617186387585,-0.005057409506162347,0.005057409506162347,modis,2023,2.0,5.0,False,1
AOI-0052,2023-10-17,озимая пшеница,0.1427188681954841,0.127257420999505,0.015461447195979111,0.015461447195979111,s2,2023,1.0,3.0,False,1
AOI-0053,2023-04-23,озимая пшеница,0.7834548111064137,0.7907526763791131,-0.007297865272699378,0.007297865272699378,modis,2023,3.0,8.0,False,1
AOI-0053,2023-06-26,озимая пшеница,0.4854399912575021,0.5461469798657719,-0.060706988608269785,0.060706988608269785,modis,2023,2.0,5.0,False,1
AOI-0053,2023-07-28,озимая пшеница,0.3483300270911489,0.3447234571943035,0.003606569896845435,0.003606569896845435,modis,2023,3.0,11.0,False,1
AOI-0053,2023-08-09,озимая пшеница,0.22729635446352853,0.2589053063015367,-0.03160895183800816,0.03160895183800816,landsat,2023,1.0,5.0,False,1
AOI-0053,2023-08-29,озимая пшеница,0.26726405349847354,0.2816357669012931,-0.014371713402819564,0.014371713402819564,modis,2023,1.0,5.0,False,1
AOI-0053,2023-09-01,озимая пшеница,0.18220094608860535,0.2252603191076042,-0.04305937301899884,0.04305937301899884,landsat,2023,1.0,5.0,False,1
AOI-0053,2023-09-07,озимая пшеница,0.1641629277878724,0.15974477552108,0.004418152266792402,0.004418152266792402,s2,2023,5.0,10.0,False,1
AOI-0053,2023-09-14,озимая пшеница,0.21453098613109745,0.2475731543624161,-0.03304216823131864,0.03304216823131864,modis,2023,2.0,5.0,False,1
AOI-0053,2023-09-26,озимая пшеница,0.1840752543965562,0.1991129091469092,-0.015037654750353013,0.015037654750353013,landsat,2023,1.0,2.0,False,1
AOI-0055,2023-05-09,озимая пшеница,0.628830534731562,0.5820000000000001,0.04683053473156196,0.04683053473156196,modis,2023,3.0,7.0,False,1
AOI-0055,2023-07-04,озимая пшеница,0.5448151703543299,0.5629660859036425,-0.018150915549312585,0.018150915549312585,s2,2023,3.0,7.0,False,1
AOI-0055,2023-08-17,озимая пшеница,0.49529802942355633,0.4999266737654913,-0.004628644341934995,0.004628644341934995,landsat,2023,1.0,2.0,False,1
AOI-0055,2023-09-14,озимая пшеница,0.44368742710464626,0.4649,-0.02121257289535372,0.02121257289535372,modis,2023,2.0,5.0,False,1
AOI-0055,2023-09-22,озимая пшеница,0.39577932746071237,0.3874060104333,0.008373317027412397,0.008373317027412397,s2,2023,2.0,6.0,False,1
AOI-0056,2023-04-23,озимая пшеница,0.6076015148026694,0.6066456951174058,0.0009558196852635925,0.0009558196852635925,modis,2023,3.0,8.0,False,1
AOI-0056,2023-06-10,озимая пшеница,0.6355297087425477,0.705456764815505,-0.06992705607295735,0.06992705607295735,modis,2023,4.0,12.0,False,1
AOI-0056,2023-06-19,озимая пшеница,0.704225448267175,0.7273025028893629,-0.023077054622187898,0.023077054622187898,s2,2023,1.0,3.0,False,1
AOI-0056,2023-08-09,озимая пшеница,0.46570985028340184,0.4791811467283891,-0.013471296444987235,0.013471296444987235,landsat,2023,1.0,5.0,False,1
AOI-0056,2023-10-16,озимая пшеница,0.28943493306147816,0.3030937010808795,-0.013658768019401357,0.013658768019401357,modis,2023,1.0,5.0,False,1
AOI-0060,2023-07-04,озимая пшеница,0.6153361360279413,0.4467966703118719,0.16853946571606943,0.16853946571606943,s2,2023,3.0,7.0,False,1
AOI-0060,2023-08-29,озимая пшеница,0.6165870615569853,0.4177,0.19888706155698527,0.19888706155698527,modis,2023,1.0,5.0,False,1
AOI-0063,2023-04-23,озимая пшеница,0.8309226773313536,0.8608408712363869,-0.029918193905033252,0.029918193905033252,modis,2023,2.0,8.0,False,1
AOI-0063,2023-05-06,озимая пшеница,0.8692248162134264,0.8899861099183549,-0.02076129370492852,0.02076129370492852,landsat,2023,1.0,4.0,False,1
AOI-0063,2023-05-25,озимая пшеница,0.8379107601955773,0.8731797405509293,-0.035268980355351975,0.035268980355351975,modis,2023,8.0,20.0,False,1
AOI-0063,2023-06-30,озимая пшеница,0.475249828760568,0.4618796049359404,0.013370223824627603,0.013370223824627603,landsat,2023,1.0,5.0,False,1
AOI-0063,2023-07-06,озимая пшеница,0.3293795893164585,0.2859153112009807,0.04346427811547782,0.04346427811547782,s2,2023,1.0,7.0,False,1
AOI-0063,2023-08-23,озимая пшеница,0.18806590646410917,0.1764978180342225,0.011568088429886686,0.011568088429886686,s2,2023,2.0,5.0,False,1
AOI-0063,2023-09-14,озимая пшеница,0.22280502228196614,0.1557794291825781,0.06702559309938805,0.06702559309938805,s2,2023,2.0,5.0,False,1
AOI-0064,2023-04-23,озимая пшеница,0.4768690038057463,0.5922146029750682,-0.11534559916932191,0.11534559916932191,modis,2023,2.0,8.0,False,1
AOI-0064,2023-06-26,озимая пшеница,0.7670700141241148,0.7642700393404062,0.0027999747837086364,0.0027999747837086364,s2,2023,2.0,5.0,False,1
AOI-0064,2023-10-13,озимая пшеница,0.18405319237208587,0.207076340518188,-0.023023148146102124,0.023023148146102124,landsat,2023,1.0,2.0,False,1
AOI-0065,2023-06-08,озимая пшеница,0.7912188355516829,0.8170354455226077,-0.02581660997092472,0.02581660997092472,landsat,2023,1.0,3.0,False,1
AOI-0065,2023-06-26,озимая пшеница,0.5857163273783234,0.5184562807406644,0.06726004663765894,0.06726004663765894,s2,2023,2.0,5.0,False,1
AOI-0065,2023-09-14,озимая пшеница,0.28071009349161236,0.2236784632794004,0.05703163021221194,0.05703163021221194,s2,2023,2.0,5.0,False,1
AOI-0065,2023-09-30,озимая пшеница,0.3139015991161722,0.28192607661823,0.03197552249794222,0.03197552249794222,modis,2023,1.0,5.0,False,1
AOI-0069,2023-04-23,зерновые,0.72196985643496,0.6766531902608028,0.045316666174157194,0.045316666174157194,modis,2023,4.0,10.0,False,1
AOI-0069,2023-05-25,зерновые,0.6785073669101865,0.5585188336060051,0.11998853330418147,0.11998853330418147,modis,2023,6.0,14.0,False,1
AOI-0069,2023-06-10,зерновые,0.4671201842872563,0.4287279665094794,0.038392217777776905,0.038392217777776905,modis,2023,2.0,7.0,False,1
AOI-0069,2023-06-25,зерновые,0.2290236433738844,0.1929923664110657,0.03603127696281869,0.03603127696281869,landsat,2023,1.0,6.0,False,2
AOI-0069,2023-06-26,зерновые,0.21025359499014745,0.1355617481266908,0.07469184686345665,0.07469184686345665,s2,2023,2.0,6.0,False,2
AOI-0069,2023-07-05,зерновые,0.1931022099305037,0.1472529011266855,0.04584930880381821,0.04584930880381821,landsat,2023,3.0,7.0,False,2
AOI-0069,2023-07-06,зерновые,0.14031517442230768,0.121825514297959,0.018489660124348675,0.018489660124348675,s2,2023,3.0,7.0,False,2
AOI-0069,2023-07-22,зерновые,0.1924074546949981,0.1393504742618965,0.053056980433101586,0.053056980433101586,landsat,2023,1.0,4.0,False,1
AOI-0069,2023-09-14,зерновые,0.2118037647569388,0.1465783693674329,0.06522539538950589,0.06522539538950589,s2,2023,2.0,7.0,False,1
AOI-0069,2023-09-24,зерновые,0.175395157293503,0.1491116037213511,0.026283553572151896,0.026283553572151896,s2,2023,3.0,7.0,False,1
AOI-0069,2023-09-28,зерновые,0.19731919352418248,0.1820029230033165,0.015316270520865982,0.015316270520865982,landsat,2023,1.0,2.0,False,1
AOI-0070,2023-05-25,зерновые,0.4417061669991753,0.3607046309220789,0.08100153607709643,0.08100153607709643,modis,2023,6.0,14.0,False,1
AOI-0070,2023-06-07,зерновые,0.320031721672711,0.2680190387665991,0.052012682906111884,0.052012682906111884,landsat,2023,1.0,2.0,False,1
AOI-0070,2023-06-10,зерновые,0.3622769053361272,0.3677059775022578,-0.0054290721661305885,0.0054290721661305885,modis,2023,2.0,7.0,False,1
AOI-0070,2023-06-25,зерновые,0.27459372511884433,0.2439032754229715,0.03069044969587284,0.03069044969587284,landsat,2023,1.0,2.0,False,1
AOI-0070,2023-07-12,зерновые,0.23775842575901526,0.2822732079809507,-0.04451478222193542,0.04451478222193542,modis,2023,1.0,5.0,False,1
AOI-0070,2023-10-13,зерновые,0.28236260423797005,0.2676625832991798,0.014700020938790248,0.014700020938790248,landsat,2023,1.0,3.0,False,1
AOI-0071,2023-05-25,зерновые,0.49430429044492247,0.5366579545454546,-0.04235366410053215,0.04235366410053215,modis,2023,6.0,14.0,False,1
AOI-0071,2023-06-26,зерновые,0.408829940331048,0.3533238668127143,0.0555060735183337,0.0555060735183337,s2,2023,1.0,5.0,False,1
AOI-0071,2023-07-06,зерновые,0.4490617669493729,0.4770331390651459,-0.027971372115772997,0.027971372115772997,s2,2023,3.0,7.0,False,1
AOI-0071,2023-07-12,зерновые,0.5227506743001283,0.4254988636363636,0.09725181066376476,0.09725181066376476,modis,2023,3.0,8.0,False,1
AOI-0071,2023-08-13,зерновые,0.38797146504935837,0.4413056818181818,-0.05333421676882344,0.05333421676882344,modis,2023,2.0,4.0,False,1
AOI-0071,2023-08-29,зерновые,0.44928616752024114,0.5024988636363635,-0.05321269611612239,0.05321269611612239,modis,2023,1.0,3.0,False,1
AOI-0071,2023-09-28,зерновые,0.2976921713939125,0.3099331450613212,-0.012240973667408672,0.012240973667408672,landsat,2023,1.0,2.0,False,1
AOI-0075,2023-04-07,озимая пшеница,0.6812267874002974,0.7514832620066569,-0.07025647460635953,0.07025647460635953,modis,2023,1.0,6.0,False,1
AOI-0075,2023-07-12,озимая пшеница,0.38400058648776314,0.5472956728483119,-0.1632950863605488,0.1632950863605488,modis,2023,2.0,7.0,False,1
AOI-0076,2023-05-25,озимая пшеница,0.5273162613951087,0.2772156613425086,0.2501006000526001,0.2501006000526001,s2,2023,5.0,10.0,False,1
AOI-0076,2023-07-31,озимая пшеница,0.42719814640357884,0.4069255836643966,0.020272562739182265,0.020272562739182265,landsat,2023,1.0,4.0,False,1
AOI-0076,2023-09-01,озимая пшеница,0.24560839563394807,0.2805250953862648,-0.03491669975231673,0.03491669975231673,landsat,2023,1.0,5.0,False,1
AOI-0076,2023-09-22,озимая пшеница,0.20545373250939034,0.2073752109772677,-0.0019214784678773522,0.0019214784678773522,s2,2023,2.0,5.0,False,1
AOI-0076,2023-10-04,озимая пшеница,0.21070875997370656,0.1407271366712118,0.06998162330249474,0.06998162330249474,landsat,2023,4.0,11.0,False,1
AOI-0077,2023-05-09,озимая пшеница,0.8139771670227206,0.8226534031413613,-0.008676236118640657,0.008676236118640657,modis,2023,3.0,8.0,False,1
AOI-0077,2023-06-06,озимая пшеница,0.6798201624012604,0.8807679035185486,-0.2009477411172882,0.2009477411172882,landsat,2023,1.0,2.0,False,1
AOI-0077,2023-06-21,озимая пшеница,0.5564450220539665,0.5856516671487646,-0.02920664509479809,0.02920664509479809,landsat,2023,1.0,3.0,False,1
AOI-0077,2023-07-12,озимая пшеница,0.7613355811570274,0.6742926701570681,0.08704291099995931,0.08704291099995931,modis,2023,2.0,7.0,False,1
AOI-0077,2023-09-22,озимая пшеница,0.40853197083412685,0.4187787463451413,-0.010246775511014439,0.010246775511014439,s2,2023,2.0,5.0,False,1
AOI-0002,2024-06-25,озимая пшеница,0.4135074399208271,0.4983494033412888,-0.08484196342046169,0.08484196342046169,modis,2024,1.0,4.0,False,1
AOI-0002,2024-07-28,озимая пшеница,0.40413389211961354,0.4722530579501042,-0.06811916583049066,0.06811916583049066,s2,2024,1.0,7.0,False,1
AOI-0002,2024-08-12,озимая пшеница,0.42660720696793386,0.4228799733447772,0.003727233623156634,0.003727233623156634,s2,2024,1.0,6.0,False,1
AOI-0003,2024-06-03,озимая пшеница,0.6349241314468164,0.7090085441912197,-0.07408441274440336,0.07408441274440336,s2,2024,2.0,4.0,False,1
AOI-0003,2024-08-03,озимая пшеница,0.25571778292628794,0.2218081361675518,0.033909646758736145,0.033909646758736145,landsat,2024,6.0,13.0,False,1
AOI-0003,2024-08-22,озимая пшеница,0.24982406060070125,0.1285259986020827,0.12129806199861856,0.12129806199861856,s2,2024,2.0,4.0,False,1
AOI-0004,2024-04-22,озимая пшеница,0.5148926000145747,0.6547642612120443,-0.13987166119746963,0.13987166119746963,modis,2024,8.0,20.0,False,1
AOI-0004,2024-05-23,озимая пшеница,0.6055901281916568,0.667573662416973,-0.06198353422531622,0.06198353422531622,landsat,2024,4.0,12.0,False,2
AOI-0004,2024-05-24,озимая пшеница,0.6066249400016093,0.648851782724085,-0.04222684272247568,0.04222684272247568,s2,2024,5.0,12.0,False,2
AOI-0004,2024-07-11,озимая пшеница,0.49722483849153387,0.5135583026299072,-0.016333464138373333,0.016333464138373333,modis,2024,1.0,3.0,False,1
AOI-0004,2024-09-13,озимая пшеница,0.41189654221943106,0.4111467157921484,0.0007498264272826627,0.0007498264272826627,modis,2024,1.0,4.0,False,1
AOI-0007,2024-06-25,озимая пшеница,0.28186849222631793,0.2161812402182976,0.06568725200802034,0.06568725200802034,s2,2024,2.0,5.0,False,1
AOI-0007,2024-07-27,озимая пшеница,0.20840581303140854,0.1827479987869843,0.025657814244424232,0.025657814244424232,landsat,2024,2.0,5.0,False,1
AOI-0007,2024-08-12,озимая пшеница,0.2274915617829536,0.2500120572196705,-0.022520495436716914,0.022520495436716914,s2,2024,2.0,5.0,False,1
AOI-0008,2024-08-12,озимая пшеница,0.18746875421885995,0.1486505392240235,0.03881821499483645,0.03881821499483645,s2,2024,2.0,5.0,False,1
AOI-0008,2024-09-29,озимая пшеница,0.22431717898851772,0.1992106781460237,0.025106500842494023,0.025106500842494023,landsat,2024,1.0,3.0,False,1
AOI-0008,2024-10-15,озимая пшеница,0.2893188335438328,0.271122520661157,0.018196312882675814,0.018196312882675814,modis,2024,4.0,15.0,False,1
AOI-0011,2024-04-06,озимая пшеница,0.31614521077880253,0.2436437602795455,0.07250145049925702,0.07250145049925702,s2,2024,2.0,5.0,False,1
AOI-0011,2024-04-22,озимая пшеница,0.36459811295172306,0.3313450690763993,0.03325304387532374,0.03325304387532374,landsat,2024,4.0,12.0,False,1
AOI-0011,2024-07-11,озимая пшеница,0.5883405785643857,0.5934584728867625,-0.005117894322376748,0.005117894322376748,modis,2024,1.0,3.0,False,1
AOI-0011,2024-09-29,озимая пшеница,0.254310526240886,0.2340939187714545,0.02021660746943152,0.02021660746943152,landsat,2024,1.0,3.0,False,1
AOI-0015,2024-07-02,озимая пшеница,0.22671554337008995,0.2274216446301199,-0.0007061012600299565,0.0007061012600299565,landsat,2024,1.0,5.0,False,1
AOI-0015,2024-07-20,озимая пшеница,0.1447669056385519,0.1117426781727419,0.033024227465810005,0.033024227465810005,s2,2024,1.0,6.0,False,1
AOI-0015,2024-09-06,озимая пшеница,0.14205007718504634,0.1302426590650112,0.011807418120035135,0.011807418120035135,s2,2024,2.0,4.0,False,1
AOI-0015,2024-10-15,озимая пшеница,0.26196439289240186,0.2218902799788696,0.04007411291353227,0.04007411291353227,modis,2024,4.0,12.0,False,1
AOI-0019,2024-04-13,подсолнечник,0.7135699471106389,0.7590211824385054,-0.045451235327866435,0.045451235327866435,landsat,2024,1.0,3.0,False,1
AOI-0019,2024-05-24,подсолнечник,0.820494639790936,0.8328519557679859,-0.01235731597704992,0.01235731597704992,s2,2024,1.0,9.0,False,1
AOI-0019,2024-07-13,подсолнечник,0.19902807764924027,0.188843727304812,0.010184350344428272,0.010184350344428272,s2,2024,2.0,4.0,False,1
AOI-0019,2024-09-23,подсолнечник,0.21278104898122507,0.2358478193330975,-0.023066770351872434,0.023066770351872434,s2,2024,2.0,5.0,False,1
AOI-0020,2024-04-22,подсолнечник,0.6683571250219174,0.7866122146584664,-0.11825508963654907,0.11825508963654907,landsat,2024,4.0,12.0,False,1
AOI-0020,2024-06-10,подсолнечник,0.5465230720613539,0.3692785597903578,0.17724451227099608,0.17724451227099608,s2,2024,1.0,6.0,False,1
AOI-0020,2024-07-11,подсолнечник,0.2910298717126243,0.2608052057685543,0.030224665944069973,0.030224665944069973,modis,2024,1.0,3.0,False,1
AOI-0020,2024-07-20,подсолнечник,0.1770192180026873,0.1521521526836212,0.0248670653190661,0.0248670653190661,s2,2024,1.0,6.0,False,1
AOI-0021,2024-07-05,подсолнечник,0.27774206560184217,0.2416789271745519,0.03606313842729028,0.03606313842729028,s2,2024,2.0,5.0,False,1
AOI-0022,2024-05-24,подсолнечник,0.2719190164754506,0.1774176772469049,0.09450133922854567,0.09450133922854567,s2,2024,1.0,9.0,False,1
AOI-0022,2024-07-20,подсолнечник,0.1569518274922654,0.1245841558129592,0.03236767167930621,0.03236767167930621,s2,2024,1.0,6.0,False,1
AOI-0022,2024-09-23,подсолнечник,0.17880868830590999,0.1676712209609978,0.011137467344912194,0.011137467344912194,s2,2024,2.0,5.0,False,1
AOI-0022,2024-09-29,подсолнечник,0.22029891170045013,0.2032008967597001,0.017098014940750028,0.017098014940750028,landsat,2024,1.0,3.0,False,1
AOI-0023,2024-07-13,подсолнечник,0.14080093620795175,0.1315728087549308,0.009228127453020957,0.009228127453020957,s2,2024,2.0,4.0,False,1
AOI-0023,2024-09-20,подсолнечник,0.1597665372628852,0.1664931393881943,-0.006726602125309095,0.006726602125309095,landsat,2024,1.0,3.0,False,1
AOI-0026,2024-04-06,озимая пшеница,0.2763344242170833,0.3622629205036647,-0.08592849628658139,0.08592849628658139,modis,2024,2.0,5.0,False,1
AOI-0026,2024-05-08,озимая пшеница,0.4660078714988382,0.4915350498026689,-0.025527178303830667,0.025527178303830667,modis,2024,1.0,2.0,False,1
AOI-0026,2024-07-11,озимая пшеница,0.24408728617192954,0.2072601390716031,0.036827147100326446,0.036827147100326446,modis,2024,2.0,10.0,False,1
AOI-0026,2024-09-29,озимая пшеница,0.22134759976232884,0.1880655140011276,0.03328208576120126,0.03328208576120126,modis,2024,1.0,3.0,False,1
AOI-0027,2024-07-11,озимая пшеница,0.35510649465512834,0.5071702429149797,-0.15206374825985136,0.15206374825985136,modis,2024,2.0,10.0,False,1
AOI-0027,2024-10-15,озимая пшеница,0.3156136295200776,0.271782995951417,0.043830633568660626,0.043830633568660626,modis,2024,4.0,15.0,False,1
AOI-0030,2024-06-09,озимая пшеница,0.7321731315151843,0.7490365028203064,-0.016863371305122166,0.016863371305122166,modis,2024,1.0,5.0,False,1
AOI-0033,2024-06-09,пастбища/зерновые,0.5128223121550333,0.3637327343370569,0.14908957781797638,0.14908957781797638,modis,2024,2.0,5.0,False,1
AOI-0033,2024-07-04,пастбища/зерновые,0.2181103308388174,0.247059539241494,-0.02894920840267659,0.02894920840267659,landsat,2024,1.0,3.0,False,1
AOI-0033,2024-09-14,пастбища/зерновые,0.16370715193930524,0.1657759462939947,-0.002068794354689457,0.002068794354689457,landsat,2024,1.0,2.0,False,1
AOI-0035,2024-06-09,пастбища/зерновые,0.2703234021448982,0.2066913405238828,0.0636320616210154,0.0636320616210154,modis,2024,2.0,5.0,False,1
AOI-0035,2024-07-29,пастбища/зерновые,0.5051895611848349,0.4635023474032202,0.04168721378161472,0.04168721378161472,landsat,2024,1.0,3.0,False,1
AOI-0035,2024-08-30,пастбища/зерновые,0.18653625125396003,0.2042237718993256,-0.01768752064536558,0.01768752064536558,landsat,2024,1.0,5.0,False,1
AOI-0035,2024-09-25,пастбища/зерновые,0.15481217202793135,0.1466195394917294,0.00819263253620195,0.00819263253620195,s2,2024,3.0,6.0,False,1
AOI-0035,2024-10-01,пастбища/зерновые,0.14853572040551055,0.1635522319117833,-0.015016511506272756,0.015016511506272756,landsat,2024,1.0,5.0,False,1
AOI-0037,2024-04-06,зерновые,0.37393491177858396,0.3292941938907197,0.04464071788786428,0.04464071788786428,s2,2024,1.0,4.0,False,1
AOI-0037,2024-07-13,зерновые,0.24748642670804183,0.2889870391453374,-0.04150061243729558,0.04150061243729558,landsat,2024,1.0,3.0,False,1
AOI-0037,2024-07-22,зерновые,0.2304740204800556,0.227549136429305,0.0029248840507506146,0.0029248840507506146,s2,2024,1.0,4.0,False,1
AOI-0037,2024-09-22,зерновые,0.22316501976547043,0.2248707304267456,-0.0017057106612751727,0.0017057106612751727,landsat,2024,1.0,3.0,False,1
AOI-0037,2024-09-25,зерновые,0.1905818304049327,0.1731985374398372,0.017383292965095498,0.017383292965095498,s2,2024,2.0,5.0,False,1
AOI-0037,2024-09-29,зерновые,0.24331459824159668,0.2040527827648115,0.03926181547678517,0.03926181547678517,modis,2024,1.0,2.0,False,1
AOI-0038,2024-04-06,зерновые,0.32498595054976076,0.2517591814598388,0.07322676908992198,0.07322676908992198,s2,2024,1.0,4.0,False,1
AOI-0038,2024-08-13,зерновые,0.20222000880835111,0.2198101846852756,-0.01759017587692449,0.01759017587692449,landsat,2024,1.0,2.0,False,1
AOI-0038,2024-10-15,зерновые,0.27789872659297465,0.2098854474491218,0.06801327914385286,0.06801327914385286,modis,2024,2.0,11.0,False,1
AOI-0040,2024-04-01,зерновые,0.15790802383914015,0.155489590655322,0.0024184331838181528,0.0024184331838181528,s2,2024,2.0,inf,True,1
AOI-0040,2024-07-07,зерновые,0.1369424354464011,0.1072152762129604,0.029727159233440714,0.029727159233440714,s2,2024,2.0,5.0,False,1
AOI-0040,2024-09-29,зерновые,0.2085848675641377,0.1749123834196891,0.033672484144448595,0.033672484144448595,modis,2024,1.0,2.0,False,1
AOI-0040,2024-10-01,зерновые,0.13667948812809222,0.1556023089934016,-0.018922820865309387,0.018922820865309387,landsat,2024,1.0,5.0,False,1
AOI-0041,2024-04-22,зерновые,0.6004023775093326,0.6002906633906635,0.00011171411866905956,0.00011171411866905956,modis,2024,1.0,2.0,False,1
AOI-0041,2024-07-22,зерновые,0.236483700490276,0.2412869730176965,-0.0048032725274204935,0.0048032725274204935,s2,2024,1.0,4.0,False,1
AOI-0041,2024-09-29,зерновые,0.2514515681462136,0.2123421375921376,0.03910943055407601,0.03910943055407601,modis,2024,1.0,2.0,False,1
AOI-0043,2024-09-23,зерновые,0.17467571233288387,0.1545985932258408,0.020077119107043073,0.020077119107043073,s2,2024,2.0,5.0,False,1
AOI-0045,2024-06-26,зерновые,0.2705752347827585,0.2475737950888453,0.023001439693913217,0.023001439693913217,landsat,2024,1.0,5.0,False,1
AOI-0045,2024-07-30,зерновые,0.11586573773505882,0.0552224481931919,0.060643289541866915,0.060643289541866915,s2,2024,3.0,8.0,False,1
AOI-0045,2024-08-12,зерновые,0.15354975037666704,0.1842680657973717,-0.03071831542070466,0.03071831542070466,landsat,2024,1.0,4.0,False,1
AOI-0045,2024-08-14,зерновые,0.13539055506658548,0.1272825699925158,0.008107985074069679,0.008107985074069679,s2,2024,1.0,6.0,False,1
AOI-0045,2024-09-29,зерновые,0.20359043115690295,0.1703557470029443,0.03323468415395864,0.03323468415395864,landsat,2024,1.0,2.0,False,1
AOI-0048,2024-04-06,зерновые,0.2598350426978477,0.187883906026093,0.07195113667175468,0.07195113667175468,s2,2024,1.0,6.0,False,1
AOI-0048,2024-05-08,зерновые,0.4627587638900732,0.4972285868976718,-0.0344698230075986,0.0344698230075986,modis,2024,1.0,3.0,False,1
AOI-0048,2024-09-23,зерновые,0.2553263646399031,0.2396141166067919,0.015712248033111192,0.015712248033111192,s2,2024,1.0,6.0,False,1
AOI-0050,2024-04-13,озимая пшеница,0.462297924130903,0.4937195799075711,-0.03142165577666811,0.03142165577666811,landsat,2024,4.0,13.0,False,1
AOI-0050,2024-05-24,озимая пшеница,0.5321032550787805,0.3671347361302417,0.1649685189485388,0.1649685189485388,s2,2024,1.0,7.0,False,1
AOI-0050,2024-08-12,озимая пшеница,0.34550746051271664,0.2911974199196379,0.05431004059307876,0.05431004059307876,s2,2024,1.0,6.0,False,1
AOI-0050,2024-09-06,озимая пшеница,0.34493937972482924,0.3548401782549076,-0.009900798530078359,0.009900798530078359,s2,2024,3.0,8.0,False,1
AOI-0050,2024-09-29,озимая пшеница,0.37354283687139794,0.4103490566037736,-0.036806219732375633,0.036806219732375633,modis,2024,1.0,3.0,False,1
AOI-0052,2024-06-07,озимая пшеница,0.6130115648074562,0.6186683804332145,-0.00565681562575826,0.00565681562575826,landsat,2024,1.0,5.0,False,1
AOI-0052,2024-07-17,озимая пшеница,0.16210487940964638,0.1807856291228024,-0.01868074971315603,0.01868074971315603,landsat,2024,1.0,5.0,False,1
AOI-0052,2024-08-26,озимая пшеница,0.15312387946693118,0.1887996489222988,-0.03567576945536763,0.03567576945536763,landsat,2024,2.0,6.0,False,1
AOI-0052,2024-09-13,озимая пшеница,0.17100317955196903,0.1963155346717927,-0.02531235511982366,0.02531235511982366,modis,2024,1.0,4.0,False,1
AOI-0053,2024-04-13,озимая пшеница,0.293245184479624,0.3555497013662153,-0.06230451688659128,0.06230451688659128,landsat,2024,1.0,5.0,False,1
AOI-0053,2024-04-22,озимая пшеница,0.3857824009007345,0.4278096251432313,-0.042027224242496775,0.042027224242496775,modis,2024,6.0,14.0,False,1
AOI-0053,2024-06-25,озимая пшеница,0.5264261023411463,0.5701177443116714,-0.04369164197052511,0.04369164197052511,modis,2024,1.0,4.0,False,1
AOI-0053,2024-07-27,озимая пшеница,0.5617115548707222,0.520093206744148,0.04161834812657417,0.04161834812657417,modis,2024,1.0,2.0,False,1
AOI-0053,2024-08-11,озимая пшеница,0.48320816408292283,0.4966938512391355,-0.013485687156212678,0.013485687156212678,landsat,2024,1.0,2.0,False,1
AOI-0053,2024-08-28,озимая пшеница,0.38108342329429334,0.3963285316745784,-0.015245108380285033,0.015245108380285033,modis,2024,1.0,5.0,False,1
AOI-0053,2024-09-06,озимая пшеница,0.29235311024920635,0.3376109270403661,-0.045257816791159755,0.045257816791159755,s2,2024,3.0,8.0,False,1
AOI-0053,2024-09-13,озимая пшеница,0.2572383544966253,0.2584052218038958,-0.0011668673072705027,0.0011668673072705027,modis,2024,1.0,4.0,False,1
AOI-0053,2024-09-20,озимая пшеница,0.21402438836706839,0.2094404934959665,0.00458389487110189,0.00458389487110189,landsat,2024,1.0,2.0,False,1
AOI-0055,2024-05-08,озимая пшеница,0.6079112000230923,0.5612,0.04671120002309226,0.04671120002309226,modis,2024,1.0,2.0,False,1
AOI-0055,2024-07-03,озимая пшеница,0.4151059888877609,0.4122010754613748,0.002904913426386102,0.002904913426386102,s2,2024,1.0,7.0,False,1
AOI-0055,2024-09-13,озимая пшеница,0.4112519359996496,0.4559,-0.04464806400035043,0.04464806400035043,modis,2024,1.0,4.0,False,1
AOI-0055,2024-09-21,озимая пшеница,0.3783386939094342,0.3942075930220907,-0.015868899112656487,0.015868899112656487,s2,2024,1.0,6.0,False,1
AOI-0056,2024-04-22,озимая пшеница,0.6039151821205324,0.7076926947446887,-0.10377751262415624,0.10377751262415624,modis,2024,9.0,21.0,False,1
AOI-0056,2024-05-23,озимая пшеница,0.5962179410666314,0.6188618739583459,-0.022643932891714513,0.022643932891714513,landsat,2024,1.0,2.0,False,1
AOI-0056,2024-06-09,озимая пшеница,0.46207982932755687,0.4808448378680581,-0.018765008540501227,0.018765008540501227,modis,2024,1.0,15.0,False,1
AOI-0056,2024-06-18,озимая пшеница,0.36153097278119,0.3622677616892759,-0.0007367889080858725,0.0007367889080858725,s2,2024,5.0,15.0,False,1
AOI-0056,2024-07-17,озимая пшеница,0.35016905506778734,0.3523058538103336,-0.002136798742546242,0.002136798742546242,landsat,2024,1.0,5.0,False,1
AOI-0056,2024-10-15,озимая пшеница,0.2924031365988997,0.2291751770406261,0.06322795955827362,0.06322795955827362,modis,2024,9.0,20.0,False,1
AOI-0060,2024-04-13,озимая пшеница,0.6508317795090675,0.8195680701442782,-0.16873629063521078,0.16873629063521078,landsat,2024,4.0,13.0,False,1
AOI-0060,2024-07-03,озимая пшеница,0.6879637796525452,0.7718316135886435,-0.08386783393609831,0.08386783393609831,s2,2024,1.0,7.0,False,1
AOI-0060,2024-08-28,озимая пшеница,0.3633393852081961,0.4071662420382165,-0.04382685683002041,0.04382685683002041,modis,2024,1.0,5.0,False,1
AOI-0063,2024-04-22,озимая пшеница,0.8655266339849612,0.9133944880817982,-0.047867854096837026,0.047867854096837026,landsat,2024,7.0,15.0,False,1
AOI-0063,2024-05-24,озимая пшеница,0.7990783438365296,0.9042142395735114,-0.10513589573698179,0.10513589573698179,s2,2024,3.0,13.0,False,1
AOI-0063,2024-07-05,озимая пшеница,0.1779923398639148,0.1523209039376596,0.025671435926255204,0.025671435926255204,s2,2024,2.0,5.0,False,1
AOI-0063,2024-08-22,озимая пшеница,0.1554406123141527,0.1284291325457755,0.0270114797683772,0.0270114797683772,s2,2024,2.0,4.0,False,1
AOI-0063,2024-09-13,озимая пшеница,0.19563740896497,0.166137031150277,0.029500377814693002,0.029500377814693002,s2,2024,2.0,5.0,False,1
AOI-0064,2024-04-22,озимая пшеница,0.6743233587194996,0.708592347248165,-0.034268988528665445,0.034268988528665445,landsat,2024,8.0,17.0,False,1
AOI-0064,2024-06-25,озимая пшеница,0.4257152904475444,0.3776625786965081,0.048052711751036314,0.048052711751036314,s2,2024,2.0,5.0,False,1
AOI-0065,2024-06-03,озимая пшеница,0.6532454181054493,0.8158644747975957,-0.16261905669214638,0.16261905669214638,s2,2024,5.0,15.0,False,1
AOI-0065,2024-06-25,озимая пшеница,0.31258483426324724,0.2333837184232993,0.07920111583994793,0.07920111583994793,s2,2024,2.0,5.0,False,1
AOI-0065,2024-09-13,озимая пшеница,0.17485948395993514,0.1428472225982137,0.032012261361721445,0.032012261361721445,s2,2024,2.0,5.0,False,1
AOI-0065,2024-09-29,озимая пшеница,0.20696154724647856,0.1933543922117248,0.013607155034753765,0.013607155034753765,landsat,2024,1.0,3.0,False,1
AOI-0065,2024-10-07,озимая пшеница,0.17968788722984316,0.1926590804386202,-0.012971193208777043,0.012971193208777043,landsat,2024,1.0,2.0,False,1
AOI-0069,2024-04-22,зерновые,0.6924299945591608,0.7156747720589997,-0.023244777499838887,0.023244777499838887,landsat,2024,1.0,2.0,False,1
AOI-0069,2024-05-24,зерновые,0.5945160370361935,0.6188252056548484,-0.024309168618654953,0.024309168618654953,landsat,2024,1.0,4.0,False,1
AOI-0069,2024-06-09,зерновые,0.42464570405471314,0.4018351739554623,0.022810530099250825,0.022810530099250825,landsat,2024,1.0,5.0,False,1
AOI-0069,2024-06-25,зерновые,0.28116608678151017,0.1845085656783398,0.09665752110317039,0.09665752110317039,s2,2024,1.0,6.0,False,1
AOI-0069,2024-07-05,зерновые,0.15979661744112375,0.1329571878801147,0.026839429561009043,0.026839429561009043,s2,2024,2.0,7.0,False,1
AOI-0069,2024-08-13,зерновые,0.17787505965395398,0.1667560163540763,0.011119043299877673,0.011119043299877673,landsat,2024,1.0,2.0,False,1
AOI-0069,2024-09-13,зерновые,0.1659624821838462,0.1414899196428939,0.024472562540952314,0.024472562540952314,s2,2024,1.0,6.0,False,1
AOI-0069,2024-09-23,зерновые,0.1473401883672232,0.1275348099956057,0.0198053783716175,0.0198053783716175,s2,2024,1.0,6.0,False,1
AOI-0070,2024-05-24,зерновые,0.583845278486853,0.5009125540600405,0.08293272442681243,0.08293272442681243,landsat,2024,1.0,4.0,False,1
AOI-0070,2024-06-09,зерновые,0.4153045166860699,0.3789801362953998,0.0363243803906701,0.0363243803906701,landsat,2024,1.0,5.0,False,1
AOI-0070,2024-07-11,зерновые,0.2735032760938291,0.2219239927856599,0.05157928330816916,0.05157928330816916,landsat,2024,1.0,2.0,False,1
AOI-0071,2024-05-24,зерновые,0.31565737148870054,0.301489299788044,0.014168071700656537,0.014168071700656537,landsat,2024,1.0,4.0,False,1
AOI-0071,2024-06-25,зерновые,0.24563930004625933,0.1601868941970048,0.08545240584925454,0.08545240584925454,s2,2024,1.0,6.0,False,1
AOI-0071,2024-07-11,зерновые,0.26253037976524146,0.2073837873555506,0.05514659240969086,0.05514659240969086,landsat,2024,1.0,2.0,False,1
AOI-0071,2024-08-12,зерновые,0.17985207796784672,0.426,-0.24614792203215327,0.24614792203215327,modis,2024,2.0,5.0,False,1
AOI-0071,2024-08-28,зерновые,0.23103220101016975,0.2058787844778883,0.025153416532281453,0.025153416532281453,landsat,2024,1.0,8.0,False,1
AOI-0071,2024-09-14,зерновые,0.19648772894255986,0.2039366405596149,-0.0074489116170550485,0.0074489116170550485,landsat,2024,1.0,5.0,False,1
AOI-0075,2024-04-06,озимая пшеница,0.30513156743379316,0.4363424155967665,-0.13121084816297335,0.13121084816297335,modis,2024,1.0,3.0,False,1
AOI-0075,2024-07-11,озимая пшеница,0.49616334756506136,0.4995326877041282,-0.003369340139066812,0.003369340139066812,s2,2024,2.0,5.0,False,1
AOI-0075,2024-07-17,озимая пшеница,0.5469000428243334,0.5908445644838214,-0.043944521659488034,0.043944521659488034,landsat,2024,1.0,2.0,False,1
AOI-0075,2024-08-20,озимая пшеница,0.6877337571180292,0.7037399295227431,-0.016006172404713914,0.016006172404713914,s2,2024,2.0,4.0,False,1
AOI-0076,2024-05-24,озимая пшеница,0.5801990515884894,0.6077122958285914,-0.02751324424010204,0.02751324424010204,s2,2024,2.0,5.0,False,1
AOI-0076,2024-08-20,озимая пшеница,0.2815391321357546,0.2243303812884994,0.05720875084725521,0.05720875084725521,s2,2024,2.0,4.0,False,1
AOI-0076,2024-08-26,озимая пшеница,0.26243038388023915,0.3029486734675499,-0.04051828958731074,0.04051828958731074,landsat,2024,1.0,2.0,False,1
AOI-0076,2024-09-21,озимая пшеница,0.22859598184251415,0.2054233859234754,0.023172595919038752,0.023172595919038752,s2,2024,2.0,5.0,False,1
AOI-0077,2024-05-08,озимая пшеница,0.7316941635932077,0.6306848167539267,0.10100934683928098,0.10100934683928098,modis,2024,1.0,2.0,False,1
AOI-0077,2024-07-11,озимая пшеница,0.4753214674502757,0.3878208970558272,0.08750057039444853,0.08750057039444853,s2,2024,2.0,5.0,False,1
AOI-0077,2024-08-26,озимая пшеница,0.39505454949144275,0.4174534329689756,-0.022398883477532827,0.022398883477532827,landsat,2024,1.0,2.0,False,1
AOI-0077,2024-09-21,озимая пшеница,0.3554704205376387,0.3433124166634475,0.012158003874191248,0.012158003874191248,s2,2024,2.0,5.0,False,1
