anon_polygon_id,date,primary_ndvi_pred
AOI-0001,2010-08-29,0.2081246915
AOI-0001,2010-10-25,0.1721589884
AOI-0001,2011-06-13,0.6304455220
AOI-0001,2011-09-18,0.2611084467
AOI-0001,2011-09-26,0.2611210285
AOI-0001,2011-09-30,0.4071285749
AOI-0001,2012-05-24,0.7163841655
AOI-0001,2012-07-09,0.2443780213
AOI-0001,2012-07-11,0.3473633464
AOI-0001,2012-08-10,0.1819304399
AOI-0001,2012-08-12,0.3097098236
AOI-0001,2012-10-15,0.3362966485
AOI-0001,2013-05-01,0.8208438269
AOI-0001,2013-07-12,0.2774069733
AOI-0001,2013-09-30,0.5042666076
AOI-0001,2014-04-18,0.2469180680
AOI-0001,2014-05-25,0.6542467381
AOI-0001,2014-06-26,0.7855021863
AOI-0001,2014-07-15,0.7494206170
AOI-0001,2014-07-28,0.6175048721
AOI-0001,2014-08-09,0.4315698805
AOI-0001,2014-08-13,0.4104411774
AOI-0001,2014-10-03,0.1933827390
AOI-0001,2014-10-16,0.3186072424
AOI-0001,2015-04-13,0.4166036617
AOI-0001,2015-08-11,0.2229594841
AOI-0001,2015-08-12,0.1906308495
AOI-0001,2015-08-27,0.2094082069
AOI-0001,2015-09-20,0.1834305556
AOI-0001,2015-09-28,0.1959692959
AOI-0001,2016-06-27,0.2755783522
AOI-0001,2016-07-04,0.2873121850
AOI-0001,2016-07-20,0.2834772293
AOI-0001,2016-07-27,0.3668841881
AOI-0001,2016-08-29,0.3202090255
AOI-0001,2016-08-30,0.2827422832
AOI-0001,2016-09-15,0.2909869237
AOI-0001,2016-09-29,0.5461404855
AOI-0001,2017-05-12,0.7400213862
AOI-0001,2017-06-29,0.5323228956
AOI-0001,2017-07-12,0.4684082170
AOI-0001,2017-08-09,0.2833531533
AOI-0001,2017-08-29,0.2242174806
AOI-0001,2017-09-08,0.2086501414
AOI-0001,2017-09-14,0.3124783162
AOI-0001,2018-04-05,0.5014245323
AOI-0001,2018-04-23,0.7947712424
AOI-0001,2018-05-01,0.8237454418
AOI-0001,2018-06-08,0.6276775693
AOI-0001,2018-07-12,0.3251856683
AOI-0001,2018-09-28,0.1583946232
AOI-0001,2018-10-13,0.1835913609
AOI-0001,2019-05-11,0.5012600429
AOI-0001,2019-05-31,0.7230912622
AOI-0001,2019-06-04,0.7137851439
AOI-0001,2019-06-05,0.7006903460
AOI-0001,2019-06-25,0.3159308522
AOI-0001,2019-07-12,0.4881240389
AOI-0001,2019-07-22,0.3485141225
AOI-0001,2019-07-29,0.4522837826
AOI-0001,2019-08-30,0.2655949342
AOI-0001,2019-09-07,0.2813464223
AOI-0001,2019-09-08,0.2391121907
AOI-0001,2019-09-18,0.0872948772
AOI-0001,2020-04-03,0.5666010754
AOI-0001,2020-04-26,0.6837477493
AOI-0001,2020-05-30,0.8011900973
AOI-0001,2020-06-09,0.7810036659
AOI-0001,2020-07-14,0.1648076845
AOI-0001,2020-07-23,0.2355448811
AOI-0001,2020-07-27,0.3085974616
AOI-0001,2020-08-08,0.1909148030
AOI-0001,2020-09-01,0.3062752389
AOI-0001,2020-09-02,0.2877701931
AOI-0001,2020-09-12,0.2265659557
AOI-0001,2020-09-22,0.2187754197
AOI-0001,2020-09-29,0.2720970357
AOI-0001,2020-10-11,0.2096107738
AOI-0001,2020-10-12,0.1520195498
AOI-0001,2020-10-19,0.1828057424
AOI-0001,2021-05-15,0.4333969775
AOI-0001,2021-05-20,0.4388459763
AOI-0001,2021-06-10,0.6025793693
AOI-0001,2021-07-02,0.6186873215
AOI-0001,2021-07-24,0.6528714000
AOI-0001,2021-09-17,0.2358144842
AOI-0001,2022-04-25,0.6057288702
AOI-0001,2022-06-03,0.7940990561
AOI-0001,2022-09-02,0.2263842618
AOI-0001,2022-09-30,0.2976075809
AOI-0001,2022-10-01,0.2602429922
AOI-0001,2022-10-17,0.2207008822
AOI-0001,2023-05-25,0.8086690773
AOI-0001,2023-06-23,0.7710731997
AOI-0001,2023-07-15,0.2572148500
AOI-0001,2023-07-29,0.2205199533
AOI-0001,2023-08-03,0.1894746493
AOI-0001,2023-08-08,0.2121843749
AOI-0001,2023-08-13,0.2410197622
AOI-0001,2023-08-17,0.2771343771
AOI-0001,2023-08-28,0.2135187464
AOI-0001,2023-08-29,0.3214267734
AOI-0001,2023-09-12,0.2289959821
AOI-0001,2024-04-06,0.6840622237
AOI-0001,2024-05-24,0.7720613493
AOI-0001,2024-06-01,0.7364793600
AOI-0001,2024-06-03,0.6992986020
AOI-0001,2024-06-09,0.5723035894
AOI-0001,2024-06-13,0.4944693405
AOI-0001,2024-06-17,0.4734341407
AOI-0001,2024-06-23,0.3273551820
AOI-0001,2024-06-25,0.3983413250
AOI-0001,2024-07-03,0.2690450170
AOI-0001,2024-09-11,0.1444179873
AOI-0001,2024-09-13,0.1861640517
AOI-0001,2024-09-16,0.1642945694
AOI-0001,2024-09-29,0.2142908005
AOI-0001,2025-04-23,0.5024256774
AOI-0001,2025-05-03,0.3730380492
AOI-0001,2025-06-03,0.4464842369
AOI-0001,2025-06-27,0.6409864334
AOI-0001,2025-07-05,0.5778768961
AOI-0001,2025-07-12,0.4972593246
AOI-0001,2025-07-13,0.4822977605
AOI-0001,2025-07-23,0.3868655640
AOI-0001,2025-07-28,0.3728031411
AOI-0001,2025-07-29,0.3919583767
AOI-0001,2025-08-02,0.2822078342
AOI-0001,2025-10-28,0.2642922471
AOI-0002,2025-05-03,0.8450145775
AOI-0002,2025-06-03,0.5929196277
AOI-0002,2025-06-26,0.4364939679
AOI-0002,2025-07-29,0.2700380686
AOI-0002,2025-08-02,0.1580763881
AOI-0002,2025-08-13,0.2698455994
AOI-0002,2025-08-19,0.1597316211
AOI-0003,2025-04-01,0.5441355261
AOI-0003,2025-04-18,0.8204563687
AOI-0003,2025-04-19,0.8395972477
AOI-0003,2025-05-06,0.8499663744
AOI-0003,2025-06-04,0.7531913453
AOI-0003,2025-06-13,0.5485059814
AOI-0003,2025-07-07,0.1844172516
AOI-0003,2025-07-13,0.1726688809
AOI-0003,2025-07-15,0.1668691856
AOI-0003,2025-08-04,0.1649370468
AOI-0003,2025-08-07,0.1823280913
AOI-0003,2025-08-14,0.2489712374
AOI-0003,2025-08-22,0.1619112339
AOI-0003,2025-08-23,0.2217537197
AOI-0004,2025-04-23,0.6807069835
AOI-0004,2025-05-04,0.6452881869
AOI-0004,2025-05-24,0.6645490031
AOI-0004,2025-05-25,0.6933349862
AOI-0004,2025-06-30,0.6029004318
AOI-0004,2025-07-12,0.5045531813
AOI-0004,2025-07-23,0.4563820969
AOI-0004,2025-08-02,0.3902777549
AOI-0004,2025-09-14,0.3919101146
AOI-0004,2025-09-23,0.3617443580
AOI-0005,2025-05-01,0.6584467702
AOI-0005,2025-05-03,0.6694034126
AOI-0005,2025-05-14,0.5693463848
AOI-0005,2025-06-11,0.6034973787
AOI-0005,2025-07-21,0.4299655800
AOI-0005,2025-08-17,0.3185339559
AOI-0005,2025-09-01,0.2509710113
AOI-0006,2025-04-01,0.1944012018
AOI-0006,2025-05-09,0.2737111433
AOI-0006,2025-05-25,0.5592580052
AOI-0006,2025-07-28,0.4083846581
AOI-0006,2025-08-09,0.2823772848
AOI-0006,2025-08-22,0.2587056772
AOI-0006,2025-08-30,0.2586036847
AOI-0006,2025-09-07,0.2455297746
AOI-0006,2025-10-28,0.2833133240
AOI-0007,2025-04-01,0.2279892808
AOI-0007,2025-04-18,0.2944500843
AOI-0007,2025-04-29,0.4181288664
AOI-0007,2025-05-01,0.4422427752
AOI-0007,2025-06-26,0.3319767158
AOI-0007,2025-07-28,0.1597492680
AOI-0007,2025-08-13,0.2438706177
AOI-0007,2025-08-14,0.1786571118
AOI-0007,2025-08-16,0.1501529437
AOI-0007,2025-09-11,0.1395715581
AOI-0007,2025-09-26,0.1767283660
AOI-0008,2025-04-17,0.8206672736
AOI-0008,2025-04-24,0.8324178538
AOI-0008,2025-05-19,0.8785913929
AOI-0008,2025-07-08,0.2007766693
AOI-0008,2025-07-15,0.1721194547
AOI-0008,2025-07-17,0.1673185730
AOI-0008,2025-08-13,0.2514930239
AOI-0008,2025-09-01,0.1428830330
AOI-0008,2025-09-30,0.2635468464
AOI-0008,2025-10-16,0.2294569124
AOI-0009,2025-04-01,0.4605549503
AOI-0009,2025-04-23,0.8270136850
AOI-0009,2025-05-04,0.8549159967
AOI-0009,2025-06-30,0.1883985475
AOI-0009,2025-07-05,0.1981292534
AOI-0009,2025-07-10,0.1549496268
AOI-0009,2025-07-25,0.1652570138
AOI-0009,2025-08-12,0.1645967875
AOI-0009,2025-08-17,0.1703339041
AOI-0009,2025-08-22,0.1615771069
AOI-0009,2025-08-24,0.1409662200
AOI-0009,2025-09-14,0.2513412082
AOI-0009,2025-09-16,0.1844247989
AOI-0009,2025-09-25,0.1545519910
AOI-0009,2025-10-03,0.1628687561
AOI-0010,2010-06-19,0.3332827810
AOI-0010,2010-08-06,0.2007059735
AOI-0010,2010-08-22,0.1932880689
AOI-0010,2011-06-14,0.5092821291
AOI-0010,2011-07-12,0.3711357112
AOI-0010,2011-08-09,0.2380032508
AOI-0010,2011-08-13,0.3203015503
AOI-0010,2011-09-10,0.2058361647
AOI-0010,2012-04-13,0.2738136553
AOI-0010,2012-08-03,0.2224609697
AOI-0010,2013-04-16,0.6820115751
AOI-0010,2013-05-25,0.6568246813
AOI-0010,2013-06-26,0.3337335451
AOI-0010,2013-07-12,0.3208013724
AOI-0010,2014-05-29,0.6769009794
AOI-0010,2014-06-06,0.5090138566
AOI-0010,2014-06-10,0.4196339424
AOI-0010,2014-08-29,0.2542164465
AOI-0010,2014-09-30,0.2571907317
AOI-0010,2015-04-07,0.3073490561
AOI-0010,2015-04-14,0.2211347051
AOI-0010,2015-05-25,0.3755873362
AOI-0010,2015-10-07,0.2070173827
AOI-0010,2016-07-27,0.3373304258
AOI-0010,2016-08-12,0.3292183162
AOI-0010,2016-09-13,0.2811493650
AOI-0010,2017-04-03,0.3570901131
AOI-0010,2017-04-07,0.5509062588
AOI-0010,2017-08-01,0.1621372988
AOI-0010,2017-08-04,0.1524149297
AOI-0010,2017-08-13,0.2562186256
AOI-0010,2017-08-29,0.1948246567
AOI-0010,2018-05-16,0.8108616546
AOI-0010,2018-07-28,0.2671791033
AOI-0010,2018-08-28,0.1778199495
AOI-0010,2018-09-14,0.2397485983
AOI-0010,2019-04-06,0.4308313704
AOI-0010,2019-04-28,0.7082577368
AOI-0010,2019-05-19,0.8344182213
AOI-0010,2019-06-20,0.2127858549
AOI-0010,2019-06-26,0.2787234306
AOI-0010,2019-06-27,0.1755774810
AOI-0010,2019-07-20,0.1680441458
AOI-0010,2019-08-13,0.3053081494
AOI-0010,2019-08-19,0.1712458082
AOI-0010,2019-08-21,0.1850130788
AOI-0010,2019-09-23,0.1079138941
AOI-0010,2020-06-06,0.3606447838
AOI-0010,2020-06-09,0.3990467001
AOI-0010,2020-07-16,0.1402190732
AOI-0010,2020-07-19,0.1426052300
AOI-0010,2020-07-26,0.1441337797
AOI-0010,2020-07-31,0.1579663038
AOI-0010,2020-09-09,0.1726699887
AOI-0010,2020-09-13,0.2544902242
AOI-0010,2020-09-19,0.1242293532
AOI-0010,2020-09-27,0.1488383907
AOI-0010,2021-05-05,0.3444183481
AOI-0010,2021-05-09,0.5043952050
AOI-0010,2021-07-28,0.3344900218
AOI-0010,2021-08-05,0.2286679691
AOI-0010,2021-09-04,0.3010859132
AOI-0010,2021-09-17,0.3588066462
AOI-0010,2021-10-27,0.3531972062
AOI-0010,2022-06-06,0.7177509404
AOI-0010,2022-06-10,0.6601263630
AOI-0010,2022-06-11,0.6744863428
AOI-0010,2022-07-17,0.3070008741
AOI-0010,2022-07-28,0.3729517186
AOI-0010,2022-09-08,0.2975102182
AOI-0010,2023-04-02,0.4974051546
AOI-0010,2023-04-27,0.6584082076
AOI-0010,2023-06-08,0.7289323598
AOI-0010,2023-06-16,0.6184696788
AOI-0010,2023-08-23,0.2471961059
AOI-0010,2023-08-30,0.2569582270
AOI-0010,2023-09-19,0.2635668611
AOI-0010,2024-04-04,0.6042725771
AOI-0010,2024-04-26,0.6589812330
AOI-0010,2024-05-08,0.7632974222
AOI-0010,2024-05-21,0.7248006679
AOI-0010,2024-06-18,0.2462443530
AOI-0010,2024-06-20,0.2367335967
AOI-0010,2024-07-08,0.1820509669
AOI-0010,2024-07-15,0.1792866113
AOI-0010,2024-08-12,0.2148751853
AOI-0010,2024-09-06,0.2034815078
AOI-0010,2024-09-28,0.1980002651
AOI-0010,2024-10-01,0.1904875820
AOI-0010,2024-10-15,0.2603870562
AOI-0010,2024-10-23,0.2196222946
AOI-0010,2025-04-16,0.3549148486
AOI-0010,2025-04-18,0.4238736158
AOI-0010,2025-05-09,0.7361597132
AOI-0010,2025-06-05,0.5016022216
AOI-0010,2025-06-07,0.4362676623
AOI-0010,2025-06-28,0.1867257273
AOI-0010,2025-07-05,0.1930939357
AOI-0010,2025-07-06,0.2640178688
AOI-0010,2025-07-07,0.1775548972
AOI-0010,2025-07-25,0.1624516588
AOI-0010,2025-07-30,0.1676444257
AOI-0010,2025-08-16,0.1792614344
AOI-0010,2025-08-27,0.1707491195
AOI-0010,2025-09-16,0.2315513806
AOI-0010,2025-09-30,0.3193664659
AOI-0010,2025-10-05,0.1561218234
AOI-0011,2025-04-07,0.7426277187
AOI-0011,2025-04-17,0.7769373642
AOI-0011,2025-04-23,0.8478958371
AOI-0011,2025-04-28,0.8459457725
AOI-0011,2025-05-24,0.8309961388
AOI-0011,2025-06-03,0.5905385822
AOI-0011,2025-07-12,0.2959671545
AOI-0011,2025-08-06,0.2116921642
AOI-0011,2025-08-14,0.2110532926
AOI-0011,2025-08-19,0.2013242797
AOI-0011,2025-08-27,0.1831865449
AOI-0011,2025-09-30,0.2750470435
AOI-0011,2025-10-03,0.1712014408
AOI-0011,2025-10-05,0.0999732741
AOI-0012,2025-04-01,0.2118339005
AOI-0012,2025-04-28,0.4907094665
AOI-0012,2025-05-16,0.7027935919
AOI-0012,2025-06-03,0.6445854850
AOI-0012,2025-06-05,0.5686479959
AOI-0012,2025-06-15,0.2507313638
AOI-0012,2025-06-26,0.3159055025
AOI-0012,2025-07-10,0.1603212075
AOI-0012,2025-07-18,0.1451457495
AOI-0012,2025-07-30,0.1561702285
AOI-0013,2010-04-16,0.6903533585
AOI-0013,2010-06-10,0.4411777772
AOI-0013,2010-06-19,0.3479416850
AOI-0013,2010-10-24,0.2141387389
AOI-0013,2011-04-18,0.2057620918
AOI-0013,2011-04-26,0.2107143680
AOI-0013,2012-05-08,0.5311177441
AOI-0013,2012-06-23,0.5376360395
AOI-0013,2012-08-12,0.4681179419
AOI-0013,2013-04-16,0.2855877637
AOI-0013,2013-04-24,0.2874186752
AOI-0013,2013-05-02,0.3193613042
AOI-0013,2013-05-09,0.4256113158
AOI-0013,2013-06-11,0.5040123249
AOI-0013,2013-07-12,0.4777708179
AOI-0013,2013-07-28,0.4637153157
AOI-0013,2014-05-29,0.4837450954
AOI-0013,2014-06-10,0.4959422144
AOI-0013,2014-07-28,0.4239187977
AOI-0013,2014-08-01,0.3517733341
AOI-0013,2014-08-08,0.3494282145
AOI-0013,2014-08-13,0.4085560094
AOI-0013,2015-05-09,0.5407383065
AOI-0013,2015-05-23,0.4649665180
AOI-0013,2015-07-12,0.5533056991
AOI-0013,2015-08-20,0.4059175508
AOI-0013,2015-10-07,0.3291572464
AOI-0013,2015-10-16,0.3661939613
AOI-0013,2016-05-09,0.4537771274
AOI-0013,2016-05-10,0.4379740570
AOI-0013,2016-08-12,0.6246803593
AOI-0013,2016-08-21,0.6683520689
AOI-0013,2016-09-13,0.5874261760
AOI-0013,2016-10-09,0.5200061120
AOI-0013,2017-04-11,0.2173324775
AOI-0013,2017-04-28,0.3713669758
AOI-0013,2017-05-01,0.3843029343
AOI-0013,2017-05-21,0.5992984268
AOI-0013,2017-05-29,0.5611975219
AOI-0013,2017-06-30,0.6498154669
AOI-0013,2017-07-27,0.4902810231
AOI-0013,2017-08-08,0.4634918623
AOI-0013,2017-08-24,0.4216641109
AOI-0013,2017-09-13,0.4572765654
AOI-0013,2017-09-17,0.4891652442
AOI-0013,2017-09-30,0.4180963397
AOI-0013,2018-05-25,0.4944952910
AOI-0013,2018-06-08,0.3885939710
AOI-0013,2018-06-15,0.3645243094
AOI-0013,2018-07-12,0.4667951935
AOI-0013,2018-08-13,0.4430239329
AOI-0013,2018-08-27,0.4134811936
AOI-0013,2018-09-28,0.4116085638
AOI-0013,2018-10-06,0.4233511396
AOI-0013,2019-04-01,0.2671049217
AOI-0013,2019-05-06,0.4042972930
AOI-0013,2019-06-02,0.4222139627
AOI-0013,2019-06-05,0.4108566055
AOI-0013,2019-06-12,0.4564048238
AOI-0013,2019-06-25,0.3978407499
AOI-0013,2019-07-17,0.4519605536
AOI-0013,2019-07-28,0.5744412898
AOI-0013,2019-08-24,0.4606915182
AOI-0013,2019-08-31,0.5198567824
AOI-0013,2019-09-08,0.4944092690
AOI-0013,2019-09-13,0.4707943984
AOI-0013,2019-10-02,0.4905587817
AOI-0013,2019-10-10,0.5228845811
AOI-0013,2019-10-17,0.4972082042
AOI-0013,2020-04-22,0.3394244370
AOI-0013,2020-05-12,0.3855290722
AOI-0013,2020-06-24,0.4267671896
AOI-0013,2020-06-26,0.4922447732
AOI-0013,2020-08-12,0.4596393777
AOI-0013,2020-08-15,0.3838562627
AOI-0013,2020-08-16,0.4269672824
AOI-0013,2020-08-20,0.4021421340
AOI-0013,2020-10-27,0.3427885379
AOI-0013,2021-04-23,0.4850905777
AOI-0013,2021-06-10,0.6044668132
AOI-0013,2021-06-11,0.5237501314
AOI-0013,2021-06-21,0.5026906613
AOI-0013,2021-07-12,0.5475934042
AOI-0013,2021-07-14,0.5427732563
AOI-0013,2021-08-20,0.4765502716
AOI-0013,2021-10-14,0.4446007005
AOI-0013,2021-10-16,0.4585358616
AOI-0013,2022-04-02,0.5274659677
AOI-0013,2022-04-17,0.6050569286
AOI-0013,2022-04-24,0.5681617023
AOI-0013,2022-04-25,0.5514206703
AOI-0013,2022-06-10,0.5460086947
AOI-0013,2022-06-16,0.3865110580
AOI-0013,2022-06-26,0.5356757260
AOI-0013,2022-07-05,0.5308689585
AOI-0013,2022-07-17,0.5751055153
AOI-0013,2022-07-22,0.5557201864
AOI-0013,2022-08-14,0.5756012831
AOI-0013,2022-09-14,0.3927508842
AOI-0013,2022-10-07,0.4023496274
AOI-0013,2022-10-14,0.4076889079
AOI-0013,2023-04-10,0.4461500628
AOI-0013,2023-06-21,0.5230941486
AOI-0013,2023-06-29,0.5240927359
AOI-0013,2023-07-06,0.4661455187
AOI-0013,2023-07-12,0.5576352063
AOI-0013,2023-07-24,0.5082533082
AOI-0013,2023-08-05,0.5117824095
AOI-0013,2023-08-20,0.5103361405
AOI-0013,2023-08-23,0.5080297802
AOI-0013,2023-08-26,0.5022699188
AOI-0013,2023-09-11,0.5300976090
AOI-0013,2023-09-14,0.4809517097
AOI-0013,2023-09-24,0.4926537941
AOI-0013,2023-10-05,0.4695260148
AOI-0013,2023-10-14,0.4051948126
AOI-0013,2023-10-17,0.3092252960
AOI-0013,2023-10-19,0.3688901818
AOI-0013,2024-04-26,0.4110336177
AOI-0013,2024-05-04,0.4782836522
AOI-0013,2024-05-23,0.5381674223
AOI-0013,2024-05-24,0.5312119566
AOI-0013,2024-06-30,0.4898269681
AOI-0013,2024-07-02,0.5544462067
AOI-0013,2024-07-11,0.5163350147
AOI-0013,2024-07-26,0.4667491147
AOI-0013,2024-07-27,0.4825175714
AOI-0013,2024-08-09,0.4542601022
AOI-0013,2024-08-11,0.5239919900
AOI-0013,2024-09-03,0.4509243290
AOI-0013,2024-09-06,0.5092127824
AOI-0013,2024-09-26,0.4501746719
AOI-0013,2024-10-08,0.3578985636
AOI-0013,2025-04-01,0.4873134004
AOI-0013,2025-04-28,0.5514415697
AOI-0013,2025-05-16,0.4914741446
AOI-0013,2025-05-19,0.5143999659
AOI-0013,2025-05-24,0.4837791012
AOI-0013,2025-07-07,0.4860047438
AOI-0013,2025-07-08,0.4862152470
AOI-0013,2025-07-14,0.5134575633
AOI-0013,2025-07-21,0.5670362417
AOI-0013,2025-07-27,0.4734315128
AOI-0013,2025-08-15,0.5268956155
AOI-0013,2025-09-03,0.4564120148
AOI-0013,2025-09-07,0.5220409596
AOI-0014,2010-04-07,0.5080150365
AOI-0014,2010-04-24,0.7399979114
AOI-0014,2010-06-10,0.7240618364
AOI-0014,2010-09-23,0.1816768542
AOI-0014,2011-04-19,0.2071947670
AOI-0014,2011-04-26,0.2093344141
AOI-0014,2011-05-09,0.5753502598
AOI-0014,2011-05-28,0.5868106397
AOI-0014,2011-06-14,0.7299151995
AOI-0014,2011-08-01,0.4554855432
AOI-0014,2011-09-14,0.3048812680
AOI-0014,2011-09-17,0.2101604679
AOI-0014,2011-10-27,0.3427273603
AOI-0014,2012-05-06,0.6905095178
AOI-0014,2012-06-25,0.4025162782
AOI-0014,2012-08-28,0.3081226835
AOI-0014,2012-09-04,0.2067283589
AOI-0014,2012-09-11,0.2133114819
AOI-0014,2012-09-27,0.1762997961
AOI-0014,2013-05-09,0.3905633356
AOI-0014,2013-06-11,0.5643623624
AOI-0014,2013-06-19,0.6659612970
AOI-0014,2013-07-28,0.6957198517
AOI-0014,2013-09-14,0.3580833919
AOI-0014,2013-09-23,0.2337638124
AOI-0014,2014-06-26,0.4482101437
AOI-0014,2014-06-29,0.3448825353
AOI-0014,2014-08-17,0.2222415308
AOI-0014,2014-09-30,0.3012329821
AOI-0014,2014-10-27,0.2331521634
AOI-0014,2015-04-14,0.4013793583
AOI-0014,2015-06-16,0.5988155330
AOI-0014,2015-06-26,0.4735270828
AOI-0014,2015-07-12,0.4263455844
AOI-0014,2015-07-27,0.3313398917
AOI-0014,2015-08-28,0.2067976262
AOI-0014,2016-04-22,0.4428212573
AOI-0014,2016-05-09,0.3334560701
AOI-0014,2016-06-03,0.6506843727
AOI-0014,2016-06-19,0.7965749641
AOI-0014,2016-08-13,0.4561448952
AOI-0014,2016-08-30,0.3135558628
AOI-0014,2017-04-26,0.7854651263
AOI-0014,2017-04-28,0.7780702127
AOI-0014,2017-05-21,0.8981083180
AOI-0014,2017-05-29,0.8628554663
AOI-0014,2017-07-23,0.2507796937
AOI-0014,2017-07-31,0.2598965706
AOI-0014,2017-08-06,0.1426040593
AOI-0014,2017-08-21,0.1456058646
AOI-0014,2017-09-10,0.1640400550
AOI-0014,2017-09-30,0.2628220621
AOI-0014,2017-10-08,0.1673229633
AOI-0014,2018-04-07,0.5826455814
AOI-0014,2018-05-03,0.8098550712
AOI-0014,2018-06-24,0.2369727821
AOI-0014,2018-07-18,0.2185897452
AOI-0014,2018-08-27,0.1948083374
AOI-0014,2018-10-06,0.2257537645
AOI-0014,2019-04-01,0.2082602790
AOI-0014,2019-04-21,0.2027834587
AOI-0014,2019-05-01,0.1670174887
AOI-0014,2019-05-09,0.5637010347
AOI-0014,2019-05-27,0.7159598373
AOI-0014,2019-05-28,0.6506070186
AOI-0014,2019-06-04,0.7851125776
AOI-0014,2019-06-11,0.8555038436
AOI-0014,2019-06-15,0.8646443765
AOI-0014,2019-06-22,0.7681922912
AOI-0014,2019-07-06,0.6391213054
AOI-0014,2019-08-14,0.3399654484
AOI-0014,2019-08-26,0.1721298171
AOI-0014,2020-04-06,0.6892481893
AOI-0014,2020-04-07,0.7170914803
AOI-0014,2020-04-17,0.6626005856
AOI-0014,2020-04-22,0.6475274331
AOI-0014,2020-04-25,0.7199782847
AOI-0014,2020-05-15,0.5935374612
AOI-0014,2020-05-17,0.6564687970
AOI-0014,2020-06-04,0.6130672243
AOI-0014,2020-06-25,0.3410222236
AOI-0014,2020-07-11,0.1772227198
AOI-0014,2020-07-27,0.2765100890
AOI-0014,2020-08-16,0.1976007738
AOI-0014,2020-09-09,0.1614844585
AOI-0014,2020-09-24,0.1432307373
AOI-0014,2021-04-07,0.4614412094
AOI-0014,2021-04-29,0.6918870580
AOI-0014,2021-05-25,0.8016001845
AOI-0014,2021-08-13,0.2721557308
AOI-0014,2021-08-18,0.1556653554
AOI-0014,2021-09-14,0.1872370634
AOI-0014,2021-10-12,0.0723200953
AOI-0014,2021-10-14,0.1812703110
AOI-0014,2022-05-15,0.2638408581
AOI-0014,2022-05-26,0.3941048028
AOI-0014,2022-05-27,0.3082880241
AOI-0014,2022-06-24,0.6437380253
AOI-0014,2022-07-14,0.8128790410
AOI-0014,2022-07-24,0.7596167785
AOI-0014,2022-08-22,0.3567577002
AOI-0014,2022-08-29,0.3052943870
AOI-0014,2022-09-02,0.1880893672
AOI-0014,2022-09-08,0.2290950907
AOI-0014,2022-09-14,0.1931973930
AOI-0014,2023-06-07,0.8446456980
AOI-0014,2023-08-10,0.2071800465
AOI-0014,2024-04-04,0.7241580117
AOI-0014,2024-05-08,0.8751929644
AOI-0014,2024-05-09,0.8216096989
AOI-0014,2024-05-21,0.8331190487
AOI-0014,2024-05-23,0.8398236367
AOI-0014,2024-06-08,0.5341808234
AOI-0014,2024-07-25,0.1480164712
AOI-0014,2024-08-11,0.2108645906
AOI-0014,2024-09-01,0.1381338002
AOI-0014,2024-09-08,0.1534309859
AOI-0014,2024-09-11,0.1432989065
AOI-0014,2024-09-18,0.1538268519
AOI-0014,2024-09-29,0.1998813376
AOI-0014,2024-10-07,0.2014423156
AOI-0014,2024-10-30,0.2106402249
AOI-0014,2025-04-23,0.4385641280
AOI-0014,2025-05-01,0.2202593246
AOI-0014,2025-05-27,0.4306052058
AOI-0014,2025-06-13,0.4117986522
AOI-0014,2025-08-12,0.2361975649
AOI-0014,2025-08-15,0.2897430693
AOI-0014,2025-08-24,0.2015458208
AOI-0014,2025-09-11,0.1507965034
AOI-0014,2025-09-14,0.2674284183
AOI-0014,2025-09-23,0.1893254590
AOI-0014,2025-09-24,0.2316355722
AOI-0015,2025-05-04,0.3688675388
AOI-0015,2025-05-27,0.5384226324
AOI-0015,2025-06-07,0.4052593158
AOI-0015,2025-07-03,0.3115135867
AOI-0015,2025-07-05,0.3692915774
AOI-0015,2025-07-08,0.3179159376
AOI-0015,2025-07-13,0.2522049360
AOI-0015,2025-07-15,0.2350691295
AOI-0015,2025-07-18,0.2461306316
AOI-0015,2025-07-21,0.3452908288
AOI-0015,2025-07-23,0.2696779340
AOI-0015,2025-09-07,0.2207623161
AOI-0015,2025-10-13,0.2110066022
AOI-0015,2025-10-16,0.2757681831
AOI-0015,2025-10-18,0.2222310487
AOI-0016,2025-04-19,0.2650527843
AOI-0016,2025-05-25,0.5315147260
AOI-0016,2025-06-11,0.5484331246
AOI-0016,2025-06-26,0.7633675272
AOI-0016,2025-07-10,0.7774740230
AOI-0016,2025-07-17,0.7064695052
AOI-0016,2025-07-18,0.7390682145
AOI-0016,2025-08-19,0.3718598483
AOI-0016,2025-08-29,0.3341851464
AOI-0016,2025-10-17,0.2742083953
AOI-0017,2010-06-10,0.5923806388
AOI-0017,2010-07-29,0.5719802608
AOI-0017,2010-09-23,0.3685854072
AOI-0017,2011-04-18,0.3130369537
AOI-0017,2011-09-17,0.5192351632
AOI-0017,2011-09-26,0.5169544615
AOI-0017,2011-09-30,0.4873820135
AOI-0017,2011-10-11,0.5138644809
AOI-0017,2011-10-27,0.4983330705
AOI-0017,2012-07-18,0.6084498948
AOI-0017,2012-07-27,0.5001275422
AOI-0017,2012-08-28,0.4616562657
AOI-0017,2012-09-29,0.4499730635
AOI-0017,2013-05-25,0.6402881710
AOI-0017,2013-07-12,0.5242268933
AOI-0017,2013-08-14,0.4513227002
AOI-0017,2013-09-14,0.5662019450
AOI-0017,2013-09-30,0.6275085878
AOI-0017,2013-10-09,0.6429517437
AOI-0017,2013-10-25,0.6058772883
AOI-0017,2014-04-23,0.6964757140
AOI-0017,2014-06-06,0.6392741653
AOI-0017,2014-07-24,0.4446036304
AOI-0017,2014-10-04,0.4112087253
AOI-0017,2015-04-23,0.4698488739
AOI-0017,2015-04-30,0.4243225396
AOI-0017,2015-07-11,0.6669869592
AOI-0017,2015-07-27,0.6021308027
AOI-0017,2015-08-03,0.5814971155
AOI-0017,2015-08-29,0.4328752931
AOI-0017,2015-10-16,0.4170366327
AOI-0017,2016-04-06,0.5583423871
AOI-0017,2016-04-07,0.4390566712
AOI-0017,2016-06-18,0.6175060529
AOI-0017,2016-07-05,0.5350866762
AOI-0017,2016-07-27,0.5690709688
AOI-0017,2016-08-21,0.5735552122
AOI-0017,2016-09-15,0.5026344751
AOI-0017,2016-10-15,0.5195232795
AOI-0017,2016-10-17,0.5417975826
AOI-0017,2017-06-06,0.6609092897
AOI-0017,2017-07-31,0.6529267173
AOI-0017,2017-08-01,0.6349903751
AOI-0017,2017-09-02,0.5658527283
AOI-0017,2018-04-05,0.4463275180
AOI-0017,2018-05-09,0.6489464397
AOI-0017,2018-05-23,0.5943919736
AOI-0017,2018-06-20,0.5260193422
AOI-0017,2018-07-11,0.4552050954
AOI-0017,2018-07-12,0.5058038104
AOI-0017,2019-04-25,0.4440045616
AOI-0017,2019-04-28,0.4549301363
AOI-0017,2019-05-13,0.4944680338
AOI-0017,2019-05-18,0.6085874204
AOI-0017,2019-05-28,0.6602179781
AOI-0017,2019-06-04,0.6487180694
AOI-0017,2019-06-12,0.6636957814
AOI-0017,2019-06-17,0.6404263260
AOI-0017,2019-07-17,0.6059296154
AOI-0017,2019-08-06,0.6350203874
AOI-0017,2019-08-11,0.6752814637
AOI-0017,2019-08-24,0.4277460159
AOI-0017,2019-08-29,0.5202645764
AOI-0017,2019-08-31,0.4826064002
AOI-0017,2019-09-13,0.5228582716
AOI-0017,2020-04-25,0.3433212810
AOI-0017,2020-04-30,0.4199910674
AOI-0017,2020-05-08,0.6117131559
AOI-0017,2020-06-06,0.5807098620
AOI-0017,2020-06-26,0.5442007783
AOI-0017,2020-07-26,0.4131551268
AOI-0017,2020-08-18,0.4301381294
AOI-0017,2020-09-02,0.4215635516
AOI-0017,2020-09-04,0.4032262882
AOI-0017,2020-09-09,0.4288732416
AOI-0017,2020-09-10,0.4177093608
AOI-0017,2020-09-19,0.3605752021
AOI-0017,2020-10-12,0.3670343092
AOI-0017,2021-04-07,0.3789601444
AOI-0017,2021-05-20,0.5260951515
AOI-0017,2021-07-02,0.6337177571
AOI-0017,2021-08-29,0.4957294645
AOI-0017,2021-09-04,0.5078325787
AOI-0017,2021-09-27,0.4949122987
AOI-0017,2021-10-06,0.4069618480
AOI-0017,2021-10-27,0.4944665170
AOI-0017,2022-04-17,0.6485473859
AOI-0017,2022-04-23,0.6498408098
AOI-0017,2022-05-26,0.6541291345
AOI-0017,2022-05-27,0.6072494300
AOI-0017,2022-06-03,0.6185999171
AOI-0017,2022-06-11,0.5914523900
AOI-0017,2022-06-30,0.6125007426
AOI-0017,2022-07-12,0.5863173270
AOI-0017,2022-07-19,0.5503815459
AOI-0017,2022-07-24,0.5476098328
AOI-0017,2022-08-07,0.5599494697
AOI-0017,2022-08-14,0.5611134386
AOI-0017,2022-08-15,0.5312994101
AOI-0017,2022-08-23,0.5443977193
AOI-0017,2022-08-30,0.5324410446
AOI-0017,2022-09-17,0.4149275482
AOI-0017,2022-10-19,0.4471043391
AOI-0017,2023-04-02,0.5174794247
AOI-0017,2023-05-06,0.6338652940
AOI-0017,2023-06-11,0.5876588298
AOI-0017,2023-06-19,0.6386729981
AOI-0017,2023-06-22,0.6591741375
AOI-0017,2023-07-24,0.6105123358
AOI-0017,2023-09-19,0.4923738679
AOI-0017,2023-10-12,0.3183574814
AOI-0017,2023-10-16,0.3731412680
AOI-0017,2023-10-21,0.3155154537
AOI-0017,2024-04-04,0.5037587147
AOI-0017,2024-06-05,0.2500523882
AOI-0017,2024-06-13,0.2342017999
AOI-0017,2024-06-28,0.2244828378
AOI-0017,2024-07-19,0.2653589928
AOI-0017,2024-08-22,0.2157915688
AOI-0017,2024-09-01,0.2497953781
AOI-0017,2024-09-21,0.2551891731
AOI-0017,2024-09-29,0.2662026411
AOI-0017,2024-10-08,0.1797937049
AOI-0017,2024-10-22,0.2909259330
AOI-0017,2025-05-04,0.8700473859
AOI-0017,2025-05-27,0.7807512826
AOI-0017,2025-06-07,0.6165996741
AOI-0017,2025-06-28,0.3571935559
AOI-0017,2025-07-07,0.2490906476
AOI-0017,2025-08-23,0.2339432000
AOI-0017,2025-09-01,0.1667000806
AOI-0017,2025-10-02,0.2909309799
AOI-0018,2025-04-19,0.8448218475
AOI-0018,2025-05-27,0.6694273735
AOI-0018,2025-06-13,0.2834902343
AOI-0018,2025-06-15,0.2525606580
AOI-0018,2025-07-05,0.2382645253
AOI-0018,2025-07-07,0.2241680868
AOI-0018,2025-07-14,0.2633498766
AOI-0018,2025-07-21,0.3190817559
AOI-0018,2025-08-19,0.1726988341
AOI-0018,2025-08-27,0.1665898206
AOI-0018,2025-09-08,0.1320381300
AOI-0018,2025-09-24,0.2374488204
AOI-0018,2025-10-17,0.2666075479
AOI-0019,2025-04-14,0.5143266563
AOI-0019,2025-04-17,0.5485776220
AOI-0019,2025-04-28,0.5518752899
AOI-0019,2025-05-14,0.5770467193
AOI-0019,2025-05-25,0.6346105805
AOI-0019,2025-06-15,0.3280019387
AOI-0019,2025-06-27,0.4352501439
AOI-0019,2025-06-30,0.3750760463
AOI-0019,2025-07-10,0.2842011186
AOI-0019,2025-07-14,0.3100899416
AOI-0019,2025-08-14,0.3118748294
AOI-0019,2025-08-31,0.2331376791
AOI-0019,2025-09-15,0.2275279517
AOI-0019,2025-09-23,0.2390993641
AOI-0019,2025-09-24,0.2688581897
AOI-0019,2025-10-18,0.2263999232
AOI-0020,2025-04-18,0.2653039529
AOI-0020,2025-04-23,0.5509644984
AOI-0020,2025-05-03,0.4451443142
AOI-0020,2025-06-03,0.6531150266
AOI-0020,2025-06-11,0.4488794822
AOI-0020,2025-07-12,0.4216878870
AOI-0020,2025-07-21,0.4020903321
AOI-0020,2025-07-29,0.3456050384
AOI-0020,2025-07-30,0.2697785299
AOI-0020,2025-08-19,0.2369188559
AOI-0020,2025-10-13,0.1431880559
AOI-0021,2025-04-28,0.3632352246
AOI-0021,2025-05-27,0.5499705786
AOI-0021,2025-06-03,0.5711206683
AOI-0021,2025-07-06,0.3957988550
AOI-0021,2025-07-18,0.3154349371
AOI-0021,2025-07-29,0.3516197086
AOI-0021,2025-08-07,0.2581422907
AOI-0021,2025-08-22,0.2325407404
AOI-0021,2025-08-30,0.2721576335
AOI-0021,2025-09-15,0.2136500591
AOI-0021,2025-09-24,0.2637084437
AOI-0021,2025-10-03,0.2054090663
AOI-0022,2025-04-01,0.4952703636
AOI-0022,2025-05-03,0.8600866830
AOI-0022,2025-05-06,0.8455634957
AOI-0022,2025-05-25,0.8388443884
AOI-0022,2025-05-28,0.8230431538
AOI-0022,2025-07-08,0.1872043921
AOI-0022,2025-07-17,0.1300224000
AOI-0022,2025-07-21,0.2231900818
AOI-0022,2025-08-27,0.1473334544
AOI-0022,2025-08-31,0.1910828326
AOI-0022,2025-09-23,0.1669665363
AOI-0022,2025-09-24,0.2016417923
AOI-0022,2025-09-30,0.2624693498
AOI-0023,2025-04-16,0.2059040283
AOI-0023,2025-04-17,0.2485470563
AOI-0023,2025-04-24,0.1970735928
AOI-0023,2025-05-01,0.2018172278
AOI-0023,2025-05-04,0.2170482425
AOI-0023,2025-06-27,0.7593252679
AOI-0023,2025-07-05,0.6961151605
AOI-0023,2025-07-14,0.3608665412
AOI-0023,2025-07-15,0.3100473806
AOI-0023,2025-08-14,0.1674128404
AOI-0023,2025-08-22,0.1465820896
AOI-0023,2025-08-30,0.2021336774
AOI-0023,2025-09-21,0.1630822634
AOI-0023,2025-09-23,0.1787175677
AOI-0023,2025-10-17,0.2319959858
AOI-0024,2025-04-07,0.3466866260
AOI-0024,2025-04-23,0.3660486953
AOI-0024,2025-05-25,0.4552624383
AOI-0024,2025-05-28,0.2556630815
AOI-0024,2025-06-05,0.3281657012
AOI-0024,2025-07-03,0.4896234229
AOI-0024,2025-07-21,0.4234294089
AOI-0024,2025-07-25,0.3272847878
AOI-0024,2025-08-06,0.3231399433
AOI-0024,2025-08-09,0.2700313387
AOI-0024,2025-09-14,0.2929344285
AOI-0024,2025-09-21,0.1915796395
AOI-0024,2025-09-30,0.2514122490
AOI-0024,2025-10-02,0.2130188973
AOI-0024,2025-10-18,0.1951903472
AOI-0025,2025-04-14,0.1770180259
AOI-0025,2025-04-23,0.3321235357
AOI-0025,2025-04-24,0.1750929154
AOI-0025,2025-04-29,0.1896033260
AOI-0025,2025-05-09,0.3391485678
AOI-0025,2025-06-03,0.1876362453
AOI-0025,2025-06-13,0.1992527979
AOI-0025,2025-06-27,0.2410075650
AOI-0025,2025-07-21,0.2142385581
AOI-0025,2025-08-07,0.1568328668
AOI-0025,2025-08-30,0.1968504728
AOI-0025,2025-09-07,0.2014255371
AOI-0025,2025-09-14,0.2690602233
AOI-0025,2025-10-17,0.4003404260
AOI-0026,2025-04-07,0.6873304490
AOI-0026,2025-04-24,0.8367577894
AOI-0026,2025-05-09,0.8709975576
AOI-0026,2025-06-13,0.6054122941
AOI-0026,2025-07-08,0.2167743117
AOI-0026,2025-07-10,0.1988373396
AOI-0026,2025-07-12,0.2701021171
AOI-0026,2025-07-13,0.1893337248
AOI-0026,2025-07-18,0.1697526716
AOI-0026,2025-07-30,0.1365146787
AOI-0026,2025-08-19,0.1513718459
AOI-0026,2025-09-08,0.1202826915
AOI-0026,2025-09-23,0.1835885162
AOI-0026,2025-09-30,0.3036391033
AOI-0027,2025-04-16,0.7382987754
AOI-0027,2025-04-24,0.7919204243
AOI-0027,2025-06-13,0.4929494577
AOI-0027,2025-06-27,0.4381201609
AOI-0027,2025-07-05,0.3231177963
AOI-0027,2025-07-12,0.3802234806
AOI-0027,2025-07-13,0.2557223841
AOI-0027,2025-07-23,0.2405561285
AOI-0027,2025-07-29,0.3150653680
AOI-0027,2025-08-19,0.2560017308
AOI-0027,2025-08-30,0.2677542710
AOI-0027,2025-09-16,0.2351453624
AOI-0027,2025-10-16,0.5021817098
AOI-0028,2010-04-07,0.6076778993
AOI-0028,2010-04-15,0.5636372683
AOI-0028,2010-10-24,0.1777971669
AOI-0028,2011-05-25,0.5349535194
AOI-0028,2011-07-28,0.6037686602
AOI-0028,2011-08-08,0.5601297836
AOI-0028,2011-10-11,0.1936053614
AOI-0028,2012-04-22,0.8073612820
AOI-0028,2012-09-27,0.1500279609
AOI-0028,2012-10-15,0.2682346077
AOI-0028,2013-04-07,0.3137270215
AOI-0028,2013-06-10,0.2851330921
AOI-0028,2013-06-26,0.2750162630
AOI-0028,2013-08-29,0.2857283281
AOI-0028,2014-04-07,0.7213313797
AOI-0028,2014-05-04,0.8974099768
AOI-0028,2014-07-28,0.2831529059
AOI-0028,2014-10-11,0.1942560389
AOI-0028,2015-04-13,0.2128958755
AOI-0028,2015-08-27,0.3012214885
AOI-0028,2015-09-28,0.1920111056
AOI-0028,2016-04-07,0.6669115799
AOI-0028,2016-04-23,0.7813309139
AOI-0028,2016-06-09,0.6714112980
AOI-0028,2016-06-10,0.7282530818
AOI-0028,2016-06-25,0.3675655506
AOI-0028,2016-07-27,0.2772214551
AOI-0028,2016-09-06,0.1815235469
AOI-0028,2017-04-26,0.2750725502
AOI-0028,2017-07-23,0.2193263137
AOI-0028,2017-08-09,0.1541490187
AOI-0028,2017-08-13,0.2711574707
AOI-0028,2017-08-29,0.1775900476
AOI-0028,2017-09-17,0.2416785588
AOI-0028,2018-05-11,0.8726716785
AOI-0028,2018-08-19,0.2518282368
AOI-0028,2018-08-29,0.2417658754
AOI-0028,2018-09-12,0.1992441746
AOI-0028,2018-10-08,0.1682159574
AOI-0028,2019-04-06,0.1406229750
AOI-0028,2019-05-02,0.2774585157
AOI-0028,2019-05-25,0.4221223846
AOI-0028,2019-06-27,0.2030906391
AOI-0028,2019-08-09,0.1773213028
AOI-0028,2019-08-24,0.1213869726
AOI-0028,2019-10-17,0.6416509155
AOI-0028,2020-04-25,0.8418875266
AOI-0028,2020-05-04,0.8828665303
AOI-0028,2020-05-08,0.8828397765
AOI-0028,2020-05-30,0.8421809144
AOI-0028,2020-07-14,0.1611930148
AOI-0028,2020-08-03,0.1105150837
AOI-0028,2020-08-08,0.1544863525
AOI-0028,2020-09-02,0.1603422090
AOI-0028,2020-09-13,0.2514484330
AOI-0028,2021-06-14,0.6865021613
AOI-0028,2021-06-16,0.7630199155
AOI-0028,2021-06-24,0.8131759053
AOI-0028,2021-06-26,0.8073334170
AOI-0028,2021-07-24,0.7666477442
AOI-0028,2021-10-27,0.3210748436
AOI-0028,2022-04-07,0.6684711184
AOI-0028,2022-04-23,0.8946870086
AOI-0028,2022-06-09,0.8825777801
AOI-0028,2022-06-29,0.3406241459
AOI-0028,2022-07-28,0.2536844927
AOI-0028,2022-08-03,0.1187873941
AOI-0028,2022-08-08,0.1682760506
AOI-0028,2022-08-30,0.1779346289
AOI-0028,2022-10-01,0.2046136968
AOI-0028,2023-04-07,0.3199790828
AOI-0028,2023-04-11,0.2128334154
AOI-0028,2023-05-05,0.2271703420
AOI-0028,2023-05-09,0.4309861651
AOI-0028,2023-06-09,0.2254296125
AOI-0028,2023-08-06,0.2094449408
AOI-0028,2023-08-23,0.1419140162
AOI-0028,2023-08-29,0.2295198437
AOI-0028,2023-09-22,0.1784573797
AOI-0028,2023-09-24,0.1950649423
AOI-0028,2023-09-30,0.2872430303
AOI-0028,2024-05-07,0.8823330325
AOI-0028,2024-05-23,0.8422541808
AOI-0028,2024-05-24,0.8172314880
AOI-0028,2024-07-27,0.2029675545
AOI-0028,2024-08-03,0.1880918070
AOI-0028,2024-08-12,0.1570014453
AOI-0028,2024-09-11,0.1306287631
AOI-0028,2024-09-16,0.1358720017
AOI-0028,2025-04-07,0.3886796544
AOI-0028,2025-05-24,0.6070830562
AOI-0028,2025-05-31,0.5448020930
AOI-0028,2025-06-11,0.6789529596
AOI-0028,2025-06-26,0.5584535431
AOI-0028,2025-06-27,0.5471175452
AOI-0028,2025-07-10,0.2821863349
AOI-0028,2025-07-13,0.2194404014
AOI-0028,2025-07-23,0.1668706366
AOI-0028,2025-08-13,0.2378804082
AOI-0028,2025-09-08,0.1245866174
AOI-0028,2025-09-11,0.1374487520
AOI-0028,2025-10-16,0.1993545471
AOI-0028,2025-10-28,0.2836929129
AOI-0029,2025-04-04,0.4766832223
AOI-0029,2025-04-24,0.8303365631
AOI-0029,2025-06-08,0.7145127245
AOI-0029,2025-06-10,0.5843548281
AOI-0029,2025-06-11,0.6927201862
AOI-0029,2025-06-13,0.5647318997
AOI-0029,2025-07-29,0.1980020976
AOI-0029,2025-08-02,0.1020651260
AOI-0029,2025-08-19,0.1241632370
AOI-0029,2025-09-11,0.1377133676
AOI-0029,2025-09-16,0.1380696523
AOI-0030,2025-04-21,0.5307256697
AOI-0030,2025-04-24,0.5858085799
AOI-0030,2025-06-10,0.6685854255
AOI-0030,2025-08-07,0.6477611208
AOI-0031,2010-06-04,0.5702195560
AOI-0031,2010-09-14,0.2061096111
AOI-0031,2011-04-23,0.3527917517
AOI-0031,2011-06-10,0.4990427372
AOI-0031,2011-07-09,0.2249219550
AOI-0031,2011-08-11,0.2160368803
AOI-0031,2011-08-18,0.2047486282
AOI-0031,2011-08-19,0.1740919996
AOI-0031,2011-09-19,0.2200279567
AOI-0031,2012-04-06,0.2834877216
AOI-0031,2012-04-15,0.1887352402
AOI-0031,2013-04-07,0.5098548787
AOI-0031,2013-05-09,0.6612224292
AOI-0031,2013-05-12,0.6298632228
AOI-0031,2013-05-25,0.5457350191
AOI-0031,2013-06-12,0.2571284928
AOI-0031,2013-06-28,0.1920636586
AOI-0031,2013-07-23,0.2174879445
AOI-0031,2013-08-13,0.2800791578
AOI-0031,2013-10-16,0.3235681484
AOI-0031,2014-05-23,0.3712996166
AOI-0031,2014-06-23,0.2832365280
AOI-0031,2014-07-17,0.1541404420
AOI-0031,2014-07-28,0.2081698913
AOI-0031,2014-08-02,0.1409778363
AOI-0031,2014-08-13,0.2031344362
AOI-0031,2014-10-14,0.1522322807
AOI-0031,2015-09-22,0.2002052834
AOI-0031,2015-10-16,0.2131389438
AOI-0031,2016-04-01,0.2566853658
AOI-0031,2016-04-17,0.4216753700
AOI-0031,2016-04-22,0.5914824192
AOI-0031,2016-05-03,0.5944715675
AOI-0031,2016-05-24,0.6894498076
AOI-0031,2016-06-09,0.5542477185
AOI-0031,2016-06-12,0.5962856725
AOI-0031,2016-06-20,0.3460887233
AOI-0031,2016-06-25,0.3273344452
AOI-0031,2016-07-30,0.2413271313
AOI-0031,2017-05-06,0.7113248367
AOI-0031,2017-06-07,0.6840434367
AOI-0031,2017-08-03,0.1786145148
AOI-0031,2017-08-13,0.1844739509
AOI-0031,2017-09-04,0.1874263517
AOI-0031,2017-09-22,0.2680670800
AOI-0031,2018-04-23,0.5849830917
AOI-0031,2018-05-02,0.6870346753
AOI-0031,2018-05-18,0.6143629540
AOI-0031,2018-06-03,0.2838478556
AOI-0031,2018-06-10,0.3027655629
AOI-0031,2018-06-11,0.2621008683
AOI-0031,2018-07-13,0.2621032800
AOI-0031,2018-09-06,0.2131271853
AOI-0031,2018-09-14,0.2148036806
AOI-0031,2018-10-07,0.1664007067
AOI-0031,2018-10-12,0.1983683978
AOI-0031,2019-04-10,0.4265492488
AOI-0031,2019-06-14,0.2048681301
AOI-0031,2019-06-22,0.1387147319
AOI-0031,2019-07-09,0.1358995331
AOI-0031,2019-07-23,0.2248552424
AOI-0031,2019-08-08,0.4346826845
AOI-0031,2019-08-31,0.2292494367
AOI-0031,2019-09-17,0.1873332958
AOI-0031,2019-10-03,0.2602891730
AOI-0031,2019-10-10,0.3782845309
AOI-0031,2019-10-12,0.2727841187
AOI-0031,2019-10-22,0.5161231397
AOI-0031,2020-04-13,0.4563368952
AOI-0031,2020-06-01,0.4741751414
AOI-0031,2020-06-06,0.4971931824
AOI-0031,2020-07-11,0.1436069697
AOI-0031,2020-07-18,0.1093631089
AOI-0031,2020-07-28,0.1149347582
AOI-0031,2020-08-07,0.1193247517
AOI-0031,2020-08-17,0.1282642097
AOI-0031,2020-08-22,0.1044157975
AOI-0031,2020-09-27,0.1458853529
AOI-0031,2020-10-13,0.1829065034
AOI-0031,2020-10-19,0.0661808875
AOI-0031,2020-10-21,0.1653387217
AOI-0031,2021-04-07,0.2461345092
AOI-0031,2021-05-17,0.2821527917
AOI-0031,2021-06-11,0.1655548354
AOI-0031,2021-07-01,0.1441817102
AOI-0031,2021-07-16,0.1189001571
AOI-0031,2021-07-21,0.1204088089
AOI-0031,2021-08-06,0.1722117921
AOI-0031,2021-08-25,0.1421996728
AOI-0031,2021-08-30,0.1338119725
AOI-0031,2022-05-14,0.8323203767
AOI-0031,2022-06-10,0.6426102284
AOI-0031,2022-06-11,0.7577081195
AOI-0031,2022-06-20,0.4092922141
AOI-0031,2022-06-21,0.3511202262
AOI-0031,2022-07-08,0.1404234986
AOI-0031,2022-07-12,0.2231275886
AOI-0031,2022-09-08,0.1379263859
AOI-0031,2022-09-09,0.1167747719
AOI-0031,2022-09-10,0.1546536980
AOI-0031,2022-09-11,0.1322730428
AOI-0031,2022-09-26,0.1041055348
AOI-0031,2022-09-29,0.1260282454
AOI-0031,2023-04-04,0.3087722058
AOI-0031,2023-04-27,0.4196391686
AOI-0031,2023-05-17,0.4374975389
AOI-0031,2023-06-17,0.3360604090
AOI-0031,2023-06-23,0.2725646622
AOI-0031,2023-06-26,0.2869326578
AOI-0031,2023-07-11,0.2945978050
AOI-0031,2023-08-15,0.2439346019
AOI-0031,2023-09-19,0.1844546367
AOI-0031,2023-09-20,0.2317559064
AOI-0031,2023-09-30,0.2421645669
AOI-0031,2023-10-15,0.2048945121
AOI-0031,2023-10-24,0.1472849306
AOI-0031,2024-05-03,0.1929439507
AOI-0031,2024-06-02,0.1805352813
AOI-0031,2024-07-02,0.1552429836
AOI-0031,2024-07-10,0.1278168971
AOI-0031,2024-07-13,0.1683537007
AOI-0031,2024-08-09,0.1389745877
AOI-0031,2024-08-16,0.1375951545
AOI-0031,2024-08-26,0.1386193265
AOI-0031,2025-04-19,0.5133156457
AOI-0031,2025-04-23,0.5552346522
AOI-0031,2025-06-21,0.5035011013
AOI-0031,2025-07-12,0.2282556822
AOI-0031,2025-07-15,0.1880501006
AOI-0031,2025-08-06,0.1792044462
AOI-0031,2025-08-09,0.1641822634
AOI-0031,2025-09-08,0.1271433239
AOI-0031,2025-09-15,0.1503037068
AOI-0031,2025-09-17,0.1945191249
AOI-0031,2025-10-02,0.1947589867
AOI-0031,2025-10-22,0.1880294040
AOI-0032,2010-06-04,0.2523705063
AOI-0032,2010-06-10,0.3025701556
AOI-0032,2010-06-20,0.1849218764
AOI-0032,2010-07-12,0.2231710670
AOI-0032,2010-08-16,0.1439242652
AOI-0032,2010-09-14,0.2152932821
AOI-0032,2010-09-30,0.2068010527
AOI-0032,2011-07-12,0.3095557011
AOI-0032,2011-08-29,0.2959257871
AOI-0032,2011-09-11,0.1756964734
AOI-0032,2011-09-28,0.1899209261
AOI-0032,2012-04-06,0.3039942081
AOI-0032,2012-05-01,0.3504103324
AOI-0032,2012-06-25,0.3262367071
AOI-0032,2012-10-08,0.1495209907
AOI-0032,2013-05-19,0.4321154544
AOI-0032,2013-05-20,0.4266336170
AOI-0032,2013-06-10,0.3383944771
AOI-0032,2013-06-12,0.2984234176
AOI-0032,2013-06-13,0.3004399914
AOI-0032,2013-07-22,0.3391911732
AOI-0032,2013-07-30,0.3173646321
AOI-0032,2013-08-13,0.2942169197
AOI-0032,2013-08-29,0.2682588162
AOI-0032,2013-09-14,0.2761051061
AOI-0032,2014-06-16,0.2929772347
AOI-0032,2014-06-26,0.2360200400
AOI-0032,2014-07-12,0.2131768708
AOI-0032,2014-09-03,0.1310733392
AOI-0032,2015-04-23,0.2337877127
AOI-0032,2015-06-18,0.4903192806
AOI-0032,2015-07-13,0.3009025392
AOI-0032,2015-09-15,0.1578333362
AOI-0032,2015-09-23,0.2035083638
AOI-0032,2015-09-30,0.2100935050
AOI-0032,2016-04-06,0.3037379363
AOI-0032,2016-04-10,0.1981981562
AOI-0032,2016-05-03,0.2242318047
AOI-0032,2016-06-09,0.3284303108
AOI-0032,2016-06-28,0.2174590054
AOI-0032,2016-07-15,0.1596185521
AOI-0032,2016-07-30,0.2010745496
AOI-0032,2016-08-16,0.1642252565
AOI-0032,2016-09-09,0.1787194773
AOI-0032,2016-10-18,0.3837921988
AOI-0032,2017-04-04,0.4057106126
AOI-0032,2017-04-28,0.6815500262
AOI-0032,2017-05-09,0.7980853903
AOI-0032,2017-07-02,0.2216034977
AOI-0032,2017-08-02,0.1802784326
AOI-0032,2017-08-11,0.1297394688
AOI-0032,2017-08-19,0.1318693496
AOI-0032,2017-08-27,0.1870241406
AOI-0032,2017-09-03,0.1694213377
AOI-0032,2017-09-12,0.1471048809
AOI-0032,2018-04-15,0.2154338947
AOI-0032,2018-06-10,0.2164691987
AOI-0032,2018-06-19,0.1436408922
AOI-0032,2018-09-14,0.1705829335
AOI-0032,2018-09-23,0.1563370631
AOI-0032,2018-09-30,0.2027273176
AOI-0032,2018-10-07,0.1727099740
AOI-0032,2018-10-12,0.2174715347
AOI-0032,2019-04-26,0.6822776079
AOI-0032,2019-04-28,0.6525497733
AOI-0032,2019-05-18,0.8034966225
AOI-0032,2019-05-20,0.7914533896
AOI-0032,2019-05-30,0.6656571468
AOI-0032,2019-06-14,0.2216555436
AOI-0032,2019-06-19,0.2064473239
AOI-0032,2019-07-23,0.1599918819
AOI-0032,2019-09-25,0.0855417736
AOI-0032,2019-10-05,0.1309744290
AOI-0032,2019-10-11,0.2539563548
AOI-0032,2019-10-25,0.2903654336
AOI-0032,2019-10-28,0.3140142989
AOI-0032,2020-05-27,0.3958652067
AOI-0032,2020-05-30,0.4112235849
AOI-0032,2020-06-24,0.1866195012
AOI-0032,2020-06-26,0.1763118885
AOI-0032,2020-08-05,0.1166270923
AOI-0032,2020-08-07,0.1219820074
AOI-0032,2020-09-13,0.1944548351
AOI-0032,2020-09-28,0.0960726093
AOI-0032,2020-09-29,0.1505837181
AOI-0032,2020-10-05,0.1305125038
AOI-0032,2020-10-06,0.1486129783
AOI-0032,2020-10-24,0.1444161025
AOI-0032,2021-04-04,0.0828535273
AOI-0032,2021-04-23,0.2479395721
AOI-0032,2021-05-01,0.1984374039
AOI-0032,2021-05-25,0.3184229053
AOI-0032,2021-06-18,0.1751119190
AOI-0032,2021-07-01,0.1512649322
AOI-0032,2021-07-18,0.1317758364
AOI-0032,2021-09-06,0.1469310352
AOI-0032,2021-09-15,0.1689857504
AOI-0032,2021-10-08,0.3032646239
AOI-0032,2022-04-26,0.7989828051
AOI-0032,2022-05-09,0.8248752049
AOI-0032,2022-05-13,0.8589950849
AOI-0032,2022-05-29,0.8565415071
AOI-0032,2022-06-06,0.7656854705
AOI-0032,2022-06-13,0.6044308848
AOI-0032,2022-06-30,0.3198933208
AOI-0032,2022-08-01,0.1701303866
AOI-0032,2022-08-02,0.1081715099
AOI-0032,2022-08-15,0.1091076394
AOI-0032,2022-08-24,0.1585691668
AOI-0032,2022-08-29,0.1929121088
AOI-0032,2022-09-11,0.1339165837
AOI-0032,2023-04-07,0.2397709150
AOI-0032,2023-04-12,0.1701607501
AOI-0032,2023-05-12,0.2036022898
AOI-0032,2023-05-15,0.2435483294
AOI-0032,2023-05-24,0.3074876733
AOI-0032,2023-06-06,0.4062846302
AOI-0032,2023-06-18,0.4743330760
AOI-0032,2023-07-26,0.2973118624
AOI-0032,2023-07-28,0.3178775953
AOI-0032,2023-08-08,0.2417420625
AOI-0032,2023-09-01,0.2293557430
AOI-0032,2023-09-11,0.2291391359
AOI-0032,2023-09-24,0.1902873067
AOI-0032,2024-04-07,0.2253661436
AOI-0032,2024-05-06,0.2035832633
AOI-0032,2024-06-03,0.2418518034
AOI-0032,2024-07-12,0.1388329109
AOI-0032,2024-07-25,0.1489763049
AOI-0032,2024-07-30,0.1299516986
AOI-0032,2024-08-22,0.1560957592
AOI-0032,2024-08-30,0.1616189174
AOI-0032,2024-09-13,0.1450542938
AOI-0032,2024-09-18,0.1473677854
AOI-0032,2024-10-05,0.1350704420
AOI-0032,2024-10-15,0.2055806199
AOI-0032,2024-10-23,0.1381588474
AOI-0032,2025-05-06,0.6615945914
AOI-0032,2025-05-28,0.7251458547
AOI-0032,2025-06-30,0.2780189302
AOI-0032,2025-07-07,0.1830964015
AOI-0032,2025-07-10,0.1654809195
AOI-0032,2025-08-13,0.2255508021
AOI-0032,2025-08-16,0.1464479045
AOI-0032,2025-08-24,0.1331436285
AOI-0032,2025-08-31,0.1499758572
AOI-0032,2025-09-03,0.1281829985
AOI-0032,2025-10-08,0.1509070928
AOI-0033,2025-04-28,0.2086212165
AOI-0033,2025-05-20,0.3085023134
AOI-0033,2025-06-10,0.6423133066
AOI-0033,2025-06-22,0.7138017058
AOI-0033,2025-07-05,0.4578482558
AOI-0033,2025-07-10,0.3355257447
AOI-0033,2025-09-15,0.2730945172
AOI-0034,2025-04-25,0.1687925590
AOI-0034,2025-05-06,0.1633382273
AOI-0034,2025-05-09,0.3210240252
AOI-0034,2025-06-10,0.2079218099
AOI-0034,2025-06-15,0.1390093634
AOI-0034,2025-06-21,0.2254207414
AOI-0034,2025-07-07,0.1148644340
AOI-0034,2025-07-10,0.1194604454
AOI-0034,2025-07-16,0.2044474561
AOI-0034,2025-08-31,0.1417433174
AOI-0034,2025-09-13,0.1317693904
AOI-0034,2025-09-23,0.1516366889
AOI-0034,2025-10-02,0.2506744066
AOI-0034,2025-10-16,0.6227350162
AOI-0035,2025-05-16,0.1367860769
AOI-0035,2025-05-20,0.2174913900
AOI-0035,2025-06-05,0.1534258378
AOI-0035,2025-06-07,0.1373786544
AOI-0035,2025-06-10,0.2124327321
AOI-0035,2025-07-30,0.1313523400
AOI-0035,2025-08-31,0.1374546309
AOI-0035,2025-09-26,0.1851847985
AOI-0035,2025-09-28,0.1499128172
AOI-0035,2025-10-02,0.1846313842
AOI-0035,2025-10-30,0.5957479496
AOI-0036,2025-05-16,0.5767261031
AOI-0036,2025-07-16,0.2708259521
AOI-0036,2025-08-01,0.1889612399
AOI-0036,2025-08-09,0.1561568759
AOI-0036,2025-08-23,0.1674519693
AOI-0036,2025-10-02,0.2079287235
AOI-0037,2025-04-07,0.5605056905
AOI-0037,2025-04-16,0.5249477183
AOI-0037,2025-05-23,0.6144509377
AOI-0037,2025-06-30,0.3819919838
AOI-0037,2025-07-14,0.2730066367
AOI-0037,2025-07-23,0.2846127599
AOI-0037,2025-08-09,0.2220966574
AOI-0037,2025-08-16,0.2325432804
AOI-0037,2025-09-12,0.1936662391
AOI-0037,2025-09-13,0.1955608561
AOI-0037,2025-09-23,0.2073320125
AOI-0037,2025-09-26,0.2367753729
AOI-0037,2025-09-30,0.2705340040
AOI-0037,2025-10-05,0.1845280653
AOI-0038,2025-04-07,0.5048909998
AOI-0038,2025-04-25,0.4885443281
AOI-0038,2025-06-14,0.4716767618
AOI-0038,2025-07-10,0.1911372237
AOI-0038,2025-07-15,0.1898935223
AOI-0038,2025-08-14,0.1835606566
AOI-0038,2025-09-02,0.2167425581
AOI-0038,2025-10-05,0.1617761772
AOI-0038,2025-10-08,0.1737810941
AOI-0038,2025-10-16,0.2973138325
AOI-0039,2025-05-04,0.7395559137
AOI-0039,2025-05-08,0.6657368525
AOI-0039,2025-05-28,0.6549945373
AOI-0039,2025-07-10,0.4252065356
AOI-0039,2025-08-06,0.3394393953
AOI-0039,2025-08-24,0.3224386436
AOI-0039,2025-09-08,0.2894186378
AOI-0039,2025-09-12,0.3015790698
AOI-0039,2025-09-14,0.3766384208
AOI-0039,2025-09-26,0.3438733303
AOI-0039,2025-10-23,0.3390681058
AOI-0040,2025-04-02,0.3073404106
AOI-0040,2025-04-03,0.3269026631
AOI-0040,2025-05-06,0.6959728512
AOI-0040,2025-06-07,0.6892479400
AOI-0040,2025-07-08,0.2400472498
AOI-0040,2025-09-12,0.1359213512
AOI-0040,2025-09-13,0.1320959373
AOI-0040,2025-09-28,0.1401728340
AOI-0040,2025-09-30,0.1993049642
AOI-0040,2025-10-02,0.1692791894
AOI-0041,2025-04-23,0.6157737325
AOI-0041,2025-05-20,0.6201111625
AOI-0041,2025-06-22,0.3707157543
AOI-0041,2025-06-27,0.3966910613
AOI-0041,2025-07-23,0.2963347058
AOI-0041,2025-08-19,0.2246818271
AOI-0041,2025-09-30,0.2799609535
AOI-0042,2025-04-18,0.1535884879
AOI-0042,2025-05-04,0.1869995658
AOI-0042,2025-06-13,0.1979518611
AOI-0042,2025-07-14,0.1377421353
AOI-0042,2025-07-16,0.1874829277
AOI-0042,2025-07-24,0.1856920676
AOI-0042,2025-08-17,0.1686635978
AOI-0042,2025-08-19,0.1339047977
AOI-0042,2025-08-24,0.1210072030
AOI-0042,2025-08-29,0.1420904114
AOI-0042,2025-09-15,0.1308482270
AOI-0042,2025-09-17,0.1737848704
AOI-0042,2025-10-02,0.1778957339
AOI-0043,2025-04-24,0.2049698055
AOI-0043,2025-04-29,0.2170977700
AOI-0043,2025-05-31,0.1581437410
AOI-0043,2025-06-08,0.1710737081
AOI-0043,2025-06-15,0.1463676516
AOI-0043,2025-06-17,0.1371692327
AOI-0043,2025-06-25,0.1136037616
AOI-0043,2025-07-07,0.1480936200
AOI-0043,2025-07-13,0.1551616607
AOI-0043,2025-08-12,0.1552411206
AOI-0043,2025-09-24,0.2051281430
AOI-0043,2025-10-13,0.1584191769
AOI-0043,2025-10-15,0.1659816609
AOI-0044,2010-04-16,0.2141741237
AOI-0044,2010-04-25,0.2838555817
AOI-0044,2010-05-09,0.4980967806
AOI-0044,2010-05-18,0.4099369914
AOI-0044,2010-06-12,0.4171094211
AOI-0044,2010-06-20,0.4401952557
AOI-0044,2010-06-28,0.4431332787
AOI-0044,2010-07-29,0.2608291054
AOI-0044,2010-08-06,0.2066292666
AOI-0044,2010-10-16,0.2804191913
AOI-0044,2010-10-25,0.1807084410
AOI-0044,2011-07-16,0.6629764473
AOI-0044,2011-08-01,0.3258943081
AOI-0044,2011-08-02,0.3083752869
AOI-0044,2011-10-16,0.3622764894
AOI-0044,2012-04-06,0.3482553868
AOI-0044,2012-05-08,0.6412333558
AOI-0044,2013-05-02,0.2390276093
AOI-0044,2013-05-03,0.2589424587
AOI-0044,2013-05-11,0.2848570165
AOI-0044,2014-04-07,0.3668566250
AOI-0044,2014-06-06,0.2564938914
AOI-0044,2014-06-14,0.2544078585
AOI-0044,2014-06-23,0.2371381581
AOI-0044,2014-08-02,0.1649018766
AOI-0044,2014-08-09,0.1597621858
AOI-0044,2014-08-29,0.2318428749
AOI-0044,2014-09-18,0.1909099301
AOI-0044,2014-09-19,0.1541232881
AOI-0044,2014-10-04,0.1979551557
AOI-0044,2014-10-12,0.1680852352
AOI-0044,2014-10-28,0.1849254016
AOI-0044,2014-10-29,0.2229528380
AOI-0044,2015-06-26,0.4474077268
AOI-0044,2015-07-27,0.2229983666
AOI-0044,2015-07-28,0.2841959205
AOI-0044,2015-08-29,0.2314666292
AOI-0044,2015-10-08,0.1920333877
AOI-0044,2015-10-16,0.2599466756
AOI-0044,2016-04-08,0.5231835838
AOI-0044,2016-05-08,0.8724249192
AOI-0044,2016-05-11,0.8609272288
AOI-0044,2016-06-20,0.3865261873
AOI-0044,2016-06-25,0.3704990083
AOI-0044,2016-07-13,0.2766244933
AOI-0044,2016-07-27,0.3337064807
AOI-0044,2016-09-07,0.2136776242
AOI-0044,2016-09-13,0.2773454693
AOI-0044,2016-10-02,0.2265530268
AOI-0044,2016-10-26,0.2166373895
AOI-0044,2017-04-03,0.1882229920
AOI-0044,2017-04-04,0.1855870817
AOI-0044,2017-04-12,0.2190679021
AOI-0044,2017-06-27,0.2305939823
AOI-0044,2017-06-30,0.2202941658
AOI-0044,2017-08-10,0.1579318692
AOI-0044,2017-09-14,0.2567785318
AOI-0044,2018-04-06,0.5297190945
AOI-0044,2018-07-12,0.2342478881
AOI-0044,2018-07-19,0.1591067913
AOI-0044,2018-09-30,0.2336078256
AOI-0044,2019-04-25,0.3872675946
AOI-0044,2019-04-26,0.3830180590
AOI-0044,2019-06-02,0.6803747841
AOI-0044,2019-06-12,0.4599556323
AOI-0044,2019-06-20,0.3094925374
AOI-0044,2019-08-13,0.4291817090
AOI-0044,2019-09-10,0.1676799194
AOI-0044,2019-09-15,0.1505355218
AOI-0044,2019-09-16,0.2036978770
AOI-0044,2019-10-10,0.1924773208
AOI-0044,2020-04-17,0.1943260482
AOI-0044,2020-04-22,0.2176990113
AOI-0044,2020-05-17,0.1936665916
AOI-0044,2020-06-30,0.2295097892
AOI-0044,2020-08-10,0.1276836128
AOI-0044,2020-09-09,0.1466252719
AOI-0044,2020-09-10,0.1466071981
AOI-0044,2020-09-26,0.1209717642
AOI-0044,2020-09-29,0.1533704305
AOI-0044,2020-10-14,0.1492575664
AOI-0044,2020-10-21,0.1613263960
AOI-0044,2021-05-12,0.6621377502
AOI-0044,2021-05-17,0.6897370924
AOI-0044,2021-05-25,0.7286997995
AOI-0044,2021-07-16,0.2164053960
AOI-0044,2021-07-21,0.1632461339
AOI-0044,2021-09-30,0.2413567205
AOI-0044,2021-10-07,0.1745215526
AOI-0044,2022-05-27,0.6960914831
AOI-0044,2022-06-06,0.7103768460
AOI-0044,2022-06-12,0.6933461603
AOI-0044,2022-07-07,0.2235985081
AOI-0044,2022-08-10,0.2222963598
AOI-0044,2022-08-13,0.2740292180
AOI-0044,2022-08-24,0.2625291981
AOI-0044,2022-09-25,0.2272875053
AOI-0044,2022-09-30,0.2779527989
AOI-0044,2023-04-02,0.1980399034
AOI-0044,2023-04-07,0.3047894470
AOI-0044,2023-06-06,0.2316631594
AOI-0044,2023-06-30,0.2269538202
AOI-0044,2023-07-05,0.2100802925
AOI-0044,2023-07-09,0.2033705199
AOI-0044,2023-07-11,0.1184566989
AOI-0044,2023-07-16,0.1497332615
AOI-0044,2023-07-25,0.2155458753
AOI-0044,2023-08-05,0.1435887619
AOI-0044,2023-08-25,0.1471873098
AOI-0044,2023-09-30,0.2776254592
AOI-0044,2023-10-14,0.2258018218
AOI-0044,2024-04-06,0.7930611334
AOI-0044,2024-04-14,0.8376723651
AOI-0044,2024-06-05,0.5792443740
AOI-0044,2024-09-06,0.1643798858
AOI-0044,2024-09-21,0.1578680630
AOI-0044,2025-04-02,0.1953221738
AOI-0044,2025-05-20,0.2493819834
AOI-0044,2025-07-06,0.2290008230
AOI-0044,2025-07-10,0.1367126676
AOI-0044,2025-08-14,0.1471058273
AOI-0044,2025-09-23,0.1494486383
AOI-0044,2025-10-03,0.1556564908
AOI-0044,2025-10-15,0.1545556284
AOI-0045,2025-04-26,0.2012764506
AOI-0045,2025-06-15,0.1450504002
AOI-0045,2025-06-27,0.1699529441
AOI-0045,2025-06-29,0.2140022882
AOI-0045,2025-07-31,0.1992889300
AOI-0045,2025-08-13,0.2240020014
AOI-0045,2025-08-15,0.2008322882
AOI-0045,2025-08-16,0.1365207206
AOI-0045,2025-09-30,0.2247090404
AOI-0045,2025-10-15,0.1572702523
AOI-0046,2010-06-26,0.3346978463
AOI-0046,2010-07-12,0.3542964301
AOI-0046,2010-09-14,0.3956162742
AOI-0046,2011-05-30,0.3069503127
AOI-0046,2011-08-17,0.1857656104
AOI-0046,2012-04-22,0.4345227411
AOI-0046,2012-04-29,0.3063433412
AOI-0046,2012-06-09,0.5533997588
AOI-0046,2013-04-25,0.2330229517
AOI-0046,2013-05-09,0.4727606095
AOI-0046,2013-06-11,0.5702206195
AOI-0046,2013-06-27,0.3776427307
AOI-0046,2013-07-21,0.3098060474
AOI-0046,2013-07-28,0.3613875350
AOI-0046,2013-07-30,0.2804061100
AOI-0046,2014-05-25,0.7259808408
AOI-0046,2014-05-29,0.7740556927
AOI-0046,2014-07-01,0.3036406438
AOI-0046,2014-07-12,0.3141938353
AOI-0046,2014-08-01,0.1947244757
AOI-0046,2014-08-25,0.1469923443
AOI-0046,2014-09-19,0.1469017841
AOI-0046,2015-05-17,0.2603985132
AOI-0046,2015-07-12,0.3479388573
AOI-0046,2015-09-22,0.2051165822
AOI-0046,2015-10-16,0.2642959980
AOI-0046,2016-05-02,0.8273270901
AOI-0046,2016-05-10,0.8559160585
AOI-0046,2016-05-18,0.8421771538
AOI-0046,2016-06-03,0.7141060112
AOI-0046,2016-06-09,0.6262000023
AOI-0046,2016-07-13,0.2007880842
AOI-0046,2016-07-30,0.2552637219
AOI-0046,2016-10-02,0.2425375193
AOI-0046,2016-10-17,0.2899361262
AOI-0046,2016-10-25,0.3077543465
AOI-0046,2017-04-13,0.4015644720
AOI-0046,2017-06-27,0.4440689522
AOI-0046,2017-07-02,0.3186616490
AOI-0046,2017-07-24,0.2239660898
AOI-0046,2017-08-09,0.1732308927
AOI-0046,2017-08-21,0.1538568866
AOI-0046,2017-09-10,0.2337273472
AOI-0046,2017-09-15,0.2698698064
AOI-0046,2017-10-12,0.3132142361
AOI-0046,2018-05-09,0.3593502669
AOI-0046,2018-06-01,0.2074695223
AOI-0046,2018-07-20,0.1904521394
AOI-0046,2018-08-20,0.1660605542
AOI-0046,2018-08-29,0.1922060772
AOI-0046,2018-10-15,0.1903295950
AOI-0046,2018-10-24,0.2170144114
AOI-0046,2019-04-01,0.2379737815
AOI-0046,2019-04-18,0.3934593156
AOI-0046,2019-05-19,0.7726523488
AOI-0046,2019-08-01,0.2042947895
AOI-0046,2019-09-01,0.2014872291
AOI-0046,2019-10-20,0.3909198406
AOI-0046,2020-04-04,0.8006542685
AOI-0046,2020-04-07,0.8318954677
AOI-0046,2020-05-08,0.8522852132
AOI-0046,2020-05-24,0.8478201809
AOI-0046,2020-06-09,0.6954729084
AOI-0046,2020-09-10,0.1388937261
AOI-0046,2020-09-13,0.2078781699
AOI-0046,2020-09-26,0.1128209248
AOI-0046,2020-10-21,0.1502905384
AOI-0046,2021-05-02,0.5275364512
AOI-0046,2021-05-25,0.8202340609
AOI-0046,2021-07-11,0.2948792741
AOI-0046,2021-07-28,0.3260243155
AOI-0046,2021-08-13,0.4040618884
AOI-0046,2021-08-20,0.2123121965
AOI-0046,2021-08-29,0.3917256443
AOI-0046,2021-09-06,0.4003111059
AOI-0046,2022-06-05,0.2627140327
AOI-0046,2022-07-24,0.1818317235
AOI-0046,2022-07-29,0.1843006664
AOI-0046,2022-07-30,0.2207780742
AOI-0046,2022-08-24,0.2085495904
AOI-0046,2022-08-30,0.1661230111
AOI-0046,2023-04-02,0.5628000735
AOI-0046,2023-04-29,0.8195530788
AOI-0046,2023-05-06,0.8604901596
AOI-0046,2023-06-21,0.6224490237
AOI-0046,2023-06-24,0.5170195789
AOI-0046,2023-07-22,0.2473917824
AOI-0046,2023-07-25,0.2754079858
AOI-0046,2023-08-13,0.1798977792
AOI-0046,2023-08-18,0.1654568341
AOI-0046,2023-08-25,0.1502378366
AOI-0046,2023-08-27,0.1968323776
AOI-0046,2023-08-28,0.1401398290
AOI-0046,2023-10-13,0.2204209831
AOI-0046,2023-10-29,0.3333774173
AOI-0046,2024-04-06,0.7074397283
AOI-0046,2024-05-08,0.8721066436
AOI-0046,2024-05-09,0.8614163140
AOI-0046,2024-06-01,0.7752170533
AOI-0046,2024-06-09,0.5624585778
AOI-0046,2024-07-03,0.2339248810
AOI-0046,2024-07-19,0.1929253826
AOI-0046,2024-08-09,0.1435080156
AOI-0046,2024-08-20,0.1926947330
AOI-0046,2024-08-28,0.2106447075
AOI-0046,2024-09-13,0.1601394940
AOI-0046,2024-09-22,0.1891874049
AOI-0046,2024-10-13,0.1174423598
AOI-0046,2025-06-30,0.6623823768
AOI-0046,2025-07-15,0.4628436754
AOI-0046,2025-08-07,0.4036993529
AOI-0046,2025-08-15,0.4196335828
AOI-0046,2025-09-24,0.2213686936
AOI-0046,2025-10-02,0.2207266553
AOI-0047,2025-05-08,0.7751132463
AOI-0047,2025-05-16,0.7938464863
AOI-0047,2025-05-25,0.7521703587
AOI-0047,2025-06-15,0.3554959239
AOI-0047,2025-07-17,0.1606029357
AOI-0047,2025-07-18,0.1573180710
AOI-0047,2025-09-03,0.1303271875
AOI-0047,2025-10-15,0.1631401862
AOI-0047,2025-10-16,0.2529157620
AOI-0048,2025-04-07,0.7203103481
AOI-0048,2025-04-17,0.6896206749
AOI-0048,2025-05-09,0.7664218036
AOI-0048,2025-09-17,0.1902834112
AOI-0048,2025-09-24,0.1913378849
AOI-0049,2025-05-04,0.7970952056
AOI-0049,2025-06-26,0.3114990026
AOI-0049,2025-06-27,0.1957386628
AOI-0049,2025-07-29,0.2269247067
AOI-0049,2025-08-06,0.1981581448
AOI-0049,2025-08-12,0.1617651650
AOI-0049,2025-08-17,0.1587219954
AOI-0049,2025-09-06,0.1811436242
AOI-0049,2025-09-14,0.2280673699
AOI-0049,2025-09-26,0.1750588959
AOI-0049,2025-09-30,0.3034325408
AOI-0049,2025-10-08,0.1699674661
AOI-0049,2025-10-16,0.2337410746
AOI-0049,2025-10-28,0.2282685541
AOI-0050,2025-04-14,0.3402135249
AOI-0050,2025-04-15,0.3871725197
AOI-0050,2025-05-25,0.6163908783
AOI-0050,2025-06-27,0.4878024956
AOI-0050,2025-08-07,0.3096627145
AOI-0050,2025-08-09,0.2984544561
AOI-0050,2025-08-13,0.3958144043
AOI-0050,2025-08-17,0.3226605699
AOI-0050,2025-09-07,0.3550392820
AOI-0050,2025-09-30,0.4270451887
AOI-0050,2025-10-17,0.3970216674
AOI-0050,2025-10-28,0.4030279511
AOI-0051,2010-06-09,0.6811356688
AOI-0051,2011-06-04,0.5320234319
AOI-0051,2011-06-05,0.5486106954
AOI-0051,2011-06-12,0.6720609033
AOI-0051,2011-06-13,0.6532079342
AOI-0051,2011-09-01,0.5645482173
AOI-0051,2011-10-11,0.3856765525
AOI-0051,2012-04-27,0.4915506909
AOI-0051,2012-05-22,0.6320043309
AOI-0051,2012-08-12,0.4532321784
AOI-0051,2012-08-26,0.3505526577
AOI-0051,2012-08-28,0.4377484242
AOI-0051,2012-09-18,0.3254769849
AOI-0051,2012-10-13,0.3913913646
AOI-0051,2013-05-01,0.7386470705
AOI-0051,2013-07-19,0.4081182643
AOI-0051,2013-07-28,0.5011931191
AOI-0051,2013-08-29,0.4384342991
AOI-0051,2013-10-07,0.4547566569
AOI-0051,2013-10-16,0.4968038518
AOI-0051,2014-04-18,0.7825152377
AOI-0051,2014-06-05,0.6751412416
AOI-0051,2014-06-10,0.5630523601
AOI-0051,2014-06-28,0.4954559385
AOI-0051,2014-09-08,0.3657738289
AOI-0051,2014-09-16,0.3892360126
AOI-0051,2015-04-07,0.4113951414
AOI-0051,2015-05-23,0.6890733439
AOI-0051,2015-06-10,0.7228900774
AOI-0051,2015-06-15,0.7608765160
AOI-0051,2015-06-26,0.6438843971
AOI-0051,2015-09-14,0.3937277102
AOI-0051,2015-09-20,0.3472147020
AOI-0051,2015-10-06,0.2645508195
AOI-0051,2016-04-06,0.7136831224
AOI-0051,2016-06-25,0.5015654384
AOI-0051,2016-07-12,0.4222011429
AOI-0051,2016-08-28,0.3923685714
AOI-0051,2016-09-14,0.3785783881
AOI-0051,2016-09-29,0.4138875981
AOI-0051,2016-10-24,0.2194186592
AOI-0051,2017-05-28,0.5450740477
AOI-0051,2017-06-21,0.6648708893
AOI-0051,2017-06-28,0.6460551505
AOI-0051,2017-07-06,0.6336826053
AOI-0051,2017-07-23,0.6701294736
AOI-0051,2017-09-25,0.3245343827
AOI-0051,2017-09-30,0.3988929722
AOI-0051,2017-10-16,0.2835165858
AOI-0051,2018-04-11,0.4427654548
AOI-0051,2018-04-28,0.6463384287
AOI-0051,2018-04-29,0.6741735284
AOI-0051,2018-05-30,0.7547608301
AOI-0051,2018-06-26,0.4207356740
AOI-0051,2018-07-02,0.2948651940
AOI-0051,2018-08-02,0.3374632395
AOI-0051,2018-08-18,0.3046306731
AOI-0051,2018-09-14,0.3827157892
AOI-0051,2018-09-19,0.2919354029
AOI-0051,2018-10-14,0.2443499685
AOI-0051,2019-05-17,0.7771597750
AOI-0051,2019-05-31,0.7307407749
AOI-0051,2019-06-25,0.2583852759
AOI-0051,2019-06-30,0.2646179569
AOI-0051,2019-07-29,0.3543871342
AOI-0051,2019-08-05,0.3446621364
AOI-0051,2019-08-13,0.3593470284
AOI-0051,2019-08-22,0.3001526278
AOI-0051,2019-09-13,0.2427401781
AOI-0051,2019-10-16,0.3638600133
AOI-0051,2020-04-26,0.4627665398
AOI-0051,2020-06-09,0.7534657196
AOI-0051,2020-07-04,0.4764463919
AOI-0051,2020-07-27,0.4086578616
AOI-0051,2020-08-31,0.3635499074
AOI-0051,2020-09-07,0.2451931564
AOI-0051,2020-10-27,0.1666567468
AOI-0051,2021-05-06,0.7560883254
AOI-0051,2021-06-23,0.5310139769
AOI-0051,2021-07-19,0.2840293609
AOI-0051,2021-07-28,0.4193500272
AOI-0051,2021-08-23,0.3327936329
AOI-0051,2021-08-28,0.3517680518
AOI-0051,2021-08-29,0.4574575978
AOI-0051,2021-09-03,0.4215483689
AOI-0051,2021-09-07,0.3281421394
AOI-0051,2021-10-02,0.3179674220
AOI-0051,2021-10-21,0.3096865804
AOI-0051,2022-05-09,0.4987993454
AOI-0051,2022-05-26,0.5053270871
AOI-0051,2022-05-27,0.4749455614
AOI-0051,2022-06-11,0.6533397404
AOI-0051,2022-06-19,0.6862175808
AOI-0051,2022-06-30,0.7678750358
AOI-0051,2022-07-09,0.7542702011
AOI-0051,2022-07-12,0.7385040890
AOI-0051,2022-07-22,0.7012876831
AOI-0051,2022-07-24,0.7082162019
AOI-0051,2022-07-29,0.7282087237
AOI-0051,2022-08-13,0.6994637027
AOI-0051,2022-08-28,0.5010706229
AOI-0051,2022-09-06,0.4840207741
AOI-0051,2022-09-14,0.4716855775
AOI-0051,2022-10-07,0.3581258626
AOI-0051,2022-10-15,0.3639049500
AOI-0051,2023-04-23,0.8311577934
AOI-0051,2023-07-31,0.3778940888
AOI-0051,2023-08-28,0.3284389530
AOI-0051,2023-09-09,0.3126658485
AOI-0051,2023-09-27,0.3795358350
AOI-0051,2023-10-04,0.3670156757
AOI-0051,2024-04-05,0.3453193239
AOI-0051,2024-05-04,0.4236893119
AOI-0051,2024-05-22,0.5167555473
AOI-0051,2024-06-03,0.5234130584
AOI-0051,2024-06-23,0.4890324670
AOI-0051,2024-07-28,0.3038180232
AOI-0051,2024-08-27,0.2482586347
AOI-0051,2024-09-03,0.2903102887
AOI-0051,2024-10-01,0.2649523137
AOI-0051,2024-10-05,0.3035721618
AOI-0051,2024-10-06,0.2580476472
AOI-0051,2024-10-15,0.3370267830
AOI-0051,2025-05-09,0.8043316484
AOI-0051,2025-06-10,0.4584094741
AOI-0051,2025-06-27,0.3886355861
AOI-0051,2025-07-05,0.3401071209
AOI-0051,2025-07-10,0.2110158804
AOI-0051,2025-08-05,0.2286097356
AOI-0051,2025-08-12,0.1724301178
AOI-0051,2025-09-15,0.2329242584
AOI-0051,2025-09-16,0.2053887369
AOI-0052,2025-04-19,0.1937098301
AOI-0052,2025-06-08,0.3638193411
AOI-0052,2025-06-11,0.4900939980
AOI-0052,2025-07-05,0.6879730103
AOI-0052,2025-07-18,0.3270127599
AOI-0052,2025-08-22,0.1432594908
AOI-0052,2025-08-27,0.1519939707
AOI-0052,2025-09-06,0.1673542523
AOI-0052,2025-09-14,0.2188207661
AOI-0052,2025-10-17,0.2553939779
AOI-0053,2025-04-11,0.7266598656
AOI-0053,2025-04-14,0.7802396036
AOI-0053,2025-04-16,0.7619365859
AOI-0053,2025-04-19,0.8262147318
AOI-0053,2025-04-23,0.8465824941
AOI-0053,2025-06-26,0.3839880096
AOI-0053,2025-07-28,0.1635222056
AOI-0053,2025-08-02,0.1330955077
AOI-0053,2025-08-09,0.1243642329
AOI-0053,2025-08-12,0.1428037171
AOI-0053,2025-08-29,0.1463164594
AOI-0053,2025-09-01,0.1271619610
AOI-0053,2025-09-07,0.1930155089
AOI-0053,2025-09-11,0.1550192811
AOI-0053,2025-09-14,0.2278122168
AOI-0053,2025-09-15,0.1784733895
AOI-0053,2025-09-21,0.1513664206
AOI-0053,2025-09-26,0.1679740100
AOI-0053,2025-10-28,0.2480338479
AOI-0054,2025-04-11,0.5423760552
AOI-0054,2025-04-19,0.6541298466
AOI-0054,2025-05-04,0.7539279495
AOI-0054,2025-06-03,0.7838840180
AOI-0054,2025-07-28,0.6902278524
AOI-0054,2025-08-12,0.7019842232
AOI-0054,2025-09-21,0.6653037785
AOI-0054,2025-09-30,0.6485811429
AOI-0054,2025-10-16,0.6676791307
AOI-0055,2025-04-01,0.3264995186
AOI-0055,2025-04-11,0.3588792372
AOI-0055,2025-05-09,0.4887462040
AOI-0055,2025-07-04,0.5446963925
AOI-0055,2025-07-05,0.5211785889
AOI-0055,2025-07-08,0.4689230279
AOI-0055,2025-07-23,0.4070334063
AOI-0055,2025-08-17,0.3853068485
AOI-0055,2025-09-14,0.4296505295
AOI-0055,2025-09-22,0.4296968707
AOI-0056,2025-04-23,0.8072948545
AOI-0056,2025-05-24,0.7704744459
AOI-0056,2025-06-10,0.4370838004
AOI-0056,2025-06-19,0.3903366413
AOI-0056,2025-07-18,0.1631879773
AOI-0056,2025-07-23,0.1520847686
AOI-0056,2025-08-09,0.1494687922
AOI-0056,2025-09-06,0.1972882451
AOI-0056,2025-09-08,0.1455530043
AOI-0056,2025-10-16,0.2297673922
AOI-0057,2025-05-04,0.8035632032
AOI-0057,2025-05-09,0.7515798961
AOI-0057,2025-05-19,0.5818666313
AOI-0057,2025-06-26,0.3395251233
AOI-0057,2025-06-27,0.2849852949
AOI-0057,2025-07-10,0.1762377323
AOI-0057,2025-07-13,0.1794456781
AOI-0057,2025-07-18,0.1734557096
AOI-0057,2025-08-05,0.2094482051
AOI-0057,2025-08-27,0.1460722242
AOI-0057,2025-09-01,0.1337321132
AOI-0057,2025-09-21,0.1544206614
AOI-0058,2010-04-23,0.3534497666
AOI-0058,2010-08-13,0.4001231592
AOI-0058,2010-08-29,0.3348315128
AOI-0058,2010-09-05,0.3126329184
AOI-0058,2011-04-02,0.3307149459
AOI-0058,2011-04-26,0.4657512891
AOI-0058,2011-06-12,0.7373337338
AOI-0058,2011-07-15,0.4882352892
AOI-0058,2011-08-29,0.4449573757
AOI-0058,2011-09-01,0.2832833852
AOI-0058,2011-10-02,0.3067766249
AOI-0058,2011-10-27,0.3988696827
AOI-0058,2012-04-22,0.5728254407
AOI-0058,2012-06-09,0.6531520148
AOI-0058,2012-06-23,0.6210450576
AOI-0058,2012-07-11,0.5701891948
AOI-0058,2012-08-12,0.4718748741
AOI-0058,2012-09-11,0.3873158966
AOI-0058,2013-04-07,0.4352131999
AOI-0058,2013-04-23,0.4755746858
AOI-0058,2013-05-09,0.3946842006
AOI-0058,2013-06-09,0.5176337574
AOI-0058,2013-06-10,0.6217831335
AOI-0058,2013-07-11,0.7021770838
AOI-0058,2013-07-19,0.6850827383
AOI-0058,2013-08-28,0.2607891377
AOI-0058,2013-10-16,0.3320469952
AOI-0058,2013-10-24,0.3268234106
AOI-0058,2014-04-25,0.8074703323
AOI-0058,2014-06-05,0.7546211694
AOI-0058,2014-06-10,0.6162943577
AOI-0058,2014-09-14,0.3721508251
AOI-0058,2015-04-28,0.4460050050
AOI-0058,2015-05-09,0.6940546604
AOI-0058,2015-09-03,0.4962265809
AOI-0058,2015-09-27,0.4688284372
AOI-0058,2016-04-06,0.7541076731
AOI-0058,2016-04-30,0.8547702772
AOI-0058,2016-06-09,0.7852449530
AOI-0058,2016-07-27,0.4636020767
AOI-0058,2016-07-28,0.4715291406
AOI-0058,2016-08-13,0.4907003333
AOI-0058,2017-04-25,0.8111693126
AOI-0058,2017-07-15,0.2825005953
AOI-0058,2017-09-13,0.1893101749
AOI-0058,2017-09-16,0.2259378452
AOI-0058,2018-05-15,0.6660744581
AOI-0058,2018-07-26,0.4857633875
AOI-0058,2018-08-02,0.4997580792
AOI-0058,2019-04-23,0.8131971998
AOI-0058,2019-05-25,0.8754646376
AOI-0058,2019-06-25,0.2608746117
AOI-0058,2019-06-27,0.3039004863
AOI-0058,2019-07-04,0.2776763537
AOI-0058,2019-08-30,0.2272309921
AOI-0058,2019-09-28,0.1263686467
AOI-0058,2019-09-30,0.3200018729
AOI-0058,2020-04-17,0.4227436137
AOI-0058,2020-05-04,0.5381472567
AOI-0058,2020-06-05,0.6125716485
AOI-0058,2020-06-29,0.5376281662
AOI-0058,2020-07-06,0.5188915806
AOI-0058,2020-07-22,0.4555920778
AOI-0058,2020-07-30,0.4098968392
AOI-0058,2020-08-07,0.3722613019
AOI-0058,2020-08-12,0.4627950320
AOI-0058,2020-08-23,0.3228497882
AOI-0058,2020-08-28,0.3998488574
AOI-0058,2020-09-24,0.3135700058
AOI-0058,2020-10-27,0.2576277730
AOI-0058,2021-04-15,0.4563245192
AOI-0058,2021-05-09,0.7089094500
AOI-0058,2021-05-31,0.6889461744
AOI-0058,2021-07-09,0.5756760939
AOI-0058,2021-07-14,0.4980142496
AOI-0058,2021-07-25,0.4612910012
AOI-0058,2021-08-13,0.3826789986
AOI-0058,2021-08-28,0.2863414052
AOI-0058,2021-09-27,0.4580345427
AOI-0058,2022-06-10,0.8284942333
AOI-0058,2022-06-18,0.7861182300
AOI-0058,2022-07-04,0.2707576450
AOI-0058,2022-07-12,0.3053779322
AOI-0058,2022-07-17,0.2611943189
AOI-0058,2022-07-29,0.1807588995
AOI-0058,2022-09-14,0.3049307596
AOI-0058,2023-05-09,0.6924641518
AOI-0058,2023-05-20,0.6233267257
AOI-0058,2023-06-28,0.8223840919
AOI-0058,2023-08-17,0.5296102148
AOI-0058,2023-09-02,0.4156954587
AOI-0058,2023-09-10,0.5088035540
AOI-0058,2023-09-27,0.4949332618
AOI-0058,2023-10-12,0.4417217163
AOI-0058,2024-04-09,0.7358580481
AOI-0058,2024-05-09,0.7212500126
AOI-0058,2024-06-03,0.6441523440
AOI-0058,2024-06-23,0.3993133051
AOI-0058,2024-06-28,0.3521267468
AOI-0058,2024-07-09,0.3572980636
AOI-0058,2024-07-26,0.2711785478
AOI-0058,2024-07-27,0.3334022600
AOI-0058,2024-08-18,0.2941903118
AOI-0058,2024-08-27,0.1941389859
AOI-0058,2024-08-28,0.3106731450
AOI-0058,2024-09-21,0.2153432898
AOI-0058,2024-09-28,0.2297049165
AOI-0058,2024-10-01,0.2026819903
AOI-0058,2024-10-30,0.2564141130
AOI-0058,2025-04-07,0.5593181575
AOI-0058,2025-04-16,0.5024270366
AOI-0058,2025-04-24,0.5080792639
AOI-0058,2025-07-18,0.3185164560
AOI-0058,2025-07-28,0.2872676483
AOI-0058,2025-08-02,0.2369302214
AOI-0058,2025-08-06,0.2873514784
AOI-0058,2025-08-09,0.2004545178
AOI-0058,2025-08-12,0.2087511424
AOI-0058,2025-08-14,0.2408187515
AOI-0058,2025-09-14,0.2582494844
AOI-0058,2025-09-22,0.2365741078
AOI-0059,2010-06-26,0.7491439323
AOI-0059,2010-07-19,0.7076802718
AOI-0059,2010-08-28,0.2700964078
AOI-0059,2011-04-23,0.7246434472
AOI-0059,2011-05-27,0.7420810644
AOI-0059,2011-05-28,0.7452956769
AOI-0059,2011-06-12,0.6809140949
AOI-0059,2011-06-26,0.7428104817
AOI-0059,2011-07-07,0.7583645745
AOI-0059,2011-07-28,0.5094938116
AOI-0059,2011-08-08,0.4888017866
AOI-0059,2011-08-23,0.4680066925
AOI-0059,2012-04-04,0.6246735070
AOI-0059,2012-08-12,0.3866481826
AOI-0059,2012-08-26,0.2713560404
AOI-0059,2012-09-11,0.2602655518
AOI-0059,2012-10-13,0.3222180916
AOI-0059,2013-05-09,0.8420535929
AOI-0059,2013-06-18,0.2997856799
AOI-0059,2013-07-20,0.2349133010
AOI-0059,2013-08-13,0.2945660988
AOI-0059,2013-08-21,0.2214439595
AOI-0059,2013-10-16,0.3644010059
AOI-0059,2014-05-09,0.8617306086
AOI-0059,2014-10-27,0.2608703681
AOI-0059,2015-04-13,0.3458076376
AOI-0059,2015-05-22,0.3981459142
AOI-0059,2015-06-07,0.7504089480
AOI-0059,2015-08-02,0.8020063111
AOI-0059,2015-08-10,0.7250554483
AOI-0059,2015-08-29,0.5686371968
AOI-0059,2015-09-27,0.4745510968
AOI-0059,2015-09-30,0.4039570445
AOI-0059,2016-05-25,0.8812688931
AOI-0059,2016-07-04,0.3433632592
AOI-0059,2016-09-14,0.2372228554
AOI-0059,2016-10-24,0.2235410027
AOI-0059,2017-04-02,0.6013312011
AOI-0059,2017-05-06,0.8846584336
AOI-0059,2017-05-27,0.8424669784
AOI-0059,2017-06-04,0.8825498786
AOI-0059,2017-06-10,0.8239552007
AOI-0059,2017-07-12,0.3454549432
AOI-0059,2017-07-23,0.2549369736
AOI-0059,2017-07-28,0.3477236840
AOI-0059,2017-08-13,0.3058508317
AOI-0059,2017-08-29,0.2104821841
AOI-0059,2017-09-24,0.2250351091
AOI-0059,2018-04-07,0.3911139065
AOI-0059,2018-05-22,0.3975005787
AOI-0059,2018-05-31,0.4232549646
AOI-0059,2018-07-09,0.6083659872
AOI-0059,2018-07-18,0.5113667798
AOI-0059,2018-07-26,0.4691473627
AOI-0059,2018-08-02,0.4076710166
AOI-0059,2018-08-10,0.3431943385
AOI-0059,2018-08-13,0.3583209801
AOI-0059,2018-10-06,0.2245670923
AOI-0059,2019-04-11,0.6319274388
AOI-0059,2019-04-21,0.7761776636
AOI-0059,2019-04-23,0.7817703095
AOI-0059,2019-05-21,0.8680452125
AOI-0059,2019-06-02,0.8140851202
AOI-0059,2019-06-05,0.7813482231
AOI-0059,2019-06-10,0.7500318339
AOI-0059,2019-06-15,0.5597037599
AOI-0059,2019-06-30,0.2049957920
AOI-0059,2019-07-29,0.2693650473
AOI-0059,2019-08-21,0.1969882116
AOI-0059,2019-08-24,0.1290516996
AOI-0059,2019-09-03,0.1592282805
AOI-0059,2019-10-13,0.2086551867
AOI-0059,2019-10-24,0.2160562803
AOI-0059,2020-04-09,0.2452307455
AOI-0059,2020-04-18,0.2463923073
AOI-0059,2020-04-25,0.1962132854
AOI-0059,2020-05-08,0.5410608654
AOI-0059,2020-05-12,0.3153386917
AOI-0059,2020-06-05,0.6525395502
AOI-0059,2020-07-11,0.7041398882
AOI-0059,2020-07-30,0.7081034333
AOI-0059,2020-10-26,0.2011634787
AOI-0059,2021-06-19,0.6489544286
AOI-0059,2021-06-23,0.6176128941
AOI-0059,2021-06-29,0.3708120520
AOI-0059,2021-07-28,0.3861908751
AOI-0059,2021-07-29,0.2092201913
AOI-0059,2021-08-18,0.3983923344
AOI-0059,2021-08-28,0.6299400362
AOI-0059,2021-09-07,0.7310679683
AOI-0059,2021-09-17,0.7231622362
AOI-0059,2021-09-28,0.3252270633
AOI-0059,2021-09-30,0.3658151343
AOI-0059,2021-10-16,0.3099462385
AOI-0059,2022-04-15,0.3335315916
AOI-0059,2022-06-10,0.7750300343
AOI-0059,2022-06-11,0.7856587035
AOI-0059,2022-07-20,0.7916675367
AOI-0059,2022-08-18,0.7031762235
AOI-0059,2022-09-27,0.4410444082
AOI-0059,2022-10-08,0.4490049651
AOI-0059,2023-05-13,0.8760289548
AOI-0059,2023-05-25,0.8414820862
AOI-0059,2023-06-18,0.8333340387
AOI-0059,2023-07-16,0.2567067383
AOI-0059,2023-07-29,0.1890453557
AOI-0059,2023-09-30,0.2781443202
AOI-0059,2023-10-12,0.1971742377
AOI-0059,2023-10-16,0.2948516145
AOI-0059,2024-04-04,0.3071720588
AOI-0059,2024-04-13,0.3336486369
AOI-0059,2024-04-22,0.4672770109
AOI-0059,2024-05-19,0.2613593674
AOI-0059,2024-06-09,0.6023870330
AOI-0059,2024-07-13,0.3610577796
AOI-0059,2024-07-17,0.3882241972
AOI-0059,2024-07-27,0.2868471802
AOI-0059,2024-09-11,0.1575390145
AOI-0059,2025-04-01,0.5789021427
AOI-0059,2025-04-23,0.8460581088
AOI-0059,2025-05-01,0.8408989318
AOI-0059,2025-05-09,0.8260009342
AOI-0059,2025-05-17,0.8114720601
AOI-0059,2025-06-10,0.4090572120
AOI-0059,2025-08-29,0.1380472490
AOI-0059,2025-09-07,0.1937034455
AOI-0059,2025-10-08,0.1846838393
AOI-0059,2025-10-28,0.2746316642
AOI-0060,2025-04-14,0.6988527234
AOI-0060,2025-04-29,0.8125730203
AOI-0060,2025-06-03,0.5020639410
AOI-0060,2025-07-04,0.6050518241
AOI-0060,2025-07-05,0.5555569237
AOI-0060,2025-07-21,0.3658228839
AOI-0060,2025-08-05,0.2567707022
AOI-0060,2025-08-29,0.1809288334
AOI-0060,2025-08-30,0.2177902463
AOI-0060,2025-09-01,0.1536893925
AOI-0060,2025-09-11,0.1586197744
AOI-0061,2010-04-23,0.4282123514
AOI-0061,2010-05-26,0.6570979558
AOI-0061,2010-06-11,0.7254819708
AOI-0061,2011-06-30,0.5003075884
AOI-0061,2011-07-28,0.5089838087
AOI-0061,2011-09-18,0.3081978475
AOI-0061,2011-09-26,0.3364811627
AOI-0061,2012-04-06,0.4261999732
AOI-0061,2012-05-24,0.6966458280
AOI-0061,2012-08-28,0.4749580662
AOI-0061,2012-09-04,0.4356945051
AOI-0061,2012-10-22,0.1784323860
AOI-0061,2013-04-16,0.6806387282
AOI-0061,2013-06-10,0.6862324388
AOI-0061,2013-06-26,0.4927664213
AOI-0061,2013-08-29,0.3022668614
AOI-0061,2013-09-14,0.2986329029
AOI-0061,2013-10-09,0.1739216471
AOI-0061,2014-04-27,0.8556441699
AOI-0061,2014-06-26,0.4273927574
AOI-0061,2014-07-28,0.3182193796
AOI-0061,2015-04-07,0.3705602857
AOI-0061,2015-05-08,0.2947900522
AOI-0061,2015-09-29,0.2461599582
AOI-0061,2016-04-22,0.7629683341
AOI-0061,2016-06-19,0.5764291183
AOI-0061,2016-06-27,0.4365437790
AOI-0061,2016-07-13,0.3576450185
AOI-0061,2017-04-03,0.2052540369
AOI-0061,2017-05-25,0.5466483504
AOI-0061,2017-07-02,0.8295594929
AOI-0061,2017-07-27,0.7635134740
AOI-0061,2017-08-11,0.4913926558
AOI-0061,2017-09-02,0.2646020540
AOI-0061,2018-04-07,0.7497335207
AOI-0061,2018-06-10,0.6873528274
AOI-0061,2019-04-09,0.2347893534
AOI-0061,2019-05-13,0.2630834580
AOI-0061,2019-05-21,0.3948170345
AOI-0061,2019-05-25,0.6850090443
AOI-0061,2019-06-27,0.7476810956
AOI-0061,2019-07-12,0.7512626883
AOI-0061,2019-08-21,0.5923808975
AOI-0061,2019-09-14,0.3077830921
AOI-0061,2019-09-23,0.1142268091
AOI-0061,2019-10-18,0.2482021525
AOI-0061,2019-10-20,0.2417469192
AOI-0061,2020-04-17,0.4074593205
AOI-0061,2020-05-24,0.6981439203
AOI-0061,2020-07-16,0.2608915441
AOI-0061,2020-07-19,0.2494832610
AOI-0061,2020-07-24,0.2721924072
AOI-0061,2020-07-27,0.3895253458
AOI-0061,2020-08-08,0.2451860295
AOI-0061,2020-08-17,0.2754078568
AOI-0061,2020-08-18,0.2229351567
AOI-0061,2020-08-23,0.2051848282
AOI-0061,2020-09-18,0.2062093632
AOI-0061,2020-10-17,0.1477274505
AOI-0061,2020-10-29,0.0363258288
AOI-0061,2021-05-05,0.8826851641
AOI-0061,2021-05-08,0.8943801221
AOI-0061,2021-05-15,0.8731659359
AOI-0061,2021-07-21,0.1753477363
AOI-0061,2021-07-24,0.1912264044
AOI-0061,2021-08-04,0.3034003111
AOI-0061,2021-08-28,0.3393287586
AOI-0061,2021-08-29,0.3935413386
AOI-0061,2021-10-29,0.0980002896
AOI-0061,2022-04-09,0.2821711417
AOI-0061,2022-05-09,0.3701990945
AOI-0061,2022-05-22,0.3399103466
AOI-0061,2022-05-25,0.5819406135
AOI-0061,2022-05-27,0.4495300324
AOI-0061,2022-06-12,0.7927296819
AOI-0061,2022-06-29,0.8563133674
AOI-0061,2022-07-06,0.8162847241
AOI-0061,2022-07-21,0.7794781489
AOI-0061,2022-07-22,0.8016902773
AOI-0061,2022-07-28,0.7971061867
AOI-0061,2022-08-23,0.4128304198
AOI-0061,2023-04-07,0.6634799147
AOI-0061,2023-04-25,0.6491929280
AOI-0061,2023-05-05,0.7192745998
AOI-0061,2023-05-06,0.7487321355
AOI-0061,2023-05-17,0.7372994848
AOI-0061,2023-06-06,0.7715151278
AOI-0061,2023-06-21,0.7478839319
AOI-0061,2023-07-17,0.4905354121
AOI-0061,2023-07-21,0.4350743800
AOI-0061,2023-07-27,0.4522480402
AOI-0061,2023-09-24,0.1807567824
AOI-0061,2023-10-14,0.1583665541
AOI-0061,2023-10-29,0.2058888464
AOI-0061,2024-04-29,0.4217044004
AOI-0061,2024-05-01,0.4209887266
AOI-0061,2024-05-08,0.5399313794
AOI-0061,2024-06-20,0.4662928483
AOI-0061,2024-07-15,0.4115052199
AOI-0061,2024-08-09,0.3279303232
AOI-0061,2024-08-12,0.3316909413
AOI-0061,2024-09-06,0.2260866184
AOI-0061,2024-09-26,0.1834551798
AOI-0061,2024-10-07,0.2280217312
AOI-0061,2025-04-16,0.6808357273
AOI-0061,2025-04-19,0.7138189353
AOI-0061,2025-05-28,0.8153418662
AOI-0061,2025-06-28,0.4925983654
AOI-0061,2025-07-07,0.3746478221
AOI-0061,2025-07-10,0.2976483414
AOI-0061,2025-07-28,0.2002280564
AOI-0061,2025-08-16,0.1888800700
AOI-0061,2025-08-29,0.1926466569
AOI-0061,2025-09-24,0.3237616558
AOI-0061,2025-09-26,0.2843743706
AOI-0061,2025-10-16,0.3565288944
AOI-0062,2010-04-24,0.8235517571
AOI-0062,2010-05-09,0.8285938867
AOI-0062,2010-05-26,0.8308329628
AOI-0062,2010-08-13,0.2690913759
AOI-0062,2010-10-16,0.3395730434
AOI-0062,2011-06-14,0.7373606540
AOI-0062,2011-07-28,0.5070172899
AOI-0062,2011-10-16,0.5184811110
AOI-0062,2012-06-09,0.6677019871
AOI-0062,2012-08-28,0.2910540582
AOI-0062,2012-09-04,0.1879182490
AOI-0062,2012-09-13,0.2749999513
AOI-0062,2013-04-23,0.4654400520
AOI-0062,2013-07-12,0.6855592445
AOI-0062,2013-07-28,0.6671221660
AOI-0062,2013-09-14,0.3357970751
AOI-0062,2013-10-16,0.2932300607
AOI-0062,2014-06-30,0.3118413259
AOI-0062,2014-10-04,0.3952539355
AOI-0062,2015-04-22,0.6700638956
AOI-0062,2015-05-09,0.7317088641
AOI-0062,2015-09-05,0.2156094239
AOI-0062,2015-09-21,0.2192253107
AOI-0062,2016-05-08,0.9032520491
AOI-0062,2016-07-11,0.3425821927
AOI-0062,2016-07-27,0.3596404625
AOI-0062,2016-09-13,0.2687192090
AOI-0062,2016-10-25,0.2702710008
AOI-0062,2017-04-07,0.3633969618
AOI-0062,2017-07-28,0.6791488859
AOI-0062,2017-09-15,0.1815202439
AOI-0062,2018-04-06,0.6849100310
AOI-0062,2018-04-07,0.7292693992
AOI-0062,2018-06-02,0.8265084266
AOI-0062,2018-06-25,0.3505116159
AOI-0062,2018-07-28,0.2941765706
AOI-0062,2018-08-28,0.1906355940
AOI-0062,2019-04-08,0.1890224570
AOI-0062,2019-04-11,0.1488158121
AOI-0062,2019-06-17,0.6974824806
AOI-0062,2019-07-06,0.7155291124
AOI-0062,2019-08-09,0.7009687523
AOI-0062,2019-08-23,0.3708482552
AOI-0062,2019-09-23,0.1154238540
AOI-0062,2019-10-18,0.1698539095
AOI-0062,2019-10-23,0.2182011808
AOI-0062,2019-10-28,0.2091246960
AOI-0062,2020-04-30,0.7575523288
AOI-0062,2020-05-30,0.7861282795
AOI-0062,2020-06-16,0.5137004290
AOI-0062,2020-07-26,0.1529841380
AOI-0062,2020-08-18,0.1557717234
AOI-0062,2020-08-20,0.1481502753
AOI-0062,2020-08-23,0.1506106858
AOI-0062,2020-08-25,0.1683754785
AOI-0062,2020-09-07,0.1244611455
AOI-0062,2020-09-09,0.1624375484
AOI-0062,2020-10-07,0.1528151023
AOI-0062,2020-10-15,0.2364168308
AOI-0062,2021-04-23,0.3617347485
AOI-0062,2021-05-05,0.1928287649
AOI-0062,2021-05-08,0.2595814598
AOI-0062,2021-05-12,0.1907902593
AOI-0062,2021-06-06,0.3078755443
AOI-0062,2021-06-10,0.6323446323
AOI-0062,2021-07-01,0.7438702213
AOI-0062,2021-07-26,0.7324781630
AOI-0062,2021-07-29,0.7306712092
AOI-0062,2021-09-12,0.2263070123
AOI-0062,2021-09-13,0.2781143084
AOI-0062,2021-09-19,0.1785282765
AOI-0062,2021-09-27,0.1657344777
AOI-0062,2021-09-29,0.1582377374
AOI-0062,2021-10-07,0.1586578939
AOI-0062,2021-10-16,0.2753849124
AOI-0062,2022-04-10,0.7097487283
AOI-0062,2022-04-27,0.8065761667
AOI-0062,2022-05-11,0.8437346414
AOI-0062,2022-05-25,0.8441819673
AOI-0062,2022-07-21,0.2119792380
AOI-0062,2022-07-24,0.1732578575
AOI-0062,2022-08-23,0.1756855359
AOI-0062,2022-09-14,0.1863732910
AOI-0062,2022-09-18,0.1697332883
AOI-0062,2022-09-30,0.2561182867
AOI-0062,2022-10-19,0.1732676362
AOI-0062,2023-05-17,0.3396490824
AOI-0062,2023-06-18,0.8669449262
AOI-0062,2023-06-24,0.8446685716
AOI-0062,2023-07-14,0.8093858358
AOI-0062,2023-08-05,0.4447722148
AOI-0062,2023-08-25,0.1558139986
AOI-0062,2023-09-17,0.1533415778
AOI-0062,2023-10-12,0.1732580362
AOI-0062,2023-10-16,0.2312692031
AOI-0062,2024-04-22,0.9056967641
AOI-0062,2024-06-03,0.7799802650
AOI-0062,2024-06-08,0.6463079950
AOI-0062,2024-06-23,0.2409103513
AOI-0062,2024-07-30,0.1135619385
AOI-0062,2024-08-04,0.1336731522
AOI-0062,2024-08-12,0.1645874882
AOI-0062,2024-09-06,0.1457892348
AOI-0062,2024-10-26,0.1301890044
AOI-0062,2025-04-01,0.2001137349
AOI-0062,2025-04-07,0.4400535838
AOI-0062,2025-04-11,0.2070111996
AOI-0062,2025-04-24,0.2420029867
AOI-0062,2025-04-29,0.2598265098
AOI-0062,2025-05-28,0.3606256132
AOI-0062,2025-06-28,0.8323103112
AOI-0062,2025-07-06,0.8087573887
AOI-0062,2025-07-07,0.7714910190
AOI-0062,2025-07-15,0.5083753493
AOI-0062,2025-07-25,0.3991924101
AOI-0062,2025-08-02,0.2915752667
AOI-0062,2025-08-17,0.2410172350
AOI-0062,2025-09-24,0.2272136558
AOI-0062,2025-09-30,0.3018580805
AOI-0062,2025-10-08,0.1765151988
AOI-0062,2025-10-13,0.1863455476
AOI-0063,2025-04-14,0.2365618563
AOI-0063,2025-04-19,0.2541407762
AOI-0063,2025-04-23,0.4254539709
AOI-0063,2025-04-24,0.2298784904
AOI-0063,2025-05-06,0.2182789714
AOI-0063,2025-05-25,0.5971181888
AOI-0063,2025-06-05,0.6765841673
AOI-0063,2025-06-25,0.7937141492
AOI-0063,2025-06-28,0.8226681339
AOI-0063,2025-06-30,0.8016306650
AOI-0063,2025-07-06,0.7913238235
AOI-0063,2025-07-07,0.7533184820
AOI-0063,2025-07-22,0.5351141836
AOI-0063,2025-08-23,0.4184738873
AOI-0063,2025-09-13,0.2367677631
AOI-0063,2025-09-14,0.3201387145
AOI-0064,2025-04-14,0.4262987166
AOI-0064,2025-04-23,0.6227947410
AOI-0064,2025-04-24,0.4507217757
AOI-0064,2025-06-03,0.7488597180
AOI-0064,2025-06-05,0.7239431956
AOI-0064,2025-06-26,0.4492717741
AOI-0064,2025-06-27,0.4016626605
AOI-0064,2025-06-28,0.3616291380
AOI-0064,2025-07-10,0.2253364715
AOI-0064,2025-08-12,0.1672893054
AOI-0064,2025-08-19,0.1623405724
AOI-0064,2025-08-27,0.1665644240
AOI-0064,2025-08-31,0.2098387203
AOI-0064,2025-09-13,0.1851332678
AOI-0064,2025-10-06,0.2015180171
AOI-0064,2025-10-13,0.2026738131
AOI-0065,2025-04-19,0.4203874930
AOI-0065,2025-05-01,0.4839681496
AOI-0065,2025-06-04,0.5235518605
AOI-0065,2025-06-05,0.5144949132
AOI-0065,2025-06-08,0.5230381759
AOI-0065,2025-06-26,0.6225619252
AOI-0065,2025-07-15,0.4290303319
AOI-0065,2025-07-18,0.4033479732
AOI-0065,2025-08-07,0.2090052086
AOI-0065,2025-08-17,0.2235939104
AOI-0065,2025-09-14,0.3050587501
AOI-0065,2025-09-25,0.2041762037
AOI-0065,2025-09-30,0.3461969469
AOI-0065,2025-10-08,0.2369032804
AOI-0066,2025-06-05,0.4856067220
AOI-0066,2025-07-05,0.8174145545
AOI-0066,2025-07-15,0.6762502665
AOI-0066,2025-07-25,0.5440255038
AOI-0066,2025-07-27,0.4583676625
AOI-0066,2025-08-14,0.2705319095
AOI-0066,2025-09-01,0.1870203180
AOI-0067,2010-04-25,0.1982289934
AOI-0067,2010-06-20,0.1836966096
AOI-0067,2010-06-26,0.2980084622
AOI-0067,2010-07-13,0.1955254998
AOI-0067,2010-07-21,0.1755643985
AOI-0067,2010-08-06,0.1659625589
AOI-0067,2010-08-07,0.1639363928
AOI-0067,2010-08-15,0.1395464589
AOI-0067,2010-09-23,0.1487040170
AOI-0067,2010-10-09,0.1675778833
AOI-0067,2011-05-09,0.3341943557
AOI-0067,2011-05-14,0.2140466334
AOI-0067,2011-09-03,0.3288709357
AOI-0067,2011-09-19,0.3115065192
AOI-0067,2012-05-08,0.3393548517
AOI-0067,2012-06-09,0.2211815726
AOI-0067,2012-07-27,0.1610635835
AOI-0067,2012-09-29,0.1639509800
AOI-0067,2013-07-30,0.2062197238
AOI-0067,2013-08-29,0.3707691176
AOI-0067,2014-05-21,0.2202259844
AOI-0067,2014-05-25,0.3092577886
AOI-0067,2014-06-06,0.2026282776
AOI-0067,2014-06-07,0.1940765712
AOI-0067,2014-07-01,0.1889050880
AOI-0067,2014-07-16,0.2157478380
AOI-0067,2014-07-17,0.1637089046
AOI-0067,2014-09-14,0.2234988445
AOI-0067,2014-10-12,0.1440053744
AOI-0067,2015-04-15,0.1731880927
AOI-0067,2015-05-09,0.3245694156
AOI-0067,2015-06-02,0.2197986703
AOI-0067,2015-06-18,0.2428598368
AOI-0067,2015-07-12,0.4272653972
AOI-0067,2015-07-20,0.4035992679
AOI-0067,2015-08-29,0.5173242312
AOI-0067,2015-09-14,0.3684189274
AOI-0067,2015-09-29,0.2457811563
AOI-0067,2016-05-03,0.2219612700
AOI-0067,2016-05-10,0.2476179318
AOI-0067,2016-05-11,0.2788109788
AOI-0067,2016-06-25,0.2620296866
AOI-0067,2016-07-14,0.2243448873
AOI-0067,2016-07-27,0.3475338719
AOI-0067,2016-09-29,0.2657558150
AOI-0067,2016-10-25,0.2061718574
AOI-0067,2017-04-04,0.1675806024
AOI-0067,2017-04-28,0.1511435304
AOI-0067,2017-05-05,0.2038655114
AOI-0067,2017-06-07,0.2600091451
AOI-0067,2017-07-09,0.4601763921
AOI-0067,2017-07-25,0.5215798618
AOI-0067,2017-08-02,0.5591273423
AOI-0067,2017-08-11,0.5359196889
AOI-0067,2017-08-13,0.5263695087
AOI-0067,2017-08-29,0.4735534708
AOI-0067,2017-09-14,0.4634785250
AOI-0067,2017-09-20,0.4125118758
AOI-0067,2018-04-06,0.1663758191
AOI-0067,2018-04-23,0.2797665189
AOI-0067,2018-05-25,0.2321780608
AOI-0067,2018-07-11,0.1738537309
AOI-0067,2018-08-29,0.1761517513
AOI-0067,2019-05-08,0.7325382016
AOI-0067,2019-05-28,0.8014714287
AOI-0067,2019-06-12,0.4651888678
AOI-0067,2019-07-12,0.2943747669
AOI-0067,2019-07-14,0.2271969654
AOI-0067,2019-07-28,0.4632625743
AOI-0067,2019-08-08,0.4111946260
AOI-0067,2019-08-11,0.3632777271
AOI-0067,2019-08-29,0.3385072096
AOI-0067,2019-09-05,0.2547464589
AOI-0067,2019-09-16,0.2836781741
AOI-0067,2019-09-24,0.2645656704
AOI-0067,2019-10-02,0.3135761207
AOI-0067,2019-10-03,0.2784348418
AOI-0067,2019-10-15,0.2984711664
AOI-0067,2020-04-22,0.1765438880
AOI-0067,2020-04-27,0.1533741395
AOI-0067,2020-05-02,0.1440886694
AOI-0067,2020-05-08,0.3530180547
AOI-0067,2020-07-06,0.5914558114
AOI-0067,2020-07-25,0.4735308300
AOI-0067,2020-07-26,0.4369347734
AOI-0067,2020-07-27,0.4490567228
AOI-0067,2020-08-25,0.3600508186
AOI-0067,2020-10-15,0.2282501611
AOI-0067,2021-05-16,0.2796296048
AOI-0067,2021-06-06,0.5553680585
AOI-0067,2021-06-16,0.6446584084
AOI-0067,2021-06-18,0.6652630541
AOI-0067,2021-07-04,0.4613304066
AOI-0067,2021-08-30,0.2695907272
AOI-0067,2021-09-09,0.3079275157
AOI-0067,2021-10-09,0.1859224583
AOI-0067,2022-04-02,0.1451487247
AOI-0067,2022-04-23,0.3411619336
AOI-0067,2022-04-26,0.2049751612
AOI-0067,2022-06-01,0.2071301884
AOI-0067,2022-07-01,0.6142895101
AOI-0067,2022-08-23,0.4578073557
AOI-0067,2022-08-24,0.4439510098
AOI-0067,2022-08-29,0.4054758099
AOI-0067,2022-09-01,0.3500663578
AOI-0067,2022-09-25,0.3801736530
AOI-0067,2022-10-09,0.2941053799
AOI-0067,2022-10-14,0.2670372661
AOI-0067,2023-04-23,0.3348883801
AOI-0067,2023-05-31,0.2670690194
AOI-0067,2023-06-30,0.6952744834
AOI-0067,2023-07-12,0.5848798929
AOI-0067,2023-07-21,0.5657177265
AOI-0067,2023-07-27,0.4793864095
AOI-0067,2023-08-26,0.3112618916
AOI-0067,2023-09-24,0.2240512289
AOI-0067,2023-09-27,0.2455974302
AOI-0067,2023-10-05,0.2675864139
AOI-0067,2023-10-13,0.2237594795
AOI-0067,2024-04-01,0.2105812742
AOI-0067,2024-04-11,0.2203860039
AOI-0067,2024-05-09,0.4214011346
AOI-0067,2024-05-24,0.5706603630
AOI-0067,2024-07-05,0.2490472371
AOI-0067,2024-07-10,0.2625405889
AOI-0067,2024-08-29,0.1297326402
AOI-0067,2024-09-06,0.1745619685
AOI-0067,2024-09-23,0.1366819583
AOI-0067,2025-04-17,0.1775464544
AOI-0067,2025-04-23,0.2745889617
AOI-0067,2025-04-28,0.1360393477
AOI-0067,2025-06-05,0.1305438506
AOI-0067,2025-06-21,0.2871949419
AOI-0067,2025-06-26,0.4353826849
AOI-0067,2025-07-05,0.4342712564
AOI-0067,2025-07-14,0.5235907467
AOI-0067,2025-07-15,0.4928834414
AOI-0067,2025-08-06,0.5589216613
AOI-0067,2025-09-01,0.4423477817
AOI-0067,2025-09-23,0.2738523949
AOI-0067,2025-10-03,0.2250959968
AOI-0068,2010-04-16,0.1376246335
AOI-0068,2010-05-02,0.1774842259
AOI-0068,2010-05-09,0.3044389150
AOI-0068,2010-06-20,0.1653158037
AOI-0068,2010-07-13,0.1690500507
AOI-0068,2010-07-14,0.1424461282
AOI-0068,2010-07-28,0.2209503771
AOI-0068,2010-08-07,0.1457457748
AOI-0068,2010-08-29,0.2152469573
AOI-0068,2011-04-07,0.4724085885
AOI-0068,2011-05-30,0.6205226778
AOI-0068,2011-06-15,0.3974554787
AOI-0068,2011-06-23,0.2696489960
AOI-0068,2011-07-16,0.2073526134
AOI-0068,2011-08-09,0.2002788920
AOI-0068,2011-09-03,0.1790494129
AOI-0068,2012-07-27,0.1851485247
AOI-0068,2012-08-03,0.1624197920
AOI-0068,2012-10-22,0.1648829270
AOI-0068,2013-06-19,0.2424421493
AOI-0068,2013-06-27,0.2559015516
AOI-0068,2013-07-28,0.2755194255
AOI-0068,2014-04-27,0.4243086668
AOI-0068,2014-07-28,0.1996573857
AOI-0068,2014-08-17,0.1754530708
AOI-0068,2014-08-25,0.1362833234
AOI-0068,2014-10-05,0.1356518792
AOI-0068,2014-10-16,0.2089357106
AOI-0068,2014-10-29,0.1734853416
AOI-0068,2015-06-09,0.3519346549
AOI-0068,2015-07-27,0.2670798986
AOI-0068,2015-08-04,0.2652861312
AOI-0068,2016-05-02,0.3177749676
AOI-0068,2016-05-11,0.3529723595
AOI-0068,2016-07-14,0.3213989093
AOI-0068,2016-08-28,0.3143387592
AOI-0068,2016-09-13,0.2994637690
AOI-0068,2016-09-29,0.3617504042
AOI-0068,2017-05-14,0.5129054236
AOI-0068,2017-06-10,0.4738174653
AOI-0068,2017-06-22,0.4018116250
AOI-0068,2017-06-27,0.2854282465
AOI-0068,2017-07-12,0.2844086712
AOI-0068,2017-08-02,0.2016720966
AOI-0068,2017-08-11,0.1446861442
AOI-0068,2017-08-13,0.2244605604
AOI-0068,2017-09-02,0.1483492538
AOI-0068,2017-09-03,0.2060617095
AOI-0068,2018-04-28,0.2330677513
AOI-0068,2018-05-09,0.4041944338
AOI-0068,2018-06-07,0.1961896623
AOI-0068,2018-07-11,0.1712045739
AOI-0068,2018-08-28,0.1741252696
AOI-0068,2018-09-06,0.1704585450
AOI-0068,2018-09-21,0.1424823209
AOI-0068,2019-05-25,0.6185985349
AOI-0068,2019-05-28,0.5645953200
AOI-0068,2019-06-28,0.2354942533
AOI-0068,2019-08-07,0.2332181088
AOI-0068,2019-09-01,0.1979058458
AOI-0068,2019-09-05,0.1686978127
AOI-0068,2019-09-15,0.1710041351
AOI-0068,2019-09-24,0.2224240681
AOI-0068,2019-09-25,0.1977628323
AOI-0068,2019-09-30,0.3223636282
AOI-0068,2019-10-02,0.2543672624
AOI-0068,2019-10-25,0.3120390858
AOI-0068,2020-04-02,0.3151254055
AOI-0068,2020-04-06,0.3938094527
AOI-0068,2020-04-12,0.2975087566
AOI-0068,2020-04-19,0.3007888858
AOI-0068,2020-06-26,0.1812996314
AOI-0068,2020-07-27,0.1957152087
AOI-0068,2020-07-31,0.1213300264
AOI-0068,2020-09-03,0.1359813953
AOI-0068,2020-10-05,0.1419432852
AOI-0068,2020-10-20,0.1920928234
AOI-0068,2021-05-01,0.2873150456
AOI-0068,2021-05-16,0.4619580447
AOI-0068,2021-06-11,0.4399692738
AOI-0068,2021-06-16,0.3989210660
AOI-0068,2021-07-19,0.2469002259
AOI-0068,2021-07-31,0.2025353766
AOI-0068,2021-09-30,0.4276210570
AOI-0068,2022-04-02,0.2922018683
AOI-0068,2022-04-12,0.3355061317
AOI-0068,2022-04-23,0.5055544041
AOI-0068,2022-05-12,0.4635191932
AOI-0068,2022-05-27,0.3351745024
AOI-0068,2022-06-08,0.3531747212
AOI-0068,2022-06-20,0.2682311321
AOI-0068,2022-07-01,0.1859902007
AOI-0068,2022-07-14,0.1625194990
AOI-0068,2022-07-30,0.1968972539
AOI-0068,2022-08-15,0.1585726740
AOI-0068,2023-04-03,0.4874613322
AOI-0068,2023-04-17,0.4801274336
AOI-0068,2023-05-09,0.6701396065
AOI-0068,2023-06-06,0.5122713899
AOI-0068,2023-06-30,0.2962689618
AOI-0068,2023-07-05,0.2714745173
AOI-0068,2023-08-03,0.2688338054
AOI-0068,2023-08-13,0.2980771505
AOI-0068,2023-09-03,0.3511506066
AOI-0068,2023-09-24,0.3191199713
AOI-0068,2023-10-06,0.3226676586
AOI-0068,2023-10-11,0.3015589742
AOI-0068,2024-05-01,0.2329255357
AOI-0068,2024-05-09,0.2343012625
AOI-0068,2024-06-15,0.1431184573
AOI-0068,2024-08-05,0.1897287101
AOI-0068,2024-08-09,0.1258288077
AOI-0068,2024-08-19,0.1369679270
AOI-0068,2024-08-28,0.1884700420
AOI-0068,2024-09-08,0.1353646797
AOI-0068,2024-09-14,0.1858539962
AOI-0068,2024-09-29,0.1870581899
AOI-0068,2024-10-13,0.1203963687
AOI-0068,2025-05-08,0.6486993642
AOI-0068,2025-05-11,0.6629506320
AOI-0068,2025-05-20,0.7065280016
AOI-0068,2025-06-10,0.4066151348
AOI-0068,2025-06-15,0.3320185805
AOI-0068,2025-06-17,0.3371816050
AOI-0068,2025-06-30,0.2157850668
AOI-0068,2025-07-22,0.2251742990
AOI-0068,2025-07-28,0.2467367312
AOI-0068,2025-08-13,0.2702243970
AOI-0068,2025-08-14,0.1794758833
AOI-0068,2025-08-23,0.2362322735
AOI-0068,2025-08-24,0.1761321703
AOI-0068,2025-09-08,0.1659911497
AOI-0068,2025-09-14,0.2731688119
AOI-0068,2025-09-24,0.2340792733
AOI-0069,2025-04-16,0.1655853790
AOI-0069,2025-04-21,0.1789947276
AOI-0069,2025-04-23,0.3117389182
AOI-0069,2025-05-01,0.1744073784
AOI-0069,2025-05-11,0.2785062794
AOI-0069,2025-05-25,0.4928254145
AOI-0069,2025-05-28,0.4064335159
AOI-0069,2025-06-10,0.3931851929
AOI-0069,2025-06-25,0.2508050718
AOI-0069,2025-06-26,0.3062544277
AOI-0069,2025-07-05,0.2038309351
AOI-0069,2025-07-06,0.2495236996
AOI-0069,2025-07-22,0.1780028144
AOI-0069,2025-08-07,0.1600766554
AOI-0069,2025-08-14,0.1402310798
AOI-0069,2025-09-01,0.1615334365
AOI-0069,2025-09-14,0.2014826698
AOI-0069,2025-09-24,0.1765973062
AOI-0069,2025-09-25,0.1432603453
AOI-0069,2025-09-28,0.1445055487
AOI-0070,2025-05-11,0.2785012937
AOI-0070,2025-05-25,0.3696628693
AOI-0070,2025-06-07,0.2124528894
AOI-0070,2025-06-10,0.2781865779
AOI-0070,2025-06-25,0.1844696211
AOI-0070,2025-07-12,0.2429873589
AOI-0070,2025-08-24,0.1439440714
AOI-0070,2025-08-31,0.1884384919
AOI-0070,2025-09-25,0.1562845498
AOI-0070,2025-10-02,0.2055576327
AOI-0070,2025-10-13,0.1630669089
AOI-0070,2025-10-23,0.2124244830
AOI-0071,2025-04-16,0.3250057499
AOI-0071,2025-04-18,0.3365834041
AOI-0071,2025-04-21,0.3561883862
AOI-0071,2025-05-25,0.5217078165
AOI-0071,2025-06-26,0.5753148862
AOI-0071,2025-07-06,0.5726101730
AOI-0071,2025-07-07,0.5150934202
AOI-0071,2025-07-12,0.4818790768
AOI-0071,2025-08-13,0.4513842768
AOI-0071,2025-08-23,0.4159959474
AOI-0071,2025-08-24,0.3695779600
AOI-0071,2025-08-26,0.3673189339
AOI-0071,2025-08-29,0.3891593877
AOI-0071,2025-09-01,0.4006584311
AOI-0071,2025-09-15,0.3436547597
AOI-0071,2025-09-28,0.3100986638
AOI-0072,2025-05-08,0.7885966679
AOI-0072,2025-06-04,0.6927537119
AOI-0072,2025-07-05,0.1805738636
AOI-0072,2025-07-06,0.2490139024
AOI-0072,2025-07-14,0.2020273736
AOI-0072,2025-07-17,0.1382593809
AOI-0072,2025-08-07,0.1803193941
AOI-0072,2025-08-19,0.1507859327
AOI-0072,2025-08-29,0.1660421834
AOI-0072,2025-09-03,0.1258268265
AOI-0072,2025-09-15,0.1472570267
AOI-0072,2025-09-16,0.1803526085
AOI-0072,2025-09-30,0.2139672779
AOI-0072,2025-10-03,0.1481633864
AOI-0072,2025-10-13,0.1326453967
AOI-0073,2010-06-26,0.6184681106
AOI-0073,2010-07-12,0.5373586461
AOI-0073,2011-04-07,0.2568475024
AOI-0073,2011-07-14,0.5461022238
AOI-0073,2011-09-14,0.4012704596
AOI-0073,2012-04-22,0.5355610323
AOI-0073,2012-04-27,0.3745315030
AOI-0073,2012-05-24,0.6687093475
AOI-0073,2012-09-29,0.2959004056
AOI-0073,2013-04-03,0.2286328716
AOI-0073,2013-06-10,0.5493622081
AOI-0073,2013-06-25,0.5256740564
AOI-0073,2013-07-12,0.5749557984
AOI-0073,2013-07-28,0.5759172345
AOI-0073,2013-09-30,0.4143481749
AOI-0073,2014-05-27,0.5524779181
AOI-0073,2014-07-12,0.7204619294
AOI-0073,2014-07-30,0.6851708953
AOI-0073,2014-08-13,0.4796060758
AOI-0073,2014-09-14,0.3854879684
AOI-0073,2014-10-10,0.2477896004
AOI-0073,2015-05-22,0.3752515775
AOI-0073,2015-05-30,0.4210123279
AOI-0073,2015-06-10,0.5935627991
AOI-0073,2015-06-15,0.4468121772
AOI-0073,2015-07-01,0.5942436601
AOI-0073,2015-07-09,0.5963369985
AOI-0073,2015-08-26,0.3591425523
AOI-0073,2015-10-05,0.2280747098
AOI-0073,2016-04-06,0.4998026423
AOI-0073,2017-04-23,0.3109408602
AOI-0073,2017-06-04,0.3597718856
AOI-0073,2017-06-12,0.4929838828
AOI-0073,2017-07-06,0.7629503848
AOI-0073,2017-07-18,0.7042968077
AOI-0073,2017-08-07,0.6929766863
AOI-0073,2017-08-12,0.6656216081
AOI-0073,2017-10-11,0.2981232991
AOI-0073,2017-10-16,0.3122899872
AOI-0073,2018-04-16,0.1665247858
AOI-0073,2019-05-17,0.3154494735
AOI-0073,2019-05-19,0.2829935305
AOI-0073,2019-06-03,0.5146849690
AOI-0073,2019-07-13,0.6095413496
AOI-0073,2019-08-07,0.6119030823
AOI-0073,2019-08-12,0.5610336977
AOI-0073,2019-09-06,0.3194671857
AOI-0073,2019-09-11,0.3018872980
AOI-0073,2019-09-15,0.2752923027
AOI-0073,2019-09-16,0.2839795403
AOI-0073,2019-09-28,0.2291267120
AOI-0073,2019-10-16,0.2686202772
AOI-0073,2019-10-26,0.2358162685
AOI-0073,2020-04-05,0.1377293925
AOI-0073,2020-04-15,0.0225912832
AOI-0073,2020-04-22,0.4359921576
AOI-0073,2020-05-18,0.4739541046
AOI-0073,2020-07-04,0.2808548683
AOI-0073,2020-07-06,0.3251157287
AOI-0073,2020-07-24,0.1887427834
AOI-0073,2020-07-29,0.1647434977
AOI-0073,2020-08-12,0.3378087681
AOI-0073,2020-09-01,0.2393624044
AOI-0073,2020-09-20,0.1610376210
AOI-0073,2020-10-20,0.1997532127
AOI-0073,2020-10-26,0.1722902597
AOI-0073,2021-05-06,0.2618987623
AOI-0073,2021-05-13,0.2265399120
AOI-0073,2021-05-15,0.2253481635
AOI-0073,2021-06-29,0.6279417083
AOI-0073,2021-07-25,0.7656964660
AOI-0073,2021-08-02,0.7082122862
AOI-0073,2021-09-07,0.2826851259
AOI-0073,2021-09-14,0.3445329890
AOI-0073,2021-09-15,0.2639535098
AOI-0073,2022-04-23,0.2317472148
AOI-0073,2022-04-25,0.1852708583
AOI-0073,2022-06-04,0.2527050710
AOI-0073,2022-06-07,0.2684112007
AOI-0073,2022-06-09,0.2663471533
AOI-0073,2022-06-14,0.3871308076
AOI-0073,2022-07-05,0.7906757404
AOI-0073,2022-07-07,0.7463142298
AOI-0073,2022-09-10,0.3785518721
AOI-0073,2022-09-30,0.3876972934
AOI-0073,2023-04-02,0.2056372176
AOI-0073,2023-04-28,0.2463886747
AOI-0073,2023-05-03,0.2780855331
AOI-0073,2023-05-05,0.2647352861
AOI-0073,2023-05-13,0.3471678255
AOI-0073,2023-06-04,0.5299622675
AOI-0073,2023-06-07,0.4996704999
AOI-0073,2023-07-25,0.3403810162
AOI-0073,2023-07-31,0.2933179394
AOI-0073,2023-08-06,0.2298475289
AOI-0073,2023-08-16,0.2471346984
AOI-0073,2023-08-28,0.2038106411
AOI-0073,2023-09-07,0.2050751589
AOI-0073,2023-09-12,0.2093969799
AOI-0073,2023-09-29,0.2198163346
AOI-0073,2023-10-11,0.2663510101
AOI-0073,2023-10-15,0.2538214530
AOI-0073,2024-04-14,0.4759119837
AOI-0073,2024-04-20,0.5973389476
AOI-0073,2024-05-06,0.6296655856
AOI-0073,2024-05-07,0.6088341216
AOI-0073,2024-06-23,0.3456262530
AOI-0073,2024-07-03,0.2613031411
AOI-0073,2024-07-11,0.2885609145
AOI-0073,2024-07-13,0.2612995514
AOI-0073,2024-07-21,0.2395435027
AOI-0073,2024-07-25,0.2609171665
AOI-0073,2024-08-12,0.2045479745
AOI-0073,2024-08-28,0.2969029112
AOI-0073,2024-09-01,0.1730461865
AOI-0073,2024-09-13,0.2666278767
AOI-0073,2024-09-29,0.1987285401
AOI-0073,2025-04-07,0.2690095607
AOI-0073,2025-04-15,0.2152453578
AOI-0073,2025-04-19,0.1801587748
AOI-0073,2025-04-22,0.1845356832
AOI-0073,2025-04-23,0.2578981889
AOI-0073,2025-04-29,0.1785640156
AOI-0073,2025-05-11,0.2064743985
AOI-0073,2025-05-22,0.2166013798
AOI-0073,2025-05-29,0.2110423148
AOI-0073,2025-06-03,0.3386900186
AOI-0073,2025-06-30,0.7871917208
AOI-0073,2025-07-06,0.7990814815
AOI-0073,2025-07-08,0.8140893993
AOI-0073,2025-07-28,0.7368896759
AOI-0073,2025-08-05,0.7056057423
AOI-0073,2025-08-07,0.6848177427
AOI-0073,2025-08-22,0.4406338940
AOI-0073,2025-08-27,0.3735738496
AOI-0073,2025-09-22,0.3358392047
AOI-0074,2010-07-12,0.3791728184
AOI-0074,2010-08-29,0.2970763712
AOI-0074,2011-05-27,0.3723146490
AOI-0074,2011-06-20,0.5373441560
AOI-0074,2011-06-26,0.7444376580
AOI-0074,2011-07-06,0.6656514960
AOI-0074,2011-09-24,0.2831095524
AOI-0074,2013-06-25,0.4523649766
AOI-0074,2013-07-03,0.3892470211
AOI-0074,2013-07-11,0.3262875591
AOI-0074,2013-08-13,0.3419130400
AOI-0074,2014-07-14,0.7983607688
AOI-0074,2014-07-28,0.6879136274
AOI-0074,2014-09-14,0.3167233607
AOI-0074,2014-10-16,0.2619516487
AOI-0074,2015-04-23,0.2954391656
AOI-0074,2015-04-28,0.2063919132
AOI-0074,2015-07-25,0.6440113847
AOI-0074,2015-10-16,0.2636947279
AOI-0074,2015-10-29,0.1932688550
AOI-0074,2016-08-12,0.2948903665
AOI-0074,2016-08-20,0.2675133403
AOI-0074,2017-04-23,0.3037933930
AOI-0074,2017-05-04,0.2094324871
AOI-0074,2017-05-06,0.2352637697
AOI-0074,2017-06-04,0.4037595879
AOI-0074,2017-06-05,0.3511346621
AOI-0074,2017-06-10,0.6309308358
AOI-0074,2017-06-20,0.5424999075
AOI-0074,2017-06-26,0.7370505179
AOI-0074,2017-07-18,0.7046462921
AOI-0074,2017-08-07,0.6815100914
AOI-0074,2017-08-17,0.5096876540
AOI-0074,2017-09-16,0.2976582478
AOI-0074,2017-10-11,0.2334962584
AOI-0074,2017-10-16,0.2794700905
AOI-0074,2018-04-04,0.1987407627
AOI-0074,2018-04-23,0.3371866727
AOI-0074,2018-05-06,0.2997762030
AOI-0074,2018-05-11,0.2567720044
AOI-0074,2018-05-22,0.3604946033
AOI-0074,2018-05-26,0.3369893889
AOI-0074,2018-05-30,0.3555752267
AOI-0074,2018-07-13,0.6623275065
AOI-0074,2018-08-18,0.7441200383
AOI-0074,2018-09-14,0.3729576849
AOI-0074,2018-09-19,0.3244995633
AOI-0074,2018-09-30,0.3272249632
AOI-0074,2019-04-23,0.1947171903
AOI-0074,2019-05-04,0.2181450391
AOI-0074,2019-05-14,0.2111831588
AOI-0074,2019-05-16,0.2413524728
AOI-0074,2019-05-31,0.4461495471
AOI-0074,2019-06-13,0.6799216514
AOI-0074,2019-07-13,0.6039313883
AOI-0074,2019-08-05,0.6291176676
AOI-0074,2019-08-09,0.5191174910
AOI-0074,2019-09-14,0.3194294505
AOI-0074,2020-04-09,0.1984254698
AOI-0074,2020-07-06,0.2785120261
AOI-0074,2020-07-22,0.2066263029
AOI-0074,2020-08-07,0.2139495515
AOI-0074,2020-08-26,0.1724192187
AOI-0074,2020-09-07,0.1566518863
AOI-0074,2020-09-08,0.2147818405
AOI-0074,2020-09-12,0.1694382193
AOI-0074,2020-10-07,0.1649735750
AOI-0074,2020-10-12,0.1241651449
AOI-0074,2020-10-18,0.2366846306
AOI-0074,2020-10-22,0.1242430521
AOI-0074,2021-04-25,0.1856838579
AOI-0074,2021-06-23,0.6478438716
AOI-0074,2021-06-27,0.6499501348
AOI-0074,2021-07-17,0.6887729542
AOI-0074,2021-08-03,0.5613182897
AOI-0074,2021-08-06,0.5368925024
AOI-0074,2021-08-19,0.4839456200
AOI-0074,2021-09-03,0.3699892684
AOI-0074,2021-10-06,0.2478591676
AOI-0074,2021-10-17,0.1935726638
AOI-0074,2021-10-20,0.2290226811
AOI-0074,2021-10-27,0.2175910400
AOI-0074,2022-05-30,0.2159449102
AOI-0074,2022-07-12,0.7485541537
AOI-0074,2022-08-29,0.5184361935
AOI-0074,2022-10-16,0.2977999931
AOI-0074,2023-04-28,0.2144117367
AOI-0074,2023-05-30,0.3981143459
AOI-0074,2023-06-09,0.5198858034
AOI-0074,2023-06-19,0.3984780063
AOI-0074,2023-07-14,0.2331605781
AOI-0074,2023-08-16,0.2256461066
AOI-0074,2023-09-14,0.2848022996
AOI-0074,2023-10-11,0.2664789801
AOI-0074,2024-04-17,0.5399884207
AOI-0074,2024-05-08,0.6767842730
AOI-0074,2024-05-09,0.6023912427
AOI-0074,2024-06-06,0.5263700208
AOI-0074,2024-07-08,0.2316905560
AOI-0074,2024-07-18,0.2363807017
AOI-0074,2024-07-27,0.3081623629
AOI-0074,2024-08-12,0.1790630854
AOI-0074,2024-08-28,0.2806387738
AOI-0074,2024-09-04,0.1809641351
AOI-0074,2024-09-09,0.1681746843
AOI-0074,2025-04-07,0.1855462913
AOI-0074,2025-04-15,0.2065867793
AOI-0074,2025-05-12,0.1909551421
AOI-0074,2025-05-14,0.1976702094
AOI-0074,2025-06-01,0.3235614667
AOI-0074,2025-06-10,0.6246394642
AOI-0074,2025-07-06,0.7971369857
AOI-0074,2025-07-16,0.6644337980
AOI-0074,2025-08-05,0.6510998366
AOI-0074,2025-08-19,0.4810461645
AOI-0074,2025-09-08,0.2510234749
AOI-0074,2025-09-22,0.2928823228
AOI-0074,2025-10-01,0.2278719114
AOI-0074,2025-10-26,0.2459755594
AOI-0075,2025-04-07,0.3111989749
AOI-0075,2025-04-12,0.2242239610
AOI-0075,2025-07-12,0.6174739360
AOI-0075,2025-07-18,0.5454156679
AOI-0075,2025-08-21,0.4933655042
AOI-0075,2025-08-30,0.4442074914
AOI-0075,2025-09-08,0.3995541463
AOI-0075,2025-09-16,0.3059243367
AOI-0075,2025-09-21,0.2796704974
AOI-0075,2025-10-29,0.3168526247
AOI-0076,2025-04-19,0.2214314090
AOI-0076,2025-05-01,0.2453416075
AOI-0076,2025-05-11,0.2501226193
AOI-0076,2025-05-25,0.4814869300
AOI-0076,2025-07-10,0.8119048412
AOI-0076,2025-07-31,0.7177290647
AOI-0076,2025-08-21,0.4421021599
AOI-0076,2025-08-27,0.3345035107
AOI-0076,2025-09-01,0.3142191721
AOI-0076,2025-09-21,0.2502259576
AOI-0076,2025-09-22,0.2969798852
AOI-0076,2025-10-01,0.2365298537
AOI-0076,2025-10-04,0.2319951185
AOI-0077,2025-05-09,0.7852411377
AOI-0077,2025-06-06,0.6479577417
AOI-0077,2025-06-21,0.4213474247
AOI-0077,2025-07-12,0.3254423876
AOI-0077,2025-08-22,0.1805963851
AOI-0077,2025-08-27,0.1674622673
AOI-0077,2025-08-30,0.2234686327
AOI-0077,2025-09-11,0.1753237823
AOI-0077,2025-09-22,0.2503448953
AOI-0078,2025-05-02,0.7780033179
AOI-0078,2025-05-25,0.7968078177
AOI-0078,2025-06-01,0.6159271174
AOI-0078,2025-06-03,0.6712533590
AOI-0078,2025-06-06,0.6761045677
AOI-0078,2025-06-10,0.5731472563
AOI-0078,2025-07-04,0.3251456310
AOI-0078,2025-07-10,0.1700971902
AOI-0078,2025-07-11,0.1748686453
AOI-0078,2025-07-13,0.1666878242
AOI-0078,2025-08-10,0.1549787246
AOI-0078,2025-08-15,0.1854098427
AOI-0078,2025-09-08,0.1530158650
AOI-0078,2025-10-04,0.2082920084
